ISO-10303-21;
HEADER;
/* Generated by software containing ST-Developer
 * from STEP Tools, Inc. (www.steptools.com) 
 */
/* OPTION: using custom schema-name function */

FILE_DESCRIPTION(
/* description */ (''),
/* implementation_level */ '2;1');

FILE_NAME(
/* name */ 'StegKette_StdGlied_02',
/* time_stamp */ '2024-09-03T09:50:11+02:00',
/* author */ (''),
/* organization */ (''),
/* preprocessor_version */ 'ST-DEVELOPER v15',
/* originating_system */ '',
/* authorisation */ '');

FILE_SCHEMA (('AUTOMOTIVE_DESIGN'));
ENDSEC;

DATA;
#10=SHAPE_REPRESENTATION_RELATIONSHIP('','',#334,#22);
#11=COLOUR_RGB('',0.784313725490196,0.,0.);
#12=FILL_AREA_STYLE_COLOUR('',#11);
#13=FILL_AREA_STYLE('',(#12));
#14=SURFACE_STYLE_FILL_AREA(#13);
#15=SURFACE_SIDE_STYLE('',(#14));
#16=SURFACE_STYLE_USAGE(.BOTH.,#15);
#17=MECHANICAL_DESIGN_GEOMETRIC_PRESENTATION_REPRESENTATION('',(#19),#333);
#18=PRESENTATION_STYLE_ASSIGNMENT((#16));
#19=STYLED_ITEM('',(#18),#21);
#20=PRESENTATION_LAYER_ASSIGNMENT('StdGlied','',(#21));
#21=MANIFOLD_SOLID_BREP('brep_1',#23);
#22=ADVANCED_BREP_SHAPE_REPRESENTATION('brep_rep_0',(#21,#336),#333);
#23=CLOSED_SHELL('',(#24,#25,#26,#27,#28,#29,#30,#31,#32,#33,#34,#35,#36,
#37,#38,#39,#40,#41));
#24=ADVANCED_FACE('',(#42),#298,.T.);
#25=ADVANCED_FACE('',(#43),#299,.T.);
#26=ADVANCED_FACE('',(#44),#300,.T.);
#27=ADVANCED_FACE('',(#45),#301,.T.);
#28=ADVANCED_FACE('',(#46),#302,.T.);
#29=ADVANCED_FACE('',(#47),#303,.T.);
#30=ADVANCED_FACE('',(#48),#304,.T.);
#31=ADVANCED_FACE('',(#49),#305,.T.);
#32=ADVANCED_FACE('',(#50),#306,.T.);
#33=ADVANCED_FACE('',(#51),#307,.T.);
#34=ADVANCED_FACE('',(#52),#308,.T.);
#35=ADVANCED_FACE('',(#53),#309,.T.);
#36=ADVANCED_FACE('',(#54),#310,.T.);
#37=ADVANCED_FACE('',(#55),#311,.T.);
#38=ADVANCED_FACE('',(#56),#312,.T.);
#39=ADVANCED_FACE('',(#57),#313,.T.);
#40=ADVANCED_FACE('',(#58),#314,.T.);
#41=ADVANCED_FACE('',(#59),#315,.T.);
#42=FACE_OUTER_BOUND('',#60,.T.);
#43=FACE_OUTER_BOUND('',#61,.T.);
#44=FACE_OUTER_BOUND('',#62,.T.);
#45=FACE_OUTER_BOUND('',#63,.T.);
#46=FACE_OUTER_BOUND('',#64,.T.);
#47=FACE_OUTER_BOUND('',#65,.T.);
#48=FACE_OUTER_BOUND('',#66,.T.);
#49=FACE_OUTER_BOUND('',#67,.T.);
#50=FACE_OUTER_BOUND('',#68,.T.);
#51=FACE_OUTER_BOUND('',#69,.T.);
#52=FACE_OUTER_BOUND('',#70,.T.);
#53=FACE_OUTER_BOUND('',#71,.T.);
#54=FACE_OUTER_BOUND('',#72,.T.);
#55=FACE_OUTER_BOUND('',#73,.T.);
#56=FACE_OUTER_BOUND('',#74,.T.);
#57=FACE_OUTER_BOUND('',#75,.T.);
#58=FACE_OUTER_BOUND('',#76,.T.);
#59=FACE_OUTER_BOUND('',#77,.T.);
#60=EDGE_LOOP('',(#78,#79,#80,#81));
#61=EDGE_LOOP('',(#82,#83,#84,#85));
#62=EDGE_LOOP('',(#86,#87,#88,#89,#90,#91,#92,#93));
#63=EDGE_LOOP('',(#94,#95,#96,#97,#98,#99));
#64=EDGE_LOOP('',(#100,#101,#102,#103,#104,#105,#106,#107));
#65=EDGE_LOOP('',(#108,#109,#110,#111));
#66=EDGE_LOOP('',(#112,#113,#114,#115,#116,#117));
#67=EDGE_LOOP('',(#118,#119,#120,#121,#122,#123));
#68=EDGE_LOOP('',(#124,#125,#126,#127));
#69=EDGE_LOOP('',(#128,#129,#130,#131));
#70=EDGE_LOOP('',(#132,#133,#134,#135));
#71=EDGE_LOOP('',(#136,#137,#138,#139));
#72=EDGE_LOOP('',(#140,#141,#142,#143));
#73=EDGE_LOOP('',(#144,#145,#146,#147));
#74=EDGE_LOOP('',(#148,#149,#150,#151));
#75=EDGE_LOOP('',(#152,#153,#154,#155,#156,#157,#158,#159));
#76=EDGE_LOOP('',(#160,#161,#162,#163,#164,#165,#166,#167));
#77=EDGE_LOOP('',(#168,#169,#170,#171,#172,#173));
#78=ORIENTED_EDGE('',*,*,#213,.T.);
#79=ORIENTED_EDGE('',*,*,#214,.T.);
#80=ORIENTED_EDGE('',*,*,#174,.F.);
#81=ORIENTED_EDGE('',*,*,#176,.T.);
#82=ORIENTED_EDGE('',*,*,#216,.T.);
#83=ORIENTED_EDGE('',*,*,#218,.T.);
#84=ORIENTED_EDGE('',*,*,#179,.F.);
#85=ORIENTED_EDGE('',*,*,#217,.F.);
#86=ORIENTED_EDGE('',*,*,#219,.T.);
#87=ORIENTED_EDGE('',*,*,#185,.T.);
#88=ORIENTED_EDGE('',*,*,#188,.T.);
#89=ORIENTED_EDGE('',*,*,#187,.T.);
#90=ORIENTED_EDGE('',*,*,#184,.F.);
#91=ORIENTED_EDGE('',*,*,#198,.T.);
#92=ORIENTED_EDGE('',*,*,#200,.T.);
#93=ORIENTED_EDGE('',*,*,#199,.T.);
#94=ORIENTED_EDGE('',*,*,#220,.T.);
#95=ORIENTED_EDGE('',*,*,#217,.T.);
#96=ORIENTED_EDGE('',*,*,#182,.F.);
#97=ORIENTED_EDGE('',*,*,#191,.F.);
#98=ORIENTED_EDGE('',*,*,#177,.F.);
#99=ORIENTED_EDGE('',*,*,#214,.F.);
#100=ORIENTED_EDGE('',*,*,#221,.T.);
#101=ORIENTED_EDGE('',*,*,#176,.F.);
#102=ORIENTED_EDGE('',*,*,#183,.F.);
#103=ORIENTED_EDGE('',*,*,#212,.F.);
#104=ORIENTED_EDGE('',*,*,#210,.F.);
#105=ORIENTED_EDGE('',*,*,#202,.F.);
#106=ORIENTED_EDGE('',*,*,#181,.F.);
#107=ORIENTED_EDGE('',*,*,#218,.F.);
#108=ORIENTED_EDGE('',*,*,#185,.F.);
#109=ORIENTED_EDGE('',*,*,#192,.T.);
#110=ORIENTED_EDGE('',*,*,#186,.T.);
#111=ORIENTED_EDGE('',*,*,#205,.F.);
#112=ORIENTED_EDGE('',*,*,#189,.F.);
#113=ORIENTED_EDGE('',*,*,#191,.T.);
#114=ORIENTED_EDGE('',*,*,#192,.F.);
#115=ORIENTED_EDGE('',*,*,#193,.F.);
#116=ORIENTED_EDGE('',*,*,#194,.F.);
#117=ORIENTED_EDGE('',*,*,#190,.F.);
#118=ORIENTED_EDGE('',*,*,#197,.F.);
#119=ORIENTED_EDGE('',*,*,#195,.T.);
#120=ORIENTED_EDGE('',*,*,#196,.F.);
#121=ORIENTED_EDGE('',*,*,#199,.F.);
#122=ORIENTED_EDGE('',*,*,#200,.F.);
#123=ORIENTED_EDGE('',*,*,#198,.F.);
#124=ORIENTED_EDGE('',*,*,#201,.F.);
#125=ORIENTED_EDGE('',*,*,#196,.T.);
#126=ORIENTED_EDGE('',*,*,#202,.T.);
#127=ORIENTED_EDGE('',*,*,#209,.F.);
#128=ORIENTED_EDGE('',*,*,#188,.F.);
#129=ORIENTED_EDGE('',*,*,#205,.T.);
#130=ORIENTED_EDGE('',*,*,#206,.T.);
#131=ORIENTED_EDGE('',*,*,#207,.F.);
#132=ORIENTED_EDGE('',*,*,#207,.T.);
#133=ORIENTED_EDGE('',*,*,#208,.T.);
#134=ORIENTED_EDGE('',*,*,#189,.T.);
#135=ORIENTED_EDGE('',*,*,#187,.F.);
#136=ORIENTED_EDGE('',*,*,#204,.F.);
#137=ORIENTED_EDGE('',*,*,#209,.T.);
#138=ORIENTED_EDGE('',*,*,#210,.T.);
#139=ORIENTED_EDGE('',*,*,#211,.F.);
#140=ORIENTED_EDGE('',*,*,#211,.T.);
#141=ORIENTED_EDGE('',*,*,#212,.T.);
#142=ORIENTED_EDGE('',*,*,#197,.T.);
#143=ORIENTED_EDGE('',*,*,#203,.F.);
#144=ORIENTED_EDGE('',*,*,#215,.T.);
#145=ORIENTED_EDGE('',*,*,#174,.T.);
#146=ORIENTED_EDGE('',*,*,#175,.T.);
#147=ORIENTED_EDGE('',*,*,#213,.F.);
#148=ORIENTED_EDGE('',*,*,#178,.F.);
#149=ORIENTED_EDGE('',*,*,#179,.T.);
#150=ORIENTED_EDGE('',*,*,#180,.T.);
#151=ORIENTED_EDGE('',*,*,#216,.F.);
#152=ORIENTED_EDGE('',*,*,#201,.T.);
#153=ORIENTED_EDGE('',*,*,#204,.T.);
#154=ORIENTED_EDGE('',*,*,#203,.T.);
#155=ORIENTED_EDGE('',*,*,#184,.T.);
#156=ORIENTED_EDGE('',*,*,#190,.T.);
#157=ORIENTED_EDGE('',*,*,#194,.T.);
#158=ORIENTED_EDGE('',*,*,#193,.T.);
#159=ORIENTED_EDGE('',*,*,#219,.F.);
#160=ORIENTED_EDGE('',*,*,#175,.F.);
#161=ORIENTED_EDGE('',*,*,#177,.T.);
#162=ORIENTED_EDGE('',*,*,#208,.F.);
#163=ORIENTED_EDGE('',*,*,#206,.F.);
#164=ORIENTED_EDGE('',*,*,#186,.F.);
#165=ORIENTED_EDGE('',*,*,#182,.T.);
#166=ORIENTED_EDGE('',*,*,#178,.T.);
#167=ORIENTED_EDGE('',*,*,#220,.F.);
#168=ORIENTED_EDGE('',*,*,#180,.F.);
#169=ORIENTED_EDGE('',*,*,#181,.T.);
#170=ORIENTED_EDGE('',*,*,#195,.F.);
#171=ORIENTED_EDGE('',*,*,#183,.T.);
#172=ORIENTED_EDGE('',*,*,#215,.F.);
#173=ORIENTED_EDGE('',*,*,#221,.F.);
#174=EDGE_CURVE('',#270,#271,#222,.T.);
#175=EDGE_CURVE('',#271,#295,#223,.T.);
#176=EDGE_CURVE('',#270,#294,#224,.T.);
#177=EDGE_CURVE('',#271,#275,#225,.T.);
#178=EDGE_CURVE('',#272,#296,#226,.T.);
#179=EDGE_CURVE('',#272,#273,#227,.T.);
#180=EDGE_CURVE('',#273,#297,#228,.T.);
#181=EDGE_CURVE('',#273,#277,#229,.T.);
#182=EDGE_CURVE('',#274,#272,#230,.T.);
#183=EDGE_CURVE('',#276,#270,#231,.T.);
#184=EDGE_CURVE('',#281,#278,#232,.T.);
#185=EDGE_CURVE('',#279,#289,#233,.T.);
#186=EDGE_CURVE('',#274,#290,#234,.T.);
#187=EDGE_CURVE('',#288,#278,#235,.T.);
#188=EDGE_CURVE('',#289,#288,#236,.T.);
#189=EDGE_CURVE('',#275,#278,#237,.T.);
#190=EDGE_CURVE('',#278,#283,#238,.T.);
#191=EDGE_CURVE('',#275,#274,#239,.T.);
#192=EDGE_CURVE('',#279,#274,#240,.T.);
#193=EDGE_CURVE('',#282,#279,#241,.T.);
#194=EDGE_CURVE('',#283,#282,#242,.T.);
#195=EDGE_CURVE('',#276,#277,#243,.T.);
#196=EDGE_CURVE('',#280,#277,#244,.T.);
#197=EDGE_CURVE('',#276,#281,#245,.T.);
#198=EDGE_CURVE('',#281,#287,#246,.T.);
#199=EDGE_CURVE('',#286,#280,#247,.T.);
#200=EDGE_CURVE('',#287,#286,#248,.T.);
#201=EDGE_CURVE('',#280,#285,#249,.T.);
#202=EDGE_CURVE('',#277,#292,#250,.T.);
#203=EDGE_CURVE('',#284,#281,#251,.T.);
#204=EDGE_CURVE('',#285,#284,#252,.T.);
#205=EDGE_CURVE('',#289,#290,#253,.T.);
#206=EDGE_CURVE('',#290,#291,#254,.T.);
#207=EDGE_CURVE('',#288,#291,#255,.T.);
#208=EDGE_CURVE('',#291,#275,#256,.T.);
#209=EDGE_CURVE('',#285,#292,#257,.T.);
#210=EDGE_CURVE('',#292,#293,#258,.T.);
#211=EDGE_CURVE('',#284,#293,#259,.T.);
#212=EDGE_CURVE('',#293,#276,#260,.T.);
#213=EDGE_CURVE('',#294,#295,#261,.T.);
#214=EDGE_CURVE('',#295,#271,#262,.T.);
#215=EDGE_CURVE('',#294,#270,#263,.T.);
#216=EDGE_CURVE('',#296,#297,#264,.T.);
#217=EDGE_CURVE('',#296,#272,#265,.T.);
#218=EDGE_CURVE('',#297,#273,#266,.T.);
#219=EDGE_CURVE('',#280,#279,#267,.T.);
#220=EDGE_CURVE('',#295,#296,#268,.T.);
#221=EDGE_CURVE('',#297,#294,#269,.T.);
#222=(
BOUNDED_CURVE()
B_SPLINE_CURVE(3,(#1824,#1825,#1826,#1827,#1828,#1829,#1830,#1831,#1832,
#1833,#1834,#1835,#1836,#1837,#1838,#1839,#1840,#1841,#1842,#1843,#1844,
#1845,#1846,#1847,#1848,#1849,#1850,#1851,#1852,#1853,#1854,#1855,#1856,
#1857),.UNSPECIFIED.,.F.,.F.)
B_SPLINE_CURVE_WITH_KNOTS((4,1,1,1,1,1,1,1,1,1,1,1,1,1,1,1,1,1,1,1,1,1,
1,1,1,1,1,1,1,1,1,4),(0.,16.8897052927262,25.5979655989883,34.4521796113049,
43.4267250615338,52.4936863471488,61.6233222828642,70.7846214068366,79.9459205308091,
89.0755564665243,98.1425177521393,107.117063202368,115.971277214685,124.679537520947,
133.218878656839,141.569242813673,149.919606970508,158.458948106399,167.167208412662,
176.021422424978,184.995967875207,194.062929160822,203.192565096537,212.35386422051,
221.515163344482,230.644799280198,239.711760565813,248.686306016041,257.540520028358,
266.24878033462,274.788121470512,283.138485627346),.UNSPECIFIED.)
CURVE()
GEOMETRIC_REPRESENTATION_ITEM()
RATIONAL_B_SPLINE_CURVE((1.,1.,1.,1.,1.,1.,1.,1.,1.,1.,1.,1.,1.,1.,0.999999999999999,
1.,1.,1.,1.,1.,1.,1.,1.,1.,1.,1.,1.,1.,1.,1.,1.,1.,1.,1.))
REPRESENTATION_ITEM('')
);
#223=(
BOUNDED_CURVE()
B_SPLINE_CURVE(2,(#1858,#1859,#1860,#1861,#1862),.UNSPECIFIED.,.F.,.F.)
B_SPLINE_CURVE_WITH_KNOTS((3,2,3),(0.,78.5398163397448,157.07963267949),
 .UNSPECIFIED.)
CURVE()
GEOMETRIC_REPRESENTATION_ITEM()
RATIONAL_B_SPLINE_CURVE((1.,0.707106781186548,1.,0.707106781186548,1.))
REPRESENTATION_ITEM('')
);
#224=(
BOUNDED_CURVE()
B_SPLINE_CURVE(2,(#1863,#1864,#1865,#1866,#1867),.UNSPECIFIED.,.F.,.F.)
B_SPLINE_CURVE_WITH_KNOTS((3,2,3),(-314.159265358979,-235.619449019234,
-157.07963267949),.UNSPECIFIED.)
CURVE()
GEOMETRIC_REPRESENTATION_ITEM()
RATIONAL_B_SPLINE_CURVE((1.,0.707106781186548,1.,0.707106781186548,1.))
REPRESENTATION_ITEM('')
);
#225=(
BOUNDED_CURVE()
B_SPLINE_CURVE(3,(#1868,#1869,#1870,#1871,#1872,#1873,#1874,#1875,#1876,
#1877),.UNSPECIFIED.,.F.,.F.)
B_SPLINE_CURVE_WITH_KNOTS((4,3,3,4),(0.,42.8970647830198,86.1196610915428,
125.248640581399),.UNSPECIFIED.)
CURVE()
GEOMETRIC_REPRESENTATION_ITEM()
RATIONAL_B_SPLINE_CURVE((1.,0.999999999999999,1.,1.,1.,1.,1.,1.,1.,1.))
REPRESENTATION_ITEM('')
);
#226=(
BOUNDED_CURVE()
B_SPLINE_CURVE(2,(#1878,#1879,#1880,#1881,#1882),.UNSPECIFIED.,.F.,.F.)
B_SPLINE_CURVE_WITH_KNOTS((3,2,3),(0.,78.5398163397448,157.07963267949),
 .UNSPECIFIED.)
CURVE()
GEOMETRIC_REPRESENTATION_ITEM()
RATIONAL_B_SPLINE_CURVE((1.,0.707106781186548,1.,0.707106781186548,1.))
REPRESENTATION_ITEM('')
);
#227=(
BOUNDED_CURVE()
B_SPLINE_CURVE(3,(#1883,#1884,#1885,#1886,#1887,#1888,#1889,#1890,#1891,
#1892,#1893,#1894,#1895,#1896,#1897,#1898,#1899,#1900,#1901,#1902,#1903,
#1904,#1905,#1906,#1907,#1908,#1909,#1910,#1911,#1912,#1913,#1914,#1915,
#1916),.UNSPECIFIED.,.F.,.F.)
B_SPLINE_CURVE_WITH_KNOTS((4,1,1,1,1,1,1,1,1,1,1,1,1,1,1,1,1,1,1,1,1,1,
1,1,1,1,1,1,1,1,1,4),(0.,16.8897308632227,25.5980049789218,34.4522333858684,
43.4267937219507,52.4937702760599,61.6234217424266,70.7847365303086,79.9460513181908,
89.0757027845574,98.1426793386666,107.117239674749,115.971468081696,124.679742197395,
133.219096479996,141.569473060617,149.919849641238,158.45920392384,167.167478039539,
176.021706446486,184.996266782568,194.063243336677,203.192894803044,212.354209590926,
221.515524378808,230.645175845175,239.712152399284,248.686712735366,257.540941142313,
266.249215258012,274.788569540614,283.138946121235),.UNSPECIFIED.)
CURVE()
GEOMETRIC_REPRESENTATION_ITEM()
RATIONAL_B_SPLINE_CURVE((1.,1.,1.,1.,1.,1.,1.,1.,1.,1.,1.,1.,1.,1.,1.,1.,
1.,1.,1.,1.,1.,1.,1.,1.,1.,1.,1.,1.,0.999999999999999,1.,1.,1.,1.,1.))
REPRESENTATION_ITEM('')
);
#228=(
BOUNDED_CURVE()
B_SPLINE_CURVE(2,(#1917,#1918,#1919,#1920,#1921),.UNSPECIFIED.,.F.,.F.)
B_SPLINE_CURVE_WITH_KNOTS((3,2,3),(0.,78.5398163397448,157.07963267949),
 .UNSPECIFIED.)
CURVE()
GEOMETRIC_REPRESENTATION_ITEM()
RATIONAL_B_SPLINE_CURVE((1.,0.707106781186548,1.,0.707106781186548,1.))
REPRESENTATION_ITEM('')
);
#229=(
BOUNDED_CURVE()
B_SPLINE_CURVE(3,(#1922,#1923,#1924,#1925,#1926,#1927,#1928,#1929,#1930,
#1931),.UNSPECIFIED.,.F.,.F.)
B_SPLINE_CURVE_WITH_KNOTS((4,3,3,4),(0.,42.8970647830198,86.1196610915427,
125.248423226127),.UNSPECIFIED.)
CURVE()
GEOMETRIC_REPRESENTATION_ITEM()
RATIONAL_B_SPLINE_CURVE((1.,0.999999999999999,1.,1.,1.,1.,1.,1.,1.,1.))
REPRESENTATION_ITEM('')
);
#230=(
BOUNDED_CURVE()
B_SPLINE_CURVE(3,(#1932,#1933,#1934,#1935,#1936,#1937,#1938,#1939,#1940,
#1941),.UNSPECIFIED.,.F.,.F.)
B_SPLINE_CURVE_WITH_KNOTS((4,3,3,4),(220.982667084274,260.110619387312,
303.333215695835,346.230280478855),.UNSPECIFIED.)
CURVE()
GEOMETRIC_REPRESENTATION_ITEM()
RATIONAL_B_SPLINE_CURVE((1.,1.,1.,1.,1.,1.,1.,1.,0.999999999999999,1.))
REPRESENTATION_ITEM('')
);
#231=(
BOUNDED_CURVE()
B_SPLINE_CURVE(3,(#1942,#1943,#1944,#1945,#1946,#1947,#1948,#1949,#1950,
#1951),.UNSPECIFIED.,.F.,.F.)
B_SPLINE_CURVE_WITH_KNOTS((4,3,3,4),(220.982481708656,260.110619387312,
303.333215695835,346.230280478855),.UNSPECIFIED.)
CURVE()
GEOMETRIC_REPRESENTATION_ITEM()
RATIONAL_B_SPLINE_CURVE((1.,1.,1.,1.,1.,1.,1.,0.999999999999999,0.999999999999999,
1.))
REPRESENTATION_ITEM('')
);
#232=(
BOUNDED_CURVE()
B_SPLINE_CURVE(2,(#1952,#1953,#1954),.UNSPECIFIED.,.F.,.F.)
B_SPLINE_CURVE_WITH_KNOTS((3,3),(48.6928625544295,198.90084186349),
 .UNSPECIFIED.)
CURVE()
GEOMETRIC_REPRESENTATION_ITEM()
RATIONAL_B_SPLINE_CURVE((1.,0.973417504621559,1.))
REPRESENTATION_ITEM('')
);
#233=(
BOUNDED_CURVE()
B_SPLINE_CURVE(3,(#1955,#1956,#1957,#1958),.UNSPECIFIED.,.F.,.F.)
B_SPLINE_CURVE_WITH_KNOTS((4,4),(-1.29674049276218E-13,4.86693727483599),
 .UNSPECIFIED.)
CURVE()
GEOMETRIC_REPRESENTATION_ITEM()
RATIONAL_B_SPLINE_CURVE((1.,1.,1.,1.))
REPRESENTATION_ITEM('')
);
#234=(
BOUNDED_CURVE()
B_SPLINE_CURVE(3,(#1959,#1960,#1961,#1962),.UNSPECIFIED.,.F.,.F.)
B_SPLINE_CURVE_WITH_KNOTS((4,4),(-1.03327084793192E-13,4.86693731657886),
 .UNSPECIFIED.)
CURVE()
GEOMETRIC_REPRESENTATION_ITEM()
RATIONAL_B_SPLINE_CURVE((1.,1.,1.,1.))
REPRESENTATION_ITEM('')
);
#235=(
BOUNDED_CURVE()
B_SPLINE_CURVE(3,(#1963,#1964,#1965,#1966),.UNSPECIFIED.,.F.,.F.)
B_SPLINE_CURVE_WITH_KNOTS((4,4),(131.772528220233,136.639464125246),
 .UNSPECIFIED.)
CURVE()
GEOMETRIC_REPRESENTATION_ITEM()
RATIONAL_B_SPLINE_CURVE((1.,1.,0.999999999999999,1.))
REPRESENTATION_ITEM('')
);
#236=(
BOUNDED_CURVE()
B_SPLINE_CURVE(3,(#1967,#1968,#1969,#1970,#1971,#1972,#1973,#1974,#1975,
#1976,#1977,#1978,#1979,#1980,#1981,#1982,#1983,#1984,#1985,#1986,#1987,
#1988,#1989,#1990,#1991,#1992,#1993,#1994,#1995),.UNSPECIFIED.,.F.,.F.)
B_SPLINE_CURVE_WITH_KNOTS((4,1,1,1,1,1,1,1,1,1,1,1,1,1,1,1,1,1,1,1,1,1,
1,1,1,1,4),(4.86693727483599,12.0551086448864,19.4508500765516,27.5514614063109,
35.7880738091481,40.0232453002484,44.5409707858849,50.0458415227037,60.9680416345483,
66.4154968081478,68.3200158175431,70.224496089162,75.6718413614555,81.1328320203406,
86.5938226792258,89.3462026963595,92.0985827134931,96.6162170352223,98.7338024944982,
100.851387953774,104.969694255335,109.088000556896,117.188612061362,120.88648292976,
124.584353798157,128.178441009195,131.772528220233),.UNSPECIFIED.)
CURVE()
GEOMETRIC_REPRESENTATION_ITEM()
RATIONAL_B_SPLINE_CURVE((1.,1.,0.999999999999999,1.,0.999999999999997,0.999999999999998,
1.,1.,0.999999999999999,1.,1.,0.999999999999999,1.,1.,0.999999999999999,
1.,1.,0.999999999999999,0.999999999999999,1.,0.999999999999999,0.999999999999999,
1.,0.999999999999998,1.,0.999999999999999,1.,1.,1.))
REPRESENTATION_ITEM('')
);
#237=(
BOUNDED_CURVE()
B_SPLINE_CURVE(2,(#1996,#1997,#1998),.UNSPECIFIED.,.F.,.F.)
B_SPLINE_CURVE_WITH_KNOTS((3,3),(0.,9.08118168759955),.UNSPECIFIED.)
CURVE()
GEOMETRIC_REPRESENTATION_ITEM()
RATIONAL_B_SPLINE_CURVE((1.,0.758954927413747,1.))
REPRESENTATION_ITEM('')
);
#238=(
BOUNDED_CURVE()
B_SPLINE_CURVE(3,(#1999,#2000,#2001,#2002),.UNSPECIFIED.,.F.,.F.)
B_SPLINE_CURVE_WITH_KNOTS((4,4),(-1.63424829224823E-13,4.86693476531427),
 .UNSPECIFIED.)
CURVE()
GEOMETRIC_REPRESENTATION_ITEM()
RATIONAL_B_SPLINE_CURVE((1.,0.999999999999999,1.,1.))
REPRESENTATION_ITEM('')
);
#239=(
BOUNDED_CURVE()
B_SPLINE_CURVE(3,(#2003,#2004,#2005,#2006,#2007,#2008,#2009,#2010,#2011,
#2012,#2013,#2014,#2015,#2016,#2017,#2018,#2019,#2020,#2021,#2022,#2023,
#2024,#2025,#2026,#2027,#2028,#2029,#2030,#2031,#2032,#2033,#2034,#2035,
#2036,#2037),.UNSPECIFIED.,.F.,.F.)
B_SPLINE_CURVE_WITH_KNOTS((4,3,1,1,1,1,1,1,1,1,1,1,1,1,1,1,1,1,1,1,1,1,
1,1,1,1,1,3,4),(-1.63426470717775E-13,4.86693476531426,12.0551092179115,
19.4508509861096,27.5514625249717,35.7880751630666,40.023245369701,44.5408804405128,
50.045640498154,60.9676218622997,66.4149671577348,68.3194474374286,70.2239664548983,
75.6714216516406,81.1325217307512,86.5936218098618,89.3460571899582,92.0984925700545,
96.6162173449653,98.7338034644612,100.851389583957,104.969695802862,109.088002021768,
117.188613385922,120.886484117457,124.584354848991,128.178440549277,131.772526249563,
136.639463545064),.UNSPECIFIED.)
CURVE()
GEOMETRIC_REPRESENTATION_ITEM()
RATIONAL_B_SPLINE_CURVE((1.,0.999999999999999,1.,1.,1.,0.999999999999999,
1.,1.,1.,0.999999999999999,1.,1.,1.,1.,1.,0.999999999999999,1.,0.999999999999998,
1.,0.999999999999999,1.,1.,1.,0.999999999999999,0.999999999999999,1.,0.999999999999999,
0.999999999999998,1.,0.999999999999999,1.,1.,1.,1.,1.))
REPRESENTATION_ITEM('')
);
#240=(
BOUNDED_CURVE()
B_SPLINE_CURVE(2,(#2038,#2039,#2040),.UNSPECIFIED.,.F.,.F.)
B_SPLINE_CURVE_WITH_KNOTS((3,3),(0.,9.08118168759955),.UNSPECIFIED.)
CURVE()
GEOMETRIC_REPRESENTATION_ITEM()
RATIONAL_B_SPLINE_CURVE((1.,0.758954905148983,1.))
REPRESENTATION_ITEM('')
);
#241=(
BOUNDED_CURVE()
B_SPLINE_CURVE(3,(#2041,#2042,#2043,#2044),.UNSPECIFIED.,.F.,.F.)
B_SPLINE_CURVE_WITH_KNOTS((4,4),(131.772526249563,136.639463545064),
 .UNSPECIFIED.)
CURVE()
GEOMETRIC_REPRESENTATION_ITEM()
RATIONAL_B_SPLINE_CURVE((1.,1.,1.,1.))
REPRESENTATION_ITEM('')
);
#242=(
BOUNDED_CURVE()
B_SPLINE_CURVE(3,(#2045,#2046,#2047,#2048,#2049,#2050,#2051,#2052,#2053,
#2054,#2055,#2056,#2057,#2058,#2059,#2060,#2061,#2062,#2063,#2064,#2065,
#2066,#2067,#2068,#2069,#2070,#2071,#2072,#2073),.UNSPECIFIED.,.F.,.F.)
B_SPLINE_CURVE_WITH_KNOTS((4,1,1,1,1,1,1,1,1,1,1,1,1,1,1,1,1,1,1,1,1,1,
1,1,1,1,4),(4.86693476531427,12.0551092179115,19.4508509861096,27.5514625249717,
35.7880751630666,40.023245369701,44.5408804405128,50.045640498154,60.9676218622997,
66.4149671577348,68.3194474374286,70.2239664548983,75.6714216516406,81.1325217307512,
86.5936218098618,89.3460571899582,92.0984925700545,96.6162173449653,98.7338034644612,
100.851389583957,104.969695802862,109.088002021768,117.188613385922,120.886484117457,
124.584354848991,128.178440549277,131.772526249563),.UNSPECIFIED.)
CURVE()
GEOMETRIC_REPRESENTATION_ITEM()
RATIONAL_B_SPLINE_CURVE((1.,1.,0.999999999999999,1.,1.,1.,0.999999999999999,
1.,1.,1.,1.,1.,0.999999999999999,1.,0.999999999999998,1.,0.999999999999999,
1.,1.,1.,0.999999999999999,0.999999999999999,1.,0.999999999999999,0.999999999999998,
1.,0.999999999999999,1.,1.))
REPRESENTATION_ITEM('')
);
#243=(
BOUNDED_CURVE()
B_SPLINE_CURVE(3,(#2074,#2075,#2076,#2077,#2078,#2079,#2080,#2081,#2082,
#2083,#2084,#2085,#2086,#2087,#2088,#2089,#2090,#2091,#2092,#2093,#2094,
#2095,#2096,#2097,#2098,#2099,#2100,#2101,#2102,#2103,#2104),
 .UNSPECIFIED.,.F.,.F.)
B_SPLINE_CURVE_WITH_KNOTS((4,3,1,1,1,1,1,1,1,1,1,1,1,1,1,1,1,1,1,1,1,1,
1,3,4),(-5.54223333892878E-13,4.86693729399629,11.7628925512818,18.804337431627,
26.5692174465435,34.4650412058163,39.8812989126087,42.0720791073258,47.3844386573026,
52.6403706969931,57.9087394413167,63.1486152203708,68.3197316198736,73.4910432101008,
78.7309446962573,83.999248624449,89.255115872429,94.5674094964238,96.7581628843026,
102.174421175453,110.070245124109,117.835125306074,124.876570488272,131.772528783797,
136.639463544398),.UNSPECIFIED.)
CURVE()
GEOMETRIC_REPRESENTATION_ITEM()
RATIONAL_B_SPLINE_CURVE((1.,0.999999999999999,0.999999999999999,1.,0.999999999999998,
1.,1.,0.999999999999998,0.999999999999999,0.999999999999997,0.999999999999999,
1.,1.,1.,1.,1.,1.,1.,0.999999999999997,1.,0.999999999999999,1.,0.999999999999998,
0.999999999999999,0.999999999999998,0.999999999999999,1.,1.,1.,1.,1.))
REPRESENTATION_ITEM('')
);
#244=(
BOUNDED_CURVE()
B_SPLINE_CURVE(2,(#2105,#2106,#2107),.UNSPECIFIED.,.F.,.F.)
B_SPLINE_CURVE_WITH_KNOTS((3,3),(0.,9.08118168503248),.UNSPECIFIED.)
CURVE()
GEOMETRIC_REPRESENTATION_ITEM()
RATIONAL_B_SPLINE_CURVE((1.,0.758954927418537,1.))
REPRESENTATION_ITEM('')
);
#245=(
BOUNDED_CURVE()
B_SPLINE_CURVE(2,(#2108,#2109,#2110),.UNSPECIFIED.,.F.,.F.)
B_SPLINE_CURVE_WITH_KNOTS((3,3),(0.,9.08118168503248),.UNSPECIFIED.)
CURVE()
GEOMETRIC_REPRESENTATION_ITEM()
RATIONAL_B_SPLINE_CURVE((1.,0.758954905187738,1.))
REPRESENTATION_ITEM('')
);
#246=(
BOUNDED_CURVE()
B_SPLINE_CURVE(3,(#2111,#2112,#2113,#2114),.UNSPECIFIED.,.F.,.F.)
B_SPLINE_CURVE_WITH_KNOTS((4,4),(-5.43928982749412E-13,4.86693729399628),
 .UNSPECIFIED.)
CURVE()
GEOMETRIC_REPRESENTATION_ITEM()
RATIONAL_B_SPLINE_CURVE((1.,0.999999999999999,0.999999999999999,1.))
REPRESENTATION_ITEM('')
);
#247=(
BOUNDED_CURVE()
B_SPLINE_CURVE(3,(#2115,#2116,#2117,#2118),.UNSPECIFIED.,.F.,.F.)
B_SPLINE_CURVE_WITH_KNOTS((4,4),(131.772528783797,136.639463544398),
 .UNSPECIFIED.)
CURVE()
GEOMETRIC_REPRESENTATION_ITEM()
RATIONAL_B_SPLINE_CURVE((1.,1.,1.,1.))
REPRESENTATION_ITEM('')
);
#248=(
BOUNDED_CURVE()
B_SPLINE_CURVE(3,(#2119,#2120,#2121,#2122,#2123,#2124,#2125,#2126,#2127,
#2128,#2129,#2130,#2131,#2132,#2133,#2134,#2135,#2136,#2137,#2138,#2139,
#2140,#2141,#2142,#2143),.UNSPECIFIED.,.F.,.F.)
B_SPLINE_CURVE_WITH_KNOTS((4,1,1,1,1,1,1,1,1,1,1,1,1,1,1,1,1,1,1,1,1,1,
4),(4.86693729399628,11.7628925512818,18.8043374316271,26.5692174465435,
34.4650412058163,39.8812989126087,42.0720791073258,47.3844386573026,52.6403706969931,
57.9087394413167,63.1486152203708,68.3197316198736,73.4910432101008,78.7309446962573,
83.999248624449,89.255115872429,94.5674094964238,96.7581628843026,102.174421175453,
110.070245124109,117.835125306074,124.876570488272,131.772528783797),
 .UNSPECIFIED.)
CURVE()
GEOMETRIC_REPRESENTATION_ITEM()
RATIONAL_B_SPLINE_CURVE((1.,0.999999999999998,1.,1.,0.999999999999998,0.999999999999999,
0.999999999999997,0.999999999999999,1.,1.,1.,1.,1.,1.,1.,0.999999999999997,
1.,0.999999999999999,1.,0.999999999999998,0.999999999999999,0.999999999999998,
0.999999999999999,1.,1.))
REPRESENTATION_ITEM('')
);
#249=(
BOUNDED_CURVE()
B_SPLINE_CURVE(3,(#2144,#2145,#2146,#2147),.UNSPECIFIED.,.F.,.F.)
B_SPLINE_CURVE_WITH_KNOTS((4,4),(-8.5265128291212E-13,4.86693476060164),
 .UNSPECIFIED.)
CURVE()
GEOMETRIC_REPRESENTATION_ITEM()
RATIONAL_B_SPLINE_CURVE((1.,1.,1.,1.))
REPRESENTATION_ITEM('')
);
#250=(
BOUNDED_CURVE()
B_SPLINE_CURVE(3,(#2148,#2149,#2150,#2151),.UNSPECIFIED.,.F.,.F.)
B_SPLINE_CURVE_WITH_KNOTS((4,4),(-8.77521624960065E-13,4.8669347595724),
 .UNSPECIFIED.)
CURVE()
GEOMETRIC_REPRESENTATION_ITEM()
RATIONAL_B_SPLINE_CURVE((1.,1.,1.,1.))
REPRESENTATION_ITEM('')
);
#251=(
BOUNDED_CURVE()
B_SPLINE_CURVE(3,(#2152,#2153,#2154,#2155),.UNSPECIFIED.,.F.,.F.)
B_SPLINE_CURVE_WITH_KNOTS((4,4),(131.772526250402,136.639464124581),
 .UNSPECIFIED.)
CURVE()
GEOMETRIC_REPRESENTATION_ITEM()
RATIONAL_B_SPLINE_CURVE((1.,0.999999999999999,1.,1.))
REPRESENTATION_ITEM('')
);
#252=(
BOUNDED_CURVE()
B_SPLINE_CURVE(3,(#2156,#2157,#2158,#2159,#2160,#2161,#2162,#2163,#2164,
#2165,#2166,#2167,#2168,#2169,#2170,#2171,#2172,#2173,#2174,#2175,#2176,
#2177,#2178,#2179,#2180),.UNSPECIFIED.,.F.,.F.)
B_SPLINE_CURVE_WITH_KNOTS((4,1,1,1,1,1,1,1,1,1,1,1,1,1,1,1,1,1,1,1,1,1,
4),(4.86693476060164,11.762893056126,18.8043382383231,26.5692184202886,
34.4650423689442,39.8812993344598,42.0720540479739,47.3843476719685,52.6402149199487,
57.9085188481402,63.1483299601284,68.3193819393424,73.4907579498701,78.7307241030807,
83.9990928474043,89.2550248870948,94.5673844370719,96.758163306139,102.174422338581,
110.070246097854,117.83512611277,124.876570993116,131.772526250402),
 .UNSPECIFIED.)
CURVE()
GEOMETRIC_REPRESENTATION_ITEM()
RATIONAL_B_SPLINE_CURVE((1.,1.,0.999999999999999,1.,1.,0.999999999999999,
1.,1.,1.,1.,1.,1.,0.999999999999998,0.999999999999999,0.999999999999999,
1.,0.999999999999999,0.999999999999997,1.,0.999999999999998,1.,0.999999999999998,
1.,0.999999999999998,1.))
REPRESENTATION_ITEM('')
);
#253=(
BOUNDED_CURVE()
B_SPLINE_CURVE(2,(#2181,#2182,#2183),.UNSPECIFIED.,.F.,.F.)
B_SPLINE_CURVE_WITH_KNOTS((3,3),(0.,9.08118168754805),.UNSPECIFIED.)
CURVE()
GEOMETRIC_REPRESENTATION_ITEM()
RATIONAL_B_SPLINE_CURVE((1.,0.76243658154936,1.))
REPRESENTATION_ITEM('')
);
#254=(
BOUNDED_CURVE()
B_SPLINE_CURVE(3,(#2184,#2185,#2186,#2187,#2188,#2189,#2190,#2191,#2192,
#2193,#2194,#2195,#2196,#2197,#2198,#2199,#2200,#2201,#2202,#2203,#2204,
#2205,#2206,#2207,#2208,#2209,#2210,#2211,#2212),.UNSPECIFIED.,.F.,.F.)
B_SPLINE_CURVE_WITH_KNOTS((4,1,1,1,1,1,1,1,1,1,1,1,1,1,1,1,1,1,1,1,1,1,
1,1,1,1,4),(4.86693731657886,12.0551087472605,19.4508502417317,27.5514616402827,
35.7880741130667,40.0232456401328,44.5409711641346,50.0458419477017,60.9680421522995,
66.4154973721598,68.3200163977286,70.2244966855206,75.6718420040739,81.1328327093348,
86.5938234145956,89.346203455103,92.0985834956103,96.616217855704,98.7338033329628,
100.851388810222,104.969695146756,109.08800148329,117.188613056548,120.886483956349,
124.584354856149,128.178442097709,131.772529175491),.UNSPECIFIED.)
CURVE()
GEOMETRIC_REPRESENTATION_ITEM()
RATIONAL_B_SPLINE_CURVE((1.,1.,0.999999999999999,1.,0.999999999999997,0.999999999999998,
1.,1.,0.999999999999999,1.,1.,0.999999999999999,1.,1.,0.999999999999999,
1.,1.,0.999999999999999,0.999999999999999,1.,0.999999999999999,0.999999999999999,
1.,0.999999999999998,1.,0.999999999999999,1.,1.,1.))
REPRESENTATION_ITEM('')
);
#255=(
BOUNDED_CURVE()
B_SPLINE_CURVE(2,(#2213,#2214,#2215),.UNSPECIFIED.,.F.,.F.)
B_SPLINE_CURVE_WITH_KNOTS((3,3),(0.,9.08118166534392),.UNSPECIFIED.)
CURVE()
GEOMETRIC_REPRESENTATION_ITEM()
RATIONAL_B_SPLINE_CURVE((1.,0.762436600919224,1.))
REPRESENTATION_ITEM('')
);
#256=(
BOUNDED_CURVE()
B_SPLINE_CURVE(3,(#2216,#2217,#2218,#2219),.UNSPECIFIED.,.F.,.F.)
B_SPLINE_CURVE_WITH_KNOTS((4,4),(131.772529175491,136.639464125248),
 .UNSPECIFIED.)
CURVE()
GEOMETRIC_REPRESENTATION_ITEM()
RATIONAL_B_SPLINE_CURVE((1.,1.,0.999999999999999,1.))
REPRESENTATION_ITEM('')
);
#257=(
BOUNDED_CURVE()
B_SPLINE_CURVE(2,(#2220,#2221,#2222),.UNSPECIFIED.,.F.,.F.)
B_SPLINE_CURVE_WITH_KNOTS((3,3),(0.,9.0811816847936),.UNSPECIFIED.)
CURVE()
GEOMETRIC_REPRESENTATION_ITEM()
RATIONAL_B_SPLINE_CURVE((1.,0.762436599888986,1.))
REPRESENTATION_ITEM('')
);
#258=(
BOUNDED_CURVE()
B_SPLINE_CURVE(3,(#2223,#2224,#2225,#2226,#2227,#2228,#2229,#2230,#2231,
#2232,#2233,#2234,#2235,#2236,#2237,#2238,#2239,#2240,#2241,#2242,#2243,
#2244,#2245,#2246,#2247),.UNSPECIFIED.,.F.,.F.)
B_SPLINE_CURVE_WITH_KNOTS((4,1,1,1,1,1,1,1,1,1,1,1,1,1,1,1,1,1,1,1,1,1,
4),(4.8669347595724,11.762893056126,18.8043382383231,26.5692184202886,34.4650423689442,
39.8812993344598,42.072054047974,47.3843476719685,52.6402149199487,57.9085188481403,
63.1483299601285,68.3193819393424,73.4907579498702,78.7307241030807,83.9990928474043,
89.2550248870948,94.5673844370719,96.758163306139,102.174422338581,110.070246097854,
117.83512611277,124.876570993116,131.772526659405),.UNSPECIFIED.)
CURVE()
GEOMETRIC_REPRESENTATION_ITEM()
RATIONAL_B_SPLINE_CURVE((1.,1.,0.999999999999999,1.,1.,0.999999999999999,
1.,1.,1.,1.,1.,1.,0.999999999999998,0.999999999999999,0.999999999999999,
1.,0.999999999999999,0.999999999999997,1.,0.999999999999998,1.,0.999999999999998,
1.,0.999999999999998,1.))
REPRESENTATION_ITEM('')
);
#259=(
BOUNDED_CURVE()
B_SPLINE_CURVE(2,(#2248,#2249,#2250),.UNSPECIFIED.,.F.,.F.)
B_SPLINE_CURVE_WITH_KNOTS((3,3),(0.,9.0811816847936),.UNSPECIFIED.)
CURVE()
GEOMETRIC_REPRESENTATION_ITEM()
RATIONAL_B_SPLINE_CURVE((1.,0.762436581584213,1.))
REPRESENTATION_ITEM('')
);
#260=(
BOUNDED_CURVE()
B_SPLINE_CURVE(3,(#2251,#2252,#2253,#2254),.UNSPECIFIED.,.F.,.F.)
B_SPLINE_CURVE_WITH_KNOTS((4,4),(131.772526659405,136.639464124582),
 .UNSPECIFIED.)
CURVE()
GEOMETRIC_REPRESENTATION_ITEM()
RATIONAL_B_SPLINE_CURVE((1.,0.999999999999999,1.,1.))
REPRESENTATION_ITEM('')
);
#261=(
BOUNDED_CURVE()
B_SPLINE_CURVE(3,(#2255,#2256,#2257,#2258,#2259,#2260,#2261,#2262,#2263,
#2264,#2265,#2266,#2267,#2268,#2269,#2270,#2271,#2272,#2273,#2274,#2275,
#2276,#2277,#2278,#2279,#2280,#2281,#2282,#2283,#2284,#2285,#2286,#2287,
#2288),.UNSPECIFIED.,.F.,.F.)
B_SPLINE_CURVE_WITH_KNOTS((4,1,1,1,1,1,1,1,1,1,1,1,1,1,1,1,1,1,1,1,1,1,
1,1,1,1,1,1,1,1,1,4),(0.,16.8897052927262,25.5979655989883,34.4521796113049,
43.4267250615338,52.4936863471488,61.6233222828642,70.7846214068366,79.9459205308091,
89.0755564665243,98.1425177521393,107.117063202368,115.971277214685,124.679537520947,
133.218878656839,141.569242813673,149.919606970508,158.458948106399,167.167208412662,
176.021422424978,184.995967875207,194.062929160822,203.192565096537,212.35386422051,
221.515163344482,230.644799280198,239.711760565813,248.686306016041,257.540520028358,
266.24878033462,274.788121470512,283.138485627346),.UNSPECIFIED.)
CURVE()
GEOMETRIC_REPRESENTATION_ITEM()
RATIONAL_B_SPLINE_CURVE((1.,1.,1.,1.,1.,1.,1.,1.,1.,1.,1.,1.,1.,1.,0.999999999999999,
1.,1.,1.,1.,1.,1.,1.,1.,1.,1.,1.,1.,1.,1.,1.,1.,1.,1.,1.))
REPRESENTATION_ITEM('')
);
#262=(
BOUNDED_CURVE()
B_SPLINE_CURVE(2,(#2289,#2290,#2291,#2292,#2293),.UNSPECIFIED.,.F.,.F.)
B_SPLINE_CURVE_WITH_KNOTS((3,2,3),(157.07963267949,235.619449019234,314.159265358979),
 .UNSPECIFIED.)
CURVE()
GEOMETRIC_REPRESENTATION_ITEM()
RATIONAL_B_SPLINE_CURVE((1.,0.707106781186548,1.,0.707106781186548,1.))
REPRESENTATION_ITEM('')
);
#263=(
BOUNDED_CURVE()
B_SPLINE_CURVE(2,(#2294,#2295,#2296,#2297,#2298),.UNSPECIFIED.,.F.,.F.)
B_SPLINE_CURVE_WITH_KNOTS((3,2,3),(-157.07963267949,-78.5398163397448,0.),
 .UNSPECIFIED.)
CURVE()
GEOMETRIC_REPRESENTATION_ITEM()
RATIONAL_B_SPLINE_CURVE((1.,0.707106781186548,1.,0.707106781186548,1.))
REPRESENTATION_ITEM('')
);
#264=(
BOUNDED_CURVE()
B_SPLINE_CURVE(3,(#2299,#2300,#2301,#2302,#2303,#2304,#2305,#2306,#2307,
#2308,#2309,#2310,#2311,#2312,#2313,#2314,#2315,#2316,#2317,#2318,#2319,
#2320,#2321,#2322,#2323,#2324,#2325,#2326,#2327,#2328,#2329,#2330,#2331,
#2332),.UNSPECIFIED.,.F.,.F.)
B_SPLINE_CURVE_WITH_KNOTS((4,1,1,1,1,1,1,1,1,1,1,1,1,1,1,1,1,1,1,1,1,1,
1,1,1,1,1,1,1,1,1,4),(0.,16.8897308632227,25.5980049789218,34.4522333858684,
43.4267937219507,52.4937702760599,61.6234217424266,70.7847365303086,79.9460513181908,
89.0757027845574,98.1426793386666,107.117239674749,115.971468081696,124.679742197395,
133.219096479996,141.569473060617,149.919849641238,158.45920392384,167.167478039539,
176.021706446486,184.996266782568,194.063243336677,203.192894803044,212.354209590926,
221.515524378808,230.645175845175,239.712152399284,248.686712735366,257.540941142313,
266.249215258012,274.788569540614,283.138946121235),.UNSPECIFIED.)
CURVE()
GEOMETRIC_REPRESENTATION_ITEM()
RATIONAL_B_SPLINE_CURVE((1.,1.,1.,1.,1.,1.,1.,1.,1.,1.,1.,1.,1.,1.,1.,1.,
1.,1.,1.,1.,1.,1.,1.,1.,1.,1.,1.,1.,0.999999999999999,1.,1.,1.,1.,1.))
REPRESENTATION_ITEM('')
);
#265=(
BOUNDED_CURVE()
B_SPLINE_CURVE(2,(#2333,#2334,#2335,#2336,#2337),.UNSPECIFIED.,.F.,.F.)
B_SPLINE_CURVE_WITH_KNOTS((3,2,3),(157.07963267949,235.619449019234,314.159265358979),
 .UNSPECIFIED.)
CURVE()
GEOMETRIC_REPRESENTATION_ITEM()
RATIONAL_B_SPLINE_CURVE((1.,0.707106781186548,1.,0.707106781186548,1.))
REPRESENTATION_ITEM('')
);
#266=(
BOUNDED_CURVE()
B_SPLINE_CURVE(2,(#2338,#2339,#2340,#2341,#2342),.UNSPECIFIED.,.F.,.F.)
B_SPLINE_CURVE_WITH_KNOTS((3,2,3),(157.07963267949,235.619449019234,314.159265358979),
 .UNSPECIFIED.)
CURVE()
GEOMETRIC_REPRESENTATION_ITEM()
RATIONAL_B_SPLINE_CURVE((1.,0.707106781186548,1.,0.707106781186548,1.))
REPRESENTATION_ITEM('')
);
#267=(
BOUNDED_CURVE()
B_SPLINE_CURVE(2,(#2343,#2344,#2345),.UNSPECIFIED.,.F.,.F.)
B_SPLINE_CURVE_WITH_KNOTS((3,3),(48.692862287146,198.9008415965),
 .UNSPECIFIED.)
CURVE()
GEOMETRIC_REPRESENTATION_ITEM()
RATIONAL_B_SPLINE_CURVE((1.,0.973415986627575,1.))
REPRESENTATION_ITEM('')
);
#268=(
BOUNDED_CURVE()
B_SPLINE_CURVE(3,(#2346,#2347,#2348,#2349,#2350,#2351,#2352,#2353,#2354,
#2355,#2356),.UNSPECIFIED.,.F.,.F.)
B_SPLINE_CURVE_WITH_KNOTS((4,1,1,1,1,1,1,1,4),(0.,42.8970647830198,86.1196610915428,
129.562036041015,173.115140239427,216.66824443784,260.110619387312,303.333215695835,
346.230280478855),.UNSPECIFIED.)
CURVE()
GEOMETRIC_REPRESENTATION_ITEM()
RATIONAL_B_SPLINE_CURVE((1.,0.999999999999999,1.,0.999999999999999,1.,1.,
1.,1.,1.,0.999999999999999,1.))
REPRESENTATION_ITEM('')
);
#269=(
BOUNDED_CURVE()
B_SPLINE_CURVE(3,(#2357,#2358,#2359,#2360,#2361,#2362,#2363,#2364,#2365,
#2366,#2367,#2368,#2369,#2370,#2371,#2372,#2373,#2374,#2375,#2376,#2377,
#2378,#2379,#2380,#2381),.UNSPECIFIED.,.F.,.F.)
B_SPLINE_CURVE_WITH_KNOTS((4,3,3,3,3,3,3,3,4),(0.,42.8970647830198,86.1196610915427,
129.562036041015,173.115140239427,216.66824443784,260.110619387312,303.333215695835,
346.230280478855),.UNSPECIFIED.)
CURVE()
GEOMETRIC_REPRESENTATION_ITEM()
RATIONAL_B_SPLINE_CURVE((1.,0.999999999999999,1.,1.,1.,1.,1.,1.,1.,1.,1.,
1.,1.,1.,1.,1.,1.,1.,1.,1.,1.,1.,0.999999999999999,0.999999999999999,1.))
REPRESENTATION_ITEM('')
);
#270=VERTEX_POINT('',#1796);
#271=VERTEX_POINT('',#1797);
#272=VERTEX_POINT('',#1798);
#273=VERTEX_POINT('',#1799);
#274=VERTEX_POINT('',#1800);
#275=VERTEX_POINT('',#1801);
#276=VERTEX_POINT('',#1802);
#277=VERTEX_POINT('',#1803);
#278=VERTEX_POINT('',#1804);
#279=VERTEX_POINT('',#1805);
#280=VERTEX_POINT('',#1806);
#281=VERTEX_POINT('',#1807);
#282=VERTEX_POINT('',#1808);
#283=VERTEX_POINT('',#1809);
#284=VERTEX_POINT('',#1810);
#285=VERTEX_POINT('',#1811);
#286=VERTEX_POINT('',#1812);
#287=VERTEX_POINT('',#1813);
#288=VERTEX_POINT('',#1814);
#289=VERTEX_POINT('',#1815);
#290=VERTEX_POINT('',#1816);
#291=VERTEX_POINT('',#1817);
#292=VERTEX_POINT('',#1818);
#293=VERTEX_POINT('',#1819);
#294=VERTEX_POINT('',#1820);
#295=VERTEX_POINT('',#1821);
#296=VERTEX_POINT('',#1822);
#297=VERTEX_POINT('',#1823);
#298=(
BOUNDED_SURFACE()
B_SPLINE_SURFACE(3,2,((#342,#343,#344,#345,#346),(#347,#348,#349,#350,#351),
(#352,#353,#354,#355,#356),(#357,#358,#359,#360,#361),(#362,#363,#364,#365,
#366),(#367,#368,#369,#370,#371),(#372,#373,#374,#375,#376),(#377,#378,
#379,#380,#381),(#382,#383,#384,#385,#386),(#387,#388,#389,#390,#391),(#392,
#393,#394,#395,#396),(#397,#398,#399,#400,#401),(#402,#403,#404,#405,#406),
(#407,#408,#409,#410,#411),(#412,#413,#414,#415,#416),(#417,#418,#419,#420,
#421),(#422,#423,#424,#425,#426),(#427,#428,#429,#430,#431),(#432,#433,
#434,#435,#436),(#437,#438,#439,#440,#441),(#442,#443,#444,#445,#446),(#447,
#448,#449,#450,#451),(#452,#453,#454,#455,#456),(#457,#458,#459,#460,#461),
(#462,#463,#464,#465,#466),(#467,#468,#469,#470,#471),(#472,#473,#474,#475,
#476),(#477,#478,#479,#480,#481),(#482,#483,#484,#485,#486),(#487,#488,
#489,#490,#491),(#492,#493,#494,#495,#496),(#497,#498,#499,#500,#501),(#502,
#503,#504,#505,#506),(#507,#508,#509,#510,#511)),.UNSPECIFIED.,.F.,.F.,
 .F.)
B_SPLINE_SURFACE_WITH_KNOTS((4,1,1,1,1,1,1,1,1,1,1,1,1,1,1,1,1,1,1,1,1,
1,1,1,1,1,1,1,1,1,1,4),(3,2,3),(0.,16.8897052927262,25.5979655989883,34.4521796113049,
43.4267250615338,52.4936863471488,61.6233222828642,70.7846214068366,79.9459205308091,
89.0755564665243,98.1425177521393,107.117063202368,115.971277214685,124.679537520947,
133.218878656839,141.569242813673,149.919606970508,158.458948106399,167.167208412662,
176.021422424978,184.995967875207,194.062929160822,203.192565096537,212.35386422051,
221.515163344482,230.644799280198,239.711760565813,248.686306016041,257.540520028358,
266.24878033462,274.788121470512,283.138485627346),(157.07963267949,235.619449019234,
314.159265358979),.UNSPECIFIED.)
GEOMETRIC_REPRESENTATION_ITEM()
RATIONAL_B_SPLINE_SURFACE(((1.,0.707106781186548,1.,0.707106781186548,1.),
(1.,0.707106781186548,1.,0.707106781186548,1.),(1.,0.707106781186547,1.,
0.707106781186547,1.),(1.,0.707106781186548,1.,0.707106781186548,1.),(1.,
0.707106781186547,1.,0.707106781186547,1.),(1.,0.707106781186548,1.,0.707106781186548,
1.),(1.,0.707106781186548,1.,0.707106781186548,1.),(1.,0.707106781186547,
1.,0.707106781186547,1.),(1.,0.707106781186548,1.,0.707106781186548,1.),
(1.,0.707106781186547,1.,0.707106781186547,1.),(1.,0.707106781186548,1.,
0.707106781186548,1.),(1.,0.707106781186548,1.,0.707106781186548,1.),(1.,
0.707106781186547,1.,0.707106781186547,1.),(1.,0.707106781186548,1.,0.707106781186548,
1.),(0.999999999999999,0.707106781186547,0.999999999999999,0.707106781186547,
0.999999999999999),(1.,0.707106781186547,1.,0.707106781186547,1.),(1.,0.707106781186547,
1.,0.707106781186547,1.),(1.,0.707106781186548,1.,0.707106781186548,1.),
(1.,0.707106781186548,1.,0.707106781186548,1.),(1.,0.707106781186548,1.,
0.707106781186548,1.),(1.,0.707106781186548,1.,0.707106781186548,1.),(1.,
0.707106781186547,1.,0.707106781186547,1.),(1.,0.707106781186548,1.,0.707106781186548,
1.),(1.,0.707106781186548,1.,0.707106781186548,1.),(1.,0.707106781186548,
1.,0.707106781186548,1.),(1.,0.707106781186548,1.,0.707106781186548,1.),
(1.,0.707106781186548,1.,0.707106781186548,1.),(1.,0.707106781186548,1.,
0.707106781186548,1.),(1.,0.707106781186548,1.,0.707106781186548,1.),(1.,
0.707106781186547,1.,0.707106781186547,1.),(1.,0.707106781186548,1.,0.707106781186548,
1.),(1.,0.707106781186547,1.,0.707106781186547,1.),(1.,0.707106781186548,
1.,0.707106781186548,1.),(1.,0.707106781186548,1.,0.707106781186548,1.)))
REPRESENTATION_ITEM('')
SURFACE()
);
#299=(
BOUNDED_SURFACE()
B_SPLINE_SURFACE(3,2,((#512,#513,#514,#515,#516),(#517,#518,#519,#520,#521),
(#522,#523,#524,#525,#526),(#527,#528,#529,#530,#531),(#532,#533,#534,#535,
#536),(#537,#538,#539,#540,#541),(#542,#543,#544,#545,#546),(#547,#548,
#549,#550,#551),(#552,#553,#554,#555,#556),(#557,#558,#559,#560,#561),(#562,
#563,#564,#565,#566),(#567,#568,#569,#570,#571),(#572,#573,#574,#575,#576),
(#577,#578,#579,#580,#581),(#582,#583,#584,#585,#586),(#587,#588,#589,#590,
#591),(#592,#593,#594,#595,#596),(#597,#598,#599,#600,#601),(#602,#603,
#604,#605,#606),(#607,#608,#609,#610,#611),(#612,#613,#614,#615,#616),(#617,
#618,#619,#620,#621),(#622,#623,#624,#625,#626),(#627,#628,#629,#630,#631),
(#632,#633,#634,#635,#636),(#637,#638,#639,#640,#641),(#642,#643,#644,#645,
#646),(#647,#648,#649,#650,#651),(#652,#653,#654,#655,#656),(#657,#658,
#659,#660,#661),(#662,#663,#664,#665,#666),(#667,#668,#669,#670,#671),(#672,
#673,#674,#675,#676),(#677,#678,#679,#680,#681)),.UNSPECIFIED.,.F.,.F.,
 .F.)
B_SPLINE_SURFACE_WITH_KNOTS((4,1,1,1,1,1,1,1,1,1,1,1,1,1,1,1,1,1,1,1,1,
1,1,1,1,1,1,1,1,1,1,4),(3,2,3),(0.,16.8897308632227,25.5980049789218,34.4522333858684,
43.4267937219507,52.4937702760599,61.6234217424266,70.7847365303086,79.9460513181908,
89.0757027845574,98.1426793386666,107.117239674749,115.971468081696,124.679742197395,
133.219096479996,141.569473060617,149.919849641238,158.45920392384,167.167478039539,
176.021706446486,184.996266782568,194.063243336677,203.192894803044,212.354209590926,
221.515524378808,230.645175845175,239.712152399284,248.686712735366,257.540941142313,
266.249215258012,274.788569540614,283.138946121235),(157.07963267949,235.619449019234,
314.159265358979),.UNSPECIFIED.)
GEOMETRIC_REPRESENTATION_ITEM()
RATIONAL_B_SPLINE_SURFACE(((1.,0.707106781186548,1.,0.707106781186548,1.),
(1.,0.707106781186549,1.,0.707106781186549,1.),(1.,0.707106781186547,1.,
0.707106781186547,1.),(1.,0.707106781186548,1.,0.707106781186548,1.),(1.,
0.707106781186547,1.,0.707106781186547,1.),(1.,0.707106781186548,1.,0.707106781186548,
1.),(1.,0.707106781186548,1.,0.707106781186548,1.),(1.,0.707106781186547,
1.,0.707106781186547,1.),(1.,0.707106781186548,1.,0.707106781186548,1.),
(1.,0.707106781186548,1.,0.707106781186548,1.),(1.,0.707106781186547,1.,
0.707106781186547,1.),(1.,0.707106781186548,1.,0.707106781186548,1.),(1.,
0.707106781186548,1.,0.707106781186548,1.),(1.,0.707106781186547,1.,0.707106781186547,
1.),(1.,0.707106781186548,1.,0.707106781186548,1.),(1.,0.707106781186547,
1.,0.707106781186547,1.),(1.,0.707106781186548,1.,0.707106781186548,1.),
(1.,0.707106781186548,1.,0.707106781186548,1.),(1.,0.707106781186547,1.,
0.707106781186547,1.),(1.,0.707106781186548,1.,0.707106781186548,1.),(1.,
0.707106781186548,1.,0.707106781186548,1.),(1.,0.707106781186547,1.,0.707106781186547,
1.),(1.,0.707106781186547,1.,0.707106781186547,1.),(1.,0.707106781186548,
1.,0.707106781186548,1.),(1.,0.707106781186547,1.,0.707106781186547,1.),
(1.,0.707106781186548,1.,0.707106781186548,1.),(1.,0.707106781186547,1.,
0.707106781186547,1.),(1.,0.707106781186548,1.,0.707106781186548,1.),(0.999999999999999,
0.707106781186547,0.999999999999999,0.707106781186547,0.999999999999999),
(1.,0.707106781186548,1.,0.707106781186548,1.),(1.,0.707106781186548,1.,
0.707106781186548,1.),(1.,0.707106781186548,1.,0.707106781186548,1.),(1.,
0.707106781186548,1.,0.707106781186548,1.),(1.,0.707106781186548,1.,0.707106781186548,
1.)))
REPRESENTATION_ITEM('')
SURFACE()
);
#300=(
BOUNDED_SURFACE()
B_SPLINE_SURFACE(2,2,((#682,#683,#684,#685,#686,#687,#688,#689,#690,#691,
#692),(#693,#694,#695,#696,#697,#698,#699,#700,#701,#702,#703),(#704,#705,
#706,#707,#708,#709,#710,#711,#712,#713,#714),(#715,#716,#717,#718,#719,
#720,#721,#722,#723,#724,#725),(#726,#727,#728,#729,#730,#731,#732,#733,
#734,#735,#736)),.UNSPECIFIED.,.F.,.F.,.F.)
B_SPLINE_SURFACE_WITH_KNOTS((3,2,3),(3,2,2,2,2,3),(0.,61.1953500588515,
122.390700117703),(0.,35.8330595554842,48.4506051754109,199.143098975696,
211.760644595623,247.593704151107),.UNSPECIFIED.)
GEOMETRIC_REPRESENTATION_ITEM()
RATIONAL_B_SPLINE_SURFACE(((1.,0.963653926043437,1.,0.807510351940383,1.,
0.973246507770122,1.,0.807510351940384,1.,0.963653926043437,1.),(0.707106781186548,
0.681406225822354,0.707106781186548,0.57099604573538,0.707106781186548,
0.688189205410379,0.707106781186548,0.570996045735381,0.707106781186548,
0.681406225822354,0.707106781186548),(1.,0.963653926043437,1.,0.807510351940383,
1.,0.973246507770122,1.,0.807510351940384,1.,0.963653926043437,1.),(0.707106781186548,
0.681406225822354,0.707106781186548,0.57099604573538,0.707106781186548,
0.688189205410379,0.707106781186548,0.570996045735381,0.707106781186548,
0.681406225822354,0.707106781186548),(1.,0.963653926043437,1.,0.807510351940383,
1.,0.973246507770122,1.,0.807510351940384,1.,0.963653926043437,1.)))
REPRESENTATION_ITEM('')
SURFACE()
);
#301=(
BOUNDED_SURFACE()
B_SPLINE_SURFACE(3,2,((#737,#738,#739,#740,#741),(#742,#743,#744,#745,#746),
(#747,#748,#749,#750,#751),(#752,#753,#754,#755,#756),(#757,#758,#759,#760,
#761),(#762,#763,#764,#765,#766),(#767,#768,#769,#770,#771),(#772,#773,
#774,#775,#776),(#777,#778,#779,#780,#781),(#782,#783,#784,#785,#786),(#787,
#788,#789,#790,#791)),.UNSPECIFIED.,.F.,.F.,.F.)
B_SPLINE_SURFACE_WITH_KNOTS((4,1,1,1,1,1,1,1,4),(3,2,3),(0.,42.8970647830198,
86.1196610915428,129.562036041015,173.115140239427,216.66824443784,260.110619387312,
303.333215695835,346.230280478855),(157.07963267949,235.619449019234,314.159265358979),
 .UNSPECIFIED.)
GEOMETRIC_REPRESENTATION_ITEM()
RATIONAL_B_SPLINE_SURFACE(((1.,0.707106781186548,1.,0.707106781186548,1.),
(0.999999999999999,0.707106781186547,0.999999999999999,0.707106781186547,
0.999999999999999),(1.,0.707106781186548,1.,0.707106781186548,1.),(0.999999999999999,
0.707106781186547,0.999999999999999,0.707106781186547,0.999999999999999),
(1.,0.707106781186548,1.,0.707106781186548,1.),(1.,0.707106781186547,1.,
0.707106781186547,1.),(1.,0.707106781186547,1.,0.707106781186547,1.),(1.,
0.707106781186548,1.,0.707106781186548,1.),(1.,0.707106781186547,1.,0.707106781186547,
1.),(0.999999999999999,0.707106781186547,0.999999999999999,0.707106781186547,
0.999999999999999),(1.,0.707106781186548,1.,0.707106781186548,1.)))
REPRESENTATION_ITEM('')
SURFACE()
);
#302=(
BOUNDED_SURFACE()
B_SPLINE_SURFACE(3,2,((#792,#793,#794,#795,#796),(#797,#798,#799,#800,#801),
(#802,#803,#804,#805,#806),(#807,#808,#809,#810,#811),(#812,#813,#814,#815,
#816),(#817,#818,#819,#820,#821),(#822,#823,#824,#825,#826),(#827,#828,
#829,#830,#831),(#832,#833,#834,#835,#836),(#837,#838,#839,#840,#841),(#842,
#843,#844,#845,#846)),.UNSPECIFIED.,.F.,.F.,.F.)
B_SPLINE_SURFACE_WITH_KNOTS((4,1,1,1,1,1,1,1,4),(3,2,3),(0.,42.8970647830198,
86.1196610915427,129.562036041015,173.115140239427,216.66824443784,260.110619387312,
303.333215695835,346.230280478855),(157.07963267949,235.619449019234,314.159265358979),
 .UNSPECIFIED.)
GEOMETRIC_REPRESENTATION_ITEM()
RATIONAL_B_SPLINE_SURFACE(((1.,0.707106781186548,1.,0.707106781186548,1.),
(0.999999999999999,0.707106781186547,0.999999999999999,0.707106781186547,
0.999999999999999),(1.,0.707106781186547,1.,0.707106781186547,1.),(1.,0.707106781186548,
1.,0.707106781186548,1.),(1.,0.707106781186547,1.,0.707106781186547,1.),
(1.,0.707106781186548,1.,0.707106781186548,1.),(1.,0.707106781186547,1.,
0.707106781186547,1.),(1.,0.707106781186548,1.,0.707106781186548,1.),(1.,
0.707106781186548,1.,0.707106781186548,1.),(1.,0.707106781186547,1.,0.707106781186547,
1.),(1.,0.707106781186548,1.,0.707106781186548,1.)))
REPRESENTATION_ITEM('')
SURFACE()
);
#303=(
BOUNDED_SURFACE()
B_SPLINE_SURFACE(2,3,((#847,#848,#849,#850),(#851,#852,#853,#854),(#855,
#856,#857,#858)),.UNSPECIFIED.,.F.,.F.,.F.)
B_SPLINE_SURFACE_WITH_KNOTS((3,3),(4,4),(0.,9.0811816875996),(-1.29674049276218E-13,
4.86693729550139),.UNSPECIFIED.)
GEOMETRIC_REPRESENTATION_ITEM()
RATIONAL_B_SPLINE_SURFACE(((1.,1.,1.,1.),(0.758954905147873,0.758952456862356,
0.760136233420878,0.762436581546983),(1.,1.,1.,1.)))
REPRESENTATION_ITEM('')
SURFACE()
);
#304=(
BOUNDED_SURFACE()
B_SPLINE_SURFACE(2,3,((#859,#860,#861,#862,#863,#864,#865,#866,#867,#868,
#869,#870,#871,#872,#873,#874,#875,#876,#877,#878,#879,#880,#881,#882,#883,
#884,#885,#886,#887,#888,#889,#890,#891,#892,#893,#894,#895,#896),(#897,
#898,#899,#900,#901,#902,#903,#904,#905,#906,#907,#908,#909,#910,#911,#912,
#913,#914,#915,#916,#917,#918,#919,#920,#921,#922,#923,#924,#925,#926,#927,
#928,#929,#930,#931,#932,#933,#934),(#935,#936,#937,#938,#939,#940,#941,
#942,#943,#944,#945,#946,#947,#948,#949,#950,#951,#952,#953,#954,#955,#956,
#957,#958,#959,#960,#961,#962,#963,#964,#965,#966,#967,#968,#969,#970,#971,
#972)),.UNSPECIFIED.,.F.,.F.,.F.)
B_SPLINE_SURFACE_WITH_KNOTS((3,3),(4,3,3,1,1,1,1,1,1,1,1,1,1,1,1,1,1,1,
1,1,1,1,1,1,1,1,1,1,3,4),(0.,9.08118168759955),(-4.86692151111708,-1.58095758706622E-13,
4.86693476531428,12.0551092179115,19.4508509861096,27.5514625249717,35.7880751630666,
40.023245369701,44.5408804405128,50.045640498154,60.9676218622997,66.4149671577348,
68.3194474374286,70.2239664548983,75.6714216516406,81.1325217307512,86.5936218098618,
89.3460571899582,92.0984925700545,96.6162173449653,98.7338034644612,100.851389583957,
104.969695802862,109.088002021768,117.188613385922,120.886484117457,124.584354848991,
128.178440549277,131.772526249563,136.639463545064),.UNSPECIFIED.)
GEOMETRIC_REPRESENTATION_ITEM()
RATIONAL_B_SPLINE_SURFACE(((1.,1.,0.999999999999999,1.,0.999999999999999,
1.,1.,1.,0.999999999999999,1.,1.,1.,0.999999999999999,1.,1.,1.,1.,1.,0.999999999999999,
1.,0.999999999999998,1.,0.999999999999999,1.,1.,1.,0.999999999999999,0.999999999999999,
1.,0.999999999999999,0.999999999999998,1.,0.999999999999999,1.,1.,1.,1.,
1.),(0.762436599837574,0.760136256200352,0.758952477825344,0.758954927413747,
0.758952479130538,0.760136254338289,0.762436599893124,0.760579952594338,
0.754103116816145,0.738821614730594,0.720898229960599,0.703990020453626,
0.687799611626714,0.672783213481503,0.648878705347092,0.624576432120496,
0.61591815481624,0.615051910005272,0.615928203013451,0.621969462981312,
0.636712338133813,0.652017696092437,0.664486077981692,0.675681860782517,
0.685571946420894,0.694120850996376,0.701890468124043,0.710861063529231,
0.724006660565159,0.736023646414636,0.746778452963952,0.75352186716796,
0.758994853909641,0.761502145011058,0.76243658154698,0.760136233421614,
0.758952456860877,0.758954905148983),(1.,1.,0.999999999999999,1.,0.999999999999999,
1.,1.,1.,0.999999999999999,1.,1.,1.,0.999999999999999,1.,1.,1.,1.,1.,0.999999999999999,
1.,0.999999999999998,1.,0.999999999999999,1.,1.,1.,0.999999999999999,0.999999999999999,
1.,0.999999999999999,0.999999999999998,1.,0.999999999999999,1.,1.,1.,1.,
1.)))
REPRESENTATION_ITEM('')
SURFACE()
);
#305=(
BOUNDED_SURFACE()
B_SPLINE_SURFACE(2,3,((#973,#974,#975,#976,#977,#978,#979,#980,#981,#982,
#983,#984,#985,#986,#987,#988,#989,#990,#991,#992,#993,#994,#995,#996,#997,
#998,#999,#1000,#1001,#1002,#1003,#1004,#1005,#1006),(#1007,#1008,#1009,
#1010,#1011,#1012,#1013,#1014,#1015,#1016,#1017,#1018,#1019,#1020,#1021,
#1022,#1023,#1024,#1025,#1026,#1027,#1028,#1029,#1030,#1031,#1032,#1033,
#1034,#1035,#1036,#1037,#1038,#1039,#1040),(#1041,#1042,#1043,#1044,#1045,
#1046,#1047,#1048,#1049,#1050,#1051,#1052,#1053,#1054,#1055,#1056,#1057,
#1058,#1059,#1060,#1061,#1062,#1063,#1064,#1065,#1066,#1067,#1068,#1069,
#1070,#1071,#1072,#1073,#1074)),.UNSPECIFIED.,.F.,.F.,.F.)
B_SPLINE_SURFACE_WITH_KNOTS((3,3),(4,3,3,1,1,1,1,1,1,1,1,1,1,1,1,1,1,1,
1,1,1,1,1,1,3,4),(0.,9.08118168503248),(-4.86692403979344,-5.46229728115577E-13,
4.86693729399628,11.7628925512817,18.8043374316271,26.5692174465435,34.4650412058163,
39.8812989126087,42.0720791073259,47.3844386573026,52.6403706969932,57.9087394413167,
63.1486152203709,68.3197316198736,73.4910432101008,78.7309446962574,83.9992486244491,
89.255115872429,94.5674094964239,96.7581628843026,102.174421175453,110.070245124109,
117.835125306074,124.876570488272,131.772528783797,136.639463544398),
 .UNSPECIFIED.)
GEOMETRIC_REPRESENTATION_ITEM()
RATIONAL_B_SPLINE_SURFACE(((1.,0.999999999999999,1.,1.,0.999999999999999,
0.999999999999999,1.,0.999999999999998,1.,1.,0.999999999999998,0.999999999999999,
0.999999999999997,0.999999999999999,1.,1.,1.,1.,1.,1.,1.,0.999999999999997,
1.,0.999999999999999,1.,0.999999999999998,0.999999999999999,0.999999999999998,
0.999999999999999,1.,1.,1.,1.,1.),(0.762436581528669,0.760136235322018,
0.758952455596918,0.758954905187738,0.758952456902213,0.760136233459838,
0.762436581584218,0.760655121334996,0.754572921872862,0.740204707325227,
0.723158745708662,0.706138170810147,0.691643935244158,0.678432899373885,
0.664338697028455,0.646120874024492,0.629657512919928,0.618025412306521,
0.613837390176581,0.618026406095367,0.629657606211479,0.646122380980481,
0.664337077209749,0.678435541340949,0.691642825616377,0.706138870507139,
0.72315838176286,0.740204933017926,0.754572790480029,0.760655215174053,
0.762436599888984,0.76013625434002,0.758952479135969,0.758954927418537),
(1.,0.999999999999999,1.,1.,0.999999999999999,0.999999999999999,1.,0.999999999999998,
1.,1.,0.999999999999998,0.999999999999999,0.999999999999997,0.999999999999999,
1.,1.,1.,1.,1.,1.,1.,0.999999999999997,1.,0.999999999999999,1.,0.999999999999998,
0.999999999999999,0.999999999999998,0.999999999999999,1.,1.,1.,1.,1.)))
REPRESENTATION_ITEM('')
SURFACE()
);
#306=(
BOUNDED_SURFACE()
B_SPLINE_SURFACE(2,3,((#1075,#1076,#1077,#1078),(#1079,#1080,#1081,#1082),
(#1083,#1084,#1085,#1086)),.UNSPECIFIED.,.F.,.F.,.F.)
B_SPLINE_SURFACE_WITH_KNOTS((3,3),(4,4),(0.,9.0811816847936),(-8.4998674765302E-13,
4.86693476060164),.UNSPECIFIED.)
GEOMETRIC_REPRESENTATION_ITEM()
RATIONAL_B_SPLINE_SURFACE(((1.,1.,1.,1.),(0.758954927418784,0.758952479135637,
0.760136254340192,0.762436599888986),(1.,1.,1.,1.)))
REPRESENTATION_ITEM('')
SURFACE()
);
#307=(
BOUNDED_SURFACE()
B_SPLINE_SURFACE(2,3,((#1087,#1088,#1089,#1090,#1091,#1092,#1093,#1094,
#1095,#1096,#1097,#1098,#1099,#1100,#1101,#1102,#1103,#1104,#1105,#1106,
#1107,#1108,#1109,#1110,#1111,#1112,#1113,#1114,#1115),(#1116,#1117,#1118,
#1119,#1120,#1121,#1122,#1123,#1124,#1125,#1126,#1127,#1128,#1129,#1130,
#1131,#1132,#1133,#1134,#1135,#1136,#1137,#1138,#1139,#1140,#1141,#1142,
#1143,#1144),(#1145,#1146,#1147,#1148,#1149,#1150,#1151,#1152,#1153,#1154,
#1155,#1156,#1157,#1158,#1159,#1160,#1161,#1162,#1163,#1164,#1165,#1166,
#1167,#1168,#1169,#1170,#1171,#1172,#1173)),.UNSPECIFIED.,.F.,.F.,.F.)
B_SPLINE_SURFACE_WITH_KNOTS((3,3),(4,1,1,1,1,1,1,1,1,1,1,1,1,1,1,1,1,1,
1,1,1,1,1,1,1,1,4),(0.,9.0811816875996),(4.86693729550139,12.0551086960734,
19.4508501591415,27.5514615232966,35.7880739611072,40.0232454701903,44.5409709750095,
50.0458417352024,60.9680418934236,66.4154970901534,68.3200161076355,70.2244963873409,
75.6718416827643,81.1328323648372,86.5938230469102,89.3462030757307,92.0985831045512,
96.6162174454626,98.73380291373,100.851388381997,104.969694701045,109.088001020092,
117.188612558954,120.886483443053,124.584354327153,128.178441553451,131.77252877975),
 .UNSPECIFIED.)
GEOMETRIC_REPRESENTATION_ITEM()
RATIONAL_B_SPLINE_SURFACE(((1.,1.,0.999999999999999,1.,0.999999999999997,
0.999999999999998,1.,1.,0.999999999999999,1.,1.,0.999999999999999,1.,1.,
0.999999999999999,1.,1.,0.999999999999999,0.999999999999999,1.,0.999999999999999,
0.999999999999999,1.,0.999999999999998,1.,0.999999999999999,1.,1.,1.),(0.762436581546983,
0.760579933949051,0.75410309817275,0.738821598444467,0.72089821625363,0.703990008402913,
0.687799513228733,0.67278288953959,0.648877854721976,0.62457527478176,0.615917646755206,
0.615051909474663,0.615928714016955,0.621970421648028,0.636713346399982,
0.652018456809698,0.664486584017515,0.675682125602181,0.685572046976463,
0.694120862881002,0.701890479515796,0.710861075699121,0.724006674606148,
0.736023662247104,0.746778469547056,0.753521884514953,0.758994872293173,
0.761502163529328,0.76243659989312),(1.,1.,0.999999999999999,1.,0.999999999999997,
0.999999999999998,1.,1.,0.999999999999999,1.,1.,0.999999999999999,1.,1.,
0.999999999999999,1.,1.,0.999999999999999,0.999999999999999,1.,0.999999999999999,
0.999999999999999,1.,0.999999999999998,1.,0.999999999999999,1.,1.,1.)))
REPRESENTATION_ITEM('')
SURFACE()
);
#308=(
BOUNDED_SURFACE()
B_SPLINE_SURFACE(2,3,((#1174,#1175,#1176,#1177,#1178,#1179,#1180),(#1181,
#1182,#1183,#1184,#1185,#1186,#1187),(#1188,#1189,#1190,#1191,#1192,#1193,
#1194)),.UNSPECIFIED.,.F.,.F.,.F.)
B_SPLINE_SURFACE_WITH_KNOTS((3,3),(4,3,4),(0.,9.0811816875996),(131.77252877975,
136.639463545064,141.506385056181),.UNSPECIFIED.)
GEOMETRIC_REPRESENTATION_ITEM()
RATIONAL_B_SPLINE_SURFACE(((1.,1.,0.999999999999999,1.,1.,1.,1.),(0.76243659989312,
0.760136254338111,0.758952479130899,0.758954927413474,0.758952477825707,
0.760136256200171,0.76243659983757),(1.,1.,0.999999999999999,1.,1.,1.,1.)))
REPRESENTATION_ITEM('')
SURFACE()
);
#309=(
BOUNDED_SURFACE()
B_SPLINE_SURFACE(2,3,((#1195,#1196,#1197,#1198,#1199,#1200,#1201,#1202,
#1203,#1204,#1205,#1206,#1207,#1208,#1209,#1210,#1211,#1212,#1213,#1214,
#1215,#1216,#1217,#1218,#1219),(#1220,#1221,#1222,#1223,#1224,#1225,#1226,
#1227,#1228,#1229,#1230,#1231,#1232,#1233,#1234,#1235,#1236,#1237,#1238,
#1239,#1240,#1241,#1242,#1243,#1244),(#1245,#1246,#1247,#1248,#1249,#1250,
#1251,#1252,#1253,#1254,#1255,#1256,#1257,#1258,#1259,#1260,#1261,#1262,
#1263,#1264,#1265,#1266,#1267,#1268,#1269)),.UNSPECIFIED.,.F.,.F.,.F.)
B_SPLINE_SURFACE_WITH_KNOTS((3,3),(4,1,1,1,1,1,1,1,1,1,1,1,1,1,1,1,1,1,
1,1,1,1,4),(0.,9.0811816847936),(4.86693476060164,11.762893056126,18.8043382383231,
26.5692184202886,34.4650423689442,39.8812993344598,42.0720540479739,47.3843476719685,
52.6402149199487,57.9085188481403,63.1483299601284,68.3193819393424,73.4907579498701,
78.7307241030807,83.9990928474043,89.2550248870948,94.5673844370719,96.758163306139,
102.174422338581,110.070246097854,117.83512611277,124.876570993116,131.772526250402),
 .UNSPECIFIED.)
GEOMETRIC_REPRESENTATION_ITEM()
RATIONAL_B_SPLINE_SURFACE(((1.,1.,0.999999999999999,1.,1.,0.999999999999999,
1.,1.,1.,1.,1.,1.,0.999999999999998,0.999999999999999,0.999999999999999,
1.,0.999999999999999,0.999999999999997,1.,0.999999999999998,1.,0.999999999999998,
1.,0.999999999999998,1.),(0.762436599888986,0.760655139930577,0.754572940324405,
0.740204723691801,0.723158759619332,0.706138182866644,0.69164397034688,
0.678433031195811,0.664339016761207,0.646121417906639,0.629658153906633,
0.618025899837146,0.613837390475061,0.618025917949369,0.62965696562347,
0.646121836876568,0.66433675759556,0.678435409508089,0.691642790527707,
0.706138858442001,0.723158367856681,0.740204916648918,0.754572772030228,
0.7606551965776,0.762436581584213),(1.,1.,0.999999999999999,1.,1.,0.999999999999999,
1.,1.,1.,1.,1.,1.,0.999999999999998,0.999999999999999,0.999999999999999,
1.,0.999999999999999,0.999999999999997,1.,0.999999999999998,1.,0.999999999999998,
1.,0.999999999999998,1.)))
REPRESENTATION_ITEM('')
SURFACE()
);
#310=(
BOUNDED_SURFACE()
B_SPLINE_SURFACE(2,3,((#1270,#1271,#1272,#1273,#1274,#1275,#1276),(#1277,
#1278,#1279,#1280,#1281,#1282,#1283),(#1284,#1285,#1286,#1287,#1288,#1289,
#1290)),.UNSPECIFIED.,.F.,.F.,.F.)
B_SPLINE_SURFACE_WITH_KNOTS((3,3),(4,3,4),(0.,9.0811816847936),(131.772526250402,
136.639463544398,141.506387584191),.UNSPECIFIED.)
GEOMETRIC_REPRESENTATION_ITEM()
RATIONAL_B_SPLINE_SURFACE(((1.,0.999999999999999,1.,1.,0.999999999999999,
1.,1.),(0.762436581584213,0.760136233460581,0.758952456900735,0.758954905188847,
0.758952455595471,0.76013623532273,0.762436581528673),(1.,0.999999999999999,
1.,1.,0.999999999999999,1.,1.)))
REPRESENTATION_ITEM('')
SURFACE()
);
#311=(
BOUNDED_SURFACE()
B_SPLINE_SURFACE(3,2,((#1291,#1292,#1293,#1294,#1295),(#1296,#1297,#1298,
#1299,#1300),(#1301,#1302,#1303,#1304,#1305),(#1306,#1307,#1308,#1309,#1310),
(#1311,#1312,#1313,#1314,#1315),(#1316,#1317,#1318,#1319,#1320),(#1321,
#1322,#1323,#1324,#1325),(#1326,#1327,#1328,#1329,#1330),(#1331,#1332,#1333,
#1334,#1335),(#1336,#1337,#1338,#1339,#1340),(#1341,#1342,#1343,#1344,#1345),
(#1346,#1347,#1348,#1349,#1350),(#1351,#1352,#1353,#1354,#1355),(#1356,
#1357,#1358,#1359,#1360),(#1361,#1362,#1363,#1364,#1365),(#1366,#1367,#1368,
#1369,#1370),(#1371,#1372,#1373,#1374,#1375),(#1376,#1377,#1378,#1379,#1380),
(#1381,#1382,#1383,#1384,#1385),(#1386,#1387,#1388,#1389,#1390),(#1391,
#1392,#1393,#1394,#1395),(#1396,#1397,#1398,#1399,#1400),(#1401,#1402,#1403,
#1404,#1405),(#1406,#1407,#1408,#1409,#1410),(#1411,#1412,#1413,#1414,#1415),
(#1416,#1417,#1418,#1419,#1420),(#1421,#1422,#1423,#1424,#1425),(#1426,
#1427,#1428,#1429,#1430),(#1431,#1432,#1433,#1434,#1435),(#1436,#1437,#1438,
#1439,#1440),(#1441,#1442,#1443,#1444,#1445),(#1446,#1447,#1448,#1449,#1450),
(#1451,#1452,#1453,#1454,#1455),(#1456,#1457,#1458,#1459,#1460)),
 .UNSPECIFIED.,.F.,.F.,.F.)
B_SPLINE_SURFACE_WITH_KNOTS((4,1,1,1,1,1,1,1,1,1,1,1,1,1,1,1,1,1,1,1,1,
1,1,1,1,1,1,1,1,1,1,4),(3,2,3),(0.,16.8897052927262,25.5979655989883,34.4521796113049,
43.4267250615338,52.4936863471488,61.6233222828642,70.7846214068366,79.9459205308091,
89.0755564665243,98.1425177521393,107.117063202368,115.971277214685,124.679537520947,
133.218878656839,141.569242813673,149.919606970508,158.458948106399,167.167208412662,
176.021422424978,184.995967875207,194.062929160822,203.192565096537,212.35386422051,
221.515163344482,230.644799280198,239.711760565813,248.686306016041,257.540520028358,
266.24878033462,274.788121470512,283.138485627346),(0.,78.5398163397448,
157.07963267949),.UNSPECIFIED.)
GEOMETRIC_REPRESENTATION_ITEM()
RATIONAL_B_SPLINE_SURFACE(((1.,0.707106781186548,1.,0.707106781186548,1.),
(1.,0.707106781186548,1.,0.707106781186548,1.),(1.,0.707106781186547,1.,
0.707106781186547,1.),(1.,0.707106781186548,1.,0.707106781186548,1.),(1.,
0.707106781186547,1.,0.707106781186547,1.),(1.,0.707106781186548,1.,0.707106781186548,
1.),(1.,0.707106781186548,1.,0.707106781186548,1.),(1.,0.707106781186547,
1.,0.707106781186547,1.),(1.,0.707106781186548,1.,0.707106781186548,1.),
(1.,0.707106781186547,1.,0.707106781186547,1.),(1.,0.707106781186548,1.,
0.707106781186548,1.),(1.,0.707106781186548,1.,0.707106781186548,1.),(1.,
0.707106781186547,1.,0.707106781186547,1.),(1.,0.707106781186548,1.,0.707106781186548,
1.),(0.999999999999999,0.707106781186547,0.999999999999999,0.707106781186547,
0.999999999999999),(1.,0.707106781186547,1.,0.707106781186547,1.),(1.,0.707106781186547,
1.,0.707106781186547,1.),(1.,0.707106781186548,1.,0.707106781186548,1.),
(1.,0.707106781186548,1.,0.707106781186548,1.),(1.,0.707106781186548,1.,
0.707106781186548,1.),(1.,0.707106781186548,1.,0.707106781186548,1.),(1.,
0.707106781186547,1.,0.707106781186547,1.),(1.,0.707106781186548,1.,0.707106781186548,
1.),(1.,0.707106781186548,1.,0.707106781186548,1.),(1.,0.707106781186548,
1.,0.707106781186548,1.),(1.,0.707106781186548,1.,0.707106781186548,1.),
(1.,0.707106781186548,1.,0.707106781186548,1.),(1.,0.707106781186548,1.,
0.707106781186548,1.),(1.,0.707106781186548,1.,0.707106781186548,1.),(1.,
0.707106781186547,1.,0.707106781186547,1.),(1.,0.707106781186548,1.,0.707106781186548,
1.),(1.,0.707106781186547,1.,0.707106781186547,1.),(1.,0.707106781186548,
1.,0.707106781186548,1.),(1.,0.707106781186548,1.,0.707106781186548,1.)))
REPRESENTATION_ITEM('')
SURFACE()
);
#312=(
BOUNDED_SURFACE()
B_SPLINE_SURFACE(3,2,((#1461,#1462,#1463,#1464,#1465),(#1466,#1467,#1468,
#1469,#1470),(#1471,#1472,#1473,#1474,#1475),(#1476,#1477,#1478,#1479,#1480),
(#1481,#1482,#1483,#1484,#1485),(#1486,#1487,#1488,#1489,#1490),(#1491,
#1492,#1493,#1494,#1495),(#1496,#1497,#1498,#1499,#1500),(#1501,#1502,#1503,
#1504,#1505),(#1506,#1507,#1508,#1509,#1510),(#1511,#1512,#1513,#1514,#1515),
(#1516,#1517,#1518,#1519,#1520),(#1521,#1522,#1523,#1524,#1525),(#1526,
#1527,#1528,#1529,#1530),(#1531,#1532,#1533,#1534,#1535),(#1536,#1537,#1538,
#1539,#1540),(#1541,#1542,#1543,#1544,#1545),(#1546,#1547,#1548,#1549,#1550),
(#1551,#1552,#1553,#1554,#1555),(#1556,#1557,#1558,#1559,#1560),(#1561,
#1562,#1563,#1564,#1565),(#1566,#1567,#1568,#1569,#1570),(#1571,#1572,#1573,
#1574,#1575),(#1576,#1577,#1578,#1579,#1580),(#1581,#1582,#1583,#1584,#1585),
(#1586,#1587,#1588,#1589,#1590),(#1591,#1592,#1593,#1594,#1595),(#1596,
#1597,#1598,#1599,#1600),(#1601,#1602,#1603,#1604,#1605),(#1606,#1607,#1608,
#1609,#1610),(#1611,#1612,#1613,#1614,#1615),(#1616,#1617,#1618,#1619,#1620),
(#1621,#1622,#1623,#1624,#1625),(#1626,#1627,#1628,#1629,#1630)),
 .UNSPECIFIED.,.F.,.F.,.F.)
B_SPLINE_SURFACE_WITH_KNOTS((4,1,1,1,1,1,1,1,1,1,1,1,1,1,1,1,1,1,1,1,1,
1,1,1,1,1,1,1,1,1,1,4),(3,2,3),(0.,16.8897308632227,25.5980049789218,34.4522333858684,
43.4267937219507,52.4937702760599,61.6234217424266,70.7847365303086,79.9460513181908,
89.0757027845574,98.1426793386666,107.117239674749,115.971468081696,124.679742197395,
133.219096479996,141.569473060617,149.919849641238,158.45920392384,167.167478039539,
176.021706446486,184.996266782568,194.063243336677,203.192894803044,212.354209590926,
221.515524378808,230.645175845175,239.712152399284,248.686712735366,257.540941142313,
266.249215258012,274.788569540614,283.138946121235),(0.,78.5398163397448,
157.07963267949),.UNSPECIFIED.)
GEOMETRIC_REPRESENTATION_ITEM()
RATIONAL_B_SPLINE_SURFACE(((1.,0.707106781186548,1.,0.707106781186548,1.),
(1.,0.707106781186549,1.,0.707106781186549,1.),(1.,0.707106781186547,1.,
0.707106781186547,1.),(1.,0.707106781186548,1.,0.707106781186548,1.),(1.,
0.707106781186547,1.,0.707106781186547,1.),(1.,0.707106781186548,1.,0.707106781186548,
1.),(1.,0.707106781186548,1.,0.707106781186548,1.),(1.,0.707106781186547,
1.,0.707106781186547,1.),(1.,0.707106781186548,1.,0.707106781186548,1.),
(1.,0.707106781186548,1.,0.707106781186548,1.),(1.,0.707106781186547,1.,
0.707106781186547,1.),(1.,0.707106781186548,1.,0.707106781186548,1.),(1.,
0.707106781186548,1.,0.707106781186548,1.),(1.,0.707106781186547,1.,0.707106781186547,
1.),(1.,0.707106781186548,1.,0.707106781186548,1.),(1.,0.707106781186547,
1.,0.707106781186547,1.),(1.,0.707106781186548,1.,0.707106781186548,1.),
(1.,0.707106781186548,1.,0.707106781186548,1.),(1.,0.707106781186547,1.,
0.707106781186547,1.),(1.,0.707106781186548,1.,0.707106781186548,1.),(1.,
0.707106781186548,1.,0.707106781186548,1.),(1.,0.707106781186547,1.,0.707106781186547,
1.),(1.,0.707106781186547,1.,0.707106781186547,1.),(1.,0.707106781186548,
1.,0.707106781186548,1.),(1.,0.707106781186547,1.,0.707106781186547,1.),
(1.,0.707106781186548,1.,0.707106781186548,1.),(1.,0.707106781186547,1.,
0.707106781186547,1.),(1.,0.707106781186548,1.,0.707106781186548,1.),(0.999999999999999,
0.707106781186547,0.999999999999999,0.707106781186547,0.999999999999999),
(1.,0.707106781186548,1.,0.707106781186548,1.),(1.,0.707106781186548,1.,
0.707106781186548,1.),(1.,0.707106781186548,1.,0.707106781186548,1.),(1.,
0.707106781186548,1.,0.707106781186548,1.),(1.,0.707106781186548,1.,0.707106781186548,
1.)))
REPRESENTATION_ITEM('')
SURFACE()
);
#313=(
BOUNDED_SURFACE()
B_SPLINE_SURFACE(2,2,((#1631,#1632,#1633,#1634,#1635,#1636,#1637,#1638,
#1639,#1640,#1641),(#1642,#1643,#1644,#1645,#1646,#1647,#1648,#1649,#1650,
#1651,#1652),(#1653,#1654,#1655,#1656,#1657,#1658,#1659,#1660,#1661,#1662,
#1663),(#1664,#1665,#1666,#1667,#1668,#1669,#1670,#1671,#1672,#1673,#1674),
(#1675,#1676,#1677,#1678,#1679,#1680,#1681,#1682,#1683,#1684,#1685)),
 .UNSPECIFIED.,.F.,.F.,.F.)
B_SPLINE_SURFACE_WITH_KNOTS((3,2,3),(3,2,2,2,2,3),(122.390700117703,183.586050176555,
244.781400235406),(0.,35.8330595554842,48.4506051754109,199.143098975696,
211.760644595623,247.593704151107),.UNSPECIFIED.)
GEOMETRIC_REPRESENTATION_ITEM()
RATIONAL_B_SPLINE_SURFACE(((1.,0.963653926043437,1.,0.807510351940383,1.,
0.973246507770122,1.,0.807510351940384,1.,0.963653926043437,1.),(0.707106781186548,
0.681406225822354,0.707106781186548,0.57099604573538,0.707106781186548,
0.688189205410379,0.707106781186548,0.570996045735381,0.707106781186548,
0.681406225822354,0.707106781186548),(1.,0.963653926043437,1.,0.807510351940383,
1.,0.973246507770122,1.,0.807510351940384,1.,0.963653926043437,1.),(0.707106781186548,
0.681406225822354,0.707106781186548,0.57099604573538,0.707106781186548,
0.688189205410379,0.707106781186548,0.570996045735381,0.707106781186548,
0.681406225822354,0.707106781186548),(1.,0.963653926043437,1.,0.807510351940383,
1.,0.973246507770122,1.,0.807510351940384,1.,0.963653926043437,1.)))
REPRESENTATION_ITEM('')
SURFACE()
);
#314=(
BOUNDED_SURFACE()
B_SPLINE_SURFACE(3,2,((#1686,#1687,#1688,#1689,#1690),(#1691,#1692,#1693,
#1694,#1695),(#1696,#1697,#1698,#1699,#1700),(#1701,#1702,#1703,#1704,#1705),
(#1706,#1707,#1708,#1709,#1710),(#1711,#1712,#1713,#1714,#1715),(#1716,
#1717,#1718,#1719,#1720),(#1721,#1722,#1723,#1724,#1725),(#1726,#1727,#1728,
#1729,#1730),(#1731,#1732,#1733,#1734,#1735),(#1736,#1737,#1738,#1739,#1740)),
 .UNSPECIFIED.,.F.,.F.,.F.)
B_SPLINE_SURFACE_WITH_KNOTS((4,1,1,1,1,1,1,1,4),(3,2,3),(0.,42.8970647830198,
86.1196610915428,129.562036041015,173.115140239427,216.66824443784,260.110619387312,
303.333215695835,346.230280478855),(0.,78.5398163397448,157.07963267949),
 .UNSPECIFIED.)
GEOMETRIC_REPRESENTATION_ITEM()
RATIONAL_B_SPLINE_SURFACE(((1.,0.707106781186548,1.,0.707106781186548,1.),
(0.999999999999999,0.707106781186547,0.999999999999999,0.707106781186547,
0.999999999999999),(1.,0.707106781186548,1.,0.707106781186548,1.),(0.999999999999999,
0.707106781186547,0.999999999999999,0.707106781186547,0.999999999999999),
(1.,0.707106781186548,1.,0.707106781186548,1.),(1.,0.707106781186547,1.,
0.707106781186547,1.),(1.,0.707106781186547,1.,0.707106781186547,1.),(1.,
0.707106781186548,1.,0.707106781186548,1.),(1.,0.707106781186547,1.,0.707106781186547,
1.),(0.999999999999999,0.707106781186547,0.999999999999999,0.707106781186547,
0.999999999999999),(1.,0.707106781186548,1.,0.707106781186548,1.)))
REPRESENTATION_ITEM('')
SURFACE()
);
#315=(
BOUNDED_SURFACE()
B_SPLINE_SURFACE(3,2,((#1741,#1742,#1743,#1744,#1745),(#1746,#1747,#1748,
#1749,#1750),(#1751,#1752,#1753,#1754,#1755),(#1756,#1757,#1758,#1759,#1760),
(#1761,#1762,#1763,#1764,#1765),(#1766,#1767,#1768,#1769,#1770),(#1771,
#1772,#1773,#1774,#1775),(#1776,#1777,#1778,#1779,#1780),(#1781,#1782,#1783,
#1784,#1785),(#1786,#1787,#1788,#1789,#1790),(#1791,#1792,#1793,#1794,#1795)),
 .UNSPECIFIED.,.F.,.F.,.F.)
B_SPLINE_SURFACE_WITH_KNOTS((4,1,1,1,1,1,1,1,4),(3,2,3),(0.,42.8970647830198,
86.1196610915427,129.562036041015,173.115140239427,216.66824443784,260.110619387312,
303.333215695835,346.230280478855),(0.,78.5398163397448,157.07963267949),
 .UNSPECIFIED.)
GEOMETRIC_REPRESENTATION_ITEM()
RATIONAL_B_SPLINE_SURFACE(((1.,0.707106781186548,1.,0.707106781186548,1.),
(0.999999999999999,0.707106781186547,0.999999999999999,0.707106781186547,
0.999999999999999),(1.,0.707106781186547,1.,0.707106781186547,1.),(1.,0.707106781186548,
1.,0.707106781186548,1.),(1.,0.707106781186547,1.,0.707106781186547,1.),
(1.,0.707106781186548,1.,0.707106781186548,1.),(1.,0.707106781186547,1.,
0.707106781186547,1.),(1.,0.707106781186548,1.,0.707106781186548,1.),(1.,
0.707106781186548,1.,0.707106781186548,1.),(1.,0.707106781186547,1.,0.707106781186547,
1.),(1.,0.707106781186548,1.,0.707106781186548,1.)))
REPRESENTATION_ITEM('')
SURFACE()
);
#316=SHAPE_DEFINITION_REPRESENTATION(#317,#334);
#317=PRODUCT_DEFINITION_SHAPE('Document','',#319);
#318=PRODUCT_DEFINITION_CONTEXT('3D Mechanical Parts',#323,'design');
#319=PRODUCT_DEFINITION('A','First version',#320,#318);
#320=PRODUCT_DEFINITION_FORMATION_WITH_SPECIFIED_SOURCE('A',
'First version',#325,.MADE.);
#321=PRODUCT_RELATED_PRODUCT_CATEGORY('tool','tool',(#325));
#322=APPLICATION_PROTOCOL_DEFINITION('Draft International Standard',
'automotive_design',1999,#323);
#323=APPLICATION_CONTEXT(
'data for automotive mechanical design processes');
#324=PRODUCT_CONTEXT('3D Mechanical Parts',#323,'mechanical');
#325=PRODUCT('Document','Document','Rhino converted to STEP',(#324));
#326=(
LENGTH_UNIT()
NAMED_UNIT(*)
SI_UNIT(.MILLI.,.METRE.)
);
#327=(
NAMED_UNIT(*)
PLANE_ANGLE_UNIT()
SI_UNIT($,.RADIAN.)
);
#328=DIMENSIONAL_EXPONENTS(0.,0.,0.,0.,0.,0.,0.);
#329=PLANE_ANGLE_MEASURE_WITH_UNIT(PLANE_ANGLE_MEASURE(0.01745329252),#327);
#330=(
CONVERSION_BASED_UNIT('DEGREES',#329)
NAMED_UNIT(#328)
PLANE_ANGLE_UNIT()
);
#331=(
NAMED_UNIT(*)
SI_UNIT($,.STERADIAN.)
SOLID_ANGLE_UNIT()
);
#332=UNCERTAINTY_MEASURE_WITH_UNIT(LENGTH_MEASURE(0.001),#326,
'DISTANCE_ACCURACY_VALUE',
'Maximum model space distance between geometric entities at asserted c
onnectivities');
#333=(
GEOMETRIC_REPRESENTATION_CONTEXT(3)
GLOBAL_UNCERTAINTY_ASSIGNED_CONTEXT((#332))
GLOBAL_UNIT_ASSIGNED_CONTEXT((#331,#330,#326))
REPRESENTATION_CONTEXT('ID1','3D')
);
#334=SHAPE_REPRESENTATION('Document',(#335,#336),#333);
#335=AXIS2_PLACEMENT_3D('',#341,#337,#338);
#336=AXIS2_PLACEMENT_3D('',#2382,#339,#340);
#337=DIRECTION('',(0.,0.,1.));
#338=DIRECTION('',(1.,0.,0.));
#339=DIRECTION('',(0.,0.,1.));
#340=DIRECTION('',(1.,0.,0.));
#341=CARTESIAN_POINT('',(0.,0.,0.));
#342=CARTESIAN_POINT('',(184.801183599196,-153.599654777182,-6.12323399573677E-15));
#343=CARTESIAN_POINT('',(184.801183599196,-153.599654777182,50.));
#344=CARTESIAN_POINT('',(170.800855479768,-105.599750479899,50.));
#345=CARTESIAN_POINT('',(156.800527360339,-57.5998461826159,50.));
#346=CARTESIAN_POINT('',(156.800527360339,-57.5998461826159,0.));
#347=CARTESIAN_POINT('',(192.662956653138,-151.306986301101,-6.12323399573677E-15));
#348=CARTESIAN_POINT('',(192.662956653138,-151.3069863011,50.));
#349=CARTESIAN_POINT('',(176.205821606562,-104.023541731381,50.));
#350=CARTESIAN_POINT('',(159.748686559987,-56.7400971616618,50.));
#351=CARTESIAN_POINT('',(159.748686559987,-56.7400971616618,0.));
#352=CARTESIAN_POINT('',(204.309521365442,-146.914899587747,-6.12323399573677E-15));
#353=CARTESIAN_POINT('',(204.309521365442,-146.914899587748,50.));
#354=CARTESIAN_POINT('',(184.212829640032,-101.003984005345,50.));
#355=CARTESIAN_POINT('',(164.116137914621,-55.093068422943,50.));
#356=CARTESIAN_POINT('',(164.116137914621,-55.093068422943,0.));
#357=CARTESIAN_POINT('',(219.161161666538,-139.240601368568,-6.12323399573677E-15));
#358=CARTESIAN_POINT('',(219.161161666538,-139.240601368568,50.));
#359=CARTESIAN_POINT('',(194.423324253015,-95.7279084778465,50.));
#360=CARTESIAN_POINT('',(169.685486839492,-52.2152155871252,50.));
#361=CARTESIAN_POINT('',(169.685486839492,-52.2152155871252,0.));
#362=CARTESIAN_POINT('',(230.093362727467,-132.436039884443,-6.12323399573677E-15));
#363=CARTESIAN_POINT('',(230.093362727468,-132.436039884443,50.));
#364=CARTESIAN_POINT('',(201.939205905803,-91.0497770787849,50.));
#365=CARTESIAN_POINT('',(173.785049084138,-49.6635142731264,50.));
#366=CARTESIAN_POINT('',(173.785049084139,-49.6635142731264,0.));
#367=CARTESIAN_POINT('',(240.578697151173,-124.665108834654,-6.12323399573677E-15));
#368=CARTESIAN_POINT('',(240.578697151173,-124.665108834654,50.));
#369=CARTESIAN_POINT('',(209.147866556901,-85.707267948742,50.));
#370=CARTESIAN_POINT('',(177.717035962629,-46.7494270628303,50.));
#371=CARTESIAN_POINT('',(177.717035962629,-46.7494270628303,0.));
#372=CARTESIAN_POINT('',(250.493287304428,-115.972841122752,-6.12323399573677E-15));
#373=CARTESIAN_POINT('',(250.493287304429,-115.972841122752,50.));
#374=CARTESIAN_POINT('',(215.964140622996,-79.7313412813915,50.));
#375=CARTESIAN_POINT('',(181.434993941564,-43.4898414400307,50.));
#376=CARTESIAN_POINT('',(181.434993941564,-43.4898414400307,0.));
#377=CARTESIAN_POINT('',(259.719006368651,-106.425670660842,-6.12323399573677E-15));
#378=CARTESIAN_POINT('',(259.719006368651,-106.425670660842,50.));
#379=CARTESIAN_POINT('',(222.306816222851,-73.1676704016385,50.));
#380=CARTESIAN_POINT('',(184.89462607705,-39.9096701424349,50.));
#381=CARTESIAN_POINT('',(184.89462607705,-39.9096701424349,0.));
#382=CARTESIAN_POINT('',(268.148224573243,-96.1109153711761,-6.12323399573677E-15));
#383=CARTESIAN_POINT('',(268.148224573243,-96.1109153711761,50.));
#384=CARTESIAN_POINT('',(228.101898195801,-66.0762863129041,50.));
#385=CARTESIAN_POINT('',(188.055571818359,-36.0416572546319,50.));
#386=CARTESIAN_POINT('',(188.055571818359,-36.041657254632,0.));
#387=CARTESIAN_POINT('',(275.691238591005,-85.12907304649,-6.12323399573677E-15));
#388=CARTESIAN_POINT('',(275.691238591005,-85.12907304649,50.));
#389=CARTESIAN_POINT('',(233.287715792725,-58.526281145465,50.));
#390=CARTESIAN_POINT('',(190.884192994445,-31.9234892444399,50.));
#391=CARTESIAN_POINT('',(190.884192994445,-31.9234892444399,0.));
#392=CARTESIAN_POINT('',(282.272446425619,-73.6002876916222,-6.12323399573677E-15));
#393=CARTESIAN_POINT('',(282.272446425619,-73.6002876916221,50.));
#394=CARTESIAN_POINT('',(237.812292894838,-50.6002536170385,50.));
#395=CARTESIAN_POINT('',(193.352139364057,-27.6002195424548,50.));
#396=CARTESIAN_POINT('',(193.352139364057,-27.6002195424548,0.));
#397=CARTESIAN_POINT('',(287.840822701772,-61.6487066183353,-6.12323399573677E-15));
#398=CARTESIAN_POINT('',(287.840822701771,-61.6487066183352,50.));
#399=CARTESIAN_POINT('',(241.640549760506,-42.3835551121027,50.));
#400=CARTESIAN_POINT('',(195.440276819239,-23.1184036058703,50.));
#401=CARTESIAN_POINT('',(195.44027681924,-23.1184036058703,0.));
#402=CARTESIAN_POINT('',(292.365153423072,-49.4061987281214,-6.12323399573676E-15));
#403=CARTESIAN_POINT('',(292.365153423072,-49.4061987281214,50.));
#404=CARTESIAN_POINT('',(244.751026911429,-33.9668439328554,50.));
#405=CARTESIAN_POINT('',(197.136900399786,-18.5274891375894,50.));
#406=CARTESIAN_POINT('',(197.136900399786,-18.5274891375894,0.));
#407=CARTESIAN_POINT('',(295.836278653775,-37.0067963210918,-6.12323399573677E-15));
#408=CARTESIAN_POINT('',(295.836278653775,-37.0067963210917,50.));
#409=CARTESIAN_POINT('',(247.137426969265,-25.4422717660282,50.));
#410=CARTESIAN_POINT('',(198.438575284754,-13.8777472109647,50.));
#411=CARTESIAN_POINT('',(198.438575284754,-13.8777472109647,0.));
#412=CARTESIAN_POINT('',(298.267244844315,-24.5762102817879,-6.12323399573677E-15));
#413=CARTESIAN_POINT('',(298.267244844315,-24.5762102817879,50.));
#414=CARTESIAN_POINT('',(248.808719380962,-16.8962468707186,50.));
#415=CARTESIAN_POINT('',(199.350193917608,-9.21628345964922,50.));
#416=CARTESIAN_POINT('',(199.350193917608,-9.21628345964924,0.));
#417=CARTESIAN_POINT('',(299.689019363088,-12.2379048726712,-6.12323399573677E-15));
#418=CARTESIAN_POINT('',(299.689019363088,-12.2379048726712,50.));
#419=CARTESIAN_POINT('',(249.786194160083,-8.41371592452714,50.));
#420=CARTESIAN_POINT('',(199.883368957079,-4.5895269763831,50.));
#421=CARTESIAN_POINT('',(199.883368957079,-4.58952697638307,0.));
#422=CARTESIAN_POINT('',(300.153740844778,0.000274541218116653,-6.12323399573677E-15));
#423=CARTESIAN_POINT('',(300.153740844778,0.000274541218079735,50.));
#424=CARTESIAN_POINT('',(250.105696564338,0.000169579208628701,50.));
#425=CARTESIAN_POINT('',(200.057652283898,6.46171991553009E-05,50.));
#426=CARTESIAN_POINT('',(200.057652283898,6.46171991749434E-05,0.));
#427=CARTESIAN_POINT('',(299.68905864236,12.2372386095866,-6.12323399573677E-15));
#428=CARTESIAN_POINT('',(299.689058642359,12.2372386095866,50.));
#429=CARTESIAN_POINT('',(249.786235547512,8.41302993220288,50.));
#430=CARTESIAN_POINT('',(199.883412452664,4.58882125481917,50.));
#431=CARTESIAN_POINT('',(199.883412452664,4.58882125481915,0.));
#432=CARTESIAN_POINT('',(298.26724970799,24.5762121219503,-6.12323399573677E-15));
#433=CARTESIAN_POINT('',(298.26724970799,24.5762121219502,50.));
#434=CARTESIAN_POINT('',(248.808751609723,16.896073027029,50.));
#435=CARTESIAN_POINT('',(199.350253511457,9.21593393210778,50.));
#436=CARTESIAN_POINT('',(199.350253511457,9.21593393210781,0.));
#437=CARTESIAN_POINT('',(295.836402857595,37.0062841535747,-6.12323399573677E-15));
#438=CARTESIAN_POINT('',(295.836402857595,37.0062841535747,50.));
#439=CARTESIAN_POINT('',(247.137555853969,25.4417335409566,50.));
#440=CARTESIAN_POINT('',(198.438708850344,13.8771829283385,50.));
#441=CARTESIAN_POINT('',(198.438708850344,13.8771829283385,0.));
#442=CARTESIAN_POINT('',(292.365075748678,49.4064593751216,-6.12323399573677E-15));
#443=CARTESIAN_POINT('',(292.365075748679,49.4064593751216,50.));
#444=CARTESIAN_POINT('',(244.751031578907,33.9668448463719,50.));
#445=CARTESIAN_POINT('',(197.136987409135,18.5272303176222,50.));
#446=CARTESIAN_POINT('',(197.136987409135,18.5272303176222,0.));
#447=CARTESIAN_POINT('',(287.840972460646,61.6482907916221,-6.12323399573677E-15));
#448=CARTESIAN_POINT('',(287.840972460646,61.6482907916221,50.));
#449=CARTESIAN_POINT('',(241.640725176701,42.3830952548956,50.));
#450=CARTESIAN_POINT('',(195.440477892756,23.117899718169,50.));
#451=CARTESIAN_POINT('',(195.440477892756,23.117899718169,0.));
#452=CARTESIAN_POINT('',(282.272558429006,73.6001714827796,-6.12323399573677E-15));
#453=CARTESIAN_POINT('',(282.272558429006,73.6001714827796,50.));
#454=CARTESIAN_POINT('',(237.812456401403,50.6000065648232,50.));
#455=CARTESIAN_POINT('',(193.3523543738,27.5998416468668,50.));
#456=CARTESIAN_POINT('',(193.3523543738,27.5998416468668,0.));
#457=CARTESIAN_POINT('',(275.690555759689,85.1301182988172,-6.12323399573676E-15));
#458=CARTESIAN_POINT('',(275.690555759689,85.1301182988172,50.));
#459=CARTESIAN_POINT('',(233.287346401961,58.5268402597013,50.));
#460=CARTESIAN_POINT('',(190.884137044233,31.9235622205855,50.));
#461=CARTESIAN_POINT('',(190.884137044233,31.9235622205855,0.));
#462=CARTESIAN_POINT('',(268.148647080532,96.1103519260537,-6.12323399573677E-15));
#463=CARTESIAN_POINT('',(268.148647080532,96.1103519260537,50.));
#464=CARTESIAN_POINT('',(228.102301630642,66.0757483324555,50.));
#465=CARTESIAN_POINT('',(188.055956180752,36.0411447388572,50.));
#466=CARTESIAN_POINT('',(188.055956180752,36.0411447388571,0.));
#467=CARTESIAN_POINT('',(259.718194286992,106.426619028008,-6.12323399573676E-15));
#468=CARTESIAN_POINT('',(259.718194286993,106.426619028008,50.));
#469=CARTESIAN_POINT('',(222.306383002991,73.168181694648,50.));
#470=CARTESIAN_POINT('',(184.894571718989,39.9097443612882,50.));
#471=CARTESIAN_POINT('',(184.894571718989,39.9097443612882,0.));
#472=CARTESIAN_POINT('',(250.493366950883,115.972700439079,-6.12323399573677E-15));
#473=CARTESIAN_POINT('',(250.493366950883,115.972700439079,50.));
#474=CARTESIAN_POINT('',(215.964331685835,79.7311146961318,50.));
#475=CARTESIAN_POINT('',(181.435296420787,43.4895289531845,50.));
#476=CARTESIAN_POINT('',(181.435296420787,43.4895289531845,0.));
#477=CARTESIAN_POINT('',(240.579056444733,124.664850930419,-6.12323399573677E-15));
#478=CARTESIAN_POINT('',(240.579056444733,124.664850930419,50.));
#479=CARTESIAN_POINT('',(209.148260093152,85.7069724265657,50.));
#480=CARTESIAN_POINT('',(177.71746374157,46.7490939227124,50.));
#481=CARTESIAN_POINT('',(177.71746374157,46.7490939227124,0.));
#482=CARTESIAN_POINT('',(230.093126717914,132.436178915212,-6.12323399573677E-15));
#483=CARTESIAN_POINT('',(230.093126717914,132.436178915212,50.));
#484=CARTESIAN_POINT('',(201.93919930514,91.0497667738658,50.));
#485=CARTESIAN_POINT('',(173.785271892365,49.6633546325192,50.));
#486=CARTESIAN_POINT('',(173.785271892365,49.6633546325192,0.));
#487=CARTESIAN_POINT('',(219.161646463596,139.240370248468,-6.12323399573677E-15));
#488=CARTESIAN_POINT('',(219.161646463596,139.240370248468,50.));
#489=CARTESIAN_POINT('',(194.423821204066,95.7276565420788,50.));
#490=CARTESIAN_POINT('',(169.685995944536,52.2149428356898,50.));
#491=CARTESIAN_POINT('',(169.685995944536,52.2149428356898,0.));
#492=CARTESIAN_POINT('',(207.909088851949,145.054717086507,-6.12323399573676E-15));
#493=CARTESIAN_POINT('',(207.909088851949,145.054717086507,50.));
#494=CARTESIAN_POINT('',(186.687700811253,99.7250298119777,50.));
#495=CARTESIAN_POINT('',(165.466312770557,54.3953425374481,50.));
#496=CARTESIAN_POINT('',(165.466312770557,54.3953425374481,0.));
#497=CARTESIAN_POINT('',(196.462140944349,149.874499188819,-6.12323399573677E-15));
#498=CARTESIAN_POINT('',(196.462140944349,149.874499188819,50.));
#499=CARTESIAN_POINT('',(178.81793526112,103.03864109543,50.));
#500=CARTESIAN_POINT('',(161.17372957789,56.2027830020404,50.));
#501=CARTESIAN_POINT('',(161.17372957789,56.2027830020404,0.));
#502=CARTESIAN_POINT('',(188.688267828771,152.465912940745,-6.12323399573676E-15));
#503=CARTESIAN_POINT('',(188.688267828771,152.465912940745,50.));
#504=CARTESIAN_POINT('',(173.473403676138,104.820246153896,50.));
#505=CARTESIAN_POINT('',(158.258539523505,57.1745793670473,50.));
#506=CARTESIAN_POINT('',(158.258539523505,57.1745793670473,0.));
#507=CARTESIAN_POINT('',(184.800921010037,153.599731366855,-6.12323399573677E-15));
#508=CARTESIAN_POINT('',(184.800921010037,153.599731366855,50.));
#509=CARTESIAN_POINT('',(170.800855479768,105.599750479899,50.));
#510=CARTESIAN_POINT('',(156.800789949498,57.5997695929429,50.));
#511=CARTESIAN_POINT('',(156.800789949498,57.5997695929429,0.));
#512=CARTESIAN_POINT('',(-184.800863589225,153.59974811641,-6.12323399573677E-15));
#513=CARTESIAN_POINT('',(-184.800863589225,153.59974811641,50.));
#514=CARTESIAN_POINT('',(-170.800624185464,105.599817943154,50.));
#515=CARTESIAN_POINT('',(-156.800384781703,57.5998877698993,50.));
#516=CARTESIAN_POINT('',(-156.800384781703,57.5998877698993,0.));
#517=CARTESIAN_POINT('',(-192.662651354286,151.307091105449,-6.12323399573677E-15));
#518=CARTESIAN_POINT('',(-192.662651354286,151.307091105449,50.));
#519=CARTESIAN_POINT('',(-176.205601195986,104.023616852852,50.));
#520=CARTESIAN_POINT('',(-159.748551037686,56.7401426002551,50.));
#521=CARTESIAN_POINT('',(-159.748551037686,56.7401426002552,0.));
#522=CARTESIAN_POINT('',(-204.30923943884,146.915019167108,-6.12323399573677E-15));
#523=CARTESIAN_POINT('',(-204.30923943884,146.915019167108,50.));
#524=CARTESIAN_POINT('',(-184.212626700641,101.004068775272,50.));
#525=CARTESIAN_POINT('',(-164.116013962442,55.0931183834354,50.0000000000001));
#526=CARTESIAN_POINT('',(-164.116013962442,55.0931183834353,0.));
#527=CARTESIAN_POINT('',(-219.160913051685,139.24073472434,-6.12323399573677E-15));
#528=CARTESIAN_POINT('',(-219.160913051685,139.24073472434,50.));
#529=CARTESIAN_POINT('',(-194.423146390782,95.7280015111011,50.));
#530=CARTESIAN_POINT('',(-169.685379729879,52.2152682978619,50.));
#531=CARTESIAN_POINT('',(-169.68537972988,52.2152682978619,0.));
#532=CARTESIAN_POINT('',(-230.093139316226,132.436181402027,-6.12323399573677E-15));
#533=CARTESIAN_POINT('',(-230.093139316226,132.436181402027,50.));
#534=CARTESIAN_POINT('',(-201.939047136642,91.0498744841073,50.));
#535=CARTESIAN_POINT('',(-173.784954957057,49.6635675661878,50.));
#536=CARTESIAN_POINT('',(-173.784954957057,49.6635675661878,0.));
#537=CARTESIAN_POINT('',(-240.578501627085,124.665253334267,-6.12323399573676E-15));
#538=CARTESIAN_POINT('',(-240.578501627085,124.665253334267,50.));
#539=CARTESIAN_POINT('',(-209.147728775088,85.7073658059876,50.));
#540=CARTESIAN_POINT('',(-177.71695592309,46.7494782777079,50.));
#541=CARTESIAN_POINT('',(-177.71695592309,46.7494782777078,0.));
#542=CARTESIAN_POINT('',(-250.493109282334,115.972994882798,-6.12323399573677E-15));
#543=CARTESIAN_POINT('',(-250.493109282334,115.972994882798,50.));
#544=CARTESIAN_POINT('',(-215.964016660956,79.7314435287367,50.));
#545=CARTESIAN_POINT('',(-181.434924039577,43.4898921746755,50.));
#546=CARTESIAN_POINT('',(-181.434924039578,43.4898921746756,0.));
#547=CARTESIAN_POINT('',(-259.718849218039,106.425828974539,-6.12323399573677E-15));
#548=CARTESIAN_POINT('',(-259.718849218039,106.425828974539,50.));
#549=CARTESIAN_POINT('',(-222.306708287693,73.1677734223097,50.));
#550=CARTESIAN_POINT('',(-184.894567357347,39.9097178700807,50.));
#551=CARTESIAN_POINT('',(-184.894567357347,39.9097178700807,0.));
#552=CARTESIAN_POINT('',(-268.148086925691,96.1110793747133,-6.12323399573677E-15));
#553=CARTESIAN_POINT('',(-268.148086925691,96.1110793747132,50.));
#554=CARTESIAN_POINT('',(-228.101805155687,66.076390525446,50.));
#555=CARTESIAN_POINT('',(-188.055523385682,36.0417016761788,50.));
#556=CARTESIAN_POINT('',(-188.055523385682,36.0417016761788,0.));
#557=CARTESIAN_POINT('',(-275.691122631729,85.1292315949467,-6.12323399573677E-15));
#558=CARTESIAN_POINT('',(-275.691122631729,85.1292315949468,50.));
#559=CARTESIAN_POINT('',(-233.287638882197,58.5263785523736,50.));
#560=CARTESIAN_POINT('',(-190.884155132665,31.9235255098005,50.));
#561=CARTESIAN_POINT('',(-190.884155132665,31.9235255098004,0.));
#562=CARTESIAN_POINT('',(-282.272343411789,73.6004731331515,-6.12323399573676E-15));
#563=CARTESIAN_POINT('',(-282.27234341179,73.6004731331515,50.));
#564=CARTESIAN_POINT('',(-237.812225767879,50.6003661987963,50.));
#565=CARTESIAN_POINT('',(-193.352108123968,27.600259264441,50.));
#566=CARTESIAN_POINT('',(-193.352108123968,27.6002592644411,0.));
#567=CARTESIAN_POINT('',(-287.840759368149,61.6487968789889,-6.12323399573677E-15));
#568=CARTESIAN_POINT('',(-287.840759368149,61.6487968789889,50.));
#569=CARTESIAN_POINT('',(-241.64051040773,42.3835986540411,50.));
#570=CARTESIAN_POINT('',(-195.440261447312,23.1184004290934,50.));
#571=CARTESIAN_POINT('',(-195.440261447312,23.1184004290934,0.));
#572=CARTESIAN_POINT('',(-292.36501844153,49.406663758861,-6.12323399573676E-15));
#573=CARTESIAN_POINT('',(-292.36501844153,49.406663758861,50.));
#574=CARTESIAN_POINT('',(-244.750938366703,33.9671416599078,50.));
#575=CARTESIAN_POINT('',(-197.136858291876,18.5276195609546,50.));
#576=CARTESIAN_POINT('',(-197.136858291876,18.5276195609546,0.));
#577=CARTESIAN_POINT('',(-295.836488134786,37.0058837448909,-6.12323399573677E-15));
#578=CARTESIAN_POINT('',(-295.836488134787,37.0058837448909,50.));
#579=CARTESIAN_POINT('',(-247.137574860452,25.4416178410733,50.));
#580=CARTESIAN_POINT('',(-198.438661586117,13.8773519372558,50.));
#581=CARTESIAN_POINT('',(-198.438661586117,13.8773519372558,0.));
#582=CARTESIAN_POINT('',(-298.267143577235,24.5766702470263,-6.12323399573677E-15));
#583=CARTESIAN_POINT('',(-298.267143577235,24.5766702470263,50.));
#584=CARTESIAN_POINT('',(-248.808652798289,16.8965357989126,50.));
#585=CARTESIAN_POINT('',(-199.350162019344,9.21640135079882,50.));
#586=CARTESIAN_POINT('',(-199.350162019343,9.21640135079879,0.));
#587=CARTESIAN_POINT('',(-299.6890238445,12.2380078271677,-6.12323399573677E-15));
#588=CARTESIAN_POINT('',(-299.6890238445,12.2380078271677,50.));
#589=CARTESIAN_POINT('',(-249.786199007523,8.41374484711981,50.));
#590=CARTESIAN_POINT('',(-199.883374170546,4.58948186707199,50.));
#591=CARTESIAN_POINT('',(-199.883374170546,4.58948186707198,0.));
#592=CARTESIAN_POINT('',(-300.153740157259,-0.000274000305394928,-6.12323399573677E-15));
#593=CARTESIAN_POINT('',(-300.153740157259,-0.000274000305394906,50.));
#594=CARTESIAN_POINT('',(-250.105696162699,-0.00017394903522483,50.));
#595=CARTESIAN_POINT('',(-200.057652168138,-7.38977651191439E-05,50.));
#596=CARTESIAN_POINT('',(-200.057652168138,-7.38977650915906E-05,0.));
#597=CARTESIAN_POINT('',(-299.68905692654,-12.2372275039695,-6.12323399573677E-15));
#598=CARTESIAN_POINT('',(-299.68905692654,-12.2372275039695,50.));
#599=CARTESIAN_POINT('',(-249.786232313622,-8.4130411776842,50.));
#600=CARTESIAN_POINT('',(-199.883407700703,-4.58885485139886,50.));
#601=CARTESIAN_POINT('',(-199.883407700703,-4.58885485139888,0.));
#602=CARTESIAN_POINT('',(-298.267243552514,-24.5762211504582,-6.12323399573677E-15));
#603=CARTESIAN_POINT('',(-298.267243552514,-24.5762211504582,50.));
#604=CARTESIAN_POINT('',(-248.808742743157,-16.8960984028972,50.));
#605=CARTESIAN_POINT('',(-199.350241933801,-9.21597565533624,50.));
#606=CARTESIAN_POINT('',(-199.350241933801,-9.21597565533622,0.));
#607=CARTESIAN_POINT('',(-295.836390473838,-37.0063056746001,-6.12323399573677E-15));
#608=CARTESIAN_POINT('',(-295.836390473838,-37.0063056746001,50.));
#609=CARTESIAN_POINT('',(-247.13753965863,-25.4417712612471,50.));
#610=CARTESIAN_POINT('',(-198.438688843423,-13.877236847894,50.));
#611=CARTESIAN_POINT('',(-198.438688843423,-13.877236847894,0.));
#612=CARTESIAN_POINT('',(-292.365055122506,-49.4064948767862,-6.12323399573677E-15));
#613=CARTESIAN_POINT('',(-292.365055122506,-49.4064948767863,50.));
#614=CARTESIAN_POINT('',(-244.751006227759,-33.9668946288774,50.));
#615=CARTESIAN_POINT('',(-197.136957333011,-18.5272943809687,50.));
#616=CARTESIAN_POINT('',(-197.136957333011,-18.5272943809687,0.));
#617=CARTESIAN_POINT('',(-287.840939867994,-61.6483420436448,-6.12323399573676E-15));
#618=CARTESIAN_POINT('',(-287.840939867994,-61.6483420436449,50.));
#619=CARTESIAN_POINT('',(-241.640687710257,-42.3831581960913,50.));
#620=CARTESIAN_POINT('',(-195.440435552521,-23.1179743485378,50.));
#621=CARTESIAN_POINT('',(-195.44043555252,-23.1179743485378,0.));
#622=CARTESIAN_POINT('',(-282.272517554556,-73.6002254647218,-6.12323399573677E-15));
#623=CARTESIAN_POINT('',(-282.272517554556,-73.6002254647218,50.));
#624=CARTESIAN_POINT('',(-237.812409015552,-50.6000731734477,50.));
#625=CARTESIAN_POINT('',(-193.352300476549,-27.5999208821735,50.));
#626=CARTESIAN_POINT('',(-193.352300476549,-27.5999208821735,0.));
#627=CARTESIAN_POINT('',(-275.690503783859,-85.1301780557032,-6.12323399573676E-15));
#628=CARTESIAN_POINT('',(-275.690503783859,-85.1301780557033,50.));
#629=CARTESIAN_POINT('',(-233.287286900371,-58.5269121177013,50.));
#630=CARTESIAN_POINT('',(-190.884070016883,-31.9236461796994,50.));
#631=CARTESIAN_POINT('',(-190.884070016883,-31.9236461796994,0.));
#632=CARTESIAN_POINT('',(-268.148585459456,-96.1104144949829,-6.12323399573677E-15));
#633=CARTESIAN_POINT('',(-268.148585459455,-96.110414494983,50.));
#634=CARTESIAN_POINT('',(-228.102230850759,-66.075822818667,50.));
#635=CARTESIAN_POINT('',(-188.055876242062,-36.041231142351,50.));
#636=CARTESIAN_POINT('',(-188.055876242062,-36.041231142351,0.));
#637=CARTESIAN_POINT('',(-259.718114302876,-106.426688195804,-6.12323399573677E-15));
#638=CARTESIAN_POINT('',(-259.718114302876,-106.426688195804,50.));
#639=CARTESIAN_POINT('',(-222.306294890776,-73.168260806915,50.));
#640=CARTESIAN_POINT('',(-184.894475478675,-39.9098334180264,50.));
#641=CARTESIAN_POINT('',(-184.894475478675,-39.9098334180264,0.));
#642=CARTESIAN_POINT('',(-250.493296822472,-115.972758017423,-6.12323399573677E-15));
#643=CARTESIAN_POINT('',(-250.493296822472,-115.972758017423,50.));
#644=CARTESIAN_POINT('',(-215.964245691175,-79.7311853171904,50.));
#645=CARTESIAN_POINT('',(-181.435194559878,-43.4896126169581,50.));
#646=CARTESIAN_POINT('',(-181.435194559878,-43.4896126169581,0.));
#647=CARTESIAN_POINT('',(-240.578893135112,-124.664953936998,-6.12323399573676E-15));
#648=CARTESIAN_POINT('',(-240.578893135112,-124.664953936998,50.));
#649=CARTESIAN_POINT('',(-209.148105535434,-85.7070731606403,50.));
#650=CARTESIAN_POINT('',(-177.717317935757,-46.749192384283,50.));
#651=CARTESIAN_POINT('',(-177.717317935757,-46.749192384283,0.));
#652=CARTESIAN_POINT('',(-230.0932711311,-132.436094314937,-6.12323399573677E-15));
#653=CARTESIAN_POINT('',(-230.093271131099,-132.436094314937,50.));
#654=CARTESIAN_POINT('',(-201.939252065239,-91.0497368522572,50.));
#655=CARTESIAN_POINT('',(-173.785232999378,-49.6633793895776,50.));
#656=CARTESIAN_POINT('',(-173.785232999379,-49.6633793895776,0.));
#657=CARTESIAN_POINT('',(-219.160609510967,-139.240963588284,-6.12323399573676E-15));
#658=CARTESIAN_POINT('',(-219.160609510968,-139.240963588284,50.));
#659=CARTESIAN_POINT('',(-194.423057886016,-95.7280905312409,50.));
#660=CARTESIAN_POINT('',(-169.685506261065,-52.2152174741977,50.));
#661=CARTESIAN_POINT('',(-169.685506261065,-52.2152174741977,0.));
#662=CARTESIAN_POINT('',(-207.909050016829,-145.054676369971,-6.12323399573677E-15));
#663=CARTESIAN_POINT('',(-207.909050016828,-145.054676369971,50.));
#664=CARTESIAN_POINT('',(-186.68762023493,-99.7250252882394,50.));
#665=CARTESIAN_POINT('',(-165.466190453032,-54.3953742065074,50.));
#666=CARTESIAN_POINT('',(-165.466190453032,-54.3953742065074,0.));
#667=CARTESIAN_POINT('',(-196.462586567316,-149.874383811286,-6.12323399573676E-15));
#668=CARTESIAN_POINT('',(-196.462586567316,-149.874383811286,50.));
#669=CARTESIAN_POINT('',(-178.818184771778,-103.03858230447,50.));
#670=CARTESIAN_POINT('',(-161.173782976239,-56.2027807976532,50.));
#671=CARTESIAN_POINT('',(-161.173782976239,-56.2027807976531,0.));
#672=CARTESIAN_POINT('',(-188.68662646398,-152.466433288747,-6.12323399573677E-15));
#673=CARTESIAN_POINT('',(-188.68662646398,-152.466433288747,50.));
#674=CARTESIAN_POINT('',(-173.472216728404,-104.820622277441,50.));
#675=CARTESIAN_POINT('',(-158.257806992828,-57.1748112661343,50.));
#676=CARTESIAN_POINT('',(-158.257806992828,-57.1748112661343,0.));
#677=CARTESIAN_POINT('',(-184.800670756594,-153.599804359884,-6.12323399573677E-15));
#678=CARTESIAN_POINT('',(-184.800670756594,-153.599804359884,50.));
#679=CARTESIAN_POINT('',(-170.800624185464,-105.599817943155,50.));
#680=CARTESIAN_POINT('',(-156.800577614335,-57.5998315264252,50.));
#681=CARTESIAN_POINT('',(-156.800577614335,-57.5998315264252,0.));
#682=CARTESIAN_POINT('',(0.,-95.,0.));
#683=CARTESIAN_POINT('',(18.3664836097907,-95.,0.));
#684=CARTESIAN_POINT('',(34.111294545366,-85.5433278162082,0.));
#685=CARTESIAN_POINT('',(40.3732132017052,-81.7822847514884,0.));
#686=CARTESIAN_POINT('',(38.6948849747101,-74.6731157032974,0.));
#687=CARTESIAN_POINT('',(21.0661020560642,2.38712791793365E-14,0.));
#688=CARTESIAN_POINT('',(38.69488497471,74.6731157032974,0.));
#689=CARTESIAN_POINT('',(40.3732132017051,81.7822847514884,0.));
#690=CARTESIAN_POINT('',(34.1112945453659,85.5433278162082,0.));
#691=CARTESIAN_POINT('',(18.3664836097907,95.,0.));
#692=CARTESIAN_POINT('',(0.,95.,0.));
#693=CARTESIAN_POINT('',(0.,-95.,0.));
#694=CARTESIAN_POINT('',(18.3664836097907,-95.,-18.3664836097907));
#695=CARTESIAN_POINT('',(34.111294545366,-85.5433278162082,-34.111294545366));
#696=CARTESIAN_POINT('',(40.3732132017052,-81.7822847514884,-40.3732132017051));
#697=CARTESIAN_POINT('',(38.6948849747101,-74.6731157032974,-38.6948849747101));
#698=CARTESIAN_POINT('',(21.0661020560642,2.38712791793365E-14,-21.0661020560642));
#699=CARTESIAN_POINT('',(38.69488497471,74.6731157032974,-38.69488497471));
#700=CARTESIAN_POINT('',(40.3732132017051,81.7822847514884,-40.3732132017051));
#701=CARTESIAN_POINT('',(34.1112945453659,85.5433278162082,-34.1112945453659));
#702=CARTESIAN_POINT('',(18.3664836097907,95.,-18.3664836097907));
#703=CARTESIAN_POINT('',(0.,95.,0.));
#704=CARTESIAN_POINT('',(0.,-95.,0.));
#705=CARTESIAN_POINT('',(1.12462276821613E-15,-95.,-18.3664836097907));
#706=CARTESIAN_POINT('',(2.08871438398775E-15,-85.5433278162082,-34.111294545366));
#707=CARTESIAN_POINT('',(2.47214631593809E-15,-81.7822847514884,-40.3732132017052));
#708=CARTESIAN_POINT('',(2.36937835138269E-15,-74.6731157032974,-38.6948849747101));
#709=CARTESIAN_POINT('',(1.28992672267353E-15,2.38712791793365E-14,-21.0661020560642));
#710=CARTESIAN_POINT('',(2.36937835138268E-15,74.6731157032974,-38.69488497471));
#711=CARTESIAN_POINT('',(2.47214631593809E-15,81.7822847514884,-40.3732132017051));
#712=CARTESIAN_POINT('',(2.08871438398775E-15,85.5433278162082,-34.1112945453659));
#713=CARTESIAN_POINT('',(1.12462276821613E-15,95.,-18.3664836097907));
#714=CARTESIAN_POINT('',(0.,95.,0.));
#715=CARTESIAN_POINT('',(0.,-95.,0.));
#716=CARTESIAN_POINT('',(-18.3664836097907,-95.,-18.3664836097907));
#717=CARTESIAN_POINT('',(-34.111294545366,-85.5433278162082,-34.111294545366));
#718=CARTESIAN_POINT('',(-40.3732132017051,-81.7822847514884,-40.3732132017052));
#719=CARTESIAN_POINT('',(-38.6948849747101,-74.6731157032974,-38.6948849747101));
#720=CARTESIAN_POINT('',(-21.0661020560642,2.38712791793365E-14,-21.0661020560642));
#721=CARTESIAN_POINT('',(-38.69488497471,74.6731157032974,-38.69488497471));
#722=CARTESIAN_POINT('',(-40.3732132017051,81.7822847514884,-40.3732132017051));
#723=CARTESIAN_POINT('',(-34.1112945453659,85.5433278162082,-34.1112945453659));
#724=CARTESIAN_POINT('',(-18.3664836097907,95.,-18.3664836097907));
#725=CARTESIAN_POINT('',(0.,95.,0.));
#726=CARTESIAN_POINT('',(0.,-95.,0.));
#727=CARTESIAN_POINT('',(-18.3664836097907,-95.,-2.24924553643225E-15));
#728=CARTESIAN_POINT('',(-34.111294545366,-85.5433278162082,-4.1774287679755E-15));
#729=CARTESIAN_POINT('',(-40.3732132017052,-81.7822847514884,-4.94429263187619E-15));
#730=CARTESIAN_POINT('',(-38.6948849747101,-74.6731157032974,-4.73875670276537E-15));
#731=CARTESIAN_POINT('',(-21.0661020560642,2.38712791793365E-14,-2.57985344534705E-15));
#732=CARTESIAN_POINT('',(-38.69488497471,74.6731157032974,-4.73875670276536E-15));
#733=CARTESIAN_POINT('',(-40.3732132017051,81.7822847514884,-4.94429263187618E-15));
#734=CARTESIAN_POINT('',(-34.1112945453659,85.5433278162082,-4.17742876797549E-15));
#735=CARTESIAN_POINT('',(-18.3664836097907,95.,-2.24924553643225E-15));
#736=CARTESIAN_POINT('',(0.,95.,0.));
#737=CARTESIAN_POINT('',(184.800921010037,153.599731366855,-6.12323399573677E-15));
#738=CARTESIAN_POINT('',(184.800921010037,153.599731366855,50.));
#739=CARTESIAN_POINT('',(170.800855479768,105.599750479899,50.));
#740=CARTESIAN_POINT('',(156.800789949498,57.5997695929429,50.));
#741=CARTESIAN_POINT('',(156.800789949498,57.5997695929429,0.));
#742=CARTESIAN_POINT('',(169.948683791669,157.931719574921,-6.12323399573677E-15));
#743=CARTESIAN_POINT('',(169.948683791669,157.931719574921,50.));
#744=CARTESIAN_POINT('',(157.073787403414,109.603557858417,50.));
#745=CARTESIAN_POINT('',(144.19889101516,61.2753961419128,50.));
#746=CARTESIAN_POINT('',(144.19889101516,61.2753961419128,0.));
#747=CARTESIAN_POINT('',(139.825912409244,165.579427971142,-6.12323399573677E-15));
#748=CARTESIAN_POINT('',(139.825912409244,165.579427971142,50.));
#749=CARTESIAN_POINT('',(129.233048983094,116.671893014786,50.));
#750=CARTESIAN_POINT('',(118.640185556943,67.7643580584291,50.));
#751=CARTESIAN_POINT('',(118.640185556943,67.7643580584292,0.));
#752=CARTESIAN_POINT('',(93.8080678571067,173.860369241229,-6.12323399573677E-15));
#753=CARTESIAN_POINT('',(93.8080678571067,173.860369241229,50.));
#754=CARTESIAN_POINT('',(86.7014251831725,124.325487498611,50.));
#755=CARTESIAN_POINT('',(79.5947825092383,74.7906057559936,50.));
#756=CARTESIAN_POINT('',(79.5947825092384,74.7906057559936,0.));
#757=CARTESIAN_POINT('',(47.0835424078468,178.879394256011,-6.12323399573677E-15));
#758=CARTESIAN_POINT('',(47.0835424078468,178.879394256011,50.));
#759=CARTESIAN_POINT('',(43.5166661263715,128.964283053252,50.));
#760=CARTESIAN_POINT('',(39.9497898448961,79.0491718504927,50.));
#761=CARTESIAN_POINT('',(39.9497898448962,79.0491718504927,0.));
#762=CARTESIAN_POINT('',(0.000403336497477369,180.560989136711,-6.12323399573677E-15));
#763=CARTESIAN_POINT('',(0.000403336497483504,180.560989136711,50.));
#764=CARTESIAN_POINT('',(0.000465684471834038,130.518488488841,50.));
#765=CARTESIAN_POINT('',(0.000528032446175823,80.4759878409712,50.));
#766=CARTESIAN_POINT('',(0.000528032446201365,80.4759878409712,0.));
#767=CARTESIAN_POINT('',(-47.0828148468879,178.879451717643,-6.12323399573676E-15));
#768=CARTESIAN_POINT('',(-47.0828148468879,178.879451717643,50.));
#769=CARTESIAN_POINT('',(-43.5158083491393,128.964349405751,50.));
#770=CARTESIAN_POINT('',(-39.9488018513907,79.0492470938581,50.));
#771=CARTESIAN_POINT('',(-39.9488018513908,79.0492470938581,0.));
#772=CARTESIAN_POINT('',(-93.8076369168923,173.860435709494,-6.12323399573677E-15));
#773=CARTESIAN_POINT('',(-93.8076369168923,173.860435709494,50.));
#774=CARTESIAN_POINT('',(-86.7008429672342,124.325575318621,50.));
#775=CARTESIAN_POINT('',(-79.5940490175761,74.7907149277487,50.));
#776=CARTESIAN_POINT('',(-79.594049017576,74.7907149277487,0.));
#777=CARTESIAN_POINT('',(-139.825480608737,165.579518109674,-6.12323399573676E-15));
#778=CARTESIAN_POINT('',(-139.825480608737,165.579518109674,49.9999999999999));
#779=CARTESIAN_POINT('',(-129.232468301391,116.672015656196,50.));
#780=CARTESIAN_POINT('',(-118.639455994045,67.7645132027177,50.));
#781=CARTESIAN_POINT('',(-118.639455994045,67.7645132027178,0.));
#782=CARTESIAN_POINT('',(-169.948278676558,157.931833087098,-6.12323399573677E-15));
#783=CARTESIAN_POINT('',(-169.948278676558,157.931833087098,50.));
#784=CARTESIAN_POINT('',(-157.07323353671,109.60371057594,50.));
#785=CARTESIAN_POINT('',(-144.198188396862,61.2755880647818,50.));
#786=CARTESIAN_POINT('',(-144.198188396862,61.2755880647817,0.));
#787=CARTESIAN_POINT('',(-184.800863589225,153.59974811641,-6.12323399573677E-15));
#788=CARTESIAN_POINT('',(-184.800863589225,153.59974811641,50.));
#789=CARTESIAN_POINT('',(-170.800624185464,105.599817943154,50.));
#790=CARTESIAN_POINT('',(-156.800384781703,57.5998877698993,50.));
#791=CARTESIAN_POINT('',(-156.800384781703,57.5998877698993,0.));
#792=CARTESIAN_POINT('',(-184.800670756594,-153.599804359884,-6.12323399573677E-15));
#793=CARTESIAN_POINT('',(-184.800670756594,-153.599804359884,50.));
#794=CARTESIAN_POINT('',(-170.800624185464,-105.599817943155,50.));
#795=CARTESIAN_POINT('',(-156.800577614335,-57.5998315264252,50.));
#796=CARTESIAN_POINT('',(-156.800577614335,-57.5998315264252,0.));
#797=CARTESIAN_POINT('',(-169.948431828456,-157.931786703206,-6.12323399573677E-15));
#798=CARTESIAN_POINT('',(-169.948431828455,-157.931786703206,50.));
#799=CARTESIAN_POINT('',(-157.073554527719,-109.603619899719,50.));
#800=CARTESIAN_POINT('',(-144.198677226983,-61.2754530962327,50.));
#801=CARTESIAN_POINT('',(-144.198677226983,-61.2754530962328,0.));
#802=CARTESIAN_POINT('',(-139.825655265026,-165.579483814918,-6.12323399573677E-15));
#803=CARTESIAN_POINT('',(-139.825655265026,-165.579483814918,50.));
#804=CARTESIAN_POINT('',(-129.232813315294,-116.671944059521,50.));
#805=CARTESIAN_POINT('',(-118.639971365561,-67.7644043041237,50.));
#806=CARTESIAN_POINT('',(-118.639971365561,-67.7644043041236,0.));
#807=CARTESIAN_POINT('',(-93.8077990419881,-173.860408059658,-6.12323399573677E-15));
#808=CARTESIAN_POINT('',(-93.807799041988,-173.860408059658,50.));
#809=CARTESIAN_POINT('',(-86.7011864931876,-124.325521744006,50.));
#810=CARTESIAN_POINT('',(-79.5945739443868,-74.7906354283535,50.));
#811=CARTESIAN_POINT('',(-79.5945739443869,-74.7906354283536,0.));
#812=CARTESIAN_POINT('',(-47.0832595954429,-178.879414778987,-6.12323399573677E-15));
#813=CARTESIAN_POINT('',(-47.0832595954429,-178.879414778987,50.));
#814=CARTESIAN_POINT('',(-43.5164256011213,-128.96430024181,50.));
#815=CARTESIAN_POINT('',(-39.9495916067998,-79.049185704632,50.));
#816=CARTESIAN_POINT('',(-39.9495916067998,-79.0491857046319,0.));
#817=CARTESIAN_POINT('',(-0.000106061898149434,-180.560989470344,-6.12323399573677E-15));
#818=CARTESIAN_POINT('',(-0.00010606189811051,-180.560989470344,50.));
#819=CARTESIAN_POINT('',(-0.00022453897196506,-130.518488489135,50.));
#820=CARTESIAN_POINT('',(-0.000343016045743843,-80.4759875079254,50.));
#821=CARTESIAN_POINT('',(-0.000343016045734501,-80.4759875079254,0.));
#822=CARTESIAN_POINT('',(47.0831250692108,-178.87942986149,-6.12323399573677E-15));
#823=CARTESIAN_POINT('',(47.0831250692108,-178.87942986149,50.));
#824=CARTESIAN_POINT('',(43.5160488862673,-128.964332216809,50.));
#825=CARTESIAN_POINT('',(39.9489727033237,-79.0492345721273,50.));
#826=CARTESIAN_POINT('',(39.9489727033238,-79.0492345721273,0.));
#827=CARTESIAN_POINT('',(93.8079566214836,-173.860390092311,-6.12323399573676E-15));
#828=CARTESIAN_POINT('',(93.8079566214836,-173.860390092311,50.));
#829=CARTESIAN_POINT('',(86.7010816773966,-124.325541070734,50.));
#830=CARTESIAN_POINT('',(79.5942067333097,-74.790692049156,50.));
#831=CARTESIAN_POINT('',(79.5942067333096,-74.7906920491559,0.));
#832=CARTESIAN_POINT('',(139.825804538119,-165.579448095358,-6.12323399573677E-15));
#833=CARTESIAN_POINT('',(139.825804538119,-165.579448095358,50.));
#834=CARTESIAN_POINT('',(129.232703994394,-116.67196460587,50.));
#835=CARTESIAN_POINT('',(118.639603450668,-67.7644811163817,50.));
#836=CARTESIAN_POINT('',(118.639603450668,-67.7644811163817,0.));
#837=CARTESIAN_POINT('',(169.948600881294,-157.931747249469,-6.12323399573677E-15));
#838=CARTESIAN_POINT('',(169.948600881294,-157.931747249469,50.));
#839=CARTESIAN_POINT('',(157.073466417538,-109.603648533147,50.));
#840=CARTESIAN_POINT('',(144.198331953781,-61.2755498168265,50.));
#841=CARTESIAN_POINT('',(144.198331953781,-61.2755498168266,0.));
#842=CARTESIAN_POINT('',(184.801183599196,-153.599654777182,-6.12323399573677E-15));
#843=CARTESIAN_POINT('',(184.801183599196,-153.599654777182,50.));
#844=CARTESIAN_POINT('',(170.800855479768,-105.599750479899,50.));
#845=CARTESIAN_POINT('',(156.800527360339,-57.5998461826159,50.));
#846=CARTESIAN_POINT('',(156.800527360339,-57.5998461826159,0.));
#847=CARTESIAN_POINT('',(-38.639310967397,74.4373188314614,-3.82236574536316E-13));
#848=CARTESIAN_POINT('',(-38.6393636349049,74.4372529696269,-1.44083614948042));
#849=CARTESIAN_POINT('',(-38.5770936137415,74.5164745757948,-2.88160860294672));
#850=CARTESIAN_POINT('',(-38.4539931168495,74.6731157032974,-4.31097860993654));
#851=CARTESIAN_POINT('',(-39.6218230386714,78.6130226413224,-3.89354574599827E-13));
#852=CARTESIAN_POINT('',(-39.6217718051075,78.6130811691261,-1.336715195048));
#853=CARTESIAN_POINT('',(-39.5696404009642,78.6694332163689,-2.6694793255277));
#854=CARTESIAN_POINT('',(-39.4644298094508,78.7832448143593,-4.00732803133708));
#855=CARTESIAN_POINT('',(-43.8983576058784,78.2767424406396,0.));
#856=CARTESIAN_POINT('',(-43.8984232627004,78.276682554148,-1.47484335734896));
#857=CARTESIAN_POINT('',(-43.8244401541906,78.3482121149869,-2.94961764433775));
#858=CARTESIAN_POINT('',(-43.6782684705051,78.4896326640948,-4.41193022739827));
#859=CARTESIAN_POINT('',(38.4539933634045,74.6731157032974,-4.31097641066184));
#860=CARTESIAN_POINT('',(38.577093673567,74.5164748358453,-2.88160778100171));
#861=CARTESIAN_POINT('',(38.6393637326669,74.4372531806524,-1.44083535142959));
#862=CARTESIAN_POINT('',(38.6393110285471,74.437319091351,4.5560573041375E-13));
#863=CARTESIAN_POINT('',(38.639363695944,74.4372532296714,1.4408354006875));
#864=CARTESIAN_POINT('',(38.5770937387213,74.5164747478207,2.88160710553602));
#865=CARTESIAN_POINT('',(38.4539933666008,74.6731157032974,4.31097638215074));
#866=CARTESIAN_POINT('',(38.253486152345,74.8246451512088,6.42004684164777));
#867=CARTESIAN_POINT('',(37.5453360741892,75.3594256509787,10.6386567493149));
#868=CARTESIAN_POINT('',(35.4389331865858,76.8232095624617,16.7368305881087));
#869=CARTESIAN_POINT('',(32.0561321697178,78.8517413608577,22.3159854074689));
#870=CARTESIAN_POINT('',(28.060151435248,80.7270387734909,26.2195593011154));
#871=CARTESIAN_POINT('',(24.1771408413066,82.1219412883621,28.8194942070614));
#872=CARTESIAN_POINT('',(20.6172089063748,83.1537302317811,30.6461576562863));
#873=CARTESIAN_POINT('',(14.9573325906585,84.3751570948442,32.7532896685972));
#874=CARTESIAN_POINT('',(8.47530794264836,85.0997713664321,34.0418464237001));
#875=CARTESIAN_POINT('',(2.85759455338813,85.3050587599103,34.4300338502567));
#876=CARTESIAN_POINT('',(0.000282273139707148,85.3275579090217,34.4697777626937));
#877=CARTESIAN_POINT('',(-2.85728516191865,85.3055528254779,34.4296820966958));
#878=CARTESIAN_POINT('',(-6.79589033925404,85.1602825090672,34.1585765633045));
#879=CARTESIAN_POINT('',(-11.7077276312723,84.7392710192348,33.3986491916099));
#880=CARTESIAN_POINT('',(-15.6411084077683,84.1706196496598,32.4045344471757));
#881=CARTESIAN_POINT('',(-18.6524327478007,83.5776702160278,31.3776584826813));
#882=CARTESIAN_POINT('',(-21.3043907872577,82.9546406495386,30.2932620060855));
#883=CARTESIAN_POINT('',(-23.6485195363428,82.2753787843603,29.0910511483416));
#884=CARTESIAN_POINT('',(-25.6935275219044,81.5769960125918,27.8039527200092));
#885=CARTESIAN_POINT('',(-27.55400041841,80.8780562202448,26.4733142560928));
#886=CARTESIAN_POINT('',(-29.6832408097925,79.9661525537093,24.6351834046535));
#887=CARTESIAN_POINT('',(-32.6425874684701,78.4991821822601,21.3471617459023));
#888=CARTESIAN_POINT('',(-34.912312186903,77.1395980118299,17.6066406386512));
#889=CARTESIAN_POINT('',(-36.5341891439148,76.0617623080084,13.5648024324852));
#890=CARTESIAN_POINT('',(-37.4318149138276,75.4304082161773,10.5540320556839));
#891=CARTESIAN_POINT('',(-38.0787076959828,74.9563912002738,7.45950994005953));
#892=CARTESIAN_POINT('',(-38.3538891525168,74.7489214903057,5.36559719476873));
#893=CARTESIAN_POINT('',(-38.4539931168495,74.6731157032974,4.31097860993614));
#894=CARTESIAN_POINT('',(-38.5770936137409,74.5164745757919,2.88160860294633));
#895=CARTESIAN_POINT('',(-38.6393636349061,74.4372529696324,1.44083614948008));
#896=CARTESIAN_POINT('',(-38.639310967396,74.4373188314573,4.58569178220119E-13));
#897=CARTESIAN_POINT('',(39.4644299586079,78.7832446020193,-4.00732602741126));
#898=CARTESIAN_POINT('',(39.5696404263502,78.6694331534704,-2.66947862458809));
#899=CARTESIAN_POINT('',(39.6217717971656,78.6130811433986,-1.33671444796459));
#900=CARTESIAN_POINT('',(39.6218230352801,78.6130226114851,4.64476864563764E-13));
#901=CARTESIAN_POINT('',(39.6217718018113,78.6130811391684,1.33671451715685));
#902=CARTESIAN_POINT('',(39.5696404489763,78.6694331260881,2.66947797617044));
#903=CARTESIAN_POINT('',(39.4644299622269,78.7832446010106,4.00732600102456));
#904=CARTESIAN_POINT('',(39.2402965731029,78.9548226753931,5.9687387752845));
#905=CARTESIAN_POINT('',(38.4407501909954,79.5648717506344,9.89062928621137));
#906=CARTESIAN_POINT('',(36.1074227741349,81.1481450402887,15.4068106111465));
#907=CARTESIAN_POINT('',(32.43987254686,83.209463100134,20.2850869051859));
#908=CARTESIAN_POINT('',(28.2234709236705,84.998748453151,23.5243632529931));
#909=CARTESIAN_POINT('',(24.1967622605394,86.2759338515502,25.5592283616891));
#910=CARTESIAN_POINT('',(20.5238646640318,87.1929943701294,26.9106159531597));
#911=CARTESIAN_POINT('',(14.6832703902272,88.2252829980985,28.3257541584614));
#912=CARTESIAN_POINT('',(8.26101642246751,88.7146886028889,28.9399673601923));
#913=CARTESIAN_POINT('',(2.81346944563524,88.8348651371653,29.0974977396233));
#914=CARTESIAN_POINT('',(-0.00118338486027611,88.8491515294183,29.1137622975404));
#915=CARTESIAN_POINT('',(-2.80591828169072,88.8354576000206,29.0970660213023));
#916=CARTESIAN_POINT('',(-6.65871366732543,88.7492291055851,28.9873935427419));
#917=CARTESIAN_POINT('',(-11.5155604776402,88.4669689290766,28.6271060686988));
#918=CARTESIAN_POINT('',(-15.4781997917554,88.0330774092584,28.0585363324954));
#919=CARTESIAN_POINT('',(-18.5447157029545,87.5429226330137,27.3905070377125));
#920=CARTESIAN_POINT('',(-21.2431035147537,87.0128716403637,26.6446925114188));
#921=CARTESIAN_POINT('',(-23.6620806779443,86.4097430326366,25.7563800012852));
#922=CARTESIAN_POINT('',(-25.7918363634583,85.7698962122565,24.7531513179809));
#923=CARTESIAN_POINT('',(-27.7271513137538,85.1236527838219,23.6960902819258));
#924=CARTESIAN_POINT('',(-29.9605675818187,84.2624659793591,22.1908235407294));
#925=CARTESIAN_POINT('',(-33.0886123049094,82.8439128660671,19.4211542975531));
#926=CARTESIAN_POINT('',(-35.5482145637986,81.463096120876,16.1509217115747));
#927=CARTESIAN_POINT('',(-37.3326360008469,80.3163720327535,12.5102128512186));
#928=CARTESIAN_POINT('',(-38.3246055260727,79.6310395837419,9.77320998828803));
#929=CARTESIAN_POINT('',(-39.044398066092,79.1038571018504,6.9294690663437));
#930=CARTESIAN_POINT('',(-39.35250382894,78.8692468624843,4.98683395632618));
#931=CARTESIAN_POINT('',(-39.4644298094508,78.7832448143593,4.00732803133671));
#932=CARTESIAN_POINT('',(-39.5696404009697,78.6694332163668,2.66947932552472));
#933=CARTESIAN_POINT('',(-39.6217718050967,78.6130811691302,1.33671519505029));
#934=CARTESIAN_POINT('',(-39.6218230386795,78.6130226413193,4.67510547269602E-13));
#935=CARTESIAN_POINT('',(43.6782684170766,78.4896327130671,-4.41192797609488));
#936=CARTESIAN_POINT('',(43.8244398741502,78.3482123933652,-2.94961680221002));
#937=CARTESIAN_POINT('',(43.8984230314732,78.2766827941068,-1.47484254026133));
#938=CARTESIAN_POINT('',(43.8983573293138,78.2767427230169,0.));
#939=CARTESIAN_POINT('',(43.8984229859755,78.2766828366593,1.47484259052631));
#940=CARTESIAN_POINT('',(43.8244399540395,78.3482123175175,2.94961611088209));
#941=CARTESIAN_POINT('',(43.6782684197712,78.4896327102952,4.41192794727137));
#942=CARTESIAN_POINT('',(43.4621584776267,78.6980495957771,6.57162422282668));
#943=CARTESIAN_POINT('',(42.6973803651832,79.4336149983305,10.8988317814732));
#944=CARTESIAN_POINT('',(40.3418787961675,81.4481151709783,17.1739521596459));
#945=CARTESIAN_POINT('',(36.4235822174918,84.2421713556862,22.879616511091));
#946=CARTESIAN_POINT('',(31.7042092407556,86.8280292198326,26.7475261316797));
#947=CARTESIAN_POINT('',(27.131575168938,88.7533611274259,29.2025434263734));
#948=CARTESIAN_POINT('',(22.9746144338014,90.1785660680154,30.8498407554727));
#949=CARTESIAN_POINT('',(16.455330974877,91.8674103622697,32.6225815496512));
#950=CARTESIAN_POINT('',(9.22320981537974,92.8714383307005,33.5459753042752));
#951=CARTESIAN_POINT('',(3.10714396658857,93.156142459393,33.8073950638004));
#952=CARTESIAN_POINT('',(-9.00964333958865E-05,93.1873442970264,33.8337858112528));
#953=CARTESIAN_POINT('',(-3.10485469440359,93.1568286732309,33.8068632138027));
#954=CARTESIAN_POINT('',(-7.39759186319906,92.9553566655373,33.6251257398027));
#955=CARTESIAN_POINT('',(-12.8271388569644,92.3719309949876,33.0845484734991));
#956=CARTESIAN_POINT('',(-17.2636799863948,91.5847754959144,32.3158686204501));
#957=CARTESIAN_POINT('',(-20.7116934316393,90.7647392419725,31.4653202019916));
#958=CARTESIAN_POINT('',(-23.7763528375618,89.9035687408693,30.5313523069541));
#959=CARTESIAN_POINT('',(-26.5144756475393,88.9653000189127,29.4476427467001));
#960=CARTESIAN_POINT('',(-28.9173020732946,88.0011953875007,28.2434993794094));
#961=CARTESIAN_POINT('',(-31.108937251788,87.0366537017174,26.9742782713236));
#962=CARTESIAN_POINT('',(-33.6214010507233,85.7788305978905,25.1781217417183));
#963=CARTESIAN_POINT('',(-37.1025591250466,83.7565718600169,21.8883284662796));
#964=CARTESIAN_POINT('',(-39.732209243848,81.8838953694633,18.0638727857728));
#965=CARTESIAN_POINT('',(-41.5663849814625,80.4001943988929,13.909640435736));
#966=CARTESIAN_POINT('',(-42.5655415201556,79.5313783221977,10.8145905191352));
#967=CARTESIAN_POINT('',(-43.2731181233733,78.8792638508151,7.63769327445308));
#968=CARTESIAN_POINT('',(-43.5705432918769,78.5938952610962,5.49192686595044));
#969=CARTESIAN_POINT('',(-43.6782684705051,78.4896326640948,4.41193022739787));
#970=CARTESIAN_POINT('',(-43.8244401541983,78.3482121149862,2.94961764433735));
#971=CARTESIAN_POINT('',(-43.8984232626852,78.2766825541492,1.47484335734868));
#972=CARTESIAN_POINT('',(-43.8983576058898,78.2767424406387,0.));
#973=CARTESIAN_POINT('',(38.4539931138017,-74.6731157032974,4.31097863712366));
#974=CARTESIAN_POINT('',(38.5770935486623,-74.5164746639377,2.88160927752534));
#975=CARTESIAN_POINT('',(38.6393636716707,-74.4372529207809,1.44083609977698));
#976=CARTESIAN_POINT('',(38.6393109674382,-74.4373188316361,-3.62570208427559E-13));
#977=CARTESIAN_POINT('',(38.6393636349461,-74.4372529698018,-1.44083614903514));
#978=CARTESIAN_POINT('',(38.5770936138191,-74.5164745759104,-2.88160860205627));
#979=CARTESIAN_POINT('',(38.453993116998,-74.6731157032974,-4.31097860861254));
#980=CARTESIAN_POINT('',(38.2616490557082,-74.8185193327802,-6.33429505270248));
#981=CARTESIAN_POINT('',(37.5965414886921,-75.3205901162025,-10.3682881806032));
#982=CARTESIAN_POINT('',(35.6443785732972,-76.6842957932105,-16.2357349422057));
#983=CARTESIAN_POINT('',(32.5284259983919,-78.5855393362944,-21.6628771310218));
#984=CARTESIAN_POINT('',(28.5837165841269,-80.5101544177461,-25.8033071259738));
#985=CARTESIAN_POINT('',(25.0965899654294,-81.8080741265288,-28.2414916971865));
#986=CARTESIAN_POINT('',(21.9522295963653,-82.7814622583662,-29.9928142169539));
#987=CARTESIAN_POINT('',(18.6306744648004,-83.6209346398489,-31.4530285578555));
#988=CARTESIAN_POINT('',(14.2053501428495,-84.4126731046956,-32.8242388343898));
#989=CARTESIAN_POINT('',(9.57237740105708,-84.951357268421,-33.7783713669269));
#990=CARTESIAN_POINT('',(4.81022512636036,-85.2573283687684,-34.3387463717353));
#991=CARTESIAN_POINT('',(-6.38185926535723E-05,-85.3554936646036,-34.5226081610996));
#992=CARTESIAN_POINT('',(-4.81034428589178,-85.2573289298698,-34.3387322181856));
#993=CARTESIAN_POINT('',(-9.5725635767786,-84.9513425175905,-33.7783610157235));
#994=CARTESIAN_POINT('',(-14.2054483244311,-84.4126538044695,-32.8241558968225));
#995=CARTESIAN_POINT('',(-18.6308185033048,-83.6209136549231,-31.4530978030226));
#996=CARTESIAN_POINT('',(-21.9521540694497,-82.7814498894541,-29.9926652456336));
#997=CARTESIAN_POINT('',(-25.0966421547217,-81.808073807943,-28.2415494704366));
#998=CARTESIAN_POINT('',(-28.583687253217,-80.5101535022033,-25.8032711764038));
#999=CARTESIAN_POINT('',(-32.5284411214074,-78.5855400944515,-21.6628980667175));
#1000=CARTESIAN_POINT('',(-35.6443696457141,-76.6842956550696,-16.2357243740497));
#1001=CARTESIAN_POINT('',(-37.5965478634984,-75.32059036608,-10.3682958855983));
#1002=CARTESIAN_POINT('',(-38.2616462030932,-74.8185191936897,-6.33428971163654));
#1003=CARTESIAN_POINT('',(-38.4539933670661,-74.6731157032974,-4.31097637800063));
#1004=CARTESIAN_POINT('',(-38.5770937389501,-74.5164747481243,-2.88160710274685));
#1005=CARTESIAN_POINT('',(-38.6393636960515,-74.4372532301288,-1.44083539929272));
#1006=CARTESIAN_POINT('',(-38.6393110286553,-74.4373190918106,-4.16555177350042E-13));
#1007=CARTESIAN_POINT('',(39.4644298058362,-78.7832448149054,4.00732805657758));
#1008=CARTESIAN_POINT('',(39.5696403782888,-78.6694332433669,2.66947997319041));
#1009=CARTESIAN_POINT('',(39.6217718003822,-78.6130811730148,1.33671512547114));
#1010=CARTESIAN_POINT('',(39.6218230385932,-78.6130226409793,-3.68890679048291E-13));
#1011=CARTESIAN_POINT('',(39.6217718050294,-78.613081168783,-1.33671519466565));
#1012=CARTESIAN_POINT('',(39.569640400913,-78.6694332159865,-2.66947932476716));
#1013=CARTESIAN_POINT('',(39.4644298094552,-78.7832448138967,-4.00732803019087));
#1014=CARTESIAN_POINT('',(39.2493158431409,-78.9479574993263,-5.8888695964832));
#1015=CARTESIAN_POINT('',(38.4993072257893,-79.5200649001217,-9.63796284668958));
#1016=CARTESIAN_POINT('',(36.335461558245,-80.9991867587374,-14.9547147009962));
#1017=CARTESIAN_POINT('',(32.951092205623,-82.9430980286198,-19.7188282261033));
#1018=CARTESIAN_POINT('',(28.7703166120744,-84.7967774904067,-23.1893428122843));
#1019=CARTESIAN_POINT('',(25.1558659170347,-85.9881171039013,-25.1083998666254));
#1020=CARTESIAN_POINT('',(21.908330872299,-86.8622805505591,-26.4305545509383));
#1021=CARTESIAN_POINT('',(18.4858543876868,-87.5912931929016,-27.4642389886705));
#1022=CARTESIAN_POINT('',(14.0154327608493,-88.2251487745629,-28.3129153427393));
#1023=CARTESIAN_POINT('',(9.40052862683903,-88.6131956422313,-28.8143945402401));
#1024=CARTESIAN_POINT('',(4.71045250989205,-88.8079930956003,-29.0620559475999));
#1025=CARTESIAN_POINT('',(-9.36460681145029E-05,-88.8652300387646,-29.1344476140219));
#1026=CARTESIAN_POINT('',(-4.71049562404907,-88.8080100277293,-29.062079390165));
#1027=CARTESIAN_POINT('',(-9.40076188723163,-88.6131759267425,-28.8143662724778));
#1028=CARTESIAN_POINT('',(-14.0154315967347,-88.2251602028402,-28.3129167901759));
#1029=CARTESIAN_POINT('',(-18.4861987829468,-87.5912189103944,-27.4641773683411));
#1030=CARTESIAN_POINT('',(-21.9080495992186,-86.8623484633534,-26.4306079690871));
#1031=CARTESIAN_POINT('',(-25.1560148291459,-85.9880797536906,-25.1083663757118));
#1032=CARTESIAN_POINT('',(-28.7702275060609,-84.7967995200343,-23.1893639856647));
#1033=CARTESIAN_POINT('',(-32.9511410344655,-82.9430852994971,-19.7188164474016));
#1034=CARTESIAN_POINT('',(-36.3354334714903,-80.9991942110886,-14.9547236168216));
#1035=CARTESIAN_POINT('',(-38.4993271866457,-79.5200591837436,-9.63795587571006));
#1036=CARTESIAN_POINT('',(-39.2493060317992,-78.9479600710201,-5.88887219648025));
#1037=CARTESIAN_POINT('',(-39.464429962637,-78.7832446011019,-4.00732599715978));
#1038=CARTESIAN_POINT('',(-39.5696404491755,-78.6694331263812,-2.66947797360671));
#1039=CARTESIAN_POINT('',(-39.6217718019128,-78.6130811395585,-1.33671451586702));
#1040=CARTESIAN_POINT('',(-39.6218230353766,-78.6130226118773,-4.21219202805674E-13));
#1041=CARTESIAN_POINT('',(43.6782684673727,-78.4896326669261,4.41193025486908));
#1042=CARTESIAN_POINT('',(43.8244400737752,-78.3482121910027,2.94961833475848));
#1043=CARTESIAN_POINT('',(43.8984233076328,-78.2766825118136,1.47484330662886));
#1044=CARTESIAN_POINT('',(43.8983576053115,-78.2767424408594,0.));
#1045=CARTESIAN_POINT('',(43.8984232621334,-78.276682554368,-1.47484335689373));
#1046=CARTESIAN_POINT('',(43.8244401536673,-78.3482121151525,-2.94961764342743));
#1047=CARTESIAN_POINT('',(43.6782684700673,-78.4896326641543,-4.41193022604551));
#1048=CARTESIAN_POINT('',(43.4709566705401,-78.6896237609344,-6.4838227150559));
#1049=CARTESIAN_POINT('',(42.7526697153462,-79.3801991901329,-10.621294598755));
#1050=CARTESIAN_POINT('',(40.5737607941126,-81.2569038765259,-16.658113354618));
#1051=CARTESIAN_POINT('',(36.9757722845903,-83.8753915860384,-22.2157478599576));
#1052=CARTESIAN_POINT('',(32.3236745048666,-86.5288106556985,-26.3445657303539));
#1053=CARTESIAN_POINT('',(28.2122541771118,-88.3200695426021,-28.6620263750586));
#1054=CARTESIAN_POINT('',(24.5311436505145,-89.6642764000107,-30.2665401861819));
#1055=CARTESIAN_POINT('',(20.6756086740034,-90.8243944132567,-31.5413626805602));
#1056=CARTESIAN_POINT('',(15.6315976844744,-91.9197146312274,-32.6494943373974));
#1057=CARTESIAN_POINT('',(10.4556746510137,-92.6657685183427,-33.3592626750905));
#1058=CARTESIAN_POINT('',(5.22772193387364,-93.0899324980793,-33.7468738850374));
#1059=CARTESIAN_POINT('',(-8.15562997541902E-05,-93.2260952625846,-33.8687462514156));
#1060=CARTESIAN_POINT('',(-5.22782437265866,-93.0899332034138,-33.7468674969283));
#1061=CARTESIAN_POINT('',(-10.4559059162546,-92.6657478866307,-33.3592667809475));
#1062=CARTESIAN_POINT('',(-15.6316608036808,-91.9196883276038,-32.6493996278828));
#1063=CARTESIAN_POINT('',(-20.6758644298955,-90.8243644094493,-31.5414772025369));
#1064=CARTESIAN_POINT('',(-24.5309540709669,-89.6642605836912,-30.2663364906988));
#1065=CARTESIAN_POINT('',(-28.212361182761,-88.3200684706396,-28.6621099346388));
#1066=CARTESIAN_POINT('',(-32.3236124102283,-86.528809726136,-26.3445143716027));
#1067=CARTESIAN_POINT('',(-36.9758049274885,-83.8753924335633,-22.2157772679533));
#1068=CARTESIAN_POINT('',(-40.5737416555518,-81.2569038178927,-16.6580981180153));
#1069=CARTESIAN_POINT('',(-42.7526828564275,-79.3801994966759,-10.6213056501224));
#1070=CARTESIAN_POINT('',(-43.4709499703674,-78.6896236529378,-6.48381565728952));
#1071=CARTESIAN_POINT('',(-43.6782684202694,-78.4896327103351,-4.4119279430266));
#1072=CARTESIAN_POINT('',(-43.8244399542297,-78.3482123178332,-2.94961610802793));
#1073=CARTESIAN_POINT('',(-43.8984229860151,-78.2766828371163,-1.47484258909893));
#1074=CARTESIAN_POINT('',(-43.898357329347,-78.2767427234741,0.));
#1075=CARTESIAN_POINT('',(-38.6393110286551,-74.4373190918096,4.75728480051005E-13));
#1076=CARTESIAN_POINT('',(-38.6393636960517,-74.4372532301301,1.440835399293));
#1077=CARTESIAN_POINT('',(-38.5770937389499,-74.5164747481237,2.88160710274737));
#1078=CARTESIAN_POINT('',(-38.4539933670661,-74.6731157032974,4.31097637800088));
#1079=CARTESIAN_POINT('',(-39.6218230353785,-78.6130226118766,4.79241860252757E-13));
#1080=CARTESIAN_POINT('',(-39.6217718019103,-78.6130811395594,1.33671451586784));
#1081=CARTESIAN_POINT('',(-39.5696404491769,-78.6694331263808,2.66947797360664));
#1082=CARTESIAN_POINT('',(-39.464429962637,-78.7832446011019,4.00732599716001));
#1083=CARTESIAN_POINT('',(-43.8983573293496,-78.2767427234739,0.));
#1084=CARTESIAN_POINT('',(-43.8984229860115,-78.2766828371165,1.47484258909931));
#1085=CARTESIAN_POINT('',(-43.8244399542315,-78.3482123178331,2.94961610802841));
#1086=CARTESIAN_POINT('',(-43.6782684202694,-78.4896327103351,4.41192794302686));
#1087=CARTESIAN_POINT('',(-38.4539931168495,74.6731157032974,-4.31097860993654));
#1088=CARTESIAN_POINT('',(-38.2534858872138,74.824645175081,-6.42004815290062));
#1089=CARTESIAN_POINT('',(-37.5453358998011,75.3594256410621,-10.6386570387428));
#1090=CARTESIAN_POINT('',(-35.4389334690735,76.8232093719603,-16.7368299522893));
#1091=CARTESIAN_POINT('',(-32.0561327214738,78.8517412024345,-22.3159846560095));
#1092=CARTESIAN_POINT('',(-28.0601519396349,80.7270387835278,-26.2195587915051));
#1093=CARTESIAN_POINT('',(-24.1771204721495,82.1219488661651,-28.8195077168717));
#1094=CARTESIAN_POINT('',(-20.6171348297685,83.1537510012295,-30.646193402269));
#1095=CARTESIAN_POINT('',(-14.957133420013,84.3751932090048,-32.7533512433376));
#1096=CARTESIAN_POINT('',(-8.47496084200125,85.099801362749,-34.0419009986484));
#1097=CARTESIAN_POINT('',(-2.85712644233522,85.3050710093448,-34.4300566007482));
#1098=CARTESIAN_POINT('',(0.000220667490826547,85.3275579055595,-34.4697777539977));
#1099=CARTESIAN_POINT('',(2.8577532533062,85.3055405858886,-34.4296593980876));
#1100=CARTESIAN_POINT('',(6.79627351159639,85.1602578033927,-34.1585314355142));
#1101=CARTESIAN_POINT('',(11.7080008770353,84.739237993261,-33.398591201324));
#1102=CARTESIAN_POINT('',(15.6412929176885,84.1705873683191,-32.404479022345));
#1103=CARTESIAN_POINT('',(18.6525502573268,83.5776441087348,-31.3776137637264));
#1104=CARTESIAN_POINT('',(21.3044504223479,82.9546236188386,-30.2932326559936));
#1105=CARTESIAN_POINT('',(23.6485405365051,82.2753713666747,-29.0910380975119));
#1106=CARTESIAN_POINT('',(25.693527094638,81.5769959386469,-27.803953154821));
#1107=CARTESIAN_POINT('',(27.5539997577896,80.8780562687314,-26.4733149015817));
#1108=CARTESIAN_POINT('',(29.6832401243646,79.9661526877308,-24.6351841697954));
#1109=CARTESIAN_POINT('',(32.6425869627963,78.4991823480959,-21.3471624808186));
#1110=CARTESIAN_POINT('',(34.9123118549271,77.1395982011327,-17.6066413038299));
#1111=CARTESIAN_POINT('',(36.5341889588286,76.0617625018884,-13.5648029928377));
#1112=CARTESIAN_POINT('',(37.4318149347503,75.4304083248125,-10.5540321241495));
#1113=CARTESIAN_POINT('',(38.0787079046156,74.9563912098699,-7.45950908277268));
#1114=CARTESIAN_POINT('',(38.3538894098547,74.7489214787255,-5.36559542523059));
#1115=CARTESIAN_POINT('',(38.4539933666008,74.6731157032974,-4.31097638215082));
#1116=CARTESIAN_POINT('',(-39.4644298094508,78.7832448143593,-4.00732803133708));
#1117=CARTESIAN_POINT('',(-39.2402964027947,78.9548229169245,-5.96873993067088));
#1118=CARTESIAN_POINT('',(-38.4407501096624,79.5648719465817,-9.89062942744323));
#1119=CARTESIAN_POINT('',(-36.1074231782386,81.1481450380527,-15.4068098706075));
#1120=CARTESIAN_POINT('',(-32.4398731664887,83.2094630797742,-20.2850860182862));
#1121=CARTESIAN_POINT('',(-28.223471484166,84.9987485821986,-23.5243626045387));
#1122=CARTESIAN_POINT('',(-24.1967405399096,86.2759410273796,-25.5592389137931));
#1123=CARTESIAN_POINT('',(-20.5237872791916,87.1930130343315,-26.9106421240576));
#1124=CARTESIAN_POINT('',(-14.6830636193381,88.2253123642578,-28.3257921881244));
#1125=CARTESIAN_POINT('',(-8.26067192914357,88.7147074724649,-28.9399907147831));
#1126=CARTESIAN_POINT('',(-2.81301027717267,88.8348725391337,-29.0975070557386));
#1127=CARTESIAN_POINT('',(0.00167802134277752,88.849151514343,-29.1137622656027));
#1128=CARTESIAN_POINT('',(2.8063779023805,88.8354502711347,-29.0970568889429));
#1129=CARTESIAN_POINT('',(6.65909239259614,88.7492134966902,-28.9873740484565));
#1130=CARTESIAN_POINT('',(11.5158347237608,88.4669448941144,-28.6270755804261));
#1131=CARTESIAN_POINT('',(15.478387217072,88.0330514278219,-28.0585022867494));
#1132=CARTESIAN_POINT('',(18.5448357959004,87.5429005073319,-27.3904770765541));
#1133=CARTESIAN_POINT('',(21.2431656964496,87.0128563901661,-26.6446711240127));
#1134=CARTESIAN_POINT('',(23.662102862631,86.4097360687088,-25.7563699569251));
#1135=CARTESIAN_POINT('',(25.7918359468693,85.7698960486559,-24.7531519206701));
#1136=CARTESIAN_POINT('',(27.7271506244774,85.1236527212396,-23.6960910544639));
#1137=CARTESIAN_POINT('',(29.9605668388256,84.2624659864905,-22.1908244226959));
#1138=CARTESIAN_POINT('',(33.0886117106205,82.8439128798847,-19.4211551522989));
#1139=CARTESIAN_POINT('',(35.5482141259657,81.4630961317794,-16.1509224858528));
#1140=CARTESIAN_POINT('',(37.3326356988389,80.3163720340393,-12.510213492099));
#1141=CARTESIAN_POINT('',(38.3246054375146,79.6310394931037,-9.77321015385306));
#1142=CARTESIAN_POINT('',(39.0443981770704,79.1038568997177,-6.92946834796143));
#1143=CARTESIAN_POINT('',(39.3525039917363,78.8692466359954,-4.98683236359006));
#1144=CARTESIAN_POINT('',(39.4644299622269,78.7832446010106,-4.00732600102462));
#1145=CARTESIAN_POINT('',(-43.6782684705051,78.4896326640948,-4.41193022739827));
#1146=CARTESIAN_POINT('',(-43.4621585123194,78.6980495840007,-6.57162556685782));
#1147=CARTESIAN_POINT('',(-42.6973804906575,79.4336149452103,-10.8988320774825));
#1148=CARTESIAN_POINT('',(-40.341879419792,81.4481148868474,-17.1739515077093));
#1149=CARTESIAN_POINT('',(-36.4235830621063,84.2421711425879,-22.8796157437455));
#1150=CARTESIAN_POINT('',(-31.704209955641,86.8280292606272,-26.7475256184715));
#1151=CARTESIAN_POINT('',(-27.1315511876586,88.7533716265479,-29.2025561325241));
#1152=CARTESIAN_POINT('',(-22.9745280739549,90.1785948071228,-30.8498725615879));
#1153=CARTESIAN_POINT('',(-16.4551032929426,91.867460375405,-32.6226307404849));
#1154=CARTESIAN_POINT('',(-9.22282644714183,92.8714799482506,-33.5460126610407));
#1155=CARTESIAN_POINT('',(-3.10663473597972,93.1561594572533,-33.8074103387179));
#1156=CARTESIAN_POINT('',(0.000636713872945186,93.1873442924599,-33.833785789063));
#1157=CARTESIAN_POINT('',(3.10536401982745,93.1568116877369,-33.8068480683529));
#1158=CARTESIAN_POINT('',(7.39801254661902,92.9553223893961,-33.625094803869));
#1159=CARTESIAN_POINT('',(12.8274446827177,92.3718852184182,-33.0845053894668));
#1160=CARTESIAN_POINT('',(17.263890067941,91.5847307900836,-32.3158241147177));
#1161=CARTESIAN_POINT('',(20.7118288378937,90.7647031026848,-31.4652823409509));
#1162=CARTESIAN_POINT('',(23.7764224586323,89.9035451691075,-30.5313261203577));
#1163=CARTESIAN_POINT('',(26.5145003050333,88.9652897383978,-29.4476305860173));
#1164=CARTESIAN_POINT('',(28.9173015144782,88.0011952506712,-28.2434998329901));
#1165=CARTESIAN_POINT('',(31.1089363754925,87.0366537405029,-26.9742789228574));
#1166=CARTESIAN_POINT('',(33.6214000960105,85.7788307644919,-25.1781225160607));
#1167=CARTESIAN_POINT('',(37.1025583123906,83.7565720880642,-21.888329214961));
#1168=CARTESIAN_POINT('',(39.7322085805315,81.883895647622,-18.0638734683021));
#1169=CARTESIAN_POINT('',(41.5663844591426,80.4001946969225,-13.9096410122321));
#1170=CARTESIAN_POINT('',(42.5655412240326,79.5313785099453,-10.8145905905972));
#1171=CARTESIAN_POINT('',(43.2731180290095,78.8792639074161,-7.63769239594502));
#1172=CARTESIAN_POINT('',(43.5705432496895,78.5938952906004,-5.49192505434152));
#1173=CARTESIAN_POINT('',(43.6782684197712,78.4896327102952,-4.41192794727144));
#1174=CARTESIAN_POINT('',(38.4539933666008,74.6731157032974,-4.31097638215082));
#1175=CARTESIAN_POINT('',(38.5770937387215,74.5164747478214,-2.88160710553582));
#1176=CARTESIAN_POINT('',(38.6393636959437,74.4372532296701,-1.44083540068735));
#1177=CARTESIAN_POINT('',(38.6393110285474,74.437319091352,-4.30064590351664E-13));
#1178=CARTESIAN_POINT('',(38.6393637326666,74.4372531806511,1.44083535142955));
#1179=CARTESIAN_POINT('',(38.5770936735671,74.5164748358459,2.88160778100186));
#1180=CARTESIAN_POINT('',(38.4539933634045,74.6731157032974,4.31097641066177));
#1181=CARTESIAN_POINT('',(39.4644299622269,78.7832446010106,-4.00732600102462));
#1182=CARTESIAN_POINT('',(39.5696404489749,78.6694331260885,-2.66947797617089));
#1183=CARTESIAN_POINT('',(39.6217718018139,78.6130811391674,-1.33671451715608));
#1184=CARTESIAN_POINT('',(39.621823035278,78.6130226114859,-4.37956630259213E-13));
#1185=CARTESIAN_POINT('',(39.6217717971683,78.6130811433976,1.33671444796392));
#1186=CARTESIAN_POINT('',(39.5696404263489,78.6694331534709,2.66947862458886));
#1187=CARTESIAN_POINT('',(39.4644299586079,78.7832446020193,4.00732602741119));
#1188=CARTESIAN_POINT('',(43.6782684197712,78.4896327102952,-4.41192794727144));
#1189=CARTESIAN_POINT('',(43.8244399540378,78.3482123175178,-2.94961611088192));
#1190=CARTESIAN_POINT('',(43.8984229859792,78.2766828366589,-1.47484259052611));
#1191=CARTESIAN_POINT('',(43.898357329311,78.2767427230171,0.));
#1192=CARTESIAN_POINT('',(43.8984230314768,78.2766827941065,1.47484254026141));
#1193=CARTESIAN_POINT('',(43.8244398741483,78.3482123933653,2.94961680221));
#1194=CARTESIAN_POINT('',(43.6782684170766,78.4896327130671,4.41192797609485));
#1195=CARTESIAN_POINT('',(-38.4539933670661,-74.6731157032974,4.31097637800088));
#1196=CARTESIAN_POINT('',(-38.2616493172123,-74.8185193117671,6.33429373392505));
#1197=CARTESIAN_POINT('',(-37.5965416618796,-75.3205901309547,10.3682878753891));
#1198=CARTESIAN_POINT('',(-35.6443783090144,-76.6842959834533,16.2357355639055));
#1199=CARTESIAN_POINT('',(-32.5284254839214,-78.5855395022676,21.6628778682767));
#1200=CARTESIAN_POINT('',(-28.583715998681,-80.5101544566307,25.8033077281498));
#1201=CARTESIAN_POINT('',(-25.0965951775738,-81.8080719378964,28.2414881714018));
#1202=CARTESIAN_POINT('',(-21.9522580222749,-82.7814534650531,29.9927991342466));
#1203=CARTESIAN_POINT('',(-18.6307467600113,-83.6209175977126,31.4529997149134));
#1204=CARTESIAN_POINT('',(-14.205483530973,-84.412652298415,32.8242030979757));
#1205=CARTESIAN_POINT('',(-9.57257497852079,-84.951338602082,33.7783381639343));
#1206=CARTESIAN_POINT('',(-4.81048749046039,-85.257316560606,34.3387246064059));
#1207=CARTESIAN_POINT('',(-0.000221146868277747,-85.3554936665413,34.5226081609746));
#1208=CARTESIAN_POINT('',(4.81008192198607,-85.257340733148,34.3387539824746));
#1209=CARTESIAN_POINT('',(9.57236599871625,-84.9513611866633,33.7783942185161));
#1210=CARTESIAN_POINT('',(14.2053149369536,-84.4126746096594,32.8241916335055));
#1211=CARTESIAN_POINT('',(18.6307462072037,-83.6209306967524,31.4531266454842));
#1212=CARTESIAN_POINT('',(21.9521256442309,-82.781458684275,29.9926803291172));
#1213=CARTESIAN_POINT('',(25.0966369418238,-81.8080759958632,28.2415529953014));
#1214=CARTESIAN_POINT('',(28.5836878391276,-80.5101534637523,25.8032705748079));
#1215=CARTESIAN_POINT('',(32.5284416356301,-78.5855399282412,21.6628973291571));
#1216=CARTESIAN_POINT('',(35.6443699101319,-76.6842954649581,16.2357237525164));
#1217=CARTESIAN_POINT('',(37.5965476902138,-75.3205903512339,10.368296190693));
#1218=CARTESIAN_POINT('',(38.2616459416377,-74.81851921475,6.334291030474));
#1219=CARTESIAN_POINT('',(38.453993116998,-74.6731157032974,4.31097860861245));
#1220=CARTESIAN_POINT('',(-39.464429962637,-78.7832446011019,4.00732599716001));
#1221=CARTESIAN_POINT('',(-39.2493160128401,-78.947957262406,5.88886843473897));
#1222=CARTESIAN_POINT('',(-38.4993072984223,-79.5200647084676,9.63796268293713));
#1223=CARTESIAN_POINT('',(-36.3354611821914,-80.9991867617493,14.9547154264451));
#1224=CARTESIAN_POINT('',(-32.9510916001331,-82.9430980477775,19.7188290906744));
#1225=CARTESIAN_POINT('',(-28.7703159910582,-84.7967774115028,23.1893435500995));
#1226=CARTESIAN_POINT('',(-25.1558714698825,-85.9881149635289,25.1083972865146));
#1227=CARTESIAN_POINT('',(-21.9083606923294,-86.8622725011172,26.4305433639509));
#1228=CARTESIAN_POINT('',(-18.4859293252767,-87.5912784917879,27.4642193672846));
#1229=CARTESIAN_POINT('',(-14.0155679714565,-88.2251325639784,28.3128946595369));
#1230=CARTESIAN_POINT('',(-9.40072547029676,-88.613182839551,28.8143786150206));
#1231=CARTESIAN_POINT('',(-4.71071073782812,-88.8079859675465,29.0620471543293));
#1232=CARTESIAN_POINT('',(-0.000185021392666862,-88.8652300456502,29.1344476225249));
#1233=CARTESIAN_POINT('',(4.7102373999412,-88.8080171405135,29.0620881646344));
#1234=CARTESIAN_POINT('',(9.40056503593177,-88.6131887391922,28.8143822093652));
#1235=CARTESIAN_POINT('',(14.0152963918282,-88.2251764079445,28.3129374663157));
#1236=CARTESIAN_POINT('',(18.4861238419366,-87.5912336144179,27.4641969944566));
#1237=CARTESIAN_POINT('',(21.908019781686,-86.8623565128876,26.4306191548665));
#1238=CARTESIAN_POINT('',(25.1560092738678,-85.9880818943095,25.1083689565956));
#1239=CARTESIAN_POINT('',(28.770228128592,-84.7967995987762,23.1893632473742));
#1240=CARTESIAN_POINT('',(32.9511416391434,-82.9430852804309,19.7188155831006));
#1241=CARTESIAN_POINT('',(36.3354338479879,-80.9991942080229,14.9547228912129));
#1242=CARTESIAN_POINT('',(38.4993271136954,-79.5200593754395,9.63795603958745));
#1243=CARTESIAN_POINT('',(39.2493058622591,-78.9479603079191,5.88887335815792));
#1244=CARTESIAN_POINT('',(39.4644298094552,-78.7832448138968,4.00732803019078));
#1245=CARTESIAN_POINT('',(-43.6782684202694,-78.4896327103351,4.41192794302686));
#1246=CARTESIAN_POINT('',(-43.4709566338019,-78.6896237767002,6.48382136390657));
#1247=CARTESIAN_POINT('',(-42.7526695864621,-79.380199250237,10.6212942856473));
#1248=CARTESIAN_POINT('',(-40.573760193125,-81.2569041620526,16.6581139936094));
#1249=CARTESIAN_POINT('',(-36.9757714651168,-83.8753918131191,22.2157486114463));
#1250=CARTESIAN_POINT('',(-32.3236736941916,-86.5288106847873,26.3445663390748));
#1251=CARTESIAN_POINT('',(-28.212260279014,-88.3200664851629,28.6620230626697));
#1252=CARTESIAN_POINT('',(-24.5311769120393,-89.6642642119575,30.26652652519));
#1253=CARTESIAN_POINT('',(-20.6756923332,-90.8243708082542,31.5413381165945));
#1254=CARTESIAN_POINT('',(-15.6317487461786,-91.9196857917063,32.6494665081378));
#1255=CARTESIAN_POINT('',(-10.4558937988379,-92.6657426215961,33.3592389473556));
#1256=CARTESIAN_POINT('',(-5.22800844162218,-93.0899161049106,33.7468593133197));
#1257=CARTESIAN_POINT('',(-0.000227656530387089,-93.2260952652149,33.8687462551454));
#1258=CARTESIAN_POINT('',(5.22753786484813,-93.0899495899315,33.7468820596886));
#1259=CARTESIAN_POINT('',(10.455686767501,-92.6657737870939,33.3592905134184));
#1260=CARTESIAN_POINT('',(15.6315097425364,-91.9197171656568,32.649427454676));
#1261=CARTESIAN_POINT('',(20.6757807704328,-90.8243880139977,31.5415017674794));
#1262=CARTESIAN_POINT('',(24.5309208097479,-89.6642727738432,30.2663501525381));
#1263=CARTESIAN_POINT('',(28.2123550797719,-88.3200715270933,28.6621132458165));
#1264=CARTESIAN_POINT('',(32.3236132215881,-86.5288096976464,26.3445137636497));
#1265=CARTESIAN_POINT('',(36.9758057466029,-83.8753922061542,22.2157765160603));
#1266=CARTESIAN_POINT('',(40.5737422567338,-81.2569035325472,16.658097479244));
#1267=CARTESIAN_POINT('',(42.7526829851719,-79.3801994364418,10.621305963072));
#1268=CARTESIAN_POINT('',(43.4709500071757,-78.6896236372372,6.48381700851823));
#1269=CARTESIAN_POINT('',(43.6782684700673,-78.4896326641543,4.41193022604541));
#1270=CARTESIAN_POINT('',(38.453993116998,-74.6731157032974,4.31097860861245));
#1271=CARTESIAN_POINT('',(38.5770936138184,-74.5164745759076,2.88160860205605));
#1272=CARTESIAN_POINT('',(38.6393636349474,-74.4372529698072,1.44083614903481));
#1273=CARTESIAN_POINT('',(38.6393109674372,-74.437318831632,4.55605729693188E-13));
#1274=CARTESIAN_POINT('',(38.6393636716719,-74.4372529207862,-1.44083609977699));
#1275=CARTESIAN_POINT('',(38.5770935486617,-74.5164746639351,-2.88160927752532));
#1276=CARTESIAN_POINT('',(38.4539931138018,-74.6731157032974,-4.31097863712318));
#1277=CARTESIAN_POINT('',(39.4644298094552,-78.7832448138968,4.00732803019078));
#1278=CARTESIAN_POINT('',(39.5696404009185,-78.6694332159843,2.66947932476436));
#1279=CARTESIAN_POINT('',(39.6217718050185,-78.613081168787,1.33671519466792));
#1280=CARTESIAN_POINT('',(39.6218230386013,-78.6130226409762,4.63409737848303E-13));
#1281=CARTESIAN_POINT('',(39.6217718003715,-78.6130811730187,-1.33671512547373));
#1282=CARTESIAN_POINT('',(39.5696403782941,-78.6694332433649,-2.66947997318786));
#1283=CARTESIAN_POINT('',(39.4644298058363,-78.7832448149054,-4.00732805657714));
#1284=CARTESIAN_POINT('',(43.6782684700673,-78.4896326641543,4.41193022604541));
#1285=CARTESIAN_POINT('',(43.8244401536749,-78.3482121151518,2.94961764342712));
#1286=CARTESIAN_POINT('',(43.8984232621182,-78.2766825543691,1.47484335689353));
#1287=CARTESIAN_POINT('',(43.8983576053229,-78.2767424408585,0.));
#1288=CARTESIAN_POINT('',(43.8984233076179,-78.2766825118147,-1.47484330662871));
#1289=CARTESIAN_POINT('',(43.8244400737826,-78.3482121910022,-2.94961833475854));
#1290=CARTESIAN_POINT('',(43.6782684673728,-78.4896326669261,-4.4119302548686));
#1291=CARTESIAN_POINT('',(156.800527360339,-57.5998461826159,0.));
#1292=CARTESIAN_POINT('',(156.800527360339,-57.5998461826159,-50.));
#1293=CARTESIAN_POINT('',(170.800855479768,-105.599750479899,-50.));
#1294=CARTESIAN_POINT('',(184.801183599196,-153.599654777182,-50.));
#1295=CARTESIAN_POINT('',(184.801183599196,-153.599654777182,-6.12323399573677E-15));
#1296=CARTESIAN_POINT('',(159.748686559987,-56.7400971616618,0.));
#1297=CARTESIAN_POINT('',(159.748686559987,-56.7400971616618,-50.));
#1298=CARTESIAN_POINT('',(176.205821606562,-104.023541731381,-50.));
#1299=CARTESIAN_POINT('',(192.662956653138,-151.3069863011,-50.));
#1300=CARTESIAN_POINT('',(192.662956653138,-151.306986301101,-6.12323399573677E-15));
#1301=CARTESIAN_POINT('',(164.116137914621,-55.093068422943,0.));
#1302=CARTESIAN_POINT('',(164.116137914621,-55.093068422943,-50.));
#1303=CARTESIAN_POINT('',(184.212829640032,-101.003984005345,-50.));
#1304=CARTESIAN_POINT('',(204.309521365442,-146.914899587748,-50.));
#1305=CARTESIAN_POINT('',(204.309521365442,-146.914899587747,-6.12323399573677E-15));
#1306=CARTESIAN_POINT('',(169.685486839492,-52.2152155871252,0.));
#1307=CARTESIAN_POINT('',(169.685486839492,-52.2152155871252,-50.));
#1308=CARTESIAN_POINT('',(194.423324253015,-95.7279084778464,-50.));
#1309=CARTESIAN_POINT('',(219.161161666538,-139.240601368568,-50.));
#1310=CARTESIAN_POINT('',(219.161161666538,-139.240601368568,-6.12323399573677E-15));
#1311=CARTESIAN_POINT('',(173.785049084139,-49.6635142731264,0.));
#1312=CARTESIAN_POINT('',(173.785049084138,-49.6635142731264,-50.));
#1313=CARTESIAN_POINT('',(201.939205905803,-91.0497770787849,-50.));
#1314=CARTESIAN_POINT('',(230.093362727468,-132.436039884443,-50.));
#1315=CARTESIAN_POINT('',(230.093362727467,-132.436039884443,-6.12323399573677E-15));
#1316=CARTESIAN_POINT('',(177.717035962629,-46.7494270628303,0.));
#1317=CARTESIAN_POINT('',(177.717035962629,-46.7494270628303,-50.));
#1318=CARTESIAN_POINT('',(209.147866556901,-85.707267948742,-50.));
#1319=CARTESIAN_POINT('',(240.578697151173,-124.665108834654,-50.));
#1320=CARTESIAN_POINT('',(240.578697151173,-124.665108834654,-6.12323399573677E-15));
#1321=CARTESIAN_POINT('',(181.434993941564,-43.4898414400307,0.));
#1322=CARTESIAN_POINT('',(181.434993941564,-43.4898414400307,-50.));
#1323=CARTESIAN_POINT('',(215.964140622996,-79.7313412813915,-50.));
#1324=CARTESIAN_POINT('',(250.493287304429,-115.972841122752,-50.));
#1325=CARTESIAN_POINT('',(250.493287304428,-115.972841122752,-6.12323399573677E-15));
#1326=CARTESIAN_POINT('',(184.89462607705,-39.9096701424349,0.));
#1327=CARTESIAN_POINT('',(184.89462607705,-39.9096701424349,-50.));
#1328=CARTESIAN_POINT('',(222.306816222851,-73.1676704016385,-50.));
#1329=CARTESIAN_POINT('',(259.719006368651,-106.425670660842,-50.));
#1330=CARTESIAN_POINT('',(259.719006368651,-106.425670660842,-6.12323399573677E-15));
#1331=CARTESIAN_POINT('',(188.055571818359,-36.041657254632,0.));
#1332=CARTESIAN_POINT('',(188.055571818359,-36.0416572546319,-50.));
#1333=CARTESIAN_POINT('',(228.101898195801,-66.076286312904,-50.));
#1334=CARTESIAN_POINT('',(268.148224573243,-96.1109153711761,-50.));
#1335=CARTESIAN_POINT('',(268.148224573243,-96.1109153711761,-6.12323399573677E-15));
#1336=CARTESIAN_POINT('',(190.884192994445,-31.9234892444399,0.));
#1337=CARTESIAN_POINT('',(190.884192994445,-31.9234892444399,-50.));
#1338=CARTESIAN_POINT('',(233.287715792725,-58.526281145465,-50.));
#1339=CARTESIAN_POINT('',(275.691238591005,-85.12907304649,-50.));
#1340=CARTESIAN_POINT('',(275.691238591005,-85.12907304649,-6.12323399573677E-15));
#1341=CARTESIAN_POINT('',(193.352139364057,-27.6002195424548,0.));
#1342=CARTESIAN_POINT('',(193.352139364057,-27.6002195424548,-50.));
#1343=CARTESIAN_POINT('',(237.812292894838,-50.6002536170384,-50.));
#1344=CARTESIAN_POINT('',(282.272446425619,-73.6002876916221,-50.));
#1345=CARTESIAN_POINT('',(282.272446425619,-73.6002876916222,-6.12323399573677E-15));
#1346=CARTESIAN_POINT('',(195.44027681924,-23.1184036058703,0.));
#1347=CARTESIAN_POINT('',(195.440276819239,-23.1184036058703,-50.));
#1348=CARTESIAN_POINT('',(241.640549760506,-42.3835551121027,-50.));
#1349=CARTESIAN_POINT('',(287.840822701771,-61.6487066183352,-50.));
#1350=CARTESIAN_POINT('',(287.840822701772,-61.6487066183353,-6.12323399573677E-15));
#1351=CARTESIAN_POINT('',(197.136900399786,-18.5274891375894,0.));
#1352=CARTESIAN_POINT('',(197.136900399786,-18.5274891375894,-50.));
#1353=CARTESIAN_POINT('',(244.751026911429,-33.9668439328554,-50.));
#1354=CARTESIAN_POINT('',(292.365153423072,-49.4061987281214,-50.));
#1355=CARTESIAN_POINT('',(292.365153423072,-49.4061987281214,-6.12323399573676E-15));
#1356=CARTESIAN_POINT('',(198.438575284754,-13.8777472109647,0.));
#1357=CARTESIAN_POINT('',(198.438575284754,-13.8777472109647,-50.));
#1358=CARTESIAN_POINT('',(247.137426969265,-25.4422717660282,-50.));
#1359=CARTESIAN_POINT('',(295.836278653775,-37.0067963210917,-50.));
#1360=CARTESIAN_POINT('',(295.836278653775,-37.0067963210918,-6.12323399573677E-15));
#1361=CARTESIAN_POINT('',(199.350193917608,-9.21628345964924,0.));
#1362=CARTESIAN_POINT('',(199.350193917608,-9.21628345964922,-50.));
#1363=CARTESIAN_POINT('',(248.808719380962,-16.8962468707186,-50.));
#1364=CARTESIAN_POINT('',(298.267244844315,-24.5762102817879,-50.));
#1365=CARTESIAN_POINT('',(298.267244844315,-24.5762102817879,-6.12323399573677E-15));
#1366=CARTESIAN_POINT('',(199.883368957079,-4.58952697638307,0.));
#1367=CARTESIAN_POINT('',(199.883368957079,-4.5895269763831,-50.));
#1368=CARTESIAN_POINT('',(249.786194160083,-8.41371592452713,-50.));
#1369=CARTESIAN_POINT('',(299.689019363088,-12.2379048726712,-50.));
#1370=CARTESIAN_POINT('',(299.689019363088,-12.2379048726712,-6.12323399573677E-15));
#1371=CARTESIAN_POINT('',(200.057652283898,6.46171991749434E-05,0.));
#1372=CARTESIAN_POINT('',(200.057652283898,6.46171991553009E-05,-50.));
#1373=CARTESIAN_POINT('',(250.105696564338,0.000169579208628257,-50.));
#1374=CARTESIAN_POINT('',(300.153740844778,0.000274541218079735,-50.));
#1375=CARTESIAN_POINT('',(300.153740844778,0.000274541218116653,-6.12323399573677E-15));
#1376=CARTESIAN_POINT('',(199.883412452664,4.58882125481915,0.));
#1377=CARTESIAN_POINT('',(199.883412452664,4.58882125481917,-50.));
#1378=CARTESIAN_POINT('',(249.786235547512,8.41302993220286,-50.));
#1379=CARTESIAN_POINT('',(299.689058642359,12.2372386095866,-50.));
#1380=CARTESIAN_POINT('',(299.68905864236,12.2372386095866,-6.12323399573677E-15));
#1381=CARTESIAN_POINT('',(199.350253511457,9.21593393210781,0.));
#1382=CARTESIAN_POINT('',(199.350253511457,9.21593393210778,-50.));
#1383=CARTESIAN_POINT('',(248.808751609723,16.8960730270291,-50.));
#1384=CARTESIAN_POINT('',(298.26724970799,24.5762121219502,-50.));
#1385=CARTESIAN_POINT('',(298.26724970799,24.5762121219503,-6.12323399573677E-15));
#1386=CARTESIAN_POINT('',(198.438708850344,13.8771829283385,0.));
#1387=CARTESIAN_POINT('',(198.438708850344,13.8771829283385,-50.));
#1388=CARTESIAN_POINT('',(247.137555853969,25.4417335409566,-50.));
#1389=CARTESIAN_POINT('',(295.836402857595,37.0062841535747,-50.));
#1390=CARTESIAN_POINT('',(295.836402857595,37.0062841535747,-6.12323399573677E-15));
#1391=CARTESIAN_POINT('',(197.136987409135,18.5272303176222,0.));
#1392=CARTESIAN_POINT('',(197.136987409135,18.5272303176222,-50.));
#1393=CARTESIAN_POINT('',(244.751031578907,33.9668448463719,-50.));
#1394=CARTESIAN_POINT('',(292.365075748679,49.4064593751216,-50.));
#1395=CARTESIAN_POINT('',(292.365075748678,49.4064593751216,-6.12323399573677E-15));
#1396=CARTESIAN_POINT('',(195.440477892756,23.117899718169,0.));
#1397=CARTESIAN_POINT('',(195.440477892756,23.117899718169,-50.));
#1398=CARTESIAN_POINT('',(241.640725176701,42.3830952548956,-50.));
#1399=CARTESIAN_POINT('',(287.840972460646,61.6482907916221,-50.));
#1400=CARTESIAN_POINT('',(287.840972460646,61.6482907916221,-6.12323399573677E-15));
#1401=CARTESIAN_POINT('',(193.3523543738,27.5998416468668,0.));
#1402=CARTESIAN_POINT('',(193.3523543738,27.5998416468668,-50.));
#1403=CARTESIAN_POINT('',(237.812456401403,50.6000065648232,-50.));
#1404=CARTESIAN_POINT('',(282.272558429006,73.6001714827796,-50.));
#1405=CARTESIAN_POINT('',(282.272558429006,73.6001714827796,-6.12323399573677E-15));
#1406=CARTESIAN_POINT('',(190.884137044233,31.9235622205855,0.));
#1407=CARTESIAN_POINT('',(190.884137044233,31.9235622205855,-50.));
#1408=CARTESIAN_POINT('',(233.287346401961,58.5268402597013,-50.));
#1409=CARTESIAN_POINT('',(275.690555759689,85.1301182988172,-50.));
#1410=CARTESIAN_POINT('',(275.690555759689,85.1301182988172,-6.12323399573676E-15));
#1411=CARTESIAN_POINT('',(188.055956180752,36.0411447388571,0.));
#1412=CARTESIAN_POINT('',(188.055956180752,36.0411447388572,-50.));
#1413=CARTESIAN_POINT('',(228.102301630642,66.0757483324554,-50.));
#1414=CARTESIAN_POINT('',(268.148647080532,96.1103519260537,-50.));
#1415=CARTESIAN_POINT('',(268.148647080532,96.1103519260537,-6.12323399573677E-15));
#1416=CARTESIAN_POINT('',(184.894571718989,39.9097443612882,0.));
#1417=CARTESIAN_POINT('',(184.894571718989,39.9097443612882,-50.));
#1418=CARTESIAN_POINT('',(222.306383002991,73.168181694648,-50.));
#1419=CARTESIAN_POINT('',(259.718194286993,106.426619028008,-50.));
#1420=CARTESIAN_POINT('',(259.718194286992,106.426619028008,-6.12323399573676E-15));
#1421=CARTESIAN_POINT('',(181.435296420787,43.4895289531845,0.));
#1422=CARTESIAN_POINT('',(181.435296420787,43.4895289531845,-50.));
#1423=CARTESIAN_POINT('',(215.964331685835,79.7311146961318,-50.));
#1424=CARTESIAN_POINT('',(250.493366950883,115.972700439079,-50.));
#1425=CARTESIAN_POINT('',(250.493366950883,115.972700439079,-6.12323399573677E-15));
#1426=CARTESIAN_POINT('',(177.71746374157,46.7490939227124,0.));
#1427=CARTESIAN_POINT('',(177.71746374157,46.7490939227124,-50.));
#1428=CARTESIAN_POINT('',(209.148260093152,85.7069724265657,-50.));
#1429=CARTESIAN_POINT('',(240.579056444733,124.664850930419,-50.));
#1430=CARTESIAN_POINT('',(240.579056444733,124.664850930419,-6.12323399573677E-15));
#1431=CARTESIAN_POINT('',(173.785271892365,49.6633546325192,0.));
#1432=CARTESIAN_POINT('',(173.785271892365,49.6633546325192,-50.));
#1433=CARTESIAN_POINT('',(201.93919930514,91.0497667738658,-50.));
#1434=CARTESIAN_POINT('',(230.093126717914,132.436178915212,-50.));
#1435=CARTESIAN_POINT('',(230.093126717914,132.436178915212,-6.12323399573677E-15));
#1436=CARTESIAN_POINT('',(169.685995944536,52.2149428356898,0.));
#1437=CARTESIAN_POINT('',(169.685995944536,52.2149428356898,-50.));
#1438=CARTESIAN_POINT('',(194.423821204066,95.7276565420788,-50.));
#1439=CARTESIAN_POINT('',(219.161646463596,139.240370248468,-50.));
#1440=CARTESIAN_POINT('',(219.161646463596,139.240370248468,-6.12323399573677E-15));
#1441=CARTESIAN_POINT('',(165.466312770557,54.3953425374481,0.));
#1442=CARTESIAN_POINT('',(165.466312770557,54.3953425374481,-50.));
#1443=CARTESIAN_POINT('',(186.687700811253,99.7250298119777,-50.));
#1444=CARTESIAN_POINT('',(207.909088851949,145.054717086507,-50.));
#1445=CARTESIAN_POINT('',(207.909088851949,145.054717086507,-6.12323399573676E-15));
#1446=CARTESIAN_POINT('',(161.17372957789,56.2027830020404,0.));
#1447=CARTESIAN_POINT('',(161.17372957789,56.2027830020404,-50.));
#1448=CARTESIAN_POINT('',(178.81793526112,103.03864109543,-50.));
#1449=CARTESIAN_POINT('',(196.462140944349,149.874499188819,-50.));
#1450=CARTESIAN_POINT('',(196.462140944349,149.874499188819,-6.12323399573677E-15));
#1451=CARTESIAN_POINT('',(158.258539523505,57.1745793670473,0.));
#1452=CARTESIAN_POINT('',(158.258539523505,57.1745793670473,-50.));
#1453=CARTESIAN_POINT('',(173.473403676138,104.820246153896,-50.));
#1454=CARTESIAN_POINT('',(188.688267828771,152.465912940745,-50.));
#1455=CARTESIAN_POINT('',(188.688267828771,152.465912940745,-6.12323399573676E-15));
#1456=CARTESIAN_POINT('',(156.800789949498,57.5997695929429,0.));
#1457=CARTESIAN_POINT('',(156.800789949498,57.5997695929429,-50.));
#1458=CARTESIAN_POINT('',(170.800855479768,105.599750479899,-50.));
#1459=CARTESIAN_POINT('',(184.800921010037,153.599731366855,-50.));
#1460=CARTESIAN_POINT('',(184.800921010037,153.599731366855,-6.12323399573677E-15));
#1461=CARTESIAN_POINT('',(-156.800384781703,57.5998877698993,0.));
#1462=CARTESIAN_POINT('',(-156.800384781703,57.5998877698993,-50.));
#1463=CARTESIAN_POINT('',(-170.800624185464,105.599817943154,-50.));
#1464=CARTESIAN_POINT('',(-184.800863589225,153.59974811641,-50.));
#1465=CARTESIAN_POINT('',(-184.800863589225,153.59974811641,-6.12323399573677E-15));
#1466=CARTESIAN_POINT('',(-159.748551037686,56.7401426002552,0.));
#1467=CARTESIAN_POINT('',(-159.748551037686,56.7401426002551,-50.));
#1468=CARTESIAN_POINT('',(-176.205601195986,104.023616852852,-50.));
#1469=CARTESIAN_POINT('',(-192.662651354286,151.307091105449,-50.));
#1470=CARTESIAN_POINT('',(-192.662651354286,151.307091105449,-6.12323399573677E-15));
#1471=CARTESIAN_POINT('',(-164.116013962442,55.0931183834353,0.));
#1472=CARTESIAN_POINT('',(-164.116013962442,55.0931183834354,-50.));
#1473=CARTESIAN_POINT('',(-184.212626700641,101.004068775272,-50.));
#1474=CARTESIAN_POINT('',(-204.30923943884,146.915019167108,-50.));
#1475=CARTESIAN_POINT('',(-204.30923943884,146.915019167108,-6.12323399573677E-15));
#1476=CARTESIAN_POINT('',(-169.68537972988,52.2152682978619,0.));
#1477=CARTESIAN_POINT('',(-169.685379729879,52.2152682978619,-50.));
#1478=CARTESIAN_POINT('',(-194.423146390782,95.7280015111011,-50.));
#1479=CARTESIAN_POINT('',(-219.160913051685,139.24073472434,-50.));
#1480=CARTESIAN_POINT('',(-219.160913051685,139.24073472434,-6.12323399573677E-15));
#1481=CARTESIAN_POINT('',(-173.784954957057,49.6635675661878,0.));
#1482=CARTESIAN_POINT('',(-173.784954957057,49.6635675661878,-50.));
#1483=CARTESIAN_POINT('',(-201.939047136642,91.0498744841073,-50.));
#1484=CARTESIAN_POINT('',(-230.093139316226,132.436181402027,-50.));
#1485=CARTESIAN_POINT('',(-230.093139316226,132.436181402027,-6.12323399573677E-15));
#1486=CARTESIAN_POINT('',(-177.71695592309,46.7494782777078,0.));
#1487=CARTESIAN_POINT('',(-177.71695592309,46.7494782777079,-50.));
#1488=CARTESIAN_POINT('',(-209.147728775088,85.7073658059876,-50.));
#1489=CARTESIAN_POINT('',(-240.578501627085,124.665253334267,-50.));
#1490=CARTESIAN_POINT('',(-240.578501627085,124.665253334267,-6.12323399573676E-15));
#1491=CARTESIAN_POINT('',(-181.434924039578,43.4898921746756,0.));
#1492=CARTESIAN_POINT('',(-181.434924039577,43.4898921746755,-50.));
#1493=CARTESIAN_POINT('',(-215.964016660956,79.7314435287367,-50.));
#1494=CARTESIAN_POINT('',(-250.493109282334,115.972994882798,-50.));
#1495=CARTESIAN_POINT('',(-250.493109282334,115.972994882798,-6.12323399573677E-15));
#1496=CARTESIAN_POINT('',(-184.894567357347,39.9097178700807,0.));
#1497=CARTESIAN_POINT('',(-184.894567357347,39.9097178700807,-50.));
#1498=CARTESIAN_POINT('',(-222.306708287693,73.1677734223096,-50.));
#1499=CARTESIAN_POINT('',(-259.718849218039,106.425828974539,-50.));
#1500=CARTESIAN_POINT('',(-259.718849218039,106.425828974539,-6.12323399573677E-15));
#1501=CARTESIAN_POINT('',(-188.055523385682,36.0417016761788,0.));
#1502=CARTESIAN_POINT('',(-188.055523385682,36.0417016761788,-50.));
#1503=CARTESIAN_POINT('',(-228.101805155687,66.076390525446,-50.));
#1504=CARTESIAN_POINT('',(-268.148086925691,96.1110793747132,-50.));
#1505=CARTESIAN_POINT('',(-268.148086925691,96.1110793747133,-6.12323399573677E-15));
#1506=CARTESIAN_POINT('',(-190.884155132665,31.9235255098004,0.));
#1507=CARTESIAN_POINT('',(-190.884155132665,31.9235255098005,-50.));
#1508=CARTESIAN_POINT('',(-233.287638882197,58.5263785523736,-50.));
#1509=CARTESIAN_POINT('',(-275.691122631729,85.1292315949467,-50.));
#1510=CARTESIAN_POINT('',(-275.691122631729,85.1292315949467,-6.12323399573677E-15));
#1511=CARTESIAN_POINT('',(-193.352108123968,27.6002592644411,0.));
#1512=CARTESIAN_POINT('',(-193.352108123968,27.600259264441,-50.));
#1513=CARTESIAN_POINT('',(-237.812225767879,50.6003661987963,-50.));
#1514=CARTESIAN_POINT('',(-282.27234341179,73.6004731331515,-50.));
#1515=CARTESIAN_POINT('',(-282.272343411789,73.6004731331515,-6.12323399573676E-15));
#1516=CARTESIAN_POINT('',(-195.440261447312,23.1184004290934,0.));
#1517=CARTESIAN_POINT('',(-195.440261447312,23.1184004290934,-50.));
#1518=CARTESIAN_POINT('',(-241.64051040773,42.3835986540411,-50.));
#1519=CARTESIAN_POINT('',(-287.840759368149,61.6487968789889,-50.));
#1520=CARTESIAN_POINT('',(-287.840759368149,61.6487968789889,-6.12323399573677E-15));
#1521=CARTESIAN_POINT('',(-197.136858291876,18.5276195609546,0.));
#1522=CARTESIAN_POINT('',(-197.136858291876,18.5276195609546,-50.));
#1523=CARTESIAN_POINT('',(-244.750938366703,33.9671416599078,-50.));
#1524=CARTESIAN_POINT('',(-292.36501844153,49.406663758861,-50.));
#1525=CARTESIAN_POINT('',(-292.36501844153,49.406663758861,-6.12323399573676E-15));
#1526=CARTESIAN_POINT('',(-198.438661586117,13.8773519372558,0.));
#1527=CARTESIAN_POINT('',(-198.438661586117,13.8773519372558,-50.));
#1528=CARTESIAN_POINT('',(-247.137574860452,25.4416178410733,-50.));
#1529=CARTESIAN_POINT('',(-295.836488134787,37.0058837448909,-50.));
#1530=CARTESIAN_POINT('',(-295.836488134786,37.0058837448909,-6.12323399573677E-15));
#1531=CARTESIAN_POINT('',(-199.350162019343,9.21640135079879,0.));
#1532=CARTESIAN_POINT('',(-199.350162019344,9.21640135079882,-50.));
#1533=CARTESIAN_POINT('',(-248.808652798289,16.8965357989126,-50.));
#1534=CARTESIAN_POINT('',(-298.267143577235,24.5766702470263,-50.));
#1535=CARTESIAN_POINT('',(-298.267143577235,24.5766702470263,-6.12323399573677E-15));
#1536=CARTESIAN_POINT('',(-199.883374170546,4.58948186707198,0.));
#1537=CARTESIAN_POINT('',(-199.883374170546,4.58948186707199,-50.));
#1538=CARTESIAN_POINT('',(-249.786199007523,8.41374484711982,-50.));
#1539=CARTESIAN_POINT('',(-299.6890238445,12.2380078271677,-50.));
#1540=CARTESIAN_POINT('',(-299.6890238445,12.2380078271677,-6.12323399573677E-15));
#1541=CARTESIAN_POINT('',(-200.057652168138,-7.38977650915906E-05,0.));
#1542=CARTESIAN_POINT('',(-200.057652168138,-7.3897765122441E-05,-50.));
#1543=CARTESIAN_POINT('',(-250.105696162699,-0.000173949035251475,-50.));
#1544=CARTESIAN_POINT('',(-300.153740157259,-0.000274000305404327,-50.));
#1545=CARTESIAN_POINT('',(-300.153740157259,-0.000274000305394928,-6.12323399573677E-15));
#1546=CARTESIAN_POINT('',(-199.883407700703,-4.58885485139888,0.));
#1547=CARTESIAN_POINT('',(-199.883407700703,-4.58885485139885,-50.));
#1548=CARTESIAN_POINT('',(-249.786232313622,-8.41304117768419,-50.));
#1549=CARTESIAN_POINT('',(-299.68905692654,-12.2372275039695,-50.));
#1550=CARTESIAN_POINT('',(-299.68905692654,-12.2372275039695,-6.12323399573677E-15));
#1551=CARTESIAN_POINT('',(-199.350241933801,-9.21597565533622,0.));
#1552=CARTESIAN_POINT('',(-199.350241933801,-9.21597565533622,-50.));
#1553=CARTESIAN_POINT('',(-248.808742743157,-16.8960984028972,-50.));
#1554=CARTESIAN_POINT('',(-298.267243552514,-24.5762211504582,-50.));
#1555=CARTESIAN_POINT('',(-298.267243552514,-24.5762211504582,-6.12323399573677E-15));
#1556=CARTESIAN_POINT('',(-198.438688843423,-13.877236847894,0.));
#1557=CARTESIAN_POINT('',(-198.438688843423,-13.877236847894,-50.));
#1558=CARTESIAN_POINT('',(-247.13753965863,-25.4417712612471,-50.));
#1559=CARTESIAN_POINT('',(-295.836390473838,-37.0063056746001,-50.));
#1560=CARTESIAN_POINT('',(-295.836390473838,-37.0063056746001,-6.12323399573677E-15));
#1561=CARTESIAN_POINT('',(-197.136957333011,-18.5272943809687,0.));
#1562=CARTESIAN_POINT('',(-197.136957333011,-18.5272943809687,-50.));
#1563=CARTESIAN_POINT('',(-244.751006227759,-33.9668946288774,-50.));
#1564=CARTESIAN_POINT('',(-292.365055122507,-49.4064948767863,-50.));
#1565=CARTESIAN_POINT('',(-292.365055122506,-49.4064948767862,-6.12323399573677E-15));
#1566=CARTESIAN_POINT('',(-195.44043555252,-23.1179743485378,0.));
#1567=CARTESIAN_POINT('',(-195.440435552521,-23.1179743485377,-50.));
#1568=CARTESIAN_POINT('',(-241.640687710257,-42.3831581960913,-50.));
#1569=CARTESIAN_POINT('',(-287.840939867994,-61.6483420436448,-50.));
#1570=CARTESIAN_POINT('',(-287.840939867994,-61.6483420436448,-6.12323399573676E-15));
#1571=CARTESIAN_POINT('',(-193.352300476549,-27.5999208821735,0.));
#1572=CARTESIAN_POINT('',(-193.352300476549,-27.5999208821735,-50.));
#1573=CARTESIAN_POINT('',(-237.812409015552,-50.6000731734476,-50.));
#1574=CARTESIAN_POINT('',(-282.272517554556,-73.6002254647218,-50.));
#1575=CARTESIAN_POINT('',(-282.272517554556,-73.6002254647218,-6.12323399573677E-15));
#1576=CARTESIAN_POINT('',(-190.884070016883,-31.9236461796994,0.));
#1577=CARTESIAN_POINT('',(-190.884070016883,-31.9236461796994,-50.));
#1578=CARTESIAN_POINT('',(-233.287286900371,-58.5269121177013,-50.));
#1579=CARTESIAN_POINT('',(-275.690503783859,-85.1301780557033,-50.));
#1580=CARTESIAN_POINT('',(-275.690503783859,-85.1301780557032,-6.12323399573676E-15));
#1581=CARTESIAN_POINT('',(-188.055876242062,-36.041231142351,0.));
#1582=CARTESIAN_POINT('',(-188.055876242062,-36.041231142351,-50.));
#1583=CARTESIAN_POINT('',(-228.102230850759,-66.075822818667,-50.));
#1584=CARTESIAN_POINT('',(-268.148585459455,-96.1104144949829,-50.));
#1585=CARTESIAN_POINT('',(-268.148585459456,-96.1104144949829,-6.12323399573677E-15));
#1586=CARTESIAN_POINT('',(-184.894475478675,-39.9098334180264,0.));
#1587=CARTESIAN_POINT('',(-184.894475478675,-39.9098334180263,-50.));
#1588=CARTESIAN_POINT('',(-222.306294890776,-73.168260806915,-50.));
#1589=CARTESIAN_POINT('',(-259.718114302876,-106.426688195804,-50.));
#1590=CARTESIAN_POINT('',(-259.718114302876,-106.426688195804,-6.12323399573677E-15));
#1591=CARTESIAN_POINT('',(-181.435194559878,-43.4896126169581,0.));
#1592=CARTESIAN_POINT('',(-181.435194559878,-43.4896126169581,-50.));
#1593=CARTESIAN_POINT('',(-215.964245691175,-79.7311853171904,-50.));
#1594=CARTESIAN_POINT('',(-250.493296822472,-115.972758017423,-50.));
#1595=CARTESIAN_POINT('',(-250.493296822472,-115.972758017423,-6.12323399573677E-15));
#1596=CARTESIAN_POINT('',(-177.717317935757,-46.749192384283,0.));
#1597=CARTESIAN_POINT('',(-177.717317935757,-46.749192384283,-50.));
#1598=CARTESIAN_POINT('',(-209.148105535434,-85.7070731606402,-50.));
#1599=CARTESIAN_POINT('',(-240.578893135112,-124.664953936998,-50.));
#1600=CARTESIAN_POINT('',(-240.578893135112,-124.664953936998,-6.12323399573676E-15));
#1601=CARTESIAN_POINT('',(-173.785232999379,-49.6633793895776,0.));
#1602=CARTESIAN_POINT('',(-173.785232999378,-49.6633793895776,-50.));
#1603=CARTESIAN_POINT('',(-201.939252065239,-91.0497368522572,-50.));
#1604=CARTESIAN_POINT('',(-230.093271131099,-132.436094314937,-50.));
#1605=CARTESIAN_POINT('',(-230.0932711311,-132.436094314937,-6.12323399573677E-15));
#1606=CARTESIAN_POINT('',(-169.685506261065,-52.2152174741977,0.));
#1607=CARTESIAN_POINT('',(-169.685506261065,-52.2152174741977,-50.));
#1608=CARTESIAN_POINT('',(-194.423057886016,-95.7280905312408,-50.));
#1609=CARTESIAN_POINT('',(-219.160609510968,-139.240963588284,-50.));
#1610=CARTESIAN_POINT('',(-219.160609510967,-139.240963588284,-6.12323399573676E-15));
#1611=CARTESIAN_POINT('',(-165.466190453032,-54.3953742065074,0.));
#1612=CARTESIAN_POINT('',(-165.466190453032,-54.3953742065074,-50.));
#1613=CARTESIAN_POINT('',(-186.68762023493,-99.7250252882394,-50.));
#1614=CARTESIAN_POINT('',(-207.909050016828,-145.054676369971,-50.));
#1615=CARTESIAN_POINT('',(-207.909050016829,-145.054676369971,-6.12323399573677E-15));
#1616=CARTESIAN_POINT('',(-161.173782976239,-56.2027807976531,0.));
#1617=CARTESIAN_POINT('',(-161.173782976239,-56.2027807976532,-50.));
#1618=CARTESIAN_POINT('',(-178.818184771778,-103.03858230447,-50.));
#1619=CARTESIAN_POINT('',(-196.462586567316,-149.874383811286,-50.));
#1620=CARTESIAN_POINT('',(-196.462586567316,-149.874383811286,-6.12323399573676E-15));
#1621=CARTESIAN_POINT('',(-158.257806992828,-57.1748112661343,0.));
#1622=CARTESIAN_POINT('',(-158.257806992828,-57.1748112661342,-50.));
#1623=CARTESIAN_POINT('',(-173.472216728404,-104.820622277441,-50.));
#1624=CARTESIAN_POINT('',(-188.68662646398,-152.466433288747,-50.));
#1625=CARTESIAN_POINT('',(-188.68662646398,-152.466433288747,-6.12323399573677E-15));
#1626=CARTESIAN_POINT('',(-156.800577614335,-57.5998315264252,0.));
#1627=CARTESIAN_POINT('',(-156.800577614335,-57.5998315264252,-50.));
#1628=CARTESIAN_POINT('',(-170.800624185464,-105.599817943154,-50.));
#1629=CARTESIAN_POINT('',(-184.800670756594,-153.599804359884,-50.));
#1630=CARTESIAN_POINT('',(-184.800670756594,-153.599804359884,-6.12323399573677E-15));
#1631=CARTESIAN_POINT('',(0.,-95.,0.));
#1632=CARTESIAN_POINT('',(-18.3664836097907,-95.,0.));
#1633=CARTESIAN_POINT('',(-34.111294545366,-85.5433278162082,0.));
#1634=CARTESIAN_POINT('',(-40.3732132017052,-81.7822847514884,0.));
#1635=CARTESIAN_POINT('',(-38.6948849747101,-74.6731157032974,0.));
#1636=CARTESIAN_POINT('',(-21.0661020560642,2.38712791793365E-14,0.));
#1637=CARTESIAN_POINT('',(-38.69488497471,74.6731157032974,0.));
#1638=CARTESIAN_POINT('',(-40.3732132017051,81.7822847514884,0.));
#1639=CARTESIAN_POINT('',(-34.1112945453659,85.5433278162082,0.));
#1640=CARTESIAN_POINT('',(-18.3664836097907,95.,0.));
#1641=CARTESIAN_POINT('',(0.,95.,0.));
#1642=CARTESIAN_POINT('',(0.,-95.,0.));
#1643=CARTESIAN_POINT('',(-18.3664836097907,-95.,18.3664836097907));
#1644=CARTESIAN_POINT('',(-34.111294545366,-85.5433278162082,34.111294545366));
#1645=CARTESIAN_POINT('',(-40.3732132017052,-81.7822847514884,40.3732132017051));
#1646=CARTESIAN_POINT('',(-38.6948849747101,-74.6731157032974,38.6948849747101));
#1647=CARTESIAN_POINT('',(-21.0661020560642,2.38712791793365E-14,21.0661020560642));
#1648=CARTESIAN_POINT('',(-38.69488497471,74.6731157032974,38.69488497471));
#1649=CARTESIAN_POINT('',(-40.3732132017051,81.7822847514884,40.3732132017051));
#1650=CARTESIAN_POINT('',(-34.1112945453659,85.5433278162082,34.1112945453659));
#1651=CARTESIAN_POINT('',(-18.3664836097907,95.,18.3664836097907));
#1652=CARTESIAN_POINT('',(0.,95.,0.));
#1653=CARTESIAN_POINT('',(0.,-95.,0.));
#1654=CARTESIAN_POINT('',(-1.12462276821613E-15,-95.,18.3664836097907));
#1655=CARTESIAN_POINT('',(-2.08871438398775E-15,-85.5433278162082,34.111294545366));
#1656=CARTESIAN_POINT('',(-2.47214631593809E-15,-81.7822847514884,40.3732132017052));
#1657=CARTESIAN_POINT('',(-2.36937835138269E-15,-74.6731157032974,38.6948849747101));
#1658=CARTESIAN_POINT('',(-1.28992672267353E-15,2.38712791793365E-14,21.0661020560642));
#1659=CARTESIAN_POINT('',(-2.36937835138268E-15,74.6731157032974,38.69488497471));
#1660=CARTESIAN_POINT('',(-2.47214631593809E-15,81.7822847514884,40.3732132017051));
#1661=CARTESIAN_POINT('',(-2.08871438398775E-15,85.5433278162082,34.1112945453659));
#1662=CARTESIAN_POINT('',(-1.12462276821613E-15,95.,18.3664836097907));
#1663=CARTESIAN_POINT('',(0.,95.,0.));
#1664=CARTESIAN_POINT('',(0.,-95.,0.));
#1665=CARTESIAN_POINT('',(18.3664836097907,-95.,18.3664836097907));
#1666=CARTESIAN_POINT('',(34.111294545366,-85.5433278162082,34.111294545366));
#1667=CARTESIAN_POINT('',(40.3732132017051,-81.7822847514884,40.3732132017052));
#1668=CARTESIAN_POINT('',(38.6948849747101,-74.6731157032974,38.6948849747101));
#1669=CARTESIAN_POINT('',(21.0661020560642,2.38712791793365E-14,21.0661020560642));
#1670=CARTESIAN_POINT('',(38.69488497471,74.6731157032974,38.69488497471));
#1671=CARTESIAN_POINT('',(40.3732132017051,81.7822847514884,40.3732132017051));
#1672=CARTESIAN_POINT('',(34.1112945453659,85.5433278162082,34.1112945453659));
#1673=CARTESIAN_POINT('',(18.3664836097907,95.,18.3664836097907));
#1674=CARTESIAN_POINT('',(0.,95.,0.));
#1675=CARTESIAN_POINT('',(0.,-95.,0.));
#1676=CARTESIAN_POINT('',(18.3664836097907,-95.,2.24924553643225E-15));
#1677=CARTESIAN_POINT('',(34.111294545366,-85.5433278162082,4.1774287679755E-15));
#1678=CARTESIAN_POINT('',(40.3732132017052,-81.7822847514884,4.94429263187619E-15));
#1679=CARTESIAN_POINT('',(38.6948849747101,-74.6731157032974,4.73875670276537E-15));
#1680=CARTESIAN_POINT('',(21.0661020560642,2.38712791793365E-14,2.57985344534705E-15));
#1681=CARTESIAN_POINT('',(38.69488497471,74.6731157032974,4.73875670276536E-15));
#1682=CARTESIAN_POINT('',(40.3732132017051,81.7822847514884,4.94429263187618E-15));
#1683=CARTESIAN_POINT('',(34.1112945453659,85.5433278162082,4.17742876797549E-15));
#1684=CARTESIAN_POINT('',(18.3664836097907,95.,2.24924553643225E-15));
#1685=CARTESIAN_POINT('',(0.,95.,0.));
#1686=CARTESIAN_POINT('',(156.800789949498,57.5997695929429,0.));
#1687=CARTESIAN_POINT('',(156.800789949498,57.5997695929429,-50.));
#1688=CARTESIAN_POINT('',(170.800855479768,105.599750479899,-50.));
#1689=CARTESIAN_POINT('',(184.800921010037,153.599731366855,-50.));
#1690=CARTESIAN_POINT('',(184.800921010037,153.599731366855,-6.12323399573677E-15));
#1691=CARTESIAN_POINT('',(144.19889101516,61.2753961419128,0.));
#1692=CARTESIAN_POINT('',(144.19889101516,61.2753961419128,-50.));
#1693=CARTESIAN_POINT('',(157.073787403414,109.603557858417,-50.));
#1694=CARTESIAN_POINT('',(169.948683791669,157.931719574921,-50.));
#1695=CARTESIAN_POINT('',(169.948683791669,157.931719574921,-6.12323399573677E-15));
#1696=CARTESIAN_POINT('',(118.640185556943,67.7643580584292,0.));
#1697=CARTESIAN_POINT('',(118.640185556943,67.7643580584291,-50.));
#1698=CARTESIAN_POINT('',(129.233048983094,116.671893014786,-50.));
#1699=CARTESIAN_POINT('',(139.825912409244,165.579427971142,-50.));
#1700=CARTESIAN_POINT('',(139.825912409244,165.579427971142,-6.12323399573677E-15));
#1701=CARTESIAN_POINT('',(79.5947825092384,74.7906057559936,0.));
#1702=CARTESIAN_POINT('',(79.5947825092383,74.7906057559936,-50.));
#1703=CARTESIAN_POINT('',(86.7014251831726,124.325487498611,-50.));
#1704=CARTESIAN_POINT('',(93.8080678571067,173.860369241229,-50.));
#1705=CARTESIAN_POINT('',(93.8080678571067,173.860369241229,-6.12323399573677E-15));
#1706=CARTESIAN_POINT('',(39.9497898448962,79.0491718504927,0.));
#1707=CARTESIAN_POINT('',(39.9497898448961,79.0491718504927,-50.));
#1708=CARTESIAN_POINT('',(43.5166661263715,128.964283053252,-50.));
#1709=CARTESIAN_POINT('',(47.0835424078468,178.879394256011,-50.));
#1710=CARTESIAN_POINT('',(47.0835424078468,178.879394256011,-6.12323399573677E-15));
#1711=CARTESIAN_POINT('',(0.000528032446201365,80.4759878409712,0.));
#1712=CARTESIAN_POINT('',(0.000528032446175823,80.4759878409712,-50.));
#1713=CARTESIAN_POINT('',(0.000465684471839367,130.518488488841,-50.));
#1714=CARTESIAN_POINT('',(0.000403336497483504,180.560989136711,-50.));
#1715=CARTESIAN_POINT('',(0.000403336497477369,180.560989136711,-6.12323399573677E-15));
#1716=CARTESIAN_POINT('',(-39.9488018513908,79.0492470938581,0.));
#1717=CARTESIAN_POINT('',(-39.9488018513907,79.0492470938581,-50.));
#1718=CARTESIAN_POINT('',(-43.5158083491393,128.964349405751,-50.));
#1719=CARTESIAN_POINT('',(-47.0828148468879,178.879451717643,-50.));
#1720=CARTESIAN_POINT('',(-47.0828148468879,178.879451717643,-6.12323399573676E-15));
#1721=CARTESIAN_POINT('',(-79.594049017576,74.7907149277487,0.));
#1722=CARTESIAN_POINT('',(-79.5940490175761,74.7907149277487,-50.));
#1723=CARTESIAN_POINT('',(-86.7008429672342,124.325575318621,-50.));
#1724=CARTESIAN_POINT('',(-93.8076369168923,173.860435709494,-50.));
#1725=CARTESIAN_POINT('',(-93.8076369168923,173.860435709494,-6.12323399573677E-15));
#1726=CARTESIAN_POINT('',(-118.639455994045,67.7645132027178,0.));
#1727=CARTESIAN_POINT('',(-118.639455994045,67.7645132027177,-49.9999999999999));
#1728=CARTESIAN_POINT('',(-129.232468301391,116.672015656196,-50.));
#1729=CARTESIAN_POINT('',(-139.825480608737,165.579518109674,-50.));
#1730=CARTESIAN_POINT('',(-139.825480608737,165.579518109674,-6.12323399573676E-15));
#1731=CARTESIAN_POINT('',(-144.198188396862,61.2755880647817,0.));
#1732=CARTESIAN_POINT('',(-144.198188396862,61.2755880647818,-50.));
#1733=CARTESIAN_POINT('',(-157.07323353671,109.60371057594,-50.));
#1734=CARTESIAN_POINT('',(-169.948278676558,157.931833087098,-50.));
#1735=CARTESIAN_POINT('',(-169.948278676558,157.931833087098,-6.12323399573677E-15));
#1736=CARTESIAN_POINT('',(-156.800384781703,57.5998877698993,0.));
#1737=CARTESIAN_POINT('',(-156.800384781703,57.5998877698993,-50.));
#1738=CARTESIAN_POINT('',(-170.800624185464,105.599817943154,-50.));
#1739=CARTESIAN_POINT('',(-184.800863589225,153.59974811641,-50.));
#1740=CARTESIAN_POINT('',(-184.800863589225,153.59974811641,-6.12323399573677E-15));
#1741=CARTESIAN_POINT('',(-156.800577614335,-57.5998315264252,0.));
#1742=CARTESIAN_POINT('',(-156.800577614335,-57.5998315264252,-50.));
#1743=CARTESIAN_POINT('',(-170.800624185464,-105.599817943154,-50.));
#1744=CARTESIAN_POINT('',(-184.800670756594,-153.599804359884,-50.));
#1745=CARTESIAN_POINT('',(-184.800670756594,-153.599804359884,-6.12323399573677E-15));
#1746=CARTESIAN_POINT('',(-144.198677226983,-61.2754530962328,0.));
#1747=CARTESIAN_POINT('',(-144.198677226983,-61.2754530962327,-50.));
#1748=CARTESIAN_POINT('',(-157.073554527719,-109.603619899719,-50.));
#1749=CARTESIAN_POINT('',(-169.948431828455,-157.931786703206,-50.));
#1750=CARTESIAN_POINT('',(-169.948431828456,-157.931786703206,-6.12323399573677E-15));
#1751=CARTESIAN_POINT('',(-118.639971365561,-67.7644043041236,0.));
#1752=CARTESIAN_POINT('',(-118.639971365561,-67.7644043041236,-50.));
#1753=CARTESIAN_POINT('',(-129.232813315294,-116.671944059521,-50.));
#1754=CARTESIAN_POINT('',(-139.825655265026,-165.579483814918,-50.));
#1755=CARTESIAN_POINT('',(-139.825655265026,-165.579483814918,-6.12323399573677E-15));
#1756=CARTESIAN_POINT('',(-79.5945739443869,-74.7906354283536,0.));
#1757=CARTESIAN_POINT('',(-79.5945739443868,-74.7906354283535,-50.));
#1758=CARTESIAN_POINT('',(-86.7011864931875,-124.325521744006,-50.));
#1759=CARTESIAN_POINT('',(-93.807799041988,-173.860408059658,-50.));
#1760=CARTESIAN_POINT('',(-93.8077990419881,-173.860408059658,-6.12323399573677E-15));
#1761=CARTESIAN_POINT('',(-39.9495916067998,-79.0491857046319,0.));
#1762=CARTESIAN_POINT('',(-39.9495916067998,-79.049185704632,-50.));
#1763=CARTESIAN_POINT('',(-43.5164256011213,-128.96430024181,-50.));
#1764=CARTESIAN_POINT('',(-47.0832595954429,-178.879414778987,-50.));
#1765=CARTESIAN_POINT('',(-47.0832595954429,-178.879414778987,-6.12323399573677E-15));
#1766=CARTESIAN_POINT('',(-0.000343016045734501,-80.4759875079254,0.));
#1767=CARTESIAN_POINT('',(-0.000343016045741331,-80.4759875079254,-50.));
#1768=CARTESIAN_POINT('',(-0.000224538971941968,-130.518488489135,-50.));
#1769=CARTESIAN_POINT('',(-0.000106061898100461,-180.560989470344,-50.));
#1770=CARTESIAN_POINT('',(-0.000106061898149434,-180.560989470344,-6.12323399573677E-15));
#1771=CARTESIAN_POINT('',(39.9489727033238,-79.0492345721273,0.));
#1772=CARTESIAN_POINT('',(39.9489727033237,-79.0492345721273,-50.));
#1773=CARTESIAN_POINT('',(43.5160488862673,-128.964332216809,-50.));
#1774=CARTESIAN_POINT('',(47.0831250692108,-178.87942986149,-50.));
#1775=CARTESIAN_POINT('',(47.0831250692108,-178.87942986149,-6.12323399573677E-15));
#1776=CARTESIAN_POINT('',(79.5942067333096,-74.7906920491559,0.));
#1777=CARTESIAN_POINT('',(79.5942067333097,-74.790692049156,-50.));
#1778=CARTESIAN_POINT('',(86.7010816773966,-124.325541070734,-50.));
#1779=CARTESIAN_POINT('',(93.8079566214836,-173.860390092311,-50.));
#1780=CARTESIAN_POINT('',(93.8079566214836,-173.860390092311,-6.12323399573676E-15));
#1781=CARTESIAN_POINT('',(118.639603450668,-67.7644811163817,0.));
#1782=CARTESIAN_POINT('',(118.639603450668,-67.7644811163817,-50.));
#1783=CARTESIAN_POINT('',(129.232703994394,-116.67196460587,-50.));
#1784=CARTESIAN_POINT('',(139.825804538119,-165.579448095358,-50.));
#1785=CARTESIAN_POINT('',(139.825804538119,-165.579448095358,-6.12323399573677E-15));
#1786=CARTESIAN_POINT('',(144.198331953781,-61.2755498168266,0.));
#1787=CARTESIAN_POINT('',(144.198331953781,-61.2755498168265,-50.));
#1788=CARTESIAN_POINT('',(157.073466417538,-109.603648533147,-50.));
#1789=CARTESIAN_POINT('',(169.948600881294,-157.931747249469,-50.));
#1790=CARTESIAN_POINT('',(169.948600881294,-157.931747249469,-6.12323399573677E-15));
#1791=CARTESIAN_POINT('',(156.800527360339,-57.5998461826159,0.));
#1792=CARTESIAN_POINT('',(156.800527360339,-57.5998461826159,-50.));
#1793=CARTESIAN_POINT('',(170.800855479768,-105.599750479899,-50.));
#1794=CARTESIAN_POINT('',(184.801183599196,-153.599654777182,-50.));
#1795=CARTESIAN_POINT('',(184.801183599196,-153.599654777182,-6.12323399573677E-15));
#1796=CARTESIAN_POINT('',(156.800527360339,-57.5998461826159,0.));
#1797=CARTESIAN_POINT('',(156.800789949498,57.5997695929429,0.));
#1798=CARTESIAN_POINT('',(-156.800384781703,57.5998877698993,0.));
#1799=CARTESIAN_POINT('',(-156.800577614335,-57.5998315264252,0.));
#1800=CARTESIAN_POINT('',(-43.8983576058817,78.2767424406394,-3.22125424988776E-15));
#1801=CARTESIAN_POINT('',(43.8983573293185,78.276742723011,1.50698509977499E-07));
#1802=CARTESIAN_POINT('',(43.8983576053214,-78.2767424408531,-1.50698997222157E-07));
#1803=CARTESIAN_POINT('',(-43.8983573293477,-78.276742723474,-1.19228869050988E-14));
#1804=CARTESIAN_POINT('',(38.6393110285368,74.4373190913647,2.94446575057135E-07));
#1805=CARTESIAN_POINT('',(-38.6393109673965,74.4373188314593,2.77060430008943E-14));
#1806=CARTESIAN_POINT('',(-38.6393110286552,-74.4373190918101,1.84670470082355E-14));
#1807=CARTESIAN_POINT('',(38.6393109674433,-74.4373188316263,-1.47223729727878E-07));
#1808=CARTESIAN_POINT('',(-38.4539931168495,74.6731157032974,4.31097860993614));
#1809=CARTESIAN_POINT('',(38.4539933666008,74.6731157032974,4.31097638215074));
#1810=CARTESIAN_POINT('',(38.4539931170168,-74.6731157032739,4.31097860861176));
#1811=CARTESIAN_POINT('',(-38.4539933670661,-74.6731157032973,4.31097637800087));
#1812=CARTESIAN_POINT('',(-38.4539933670661,-74.6731157032974,-4.31097637800063));
#1813=CARTESIAN_POINT('',(38.453993116998,-74.6731157032974,-4.31097860861254));
#1814=CARTESIAN_POINT('',(38.4539933666008,74.6731157032974,-4.31097638215082));
#1815=CARTESIAN_POINT('',(-38.4539931168495,74.6731157032974,-4.31097860993654));
#1816=CARTESIAN_POINT('',(-43.6782684704712,78.4896326641304,-4.41193022739183));
#1817=CARTESIAN_POINT('',(43.678268405052,78.4896327245424,-4.41192794459248));
#1818=CARTESIAN_POINT('',(-43.6782684203602,-78.4896327102454,4.41192794304356));
#1819=CARTESIAN_POINT('',(43.6782685069407,-78.4896326284738,4.41193023318192));
#1820=CARTESIAN_POINT('',(184.801183599196,-153.599654777182,-6.12323399573677E-15));
#1821=CARTESIAN_POINT('',(184.800921010037,153.599731366855,-6.12323399573677E-15));
#1822=CARTESIAN_POINT('',(-184.800863589225,153.59974811641,-6.12323399573677E-15));
#1823=CARTESIAN_POINT('',(-184.800670756594,-153.599804359884,-6.12323399573677E-15));
#1824=CARTESIAN_POINT('',(156.800527360339,-57.5998461826159,0.));
#1825=CARTESIAN_POINT('',(159.748686559987,-56.7400971616618,0.));
#1826=CARTESIAN_POINT('',(164.116137914621,-55.093068422943,0.));
#1827=CARTESIAN_POINT('',(169.685486839492,-52.2152155871252,0.));
#1828=CARTESIAN_POINT('',(173.785049084139,-49.6635142731264,0.));
#1829=CARTESIAN_POINT('',(177.717035962629,-46.7494270628303,0.));
#1830=CARTESIAN_POINT('',(181.434993941564,-43.4898414400307,0.));
#1831=CARTESIAN_POINT('',(184.89462607705,-39.9096701424349,0.));
#1832=CARTESIAN_POINT('',(188.055571818359,-36.041657254632,0.));
#1833=CARTESIAN_POINT('',(190.884192994445,-31.9234892444399,0.));
#1834=CARTESIAN_POINT('',(193.352139364057,-27.6002195424548,0.));
#1835=CARTESIAN_POINT('',(195.44027681924,-23.1184036058703,0.));
#1836=CARTESIAN_POINT('',(197.136900399786,-18.5274891375894,0.));
#1837=CARTESIAN_POINT('',(198.438575284754,-13.8777472109647,0.));
#1838=CARTESIAN_POINT('',(199.350193917608,-9.21628345964925,0.));
#1839=CARTESIAN_POINT('',(199.883368957079,-4.58952697638307,0.));
#1840=CARTESIAN_POINT('',(200.057652283898,6.46171991713906E-05,0.));
#1841=CARTESIAN_POINT('',(199.883412452664,4.58882125481914,0.));
#1842=CARTESIAN_POINT('',(199.350253511457,9.21593393210781,0.));
#1843=CARTESIAN_POINT('',(198.438708850344,13.8771829283385,0.));
#1844=CARTESIAN_POINT('',(197.136987409135,18.5272303176222,0.));
#1845=CARTESIAN_POINT('',(195.440477892756,23.117899718169,0.));
#1846=CARTESIAN_POINT('',(193.3523543738,27.5998416468668,0.));
#1847=CARTESIAN_POINT('',(190.884137044233,31.9235622205855,0.));
#1848=CARTESIAN_POINT('',(188.055956180752,36.0411447388571,0.));
#1849=CARTESIAN_POINT('',(184.894571718989,39.9097443612882,0.));
#1850=CARTESIAN_POINT('',(181.435296420787,43.4895289531845,0.));
#1851=CARTESIAN_POINT('',(177.71746374157,46.7490939227124,0.));
#1852=CARTESIAN_POINT('',(173.785271892365,49.6633546325192,0.));
#1853=CARTESIAN_POINT('',(169.685995944536,52.2149428356898,0.));
#1854=CARTESIAN_POINT('',(165.466312770557,54.3953425374481,0.));
#1855=CARTESIAN_POINT('',(161.17372957789,56.2027830020404,0.));
#1856=CARTESIAN_POINT('',(158.258539523505,57.1745793670473,0.));
#1857=CARTESIAN_POINT('',(156.800789949498,57.5997695929429,0.));
#1858=CARTESIAN_POINT('',(156.800789949498,57.5997695929429,0.));
#1859=CARTESIAN_POINT('',(156.800789949498,57.5997695929429,-50.));
#1860=CARTESIAN_POINT('',(170.800855479768,105.599750479899,-50.));
#1861=CARTESIAN_POINT('',(184.800921010037,153.599731366855,-50.));
#1862=CARTESIAN_POINT('',(184.800921010037,153.599731366855,-6.12323399573677E-15));
#1863=CARTESIAN_POINT('',(156.800527360339,-57.5998461826159,0.));
#1864=CARTESIAN_POINT('',(156.800527360339,-57.5998461826159,50.));
#1865=CARTESIAN_POINT('',(170.800855479768,-105.599750479899,50.));
#1866=CARTESIAN_POINT('',(184.801183599196,-153.599654777182,50.));
#1867=CARTESIAN_POINT('',(184.801183599196,-153.599654777182,-6.12323399573677E-15));
#1868=CARTESIAN_POINT('',(156.800789949498,57.5997695929429,0.));
#1869=CARTESIAN_POINT('',(144.198891015161,61.2753961419121,1.71440933803207E-08));
#1870=CARTESIAN_POINT('',(131.467844121632,64.5076129920389,3.43501013171435E-08));
#1871=CARTESIAN_POINT('',(118.638865220862,67.2886037344731,5.15758611988553E-08));
#1872=CARTESIAN_POINT('',(105.712531475574,70.0906984886474,6.89323416303438E-08));
#1873=CARTESIAN_POINT('',(92.6867737366314,72.4346927409397,8.63088749260451E-08));
#1874=CARTESIAN_POINT('',(79.5944877573261,74.314631332017,1.03661569308412E-07));
#1875=CARTESIAN_POINT('',(67.7421736135191,76.0165207337406,1.19370788109955E-07));
#1876=CARTESIAN_POINT('',(55.835336264541,77.338093417491,1.3506046973517E-07));
#1877=CARTESIAN_POINT('',(43.8983573293185,78.276742723011,1.50698509977499E-07));
#1878=CARTESIAN_POINT('',(-156.800384781703,57.5998877698993,0.));
#1879=CARTESIAN_POINT('',(-156.800384781703,57.5998877698993,-50.));
#1880=CARTESIAN_POINT('',(-170.800624185464,105.599817943154,-50.));
#1881=CARTESIAN_POINT('',(-184.800863589225,153.59974811641,-50.));
#1882=CARTESIAN_POINT('',(-184.800863589225,153.59974811641,-6.12323399573677E-15));
#1883=CARTESIAN_POINT('',(-156.800384781703,57.5998877698993,0.));
#1884=CARTESIAN_POINT('',(-159.748551037686,56.7401426002552,0.));
#1885=CARTESIAN_POINT('',(-164.116013962442,55.0931183834353,0.));
#1886=CARTESIAN_POINT('',(-169.68537972988,52.2152682978619,0.));
#1887=CARTESIAN_POINT('',(-173.784954957057,49.6635675661878,0.));
#1888=CARTESIAN_POINT('',(-177.71695592309,46.7494782777078,0.));
#1889=CARTESIAN_POINT('',(-181.434924039578,43.4898921746756,0.));
#1890=CARTESIAN_POINT('',(-184.894567357347,39.9097178700807,0.));
#1891=CARTESIAN_POINT('',(-188.055523385682,36.0417016761788,0.));
#1892=CARTESIAN_POINT('',(-190.884155132665,31.9235255098004,0.));
#1893=CARTESIAN_POINT('',(-193.352108123968,27.6002592644411,0.));
#1894=CARTESIAN_POINT('',(-195.440261447312,23.1184004290934,0.));
#1895=CARTESIAN_POINT('',(-197.136858291876,18.5276195609546,0.));
#1896=CARTESIAN_POINT('',(-198.438661586117,13.8773519372558,0.));
#1897=CARTESIAN_POINT('',(-199.350162019343,9.21640135079879,0.));
#1898=CARTESIAN_POINT('',(-199.883374170546,4.58948186707198,0.));
#1899=CARTESIAN_POINT('',(-200.057652168138,-7.38977650915906E-05,0.));
#1900=CARTESIAN_POINT('',(-199.883407700703,-4.58885485139888,0.));
#1901=CARTESIAN_POINT('',(-199.350241933801,-9.21597565533622,0.));
#1902=CARTESIAN_POINT('',(-198.438688843423,-13.877236847894,0.));
#1903=CARTESIAN_POINT('',(-197.136957333011,-18.5272943809687,0.));
#1904=CARTESIAN_POINT('',(-195.44043555252,-23.1179743485378,0.));
#1905=CARTESIAN_POINT('',(-193.352300476549,-27.5999208821735,0.));
#1906=CARTESIAN_POINT('',(-190.884070016883,-31.9236461796994,0.));
#1907=CARTESIAN_POINT('',(-188.055876242062,-36.041231142351,0.));
#1908=CARTESIAN_POINT('',(-184.894475478675,-39.9098334180264,0.));
#1909=CARTESIAN_POINT('',(-181.435194559878,-43.4896126169581,0.));
#1910=CARTESIAN_POINT('',(-177.717317935757,-46.749192384283,0.));
#1911=CARTESIAN_POINT('',(-173.785232999379,-49.6633793895776,0.));
#1912=CARTESIAN_POINT('',(-169.685506261065,-52.2152174741977,0.));
#1913=CARTESIAN_POINT('',(-165.466190453032,-54.3953742065074,0.));
#1914=CARTESIAN_POINT('',(-161.173782976239,-56.2027807976531,0.));
#1915=CARTESIAN_POINT('',(-158.257806992828,-57.1748112661343,0.));
#1916=CARTESIAN_POINT('',(-156.800577614335,-57.5998315264252,0.));
#1917=CARTESIAN_POINT('',(-156.800577614335,-57.5998315264252,0.));
#1918=CARTESIAN_POINT('',(-156.800577614335,-57.5998315264252,-50.));
#1919=CARTESIAN_POINT('',(-170.800624185464,-105.599817943154,-50.));
#1920=CARTESIAN_POINT('',(-184.800670756594,-153.599804359884,-50.));
#1921=CARTESIAN_POINT('',(-184.800670756594,-153.599804359884,-6.12323399573677E-15));
#1922=CARTESIAN_POINT('',(-156.800577614335,-57.5998315264252,0.));
#1923=CARTESIAN_POINT('',(-144.198677226983,-61.2754530962328,-1.35627883272311E-15));
#1924=CARTESIAN_POINT('',(-131.467630132614,-64.5076646122867,-2.71749750456217E-15));
#1925=CARTESIAN_POINT('',(-118.638652058974,-67.2886499443182,-4.08032042376775E-15));
#1926=CARTESIAN_POINT('',(-105.712319147094,-70.0907392470319,-5.45348535182926E-15));
#1927=CARTESIAN_POINT('',(-92.6865632851912,-72.4347279703708,-6.82827896783947E-15));
#1928=CARTESIAN_POINT('',(-79.5942799562921,-74.3146611713895,-8.20122868364222E-15));
#1929=CARTESIAN_POINT('',(-67.7420340495819,-76.0165362398491,-9.44413927765015E-15));
#1930=CARTESIAN_POINT('',(-55.8352661772393,-77.3380989293518,-1.06855387204257E-14));
#1931=CARTESIAN_POINT('',(-43.8983573293477,-78.276742723474,-1.19228869050988E-14));
#1932=CARTESIAN_POINT('',(-43.8983576058817,78.2767424406394,-3.22125424988776E-15));
#1933=CARTESIAN_POINT('',(-55.8350749836414,77.338112890867,-2.88687892939725E-15));
#1934=CARTESIAN_POINT('',(-67.7416710561246,76.0165752950328,-2.55143372222478E-15));
#1935=CARTESIAN_POINT('',(-79.5937127953731,74.3147426141014,-2.21560649016657E-15));
#1936=CARTESIAN_POINT('',(-92.6860415622819,72.4348173273687,-1.84463576396442E-15));
#1937=CARTESIAN_POINT('',(-105.711800611883,70.0908384117616,-1.47319887335073E-15));
#1938=CARTESIAN_POINT('',(-118.638141797196,67.288760561231,-1.10223271881282E-15));
#1939=CARTESIAN_POINT('',(-131.467128081956,64.5077865951305,-7.34060500514532E-16));
#1940=CARTESIAN_POINT('',(-144.198188396861,61.2755880647818,-3.66351954284598E-16));
#1941=CARTESIAN_POINT('',(-156.800384781703,57.5998877698993,0.));
#1942=CARTESIAN_POINT('',(43.8983576053214,-78.2767424408531,-1.50698997222157E-07));
#1943=CARTESIAN_POINT('',(55.8351277570162,-77.3381087427296,-1.35061142233792E-07));
#1944=CARTESIAN_POINT('',(67.7417765926454,-76.0165635920458,-1.1937162233905E-07));
#1945=CARTESIAN_POINT('',(79.5938709613861,-74.3147199023938,-1.03662609955439E-07));
#1946=CARTESIAN_POINT('',(92.6861958381214,-72.4347913614002,-8.63097702614415E-08));
#1947=CARTESIAN_POINT('',(105.711951465227,-70.0908093740408,-6.89331451575326E-08));
#1948=CARTESIAN_POINT('',(118.63828996345,-67.2887284413678,-5.15765646843045E-08));
#1949=CARTESIAN_POINT('',(131.467273581358,-64.5077514163381,-3.43507055143187E-08));
#1950=CARTESIAN_POINT('',(144.198331953781,-61.275549816826,-1.71445901792447E-08));
#1951=CARTESIAN_POINT('',(156.800527360339,-57.5998461826159,0.));
#1952=CARTESIAN_POINT('',(38.6393109674433,-74.4373188316263,-1.47223729727878E-07));
#1953=CARTESIAN_POINT('',(21.1247630569833,1.37056637626889E-07,7.36114226646339E-08));
#1954=CARTESIAN_POINT('',(38.6393110285368,74.4373190913647,2.94446575057135E-07));
#1955=CARTESIAN_POINT('',(-38.6393109673965,74.4373188314593,2.77060430008943E-14));
#1956=CARTESIAN_POINT('',(-38.6393636349045,74.4372529696255,-1.44083614948015));
#1957=CARTESIAN_POINT('',(-38.5770936137414,74.5164745757941,-2.88160860294659));
#1958=CARTESIAN_POINT('',(-38.4539931168495,74.6731157032974,-4.31097860993654));
#1959=CARTESIAN_POINT('',(-43.8983576058817,78.2767424406394,-3.22125424988776E-15));
#1960=CARTESIAN_POINT('',(-43.8984232627037,78.2766825541477,-1.47484335747391));
#1961=CARTESIAN_POINT('',(-43.8244401541813,78.3482121149987,-2.94961764446055));
#1962=CARTESIAN_POINT('',(-43.6782684704712,78.4896326641304,-4.41193022739183));
#1963=CARTESIAN_POINT('',(38.4539933666008,74.6731157032974,-4.31097638215082));
#1964=CARTESIAN_POINT('',(38.5770937680798,74.5164747104639,-2.88160700999856));
#1965=CARTESIAN_POINT('',(38.6393637256543,74.4372531918715,-1.44083520494942));
#1966=CARTESIAN_POINT('',(38.6393110285368,74.4373190913647,2.94446575057135E-07));
#1967=CARTESIAN_POINT('',(-38.4539931168495,74.6731157032974,-4.31097860993654));
#1968=CARTESIAN_POINT('',(-38.2534858872138,74.824645175081,-6.42004815290062));
#1969=CARTESIAN_POINT('',(-37.5453358998011,75.3594256410621,-10.6386570387428));
#1970=CARTESIAN_POINT('',(-35.4389334690735,76.8232093719603,-16.7368299522893));
#1971=CARTESIAN_POINT('',(-32.0561327214738,78.8517412024345,-22.3159846560095));
#1972=CARTESIAN_POINT('',(-28.0601519396349,80.7270387835278,-26.2195587915051));
#1973=CARTESIAN_POINT('',(-24.1771204721495,82.1219488661651,-28.8195077168717));
#1974=CARTESIAN_POINT('',(-20.6171348297685,83.1537510012295,-30.646193402269));
#1975=CARTESIAN_POINT('',(-14.957133420013,84.3751932090048,-32.7533512433376));
#1976=CARTESIAN_POINT('',(-8.47496084200125,85.099801362749,-34.0419009986484));
#1977=CARTESIAN_POINT('',(-2.85712644233522,85.3050710093448,-34.4300566007482));
#1978=CARTESIAN_POINT('',(0.000220667490826547,85.3275579055595,-34.4697777539977));
#1979=CARTESIAN_POINT('',(2.8577532533062,85.3055405858886,-34.4296593980876));
#1980=CARTESIAN_POINT('',(6.79627351159639,85.1602578033927,-34.1585314355142));
#1981=CARTESIAN_POINT('',(11.7080008770353,84.739237993261,-33.398591201324));
#1982=CARTESIAN_POINT('',(15.6412929176885,84.1705873683191,-32.404479022345));
#1983=CARTESIAN_POINT('',(18.6525502573268,83.5776441087348,-31.3776137637264));
#1984=CARTESIAN_POINT('',(21.3044504223479,82.9546236188386,-30.2932326559936));
#1985=CARTESIAN_POINT('',(23.6485405365051,82.2753713666747,-29.0910380975119));
#1986=CARTESIAN_POINT('',(25.693527094638,81.5769959386469,-27.803953154821));
#1987=CARTESIAN_POINT('',(27.5539997577896,80.8780562687314,-26.4733149015817));
#1988=CARTESIAN_POINT('',(29.6832401243646,79.9661526877308,-24.6351841697954));
#1989=CARTESIAN_POINT('',(32.6425869627963,78.4991823480959,-21.3471624808186));
#1990=CARTESIAN_POINT('',(34.9123118549271,77.1395982011327,-17.6066413038299));
#1991=CARTESIAN_POINT('',(36.5341889588286,76.0617625018884,-13.5648029928377));
#1992=CARTESIAN_POINT('',(37.4318149347503,75.4304083248125,-10.5540321241495));
#1993=CARTESIAN_POINT('',(38.0787079046156,74.9563912098699,-7.45950908277268));
#1994=CARTESIAN_POINT('',(38.3538894098547,74.7489214787255,-5.36559542523059));
#1995=CARTESIAN_POINT('',(38.4539933666008,74.6731157032974,-4.31097638215082));
#1996=CARTESIAN_POINT('',(43.8983573293185,78.276742723011,1.50698509977499E-07));
#1997=CARTESIAN_POINT('',(39.6218230352772,78.613022611489,2.22572779191317E-07));
#1998=CARTESIAN_POINT('',(38.6393110285368,74.4373190913647,2.94446575057135E-07));
#1999=CARTESIAN_POINT('',(38.6393110285368,74.4373190913647,2.94446575057135E-07));
#2000=CARTESIAN_POINT('',(38.6393636959371,74.4372532296806,1.44083559719679));
#2001=CARTESIAN_POINT('',(38.5770937387179,74.5164747478252,2.88160720363593));
#2002=CARTESIAN_POINT('',(38.4539933666008,74.6731157032974,4.31097638215074));
#2003=CARTESIAN_POINT('',(43.8983573293185,78.276742723011,1.50698509977499E-07));
#2004=CARTESIAN_POINT('',(43.8984229859802,78.2766828366535,1.47484274122493));
#2005=CARTESIAN_POINT('',(43.8244399540442,78.3482123175116,2.94961626145372));
#2006=CARTESIAN_POINT('',(43.6782684197759,78.4896327102894,4.41192809759211));
#2007=CARTESIAN_POINT('',(43.4621584776314,78.6980495957713,6.57162437277647));
#2008=CARTESIAN_POINT('',(42.697380365188,79.4336149983247,10.8988319301103));
#2009=CARTESIAN_POINT('',(40.3418787961723,81.4481151709727,17.1739523042399));
#2010=CARTESIAN_POINT('',(36.4235822174968,84.2421713556809,22.8796166489594));
#2011=CARTESIAN_POINT('',(31.7042092407607,86.8280292198276,26.7475262614476));
#2012=CARTESIAN_POINT('',(27.1315751689434,88.7533611274213,29.2025435482926));
#2013=CARTESIAN_POINT('',(22.9746144338069,90.1785660680111,30.8498408702567));
#2014=CARTESIAN_POINT('',(16.4553309748828,91.8674103622658,32.6225816532452));
#2015=CARTESIAN_POINT('',(9.2232098153858,92.8714383306972,33.5459753954556));
#2016=CARTESIAN_POINT('',(3.10714396659486,93.1561424593901,33.8073951444829));
#2017=CARTESIAN_POINT('',(-9.00964269796821E-05,93.1873442970238,33.8337858866019));
#2018=CARTESIAN_POINT('',(-3.10485469439706,93.1568286732285,33.8068632838227));
#2019=CARTESIAN_POINT('',(-7.39759186319235,92.9553566655352,33.6251258024544));
#2020=CARTESIAN_POINT('',(-12.8271388569575,92.3719309949859,33.0845485268313));
#2021=CARTESIAN_POINT('',(-17.2636799863877,91.5847754959131,32.3158686661671));
#2022=CARTESIAN_POINT('',(-20.7116934316321,90.7647392419715,31.4653202417903));
#2023=CARTESIAN_POINT('',(-23.7763528375544,89.9035687408685,30.5313523414925));
#2024=CARTESIAN_POINT('',(-26.5144756475318,88.9653000189121,29.4476427765386));
#2025=CARTESIAN_POINT('',(-28.917302073287,88.0011953875002,28.2434994051236));
#2026=CARTESIAN_POINT('',(-31.1089372517803,87.0366537017171,26.974278293276));
#2027=CARTESIAN_POINT('',(-33.6214010507155,85.7788305978904,25.1781217593581));
#2028=CARTESIAN_POINT('',(-37.1025591250388,83.7565718600171,21.8883284779443));
#2029=CARTESIAN_POINT('',(-39.73220924384,81.8838953694636,18.0638727929237));
#2030=CARTESIAN_POINT('',(-41.5663849814545,80.4001943988934,13.9096404397387));
#2031=CARTESIAN_POINT('',(-42.5655415201475,79.5313783221982,10.814590521423));
#2032=CARTESIAN_POINT('',(-43.2731181233652,78.8792638508157,7.63769327552627));
#2033=CARTESIAN_POINT('',(-43.5705432918688,78.5938952610968,5.49192686651311));
#2034=CARTESIAN_POINT('',(-43.678268470497,78.4896326640954,4.41193022777564));
#2035=CARTESIAN_POINT('',(-43.8244401541901,78.3482121149869,2.94961764446422));
#2036=CARTESIAN_POINT('',(-43.8984232626771,78.2766825541498,1.47484335734856));
#2037=CARTESIAN_POINT('',(-43.8983576058817,78.2767424406394,-3.22125424988776E-15));
#2038=CARTESIAN_POINT('',(-38.6393109673965,74.4373188314593,2.77060430008943E-14));
#2039=CARTESIAN_POINT('',(-39.6218230386757,78.6130226413207,2.50468352535045E-13));
#2040=CARTESIAN_POINT('',(-43.8983576058817,78.2767424406394,-3.22125424988776E-15));
#2041=CARTESIAN_POINT('',(-38.4539931168495,74.6731157032974,4.31097860993614));
#2042=CARTESIAN_POINT('',(-38.577093613741,74.5164745757925,2.88160860294618));
#2043=CARTESIAN_POINT('',(-38.6393636349064,74.4372529696338,1.44083614947979));
#2044=CARTESIAN_POINT('',(-38.6393109673965,74.4373188314593,2.77060430008943E-14));
#2045=CARTESIAN_POINT('',(38.4539933666008,74.6731157032974,4.31097638215074));
#2046=CARTESIAN_POINT('',(38.253486152345,74.8246451512088,6.42004684164777));
#2047=CARTESIAN_POINT('',(37.5453360741892,75.3594256509787,10.6386567493149));
#2048=CARTESIAN_POINT('',(35.4389331865858,76.8232095624617,16.7368305881087));
#2049=CARTESIAN_POINT('',(32.0561321697178,78.8517413608577,22.3159854074689));
#2050=CARTESIAN_POINT('',(28.060151435248,80.7270387734909,26.2195593011154));
#2051=CARTESIAN_POINT('',(24.1771408413066,82.1219412883621,28.8194942070614));
#2052=CARTESIAN_POINT('',(20.6172089063748,83.1537302317811,30.6461576562863));
#2053=CARTESIAN_POINT('',(14.9573325906585,84.3751570948442,32.7532896685972));
#2054=CARTESIAN_POINT('',(8.47530794264836,85.0997713664321,34.0418464237001));
#2055=CARTESIAN_POINT('',(2.85759455338813,85.3050587599103,34.4300338502567));
#2056=CARTESIAN_POINT('',(0.000282273139707148,85.3275579090217,34.4697777626937));
#2057=CARTESIAN_POINT('',(-2.85728516191865,85.3055528254779,34.4296820966958));
#2058=CARTESIAN_POINT('',(-6.79589033925404,85.1602825090672,34.1585765633045));
#2059=CARTESIAN_POINT('',(-11.7077276312723,84.7392710192348,33.3986491916099));
#2060=CARTESIAN_POINT('',(-15.6411084077683,84.1706196496598,32.4045344471757));
#2061=CARTESIAN_POINT('',(-18.6524327478007,83.5776702160278,31.3776584826813));
#2062=CARTESIAN_POINT('',(-21.3043907872577,82.9546406495386,30.2932620060855));
#2063=CARTESIAN_POINT('',(-23.6485195363428,82.2753787843603,29.0910511483416));
#2064=CARTESIAN_POINT('',(-25.6935275219044,81.5769960125918,27.8039527200092));
#2065=CARTESIAN_POINT('',(-27.55400041841,80.8780562202448,26.4733142560928));
#2066=CARTESIAN_POINT('',(-29.6832408097925,79.9661525537093,24.6351834046535));
#2067=CARTESIAN_POINT('',(-32.6425874684701,78.4991821822601,21.3471617459023));
#2068=CARTESIAN_POINT('',(-34.912312186903,77.1395980118299,17.6066406386512));
#2069=CARTESIAN_POINT('',(-36.5341891439148,76.0617623080084,13.5648024324852));
#2070=CARTESIAN_POINT('',(-37.4318149138276,75.4304082161773,10.5540320556839));
#2071=CARTESIAN_POINT('',(-38.0787076959828,74.9563912002738,7.45950994005953));
#2072=CARTESIAN_POINT('',(-38.3538891525168,74.7489214903057,5.36559719476873));
#2073=CARTESIAN_POINT('',(-38.4539931168495,74.6731157032974,4.31097860993614));
#2074=CARTESIAN_POINT('',(43.8983576053214,-78.2767424408531,-1.50698997222157E-07));
#2075=CARTESIAN_POINT('',(43.8984232621434,-78.2766825543616,-1.47484350759284));
#2076=CARTESIAN_POINT('',(43.8244401536773,-78.3482121151462,-2.94961779399955));
#2077=CARTESIAN_POINT('',(43.6782684700772,-78.4896326641479,-4.41193037636674));
#2078=CARTESIAN_POINT('',(43.47095667055,-78.689623760928,-6.48382286502128));
#2079=CARTESIAN_POINT('',(42.752669715356,-79.3801991901267,-10.6212947474874));
#2080=CARTESIAN_POINT('',(40.5737607941221,-81.2569038765198,-16.6581134996105));
#2081=CARTESIAN_POINT('',(36.9757722845994,-83.8753915860326,-22.2157479987743));
#2082=CARTESIAN_POINT('',(32.3236745048751,-86.528810655693,-26.3445658611855));
#2083=CARTESIAN_POINT('',(28.2122541771198,-88.3200695425969,-28.6620264988332));
#2084=CARTESIAN_POINT('',(24.5311436505221,-89.6642764000057,-30.2665403036379));
#2085=CARTESIAN_POINT('',(20.6756086740105,-90.8243944132521,-31.5413627913984));
#2086=CARTESIAN_POINT('',(15.6315976844809,-91.9197146312231,-32.6494944395778));
#2087=CARTESIAN_POINT('',(10.4556746510196,-92.6657685183388,-33.3592627683867));
#2088=CARTESIAN_POINT('',(5.22772193387887,-93.0899324980757,-33.7468739693601));
#2089=CARTESIAN_POINT('',(-8.15562951605414E-05,-93.2260952625814,-33.8687463267649));
#2090=CARTESIAN_POINT('',(-5.2278243726547,-93.089933203411,-33.7468675633045));
#2091=CARTESIAN_POINT('',(-10.4559059162513,-92.6657478866282,-33.3592668383499));
#2092=CARTESIAN_POINT('',(-15.6316608036781,-91.9196883276017,-32.6493996764013));
#2093=CARTESIAN_POINT('',(-20.6758644298934,-90.8243644094476,-31.5414772423973));
#2094=CARTESIAN_POINT('',(-24.5309540709653,-89.6642605836898,-30.2663365239421));
#2095=CARTESIAN_POINT('',(-28.2123611827599,-88.3200684706384,-28.6621099615631));
#2096=CARTESIAN_POINT('',(-32.3236124102276,-86.5288097261352,-26.3445143914702));
#2097=CARTESIAN_POINT('',(-36.9758049274885,-83.8753924335628,-22.2157772798356));
#2098=CARTESIAN_POINT('',(-40.5737416555522,-81.2569038178924,-16.6580981237218));
#2099=CARTESIAN_POINT('',(-42.7526828564281,-79.3801994966757,-10.6213056520889));
#2100=CARTESIAN_POINT('',(-43.4709499703681,-78.6896236529377,-6.48381565802316));
#2101=CARTESIAN_POINT('',(-43.6782684202702,-78.489632710335,-4.41192794340439));
#2102=CARTESIAN_POINT('',(-43.8244399542305,-78.3482123178331,-2.94961610815481));
#2103=CARTESIAN_POINT('',(-43.8984229860159,-78.2766828371162,-1.47484258909883));
#2104=CARTESIAN_POINT('',(-43.8983573293477,-78.276742723474,-1.19228869050988E-14));
#2105=CARTESIAN_POINT('',(-38.6393110286552,-74.4373190918101,1.84670470082355E-14));
#2106=CARTESIAN_POINT('',(-39.621823035377,-78.6130226118771,-2.09669534079085E-13));
#2107=CARTESIAN_POINT('',(-43.8983573293477,-78.276742723474,-1.19228869050988E-14));
#2108=CARTESIAN_POINT('',(43.8983576053214,-78.2767424408531,-1.50698997222157E-07));
#2109=CARTESIAN_POINT('',(39.6218230386007,-78.6130226409712,-1.48961551080592E-07));
#2110=CARTESIAN_POINT('',(38.6393109674433,-74.4373188316263,-1.47223729727878E-07));
#2111=CARTESIAN_POINT('',(38.6393109674433,-74.4373188316263,-1.47223729727878E-07));
#2112=CARTESIAN_POINT('',(38.6393636349495,-74.4372529697953,-1.44083624728999));
#2113=CARTESIAN_POINT('',(38.5770936138208,-74.5164745759071,-2.88160865110633));
#2114=CARTESIAN_POINT('',(38.453993116998,-74.6731157032974,-4.31097860861254));
#2115=CARTESIAN_POINT('',(-38.4539933670661,-74.6731157032974,-4.31097637800063));
#2116=CARTESIAN_POINT('',(-38.5770937389501,-74.5164747481241,-2.8816071027467));
#2117=CARTESIAN_POINT('',(-38.6393636960514,-74.4372532301285,-1.44083539929243));
#2118=CARTESIAN_POINT('',(-38.6393110286552,-74.4373190918101,1.84670470082355E-14));
#2119=CARTESIAN_POINT('',(38.453993116998,-74.6731157032974,-4.31097860861254));
#2120=CARTESIAN_POINT('',(38.2616490557082,-74.8185193327802,-6.33429505270248));
#2121=CARTESIAN_POINT('',(37.596541488692,-75.3205901162025,-10.3682881806032));
#2122=CARTESIAN_POINT('',(35.6443785732972,-76.6842957932105,-16.2357349422057));
#2123=CARTESIAN_POINT('',(32.5284259983919,-78.5855393362944,-21.6628771310218));
#2124=CARTESIAN_POINT('',(28.5837165841268,-80.5101544177461,-25.8033071259738));
#2125=CARTESIAN_POINT('',(25.0965899654294,-81.8080741265288,-28.2414916971865));
#2126=CARTESIAN_POINT('',(21.9522295963653,-82.7814622583663,-29.9928142169539));
#2127=CARTESIAN_POINT('',(18.6306744648004,-83.620934639849,-31.4530285578555));
#2128=CARTESIAN_POINT('',(14.2053501428495,-84.4126731046956,-32.8242388343898));
#2129=CARTESIAN_POINT('',(9.57237740105707,-84.951357268421,-33.7783713669269));
#2130=CARTESIAN_POINT('',(4.81022512636035,-85.2573283687685,-34.3387463717353));
#2131=CARTESIAN_POINT('',(-6.38185926606777E-05,-85.3554936646036,-34.5226081610996));
#2132=CARTESIAN_POINT('',(-4.81034428589179,-85.2573289298698,-34.3387322181856));
#2133=CARTESIAN_POINT('',(-9.5725635767786,-84.9513425175905,-33.7783610157235));
#2134=CARTESIAN_POINT('',(-14.2054483244311,-84.4126538044695,-32.8241558968225));
#2135=CARTESIAN_POINT('',(-18.6308185033048,-83.6209136549231,-31.4530978030226));
#2136=CARTESIAN_POINT('',(-21.9521540694497,-82.7814498894541,-29.9926652456336));
#2137=CARTESIAN_POINT('',(-25.0966421547217,-81.808073807943,-28.2415494704366));
#2138=CARTESIAN_POINT('',(-28.583687253217,-80.5101535022033,-25.8032711764038));
#2139=CARTESIAN_POINT('',(-32.5284411214074,-78.5855400944515,-21.6628980667175));
#2140=CARTESIAN_POINT('',(-35.6443696457141,-76.6842956550696,-16.2357243740497));
#2141=CARTESIAN_POINT('',(-37.5965478634984,-75.32059036608,-10.3682958855983));
#2142=CARTESIAN_POINT('',(-38.2616462030932,-74.8185191936897,-6.33428971163654));
#2143=CARTESIAN_POINT('',(-38.4539933670661,-74.6731157032974,-4.31097637800063));
#2144=CARTESIAN_POINT('',(-38.6393110286552,-74.4373190918101,1.84670470082355E-14));
#2145=CARTESIAN_POINT('',(-38.6393636960518,-74.4372532301305,1.44083539929269));
#2146=CARTESIAN_POINT('',(-38.57709373895,-74.5164747481238,2.88160710274721));
#2147=CARTESIAN_POINT('',(-38.4539933670661,-74.6731157032973,4.31097637800087));
#2148=CARTESIAN_POINT('',(-43.8983573293477,-78.276742723474,-1.19228869050988E-14));
#2149=CARTESIAN_POINT('',(-43.8984229860096,-78.2766828371167,1.47484258878713));
#2150=CARTESIAN_POINT('',(-43.8244399542608,-78.348212317803,2.94961610772185));
#2151=CARTESIAN_POINT('',(-43.6782684203602,-78.4896327102454,4.41192794304356));
#2152=CARTESIAN_POINT('',(38.4539931170168,-74.6731157032739,4.31097860861176));
#2153=CARTESIAN_POINT('',(38.577093628514,-74.5164745572091,2.88160855428673));
#2154=CARTESIAN_POINT('',(38.6393636498165,-74.437252950892,1.44083605116515));
#2155=CARTESIAN_POINT('',(38.6393109674433,-74.4373188316263,-1.47223729727878E-07));
#2156=CARTESIAN_POINT('',(-38.4539933670661,-74.6731157032973,4.31097637800087));
#2157=CARTESIAN_POINT('',(-38.2616493172122,-74.818519311767,6.33429373392504));
#2158=CARTESIAN_POINT('',(-37.5965416618794,-75.3205901309545,10.3682878753891));
#2159=CARTESIAN_POINT('',(-35.6443783090137,-76.6842959834524,16.2357355639055));
#2160=CARTESIAN_POINT('',(-32.5284254839199,-78.5855395022657,21.6628778682766));
#2161=CARTESIAN_POINT('',(-28.5837159986786,-80.5101544566277,25.8033077281497));
#2162=CARTESIAN_POINT('',(-25.0965951775705,-81.8080719378923,28.2414881714017));
#2163=CARTESIAN_POINT('',(-21.9522580222708,-82.781453465048,29.9927991342465));
#2164=CARTESIAN_POINT('',(-18.6307467600064,-83.6209175977066,31.4529997149132));
#2165=CARTESIAN_POINT('',(-14.205483530967,-84.4126522984076,32.8242030979754));
#2166=CARTESIAN_POINT('',(-9.5725749785137,-84.9513386020731,33.778338163934));
#2167=CARTESIAN_POINT('',(-4.81048749045214,-85.2573165605957,34.3387246064056));
#2168=CARTESIAN_POINT('',(-0.000221146858852452,-85.3554936665295,34.5226081609743));
#2169=CARTESIAN_POINT('',(4.81008192199667,-85.2573407331347,34.3387539824742));
#2170=CARTESIAN_POINT('',(9.57236599872801,-84.9513611866486,33.7783942185156));
#2171=CARTESIAN_POINT('',(14.2053149369664,-84.4126746096433,32.824191633505));
#2172=CARTESIAN_POINT('',(18.6307462072177,-83.6209306967349,31.4531266454837));
#2173=CARTESIAN_POINT('',(21.9521256442457,-82.7814586842566,29.9926803291166));
#2174=CARTESIAN_POINT('',(25.0966369418394,-81.8080759958438,28.2415529953008));
#2175=CARTESIAN_POINT('',(28.583687839144,-80.5101534637318,25.8032705748073));
#2176=CARTESIAN_POINT('',(32.5284416356475,-78.5855399282195,21.6628973291565));
#2177=CARTESIAN_POINT('',(35.64436991015,-76.6842954649355,16.2357237525158));
#2178=CARTESIAN_POINT('',(37.5965476902324,-75.3205903512106,10.3682961906923));
#2179=CARTESIAN_POINT('',(38.2616459416564,-74.8185192147266,6.33429103047331));
#2180=CARTESIAN_POINT('',(38.4539931170168,-74.6731157032739,4.31097860861176));
#2181=CARTESIAN_POINT('',(-38.4539931168495,74.6731157032974,-4.31097860993654));
#2182=CARTESIAN_POINT('',(-39.4644298094432,78.7832448143287,-4.00732803133934));
#2183=CARTESIAN_POINT('',(-43.6782684704686,78.4896326640974,-4.41193022739476));
#2184=CARTESIAN_POINT('',(-43.6782684704712,78.4896326641304,-4.41193022739183));
#2185=CARTESIAN_POINT('',(-43.4621585122794,78.6980495840419,-6.57162556635358));
#2186=CARTESIAN_POINT('',(-42.6973804906179,79.4336149452466,-10.8988320755351));
#2187=CARTESIAN_POINT('',(-40.3418794197948,81.448114886847,-17.1739515016048));
#2188=CARTESIAN_POINT('',(-36.4235830621087,84.2421711425871,-22.8796157309155));
#2189=CARTESIAN_POINT('',(-31.7042099556427,86.8280292606262,-26.7475255975408));
#2190=CARTESIAN_POINT('',(-27.1315511876598,88.7533716265465,-29.2025561037447));
#2191=CARTESIAN_POINT('',(-22.9745280739556,90.1785948071212,-30.8498725256732));
#2192=CARTESIAN_POINT('',(-16.4551032929425,91.867460375403,-32.62263069338));
#2193=CARTESIAN_POINT('',(-9.22282644714083,92.871479948248,-33.546012601522));
#2194=CARTESIAN_POINT('',(-3.10663473597798,93.1561594572503,-33.807410268701));
#2195=CARTESIAN_POINT('',(0.00063671387507334,93.1873442924567,-33.8337857137126));
#2196=CARTESIAN_POINT('',(3.10536401982996,93.1568116877336,-33.8068479876734));
#2197=CARTESIAN_POINT('',(7.39801254662205,92.9553223893925,-33.6250947158214));
#2198=CARTESIAN_POINT('',(12.8274446827214,92.3718852184142,-33.0845052920999));
#2199=CARTESIAN_POINT('',(17.2638900679452,91.5847307900793,-32.3158240097358));
#2200=CARTESIAN_POINT('',(20.7118288378983,90.7647031026803,-31.4652822300509));
#2201=CARTESIAN_POINT('',(23.7764224586374,89.9035451691027,-30.5313260041975));
#2202=CARTESIAN_POINT('',(26.5145003050387,88.9652897383928,-29.4476304651573));
#2203=CARTESIAN_POINT('',(28.9173015144838,88.001195250666,-28.2434997080058));
#2204=CARTESIAN_POINT('',(31.1089363754984,87.0366537404976,-26.9742787941113));
#2205=CARTESIAN_POINT('',(33.6214000960168,85.7788307644865,-25.1781223830021));
#2206=CARTESIAN_POINT('',(37.1025583123973,83.7565720880585,-21.8883290759271));
#2207=CARTESIAN_POINT('',(39.7322085805386,81.8838956476161,-18.0638733247546));
#2208=CARTESIAN_POINT('',(41.5663844591498,80.4001946969165,-13.9096408655363));
#2209=CARTESIAN_POINT('',(42.56554122404,79.5313785099393,-10.8145904421864));
#2210=CARTESIAN_POINT('',(43.2731180183716,78.8792639172209,-7.63769229411522));
#2211=CARTESIAN_POINT('',(43.5705432361437,78.5938953035982,-5.49192500198524));
#2212=CARTESIAN_POINT('',(43.678268405052,78.4896327245424,-4.41192794459248));
#2213=CARTESIAN_POINT('',(38.4539933666008,74.6731157032974,-4.31097638215082));
#2214=CARTESIAN_POINT('',(39.464429958979,78.7832445877991,-4.00732600200066));
#2215=CARTESIAN_POINT('',(43.6782684040237,78.4896327113924,-4.41192794575941));
#2216=CARTESIAN_POINT('',(43.678268405052,78.4896327245424,-4.41192794459248));
#2217=CARTESIAN_POINT('',(43.8244399490661,78.3482123223258,-2.94961605956562));
#2218=CARTESIAN_POINT('',(43.8984229859889,78.2766828366508,-1.47484248945748));
#2219=CARTESIAN_POINT('',(43.8983573293185,78.276742723011,1.50698509977499E-07));
#2220=CARTESIAN_POINT('',(-38.4539933670661,-74.6731157032974,4.31097637800088));
#2221=CARTESIAN_POINT('',(-39.464429962637,-78.7832446011019,4.00732599716001));
#2222=CARTESIAN_POINT('',(-43.6782684202694,-78.4896327103351,4.41192794302686));
#2223=CARTESIAN_POINT('',(-43.6782684203602,-78.4896327102454,4.41192794304356));
#2224=CARTESIAN_POINT('',(-43.470956633906,-78.6896237765982,6.48382136512953));
#2225=CARTESIAN_POINT('',(-42.7526695865633,-79.3801992501478,10.6212942902773));
#2226=CARTESIAN_POINT('',(-40.5737601931223,-81.2569041620517,16.6581140078757));
#2227=CARTESIAN_POINT('',(-36.9757714651134,-83.8753918131172,22.215748641152));
#2228=CARTESIAN_POINT('',(-32.3236736941871,-86.528810684784,26.3445663887431));
#2229=CARTESIAN_POINT('',(-28.2122602790085,-88.3200664851582,28.6620231299806));
#2230=CARTESIAN_POINT('',(-24.5311769120329,-89.6642642119517,30.2665266082969));
#2231=CARTESIAN_POINT('',(-20.6756923331927,-90.8243708082472,31.5413382162457));
#2232=CARTESIAN_POINT('',(-15.6317487461702,-91.9196857916978,32.6494666294332));
#2233=CARTESIAN_POINT('',(-10.4558937988283,-92.665742621586,33.3592390908612));
#2234=CARTESIAN_POINT('',(-5.22800844161142,-93.0899161048988,33.7468594792587));
#2235=CARTESIAN_POINT('',(-0.000227656518425154,-93.2260952652015,33.8687464435175));
#2236=CARTESIAN_POINT('',(5.22753786486129,-93.0899495899166,33.7468822704936));
#2237=CARTESIAN_POINT('',(10.4556867675154,-92.6657737870773,33.359290746658));
#2238=CARTESIAN_POINT('',(15.6315097425519,-91.9197171656386,32.6494277101257));
#2239=CARTESIAN_POINT('',(20.6757807704495,-90.824388013978,31.5415020445746));
#2240=CARTESIAN_POINT('',(24.5309208097655,-89.6642727738223,30.2663504461762));
#2241=CARTESIAN_POINT('',(28.2123550797903,-88.3200715270713,28.6621135552521));
#2242=CARTESIAN_POINT('',(32.3236132216075,-86.5288096976231,26.3445140907272));
#2243=CARTESIAN_POINT('',(36.9758057466234,-83.8753922061294,22.2157768631009));
#2244=CARTESIAN_POINT('',(40.573742256755,-81.2569035325213,16.6580978417237));
#2245=CARTESIAN_POINT('',(42.7526830262582,-79.3801994010467,10.621306221132));
#2246=CARTESIAN_POINT('',(43.4709500493538,-78.6896235966796,6.48381714059517));
#2247=CARTESIAN_POINT('',(43.6782685069407,-78.4896326284738,4.41193023318192));
#2248=CARTESIAN_POINT('',(38.453993116998,-74.6731157032974,4.31097860861245));
#2249=CARTESIAN_POINT('',(39.4644298094552,-78.7832448138968,4.00732803019078));
#2250=CARTESIAN_POINT('',(43.6782684700673,-78.4896326641543,4.41193022604541));
#2251=CARTESIAN_POINT('',(43.6782685069407,-78.4896326284738,4.41193023318192));
#2252=CARTESIAN_POINT('',(43.8244401835566,-78.3482120862441,2.94961759766352));
#2253=CARTESIAN_POINT('',(43.8984232797736,-78.2766825372933,1.47484325808488));
#2254=CARTESIAN_POINT('',(43.8983576053214,-78.2767424408531,-1.50698997222157E-07));
#2255=CARTESIAN_POINT('',(184.801183599196,-153.599654777182,-6.12323399573677E-15));
#2256=CARTESIAN_POINT('',(192.662956653138,-151.306986301101,-6.12323399573677E-15));
#2257=CARTESIAN_POINT('',(204.309521365442,-146.914899587747,-6.12323399573677E-15));
#2258=CARTESIAN_POINT('',(219.161161666538,-139.240601368568,-6.12323399573677E-15));
#2259=CARTESIAN_POINT('',(230.093362727467,-132.436039884443,-6.12323399573677E-15));
#2260=CARTESIAN_POINT('',(240.578697151173,-124.665108834654,-6.12323399573677E-15));
#2261=CARTESIAN_POINT('',(250.493287304428,-115.972841122752,-6.12323399573677E-15));
#2262=CARTESIAN_POINT('',(259.719006368651,-106.425670660842,-6.12323399573677E-15));
#2263=CARTESIAN_POINT('',(268.148224573243,-96.1109153711761,-6.12323399573677E-15));
#2264=CARTESIAN_POINT('',(275.691238591005,-85.12907304649,-6.12323399573677E-15));
#2265=CARTESIAN_POINT('',(282.272446425619,-73.6002876916222,-6.12323399573677E-15));
#2266=CARTESIAN_POINT('',(287.840822701772,-61.6487066183353,-6.12323399573677E-15));
#2267=CARTESIAN_POINT('',(292.365153423072,-49.4061987281214,-6.12323399573676E-15));
#2268=CARTESIAN_POINT('',(295.836278653775,-37.0067963210918,-6.12323399573677E-15));
#2269=CARTESIAN_POINT('',(298.267244844315,-24.5762102817879,-6.12323399573677E-15));
#2270=CARTESIAN_POINT('',(299.689019363088,-12.2379048726712,-6.12323399573677E-15));
#2271=CARTESIAN_POINT('',(300.153740844778,0.000274541218116653,-6.12323399573677E-15));
#2272=CARTESIAN_POINT('',(299.68905864236,12.2372386095866,-6.12323399573677E-15));
#2273=CARTESIAN_POINT('',(298.26724970799,24.5762121219503,-6.12323399573677E-15));
#2274=CARTESIAN_POINT('',(295.836402857595,37.0062841535747,-6.12323399573677E-15));
#2275=CARTESIAN_POINT('',(292.365075748678,49.4064593751216,-6.12323399573677E-15));
#2276=CARTESIAN_POINT('',(287.840972460646,61.6482907916221,-6.12323399573677E-15));
#2277=CARTESIAN_POINT('',(282.272558429006,73.6001714827796,-6.12323399573677E-15));
#2278=CARTESIAN_POINT('',(275.690555759689,85.1301182988172,-6.12323399573676E-15));
#2279=CARTESIAN_POINT('',(268.148647080532,96.1103519260537,-6.12323399573677E-15));
#2280=CARTESIAN_POINT('',(259.718194286992,106.426619028008,-6.12323399573676E-15));
#2281=CARTESIAN_POINT('',(250.493366950883,115.972700439079,-6.12323399573677E-15));
#2282=CARTESIAN_POINT('',(240.579056444733,124.664850930419,-6.12323399573677E-15));
#2283=CARTESIAN_POINT('',(230.093126717914,132.436178915212,-6.12323399573677E-15));
#2284=CARTESIAN_POINT('',(219.161646463596,139.240370248468,-6.12323399573677E-15));
#2285=CARTESIAN_POINT('',(207.909088851949,145.054717086507,-6.12323399573676E-15));
#2286=CARTESIAN_POINT('',(196.462140944349,149.874499188819,-6.12323399573677E-15));
#2287=CARTESIAN_POINT('',(188.688267828771,152.465912940745,-6.12323399573676E-15));
#2288=CARTESIAN_POINT('',(184.800921010037,153.599731366855,-6.12323399573677E-15));
#2289=CARTESIAN_POINT('',(184.800921010037,153.599731366855,-6.12323399573677E-15));
#2290=CARTESIAN_POINT('',(184.800921010037,153.599731366855,50.));
#2291=CARTESIAN_POINT('',(170.800855479768,105.599750479899,50.));
#2292=CARTESIAN_POINT('',(156.800789949498,57.5997695929429,50.));
#2293=CARTESIAN_POINT('',(156.800789949498,57.5997695929429,0.));
#2294=CARTESIAN_POINT('',(184.801183599196,-153.599654777182,-6.12323399573677E-15));
#2295=CARTESIAN_POINT('',(184.801183599196,-153.599654777182,-50.));
#2296=CARTESIAN_POINT('',(170.800855479768,-105.599750479899,-50.));
#2297=CARTESIAN_POINT('',(156.800527360339,-57.5998461826159,-50.));
#2298=CARTESIAN_POINT('',(156.800527360339,-57.5998461826159,0.));
#2299=CARTESIAN_POINT('',(-184.800863589225,153.59974811641,-6.12323399573677E-15));
#2300=CARTESIAN_POINT('',(-192.662651354286,151.307091105449,-6.12323399573677E-15));
#2301=CARTESIAN_POINT('',(-204.30923943884,146.915019167108,-6.12323399573677E-15));
#2302=CARTESIAN_POINT('',(-219.160913051685,139.24073472434,-6.12323399573677E-15));
#2303=CARTESIAN_POINT('',(-230.093139316226,132.436181402027,-6.12323399573677E-15));
#2304=CARTESIAN_POINT('',(-240.578501627085,124.665253334267,-6.12323399573676E-15));
#2305=CARTESIAN_POINT('',(-250.493109282334,115.972994882798,-6.12323399573677E-15));
#2306=CARTESIAN_POINT('',(-259.718849218039,106.425828974539,-6.12323399573677E-15));
#2307=CARTESIAN_POINT('',(-268.148086925691,96.1110793747133,-6.12323399573677E-15));
#2308=CARTESIAN_POINT('',(-275.691122631729,85.1292315949467,-6.12323399573677E-15));
#2309=CARTESIAN_POINT('',(-282.272343411789,73.6004731331515,-6.12323399573676E-15));
#2310=CARTESIAN_POINT('',(-287.840759368149,61.6487968789889,-6.12323399573677E-15));
#2311=CARTESIAN_POINT('',(-292.36501844153,49.406663758861,-6.12323399573676E-15));
#2312=CARTESIAN_POINT('',(-295.836488134786,37.0058837448909,-6.12323399573677E-15));
#2313=CARTESIAN_POINT('',(-298.267143577235,24.5766702470263,-6.12323399573677E-15));
#2314=CARTESIAN_POINT('',(-299.6890238445,12.2380078271677,-6.12323399573677E-15));
#2315=CARTESIAN_POINT('',(-300.153740157259,-0.000274000305394928,-6.12323399573677E-15));
#2316=CARTESIAN_POINT('',(-299.68905692654,-12.2372275039695,-6.12323399573677E-15));
#2317=CARTESIAN_POINT('',(-298.267243552514,-24.5762211504582,-6.12323399573677E-15));
#2318=CARTESIAN_POINT('',(-295.836390473838,-37.0063056746001,-6.12323399573677E-15));
#2319=CARTESIAN_POINT('',(-292.365055122506,-49.4064948767862,-6.12323399573677E-15));
#2320=CARTESIAN_POINT('',(-287.840939867994,-61.6483420436448,-6.12323399573676E-15));
#2321=CARTESIAN_POINT('',(-282.272517554556,-73.6002254647218,-6.12323399573677E-15));
#2322=CARTESIAN_POINT('',(-275.690503783859,-85.1301780557032,-6.12323399573676E-15));
#2323=CARTESIAN_POINT('',(-268.148585459456,-96.1104144949829,-6.12323399573677E-15));
#2324=CARTESIAN_POINT('',(-259.718114302876,-106.426688195804,-6.12323399573677E-15));
#2325=CARTESIAN_POINT('',(-250.493296822472,-115.972758017423,-6.12323399573677E-15));
#2326=CARTESIAN_POINT('',(-240.578893135112,-124.664953936998,-6.12323399573676E-15));
#2327=CARTESIAN_POINT('',(-230.0932711311,-132.436094314937,-6.12323399573677E-15));
#2328=CARTESIAN_POINT('',(-219.160609510967,-139.240963588284,-6.12323399573676E-15));
#2329=CARTESIAN_POINT('',(-207.909050016829,-145.054676369971,-6.12323399573677E-15));
#2330=CARTESIAN_POINT('',(-196.462586567316,-149.874383811286,-6.12323399573676E-15));
#2331=CARTESIAN_POINT('',(-188.68662646398,-152.466433288747,-6.12323399573677E-15));
#2332=CARTESIAN_POINT('',(-184.800670756594,-153.599804359884,-6.12323399573677E-15));
#2333=CARTESIAN_POINT('',(-184.800863589225,153.59974811641,-6.12323399573677E-15));
#2334=CARTESIAN_POINT('',(-184.800863589225,153.59974811641,50.));
#2335=CARTESIAN_POINT('',(-170.800624185464,105.599817943154,50.));
#2336=CARTESIAN_POINT('',(-156.800384781703,57.5998877698993,50.));
#2337=CARTESIAN_POINT('',(-156.800384781703,57.5998877698993,0.));
#2338=CARTESIAN_POINT('',(-184.800670756594,-153.599804359884,-6.12323399573677E-15));
#2339=CARTESIAN_POINT('',(-184.800670756594,-153.599804359884,50.));
#2340=CARTESIAN_POINT('',(-170.800624185464,-105.599817943155,50.));
#2341=CARTESIAN_POINT('',(-156.800577614335,-57.5998315264252,50.));
#2342=CARTESIAN_POINT('',(-156.800577614335,-57.5998315264252,0.));
#2343=CARTESIAN_POINT('',(-38.6393110286553,-74.4373190918105,0.));
#2344=CARTESIAN_POINT('',(-21.124242395103,-1.36167061791823E-07,0.));
#2345=CARTESIAN_POINT('',(-38.6393109673965,74.4373188314592,0.));
#2346=CARTESIAN_POINT('',(184.800921010037,153.599731366855,-6.12323399573677E-15));
#2347=CARTESIAN_POINT('',(169.948683791669,157.931719574921,-6.12323399573677E-15));
#2348=CARTESIAN_POINT('',(139.825912409244,165.579427971142,-6.12323399573677E-15));
#2349=CARTESIAN_POINT('',(93.8080678571067,173.860369241229,-6.12323399573677E-15));
#2350=CARTESIAN_POINT('',(47.0835424078468,178.879394256011,-6.12323399573677E-15));
#2351=CARTESIAN_POINT('',(0.000403336497477369,180.560989136711,-6.12323399573677E-15));
#2352=CARTESIAN_POINT('',(-47.0828148468879,178.879451717643,-6.12323399573676E-15));
#2353=CARTESIAN_POINT('',(-93.8076369168923,173.860435709494,-6.12323399573677E-15));
#2354=CARTESIAN_POINT('',(-139.825480608737,165.579518109674,-6.12323399573676E-15));
#2355=CARTESIAN_POINT('',(-169.948278676558,157.931833087098,-6.12323399573677E-15));
#2356=CARTESIAN_POINT('',(-184.800863589225,153.59974811641,-6.12323399573677E-15));
#2357=CARTESIAN_POINT('',(-184.800670756594,-153.599804359884,-6.12323399573677E-15));
#2358=CARTESIAN_POINT('',(-169.948431828456,-157.931786703206,-6.12323399573677E-15));
#2359=CARTESIAN_POINT('',(-154.943975455685,-161.74118114675,-6.12323399573677E-15));
#2360=CARTESIAN_POINT('',(-139.824093467813,-165.018773639348,-6.12323399573677E-15));
#2361=CARTESIAN_POINT('',(-124.589471735536,-168.321238688833,-6.12323399573677E-15));
#2362=CARTESIAN_POINT('',(-109.237665888008,-171.083799826562,-6.12323399573677E-15));
#2363=CARTESIAN_POINT('',(-93.8074478289293,-173.299437060058,-6.12323399573677E-15));
#2364=CARTESIAN_POINT('',(-78.2987700602493,-175.526340385404,-6.12323399573677E-15));
#2365=CARTESIAN_POINT('',(-62.710880630431,-177.200743658612,-6.12323399573677E-15));
#2366=CARTESIAN_POINT('',(-47.0831062202333,-178.318441801714,-6.12323399573677E-15));
#2367=CARTESIAN_POINT('',(-31.4154985429762,-179.438988819356,-6.12323399573677E-15));
#2368=CARTESIAN_POINT('',(-15.7078023024372,-179.99998914485,-6.12323399573677E-15));
#2369=CARTESIAN_POINT('',(-9.31180012742061E-05,-179.999991660732,-6.12323399573677E-15));
#2370=CARTESIAN_POINT('',(15.7076160664346,-179.999994176615,-6.12323399573677E-15));
#2371=CARTESIAN_POINT('',(31.4153381947674,-179.438998882886,-6.12323399573677E-15));
#2372=CARTESIAN_POINT('',(47.0830077108743,-178.318448843917,-6.12323399573677E-15));
#2373=CARTESIAN_POINT('',(62.7108438027031,-177.20074768717,-6.12323399573677E-15));
#2374=CARTESIAN_POINT('',(78.2988306826373,-175.52633338812,-6.12323399573677E-15));
#2375=CARTESIAN_POINT('',(93.8075556567035,-173.299421580111,-6.12323399573676E-15));
#2376=CARTESIAN_POINT('',(109.237820682353,-171.083775906868,-6.12323399573676E-15));
#2377=CARTESIAN_POINT('',(124.589623758819,-168.321208846905,-6.12323399573677E-15));
#2378=CARTESIAN_POINT('',(139.824249093194,-165.01873990688,-6.12323399573677E-15));
#2379=CARTESIAN_POINT('',(154.944134656034,-161.741143553044,-6.12323399573677E-15));
#2380=CARTESIAN_POINT('',(169.948600881294,-157.931747249469,-6.12323399573677E-15));
#2381=CARTESIAN_POINT('',(184.801183599196,-153.599654777182,-6.12323399573677E-15));
#2382=CARTESIAN_POINT('',(0.,0.,0.));
ENDSEC;
END-ISO-10303-21;
