ISO-10303-21;
HEADER;
/* Generated by software containing ST-Developer
 * from STEP Tools, Inc. (www.steptools.com) 
 */

FILE_DESCRIPTION(
/* description */ (''),
/* implementation_level */ '2;1');

FILE_NAME(
/* name */ 'BulkHead Plug Back Box.step',
/* time_stamp */ '2026-02-27T19:17:41Z',
/* author */ (''),
/* organization */ (''),
/* preprocessor_version */ 'ST-DEVELOPER v20.1',
/* originating_system */ 'Autodesk Translation Framework v14.24.0.0',
/* authorisation */ '');

FILE_SCHEMA (('AUTOMOTIVE_DESIGN { 1 0 10303 214 3 1 1 }'));
ENDSEC;

DATA;
#10=MECHANICAL_DESIGN_GEOMETRIC_PRESENTATION_REPRESENTATION('',(#13),#3881);
#11=SHAPE_REPRESENTATION_RELATIONSHIP('SRR','None',#3888,#12);
#12=ADVANCED_BREP_SHAPE_REPRESENTATION('',(#14),#3880);
#13=STYLED_ITEM('',(#3897),#14);
#14=MANIFOLD_SOLID_BREP('Body1',#1723);
#15=FACE_BOUND('',#486,.T.);
#16=FACE_BOUND('',#502,.T.);
#17=FACE_BOUND('',#506,.T.);
#18=FACE_BOUND('',#509,.T.);
#19=FACE_BOUND('',#511,.T.);
#20=FACE_BOUND('',#526,.T.);
#21=FACE_BOUND('',#527,.T.);
#22=FACE_BOUND('',#528,.T.);
#23=FACE_BOUND('',#529,.T.);
#24=ELLIPSE('',#1764,8.06225774829855,4.);
#25=ELLIPSE('',#1765,8.06225774829855,4.);
#26=ELLIPSE('',#1791,8.06225774829855,3.99999999999999);
#27=ELLIPSE('',#1792,8.06225774829855,4.);
#28=ELLIPSE('',#1794,8.06225774829855,4.);
#29=ELLIPSE('',#1800,8.06225774829855,4.);
#30=ELLIPSE('',#1801,8.06225774829855,4.);
#31=ELLIPSE('',#1806,8.06225774829855,4.);
#32=(
BOUNDED_SURFACE()
B_SPLINE_SURFACE(2,2,((#2887,#2888,#2889),(#2890,#2891,#2892),(#2893,#2894,
#2895)),.UNSPECIFIED.,.F.,.F.,.F.)
B_SPLINE_SURFACE_WITH_KNOTS((3,3),(3,3),(0.,1.17695774071869),(-0.27166723710684,
4.3319699341171E-16),.UNSPECIFIED.)
GEOMETRIC_REPRESENTATION_ITEM()
RATIONAL_B_SPLINE_SURFACE(((1.,0.990788789938673,1.),(0.831786014686874,
0.824124258979519,0.831786014686874),(1.,0.990788789938673,1.)))
REPRESENTATION_ITEM('')
SURFACE()
);
#33=(
BOUNDED_SURFACE()
B_SPLINE_SURFACE(2,2,((#2899,#2900,#2901),(#2902,#2903,#2904),(#2905,#2906,
#2907)),.UNSPECIFIED.,.F.,.F.,.F.)
B_SPLINE_SURFACE_WITH_KNOTS((3,3),(3,3),(0.,1.36297184742919),(-1.57079632686559,
-0.271667237106771),.UNSPECIFIED.)
GEOMETRIC_REPRESENTATION_ITEM()
RATIONAL_B_SPLINE_SURFACE(((1.,0.79634725458285,1.),(0.776637522200618,
0.618473158610489,0.776637522200618),(1.,0.79634725458285,1.)))
REPRESENTATION_ITEM('')
SURFACE()
);
#34=(
BOUNDED_SURFACE()
B_SPLINE_SURFACE(2,2,((#3417,#3418,#3419),(#3420,#3421,#3422),(#3423,#3424,
#3425)),.UNSPECIFIED.,.F.,.F.,.F.)
B_SPLINE_SURFACE_WITH_KNOTS((3,3),(3,3),(-1.17695765971292,0.),(-4.33197039993831E-16,
0.271666788687633),.UNSPECIFIED.)
GEOMETRIC_REPRESENTATION_ITEM()
RATIONAL_B_SPLINE_SURFACE(((1.,0.990788820300282,1.),(0.831786037169871,
0.824124306509783,0.831786037169871),(1.,0.990788820300282,1.)))
REPRESENTATION_ITEM('')
SURFACE()
);
#35=(
BOUNDED_SURFACE()
B_SPLINE_SURFACE(2,2,((#3431,#3432,#3433),(#3434,#3435,#3436),(#3437,#3438,
#3439)),.UNSPECIFIED.,.F.,.F.,.F.)
B_SPLINE_SURFACE_WITH_KNOTS((3,3),(3,3),(0.,1.3473819903269),(1.57079632679216,
2.86992586490223),.UNSPECIFIED.)
GEOMETRIC_REPRESENTATION_ITEM()
RATIONAL_B_SPLINE_SURFACE(((1.,0.796347118992515,1.),(0.781524275640672,
0.622364605329162,0.781524275640672),(1.,0.796347118992515,1.)))
REPRESENTATION_ITEM('')
SURFACE()
);
#36=(
BOUNDED_SURFACE()
B_SPLINE_SURFACE(2,2,((#3489,#3490,#3491),(#3492,#3493,#3494),(#3495,#3496,
#3497)),.UNSPECIFIED.,.F.,.F.,.F.)
B_SPLINE_SURFACE_WITH_KNOTS((3,3),(3,3),(0.,1.35793731184987),(0.271666788687566,
1.57079632679764),.UNSPECIFIED.)
GEOMETRIC_REPRESENTATION_ITEM()
RATIONAL_B_SPLINE_SURFACE(((1.,0.796347118992515,1.),(0.778220807055141,
0.619733897638391,0.778220807055141),(1.,0.796347118992515,1.)))
REPRESENTATION_ITEM('')
SURFACE()
);
#37=(
BOUNDED_SURFACE()
B_SPLINE_SURFACE(2,2,((#3545,#3546,#3547),(#3548,#3549,#3550),(#3551,#3552,
#3553)),.UNSPECIFIED.,.F.,.F.,.F.)
B_SPLINE_SURFACE_WITH_KNOTS((3,3),(3,3),(0.,1.17695765971292),(-4.3319703999383E-16,
0.271666788687636),.UNSPECIFIED.)
GEOMETRIC_REPRESENTATION_ITEM()
RATIONAL_B_SPLINE_SURFACE(((1.,0.990788820300282,1.),(0.831786037169875,
0.824124306509787,0.831786037169875),(1.,0.990788820300282,1.)))
REPRESENTATION_ITEM('')
SURFACE()
);
#38=(
BOUNDED_SURFACE()
B_SPLINE_SURFACE(2,2,((#3602,#3603,#3604),(#3605,#3606,#3607),(#3608,#3609,
#3610)),.UNSPECIFIED.,.F.,.F.,.F.)
B_SPLINE_SURFACE_WITH_KNOTS((3,3),(3,3),(0.,1.34738184062765),(-2.86992541648302,
-1.5707963267242),.UNSPECIFIED.)
GEOMETRIC_REPRESENTATION_ITEM()
RATIONAL_B_SPLINE_SURFACE(((1.,0.79634725458285,1.),(0.781524322337474,
0.62236474848317,0.781524322337474),(1.,0.79634725458285,1.)))
REPRESENTATION_ITEM('')
SURFACE()
);
#39=(
BOUNDED_SURFACE()
B_SPLINE_SURFACE(2,2,((#3614,#3615,#3616),(#3617,#3618,#3619),(#3620,#3621,
#3622)),.UNSPECIFIED.,.F.,.F.,.F.)
B_SPLINE_SURFACE_WITH_KNOTS((3,3),(3,3),(-1.17695774071869,0.),(-0.271667237106846,
4.33196993410815E-16),.UNSPECIFIED.)
GEOMETRIC_REPRESENTATION_ITEM()
RATIONAL_B_SPLINE_SURFACE(((1.,0.990788789938672,1.),(0.831786014686876,
0.82412425897952,0.831786014686876),(1.,0.990788789938672,1.)))
REPRESENTATION_ITEM('')
SURFACE()
);
#40=PLANE('',#1754);
#41=PLANE('',#1782);
#42=PLANE('',#1804);
#43=PLANE('',#1816);
#44=PLANE('',#1817);
#45=PLANE('',#1819);
#46=PLANE('',#1824);
#47=PLANE('',#1828);
#48=PLANE('',#1832);
#49=PLANE('',#1836);
#50=PLANE('',#1839);
#51=PLANE('',#1840);
#52=PLANE('',#1841);
#53=PLANE('',#1844);
#54=PLANE('',#1845);
#55=PLANE('',#1846);
#56=PLANE('',#1849);
#57=PLANE('',#1850);
#58=PLANE('',#1853);
#59=PLANE('',#1860);
#60=PLANE('',#1861);
#61=PLANE('',#1866);
#62=PLANE('',#1869);
#63=PLANE('',#1872);
#64=PLANE('',#1873);
#65=PLANE('',#1874);
#66=PLANE('',#1875);
#67=PLANE('',#1884);
#68=PLANE('',#1887);
#69=PLANE('',#1890);
#70=PLANE('',#1895);
#71=LINE('',#2429,#181);
#72=LINE('',#2430,#182);
#73=LINE('',#2649,#183);
#74=LINE('',#2650,#184);
#75=LINE('',#2841,#185);
#76=LINE('',#2876,#186);
#77=LINE('',#2879,#187);
#78=LINE('',#2880,#188);
#79=LINE('',#2885,#189);
#80=LINE('',#2914,#190);
#81=LINE('',#3031,#191);
#82=LINE('',#3032,#192);
#83=LINE('',#3159,#193);
#84=LINE('',#3415,#194);
#85=LINE('',#3446,#195);
#86=LINE('',#3488,#196);
#87=LINE('',#3505,#197);
#88=LINE('',#3556,#198);
#89=LINE('',#3557,#199);
#90=LINE('',#3559,#200);
#91=LINE('',#3601,#201);
#92=LINE('',#3627,#202);
#93=LINE('',#3629,#203);
#94=LINE('',#3631,#204);
#95=LINE('',#3632,#205);
#96=LINE('',#3636,#206);
#97=LINE('',#3638,#207);
#98=LINE('',#3640,#208);
#99=LINE('',#3642,#209);
#100=LINE('',#3644,#210);
#101=LINE('',#3646,#211);
#102=LINE('',#3648,#212);
#103=LINE('',#3650,#213);
#104=LINE('',#3652,#214);
#105=LINE('',#3654,#215);
#106=LINE('',#3656,#216);
#107=LINE('',#3657,#217);
#108=LINE('',#3659,#218);
#109=LINE('',#3661,#219);
#110=LINE('',#3663,#220);
#111=LINE('',#3670,#221);
#112=LINE('',#3673,#222);
#113=LINE('',#3674,#223);
#114=LINE('',#3680,#224);
#115=LINE('',#3683,#225);
#116=LINE('',#3684,#226);
#117=LINE('',#3690,#227);
#118=LINE('',#3693,#228);
#119=LINE('',#3694,#229);
#120=LINE('',#3700,#230);
#121=LINE('',#3703,#231);
#122=LINE('',#3705,#232);
#123=LINE('',#3707,#233);
#124=LINE('',#3709,#234);
#125=LINE('',#3713,#235);
#126=LINE('',#3717,#236);
#127=LINE('',#3719,#237);
#128=LINE('',#3721,#238);
#129=LINE('',#3722,#239);
#130=LINE('',#3724,#240);
#131=LINE('',#3726,#241);
#132=LINE('',#3729,#242);
#133=LINE('',#3732,#243);
#134=LINE('',#3737,#244);
#135=LINE('',#3738,#245);
#136=LINE('',#3740,#246);
#137=LINE('',#3743,#247);
#138=LINE('',#3746,#248);
#139=LINE('',#3750,#249);
#140=LINE('',#3754,#250);
#141=LINE('',#3759,#251);
#142=LINE('',#3765,#252);
#143=LINE('',#3768,#253);
#144=LINE('',#3771,#254);
#145=LINE('',#3774,#255);
#146=LINE('',#3776,#256);
#147=LINE('',#3779,#257);
#148=LINE('',#3780,#258);
#149=LINE('',#3785,#259);
#150=LINE('',#3788,#260);
#151=LINE('',#3793,#261);
#152=LINE('',#3794,#262);
#153=LINE('',#3797,#263);
#154=LINE('',#3798,#264);
#155=LINE('',#3803,#265);
#156=LINE('',#3804,#266);
#157=LINE('',#3806,#267);
#158=LINE('',#3809,#268);
#159=LINE('',#3810,#269);
#160=LINE('',#3813,#270);
#161=LINE('',#3815,#271);
#162=LINE('',#3817,#272);
#163=LINE('',#3819,#273);
#164=LINE('',#3820,#274);
#165=LINE('',#3825,#275);
#166=LINE('',#3829,#276);
#167=LINE('',#3833,#277);
#168=LINE('',#3845,#278);
#169=LINE('',#3847,#279);
#170=LINE('',#3848,#280);
#171=LINE('',#3851,#281);
#172=LINE('',#3855,#282);
#173=LINE('',#3856,#283);
#174=LINE('',#3859,#284);
#175=LINE('',#3863,#285);
#176=LINE('',#3864,#286);
#177=LINE('',#3871,#287);
#178=LINE('',#3873,#288);
#179=LINE('',#3875,#289);
#180=LINE('',#3877,#290);
#181=VECTOR('',#1912,10.);
#182=VECTOR('',#1913,10.);
#183=VECTOR('',#1930,10.);
#184=VECTOR('',#1931,10.);
#185=VECTOR('',#1940,10.);
#186=VECTOR('',#1941,10.);
#187=VECTOR('',#1944,10.);
#188=VECTOR('',#1945,10.);
#189=VECTOR('',#1950,10.);
#190=VECTOR('',#1965,10.);
#191=VECTOR('',#1980,10.);
#192=VECTOR('',#1981,10.);
#193=VECTOR('',#1994,10.);
#194=VECTOR('',#2007,10.);
#195=VECTOR('',#2024,10.);
#196=VECTOR('',#2033,10.);
#197=VECTOR('',#2042,10.);
#198=VECTOR('',#2053,10.);
#199=VECTOR('',#2054,10.);
#200=VECTOR('',#2057,10.);
#201=VECTOR('',#2066,10.);
#202=VECTOR('',#2077,10.);
#203=VECTOR('',#2080,10.);
#204=VECTOR('',#2083,10.);
#205=VECTOR('',#2084,10.);
#206=VECTOR('',#2087,10.);
#207=VECTOR('',#2088,10.);
#208=VECTOR('',#2089,10.);
#209=VECTOR('',#2090,10.);
#210=VECTOR('',#2091,10.);
#211=VECTOR('',#2092,10.);
#212=VECTOR('',#2093,10.);
#213=VECTOR('',#2094,10.);
#214=VECTOR('',#2095,10.);
#215=VECTOR('',#2096,10.);
#216=VECTOR('',#2097,10.);
#217=VECTOR('',#2098,10.);
#218=VECTOR('',#2101,10.);
#219=VECTOR('',#2104,10.);
#220=VECTOR('',#2107,10.);
#221=VECTOR('',#2116,10.);
#222=VECTOR('',#2119,10.);
#223=VECTOR('',#2120,10.);
#224=VECTOR('',#2127,10.);
#225=VECTOR('',#2130,10.);
#226=VECTOR('',#2131,10.);
#227=VECTOR('',#2138,10.);
#228=VECTOR('',#2141,10.);
#229=VECTOR('',#2142,10.);
#230=VECTOR('',#2149,10.);
#231=VECTOR('',#2152,10.);
#232=VECTOR('',#2153,10.);
#233=VECTOR('',#2154,10.);
#234=VECTOR('',#2155,10.);
#235=VECTOR('',#2158,10.);
#236=VECTOR('',#2161,10.);
#237=VECTOR('',#2162,10.);
#238=VECTOR('',#2163,10.);
#239=VECTOR('',#2164,10.);
#240=VECTOR('',#2167,10.);
#241=VECTOR('',#2170,10.);
#242=VECTOR('',#2173,10.);
#243=VECTOR('',#2176,10.);
#244=VECTOR('',#2181,10.);
#245=VECTOR('',#2182,10.);
#246=VECTOR('',#2185,10.);
#247=VECTOR('',#2188,10.);
#248=VECTOR('',#2191,10.);
#249=VECTOR('',#2196,10.);
#250=VECTOR('',#2201,10.);
#251=VECTOR('',#2206,10.);
#252=VECTOR('',#2213,10.);
#253=VECTOR('',#2216,10.);
#254=VECTOR('',#2219,10.);
#255=VECTOR('',#2222,10.);
#256=VECTOR('',#2225,10.);
#257=VECTOR('',#2228,10.);
#258=VECTOR('',#2229,10.);
#259=VECTOR('',#2236,10.);
#260=VECTOR('',#2241,10.);
#261=VECTOR('',#2246,10.);
#262=VECTOR('',#2247,10.);
#263=VECTOR('',#2250,10.);
#264=VECTOR('',#2251,10.);
#265=VECTOR('',#2256,10.);
#266=VECTOR('',#2257,10.);
#267=VECTOR('',#2260,10.);
#268=VECTOR('',#2263,10.);
#269=VECTOR('',#2264,10.);
#270=VECTOR('',#2267,10.);
#271=VECTOR('',#2268,10.);
#272=VECTOR('',#2269,10.);
#273=VECTOR('',#2270,10.);
#274=VECTOR('',#2271,10.);
#275=VECTOR('',#2276,10.);
#276=VECTOR('',#2279,10.);
#277=VECTOR('',#2282,10.);
#278=VECTOR('',#2295,10.);
#279=VECTOR('',#2296,10.);
#280=VECTOR('',#2297,10.);
#281=VECTOR('',#2300,10.);
#282=VECTOR('',#2305,10.);
#283=VECTOR('',#2306,10.);
#284=VECTOR('',#2309,10.);
#285=VECTOR('',#2314,10.);
#286=VECTOR('',#2315,10.);
#287=VECTOR('',#2328,1.65);
#288=VECTOR('',#2331,1.65);
#289=VECTOR('',#2334,1.65);
#290=VECTOR('',#2337,1.65);
#291=CYLINDRICAL_SURFACE('',#1740,0.75);
#292=CYLINDRICAL_SURFACE('',#1748,0.75);
#293=CYLINDRICAL_SURFACE('',#1753,3.00000004470348);
#294=CYLINDRICAL_SURFACE('',#1755,3.);
#295=CYLINDRICAL_SURFACE('',#1762,3.);
#296=CYLINDRICAL_SURFACE('',#1769,0.75);
#297=CYLINDRICAL_SURFACE('',#1775,0.75);
#298=CYLINDRICAL_SURFACE('',#1783,3.00000004470348);
#299=CYLINDRICAL_SURFACE('',#1789,3.);
#300=CYLINDRICAL_SURFACE('',#1793,4.);
#301=CYLINDRICAL_SURFACE('',#1798,3.);
#302=CYLINDRICAL_SURFACE('',#1803,4.);
#303=CYLINDRICAL_SURFACE('',#1807,3.);
#304=CYLINDRICAL_SURFACE('',#1813,3.);
#305=CYLINDRICAL_SURFACE('',#1814,4.);
#306=CYLINDRICAL_SURFACE('',#1815,4.);
#307=CYLINDRICAL_SURFACE('',#1818,4.);
#308=CYLINDRICAL_SURFACE('',#1820,3.99999999999999);
#309=CYLINDRICAL_SURFACE('',#1821,4.);
#310=CYLINDRICAL_SURFACE('',#1825,4.);
#311=CYLINDRICAL_SURFACE('',#1829,4.);
#312=CYLINDRICAL_SURFACE('',#1833,4.);
#313=CYLINDRICAL_SURFACE('',#1856,3.);
#314=CYLINDRICAL_SURFACE('',#1858,3.00000000000001);
#315=CYLINDRICAL_SURFACE('',#1862,3.00000000000001);
#316=CYLINDRICAL_SURFACE('',#1864,3.);
#317=CYLINDRICAL_SURFACE('',#1867,5.);
#318=CYLINDRICAL_SURFACE('',#1870,5.);
#319=CYLINDRICAL_SURFACE('',#1885,2.5);
#320=CYLINDRICAL_SURFACE('',#1888,2.5);
#321=CYLINDRICAL_SURFACE('',#1891,2.5);
#322=CYLINDRICAL_SURFACE('',#1893,2.5);
#323=CYLINDRICAL_SURFACE('',#1896,1.65);
#324=CYLINDRICAL_SURFACE('',#1897,1.65);
#325=CYLINDRICAL_SURFACE('',#1898,1.65);
#326=CYLINDRICAL_SURFACE('',#1899,1.65);
#327=FACE_OUTER_BOUND('',#430,.T.);
#328=FACE_OUTER_BOUND('',#431,.T.);
#329=FACE_OUTER_BOUND('',#432,.T.);
#330=FACE_OUTER_BOUND('',#433,.T.);
#331=FACE_OUTER_BOUND('',#434,.T.);
#332=FACE_OUTER_BOUND('',#435,.T.);
#333=FACE_OUTER_BOUND('',#436,.T.);
#334=FACE_OUTER_BOUND('',#437,.T.);
#335=FACE_OUTER_BOUND('',#438,.T.);
#336=FACE_OUTER_BOUND('',#439,.T.);
#337=FACE_OUTER_BOUND('',#440,.T.);
#338=FACE_OUTER_BOUND('',#441,.T.);
#339=FACE_OUTER_BOUND('',#442,.T.);
#340=FACE_OUTER_BOUND('',#443,.T.);
#341=FACE_OUTER_BOUND('',#444,.T.);
#342=FACE_OUTER_BOUND('',#445,.T.);
#343=FACE_OUTER_BOUND('',#446,.T.);
#344=FACE_OUTER_BOUND('',#447,.T.);
#345=FACE_OUTER_BOUND('',#448,.T.);
#346=FACE_OUTER_BOUND('',#449,.T.);
#347=FACE_OUTER_BOUND('',#450,.T.);
#348=FACE_OUTER_BOUND('',#451,.T.);
#349=FACE_OUTER_BOUND('',#452,.T.);
#350=FACE_OUTER_BOUND('',#453,.T.);
#351=FACE_OUTER_BOUND('',#454,.T.);
#352=FACE_OUTER_BOUND('',#455,.T.);
#353=FACE_OUTER_BOUND('',#456,.T.);
#354=FACE_OUTER_BOUND('',#457,.T.);
#355=FACE_OUTER_BOUND('',#458,.T.);
#356=FACE_OUTER_BOUND('',#459,.T.);
#357=FACE_OUTER_BOUND('',#460,.T.);
#358=FACE_OUTER_BOUND('',#461,.T.);
#359=FACE_OUTER_BOUND('',#462,.T.);
#360=FACE_OUTER_BOUND('',#463,.T.);
#361=FACE_OUTER_BOUND('',#464,.T.);
#362=FACE_OUTER_BOUND('',#465,.T.);
#363=FACE_OUTER_BOUND('',#466,.T.);
#364=FACE_OUTER_BOUND('',#467,.T.);
#365=FACE_OUTER_BOUND('',#468,.T.);
#366=FACE_OUTER_BOUND('',#469,.T.);
#367=FACE_OUTER_BOUND('',#470,.T.);
#368=FACE_OUTER_BOUND('',#471,.T.);
#369=FACE_OUTER_BOUND('',#472,.T.);
#370=FACE_OUTER_BOUND('',#473,.T.);
#371=FACE_OUTER_BOUND('',#474,.T.);
#372=FACE_OUTER_BOUND('',#475,.T.);
#373=FACE_OUTER_BOUND('',#476,.T.);
#374=FACE_OUTER_BOUND('',#477,.T.);
#375=FACE_OUTER_BOUND('',#478,.T.);
#376=FACE_OUTER_BOUND('',#479,.T.);
#377=FACE_OUTER_BOUND('',#480,.T.);
#378=FACE_OUTER_BOUND('',#481,.T.);
#379=FACE_OUTER_BOUND('',#482,.T.);
#380=FACE_OUTER_BOUND('',#483,.T.);
#381=FACE_OUTER_BOUND('',#484,.T.);
#382=FACE_OUTER_BOUND('',#485,.T.);
#383=FACE_OUTER_BOUND('',#487,.T.);
#384=FACE_OUTER_BOUND('',#488,.T.);
#385=FACE_OUTER_BOUND('',#489,.T.);
#386=FACE_OUTER_BOUND('',#490,.T.);
#387=FACE_OUTER_BOUND('',#491,.T.);
#388=FACE_OUTER_BOUND('',#492,.T.);
#389=FACE_OUTER_BOUND('',#493,.T.);
#390=FACE_OUTER_BOUND('',#494,.T.);
#391=FACE_OUTER_BOUND('',#495,.T.);
#392=FACE_OUTER_BOUND('',#496,.T.);
#393=FACE_OUTER_BOUND('',#497,.T.);
#394=FACE_OUTER_BOUND('',#498,.T.);
#395=FACE_OUTER_BOUND('',#499,.T.);
#396=FACE_OUTER_BOUND('',#500,.T.);
#397=FACE_OUTER_BOUND('',#501,.T.);
#398=FACE_OUTER_BOUND('',#503,.T.);
#399=FACE_OUTER_BOUND('',#504,.T.);
#400=FACE_OUTER_BOUND('',#505,.T.);
#401=FACE_OUTER_BOUND('',#507,.T.);
#402=FACE_OUTER_BOUND('',#508,.T.);
#403=FACE_OUTER_BOUND('',#510,.T.);
#404=FACE_OUTER_BOUND('',#512,.T.);
#405=FACE_OUTER_BOUND('',#513,.T.);
#406=FACE_OUTER_BOUND('',#514,.T.);
#407=FACE_OUTER_BOUND('',#515,.T.);
#408=FACE_OUTER_BOUND('',#516,.T.);
#409=FACE_OUTER_BOUND('',#517,.T.);
#410=FACE_OUTER_BOUND('',#518,.T.);
#411=FACE_OUTER_BOUND('',#519,.T.);
#412=FACE_OUTER_BOUND('',#520,.T.);
#413=FACE_OUTER_BOUND('',#521,.T.);
#414=FACE_OUTER_BOUND('',#522,.T.);
#415=FACE_OUTER_BOUND('',#523,.T.);
#416=FACE_OUTER_BOUND('',#524,.T.);
#417=FACE_OUTER_BOUND('',#525,.T.);
#418=FACE_OUTER_BOUND('',#530,.T.);
#419=FACE_OUTER_BOUND('',#531,.T.);
#420=FACE_OUTER_BOUND('',#532,.T.);
#421=FACE_OUTER_BOUND('',#533,.T.);
#422=FACE_OUTER_BOUND('',#534,.T.);
#423=FACE_OUTER_BOUND('',#535,.T.);
#424=FACE_OUTER_BOUND('',#536,.T.);
#425=FACE_OUTER_BOUND('',#537,.T.);
#426=FACE_OUTER_BOUND('',#538,.T.);
#427=FACE_OUTER_BOUND('',#539,.T.);
#428=FACE_OUTER_BOUND('',#540,.T.);
#429=FACE_OUTER_BOUND('',#541,.T.);
#430=EDGE_LOOP('',(#1084,#1085,#1086,#1087));
#431=EDGE_LOOP('',(#1088,#1089,#1090,#1091));
#432=EDGE_LOOP('',(#1092,#1093,#1094,#1095));
#433=EDGE_LOOP('',(#1096,#1097,#1098,#1099));
#434=EDGE_LOOP('',(#1100,#1101,#1102,#1103));
#435=EDGE_LOOP('',(#1104,#1105,#1106,#1107));
#436=EDGE_LOOP('',(#1108,#1109,#1110,#1111));
#437=EDGE_LOOP('',(#1112,#1113,#1114,#1115));
#438=EDGE_LOOP('',(#1116,#1117,#1118,#1119));
#439=EDGE_LOOP('',(#1120,#1121,#1122,#1123));
#440=EDGE_LOOP('',(#1124,#1125,#1126,#1127));
#441=EDGE_LOOP('',(#1128,#1129,#1130,#1131));
#442=EDGE_LOOP('',(#1132,#1133,#1134,#1135));
#443=EDGE_LOOP('',(#1136,#1137,#1138,#1139));
#444=EDGE_LOOP('',(#1140,#1141,#1142,#1143,#1144,#1145,#1146,#1147,#1148,
#1149,#1150,#1151,#1152,#1153));
#445=EDGE_LOOP('',(#1154,#1155,#1156,#1157));
#446=EDGE_LOOP('',(#1158,#1159,#1160,#1161,#1162,#1163));
#447=EDGE_LOOP('',(#1164,#1165,#1166,#1167));
#448=EDGE_LOOP('',(#1168,#1169,#1170,#1171));
#449=EDGE_LOOP('',(#1172,#1173,#1174,#1175));
#450=EDGE_LOOP('',(#1176,#1177,#1178,#1179));
#451=EDGE_LOOP('',(#1180,#1181,#1182,#1183));
#452=EDGE_LOOP('',(#1184,#1185,#1186,#1187));
#453=EDGE_LOOP('',(#1188,#1189,#1190,#1191));
#454=EDGE_LOOP('',(#1192,#1193,#1194,#1195));
#455=EDGE_LOOP('',(#1196,#1197,#1198,#1199));
#456=EDGE_LOOP('',(#1200,#1201,#1202,#1203));
#457=EDGE_LOOP('',(#1204,#1205,#1206,#1207));
#458=EDGE_LOOP('',(#1208,#1209,#1210,#1211));
#459=EDGE_LOOP('',(#1212,#1213,#1214,#1215));
#460=EDGE_LOOP('',(#1216,#1217,#1218,#1219));
#461=EDGE_LOOP('',(#1220,#1221,#1222,#1223));
#462=EDGE_LOOP('',(#1224,#1225,#1226,#1227));
#463=EDGE_LOOP('',(#1228,#1229,#1230,#1231));
#464=EDGE_LOOP('',(#1232,#1233,#1234,#1235));
#465=EDGE_LOOP('',(#1236,#1237,#1238,#1239));
#466=EDGE_LOOP('',(#1240,#1241,#1242,#1243,#1244,#1245,#1246,#1247,#1248,
#1249,#1250,#1251,#1252,#1253));
#467=EDGE_LOOP('',(#1254,#1255,#1256,#1257));
#468=EDGE_LOOP('',(#1258,#1259,#1260,#1261));
#469=EDGE_LOOP('',(#1262,#1263,#1264,#1265));
#470=EDGE_LOOP('',(#1266,#1267,#1268,#1269));
#471=EDGE_LOOP('',(#1270,#1271,#1272,#1273,#1274,#1275));
#472=EDGE_LOOP('',(#1276,#1277,#1278,#1279));
#473=EDGE_LOOP('',(#1280,#1281,#1282,#1283));
#474=EDGE_LOOP('',(#1284,#1285,#1286,#1287));
#475=EDGE_LOOP('',(#1288,#1289,#1290,#1291));
#476=EDGE_LOOP('',(#1292,#1293,#1294,#1295));
#477=EDGE_LOOP('',(#1296,#1297,#1298,#1299));
#478=EDGE_LOOP('',(#1300,#1301,#1302,#1303));
#479=EDGE_LOOP('',(#1304,#1305,#1306,#1307));
#480=EDGE_LOOP('',(#1308,#1309,#1310,#1311));
#481=EDGE_LOOP('',(#1312,#1313,#1314,#1315));
#482=EDGE_LOOP('',(#1316,#1317,#1318,#1319,#1320,#1321));
#483=EDGE_LOOP('',(#1322,#1323,#1324,#1325,#1326,#1327));
#484=EDGE_LOOP('',(#1328,#1329,#1330,#1331));
#485=EDGE_LOOP('',(#1332,#1333,#1334,#1335,#1336,#1337,#1338,#1339,#1340,
#1341,#1342,#1343));
#486=EDGE_LOOP('',(#1344,#1345,#1346,#1347));
#487=EDGE_LOOP('',(#1348,#1349,#1350,#1351));
#488=EDGE_LOOP('',(#1352,#1353,#1354,#1355,#1356,#1357));
#489=EDGE_LOOP('',(#1358,#1359,#1360,#1361));
#490=EDGE_LOOP('',(#1362,#1363,#1364,#1365,#1366,#1367));
#491=EDGE_LOOP('',(#1368,#1369,#1370,#1371));
#492=EDGE_LOOP('',(#1372,#1373,#1374,#1375));
#493=EDGE_LOOP('',(#1376,#1377,#1378,#1379));
#494=EDGE_LOOP('',(#1380,#1381,#1382,#1383));
#495=EDGE_LOOP('',(#1384,#1385,#1386,#1387));
#496=EDGE_LOOP('',(#1388,#1389,#1390,#1391));
#497=EDGE_LOOP('',(#1392,#1393,#1394,#1395));
#498=EDGE_LOOP('',(#1396,#1397,#1398,#1399,#1400,#1401,#1402,#1403,#1404,
#1405,#1406,#1407));
#499=EDGE_LOOP('',(#1408,#1409,#1410,#1411));
#500=EDGE_LOOP('',(#1412,#1413,#1414,#1415));
#501=EDGE_LOOP('',(#1416,#1417,#1418,#1419,#1420));
#502=EDGE_LOOP('',(#1421));
#503=EDGE_LOOP('',(#1422,#1423,#1424,#1425));
#504=EDGE_LOOP('',(#1426,#1427,#1428,#1429));
#505=EDGE_LOOP('',(#1430,#1431,#1432,#1433,#1434));
#506=EDGE_LOOP('',(#1435));
#507=EDGE_LOOP('',(#1436,#1437,#1438,#1439));
#508=EDGE_LOOP('',(#1440,#1441,#1442,#1443,#1444));
#509=EDGE_LOOP('',(#1445));
#510=EDGE_LOOP('',(#1446,#1447,#1448,#1449,#1450));
#511=EDGE_LOOP('',(#1451));
#512=EDGE_LOOP('',(#1452,#1453,#1454,#1455));
#513=EDGE_LOOP('',(#1456,#1457,#1458,#1459));
#514=EDGE_LOOP('',(#1460,#1461,#1462,#1463,#1464,#1465));
#515=EDGE_LOOP('',(#1466,#1467,#1468,#1469,#1470,#1471));
#516=EDGE_LOOP('',(#1472,#1473,#1474,#1475));
#517=EDGE_LOOP('',(#1476,#1477,#1478,#1479));
#518=EDGE_LOOP('',(#1480,#1481,#1482,#1483,#1484,#1485));
#519=EDGE_LOOP('',(#1486,#1487,#1488,#1489));
#520=EDGE_LOOP('',(#1490,#1491,#1492,#1493));
#521=EDGE_LOOP('',(#1494,#1495,#1496,#1497));
#522=EDGE_LOOP('',(#1498,#1499,#1500,#1501));
#523=EDGE_LOOP('',(#1502,#1503,#1504,#1505));
#524=EDGE_LOOP('',(#1506,#1507,#1508,#1509,#1510,#1511,#1512,#1513,#1514,
#1515));
#525=EDGE_LOOP('',(#1516,#1517,#1518,#1519,#1520,#1521,#1522,#1523,#1524,
#1525,#1526,#1527,#1528,#1529,#1530,#1531,#1532,#1533,#1534,#1535));
#526=EDGE_LOOP('',(#1536));
#527=EDGE_LOOP('',(#1537));
#528=EDGE_LOOP('',(#1538));
#529=EDGE_LOOP('',(#1539));
#530=EDGE_LOOP('',(#1540,#1541,#1542,#1543));
#531=EDGE_LOOP('',(#1544,#1545,#1546,#1547));
#532=EDGE_LOOP('',(#1548,#1549,#1550,#1551));
#533=EDGE_LOOP('',(#1552,#1553,#1554,#1555));
#534=EDGE_LOOP('',(#1556,#1557,#1558,#1559));
#535=EDGE_LOOP('',(#1560,#1561,#1562,#1563));
#536=EDGE_LOOP('',(#1564,#1565,#1566,#1567));
#537=EDGE_LOOP('',(#1568,#1569,#1570,#1571,#1572,#1573,#1574,#1575));
#538=EDGE_LOOP('',(#1576,#1577,#1578,#1579));
#539=EDGE_LOOP('',(#1580,#1581,#1582,#1583));
#540=EDGE_LOOP('',(#1584,#1585,#1586,#1587));
#541=EDGE_LOOP('',(#1588,#1589,#1590,#1591));
#542=B_SPLINE_CURVE_WITH_KNOTS('',3,(#2367,#2368,#2369,#2370),
 .UNSPECIFIED.,.F.,.F.,(4,4),(-0.0646871625346252,0.),.UNSPECIFIED.);
#543=B_SPLINE_CURVE_WITH_KNOTS('',3,(#2373,#2374,#2375,#2376),
 .UNSPECIFIED.,.F.,.F.,(4,4),(0.,0.0646871625346252),.UNSPECIFIED.);
#544=B_SPLINE_CURVE_WITH_KNOTS('',3,(#2415,#2416,#2417,#2418,#2419),
 .UNSPECIFIED.,.F.,.F.,(4,1,4),(-0.217985580327946,-0.108992790163973,0.),
 .UNSPECIFIED.);
#545=B_SPLINE_CURVE_WITH_KNOTS('',3,(#2420,#2421,#2422,#2423,#2424),
 .UNSPECIFIED.,.F.,.F.,(4,1,4),(0.,0.108992790163973,0.217985580327946),
 .UNSPECIFIED.);
#546=B_SPLINE_CURVE_WITH_KNOTS('',3,(#2459,#2460,#2461,#2462),
 .UNSPECIFIED.,.F.,.F.,(4,4),(-0.0646872612996472,0.),.UNSPECIFIED.);
#547=B_SPLINE_CURVE_WITH_KNOTS('',3,(#2465,#2466,#2467,#2468),
 .UNSPECIFIED.,.F.,.F.,(4,4),(0.,0.0646872612996472),.UNSPECIFIED.);
#548=B_SPLINE_CURVE_WITH_KNOTS('',3,(#2504,#2505,#2506,#2507,#2508),
 .UNSPECIFIED.,.F.,.F.,(4,1,4),(-0.21798507029665,-0.108992535148325,-3.50197300669193E-17),
 .UNSPECIFIED.);
#549=B_SPLINE_CURVE_WITH_KNOTS('',3,(#2509,#2510,#2511,#2512,#2513),
 .UNSPECIFIED.,.F.,.F.,(4,1,4),(3.50197300669193E-17,0.108992535148325,
0.21798507029665),.UNSPECIFIED.);
#550=B_SPLINE_CURVE_WITH_KNOTS('',3,(#2547,#2548,#2549,#2550,#2551,#2552,
#2553),.UNSPECIFIED.,.F.,.F.,(4,3,4),(-2.18080431516009,-2.05801797308225,
-1.96592821652388),.UNSPECIFIED.);
#551=B_SPLINE_CURVE_WITH_KNOTS('',3,(#2554,#2555,#2556,#2557,#2558),
 .UNSPECIFIED.,.F.,.F.,(4,1,4),(1.96592821652388,2.05801797308226,2.18080431516009),
 .UNSPECIFIED.);
#552=B_SPLINE_CURVE_WITH_KNOTS('',3,(#2592,#2593,#2594,#2595,#2596),
 .UNSPECIFIED.,.F.,.F.,(4,1,4),(-2.75916216084655,-2.65782588356572,-2.55648960628489),
 .UNSPECIFIED.);
#553=B_SPLINE_CURVE_WITH_KNOTS('',3,(#2597,#2598,#2599,#2600,#2601,#2602,
#2603),.UNSPECIFIED.,.F.,.F.,(4,3,4),(2.55648960629032,2.65782588356601,
2.75916216084654),.UNSPECIFIED.);
#554=B_SPLINE_CURVE_WITH_KNOTS('',3,(#2633,#2634,#2635,#2636,#2637),
 .UNSPECIFIED.,.F.,.F.,(4,1,4),(-0.385006376963869,-0.165002732984515,0.),
 .UNSPECIFIED.);
#555=B_SPLINE_CURVE_WITH_KNOTS('',3,(#2640,#2641,#2642,#2643,#2644),
 .UNSPECIFIED.,.F.,.F.,(4,1,4),(0.,0.165002732984515,0.385006376963869),
 .UNSPECIFIED.);
#556=B_SPLINE_CURVE_WITH_KNOTS('',3,(#2677,#2678,#2679,#2680,#2681),
 .UNSPECIFIED.,.F.,.F.,(4,1,4),(-0.385013578096761,-0.165005819184326,0.),
 .UNSPECIFIED.);
#557=B_SPLINE_CURVE_WITH_KNOTS('',3,(#2684,#2685,#2686,#2687,#2688),
 .UNSPECIFIED.,.F.,.F.,(4,1,4),(0.,0.165005819184326,0.385013578096761),
 .UNSPECIFIED.);
#558=B_SPLINE_CURVE_WITH_KNOTS('',3,(#2713,#2714,#2715,#2716),
 .UNSPECIFIED.,.F.,.F.,(4,4),(-0.113401157762295,0.),.UNSPECIFIED.);
#559=B_SPLINE_CURVE_WITH_KNOTS('',3,(#2717,#2718,#2719,#2720),
 .UNSPECIFIED.,.F.,.F.,(4,4),(0.,0.113401157762295),.UNSPECIFIED.);
#560=B_SPLINE_CURVE_WITH_KNOTS('',3,(#2748,#2749,#2750,#2751),
 .UNSPECIFIED.,.F.,.F.,(4,4),(-0.113401114909842,0.),.UNSPECIFIED.);
#561=B_SPLINE_CURVE_WITH_KNOTS('',3,(#2752,#2753,#2754,#2755),
 .UNSPECIFIED.,.F.,.F.,(4,4),(0.,0.113401114909842),.UNSPECIFIED.);
#562=B_SPLINE_CURVE_WITH_KNOTS('',3,(#2789,#2790,#2791,#2792,#2793),
 .UNSPECIFIED.,.F.,.F.,(4,1,4),(-5.31565148105038,-5.21431520388844,-5.11297892672651),
 .UNSPECIFIED.);
#563=B_SPLINE_CURVE_WITH_KNOTS('',3,(#2794,#2795,#2796,#2797,#2798),
 .UNSPECIFIED.,.F.,.F.,(4,1,4),(5.11297892672651,5.21431520388844,5.31565148105038),
 .UNSPECIFIED.);
#564=B_SPLINE_CURVE_WITH_KNOTS('',3,(#2829,#2830,#2831,#2832,#2833),
 .UNSPECIFIED.,.F.,.F.,(4,1,4),(-0.21487615775514,-0.0920897818950592,1.69935623638676E-15),
 .UNSPECIFIED.);
#565=B_SPLINE_CURVE_WITH_KNOTS('',3,(#2834,#2835,#2836,#2837,#2838),
 .UNSPECIFIED.,.F.,.F.,(4,1,4),(-1.69935623638676E-15,0.0920897818950592,
0.21487615775514),.UNSPECIFIED.);
#566=B_SPLINE_CURVE_WITH_KNOTS('',3,(#2843,#2844,#2845,#2846,#2847),
 .UNSPECIFIED.,.F.,.F.,(4,1,4),(0.,0.165002750452488,0.385006417722472),
 .UNSPECIFIED.);
#567=B_SPLINE_CURVE_WITH_KNOTS('',3,(#2849,#2850,#2851,#2852),
 .UNSPECIFIED.,.F.,.F.,(4,4),(-0.11340111490675,-3.01860839180803E-13),
 .UNSPECIFIED.);
#568=B_SPLINE_CURVE_WITH_KNOTS('',3,(#2854,#2855,#2856,#2857,#2858),
 .UNSPECIFIED.,.F.,.F.,(4,1,4),(-0.202672554323872,-0.101336277161935,9.10884136883128E-16),
 .UNSPECIFIED.);
#569=B_SPLINE_CURVE_WITH_KNOTS('',3,(#2860,#2861,#2862,#2863,#2864),
 .UNSPECIFIED.,.F.,.F.,(4,1,4),(-1.96592822576509,-1.84314184990501,-1.75105206800995),
 .UNSPECIFIED.);
#570=B_SPLINE_CURVE_WITH_KNOTS('',3,(#2866,#2867,#2868,#2869),
 .UNSPECIFIED.,.F.,.F.,(4,4),(0.,0.0646871625346252),.UNSPECIFIED.);
#571=B_SPLINE_CURVE_WITH_KNOTS('',3,(#2871,#2872,#2873,#2874,#2875),
 .UNSPECIFIED.,.F.,.F.,(4,1,4),(0.,0.108992788870251,0.217985577740502),
 .UNSPECIFIED.);
#572=B_SPLINE_CURVE_WITH_KNOTS('',3,(#2980,#2981,#2982,#2983),
 .UNSPECIFIED.,.F.,.F.,(4,4),(-0.0646871625346252,0.),.UNSPECIFIED.);
#573=B_SPLINE_CURVE_WITH_KNOTS('',3,(#3021,#3022,#3023,#3024,#3025),
 .UNSPECIFIED.,.F.,.F.,(4,1,4),(-0.217985577740502,-0.108992788870251,0.),
 .UNSPECIFIED.);
#574=B_SPLINE_CURVE_WITH_KNOTS('',3,(#3069,#3070,#3071,#3072,#3073),
 .UNSPECIFIED.,.F.,.F.,(4,1,4),(-0.217985069859684,-0.108992534929842,0.),
 .UNSPECIFIED.);
#575=B_SPLINE_CURVE_WITH_KNOTS('',3,(#3076,#3077,#3078,#3079,#3080),
 .UNSPECIFIED.,.F.,.F.,(4,1,4),(0.,0.108992534929842,0.217985069859684),
 .UNSPECIFIED.);
#576=B_SPLINE_CURVE_WITH_KNOTS('',3,(#3106,#3107,#3108,#3109),
 .UNSPECIFIED.,.F.,.F.,(4,4),(-0.0646872613005017,0.),.UNSPECIFIED.);
#577=B_SPLINE_CURVE_WITH_KNOTS('',3,(#3112,#3113,#3114,#3115),
 .UNSPECIFIED.,.F.,.F.,(4,4),(0.,0.0646872613005017),.UNSPECIFIED.);
#578=B_SPLINE_CURVE_WITH_KNOTS('',3,(#3144,#3145,#3146,#3147,#3148),
 .UNSPECIFIED.,.F.,.F.,(4,1,4),(-0.385013536889568,-0.220007735365467,0.),
 .UNSPECIFIED.);
#579=B_SPLINE_CURVE_WITH_KNOTS('',3,(#3151,#3152,#3153,#3154,#3155),
 .UNSPECIFIED.,.F.,.F.,(4,1,4),(0.,0.220007735365467,0.385013536889568),
 .UNSPECIFIED.);
#580=B_SPLINE_CURVE_WITH_KNOTS('',3,(#3186,#3187,#3188,#3189,#3190),
 .UNSPECIFIED.,.F.,.F.,(4,1,4),(-0.385006417722472,-0.165002750452488,0.),
 .UNSPECIFIED.);
#581=B_SPLINE_CURVE_WITH_KNOTS('',3,(#3217,#3218,#3219,#3220),
 .UNSPECIFIED.,.F.,.F.,(4,4),(-0.113401157765687,0.),.UNSPECIFIED.);
#582=B_SPLINE_CURVE_WITH_KNOTS('',3,(#3223,#3224,#3225,#3226),
 .UNSPECIFIED.,.F.,.F.,(4,4),(0.,0.113401157765687),.UNSPECIFIED.);
#583=B_SPLINE_CURVE_WITH_KNOTS('',3,(#3253,#3254,#3255,#3256),
 .UNSPECIFIED.,.F.,.F.,(4,4),(3.01860839180803E-13,0.11340111490675),
 .UNSPECIFIED.);
#584=B_SPLINE_CURVE_WITH_KNOTS('',3,(#3289,#3290,#3291,#3292,#3293),
 .UNSPECIFIED.,.F.,.F.,(4,1,4),(-9.10884136883128E-16,0.101336277161935,
0.202672554323872),.UNSPECIFIED.);
#585=B_SPLINE_CURVE_WITH_KNOTS('',3,(#3324,#3325,#3326,#3327,#3328),
 .UNSPECIFIED.,.F.,.F.,(4,1,4),(1.75105206800995,1.84314184990501,1.96592822576509),
 .UNSPECIFIED.);
#586=B_SPLINE_CURVE_WITH_KNOTS('',3,(#3362,#3363,#3364,#3365,#3366),
 .UNSPECIFIED.,.F.,.F.,(4,1,4),(-0.214876098636215,-0.122786342077836,2.14791932717399E-15),
 .UNSPECIFIED.);
#587=B_SPLINE_CURVE_WITH_KNOTS('',3,(#3367,#3368,#3369,#3370,#3371),
 .UNSPECIFIED.,.F.,.F.,(4,1,4),(-2.14791932717399E-15,0.122786342077836,
0.214876098636215),.UNSPECIFIED.);
#588=B_SPLINE_CURVE_WITH_KNOTS('',3,(#3402,#3403,#3404,#3405,#3406,#3407,
#3408),.UNSPECIFIED.,.F.,.F.,(4,3,4),(2.35381705173358,2.45515332901194,
2.55648960629031),.UNSPECIFIED.);
#589=B_SPLINE_CURVE_WITH_KNOTS('',3,(#3409,#3410,#3411,#3412,#3413),
 .UNSPECIFIED.,.F.,.F.,(4,1,4),(-2.5564896062909,-2.45515332901224,-2.35381705173357),
 .UNSPECIFIED.);
#590=CIRCLE('',#1737,0.749999999999995);
#591=CIRCLE('',#1738,0.750000000000003);
#592=CIRCLE('',#1739,0.750000000000002);
#593=CIRCLE('',#1741,0.750000000000002);
#594=CIRCLE('',#1742,0.749999999999999);
#595=CIRCLE('',#1743,0.750000000000001);
#596=CIRCLE('',#1744,0.75);
#597=CIRCLE('',#1745,0.750000000000001);
#598=CIRCLE('',#1746,0.750000000000002);
#599=CIRCLE('',#1747,0.749999999999267);
#600=CIRCLE('',#1749,0.750000000000002);
#601=CIRCLE('',#1750,0.749999999999998);
#602=CIRCLE('',#1751,0.749999999999999);
#603=CIRCLE('',#1752,0.75);
#604=CIRCLE('',#1756,3.);
#605=CIRCLE('',#1757,3.);
#606=CIRCLE('',#1758,3.);
#607=CIRCLE('',#1759,4.);
#608=CIRCLE('',#1760,3.);
#609=CIRCLE('',#1761,4.);
#610=CIRCLE('',#1763,2.99999999999999);
#611=CIRCLE('',#1766,0.75);
#612=CIRCLE('',#1767,0.750000000000002);
#613=CIRCLE('',#1768,0.749999999999997);
#614=CIRCLE('',#1770,0.750000000000001);
#615=CIRCLE('',#1771,0.75);
#616=CIRCLE('',#1772,0.750000000000002);
#617=CIRCLE('',#1773,0.749999999999998);
#618=CIRCLE('',#1774,0.75);
#619=CIRCLE('',#1776,0.75);
#620=CIRCLE('',#1777,0.749999999999261);
#621=CIRCLE('',#1778,0.750000000000001);
#622=CIRCLE('',#1779,0.750000000000001);
#623=CIRCLE('',#1780,0.750000000000001);
#624=CIRCLE('',#1781,0.75);
#625=CIRCLE('',#1784,3.);
#626=CIRCLE('',#1785,3.99999999999999);
#627=CIRCLE('',#1786,3.);
#628=CIRCLE('',#1787,3.);
#629=CIRCLE('',#1788,3.99999999999999);
#630=CIRCLE('',#1790,3.);
#631=CIRCLE('',#1795,3.);
#632=CIRCLE('',#1796,3.99999999999999);
#633=CIRCLE('',#1797,3.);
#634=CIRCLE('',#1799,3.);
#635=CIRCLE('',#1802,3.99999999999999);
#636=CIRCLE('',#1805,3.);
#637=CIRCLE('',#1808,3.);
#638=CIRCLE('',#1809,3.);
#639=CIRCLE('',#1810,4.);
#640=CIRCLE('',#1811,3.);
#641=CIRCLE('',#1812,4.);
#642=CIRCLE('',#1822,4.);
#643=CIRCLE('',#1823,4.);
#644=CIRCLE('',#1826,4.);
#645=CIRCLE('',#1827,4.);
#646=CIRCLE('',#1830,4.);
#647=CIRCLE('',#1831,4.);
#648=CIRCLE('',#1834,4.);
#649=CIRCLE('',#1835,4.);
#650=CIRCLE('',#1837,5.);
#651=CIRCLE('',#1838,5.);
#652=CIRCLE('',#1842,3.);
#653=CIRCLE('',#1843,1.65);
#654=CIRCLE('',#1847,3.00000000000001);
#655=CIRCLE('',#1848,1.65);
#656=CIRCLE('',#1851,3.00000000000001);
#657=CIRCLE('',#1852,1.65);
#658=CIRCLE('',#1854,3.);
#659=CIRCLE('',#1855,1.65);
#660=CIRCLE('',#1857,3.);
#661=CIRCLE('',#1859,3.00000000000001);
#662=CIRCLE('',#1863,3.00000000000001);
#663=CIRCLE('',#1865,3.);
#664=CIRCLE('',#1868,5.);
#665=CIRCLE('',#1871,5.);
#666=CIRCLE('',#1876,2.5);
#667=CIRCLE('',#1877,2.5);
#668=CIRCLE('',#1878,2.5);
#669=CIRCLE('',#1879,2.5);
#670=CIRCLE('',#1880,1.65);
#671=CIRCLE('',#1881,1.65);
#672=CIRCLE('',#1882,1.65);
#673=CIRCLE('',#1883,1.65);
#674=CIRCLE('',#1886,2.5);
#675=CIRCLE('',#1889,2.5);
#676=CIRCLE('',#1892,2.5);
#677=CIRCLE('',#1894,2.5);
#678=VERTEX_POINT('',#2363);
#679=VERTEX_POINT('',#2364);
#680=VERTEX_POINT('',#2366);
#681=VERTEX_POINT('',#2371);
#682=VERTEX_POINT('',#2412);
#683=VERTEX_POINT('',#2413);
#684=VERTEX_POINT('',#2426);
#685=VERTEX_POINT('',#2427);
#686=VERTEX_POINT('',#2455);
#687=VERTEX_POINT('',#2456);
#688=VERTEX_POINT('',#2458);
#689=VERTEX_POINT('',#2463);
#690=VERTEX_POINT('',#2544);
#691=VERTEX_POINT('',#2545);
#692=VERTEX_POINT('',#2589);
#693=VERTEX_POINT('',#2590);
#694=VERTEX_POINT('',#2629);
#695=VERTEX_POINT('',#2630);
#696=VERTEX_POINT('',#2632);
#697=VERTEX_POINT('',#2638);
#698=VERTEX_POINT('',#2646);
#699=VERTEX_POINT('',#2647);
#700=VERTEX_POINT('',#2676);
#701=VERTEX_POINT('',#2682);
#702=VERTEX_POINT('',#2745);
#703=VERTEX_POINT('',#2746);
#704=VERTEX_POINT('',#2786);
#705=VERTEX_POINT('',#2787);
#706=VERTEX_POINT('',#2840);
#707=VERTEX_POINT('',#2842);
#708=VERTEX_POINT('',#2848);
#709=VERTEX_POINT('',#2853);
#710=VERTEX_POINT('',#2859);
#711=VERTEX_POINT('',#2865);
#712=VERTEX_POINT('',#2870);
#713=VERTEX_POINT('',#2878);
#714=VERTEX_POINT('',#2882);
#715=VERTEX_POINT('',#2884);
#716=VERTEX_POINT('',#2896);
#717=VERTEX_POINT('',#2908);
#718=VERTEX_POINT('',#2912);
#719=VERTEX_POINT('',#2950);
#720=VERTEX_POINT('',#2977);
#721=VERTEX_POINT('',#2979);
#722=VERTEX_POINT('',#3020);
#723=VERTEX_POINT('',#3028);
#724=VERTEX_POINT('',#3029);
#725=VERTEX_POINT('',#3068);
#726=VERTEX_POINT('',#3074);
#727=VERTEX_POINT('',#3105);
#728=VERTEX_POINT('',#3110);
#729=VERTEX_POINT('',#3141);
#730=VERTEX_POINT('',#3143);
#731=VERTEX_POINT('',#3149);
#732=VERTEX_POINT('',#3157);
#733=VERTEX_POINT('',#3185);
#734=VERTEX_POINT('',#3216);
#735=VERTEX_POINT('',#3221);
#736=VERTEX_POINT('',#3251);
#737=VERTEX_POINT('',#3287);
#738=VERTEX_POINT('',#3359);
#739=VERTEX_POINT('',#3360);
#740=VERTEX_POINT('',#3426);
#741=VERTEX_POINT('',#3428);
#742=VERTEX_POINT('',#3440);
#743=VERTEX_POINT('',#3444);
#744=VERTEX_POINT('',#3482);
#745=VERTEX_POINT('',#3486);
#746=VERTEX_POINT('',#3498);
#747=VERTEX_POINT('',#3500);
#748=VERTEX_POINT('',#3504);
#749=VERTEX_POINT('',#3542);
#750=VERTEX_POINT('',#3595);
#751=VERTEX_POINT('',#3599);
#752=VERTEX_POINT('',#3611);
#753=VERTEX_POINT('',#3623);
#754=VERTEX_POINT('',#3634);
#755=VERTEX_POINT('',#3635);
#756=VERTEX_POINT('',#3637);
#757=VERTEX_POINT('',#3639);
#758=VERTEX_POINT('',#3641);
#759=VERTEX_POINT('',#3643);
#760=VERTEX_POINT('',#3645);
#761=VERTEX_POINT('',#3647);
#762=VERTEX_POINT('',#3649);
#763=VERTEX_POINT('',#3651);
#764=VERTEX_POINT('',#3653);
#765=VERTEX_POINT('',#3655);
#766=VERTEX_POINT('',#3666);
#767=VERTEX_POINT('',#3668);
#768=VERTEX_POINT('',#3672);
#769=VERTEX_POINT('',#3676);
#770=VERTEX_POINT('',#3678);
#771=VERTEX_POINT('',#3682);
#772=VERTEX_POINT('',#3686);
#773=VERTEX_POINT('',#3688);
#774=VERTEX_POINT('',#3692);
#775=VERTEX_POINT('',#3696);
#776=VERTEX_POINT('',#3698);
#777=VERTEX_POINT('',#3702);
#778=VERTEX_POINT('',#3704);
#779=VERTEX_POINT('',#3706);
#780=VERTEX_POINT('',#3708);
#781=VERTEX_POINT('',#3710);
#782=VERTEX_POINT('',#3712);
#783=VERTEX_POINT('',#3714);
#784=VERTEX_POINT('',#3716);
#785=VERTEX_POINT('',#3718);
#786=VERTEX_POINT('',#3720);
#787=VERTEX_POINT('',#3728);
#788=VERTEX_POINT('',#3730);
#789=VERTEX_POINT('',#3733);
#790=VERTEX_POINT('',#3736);
#791=VERTEX_POINT('',#3742);
#792=VERTEX_POINT('',#3744);
#793=VERTEX_POINT('',#3747);
#794=VERTEX_POINT('',#3752);
#795=VERTEX_POINT('',#3755);
#796=VERTEX_POINT('',#3758);
#797=VERTEX_POINT('',#3761);
#798=VERTEX_POINT('',#3764);
#799=VERTEX_POINT('',#3766);
#800=VERTEX_POINT('',#3770);
#801=VERTEX_POINT('',#3772);
#802=VERTEX_POINT('',#3778);
#803=VERTEX_POINT('',#3784);
#804=VERTEX_POINT('',#3790);
#805=VERTEX_POINT('',#3791);
#806=VERTEX_POINT('',#3796);
#807=VERTEX_POINT('',#3800);
#808=VERTEX_POINT('',#3801);
#809=VERTEX_POINT('',#3808);
#810=VERTEX_POINT('',#3812);
#811=VERTEX_POINT('',#3814);
#812=VERTEX_POINT('',#3816);
#813=VERTEX_POINT('',#3818);
#814=VERTEX_POINT('',#3822);
#815=VERTEX_POINT('',#3824);
#816=VERTEX_POINT('',#3826);
#817=VERTEX_POINT('',#3828);
#818=VERTEX_POINT('',#3830);
#819=VERTEX_POINT('',#3832);
#820=VERTEX_POINT('',#3835);
#821=VERTEX_POINT('',#3837);
#822=VERTEX_POINT('',#3839);
#823=VERTEX_POINT('',#3841);
#824=VERTEX_POINT('',#3844);
#825=VERTEX_POINT('',#3846);
#826=VERTEX_POINT('',#3850);
#827=VERTEX_POINT('',#3854);
#828=VERTEX_POINT('',#3858);
#829=VERTEX_POINT('',#3862);
#830=EDGE_CURVE('',#678,#679,#590,.T.);
#831=EDGE_CURVE('',#679,#680,#542,.T.);
#832=EDGE_CURVE('',#680,#681,#591,.T.);
#833=EDGE_CURVE('',#681,#678,#543,.T.);
#834=EDGE_CURVE('',#682,#683,#592,.T.);
#835=EDGE_CURVE('',#683,#679,#544,.T.);
#836=EDGE_CURVE('',#678,#682,#545,.T.);
#837=EDGE_CURVE('',#684,#685,#593,.T.);
#838=EDGE_CURVE('',#685,#683,#71,.T.);
#839=EDGE_CURVE('',#682,#684,#72,.T.);
#840=EDGE_CURVE('',#686,#687,#594,.T.);
#841=EDGE_CURVE('',#687,#688,#546,.T.);
#842=EDGE_CURVE('',#688,#689,#595,.T.);
#843=EDGE_CURVE('',#689,#686,#547,.T.);
#844=EDGE_CURVE('',#688,#685,#548,.T.);
#845=EDGE_CURVE('',#684,#689,#549,.T.);
#846=EDGE_CURVE('',#690,#691,#596,.T.);
#847=EDGE_CURVE('',#691,#687,#550,.T.);
#848=EDGE_CURVE('',#686,#690,#551,.T.);
#849=EDGE_CURVE('',#692,#693,#597,.T.);
#850=EDGE_CURVE('',#693,#691,#552,.T.);
#851=EDGE_CURVE('',#690,#692,#553,.T.);
#852=EDGE_CURVE('',#694,#695,#598,.T.);
#853=EDGE_CURVE('',#695,#696,#554,.T.);
#854=EDGE_CURVE('',#696,#697,#599,.T.);
#855=EDGE_CURVE('',#697,#694,#555,.T.);
#856=EDGE_CURVE('',#698,#699,#600,.T.);
#857=EDGE_CURVE('',#699,#695,#73,.T.);
#858=EDGE_CURVE('',#694,#698,#74,.T.);
#859=EDGE_CURVE('',#698,#700,#556,.T.);
#860=EDGE_CURVE('',#700,#701,#601,.T.);
#861=EDGE_CURVE('',#701,#699,#557,.T.);
#862=EDGE_CURVE('',#696,#693,#558,.T.);
#863=EDGE_CURVE('',#692,#697,#559,.T.);
#864=EDGE_CURVE('',#702,#703,#602,.T.);
#865=EDGE_CURVE('',#703,#701,#560,.T.);
#866=EDGE_CURVE('',#700,#702,#561,.T.);
#867=EDGE_CURVE('',#704,#705,#603,.T.);
#868=EDGE_CURVE('',#705,#703,#562,.T.);
#869=EDGE_CURVE('',#702,#704,#563,.T.);
#870=EDGE_CURVE('',#704,#681,#564,.T.);
#871=EDGE_CURVE('',#680,#705,#565,.T.);
#872=EDGE_CURVE('',#698,#706,#75,.T.);
#873=EDGE_CURVE('',#707,#706,#566,.T.);
#874=EDGE_CURVE('',#708,#707,#567,.T.);
#875=EDGE_CURVE('',#709,#708,#568,.T.);
#876=EDGE_CURVE('',#710,#709,#569,.T.);
#877=EDGE_CURVE('',#711,#710,#570,.T.);
#878=EDGE_CURVE('',#712,#711,#571,.T.);
#879=EDGE_CURVE('',#682,#712,#76,.T.);
#880=EDGE_CURVE('',#713,#694,#77,.T.);
#881=EDGE_CURVE('',#706,#713,#78,.T.);
#882=EDGE_CURVE('',#714,#688,#604,.T.);
#883=EDGE_CURVE('',#714,#715,#79,.T.);
#884=EDGE_CURVE('',#679,#715,#605,.T.);
#885=EDGE_CURVE('',#716,#687,#606,.T.);
#886=EDGE_CURVE('',#716,#714,#607,.T.);
#887=EDGE_CURVE('',#717,#691,#608,.T.);
#888=EDGE_CURVE('',#717,#716,#609,.T.);
#889=EDGE_CURVE('',#718,#693,#610,.T.);
#890=EDGE_CURVE('',#718,#717,#80,.T.);
#891=EDGE_CURVE('',#696,#719,#24,.T.);
#892=EDGE_CURVE('',#719,#718,#25,.T.);
#893=EDGE_CURVE('',#710,#720,#611,.T.);
#894=EDGE_CURVE('',#720,#721,#572,.T.);
#895=EDGE_CURVE('',#721,#711,#612,.T.);
#896=EDGE_CURVE('',#721,#722,#573,.T.);
#897=EDGE_CURVE('',#722,#712,#613,.T.);
#898=EDGE_CURVE('',#723,#724,#614,.T.);
#899=EDGE_CURVE('',#724,#712,#81,.T.);
#900=EDGE_CURVE('',#722,#723,#82,.T.);
#901=EDGE_CURVE('',#723,#725,#574,.T.);
#902=EDGE_CURVE('',#725,#726,#615,.T.);
#903=EDGE_CURVE('',#726,#724,#575,.T.);
#904=EDGE_CURVE('',#725,#727,#576,.T.);
#905=EDGE_CURVE('',#727,#728,#616,.T.);
#906=EDGE_CURVE('',#728,#726,#577,.T.);
#907=EDGE_CURVE('',#729,#713,#617,.T.);
#908=EDGE_CURVE('',#713,#730,#578,.T.);
#909=EDGE_CURVE('',#730,#731,#618,.T.);
#910=EDGE_CURVE('',#731,#729,#579,.T.);
#911=EDGE_CURVE('',#732,#706,#619,.T.);
#912=EDGE_CURVE('',#729,#732,#83,.T.);
#913=EDGE_CURVE('',#732,#733,#580,.T.);
#914=EDGE_CURVE('',#733,#707,#620,.T.);
#915=EDGE_CURVE('',#730,#734,#581,.T.);
#916=EDGE_CURVE('',#734,#735,#621,.T.);
#917=EDGE_CURVE('',#735,#731,#582,.T.);
#918=EDGE_CURVE('',#736,#708,#622,.T.);
#919=EDGE_CURVE('',#733,#736,#583,.T.);
#920=EDGE_CURVE('',#737,#709,#623,.T.);
#921=EDGE_CURVE('',#736,#737,#584,.T.);
#922=EDGE_CURVE('',#737,#720,#585,.T.);
#923=EDGE_CURVE('',#738,#739,#624,.T.);
#924=EDGE_CURVE('',#739,#728,#586,.T.);
#925=EDGE_CURVE('',#727,#738,#587,.T.);
#926=EDGE_CURVE('',#734,#739,#588,.T.);
#927=EDGE_CURVE('',#738,#735,#589,.T.);
#928=EDGE_CURVE('',#684,#724,#84,.T.);
#929=EDGE_CURVE('',#740,#720,#625,.T.);
#930=EDGE_CURVE('',#740,#741,#626,.T.);
#931=EDGE_CURVE('',#741,#721,#627,.T.);
#932=EDGE_CURVE('',#737,#742,#628,.T.);
#933=EDGE_CURVE('',#742,#740,#629,.T.);
#934=EDGE_CURVE('',#736,#743,#630,.T.);
#935=EDGE_CURVE('',#743,#742,#85,.T.);
#936=EDGE_CURVE('',#733,#744,#26,.T.);
#937=EDGE_CURVE('',#744,#743,#27,.T.);
#938=EDGE_CURVE('',#745,#731,#28,.T.);
#939=EDGE_CURVE('',#745,#744,#86,.T.);
#940=EDGE_CURVE('',#680,#746,#631,.T.);
#941=EDGE_CURVE('',#746,#747,#632,.T.);
#942=EDGE_CURVE('',#747,#705,#633,.T.);
#943=EDGE_CURVE('',#747,#748,#87,.T.);
#944=EDGE_CURVE('',#748,#703,#634,.T.);
#945=EDGE_CURVE('',#748,#749,#29,.T.);
#946=EDGE_CURVE('',#749,#701,#30,.T.);
#947=EDGE_CURVE('',#715,#746,#635,.T.);
#948=EDGE_CURVE('',#748,#743,#88,.T.);
#949=EDGE_CURVE('',#744,#749,#89,.T.);
#950=EDGE_CURVE('',#742,#747,#90,.T.);
#951=EDGE_CURVE('',#735,#750,#636,.T.);
#952=EDGE_CURVE('',#750,#745,#31,.T.);
#953=EDGE_CURVE('',#738,#751,#637,.T.);
#954=EDGE_CURVE('',#751,#750,#91,.T.);
#955=EDGE_CURVE('',#727,#752,#638,.T.);
#956=EDGE_CURVE('',#752,#751,#639,.T.);
#957=EDGE_CURVE('',#725,#753,#640,.T.);
#958=EDGE_CURVE('',#753,#752,#641,.T.);
#959=EDGE_CURVE('',#741,#753,#92,.T.);
#960=EDGE_CURVE('',#749,#719,#93,.T.);
#961=EDGE_CURVE('',#719,#745,#94,.T.);
#962=EDGE_CURVE('',#750,#718,#95,.T.);
#963=EDGE_CURVE('',#754,#755,#96,.T.);
#964=EDGE_CURVE('',#754,#756,#97,.T.);
#965=EDGE_CURVE('',#756,#757,#98,.T.);
#966=EDGE_CURVE('',#758,#757,#99,.T.);
#967=EDGE_CURVE('',#758,#759,#100,.T.);
#968=EDGE_CURVE('',#759,#760,#101,.T.);
#969=EDGE_CURVE('',#761,#760,#102,.T.);
#970=EDGE_CURVE('',#761,#762,#103,.T.);
#971=EDGE_CURVE('',#762,#763,#104,.T.);
#972=EDGE_CURVE('',#764,#763,#105,.T.);
#973=EDGE_CURVE('',#764,#765,#106,.T.);
#974=EDGE_CURVE('',#765,#755,#107,.T.);
#975=EDGE_CURVE('',#717,#751,#108,.T.);
#976=EDGE_CURVE('',#714,#753,#109,.T.);
#977=EDGE_CURVE('',#715,#741,#110,.T.);
#978=EDGE_CURVE('',#766,#754,#642,.T.);
#979=EDGE_CURVE('',#755,#767,#643,.T.);
#980=EDGE_CURVE('',#767,#766,#111,.T.);
#981=EDGE_CURVE('',#765,#768,#112,.T.);
#982=EDGE_CURVE('',#768,#767,#113,.T.);
#983=EDGE_CURVE('',#769,#758,#644,.T.);
#984=EDGE_CURVE('',#757,#770,#645,.T.);
#985=EDGE_CURVE('',#770,#769,#114,.T.);
#986=EDGE_CURVE('',#756,#771,#115,.T.);
#987=EDGE_CURVE('',#771,#770,#116,.T.);
#988=EDGE_CURVE('',#772,#761,#646,.T.);
#989=EDGE_CURVE('',#760,#773,#647,.T.);
#990=EDGE_CURVE('',#773,#772,#117,.T.);
#991=EDGE_CURVE('',#772,#774,#118,.T.);
#992=EDGE_CURVE('',#762,#774,#119,.T.);
#993=EDGE_CURVE('',#775,#764,#648,.T.);
#994=EDGE_CURVE('',#763,#776,#649,.T.);
#995=EDGE_CURVE('',#776,#775,#120,.T.);
#996=EDGE_CURVE('',#776,#777,#121,.T.);
#997=EDGE_CURVE('',#778,#777,#122,.T.);
#998=EDGE_CURVE('',#778,#779,#123,.T.);
#999=EDGE_CURVE('',#779,#780,#124,.T.);
#1000=EDGE_CURVE('',#781,#780,#650,.T.);
#1001=EDGE_CURVE('',#781,#782,#125,.T.);
#1002=EDGE_CURVE('',#783,#782,#651,.T.);
#1003=EDGE_CURVE('',#783,#784,#126,.T.);
#1004=EDGE_CURVE('',#784,#785,#127,.T.);
#1005=EDGE_CURVE('',#785,#786,#128,.T.);
#1006=EDGE_CURVE('',#786,#775,#129,.T.);
#1007=EDGE_CURVE('',#774,#776,#130,.T.);
#1008=EDGE_CURVE('',#766,#771,#131,.T.);
#1009=EDGE_CURVE('',#787,#766,#132,.T.);
#1010=EDGE_CURVE('',#788,#787,#652,.T.);
#1011=EDGE_CURVE('',#770,#788,#133,.T.);
#1012=EDGE_CURVE('',#789,#789,#653,.T.);
#1013=EDGE_CURVE('',#759,#790,#134,.T.);
#1014=EDGE_CURVE('',#790,#773,#135,.T.);
#1015=EDGE_CURVE('',#769,#790,#136,.T.);
#1016=EDGE_CURVE('',#791,#769,#137,.T.);
#1017=EDGE_CURVE('',#792,#791,#654,.T.);
#1018=EDGE_CURVE('',#773,#792,#138,.T.);
#1019=EDGE_CURVE('',#793,#793,#655,.T.);
#1020=EDGE_CURVE('',#775,#768,#139,.T.);
#1021=EDGE_CURVE('',#794,#786,#656,.T.);
#1022=EDGE_CURVE('',#767,#794,#140,.T.);
#1023=EDGE_CURVE('',#795,#795,#657,.T.);
#1024=EDGE_CURVE('',#796,#772,#141,.T.);
#1025=EDGE_CURVE('',#777,#796,#658,.T.);
#1026=EDGE_CURVE('',#797,#797,#659,.T.);
#1027=EDGE_CURVE('',#798,#787,#142,.T.);
#1028=EDGE_CURVE('',#799,#798,#660,.T.);
#1029=EDGE_CURVE('',#799,#788,#143,.T.);
#1030=EDGE_CURVE('',#800,#791,#144,.T.);
#1031=EDGE_CURVE('',#801,#800,#661,.T.);
#1032=EDGE_CURVE('',#801,#792,#145,.T.);
#1033=EDGE_CURVE('',#799,#800,#146,.T.);
#1034=EDGE_CURVE('',#802,#794,#147,.T.);
#1035=EDGE_CURVE('',#802,#798,#148,.T.);
#1036=EDGE_CURVE('',#802,#785,#662,.T.);
#1037=EDGE_CURVE('',#803,#796,#149,.T.);
#1038=EDGE_CURVE('',#778,#803,#663,.T.);
#1039=EDGE_CURVE('',#801,#803,#150,.T.);
#1040=EDGE_CURVE('',#804,#805,#664,.T.);
#1041=EDGE_CURVE('',#805,#783,#151,.T.);
#1042=EDGE_CURVE('',#782,#804,#152,.T.);
#1043=EDGE_CURVE('',#806,#805,#153,.T.);
#1044=EDGE_CURVE('',#784,#806,#154,.T.);
#1045=EDGE_CURVE('',#807,#808,#665,.T.);
#1046=EDGE_CURVE('',#808,#781,#155,.T.);
#1047=EDGE_CURVE('',#780,#807,#156,.T.);
#1048=EDGE_CURVE('',#804,#808,#157,.T.);
#1049=EDGE_CURVE('',#809,#779,#158,.T.);
#1050=EDGE_CURVE('',#807,#809,#159,.T.);
#1051=EDGE_CURVE('',#810,#809,#160,.T.);
#1052=EDGE_CURVE('',#810,#811,#161,.T.);
#1053=EDGE_CURVE('',#811,#812,#162,.T.);
#1054=EDGE_CURVE('',#813,#812,#163,.T.);
#1055=EDGE_CURVE('',#806,#813,#164,.T.);
#1056=EDGE_CURVE('',#813,#814,#666,.T.);
#1057=EDGE_CURVE('',#814,#815,#165,.T.);
#1058=EDGE_CURVE('',#815,#816,#667,.T.);
#1059=EDGE_CURVE('',#816,#817,#166,.T.);
#1060=EDGE_CURVE('',#817,#818,#668,.T.);
#1061=EDGE_CURVE('',#818,#819,#167,.T.);
#1062=EDGE_CURVE('',#819,#810,#669,.T.);
#1063=EDGE_CURVE('',#820,#820,#670,.T.);
#1064=EDGE_CURVE('',#821,#821,#671,.T.);
#1065=EDGE_CURVE('',#822,#822,#672,.T.);
#1066=EDGE_CURVE('',#823,#823,#673,.T.);
#1067=EDGE_CURVE('',#818,#824,#168,.T.);
#1068=EDGE_CURVE('',#824,#825,#169,.T.);
#1069=EDGE_CURVE('',#819,#825,#170,.T.);
#1070=EDGE_CURVE('',#817,#826,#171,.T.);
#1071=EDGE_CURVE('',#826,#824,#674,.T.);
#1072=EDGE_CURVE('',#816,#827,#172,.T.);
#1073=EDGE_CURVE('',#827,#826,#173,.T.);
#1074=EDGE_CURVE('',#815,#828,#174,.T.);
#1075=EDGE_CURVE('',#828,#827,#675,.T.);
#1076=EDGE_CURVE('',#814,#829,#175,.T.);
#1077=EDGE_CURVE('',#829,#828,#176,.T.);
#1078=EDGE_CURVE('',#812,#829,#676,.T.);
#1079=EDGE_CURVE('',#825,#811,#677,.T.);
#1080=EDGE_CURVE('',#797,#820,#177,.T.);
#1081=EDGE_CURVE('',#795,#821,#178,.T.);
#1082=EDGE_CURVE('',#789,#822,#179,.T.);
#1083=EDGE_CURVE('',#793,#823,#180,.T.);
#1084=ORIENTED_EDGE('',*,*,#830,.T.);
#1085=ORIENTED_EDGE('',*,*,#831,.T.);
#1086=ORIENTED_EDGE('',*,*,#832,.T.);
#1087=ORIENTED_EDGE('',*,*,#833,.T.);
#1088=ORIENTED_EDGE('',*,*,#834,.T.);
#1089=ORIENTED_EDGE('',*,*,#835,.T.);
#1090=ORIENTED_EDGE('',*,*,#830,.F.);
#1091=ORIENTED_EDGE('',*,*,#836,.T.);
#1092=ORIENTED_EDGE('',*,*,#837,.T.);
#1093=ORIENTED_EDGE('',*,*,#838,.T.);
#1094=ORIENTED_EDGE('',*,*,#834,.F.);
#1095=ORIENTED_EDGE('',*,*,#839,.T.);
#1096=ORIENTED_EDGE('',*,*,#840,.T.);
#1097=ORIENTED_EDGE('',*,*,#841,.T.);
#1098=ORIENTED_EDGE('',*,*,#842,.T.);
#1099=ORIENTED_EDGE('',*,*,#843,.T.);
#1100=ORIENTED_EDGE('',*,*,#842,.F.);
#1101=ORIENTED_EDGE('',*,*,#844,.T.);
#1102=ORIENTED_EDGE('',*,*,#837,.F.);
#1103=ORIENTED_EDGE('',*,*,#845,.T.);
#1104=ORIENTED_EDGE('',*,*,#846,.T.);
#1105=ORIENTED_EDGE('',*,*,#847,.T.);
#1106=ORIENTED_EDGE('',*,*,#840,.F.);
#1107=ORIENTED_EDGE('',*,*,#848,.T.);
#1108=ORIENTED_EDGE('',*,*,#849,.T.);
#1109=ORIENTED_EDGE('',*,*,#850,.T.);
#1110=ORIENTED_EDGE('',*,*,#846,.F.);
#1111=ORIENTED_EDGE('',*,*,#851,.T.);
#1112=ORIENTED_EDGE('',*,*,#852,.T.);
#1113=ORIENTED_EDGE('',*,*,#853,.T.);
#1114=ORIENTED_EDGE('',*,*,#854,.T.);
#1115=ORIENTED_EDGE('',*,*,#855,.T.);
#1116=ORIENTED_EDGE('',*,*,#856,.T.);
#1117=ORIENTED_EDGE('',*,*,#857,.T.);
#1118=ORIENTED_EDGE('',*,*,#852,.F.);
#1119=ORIENTED_EDGE('',*,*,#858,.T.);
#1120=ORIENTED_EDGE('',*,*,#856,.F.);
#1121=ORIENTED_EDGE('',*,*,#859,.T.);
#1122=ORIENTED_EDGE('',*,*,#860,.T.);
#1123=ORIENTED_EDGE('',*,*,#861,.T.);
#1124=ORIENTED_EDGE('',*,*,#854,.F.);
#1125=ORIENTED_EDGE('',*,*,#862,.T.);
#1126=ORIENTED_EDGE('',*,*,#849,.F.);
#1127=ORIENTED_EDGE('',*,*,#863,.T.);
#1128=ORIENTED_EDGE('',*,*,#864,.T.);
#1129=ORIENTED_EDGE('',*,*,#865,.T.);
#1130=ORIENTED_EDGE('',*,*,#860,.F.);
#1131=ORIENTED_EDGE('',*,*,#866,.T.);
#1132=ORIENTED_EDGE('',*,*,#867,.T.);
#1133=ORIENTED_EDGE('',*,*,#868,.T.);
#1134=ORIENTED_EDGE('',*,*,#864,.F.);
#1135=ORIENTED_EDGE('',*,*,#869,.T.);
#1136=ORIENTED_EDGE('',*,*,#867,.F.);
#1137=ORIENTED_EDGE('',*,*,#870,.T.);
#1138=ORIENTED_EDGE('',*,*,#832,.F.);
#1139=ORIENTED_EDGE('',*,*,#871,.T.);
#1140=ORIENTED_EDGE('',*,*,#836,.F.);
#1141=ORIENTED_EDGE('',*,*,#833,.F.);
#1142=ORIENTED_EDGE('',*,*,#870,.F.);
#1143=ORIENTED_EDGE('',*,*,#869,.F.);
#1144=ORIENTED_EDGE('',*,*,#866,.F.);
#1145=ORIENTED_EDGE('',*,*,#859,.F.);
#1146=ORIENTED_EDGE('',*,*,#872,.T.);
#1147=ORIENTED_EDGE('',*,*,#873,.F.);
#1148=ORIENTED_EDGE('',*,*,#874,.F.);
#1149=ORIENTED_EDGE('',*,*,#875,.F.);
#1150=ORIENTED_EDGE('',*,*,#876,.F.);
#1151=ORIENTED_EDGE('',*,*,#877,.F.);
#1152=ORIENTED_EDGE('',*,*,#878,.F.);
#1153=ORIENTED_EDGE('',*,*,#879,.F.);
#1154=ORIENTED_EDGE('',*,*,#858,.F.);
#1155=ORIENTED_EDGE('',*,*,#880,.F.);
#1156=ORIENTED_EDGE('',*,*,#881,.F.);
#1157=ORIENTED_EDGE('',*,*,#872,.F.);
#1158=ORIENTED_EDGE('',*,*,#835,.F.);
#1159=ORIENTED_EDGE('',*,*,#838,.F.);
#1160=ORIENTED_EDGE('',*,*,#844,.F.);
#1161=ORIENTED_EDGE('',*,*,#882,.F.);
#1162=ORIENTED_EDGE('',*,*,#883,.T.);
#1163=ORIENTED_EDGE('',*,*,#884,.F.);
#1164=ORIENTED_EDGE('',*,*,#841,.F.);
#1165=ORIENTED_EDGE('',*,*,#885,.F.);
#1166=ORIENTED_EDGE('',*,*,#886,.T.);
#1167=ORIENTED_EDGE('',*,*,#882,.T.);
#1168=ORIENTED_EDGE('',*,*,#847,.F.);
#1169=ORIENTED_EDGE('',*,*,#887,.F.);
#1170=ORIENTED_EDGE('',*,*,#888,.T.);
#1171=ORIENTED_EDGE('',*,*,#885,.T.);
#1172=ORIENTED_EDGE('',*,*,#850,.F.);
#1173=ORIENTED_EDGE('',*,*,#889,.F.);
#1174=ORIENTED_EDGE('',*,*,#890,.T.);
#1175=ORIENTED_EDGE('',*,*,#887,.T.);
#1176=ORIENTED_EDGE('',*,*,#862,.F.);
#1177=ORIENTED_EDGE('',*,*,#891,.T.);
#1178=ORIENTED_EDGE('',*,*,#892,.T.);
#1179=ORIENTED_EDGE('',*,*,#889,.T.);
#1180=ORIENTED_EDGE('',*,*,#893,.T.);
#1181=ORIENTED_EDGE('',*,*,#894,.T.);
#1182=ORIENTED_EDGE('',*,*,#895,.T.);
#1183=ORIENTED_EDGE('',*,*,#877,.T.);
#1184=ORIENTED_EDGE('',*,*,#895,.F.);
#1185=ORIENTED_EDGE('',*,*,#896,.T.);
#1186=ORIENTED_EDGE('',*,*,#897,.T.);
#1187=ORIENTED_EDGE('',*,*,#878,.T.);
#1188=ORIENTED_EDGE('',*,*,#898,.T.);
#1189=ORIENTED_EDGE('',*,*,#899,.T.);
#1190=ORIENTED_EDGE('',*,*,#897,.F.);
#1191=ORIENTED_EDGE('',*,*,#900,.T.);
#1192=ORIENTED_EDGE('',*,*,#898,.F.);
#1193=ORIENTED_EDGE('',*,*,#901,.T.);
#1194=ORIENTED_EDGE('',*,*,#902,.T.);
#1195=ORIENTED_EDGE('',*,*,#903,.T.);
#1196=ORIENTED_EDGE('',*,*,#902,.F.);
#1197=ORIENTED_EDGE('',*,*,#904,.T.);
#1198=ORIENTED_EDGE('',*,*,#905,.T.);
#1199=ORIENTED_EDGE('',*,*,#906,.T.);
#1200=ORIENTED_EDGE('',*,*,#907,.T.);
#1201=ORIENTED_EDGE('',*,*,#908,.T.);
#1202=ORIENTED_EDGE('',*,*,#909,.T.);
#1203=ORIENTED_EDGE('',*,*,#910,.T.);
#1204=ORIENTED_EDGE('',*,*,#911,.T.);
#1205=ORIENTED_EDGE('',*,*,#881,.T.);
#1206=ORIENTED_EDGE('',*,*,#907,.F.);
#1207=ORIENTED_EDGE('',*,*,#912,.T.);
#1208=ORIENTED_EDGE('',*,*,#911,.F.);
#1209=ORIENTED_EDGE('',*,*,#913,.T.);
#1210=ORIENTED_EDGE('',*,*,#914,.T.);
#1211=ORIENTED_EDGE('',*,*,#873,.T.);
#1212=ORIENTED_EDGE('',*,*,#909,.F.);
#1213=ORIENTED_EDGE('',*,*,#915,.T.);
#1214=ORIENTED_EDGE('',*,*,#916,.T.);
#1215=ORIENTED_EDGE('',*,*,#917,.T.);
#1216=ORIENTED_EDGE('',*,*,#918,.T.);
#1217=ORIENTED_EDGE('',*,*,#874,.T.);
#1218=ORIENTED_EDGE('',*,*,#914,.F.);
#1219=ORIENTED_EDGE('',*,*,#919,.T.);
#1220=ORIENTED_EDGE('',*,*,#920,.T.);
#1221=ORIENTED_EDGE('',*,*,#875,.T.);
#1222=ORIENTED_EDGE('',*,*,#918,.F.);
#1223=ORIENTED_EDGE('',*,*,#921,.T.);
#1224=ORIENTED_EDGE('',*,*,#920,.F.);
#1225=ORIENTED_EDGE('',*,*,#922,.T.);
#1226=ORIENTED_EDGE('',*,*,#893,.F.);
#1227=ORIENTED_EDGE('',*,*,#876,.T.);
#1228=ORIENTED_EDGE('',*,*,#923,.T.);
#1229=ORIENTED_EDGE('',*,*,#924,.T.);
#1230=ORIENTED_EDGE('',*,*,#905,.F.);
#1231=ORIENTED_EDGE('',*,*,#925,.T.);
#1232=ORIENTED_EDGE('',*,*,#916,.F.);
#1233=ORIENTED_EDGE('',*,*,#926,.T.);
#1234=ORIENTED_EDGE('',*,*,#923,.F.);
#1235=ORIENTED_EDGE('',*,*,#927,.T.);
#1236=ORIENTED_EDGE('',*,*,#839,.F.);
#1237=ORIENTED_EDGE('',*,*,#879,.T.);
#1238=ORIENTED_EDGE('',*,*,#899,.F.);
#1239=ORIENTED_EDGE('',*,*,#928,.F.);
#1240=ORIENTED_EDGE('',*,*,#845,.F.);
#1241=ORIENTED_EDGE('',*,*,#928,.T.);
#1242=ORIENTED_EDGE('',*,*,#903,.F.);
#1243=ORIENTED_EDGE('',*,*,#906,.F.);
#1244=ORIENTED_EDGE('',*,*,#924,.F.);
#1245=ORIENTED_EDGE('',*,*,#926,.F.);
#1246=ORIENTED_EDGE('',*,*,#915,.F.);
#1247=ORIENTED_EDGE('',*,*,#908,.F.);
#1248=ORIENTED_EDGE('',*,*,#880,.T.);
#1249=ORIENTED_EDGE('',*,*,#855,.F.);
#1250=ORIENTED_EDGE('',*,*,#863,.F.);
#1251=ORIENTED_EDGE('',*,*,#851,.F.);
#1252=ORIENTED_EDGE('',*,*,#848,.F.);
#1253=ORIENTED_EDGE('',*,*,#843,.F.);
#1254=ORIENTED_EDGE('',*,*,#894,.F.);
#1255=ORIENTED_EDGE('',*,*,#929,.F.);
#1256=ORIENTED_EDGE('',*,*,#930,.T.);
#1257=ORIENTED_EDGE('',*,*,#931,.T.);
#1258=ORIENTED_EDGE('',*,*,#922,.F.);
#1259=ORIENTED_EDGE('',*,*,#932,.T.);
#1260=ORIENTED_EDGE('',*,*,#933,.T.);
#1261=ORIENTED_EDGE('',*,*,#929,.T.);
#1262=ORIENTED_EDGE('',*,*,#921,.F.);
#1263=ORIENTED_EDGE('',*,*,#934,.T.);
#1264=ORIENTED_EDGE('',*,*,#935,.T.);
#1265=ORIENTED_EDGE('',*,*,#932,.F.);
#1266=ORIENTED_EDGE('',*,*,#919,.F.);
#1267=ORIENTED_EDGE('',*,*,#936,.T.);
#1268=ORIENTED_EDGE('',*,*,#937,.T.);
#1269=ORIENTED_EDGE('',*,*,#934,.F.);
#1270=ORIENTED_EDGE('',*,*,#913,.F.);
#1271=ORIENTED_EDGE('',*,*,#912,.F.);
#1272=ORIENTED_EDGE('',*,*,#910,.F.);
#1273=ORIENTED_EDGE('',*,*,#938,.F.);
#1274=ORIENTED_EDGE('',*,*,#939,.T.);
#1275=ORIENTED_EDGE('',*,*,#936,.F.);
#1276=ORIENTED_EDGE('',*,*,#871,.F.);
#1277=ORIENTED_EDGE('',*,*,#940,.T.);
#1278=ORIENTED_EDGE('',*,*,#941,.T.);
#1279=ORIENTED_EDGE('',*,*,#942,.T.);
#1280=ORIENTED_EDGE('',*,*,#868,.F.);
#1281=ORIENTED_EDGE('',*,*,#942,.F.);
#1282=ORIENTED_EDGE('',*,*,#943,.T.);
#1283=ORIENTED_EDGE('',*,*,#944,.T.);
#1284=ORIENTED_EDGE('',*,*,#865,.F.);
#1285=ORIENTED_EDGE('',*,*,#944,.F.);
#1286=ORIENTED_EDGE('',*,*,#945,.T.);
#1287=ORIENTED_EDGE('',*,*,#946,.T.);
#1288=ORIENTED_EDGE('',*,*,#831,.F.);
#1289=ORIENTED_EDGE('',*,*,#884,.T.);
#1290=ORIENTED_EDGE('',*,*,#947,.T.);
#1291=ORIENTED_EDGE('',*,*,#940,.F.);
#1292=ORIENTED_EDGE('',*,*,#945,.F.);
#1293=ORIENTED_EDGE('',*,*,#948,.T.);
#1294=ORIENTED_EDGE('',*,*,#937,.F.);
#1295=ORIENTED_EDGE('',*,*,#949,.T.);
#1296=ORIENTED_EDGE('',*,*,#943,.F.);
#1297=ORIENTED_EDGE('',*,*,#950,.F.);
#1298=ORIENTED_EDGE('',*,*,#935,.F.);
#1299=ORIENTED_EDGE('',*,*,#948,.F.);
#1300=ORIENTED_EDGE('',*,*,#917,.F.);
#1301=ORIENTED_EDGE('',*,*,#951,.T.);
#1302=ORIENTED_EDGE('',*,*,#952,.T.);
#1303=ORIENTED_EDGE('',*,*,#938,.T.);
#1304=ORIENTED_EDGE('',*,*,#927,.F.);
#1305=ORIENTED_EDGE('',*,*,#953,.T.);
#1306=ORIENTED_EDGE('',*,*,#954,.T.);
#1307=ORIENTED_EDGE('',*,*,#951,.F.);
#1308=ORIENTED_EDGE('',*,*,#925,.F.);
#1309=ORIENTED_EDGE('',*,*,#955,.T.);
#1310=ORIENTED_EDGE('',*,*,#956,.T.);
#1311=ORIENTED_EDGE('',*,*,#953,.F.);
#1312=ORIENTED_EDGE('',*,*,#904,.F.);
#1313=ORIENTED_EDGE('',*,*,#957,.T.);
#1314=ORIENTED_EDGE('',*,*,#958,.T.);
#1315=ORIENTED_EDGE('',*,*,#955,.F.);
#1316=ORIENTED_EDGE('',*,*,#896,.F.);
#1317=ORIENTED_EDGE('',*,*,#931,.F.);
#1318=ORIENTED_EDGE('',*,*,#959,.T.);
#1319=ORIENTED_EDGE('',*,*,#957,.F.);
#1320=ORIENTED_EDGE('',*,*,#901,.F.);
#1321=ORIENTED_EDGE('',*,*,#900,.F.);
#1322=ORIENTED_EDGE('',*,*,#861,.F.);
#1323=ORIENTED_EDGE('',*,*,#946,.F.);
#1324=ORIENTED_EDGE('',*,*,#960,.T.);
#1325=ORIENTED_EDGE('',*,*,#891,.F.);
#1326=ORIENTED_EDGE('',*,*,#853,.F.);
#1327=ORIENTED_EDGE('',*,*,#857,.F.);
#1328=ORIENTED_EDGE('',*,*,#892,.F.);
#1329=ORIENTED_EDGE('',*,*,#961,.T.);
#1330=ORIENTED_EDGE('',*,*,#952,.F.);
#1331=ORIENTED_EDGE('',*,*,#962,.T.);
#1332=ORIENTED_EDGE('',*,*,#963,.F.);
#1333=ORIENTED_EDGE('',*,*,#964,.T.);
#1334=ORIENTED_EDGE('',*,*,#965,.T.);
#1335=ORIENTED_EDGE('',*,*,#966,.F.);
#1336=ORIENTED_EDGE('',*,*,#967,.T.);
#1337=ORIENTED_EDGE('',*,*,#968,.T.);
#1338=ORIENTED_EDGE('',*,*,#969,.F.);
#1339=ORIENTED_EDGE('',*,*,#970,.T.);
#1340=ORIENTED_EDGE('',*,*,#971,.T.);
#1341=ORIENTED_EDGE('',*,*,#972,.F.);
#1342=ORIENTED_EDGE('',*,*,#973,.T.);
#1343=ORIENTED_EDGE('',*,*,#974,.T.);
#1344=ORIENTED_EDGE('',*,*,#960,.F.);
#1345=ORIENTED_EDGE('',*,*,#949,.F.);
#1346=ORIENTED_EDGE('',*,*,#939,.F.);
#1347=ORIENTED_EDGE('',*,*,#961,.F.);
#1348=ORIENTED_EDGE('',*,*,#890,.F.);
#1349=ORIENTED_EDGE('',*,*,#962,.F.);
#1350=ORIENTED_EDGE('',*,*,#954,.F.);
#1351=ORIENTED_EDGE('',*,*,#975,.F.);
#1352=ORIENTED_EDGE('',*,*,#888,.F.);
#1353=ORIENTED_EDGE('',*,*,#975,.T.);
#1354=ORIENTED_EDGE('',*,*,#956,.F.);
#1355=ORIENTED_EDGE('',*,*,#958,.F.);
#1356=ORIENTED_EDGE('',*,*,#976,.F.);
#1357=ORIENTED_EDGE('',*,*,#886,.F.);
#1358=ORIENTED_EDGE('',*,*,#883,.F.);
#1359=ORIENTED_EDGE('',*,*,#976,.T.);
#1360=ORIENTED_EDGE('',*,*,#959,.F.);
#1361=ORIENTED_EDGE('',*,*,#977,.F.);
#1362=ORIENTED_EDGE('',*,*,#947,.F.);
#1363=ORIENTED_EDGE('',*,*,#977,.T.);
#1364=ORIENTED_EDGE('',*,*,#930,.F.);
#1365=ORIENTED_EDGE('',*,*,#933,.F.);
#1366=ORIENTED_EDGE('',*,*,#950,.T.);
#1367=ORIENTED_EDGE('',*,*,#941,.F.);
#1368=ORIENTED_EDGE('',*,*,#978,.T.);
#1369=ORIENTED_EDGE('',*,*,#963,.T.);
#1370=ORIENTED_EDGE('',*,*,#979,.T.);
#1371=ORIENTED_EDGE('',*,*,#980,.T.);
#1372=ORIENTED_EDGE('',*,*,#979,.F.);
#1373=ORIENTED_EDGE('',*,*,#974,.F.);
#1374=ORIENTED_EDGE('',*,*,#981,.T.);
#1375=ORIENTED_EDGE('',*,*,#982,.T.);
#1376=ORIENTED_EDGE('',*,*,#983,.T.);
#1377=ORIENTED_EDGE('',*,*,#966,.T.);
#1378=ORIENTED_EDGE('',*,*,#984,.T.);
#1379=ORIENTED_EDGE('',*,*,#985,.T.);
#1380=ORIENTED_EDGE('',*,*,#984,.F.);
#1381=ORIENTED_EDGE('',*,*,#965,.F.);
#1382=ORIENTED_EDGE('',*,*,#986,.T.);
#1383=ORIENTED_EDGE('',*,*,#987,.T.);
#1384=ORIENTED_EDGE('',*,*,#988,.T.);
#1385=ORIENTED_EDGE('',*,*,#969,.T.);
#1386=ORIENTED_EDGE('',*,*,#989,.T.);
#1387=ORIENTED_EDGE('',*,*,#990,.T.);
#1388=ORIENTED_EDGE('',*,*,#988,.F.);
#1389=ORIENTED_EDGE('',*,*,#991,.T.);
#1390=ORIENTED_EDGE('',*,*,#992,.F.);
#1391=ORIENTED_EDGE('',*,*,#970,.F.);
#1392=ORIENTED_EDGE('',*,*,#993,.T.);
#1393=ORIENTED_EDGE('',*,*,#972,.T.);
#1394=ORIENTED_EDGE('',*,*,#994,.T.);
#1395=ORIENTED_EDGE('',*,*,#995,.T.);
#1396=ORIENTED_EDGE('',*,*,#995,.F.);
#1397=ORIENTED_EDGE('',*,*,#996,.T.);
#1398=ORIENTED_EDGE('',*,*,#997,.F.);
#1399=ORIENTED_EDGE('',*,*,#998,.T.);
#1400=ORIENTED_EDGE('',*,*,#999,.T.);
#1401=ORIENTED_EDGE('',*,*,#1000,.F.);
#1402=ORIENTED_EDGE('',*,*,#1001,.T.);
#1403=ORIENTED_EDGE('',*,*,#1002,.F.);
#1404=ORIENTED_EDGE('',*,*,#1003,.T.);
#1405=ORIENTED_EDGE('',*,*,#1004,.T.);
#1406=ORIENTED_EDGE('',*,*,#1005,.T.);
#1407=ORIENTED_EDGE('',*,*,#1006,.T.);
#1408=ORIENTED_EDGE('',*,*,#994,.F.);
#1409=ORIENTED_EDGE('',*,*,#971,.F.);
#1410=ORIENTED_EDGE('',*,*,#992,.T.);
#1411=ORIENTED_EDGE('',*,*,#1007,.T.);
#1412=ORIENTED_EDGE('',*,*,#978,.F.);
#1413=ORIENTED_EDGE('',*,*,#1008,.T.);
#1414=ORIENTED_EDGE('',*,*,#986,.F.);
#1415=ORIENTED_EDGE('',*,*,#964,.F.);
#1416=ORIENTED_EDGE('',*,*,#1009,.F.);
#1417=ORIENTED_EDGE('',*,*,#1010,.F.);
#1418=ORIENTED_EDGE('',*,*,#1011,.F.);
#1419=ORIENTED_EDGE('',*,*,#987,.F.);
#1420=ORIENTED_EDGE('',*,*,#1008,.F.);
#1421=ORIENTED_EDGE('',*,*,#1012,.F.);
#1422=ORIENTED_EDGE('',*,*,#989,.F.);
#1423=ORIENTED_EDGE('',*,*,#968,.F.);
#1424=ORIENTED_EDGE('',*,*,#1013,.T.);
#1425=ORIENTED_EDGE('',*,*,#1014,.T.);
#1426=ORIENTED_EDGE('',*,*,#983,.F.);
#1427=ORIENTED_EDGE('',*,*,#1015,.T.);
#1428=ORIENTED_EDGE('',*,*,#1013,.F.);
#1429=ORIENTED_EDGE('',*,*,#967,.F.);
#1430=ORIENTED_EDGE('',*,*,#1016,.F.);
#1431=ORIENTED_EDGE('',*,*,#1017,.F.);
#1432=ORIENTED_EDGE('',*,*,#1018,.F.);
#1433=ORIENTED_EDGE('',*,*,#1014,.F.);
#1434=ORIENTED_EDGE('',*,*,#1015,.F.);
#1435=ORIENTED_EDGE('',*,*,#1019,.F.);
#1436=ORIENTED_EDGE('',*,*,#993,.F.);
#1437=ORIENTED_EDGE('',*,*,#1020,.T.);
#1438=ORIENTED_EDGE('',*,*,#981,.F.);
#1439=ORIENTED_EDGE('',*,*,#973,.F.);
#1440=ORIENTED_EDGE('',*,*,#1006,.F.);
#1441=ORIENTED_EDGE('',*,*,#1021,.F.);
#1442=ORIENTED_EDGE('',*,*,#1022,.F.);
#1443=ORIENTED_EDGE('',*,*,#982,.F.);
#1444=ORIENTED_EDGE('',*,*,#1020,.F.);
#1445=ORIENTED_EDGE('',*,*,#1023,.F.);
#1446=ORIENTED_EDGE('',*,*,#1024,.F.);
#1447=ORIENTED_EDGE('',*,*,#1025,.F.);
#1448=ORIENTED_EDGE('',*,*,#996,.F.);
#1449=ORIENTED_EDGE('',*,*,#1007,.F.);
#1450=ORIENTED_EDGE('',*,*,#991,.F.);
#1451=ORIENTED_EDGE('',*,*,#1026,.F.);
#1452=ORIENTED_EDGE('',*,*,#1010,.T.);
#1453=ORIENTED_EDGE('',*,*,#1027,.F.);
#1454=ORIENTED_EDGE('',*,*,#1028,.F.);
#1455=ORIENTED_EDGE('',*,*,#1029,.T.);
#1456=ORIENTED_EDGE('',*,*,#1017,.T.);
#1457=ORIENTED_EDGE('',*,*,#1030,.F.);
#1458=ORIENTED_EDGE('',*,*,#1031,.F.);
#1459=ORIENTED_EDGE('',*,*,#1032,.T.);
#1460=ORIENTED_EDGE('',*,*,#985,.F.);
#1461=ORIENTED_EDGE('',*,*,#1011,.T.);
#1462=ORIENTED_EDGE('',*,*,#1029,.F.);
#1463=ORIENTED_EDGE('',*,*,#1033,.T.);
#1464=ORIENTED_EDGE('',*,*,#1030,.T.);
#1465=ORIENTED_EDGE('',*,*,#1016,.T.);
#1466=ORIENTED_EDGE('',*,*,#980,.F.);
#1467=ORIENTED_EDGE('',*,*,#1022,.T.);
#1468=ORIENTED_EDGE('',*,*,#1034,.F.);
#1469=ORIENTED_EDGE('',*,*,#1035,.T.);
#1470=ORIENTED_EDGE('',*,*,#1027,.T.);
#1471=ORIENTED_EDGE('',*,*,#1009,.T.);
#1472=ORIENTED_EDGE('',*,*,#1021,.T.);
#1473=ORIENTED_EDGE('',*,*,#1005,.F.);
#1474=ORIENTED_EDGE('',*,*,#1036,.F.);
#1475=ORIENTED_EDGE('',*,*,#1034,.T.);
#1476=ORIENTED_EDGE('',*,*,#1025,.T.);
#1477=ORIENTED_EDGE('',*,*,#1037,.F.);
#1478=ORIENTED_EDGE('',*,*,#1038,.F.);
#1479=ORIENTED_EDGE('',*,*,#997,.T.);
#1480=ORIENTED_EDGE('',*,*,#990,.F.);
#1481=ORIENTED_EDGE('',*,*,#1018,.T.);
#1482=ORIENTED_EDGE('',*,*,#1032,.F.);
#1483=ORIENTED_EDGE('',*,*,#1039,.T.);
#1484=ORIENTED_EDGE('',*,*,#1037,.T.);
#1485=ORIENTED_EDGE('',*,*,#1024,.T.);
#1486=ORIENTED_EDGE('',*,*,#1040,.T.);
#1487=ORIENTED_EDGE('',*,*,#1041,.T.);
#1488=ORIENTED_EDGE('',*,*,#1002,.T.);
#1489=ORIENTED_EDGE('',*,*,#1042,.T.);
#1490=ORIENTED_EDGE('',*,*,#1041,.F.);
#1491=ORIENTED_EDGE('',*,*,#1043,.F.);
#1492=ORIENTED_EDGE('',*,*,#1044,.F.);
#1493=ORIENTED_EDGE('',*,*,#1003,.F.);
#1494=ORIENTED_EDGE('',*,*,#1045,.T.);
#1495=ORIENTED_EDGE('',*,*,#1046,.T.);
#1496=ORIENTED_EDGE('',*,*,#1000,.T.);
#1497=ORIENTED_EDGE('',*,*,#1047,.T.);
#1498=ORIENTED_EDGE('',*,*,#1042,.F.);
#1499=ORIENTED_EDGE('',*,*,#1001,.F.);
#1500=ORIENTED_EDGE('',*,*,#1046,.F.);
#1501=ORIENTED_EDGE('',*,*,#1048,.F.);
#1502=ORIENTED_EDGE('',*,*,#1047,.F.);
#1503=ORIENTED_EDGE('',*,*,#999,.F.);
#1504=ORIENTED_EDGE('',*,*,#1049,.F.);
#1505=ORIENTED_EDGE('',*,*,#1050,.F.);
#1506=ORIENTED_EDGE('',*,*,#1043,.T.);
#1507=ORIENTED_EDGE('',*,*,#1040,.F.);
#1508=ORIENTED_EDGE('',*,*,#1048,.T.);
#1509=ORIENTED_EDGE('',*,*,#1045,.F.);
#1510=ORIENTED_EDGE('',*,*,#1050,.T.);
#1511=ORIENTED_EDGE('',*,*,#1051,.F.);
#1512=ORIENTED_EDGE('',*,*,#1052,.T.);
#1513=ORIENTED_EDGE('',*,*,#1053,.T.);
#1514=ORIENTED_EDGE('',*,*,#1054,.F.);
#1515=ORIENTED_EDGE('',*,*,#1055,.F.);
#1516=ORIENTED_EDGE('',*,*,#1044,.T.);
#1517=ORIENTED_EDGE('',*,*,#1055,.T.);
#1518=ORIENTED_EDGE('',*,*,#1056,.T.);
#1519=ORIENTED_EDGE('',*,*,#1057,.T.);
#1520=ORIENTED_EDGE('',*,*,#1058,.T.);
#1521=ORIENTED_EDGE('',*,*,#1059,.T.);
#1522=ORIENTED_EDGE('',*,*,#1060,.T.);
#1523=ORIENTED_EDGE('',*,*,#1061,.T.);
#1524=ORIENTED_EDGE('',*,*,#1062,.T.);
#1525=ORIENTED_EDGE('',*,*,#1051,.T.);
#1526=ORIENTED_EDGE('',*,*,#1049,.T.);
#1527=ORIENTED_EDGE('',*,*,#998,.F.);
#1528=ORIENTED_EDGE('',*,*,#1038,.T.);
#1529=ORIENTED_EDGE('',*,*,#1039,.F.);
#1530=ORIENTED_EDGE('',*,*,#1031,.T.);
#1531=ORIENTED_EDGE('',*,*,#1033,.F.);
#1532=ORIENTED_EDGE('',*,*,#1028,.T.);
#1533=ORIENTED_EDGE('',*,*,#1035,.F.);
#1534=ORIENTED_EDGE('',*,*,#1036,.T.);
#1535=ORIENTED_EDGE('',*,*,#1004,.F.);
#1536=ORIENTED_EDGE('',*,*,#1063,.T.);
#1537=ORIENTED_EDGE('',*,*,#1064,.T.);
#1538=ORIENTED_EDGE('',*,*,#1065,.T.);
#1539=ORIENTED_EDGE('',*,*,#1066,.T.);
#1540=ORIENTED_EDGE('',*,*,#1061,.F.);
#1541=ORIENTED_EDGE('',*,*,#1067,.T.);
#1542=ORIENTED_EDGE('',*,*,#1068,.T.);
#1543=ORIENTED_EDGE('',*,*,#1069,.F.);
#1544=ORIENTED_EDGE('',*,*,#1060,.F.);
#1545=ORIENTED_EDGE('',*,*,#1070,.T.);
#1546=ORIENTED_EDGE('',*,*,#1071,.T.);
#1547=ORIENTED_EDGE('',*,*,#1067,.F.);
#1548=ORIENTED_EDGE('',*,*,#1059,.F.);
#1549=ORIENTED_EDGE('',*,*,#1072,.T.);
#1550=ORIENTED_EDGE('',*,*,#1073,.T.);
#1551=ORIENTED_EDGE('',*,*,#1070,.F.);
#1552=ORIENTED_EDGE('',*,*,#1058,.F.);
#1553=ORIENTED_EDGE('',*,*,#1074,.T.);
#1554=ORIENTED_EDGE('',*,*,#1075,.T.);
#1555=ORIENTED_EDGE('',*,*,#1072,.F.);
#1556=ORIENTED_EDGE('',*,*,#1057,.F.);
#1557=ORIENTED_EDGE('',*,*,#1076,.T.);
#1558=ORIENTED_EDGE('',*,*,#1077,.T.);
#1559=ORIENTED_EDGE('',*,*,#1074,.F.);
#1560=ORIENTED_EDGE('',*,*,#1056,.F.);
#1561=ORIENTED_EDGE('',*,*,#1054,.T.);
#1562=ORIENTED_EDGE('',*,*,#1078,.T.);
#1563=ORIENTED_EDGE('',*,*,#1076,.F.);
#1564=ORIENTED_EDGE('',*,*,#1062,.F.);
#1565=ORIENTED_EDGE('',*,*,#1069,.T.);
#1566=ORIENTED_EDGE('',*,*,#1079,.T.);
#1567=ORIENTED_EDGE('',*,*,#1052,.F.);
#1568=ORIENTED_EDGE('',*,*,#1079,.F.);
#1569=ORIENTED_EDGE('',*,*,#1068,.F.);
#1570=ORIENTED_EDGE('',*,*,#1071,.F.);
#1571=ORIENTED_EDGE('',*,*,#1073,.F.);
#1572=ORIENTED_EDGE('',*,*,#1075,.F.);
#1573=ORIENTED_EDGE('',*,*,#1077,.F.);
#1574=ORIENTED_EDGE('',*,*,#1078,.F.);
#1575=ORIENTED_EDGE('',*,*,#1053,.F.);
#1576=ORIENTED_EDGE('',*,*,#1026,.T.);
#1577=ORIENTED_EDGE('',*,*,#1080,.T.);
#1578=ORIENTED_EDGE('',*,*,#1063,.F.);
#1579=ORIENTED_EDGE('',*,*,#1080,.F.);
#1580=ORIENTED_EDGE('',*,*,#1023,.T.);
#1581=ORIENTED_EDGE('',*,*,#1081,.T.);
#1582=ORIENTED_EDGE('',*,*,#1064,.F.);
#1583=ORIENTED_EDGE('',*,*,#1081,.F.);
#1584=ORIENTED_EDGE('',*,*,#1012,.T.);
#1585=ORIENTED_EDGE('',*,*,#1082,.T.);
#1586=ORIENTED_EDGE('',*,*,#1065,.F.);
#1587=ORIENTED_EDGE('',*,*,#1082,.F.);
#1588=ORIENTED_EDGE('',*,*,#1019,.T.);
#1589=ORIENTED_EDGE('',*,*,#1083,.T.);
#1590=ORIENTED_EDGE('',*,*,#1066,.F.);
#1591=ORIENTED_EDGE('',*,*,#1083,.F.);
#1592=B_SPLINE_SURFACE_WITH_KNOTS('',3,3,((#2339,#2340,#2341,#2342),(#2343,
#2344,#2345,#2346),(#2347,#2348,#2349,#2350),(#2351,#2352,#2353,#2354),
(#2355,#2356,#2357,#2358),(#2359,#2360,#2361,#2362)),.UNSPECIFIED.,.F.,
 .F.,.F.,(4,1,1,4),(4,4),(0.,0.285714285714286,0.571428571428571,1.),(0.,
0.0646871625346252),.UNSPECIFIED.);
#1593=B_SPLINE_SURFACE_WITH_KNOTS('',3,3,((#2377,#2378,#2379,#2380,#2381),
(#2382,#2383,#2384,#2385,#2386),(#2387,#2388,#2389,#2390,#2391),(#2392,
#2393,#2394,#2395,#2396),(#2397,#2398,#2399,#2400,#2401),(#2402,#2403,#2404,
#2405,#2406),(#2407,#2408,#2409,#2410,#2411)),.UNSPECIFIED.,.F.,.F.,.F.,
(4,1,1,1,4),(4,1,4),(0.,0.285714285714286,0.571428571428571,0.785714285714286,
1.),(0.,0.108992790163973,0.217985580327946),.UNSPECIFIED.);
#1594=B_SPLINE_SURFACE_WITH_KNOTS('',3,3,((#2431,#2432,#2433,#2434),(#2435,
#2436,#2437,#2438),(#2439,#2440,#2441,#2442),(#2443,#2444,#2445,#2446),
(#2447,#2448,#2449,#2450),(#2451,#2452,#2453,#2454)),.UNSPECIFIED.,.F.,
 .F.,.F.,(4,1,1,4),(4,4),(0.,0.285714285714286,0.571428571428571,1.),(0.,
0.0646872612996472),.UNSPECIFIED.);
#1595=B_SPLINE_SURFACE_WITH_KNOTS('',3,3,((#2469,#2470,#2471,#2472,#2473),
(#2474,#2475,#2476,#2477,#2478),(#2479,#2480,#2481,#2482,#2483),(#2484,
#2485,#2486,#2487,#2488),(#2489,#2490,#2491,#2492,#2493),(#2494,#2495,#2496,
#2497,#2498),(#2499,#2500,#2501,#2502,#2503)),.UNSPECIFIED.,.F.,.F.,.F.,
(4,1,1,1,4),(4,1,4),(0.,0.285714285714286,0.571428571428571,0.785714285714286,
1.),(3.50197300669193E-17,0.108992535148325,0.21798507029665),
 .UNSPECIFIED.);
#1596=B_SPLINE_SURFACE_WITH_KNOTS('',3,3,((#2514,#2515,#2516,#2517,#2518),
(#2519,#2520,#2521,#2522,#2523),(#2524,#2525,#2526,#2527,#2528),(#2529,
#2530,#2531,#2532,#2533),(#2534,#2535,#2536,#2537,#2538),(#2539,#2540,#2541,
#2542,#2543)),.UNSPECIFIED.,.F.,.F.,.F.,(4,1,1,4),(4,1,4),(0.,0.285714285714286,
0.571428571428571,1.),(1.96592821652388,2.05801797308226,2.18080431516009),
 .UNSPECIFIED.);
#1597=B_SPLINE_SURFACE_WITH_KNOTS('',3,3,((#2559,#2560,#2561,#2562,#2563),
(#2564,#2565,#2566,#2567,#2568),(#2569,#2570,#2571,#2572,#2573),(#2574,
#2575,#2576,#2577,#2578),(#2579,#2580,#2581,#2582,#2583),(#2584,#2585,#2586,
#2587,#2588)),.UNSPECIFIED.,.F.,.F.,.F.,(4,1,1,4),(4,1,4),(0.,0.285714285714286,
0.571428571428571,1.),(2.55648960628489,2.65782588356572,2.75916216084655),
 .UNSPECIFIED.);
#1598=B_SPLINE_SURFACE_WITH_KNOTS('',3,3,((#2604,#2605,#2606,#2607,#2608),
(#2609,#2610,#2611,#2612,#2613),(#2614,#2615,#2616,#2617,#2618),(#2619,
#2620,#2621,#2622,#2623),(#2624,#2625,#2626,#2627,#2628)),.UNSPECIFIED.,
 .F.,.F.,.F.,(4,1,4),(4,1,4),(0.,0.5,1.),(0.,0.165002732984515,0.385006376963869),
 .UNSPECIFIED.);
#1599=B_SPLINE_SURFACE_WITH_KNOTS('',3,3,((#2651,#2652,#2653,#2654,#2655),
(#2656,#2657,#2658,#2659,#2660),(#2661,#2662,#2663,#2664,#2665),(#2666,
#2667,#2668,#2669,#2670),(#2671,#2672,#2673,#2674,#2675)),.UNSPECIFIED.,
 .F.,.F.,.F.,(4,1,4),(4,1,4),(0.,0.5,1.),(0.,0.165005819184326,0.385013578096761),
 .UNSPECIFIED.);
#1600=B_SPLINE_SURFACE_WITH_KNOTS('',3,3,((#2689,#2690,#2691,#2692),(#2693,
#2694,#2695,#2696),(#2697,#2698,#2699,#2700),(#2701,#2702,#2703,#2704),
(#2705,#2706,#2707,#2708),(#2709,#2710,#2711,#2712)),.UNSPECIFIED.,.F.,
 .F.,.F.,(4,1,1,4),(4,4),(0.,0.285714285714286,0.571428571428571,1.),(0.,
0.113401157762295),.UNSPECIFIED.);
#1601=B_SPLINE_SURFACE_WITH_KNOTS('',3,3,((#2721,#2722,#2723,#2724),(#2725,
#2726,#2727,#2728),(#2729,#2730,#2731,#2732),(#2733,#2734,#2735,#2736),
(#2737,#2738,#2739,#2740),(#2741,#2742,#2743,#2744)),.UNSPECIFIED.,.F.,
 .F.,.F.,(4,1,1,4),(4,4),(0.,0.285714285714286,0.571428571428571,1.),(0.,
0.113401114909842),.UNSPECIFIED.);
#1602=B_SPLINE_SURFACE_WITH_KNOTS('',3,3,((#2756,#2757,#2758,#2759,#2760),
(#2761,#2762,#2763,#2764,#2765),(#2766,#2767,#2768,#2769,#2770),(#2771,
#2772,#2773,#2774,#2775),(#2776,#2777,#2778,#2779,#2780),(#2781,#2782,#2783,
#2784,#2785)),.UNSPECIFIED.,.F.,.F.,.F.,(4,1,1,4),(4,1,4),(0.,0.285714285714286,
0.571428571428571,1.),(5.11297892672651,5.21431520388844,5.31565148105038),
 .UNSPECIFIED.);
#1603=B_SPLINE_SURFACE_WITH_KNOTS('',3,3,((#2799,#2800,#2801,#2802,#2803),
(#2804,#2805,#2806,#2807,#2808),(#2809,#2810,#2811,#2812,#2813),(#2814,
#2815,#2816,#2817,#2818),(#2819,#2820,#2821,#2822,#2823),(#2824,#2825,#2826,
#2827,#2828)),.UNSPECIFIED.,.F.,.F.,.F.,(4,1,1,4),(4,1,4),(0.,0.285714285714286,
0.571428571428571,1.),(-0.21487615775514,-0.0920897818950592,1.69935623638676E-15),
 .UNSPECIFIED.);
#1604=B_SPLINE_SURFACE_WITH_KNOTS('',3,3,((#2915,#2916,#2917,#2918,#2919,
#2920,#2921),(#2922,#2923,#2924,#2925,#2926,#2927,#2928),(#2929,#2930,#2931,
#2932,#2933,#2934,#2935),(#2936,#2937,#2938,#2939,#2940,#2941,#2942),(#2943,
#2944,#2945,#2946,#2947,#2948,#2949)),.UNSPECIFIED.,.F.,.F.,.F.,(4,1,4),
(4,1,1,1,4),(0.,0.571428571428571,1.),(-1.5707963267949,-1.12199737628207,
-0.673198425769241,-0.224399475256413,6.41724405276986E-16),
 .UNSPECIFIED.);
#1605=B_SPLINE_SURFACE_WITH_KNOTS('',3,3,((#2953,#2954,#2955,#2956),(#2957,
#2958,#2959,#2960),(#2961,#2962,#2963,#2964),(#2965,#2966,#2967,#2968),
(#2969,#2970,#2971,#2972),(#2973,#2974,#2975,#2976)),.UNSPECIFIED.,.F.,
 .F.,.F.,(4,1,1,4),(4,4),(0.,0.285714285714286,0.571428571428571,1.),(0.,
0.0646871625346252),.UNSPECIFIED.);
#1606=B_SPLINE_SURFACE_WITH_KNOTS('',3,3,((#2985,#2986,#2987,#2988,#2989),
(#2990,#2991,#2992,#2993,#2994),(#2995,#2996,#2997,#2998,#2999),(#3000,
#3001,#3002,#3003,#3004),(#3005,#3006,#3007,#3008,#3009),(#3010,#3011,#3012,
#3013,#3014),(#3015,#3016,#3017,#3018,#3019)),.UNSPECIFIED.,.F.,.F.,.F.,
(4,1,1,1,4),(4,1,4),(0.,0.285714285714286,0.571428571428571,0.785714285714286,
1.),(0.,0.108992788870251,0.217985577740502),.UNSPECIFIED.);
#1607=B_SPLINE_SURFACE_WITH_KNOTS('',3,3,((#3033,#3034,#3035,#3036,#3037),
(#3038,#3039,#3040,#3041,#3042),(#3043,#3044,#3045,#3046,#3047),(#3048,
#3049,#3050,#3051,#3052),(#3053,#3054,#3055,#3056,#3057),(#3058,#3059,#3060,
#3061,#3062),(#3063,#3064,#3065,#3066,#3067)),.UNSPECIFIED.,.F.,.F.,.F.,
(4,1,1,1,4),(4,1,4),(0.,0.285714285714286,0.571428571428571,0.785714285714286,
1.),(0.,0.108992534929842,0.217985069859684),.UNSPECIFIED.);
#1608=B_SPLINE_SURFACE_WITH_KNOTS('',3,3,((#3081,#3082,#3083,#3084),(#3085,
#3086,#3087,#3088),(#3089,#3090,#3091,#3092),(#3093,#3094,#3095,#3096),
(#3097,#3098,#3099,#3100),(#3101,#3102,#3103,#3104)),.UNSPECIFIED.,.F.,
 .F.,.F.,(4,1,1,4),(4,4),(0.,0.285714285714286,0.571428571428571,1.),(0.,
0.0646872613005017),.UNSPECIFIED.);
#1609=B_SPLINE_SURFACE_WITH_KNOTS('',3,3,((#3116,#3117,#3118,#3119,#3120),
(#3121,#3122,#3123,#3124,#3125),(#3126,#3127,#3128,#3129,#3130),(#3131,
#3132,#3133,#3134,#3135),(#3136,#3137,#3138,#3139,#3140)),.UNSPECIFIED.,
 .F.,.F.,.F.,(4,1,4),(4,1,4),(0.,0.5,1.),(0.,0.220007735365467,0.385013536889568),
 .UNSPECIFIED.);
#1610=B_SPLINE_SURFACE_WITH_KNOTS('',3,3,((#3160,#3161,#3162,#3163,#3164),
(#3165,#3166,#3167,#3168,#3169),(#3170,#3171,#3172,#3173,#3174),(#3175,
#3176,#3177,#3178,#3179),(#3180,#3181,#3182,#3183,#3184)),.UNSPECIFIED.,
 .F.,.F.,.F.,(4,1,4),(4,1,4),(0.,0.5,1.),(0.,0.165002750452488,0.385006417722472),
 .UNSPECIFIED.);
#1611=B_SPLINE_SURFACE_WITH_KNOTS('',3,3,((#3192,#3193,#3194,#3195),(#3196,
#3197,#3198,#3199),(#3200,#3201,#3202,#3203),(#3204,#3205,#3206,#3207),
(#3208,#3209,#3210,#3211),(#3212,#3213,#3214,#3215)),.UNSPECIFIED.,.F.,
 .F.,.F.,(4,1,1,4),(4,4),(0.,0.285714285714286,0.571428571428571,1.),(0.,
0.113401157765687),.UNSPECIFIED.);
#1612=B_SPLINE_SURFACE_WITH_KNOTS('',3,3,((#3227,#3228,#3229,#3230),(#3231,
#3232,#3233,#3234),(#3235,#3236,#3237,#3238),(#3239,#3240,#3241,#3242),
(#3243,#3244,#3245,#3246),(#3247,#3248,#3249,#3250)),.UNSPECIFIED.,.F.,
 .F.,.F.,(4,1,1,4),(4,4),(0.,0.285714285714286,0.571428571428571,1.),(3.01860839180803E-13,
0.11340111490675),.UNSPECIFIED.);
#1613=B_SPLINE_SURFACE_WITH_KNOTS('',3,3,((#3257,#3258,#3259,#3260,#3261),
(#3262,#3263,#3264,#3265,#3266),(#3267,#3268,#3269,#3270,#3271),(#3272,
#3273,#3274,#3275,#3276),(#3277,#3278,#3279,#3280,#3281),(#3282,#3283,#3284,
#3285,#3286)),.UNSPECIFIED.,.F.,.F.,.F.,(4,1,1,4),(4,1,4),(0.,0.285714285714286,
0.571428571428571,1.),(-0.202672554323872,-0.101336277161935,9.10884136883128E-16),
 .UNSPECIFIED.);
#1614=B_SPLINE_SURFACE_WITH_KNOTS('',3,3,((#3294,#3295,#3296,#3297,#3298),
(#3299,#3300,#3301,#3302,#3303),(#3304,#3305,#3306,#3307,#3308),(#3309,
#3310,#3311,#3312,#3313),(#3314,#3315,#3316,#3317,#3318),(#3319,#3320,#3321,
#3322,#3323)),.UNSPECIFIED.,.F.,.F.,.F.,(4,1,1,4),(4,1,4),(0.,0.285714285714286,
0.571428571428571,1.),(1.75105206800995,1.84314184990501,1.96592822576509),
 .UNSPECIFIED.);
#1615=B_SPLINE_SURFACE_WITH_KNOTS('',3,3,((#3329,#3330,#3331,#3332,#3333),
(#3334,#3335,#3336,#3337,#3338),(#3339,#3340,#3341,#3342,#3343),(#3344,
#3345,#3346,#3347,#3348),(#3349,#3350,#3351,#3352,#3353),(#3354,#3355,#3356,
#3357,#3358)),.UNSPECIFIED.,.F.,.F.,.F.,(4,1,1,4),(4,1,4),(0.,0.285714285714286,
0.571428571428571,1.),(-2.14791932717399E-15,0.122786342077836,0.214876098636215),
 .UNSPECIFIED.);
#1616=B_SPLINE_SURFACE_WITH_KNOTS('',3,3,((#3372,#3373,#3374,#3375,#3376),
(#3377,#3378,#3379,#3380,#3381),(#3382,#3383,#3384,#3385,#3386),(#3387,
#3388,#3389,#3390,#3391),(#3392,#3393,#3394,#3395,#3396),(#3397,#3398,#3399,
#3400,#3401)),.UNSPECIFIED.,.F.,.F.,.F.,(4,1,1,4),(4,1,4),(0.,0.285714285714286,
0.571428571428571,1.),(2.35381705173357,2.45515332901224,2.5564896062909),
 .UNSPECIFIED.);
#1617=B_SPLINE_SURFACE_WITH_KNOTS('',3,3,((#3447,#3448,#3449,#3450,#3451,
#3452,#3453),(#3454,#3455,#3456,#3457,#3458,#3459,#3460),(#3461,#3462,#3463,
#3464,#3465,#3466,#3467),(#3468,#3469,#3470,#3471,#3472,#3473,#3474),(#3475,
#3476,#3477,#3478,#3479,#3480,#3481)),.UNSPECIFIED.,.F.,.F.,.F.,(4,1,4),
(4,1,1,1,4),(0.,0.571428571428571,1.),(-1.44725501424351E-15,0.448798950512827,
0.673198425769241,1.12199737628207,1.5707963267949),.UNSPECIFIED.);
#1618=B_SPLINE_SURFACE_WITH_KNOTS('',3,3,((#3507,#3508,#3509,#3510,#3511,
#3512,#3513),(#3514,#3515,#3516,#3517,#3518,#3519,#3520),(#3521,#3522,#3523,
#3524,#3525,#3526,#3527),(#3528,#3529,#3530,#3531,#3532,#3533,#3534),(#3535,
#3536,#3537,#3538,#3539,#3540,#3541)),.UNSPECIFIED.,.F.,.F.,.F.,(4,1,4),
(4,1,1,1,4),(0.,0.571428571428571,1.),(-3.13538937831645E-16,0.224399475256414,
0.448798950512827,0.897597901025655,1.5707963267949),.UNSPECIFIED.);
#1619=B_SPLINE_SURFACE_WITH_KNOTS('',3,3,((#3560,#3561,#3562,#3563,#3564,
#3565,#3566),(#3567,#3568,#3569,#3570,#3571,#3572,#3573),(#3574,#3575,#3576,
#3577,#3578,#3579,#3580),(#3581,#3582,#3583,#3584,#3585,#3586,#3587),(#3588,
#3589,#3590,#3591,#3592,#3593,#3594)),.UNSPECIFIED.,.F.,.F.,.F.,(4,1,4),
(4,1,1,1,4),(0.,0.571428571428571,1.),(-1.5707963267949,-0.897597901025655,
-0.448798950512827,-0.224399475256413,1.11022302462516E-15),
 .UNSPECIFIED.);
#1620=ADVANCED_FACE('',(#327),#1592,.F.);
#1621=ADVANCED_FACE('',(#328),#1593,.F.);
#1622=ADVANCED_FACE('',(#329),#291,.T.);
#1623=ADVANCED_FACE('',(#330),#1594,.F.);
#1624=ADVANCED_FACE('',(#331),#1595,.F.);
#1625=ADVANCED_FACE('',(#332),#1596,.F.);
#1626=ADVANCED_FACE('',(#333),#1597,.F.);
#1627=ADVANCED_FACE('',(#334),#1598,.F.);
#1628=ADVANCED_FACE('',(#335),#292,.T.);
#1629=ADVANCED_FACE('',(#336),#1599,.F.);
#1630=ADVANCED_FACE('',(#337),#1600,.F.);
#1631=ADVANCED_FACE('',(#338),#1601,.F.);
#1632=ADVANCED_FACE('',(#339),#1602,.F.);
#1633=ADVANCED_FACE('',(#340),#1603,.F.);
#1634=ADVANCED_FACE('',(#341),#293,.F.);
#1635=ADVANCED_FACE('',(#342),#40,.T.);
#1636=ADVANCED_FACE('',(#343),#294,.T.);
#1637=ADVANCED_FACE('',(#344),#32,.F.);
#1638=ADVANCED_FACE('',(#345),#33,.F.);
#1639=ADVANCED_FACE('',(#346),#295,.T.);
#1640=ADVANCED_FACE('',(#347),#1604,.F.);
#1641=ADVANCED_FACE('',(#348),#1605,.F.);
#1642=ADVANCED_FACE('',(#349),#1606,.F.);
#1643=ADVANCED_FACE('',(#350),#296,.T.);
#1644=ADVANCED_FACE('',(#351),#1607,.F.);
#1645=ADVANCED_FACE('',(#352),#1608,.F.);
#1646=ADVANCED_FACE('',(#353),#1609,.F.);
#1647=ADVANCED_FACE('',(#354),#297,.T.);
#1648=ADVANCED_FACE('',(#355),#1610,.F.);
#1649=ADVANCED_FACE('',(#356),#1611,.F.);
#1650=ADVANCED_FACE('',(#357),#1612,.F.);
#1651=ADVANCED_FACE('',(#358),#1613,.F.);
#1652=ADVANCED_FACE('',(#359),#1614,.F.);
#1653=ADVANCED_FACE('',(#360),#1615,.F.);
#1654=ADVANCED_FACE('',(#361),#1616,.F.);
#1655=ADVANCED_FACE('',(#362),#41,.T.);
#1656=ADVANCED_FACE('',(#363),#298,.F.);
#1657=ADVANCED_FACE('',(#364),#34,.F.);
#1658=ADVANCED_FACE('',(#365),#35,.F.);
#1659=ADVANCED_FACE('',(#366),#299,.T.);
#1660=ADVANCED_FACE('',(#367),#1617,.F.);
#1661=ADVANCED_FACE('',(#368),#300,.F.);
#1662=ADVANCED_FACE('',(#369),#36,.F.);
#1663=ADVANCED_FACE('',(#370),#301,.T.);
#1664=ADVANCED_FACE('',(#371),#1618,.F.);
#1665=ADVANCED_FACE('',(#372),#37,.F.);
#1666=ADVANCED_FACE('',(#373),#302,.F.);
#1667=ADVANCED_FACE('',(#374),#42,.T.);
#1668=ADVANCED_FACE('',(#375),#1619,.F.);
#1669=ADVANCED_FACE('',(#376),#303,.T.);
#1670=ADVANCED_FACE('',(#377),#38,.F.);
#1671=ADVANCED_FACE('',(#378),#39,.F.);
#1672=ADVANCED_FACE('',(#379),#304,.T.);
#1673=ADVANCED_FACE('',(#380),#305,.F.);
#1674=ADVANCED_FACE('',(#381),#306,.F.);
#1675=ADVANCED_FACE('',(#382,#15),#43,.F.);
#1676=ADVANCED_FACE('',(#383),#44,.T.);
#1677=ADVANCED_FACE('',(#384),#307,.T.);
#1678=ADVANCED_FACE('',(#385),#45,.T.);
#1679=ADVANCED_FACE('',(#386),#308,.T.);
#1680=ADVANCED_FACE('',(#387),#309,.T.);
#1681=ADVANCED_FACE('',(#388),#46,.F.);
#1682=ADVANCED_FACE('',(#389),#310,.T.);
#1683=ADVANCED_FACE('',(#390),#47,.F.);
#1684=ADVANCED_FACE('',(#391),#311,.T.);
#1685=ADVANCED_FACE('',(#392),#48,.F.);
#1686=ADVANCED_FACE('',(#393),#312,.T.);
#1687=ADVANCED_FACE('',(#394),#49,.T.);
#1688=ADVANCED_FACE('',(#395),#50,.F.);
#1689=ADVANCED_FACE('',(#396),#51,.F.);
#1690=ADVANCED_FACE('',(#397,#16),#52,.T.);
#1691=ADVANCED_FACE('',(#398),#53,.F.);
#1692=ADVANCED_FACE('',(#399),#54,.F.);
#1693=ADVANCED_FACE('',(#400,#17),#55,.T.);
#1694=ADVANCED_FACE('',(#401),#56,.F.);
#1695=ADVANCED_FACE('',(#402,#18),#57,.T.);
#1696=ADVANCED_FACE('',(#403,#19),#58,.T.);
#1697=ADVANCED_FACE('',(#404),#313,.T.);
#1698=ADVANCED_FACE('',(#405),#314,.T.);
#1699=ADVANCED_FACE('',(#406),#59,.T.);
#1700=ADVANCED_FACE('',(#407),#60,.T.);
#1701=ADVANCED_FACE('',(#408),#315,.T.);
#1702=ADVANCED_FACE('',(#409),#316,.T.);
#1703=ADVANCED_FACE('',(#410),#61,.T.);
#1704=ADVANCED_FACE('',(#411),#317,.F.);
#1705=ADVANCED_FACE('',(#412),#62,.F.);
#1706=ADVANCED_FACE('',(#413),#318,.F.);
#1707=ADVANCED_FACE('',(#414),#63,.F.);
#1708=ADVANCED_FACE('',(#415),#64,.F.);
#1709=ADVANCED_FACE('',(#416),#65,.F.);
#1710=ADVANCED_FACE('',(#417,#20,#21,#22,#23),#66,.T.);
#1711=ADVANCED_FACE('',(#418),#67,.F.);
#1712=ADVANCED_FACE('',(#419),#319,.F.);
#1713=ADVANCED_FACE('',(#420),#68,.F.);
#1714=ADVANCED_FACE('',(#421),#320,.F.);
#1715=ADVANCED_FACE('',(#422),#69,.F.);
#1716=ADVANCED_FACE('',(#423),#321,.F.);
#1717=ADVANCED_FACE('',(#424),#322,.F.);
#1718=ADVANCED_FACE('',(#425),#70,.T.);
#1719=ADVANCED_FACE('',(#426),#323,.F.);
#1720=ADVANCED_FACE('',(#427),#324,.F.);
#1721=ADVANCED_FACE('',(#428),#325,.F.);
#1722=ADVANCED_FACE('',(#429),#326,.F.);
#1723=CLOSED_SHELL('',(#1620,#1621,#1622,#1623,#1624,#1625,#1626,#1627,
#1628,#1629,#1630,#1631,#1632,#1633,#1634,#1635,#1636,#1637,#1638,#1639,
#1640,#1641,#1642,#1643,#1644,#1645,#1646,#1647,#1648,#1649,#1650,#1651,
#1652,#1653,#1654,#1655,#1656,#1657,#1658,#1659,#1660,#1661,#1662,#1663,
#1664,#1665,#1666,#1667,#1668,#1669,#1670,#1671,#1672,#1673,#1674,#1675,
#1676,#1677,#1678,#1679,#1680,#1681,#1682,#1683,#1684,#1685,#1686,#1687,
#1688,#1689,#1690,#1691,#1692,#1693,#1694,#1695,#1696,#1697,#1698,#1699,
#1700,#1701,#1702,#1703,#1704,#1705,#1706,#1707,#1708,#1709,#1710,#1711,
#1712,#1713,#1714,#1715,#1716,#1717,#1718,#1719,#1720,#1721,#1722));
#1724=DERIVED_UNIT_ELEMENT(#1726,1.);
#1725=DERIVED_UNIT_ELEMENT(#3883,-3.);
#1726=(
MASS_UNIT()
NAMED_UNIT(*)
SI_UNIT(.KILO.,.GRAM.)
);
#1727=DERIVED_UNIT((#1724,#1725));
#1728=MEASURE_REPRESENTATION_ITEM('density measure',
POSITIVE_RATIO_MEASURE(7850.),#1727);
#1729=PROPERTY_DEFINITION_REPRESENTATION(#1734,#1731);
#1730=PROPERTY_DEFINITION_REPRESENTATION(#1735,#1732);
#1731=REPRESENTATION('material name',(#1733),#3880);
#1732=REPRESENTATION('density',(#1728),#3880);
#1733=DESCRIPTIVE_REPRESENTATION_ITEM('Steel','Steel');
#1734=PROPERTY_DEFINITION('material property','material name',#3890);
#1735=PROPERTY_DEFINITION('material property','density of part',#3890);
#1736=AXIS2_PLACEMENT_3D('',#2338,#1900,#1901);
#1737=AXIS2_PLACEMENT_3D('',#2365,#1902,#1903);
#1738=AXIS2_PLACEMENT_3D('',#2372,#1904,#1905);
#1739=AXIS2_PLACEMENT_3D('',#2414,#1906,#1907);
#1740=AXIS2_PLACEMENT_3D('',#2425,#1908,#1909);
#1741=AXIS2_PLACEMENT_3D('',#2428,#1910,#1911);
#1742=AXIS2_PLACEMENT_3D('',#2457,#1914,#1915);
#1743=AXIS2_PLACEMENT_3D('',#2464,#1916,#1917);
#1744=AXIS2_PLACEMENT_3D('',#2546,#1918,#1919);
#1745=AXIS2_PLACEMENT_3D('',#2591,#1920,#1921);
#1746=AXIS2_PLACEMENT_3D('',#2631,#1922,#1923);
#1747=AXIS2_PLACEMENT_3D('',#2639,#1924,#1925);
#1748=AXIS2_PLACEMENT_3D('',#2645,#1926,#1927);
#1749=AXIS2_PLACEMENT_3D('',#2648,#1928,#1929);
#1750=AXIS2_PLACEMENT_3D('',#2683,#1932,#1933);
#1751=AXIS2_PLACEMENT_3D('',#2747,#1934,#1935);
#1752=AXIS2_PLACEMENT_3D('',#2788,#1936,#1937);
#1753=AXIS2_PLACEMENT_3D('',#2839,#1938,#1939);
#1754=AXIS2_PLACEMENT_3D('',#2877,#1942,#1943);
#1755=AXIS2_PLACEMENT_3D('',#2881,#1946,#1947);
#1756=AXIS2_PLACEMENT_3D('',#2883,#1948,#1949);
#1757=AXIS2_PLACEMENT_3D('',#2886,#1951,#1952);
#1758=AXIS2_PLACEMENT_3D('',#2897,#1953,#1954);
#1759=AXIS2_PLACEMENT_3D('',#2898,#1955,#1956);
#1760=AXIS2_PLACEMENT_3D('',#2909,#1957,#1958);
#1761=AXIS2_PLACEMENT_3D('',#2910,#1959,#1960);
#1762=AXIS2_PLACEMENT_3D('',#2911,#1961,#1962);
#1763=AXIS2_PLACEMENT_3D('',#2913,#1963,#1964);
#1764=AXIS2_PLACEMENT_3D('',#2951,#1966,#1967);
#1765=AXIS2_PLACEMENT_3D('',#2952,#1968,#1969);
#1766=AXIS2_PLACEMENT_3D('',#2978,#1970,#1971);
#1767=AXIS2_PLACEMENT_3D('',#2984,#1972,#1973);
#1768=AXIS2_PLACEMENT_3D('',#3026,#1974,#1975);
#1769=AXIS2_PLACEMENT_3D('',#3027,#1976,#1977);
#1770=AXIS2_PLACEMENT_3D('',#3030,#1978,#1979);
#1771=AXIS2_PLACEMENT_3D('',#3075,#1982,#1983);
#1772=AXIS2_PLACEMENT_3D('',#3111,#1984,#1985);
#1773=AXIS2_PLACEMENT_3D('',#3142,#1986,#1987);
#1774=AXIS2_PLACEMENT_3D('',#3150,#1988,#1989);
#1775=AXIS2_PLACEMENT_3D('',#3156,#1990,#1991);
#1776=AXIS2_PLACEMENT_3D('',#3158,#1992,#1993);
#1777=AXIS2_PLACEMENT_3D('',#3191,#1995,#1996);
#1778=AXIS2_PLACEMENT_3D('',#3222,#1997,#1998);
#1779=AXIS2_PLACEMENT_3D('',#3252,#1999,#2000);
#1780=AXIS2_PLACEMENT_3D('',#3288,#2001,#2002);
#1781=AXIS2_PLACEMENT_3D('',#3361,#2003,#2004);
#1782=AXIS2_PLACEMENT_3D('',#3414,#2005,#2006);
#1783=AXIS2_PLACEMENT_3D('',#3416,#2008,#2009);
#1784=AXIS2_PLACEMENT_3D('',#3427,#2010,#2011);
#1785=AXIS2_PLACEMENT_3D('',#3429,#2012,#2013);
#1786=AXIS2_PLACEMENT_3D('',#3430,#2014,#2015);
#1787=AXIS2_PLACEMENT_3D('',#3441,#2016,#2017);
#1788=AXIS2_PLACEMENT_3D('',#3442,#2018,#2019);
#1789=AXIS2_PLACEMENT_3D('',#3443,#2020,#2021);
#1790=AXIS2_PLACEMENT_3D('',#3445,#2022,#2023);
#1791=AXIS2_PLACEMENT_3D('',#3483,#2025,#2026);
#1792=AXIS2_PLACEMENT_3D('',#3484,#2027,#2028);
#1793=AXIS2_PLACEMENT_3D('',#3485,#2029,#2030);
#1794=AXIS2_PLACEMENT_3D('',#3487,#2031,#2032);
#1795=AXIS2_PLACEMENT_3D('',#3499,#2034,#2035);
#1796=AXIS2_PLACEMENT_3D('',#3501,#2036,#2037);
#1797=AXIS2_PLACEMENT_3D('',#3502,#2038,#2039);
#1798=AXIS2_PLACEMENT_3D('',#3503,#2040,#2041);
#1799=AXIS2_PLACEMENT_3D('',#3506,#2043,#2044);
#1800=AXIS2_PLACEMENT_3D('',#3543,#2045,#2046);
#1801=AXIS2_PLACEMENT_3D('',#3544,#2047,#2048);
#1802=AXIS2_PLACEMENT_3D('',#3554,#2049,#2050);
#1803=AXIS2_PLACEMENT_3D('',#3555,#2051,#2052);
#1804=AXIS2_PLACEMENT_3D('',#3558,#2055,#2056);
#1805=AXIS2_PLACEMENT_3D('',#3596,#2058,#2059);
#1806=AXIS2_PLACEMENT_3D('',#3597,#2060,#2061);
#1807=AXIS2_PLACEMENT_3D('',#3598,#2062,#2063);
#1808=AXIS2_PLACEMENT_3D('',#3600,#2064,#2065);
#1809=AXIS2_PLACEMENT_3D('',#3612,#2067,#2068);
#1810=AXIS2_PLACEMENT_3D('',#3613,#2069,#2070);
#1811=AXIS2_PLACEMENT_3D('',#3624,#2071,#2072);
#1812=AXIS2_PLACEMENT_3D('',#3625,#2073,#2074);
#1813=AXIS2_PLACEMENT_3D('',#3626,#2075,#2076);
#1814=AXIS2_PLACEMENT_3D('',#3628,#2078,#2079);
#1815=AXIS2_PLACEMENT_3D('',#3630,#2081,#2082);
#1816=AXIS2_PLACEMENT_3D('',#3633,#2085,#2086);
#1817=AXIS2_PLACEMENT_3D('',#3658,#2099,#2100);
#1818=AXIS2_PLACEMENT_3D('',#3660,#2102,#2103);
#1819=AXIS2_PLACEMENT_3D('',#3662,#2105,#2106);
#1820=AXIS2_PLACEMENT_3D('',#3664,#2108,#2109);
#1821=AXIS2_PLACEMENT_3D('',#3665,#2110,#2111);
#1822=AXIS2_PLACEMENT_3D('',#3667,#2112,#2113);
#1823=AXIS2_PLACEMENT_3D('',#3669,#2114,#2115);
#1824=AXIS2_PLACEMENT_3D('',#3671,#2117,#2118);
#1825=AXIS2_PLACEMENT_3D('',#3675,#2121,#2122);
#1826=AXIS2_PLACEMENT_3D('',#3677,#2123,#2124);
#1827=AXIS2_PLACEMENT_3D('',#3679,#2125,#2126);
#1828=AXIS2_PLACEMENT_3D('',#3681,#2128,#2129);
#1829=AXIS2_PLACEMENT_3D('',#3685,#2132,#2133);
#1830=AXIS2_PLACEMENT_3D('',#3687,#2134,#2135);
#1831=AXIS2_PLACEMENT_3D('',#3689,#2136,#2137);
#1832=AXIS2_PLACEMENT_3D('',#3691,#2139,#2140);
#1833=AXIS2_PLACEMENT_3D('',#3695,#2143,#2144);
#1834=AXIS2_PLACEMENT_3D('',#3697,#2145,#2146);
#1835=AXIS2_PLACEMENT_3D('',#3699,#2147,#2148);
#1836=AXIS2_PLACEMENT_3D('',#3701,#2150,#2151);
#1837=AXIS2_PLACEMENT_3D('',#3711,#2156,#2157);
#1838=AXIS2_PLACEMENT_3D('',#3715,#2159,#2160);
#1839=AXIS2_PLACEMENT_3D('',#3723,#2165,#2166);
#1840=AXIS2_PLACEMENT_3D('',#3725,#2168,#2169);
#1841=AXIS2_PLACEMENT_3D('',#3727,#2171,#2172);
#1842=AXIS2_PLACEMENT_3D('',#3731,#2174,#2175);
#1843=AXIS2_PLACEMENT_3D('',#3734,#2177,#2178);
#1844=AXIS2_PLACEMENT_3D('',#3735,#2179,#2180);
#1845=AXIS2_PLACEMENT_3D('',#3739,#2183,#2184);
#1846=AXIS2_PLACEMENT_3D('',#3741,#2186,#2187);
#1847=AXIS2_PLACEMENT_3D('',#3745,#2189,#2190);
#1848=AXIS2_PLACEMENT_3D('',#3748,#2192,#2193);
#1849=AXIS2_PLACEMENT_3D('',#3749,#2194,#2195);
#1850=AXIS2_PLACEMENT_3D('',#3751,#2197,#2198);
#1851=AXIS2_PLACEMENT_3D('',#3753,#2199,#2200);
#1852=AXIS2_PLACEMENT_3D('',#3756,#2202,#2203);
#1853=AXIS2_PLACEMENT_3D('',#3757,#2204,#2205);
#1854=AXIS2_PLACEMENT_3D('',#3760,#2207,#2208);
#1855=AXIS2_PLACEMENT_3D('',#3762,#2209,#2210);
#1856=AXIS2_PLACEMENT_3D('',#3763,#2211,#2212);
#1857=AXIS2_PLACEMENT_3D('',#3767,#2214,#2215);
#1858=AXIS2_PLACEMENT_3D('',#3769,#2217,#2218);
#1859=AXIS2_PLACEMENT_3D('',#3773,#2220,#2221);
#1860=AXIS2_PLACEMENT_3D('',#3775,#2223,#2224);
#1861=AXIS2_PLACEMENT_3D('',#3777,#2226,#2227);
#1862=AXIS2_PLACEMENT_3D('',#3781,#2230,#2231);
#1863=AXIS2_PLACEMENT_3D('',#3782,#2232,#2233);
#1864=AXIS2_PLACEMENT_3D('',#3783,#2234,#2235);
#1865=AXIS2_PLACEMENT_3D('',#3786,#2237,#2238);
#1866=AXIS2_PLACEMENT_3D('',#3787,#2239,#2240);
#1867=AXIS2_PLACEMENT_3D('',#3789,#2242,#2243);
#1868=AXIS2_PLACEMENT_3D('',#3792,#2244,#2245);
#1869=AXIS2_PLACEMENT_3D('',#3795,#2248,#2249);
#1870=AXIS2_PLACEMENT_3D('',#3799,#2252,#2253);
#1871=AXIS2_PLACEMENT_3D('',#3802,#2254,#2255);
#1872=AXIS2_PLACEMENT_3D('',#3805,#2258,#2259);
#1873=AXIS2_PLACEMENT_3D('',#3807,#2261,#2262);
#1874=AXIS2_PLACEMENT_3D('',#3811,#2265,#2266);
#1875=AXIS2_PLACEMENT_3D('',#3821,#2272,#2273);
#1876=AXIS2_PLACEMENT_3D('',#3823,#2274,#2275);
#1877=AXIS2_PLACEMENT_3D('',#3827,#2277,#2278);
#1878=AXIS2_PLACEMENT_3D('',#3831,#2280,#2281);
#1879=AXIS2_PLACEMENT_3D('',#3834,#2283,#2284);
#1880=AXIS2_PLACEMENT_3D('',#3836,#2285,#2286);
#1881=AXIS2_PLACEMENT_3D('',#3838,#2287,#2288);
#1882=AXIS2_PLACEMENT_3D('',#3840,#2289,#2290);
#1883=AXIS2_PLACEMENT_3D('',#3842,#2291,#2292);
#1884=AXIS2_PLACEMENT_3D('',#3843,#2293,#2294);
#1885=AXIS2_PLACEMENT_3D('',#3849,#2298,#2299);
#1886=AXIS2_PLACEMENT_3D('',#3852,#2301,#2302);
#1887=AXIS2_PLACEMENT_3D('',#3853,#2303,#2304);
#1888=AXIS2_PLACEMENT_3D('',#3857,#2307,#2308);
#1889=AXIS2_PLACEMENT_3D('',#3860,#2310,#2311);
#1890=AXIS2_PLACEMENT_3D('',#3861,#2312,#2313);
#1891=AXIS2_PLACEMENT_3D('',#3865,#2316,#2317);
#1892=AXIS2_PLACEMENT_3D('',#3866,#2318,#2319);
#1893=AXIS2_PLACEMENT_3D('',#3867,#2320,#2321);
#1894=AXIS2_PLACEMENT_3D('',#3868,#2322,#2323);
#1895=AXIS2_PLACEMENT_3D('',#3869,#2324,#2325);
#1896=AXIS2_PLACEMENT_3D('',#3870,#2326,#2327);
#1897=AXIS2_PLACEMENT_3D('',#3872,#2329,#2330);
#1898=AXIS2_PLACEMENT_3D('',#3874,#2332,#2333);
#1899=AXIS2_PLACEMENT_3D('',#3876,#2335,#2336);
#1900=DIRECTION('axis',(0.,0.,1.));
#1901=DIRECTION('refdir',(1.,0.,0.));
#1902=DIRECTION('center_axis',(0.804366409111584,-0.309515699334117,0.507143679600414));
#1903=DIRECTION('ref_axis',(-0.533333370688129,0.,0.845905145811538));
#1904=DIRECTION('center_axis',(-0.73307601745041,0.180736551511118,-0.655693412798173));
#1905=DIRECTION('ref_axis',(0.102970752807825,-0.923442832259486,-0.369662494195405));
#1906=DIRECTION('center_axis',(1.,0.,0.));
#1907=DIRECTION('ref_axis',(0.,0.,1.));
#1908=DIRECTION('center_axis',(-1.,-3.92523182352819E-16,0.));
#1909=DIRECTION('ref_axis',(0.,-0.942809055631012,0.333333293596904));
#1910=DIRECTION('center_axis',(1.,-9.15887425489927E-16,7.40148683083436E-16));
#1911=DIRECTION('ref_axis',(-7.40148683083436E-16,0.,1.));
#1912=DIRECTION('',(1.,0.,3.1720657846433E-16));
#1913=DIRECTION('',(-1.,-3.92523182352819E-16,0.));
#1914=DIRECTION('center_axis',(0.733075935866119,0.180736407336252,-0.655693543751346));
#1915=DIRECTION('ref_axis',(0.666672594063615,0.,0.745350690832504));
#1916=DIRECTION('center_axis',(-0.804366455503862,-0.309515721192515,0.507143592678475));
#1917=DIRECTION('ref_axis',(5.22248910783673E-12,-0.853585263695599,-0.520953162579627));
#1918=DIRECTION('center_axis',(0.265906466594132,-0.0754533078838257,-0.961041387949974));
#1919=DIRECTION('ref_axis',(0.963788826038629,0.,0.266666643589109));
#1920=DIRECTION('center_axis',(-0.265906585145528,0.0754533250847178,-0.961041353798006));
#1921=DIRECTION('ref_axis',(0.963788793047056,1.48029736616687E-15,-0.2666667628275));
#1922=DIRECTION('center_axis',(-1.,0.,0.));
#1923=DIRECTION('ref_axis',(0.,0.,-1.));
#1924=DIRECTION('center_axis',(0.528664292998784,-0.181559921953908,0.829186384384227));
#1925=DIRECTION('ref_axis',(1.67125572640404E-12,-0.976856859734123,-0.213894075631814));
#1926=DIRECTION('center_axis',(1.,0.,0.));
#1927=DIRECTION('ref_axis',(0.,-0.458831505345289,-0.88852329721993));
#1928=DIRECTION('center_axis',(-1.,0.,0.));
#1929=DIRECTION('ref_axis',(0.,0.,-1.));
#1930=DIRECTION('',(-1.,0.,0.));
#1931=DIRECTION('',(1.,0.,0.));
#1932=DIRECTION('center_axis',(-0.528664208446685,-0.181559872278277,0.829186449169145));
#1933=DIRECTION('ref_axis',(-0.843200532751135,0.,-0.537599164404301));
#1934=DIRECTION('center_axis',(-0.265906586019905,-0.0754532818179444,0.96104135695304));
#1935=DIRECTION('ref_axis',(-0.963788793046689,0.,-0.266666762828827));
#1936=DIRECTION('center_axis',(0.265906467496486,0.0754532646040265,0.961041391098289));
#1937=DIRECTION('ref_axis',(-0.963788826030572,0.,0.26666664361823));
#1938=DIRECTION('center_axis',(0.,1.,0.));
#1939=DIRECTION('ref_axis',(0.,0.,1.));
#1940=DIRECTION('',(0.,1.,0.));
#1941=DIRECTION('',(0.,1.,0.));
#1942=DIRECTION('center_axis',(0.,0.,-1.));
#1943=DIRECTION('ref_axis',(-1.,0.,0.));
#1944=DIRECTION('',(0.,-1.,0.));
#1945=DIRECTION('',(-1.,0.,0.));
#1946=DIRECTION('center_axis',(1.,0.,3.1720657846433E-16));
#1947=DIRECTION('ref_axis',(2.61682076447296E-16,-0.707106781186548,-0.707106781186547));
#1948=DIRECTION('center_axis',(-1.,0.,-3.70074341541719E-16));
#1949=DIRECTION('ref_axis',(3.70074341541719E-16,0.,-1.));
#1950=DIRECTION('',(1.,0.,3.1720657846433E-16));
#1951=DIRECTION('center_axis',(1.,0.,-3.70074341541719E-16));
#1952=DIRECTION('ref_axis',(0.,-1.,0.));
#1953=DIRECTION('center_axis',(-0.963324852536298,3.56501810493144E-16,
0.268337899831388));
#1954=DIRECTION('ref_axis',(-0.268337899831388,0.,-0.963324852536298));
#1955=DIRECTION('center_axis',(0.,-1.,0.));
#1956=DIRECTION('ref_axis',(2.77555756156289E-16,0.,-1.));
#1957=DIRECTION('center_axis',(0.,0.,1.));
#1958=DIRECTION('ref_axis',(-1.,0.,0.));
#1959=DIRECTION('center_axis',(0.,-1.,0.));
#1960=DIRECTION('ref_axis',(-0.707106781186548,0.,-0.707106781186547));
#1961=DIRECTION('center_axis',(0.,0.,-1.));
#1962=DIRECTION('ref_axis',(-0.707106781186548,-0.707106781186548,0.));
#1963=DIRECTION('center_axis',(-1.48029736616688E-15,-2.96059473233375E-15,
1.));
#1964=DIRECTION('ref_axis',(-1.,1.8503717077086E-16,-1.48029736616688E-15));
#1965=DIRECTION('',(0.,0.,-1.));
#1966=DIRECTION('center_axis',(0.496138938356834,-0.868243142124459,0.));
#1967=DIRECTION('ref_axis',(0.868243142124459,0.496138938356834,0.));
#1968=DIRECTION('center_axis',(-0.868243142124459,0.496138938356834,4.81971763679734E-16));
#1969=DIRECTION('ref_axis',(0.496138938356834,0.868243142124459,0.));
#1970=DIRECTION('center_axis',(-0.733076017450413,-0.18073655151111,-0.655693412798171));
#1971=DIRECTION('ref_axis',(-0.666672478876288,0.,0.745350793860814));
#1972=DIRECTION('center_axis',(0.804366409111583,0.30951569933412,0.507143679600415));
#1973=DIRECTION('ref_axis',(-5.22544970256905E-12,0.853585319760234,-0.520953070717334));
#1974=DIRECTION('center_axis',(1.,0.,0.));
#1975=DIRECTION('ref_axis',(0.,0.628539295492943,-0.777777830759681));
#1976=DIRECTION('center_axis',(1.,-3.92523182352819E-16,0.));
#1977=DIRECTION('ref_axis',(0.,0.942809055631012,0.333333293596904));
#1978=DIRECTION('center_axis',(1.,9.15887425489927E-16,7.40148683083436E-16));
#1979=DIRECTION('ref_axis',(0.,0.628539295492933,-0.777777830759689));
#1980=DIRECTION('',(1.,-3.92523182352819E-16,0.));
#1981=DIRECTION('',(-1.,0.,-3.1720657846433E-16));
#1982=DIRECTION('center_axis',(0.804366455505465,-0.309515721190342,-0.507143592677259));
#1983=DIRECTION('ref_axis',(2.17603712826531E-12,0.853585263694521,-0.520953162581392));
#1984=DIRECTION('center_axis',(0.733075935866119,-0.180736407336261,-0.655693543751344));
#1985=DIRECTION('ref_axis',(-0.10297089849877,0.923442863344316,-0.369662375960561));
#1986=DIRECTION('center_axis',(-1.,1.05108043673989E-15,1.48029736616688E-15));
#1987=DIRECTION('ref_axis',(0.,0.815364963995565,-0.578947299405145));
#1988=DIRECTION('center_axis',(0.52866429303563,0.181559922017554,0.829186384346799));
#1989=DIRECTION('ref_axis',(0.843200474707446,0.,-0.537599255443251));
#1990=DIRECTION('center_axis',(-1.,0.,0.));
#1991=DIRECTION('ref_axis',(0.,0.458831505345289,-0.88852329721993));
#1992=DIRECTION('center_axis',(-1.,0.,0.));
#1993=DIRECTION('ref_axis',(0.,0.815364963995562,-0.578947299405149));
#1994=DIRECTION('',(1.,0.,0.));
#1995=DIRECTION('center_axis',(-0.528664208409837,0.181559872214618,0.829186449206577));
#1996=DIRECTION('ref_axis',(-1.68901929479807E-12,0.97685687547151,-0.213894003758961));
#1997=DIRECTION('center_axis',(0.265906585146842,0.0754533250851024,0.961041353797612));
#1998=DIRECTION('ref_axis',(0.96378879304669,0.,-0.266666762828826));
#1999=DIRECTION('center_axis',(-0.265906586019899,0.0754532818179244,0.961041356953043));
#2000=DIRECTION('ref_axis',(0.272981268043127,0.962019348712679,1.77635683940025E-14));
#2001=DIRECTION('center_axis',(0.265906467496475,-0.0754532646040186,0.961041391098293));
#2002=DIRECTION('ref_axis',(0.272981323018172,0.962019333113035,-7.46069872548105E-13));
#2003=DIRECTION('center_axis',(0.265906466594126,0.0754533078838182,-0.961041387949976));
#2004=DIRECTION('ref_axis',(-0.272981468775509,0.962019291753116,3.17375755306178E-12));
#2005=DIRECTION('center_axis',(0.,0.,1.));
#2006=DIRECTION('ref_axis',(1.,0.,0.));
#2007=DIRECTION('',(0.,1.,0.));
#2008=DIRECTION('center_axis',(0.,1.,0.));
#2009=DIRECTION('ref_axis',(0.,0.,-1.));
#2010=DIRECTION('center_axis',(0.963324972864069,4.07173918907151E-17,0.268337467857996));
#2011=DIRECTION('ref_axis',(0.268337467857996,0.,-0.963324972864069));
#2012=DIRECTION('center_axis',(0.,1.,0.));
#2013=DIRECTION('ref_axis',(-2.7755575615629E-16,0.,-1.));
#2014=DIRECTION('center_axis',(1.,0.,-3.70074341541719E-16));
#2015=DIRECTION('ref_axis',(-3.70074341541719E-16,0.,-1.));
#2016=DIRECTION('center_axis',(1.48029736616688E-15,0.,-1.));
#2017=DIRECTION('ref_axis',(0.,1.,0.));
#2018=DIRECTION('center_axis',(0.,1.,0.));
#2019=DIRECTION('ref_axis',(0.707106781186548,0.,-0.707106781186547));
#2020=DIRECTION('center_axis',(-7.40148683083438E-16,0.,-1.));
#2021=DIRECTION('ref_axis',(0.707106781186548,0.707106781186548,-2.09345661157837E-15));
#2022=DIRECTION('center_axis',(2.96059473233375E-15,0.,-1.));
#2023=DIRECTION('ref_axis',(0.,1.,0.));
#2024=DIRECTION('',(-7.40148683083438E-16,0.,-1.));
#2025=DIRECTION('center_axis',(-0.496138938356834,0.868243142124459,0.));
#2026=DIRECTION('ref_axis',(-0.868243142124459,-0.496138938356834,0.));
#2027=DIRECTION('center_axis',(0.868243142124459,-0.496138938356834,0.));
#2028=DIRECTION('ref_axis',(-0.496138938356834,-0.868243142124459,0.));
#2029=DIRECTION('center_axis',(-1.,0.,0.));
#2030=DIRECTION('ref_axis',(0.,-0.707106781186547,0.707106781186548));
#2031=DIRECTION('center_axis',(0.496138938356834,0.868243142124459,0.));
#2032=DIRECTION('ref_axis',(0.868243142124459,-0.496138938356834,0.));
#2033=DIRECTION('',(1.,0.,0.));
#2034=DIRECTION('center_axis',(0.963324972864069,-4.07173918907151E-17,
0.268337467857996));
#2035=DIRECTION('ref_axis',(3.70074341541719E-16,-1.,-1.48029736616688E-15));
#2036=DIRECTION('center_axis',(0.,-1.,0.));
#2037=DIRECTION('ref_axis',(0.707106781186548,0.,-0.707106781186547));
#2038=DIRECTION('center_axis',(1.48029736616688E-15,0.,-1.));
#2039=DIRECTION('ref_axis',(1.,0.,1.48029736616688E-15));
#2040=DIRECTION('center_axis',(7.40148683083438E-16,0.,1.));
#2041=DIRECTION('ref_axis',(0.707106781186548,-0.707106781186548,-2.09345661157837E-15));
#2042=DIRECTION('',(7.40148683083438E-16,0.,1.));
#2043=DIRECTION('center_axis',(-1.48029736616687E-15,4.44089209850063E-15,
-1.));
#2044=DIRECTION('ref_axis',(1.,0.,-1.48029736616687E-15));
#2045=DIRECTION('center_axis',(0.868243142124459,0.496138938356834,0.));
#2046=DIRECTION('ref_axis',(-0.496138938356834,0.868243142124459,0.));
#2047=DIRECTION('center_axis',(-0.496138938356834,-0.868243142124459,0.));
#2048=DIRECTION('ref_axis',(-0.868243142124459,0.496138938356834,0.));
#2049=DIRECTION('center_axis',(0.,-1.,0.));
#2050=DIRECTION('ref_axis',(-2.7755575615629E-16,0.,-1.));
#2051=DIRECTION('center_axis',(0.,1.,0.));
#2052=DIRECTION('ref_axis',(-0.707106781186547,0.,0.707106781186548));
#2053=DIRECTION('',(0.,1.,0.));
#2054=DIRECTION('',(0.,-1.,0.));
#2055=DIRECTION('center_axis',(1.,0.,-7.40148683083438E-16));
#2056=DIRECTION('ref_axis',(-7.40148683083438E-16,0.,-1.));
#2057=DIRECTION('',(0.,-1.,0.));
#2058=DIRECTION('center_axis',(2.96059473233375E-15,-1.48029736616687E-15,
1.));
#2059=DIRECTION('ref_axis',(-7.40148683083437E-16,1.,1.48029736616687E-15));
#2060=DIRECTION('center_axis',(-0.868243142124459,-0.496138938356834,0.));
#2061=DIRECTION('ref_axis',(0.496138938356834,-0.868243142124459,0.));
#2062=DIRECTION('center_axis',(0.,0.,1.));
#2063=DIRECTION('ref_axis',(-0.707106781186548,0.707106781186548,0.));
#2064=DIRECTION('center_axis',(0.,0.,1.));
#2065=DIRECTION('ref_axis',(0.,1.,0.));
#2066=DIRECTION('',(0.,0.,1.));
#2067=DIRECTION('center_axis',(-0.963324852536298,-3.56501810493144E-16,
0.268337899831388));
#2068=DIRECTION('ref_axis',(-3.70074341541719E-16,1.,0.));
#2069=DIRECTION('center_axis',(0.,1.,0.));
#2070=DIRECTION('ref_axis',(-0.707106781186548,0.,-0.707106781186547));
#2071=DIRECTION('center_axis',(-1.,0.,-3.70074341541719E-16));
#2072=DIRECTION('ref_axis',(0.,1.,0.));
#2073=DIRECTION('center_axis',(0.,1.,0.));
#2074=DIRECTION('ref_axis',(2.77555756156289E-16,0.,-1.));
#2075=DIRECTION('center_axis',(-1.,0.,-3.1720657846433E-16));
#2076=DIRECTION('ref_axis',(2.61682076447296E-16,0.707106781186548,-0.707106781186547));
#2077=DIRECTION('',(-1.,0.,-3.1720657846433E-16));
#2078=DIRECTION('center_axis',(1.,0.,0.));
#2079=DIRECTION('ref_axis',(0.,0.707106781186547,0.707106781186548));
#2080=DIRECTION('',(-1.,0.,0.));
#2081=DIRECTION('center_axis',(0.,-1.,0.));
#2082=DIRECTION('ref_axis',(0.707106781186548,0.,0.707106781186547));
#2083=DIRECTION('',(0.,1.,0.));
#2084=DIRECTION('',(0.,-1.,0.));
#2085=DIRECTION('center_axis',(0.,0.,1.));
#2086=DIRECTION('ref_axis',(1.,0.,0.));
#2087=DIRECTION('',(0.,-1.,0.));
#2088=DIRECTION('',(1.,0.,0.));
#2089=DIRECTION('',(0.,1.,0.));
#2090=DIRECTION('',(-1.,-4.15036644719685E-17,0.));
#2091=DIRECTION('',(0.,-1.,0.));
#2092=DIRECTION('',(1.,0.,0.));
#2093=DIRECTION('',(0.,1.,0.));
#2094=DIRECTION('',(-1.,0.,0.));
#2095=DIRECTION('',(0.,-1.,0.));
#2096=DIRECTION('',(1.,0.,0.));
#2097=DIRECTION('',(0.,1.,0.));
#2098=DIRECTION('',(-1.,0.,0.));
#2099=DIRECTION('center_axis',(-1.,0.,0.));
#2100=DIRECTION('ref_axis',(0.,0.,1.));
#2101=DIRECTION('',(0.,1.,0.));
#2102=DIRECTION('center_axis',(0.,1.,0.));
#2103=DIRECTION('ref_axis',(2.77555756156289E-16,0.,-1.));
#2104=DIRECTION('',(0.,1.,0.));
#2105=DIRECTION('center_axis',(3.1720657846433E-16,0.,-1.));
#2106=DIRECTION('ref_axis',(-1.,0.,-3.1720657846433E-16));
#2107=DIRECTION('',(0.,1.,0.));
#2108=DIRECTION('center_axis',(0.,1.,0.));
#2109=DIRECTION('ref_axis',(1.,0.,1.11022302462516E-15));
#2110=DIRECTION('center_axis',(0.,1.,0.));
#2111=DIRECTION('ref_axis',(-0.707106781186548,0.,-0.707106781186547));
#2112=DIRECTION('center_axis',(0.,-1.,0.));
#2113=DIRECTION('ref_axis',(-0.707106781186548,0.,-0.707106781186547));
#2114=DIRECTION('center_axis',(0.,1.,0.));
#2115=DIRECTION('ref_axis',(-0.707106781186548,0.,-0.707106781186547));
#2116=DIRECTION('',(0.,1.,0.));
#2117=DIRECTION('center_axis',(0.,1.,0.));
#2118=DIRECTION('ref_axis',(-1.,0.,0.));
#2119=DIRECTION('',(0.,0.,1.));
#2120=DIRECTION('',(-1.,0.,0.));
#2121=DIRECTION('center_axis',(1.,4.15036644719685E-17,0.));
#2122=DIRECTION('ref_axis',(0.,0.707106781186548,-0.707106781186548));
#2123=DIRECTION('center_axis',(-1.,0.,0.));
#2124=DIRECTION('ref_axis',(0.,0.707106781186548,-0.707106781186548));
#2125=DIRECTION('center_axis',(1.,0.,0.));
#2126=DIRECTION('ref_axis',(0.,0.707106781186548,-0.707106781186548));
#2127=DIRECTION('',(1.,4.15036644719685E-17,0.));
#2128=DIRECTION('center_axis',(1.,0.,0.));
#2129=DIRECTION('ref_axis',(0.,1.,0.));
#2130=DIRECTION('',(0.,0.,1.));
#2131=DIRECTION('',(0.,1.,0.));
#2132=DIRECTION('center_axis',(0.,-1.,0.));
#2133=DIRECTION('ref_axis',(0.707106781186548,0.,-0.707106781186547));
#2134=DIRECTION('center_axis',(0.,1.,0.));
#2135=DIRECTION('ref_axis',(0.707106781186548,0.,-0.707106781186547));
#2136=DIRECTION('center_axis',(0.,-1.,0.));
#2137=DIRECTION('ref_axis',(0.707106781186548,0.,-0.707106781186547));
#2138=DIRECTION('',(0.,-1.,0.));
#2139=DIRECTION('center_axis',(0.,1.,0.));
#2140=DIRECTION('ref_axis',(-1.,0.,0.));
#2141=DIRECTION('',(-1.,0.,0.));
#2142=DIRECTION('',(0.,0.,1.));
#2143=DIRECTION('center_axis',(-1.,0.,0.));
#2144=DIRECTION('ref_axis',(0.,-0.707106781186548,-0.707106781186548));
#2145=DIRECTION('center_axis',(1.,0.,0.));
#2146=DIRECTION('ref_axis',(0.,-0.707106781186548,-0.707106781186548));
#2147=DIRECTION('center_axis',(-1.,0.,0.));
#2148=DIRECTION('ref_axis',(0.,-0.707106781186548,-0.707106781186548));
#2149=DIRECTION('',(-1.,0.,0.));
#2150=DIRECTION('center_axis',(0.,-1.,0.));
#2151=DIRECTION('ref_axis',(-1.,0.,0.));
#2152=DIRECTION('',(1.,0.,0.));
#2153=DIRECTION('',(0.,0.,-1.));
#2154=DIRECTION('',(-1.,0.,0.));
#2155=DIRECTION('',(0.,0.,-1.));
#2156=DIRECTION('center_axis',(0.,-1.,0.));
#2157=DIRECTION('ref_axis',(0.707106781186547,0.,-0.707106781186547));
#2158=DIRECTION('',(-1.,0.,0.));
#2159=DIRECTION('center_axis',(0.,-1.,0.));
#2160=DIRECTION('ref_axis',(-0.707106781186547,0.,-0.707106781186547));
#2161=DIRECTION('',(0.,0.,1.));
#2162=DIRECTION('',(-1.,0.,0.));
#2163=DIRECTION('',(0.,0.,-1.));
#2164=DIRECTION('',(1.,0.,0.));
#2165=DIRECTION('center_axis',(-1.,0.,0.));
#2166=DIRECTION('ref_axis',(0.,-1.,0.));
#2167=DIRECTION('',(0.,-1.,0.));
#2168=DIRECTION('center_axis',(0.,-1.,0.));
#2169=DIRECTION('ref_axis',(1.,0.,0.));
#2170=DIRECTION('',(1.,0.,0.));
#2171=DIRECTION('center_axis',(0.,0.,-1.));
#2172=DIRECTION('ref_axis',(1.,0.,0.));
#2173=DIRECTION('',(0.,-1.,0.));
#2174=DIRECTION('center_axis',(0.,0.,1.));
#2175=DIRECTION('ref_axis',(0.,1.,0.));
#2176=DIRECTION('',(-1.,-4.15036644719685E-17,0.));
#2177=DIRECTION('center_axis',(0.,0.,-1.));
#2178=DIRECTION('ref_axis',(1.,0.,0.));
#2179=DIRECTION('center_axis',(0.,-1.,0.));
#2180=DIRECTION('ref_axis',(1.,0.,0.));
#2181=DIRECTION('',(0.,0.,1.));
#2182=DIRECTION('',(1.,0.,0.));
#2183=DIRECTION('center_axis',(-1.,0.,0.));
#2184=DIRECTION('ref_axis',(0.,-1.,0.));
#2185=DIRECTION('',(0.,-1.,0.));
#2186=DIRECTION('center_axis',(0.,0.,-1.));
#2187=DIRECTION('ref_axis',(1.,0.,0.));
#2188=DIRECTION('',(-1.,-4.15036644719685E-17,0.));
#2189=DIRECTION('center_axis',(0.,0.,1.));
#2190=DIRECTION('ref_axis',(1.,7.40148683083436E-16,0.));
#2191=DIRECTION('',(0.,1.,0.));
#2192=DIRECTION('center_axis',(0.,0.,-1.));
#2193=DIRECTION('ref_axis',(1.,0.,0.));
#2194=DIRECTION('center_axis',(1.,0.,0.));
#2195=DIRECTION('ref_axis',(0.,1.,0.));
#2196=DIRECTION('',(0.,1.,0.));
#2197=DIRECTION('center_axis',(0.,0.,-1.));
#2198=DIRECTION('ref_axis',(1.,0.,0.));
#2199=DIRECTION('center_axis',(0.,0.,1.));
#2200=DIRECTION('ref_axis',(-1.,-2.22044604925031E-15,0.));
#2201=DIRECTION('',(0.,-1.,0.));
#2202=DIRECTION('center_axis',(0.,0.,-1.));
#2203=DIRECTION('ref_axis',(1.,0.,0.));
#2204=DIRECTION('center_axis',(0.,0.,-1.));
#2205=DIRECTION('ref_axis',(1.,0.,0.));
#2206=DIRECTION('',(0.,1.,0.));
#2207=DIRECTION('center_axis',(0.,0.,1.));
#2208=DIRECTION('ref_axis',(0.,-1.,0.));
#2209=DIRECTION('center_axis',(0.,0.,-1.));
#2210=DIRECTION('ref_axis',(1.,0.,0.));
#2211=DIRECTION('center_axis',(0.,0.,-1.));
#2212=DIRECTION('ref_axis',(0.,1.,0.));
#2213=DIRECTION('',(0.,0.,-1.));
#2214=DIRECTION('center_axis',(0.,0.,1.));
#2215=DIRECTION('ref_axis',(0.,1.,0.));
#2216=DIRECTION('',(0.,0.,-1.));
#2217=DIRECTION('center_axis',(0.,0.,-1.));
#2218=DIRECTION('ref_axis',(1.,7.40148683083436E-16,0.));
#2219=DIRECTION('',(0.,0.,-1.));
#2220=DIRECTION('center_axis',(0.,0.,1.));
#2221=DIRECTION('ref_axis',(1.,7.40148683083436E-16,0.));
#2222=DIRECTION('',(0.,0.,-1.));
#2223=DIRECTION('center_axis',(-4.15036644719685E-17,1.,0.));
#2224=DIRECTION('ref_axis',(1.,4.15036644719685E-17,0.));
#2225=DIRECTION('',(1.,4.15036644719685E-17,0.));
#2226=DIRECTION('center_axis',(-1.,0.,0.));
#2227=DIRECTION('ref_axis',(0.,1.,0.));
#2228=DIRECTION('',(0.,0.,-1.));
#2229=DIRECTION('',(0.,1.,0.));
#2230=DIRECTION('center_axis',(0.,0.,-1.));
#2231=DIRECTION('ref_axis',(-1.,-2.22044604925031E-15,0.));
#2232=DIRECTION('center_axis',(0.,0.,1.));
#2233=DIRECTION('ref_axis',(-1.,-2.22044604925031E-15,0.));
#2234=DIRECTION('center_axis',(0.,0.,-1.));
#2235=DIRECTION('ref_axis',(0.,-1.,0.));
#2236=DIRECTION('',(0.,0.,-1.));
#2237=DIRECTION('center_axis',(0.,0.,1.));
#2238=DIRECTION('ref_axis',(0.,-1.,0.));
#2239=DIRECTION('center_axis',(1.,0.,0.));
#2240=DIRECTION('ref_axis',(0.,-1.,0.));
#2241=DIRECTION('',(0.,-1.,0.));
#2242=DIRECTION('center_axis',(0.,-1.,0.));
#2243=DIRECTION('ref_axis',(-0.707106781186547,0.,-0.707106781186547));
#2244=DIRECTION('center_axis',(0.,1.,0.));
#2245=DIRECTION('ref_axis',(-0.707106781186547,0.,-0.707106781186547));
#2246=DIRECTION('',(0.,-1.,0.));
#2247=DIRECTION('',(0.,1.,0.));
#2248=DIRECTION('center_axis',(-1.,0.,0.));
#2249=DIRECTION('ref_axis',(0.,0.,-1.));
#2250=DIRECTION('',(0.,0.,-1.));
#2251=DIRECTION('',(0.,1.,0.));
#2252=DIRECTION('center_axis',(0.,-1.,0.));
#2253=DIRECTION('ref_axis',(0.707106781186547,0.,-0.707106781186547));
#2254=DIRECTION('center_axis',(0.,1.,0.));
#2255=DIRECTION('ref_axis',(0.707106781186547,0.,-0.707106781186547));
#2256=DIRECTION('',(0.,-1.,0.));
#2257=DIRECTION('',(0.,1.,0.));
#2258=DIRECTION('center_axis',(0.,0.,-1.));
#2259=DIRECTION('ref_axis',(1.,0.,0.));
#2260=DIRECTION('',(1.,0.,0.));
#2261=DIRECTION('center_axis',(1.,0.,0.));
#2262=DIRECTION('ref_axis',(0.,0.,1.));
#2263=DIRECTION('',(0.,-1.,0.));
#2264=DIRECTION('',(0.,0.,1.));
#2265=DIRECTION('center_axis',(0.,-1.,0.));
#2266=DIRECTION('ref_axis',(-1.,0.,0.));
#2267=DIRECTION('',(-1.,0.,0.));
#2268=DIRECTION('',(0.,0.,-1.));
#2269=DIRECTION('',(-1.,0.,0.));
#2270=DIRECTION('',(0.,0.,-1.));
#2271=DIRECTION('',(-1.,0.,0.));
#2272=DIRECTION('center_axis',(0.,0.,1.));
#2273=DIRECTION('ref_axis',(1.,0.,0.));
#2274=DIRECTION('center_axis',(0.,0.,-1.));
#2275=DIRECTION('ref_axis',(-1.,-1.77635683940025E-15,0.));
#2276=DIRECTION('',(0.,1.,0.));
#2277=DIRECTION('center_axis',(0.,0.,-1.));
#2278=DIRECTION('ref_axis',(0.,1.,0.));
#2279=DIRECTION('',(1.,5.2245789394125E-17,0.));
#2280=DIRECTION('center_axis',(0.,0.,-1.));
#2281=DIRECTION('ref_axis',(1.,1.77635683940025E-15,0.));
#2282=DIRECTION('',(0.,-1.,0.));
#2283=DIRECTION('center_axis',(0.,0.,-1.));
#2284=DIRECTION('ref_axis',(0.,-1.,0.));
#2285=DIRECTION('center_axis',(0.,0.,-1.));
#2286=DIRECTION('ref_axis',(1.,0.,0.));
#2287=DIRECTION('center_axis',(0.,0.,-1.));
#2288=DIRECTION('ref_axis',(1.,0.,0.));
#2289=DIRECTION('center_axis',(0.,0.,-1.));
#2290=DIRECTION('ref_axis',(1.,0.,0.));
#2291=DIRECTION('center_axis',(0.,0.,-1.));
#2292=DIRECTION('ref_axis',(1.,0.,0.));
#2293=DIRECTION('center_axis',(1.,0.,0.));
#2294=DIRECTION('ref_axis',(0.,-1.,0.));
#2295=DIRECTION('',(0.,0.,-1.));
#2296=DIRECTION('',(0.,-1.,0.));
#2297=DIRECTION('',(0.,0.,-1.));
#2298=DIRECTION('center_axis',(0.,0.,-1.));
#2299=DIRECTION('ref_axis',(1.,1.77635683940025E-15,0.));
#2300=DIRECTION('',(0.,0.,-1.));
#2301=DIRECTION('center_axis',(0.,0.,-1.));
#2302=DIRECTION('ref_axis',(1.,1.77635683940025E-15,0.));
#2303=DIRECTION('center_axis',(-5.2245789394125E-17,1.,0.));
#2304=DIRECTION('ref_axis',(1.,5.2245789394125E-17,0.));
#2305=DIRECTION('',(0.,0.,-1.));
#2306=DIRECTION('',(1.,5.2245789394125E-17,0.));
#2307=DIRECTION('center_axis',(0.,0.,-1.));
#2308=DIRECTION('ref_axis',(0.,1.,0.));
#2309=DIRECTION('',(0.,0.,-1.));
#2310=DIRECTION('center_axis',(0.,0.,-1.));
#2311=DIRECTION('ref_axis',(0.,1.,0.));
#2312=DIRECTION('center_axis',(-1.,0.,0.));
#2313=DIRECTION('ref_axis',(0.,1.,0.));
#2314=DIRECTION('',(0.,0.,-1.));
#2315=DIRECTION('',(0.,1.,0.));
#2316=DIRECTION('center_axis',(0.,0.,-1.));
#2317=DIRECTION('ref_axis',(-1.,-1.77635683940025E-15,0.));
#2318=DIRECTION('center_axis',(0.,0.,-1.));
#2319=DIRECTION('ref_axis',(-1.,-1.77635683940025E-15,0.));
#2320=DIRECTION('center_axis',(0.,0.,-1.));
#2321=DIRECTION('ref_axis',(0.,-1.,0.));
#2322=DIRECTION('center_axis',(0.,0.,-1.));
#2323=DIRECTION('ref_axis',(0.,-1.,0.));
#2324=DIRECTION('center_axis',(0.,0.,1.));
#2325=DIRECTION('ref_axis',(1.,0.,0.));
#2326=DIRECTION('center_axis',(0.,0.,-1.));
#2327=DIRECTION('ref_axis',(1.,0.,0.));
#2328=DIRECTION('',(0.,0.,1.));
#2329=DIRECTION('center_axis',(0.,0.,-1.));
#2330=DIRECTION('ref_axis',(1.,0.,0.));
#2331=DIRECTION('',(0.,0.,1.));
#2332=DIRECTION('center_axis',(0.,0.,-1.));
#2333=DIRECTION('ref_axis',(1.,0.,0.));
#2334=DIRECTION('',(0.,0.,1.));
#2335=DIRECTION('center_axis',(0.,0.,-1.));
#2336=DIRECTION('ref_axis',(1.,0.,0.));
#2337=DIRECTION('',(0.,0.,1.));
#2338=CARTESIAN_POINT('',(0.,0.,0.));
#2339=CARTESIAN_POINT('Ctrl Pts',(7.00001746643145,-6.07774637258385,-27.2360527874313));
#2340=CARTESIAN_POINT('Ctrl Pts',(6.87356251274511,-6.03877525697205,-27.3491593114125));
#2341=CARTESIAN_POINT('Ctrl Pts',(6.7387526180363,-5.98730594395863,-27.4502340191691));
#2342=CARTESIAN_POINT('Ctrl Pts',(6.60000013590624,-5.92056696946053,-27.5377158477786));
#2343=CARTESIAN_POINT('Ctrl Pts',(6.98152190104758,-6.21278225760433,-27.252595983634));
#2344=CARTESIAN_POINT('Ctrl Pts',(6.84989443388046,-6.17506500299732,-27.3684276555519));
#2345=CARTESIAN_POINT('Ctrl Pts',(6.70861956836552,-6.12462261470601,-27.472151824935));
#2346=CARTESIAN_POINT('Ctrl Pts',(6.56208942176869,-6.0582529986697,-27.561618112774));
#2347=CARTESIAN_POINT('Ctrl Pts',(6.99627270727312,-6.48196787471404,-27.3432864515784));
#2348=CARTESIAN_POINT('Ctrl Pts',(6.85279868606162,-6.44672113001086,-27.4694621174621));
#2349=CARTESIAN_POINT('Ctrl Pts',(6.69685440358786,-6.39822743358657,-27.5834355358996));
#2350=CARTESIAN_POINT('Ctrl Pts',(6.53259120115428,-6.33255498539878,-27.6822415098883));
#2351=CARTESIAN_POINT('Ctrl Pts',(7.19441901130919,-6.81681414481009,-27.6571149262319));
#2352=CARTESIAN_POINT('Ctrl Pts',(7.03070955812218,-6.78023234029406,-27.8115820856538));
#2353=CARTESIAN_POINT('Ctrl Pts',(6.8503704412435,-6.72923046293921,-27.954228537354));
#2354=CARTESIAN_POINT('Ctrl Pts',(6.65799282414641,-6.65872575474663,-28.080203340186));
#2355=CARTESIAN_POINT('Ctrl Pts',(7.43879135474577,-6.84004266303111,-27.9367299765022));
#2356=CARTESIAN_POINT('Ctrl Pts',(7.2647915262394,-6.79484573092154,-28.1103702763963));
#2357=CARTESIAN_POINT('Ctrl Pts',(7.07379144094707,-6.73333831248364,-28.2709324220562));
#2358=CARTESIAN_POINT('Ctrl Pts',(6.87095760832702,-6.6517685346086,-28.413734756757));
#2359=CARTESIAN_POINT('Ctrl Pts',(7.5772498901946,-6.77032849677846,-28.0723127534734));
#2360=CARTESIAN_POINT('Ctrl Pts',(7.39926923956007,-6.71836700929607,-28.2516933122032));
#2361=CARTESIAN_POINT('Ctrl Pts',(7.20463842052664,-6.64974125861151,-28.4170564629273));
#2362=CARTESIAN_POINT('Ctrl Pts',(7.00000016392405,-6.56075595928071,-28.5628595101752));
#2363=CARTESIAN_POINT('',(6.60000013590624,-5.92056696946053,-27.5377158477786));
#2364=CARTESIAN_POINT('',(7.00000016391841,-6.56075595928071,-28.5628595101752));
#2365=CARTESIAN_POINT('Origin',(7.00000016392233,-5.92056696946053,-28.1721447071372));
#2366=CARTESIAN_POINT('',(7.57724989019453,-6.77032849677847,-28.0723127534734));
#2367=CARTESIAN_POINT('Ctrl Pts',(7.00000016392405,-6.56075595928071,-28.5628595101752));
#2368=CARTESIAN_POINT('Ctrl Pts',(7.20463842052664,-6.64974125861151,-28.4170564629273));
#2369=CARTESIAN_POINT('Ctrl Pts',(7.39926923956007,-6.71836700929607,-28.2516933122032));
#2370=CARTESIAN_POINT('Ctrl Pts',(7.5772498901946,-6.77032849677846,-28.0723127534734));
#2371=CARTESIAN_POINT('',(7.00001746643145,-6.07774637258385,-27.2360527874313));
#2372=CARTESIAN_POINT('Origin',(7.50002182558866,-6.07774637258385,-27.7950658828269));
#2373=CARTESIAN_POINT('Ctrl Pts',(7.00001746643145,-6.07774637258385,-27.2360527874313));
#2374=CARTESIAN_POINT('Ctrl Pts',(6.87356251274511,-6.03877525697205,-27.3491593114125));
#2375=CARTESIAN_POINT('Ctrl Pts',(6.7387526180363,-5.98730594395863,-27.4502340191691));
#2376=CARTESIAN_POINT('Ctrl Pts',(6.60000013590624,-5.92056696946053,-27.5377158477786));
#2377=CARTESIAN_POINT('Ctrl Pts',(6.60000013590372,-5.92056696945933,-27.5377158477801));
#2378=CARTESIAN_POINT('Ctrl Pts',(6.3662130972245,-5.80811703722761,-27.6851158606292));
#2379=CARTESIAN_POINT('Ctrl Pts',(5.86479217501539,-5.55794519418744,-27.9134853229153));
#2380=CARTESIAN_POINT('Ctrl Pts',(5.29064744130346,-5.41421341485911,-28.0000004172325));
#2381=CARTESIAN_POINT('Ctrl Pts',(5.,-5.41421341485911,-28.0000004172325));
#2382=CARTESIAN_POINT('Ctrl Pts',(6.56208942176589,-6.05825299866837,-27.5616181127757));
#2383=CARTESIAN_POINT('Ctrl Pts',(6.32173574596825,-5.95202657657087,-27.7081886258615));
#2384=CARTESIAN_POINT('Ctrl Pts',(5.81071669362447,-5.71677941475303,-27.92749357466));
#2385=CARTESIAN_POINT('Ctrl Pts',(5.26953222384474,-5.59006476621449,-28.0000004172325));
#2386=CARTESIAN_POINT('Ctrl Pts',(5.,-5.59006476621449,-28.0000004172325));
#2387=CARTESIAN_POINT('Ctrl Pts',(6.53234687969611,-6.33344672762782,-27.682398239141));
#2388=CARTESIAN_POINT('Ctrl Pts',(6.27709086824595,-6.23975068534399,-27.8396412668908));
#2389=CARTESIAN_POINT('Ctrl Pts',(5.73875590170252,-6.0341340054674,-28.06744224729));
#2390=CARTESIAN_POINT('Ctrl Pts',(5.23993896526423,-5.94124066606013,-28.1291072868382));
#2391=CARTESIAN_POINT('Ctrl Pts',(5.,-5.94124066606013,-28.1291072868382));
#2392=CARTESIAN_POINT('Ctrl Pts',(6.63125670940467,-6.58820383348492,-27.9947575856129));
#2393=CARTESIAN_POINT('Ctrl Pts',(6.35862485234209,-6.49350763691942,-28.1893923326279));
#2394=CARTESIAN_POINT('Ctrl Pts',(5.7816895478788,-6.28469094824907,-28.483467747842));
#2395=CARTESIAN_POINT('Ctrl Pts',(5.25289376444506,-6.19443382142854,-28.5762837110686));
#2396=CARTESIAN_POINT('Ctrl Pts',(5.,-6.19443382142854,-28.5762837110686));
#2397=CARTESIAN_POINT('Ctrl Pts',(6.80656493197153,-6.6561527375618,-28.3142790635614));
#2398=CARTESIAN_POINT('Ctrl Pts',(6.52250509515523,-6.53982816692511,-28.5433510686664));
#2399=CARTESIAN_POINT('Ctrl Pts',(5.91738042160296,-6.28032669178536,-28.8998353121941));
#2400=CARTESIAN_POINT('Ctrl Pts',(5.30242558220918,-6.14804209014575,-29.0294005150607));
#2401=CARTESIAN_POINT('Ctrl Pts',(5.,-6.14804209014575,-29.0294005150607));
#2402=CARTESIAN_POINT('Ctrl Pts',(6.93547888612067,-6.60626224694299,-28.4882971334687));
#2403=CARTESIAN_POINT('Ctrl Pts',(6.6459476881032,-6.46823330629085,-28.7306018645355));
#2404=CARTESIAN_POINT('Ctrl Pts',(6.0262842991823,-6.16011542323441,-29.1080349145926));
#2405=CARTESIAN_POINT('Ctrl Pts',(5.34291884550605,-5.98819784842383,-29.250436676933));
#2406=CARTESIAN_POINT('Ctrl Pts',(5.,-5.98819784842383,-29.250436676933));
#2407=CARTESIAN_POINT('Ctrl Pts',(7.00000016391919,-6.5607559592791,-28.5628595101778));
#2408=CARTESIAN_POINT('Ctrl Pts',(6.70776636644108,-6.41082271630347,-28.8085261975275));
#2409=CARTESIAN_POINT('Ctrl Pts',(6.08099021554764,-6.07726025891658,-29.1891419668699));
#2410=CARTESIAN_POINT('Ctrl Pts',(5.36330930054658,-5.88561788647882,-29.3333337903023));
#2411=CARTESIAN_POINT('Ctrl Pts',(5.,-5.88561788647882,-29.3333337903023));
#2412=CARTESIAN_POINT('',(5.,-5.41421341485911,-28.0000004172325));
#2413=CARTESIAN_POINT('',(5.,-5.88561788647882,-29.3333337903023));
#2414=CARTESIAN_POINT('Origin',(5.,-5.41421341485911,-28.7500004172325));
#2415=CARTESIAN_POINT('Ctrl Pts',(5.,-5.88561788647882,-29.3333337903023));
#2416=CARTESIAN_POINT('Ctrl Pts',(5.36330930054658,-5.88561788647882,-29.3333337903023));
#2417=CARTESIAN_POINT('Ctrl Pts',(6.08099021554764,-6.07726025891658,-29.1891419668699));
#2418=CARTESIAN_POINT('Ctrl Pts',(6.70776636644108,-6.41082271630347,-28.8085261975275));
#2419=CARTESIAN_POINT('Ctrl Pts',(7.00000016391919,-6.5607559592791,-28.5628595101778));
#2420=CARTESIAN_POINT('Ctrl Pts',(6.60000013590372,-5.92056696945933,-27.5377158477801));
#2421=CARTESIAN_POINT('Ctrl Pts',(6.3662130972245,-5.80811703722761,-27.6851158606292));
#2422=CARTESIAN_POINT('Ctrl Pts',(5.86479217501539,-5.55794519418744,-27.9134853229153));
#2423=CARTESIAN_POINT('Ctrl Pts',(5.29064744130346,-5.41421341485911,-28.0000004172325));
#2424=CARTESIAN_POINT('Ctrl Pts',(5.,-5.41421341485911,-28.0000004172325));
#2425=CARTESIAN_POINT('Origin',(3.50000016391277,-5.41421341485912,-28.7500004172325));
#2426=CARTESIAN_POINT('',(-5.,-5.41421341485912,-28.0000004172325));
#2427=CARTESIAN_POINT('',(-5.,-5.88561788647882,-29.3333337903023));
#2428=CARTESIAN_POINT('Origin',(-5.,-5.41421341485912,-28.7500004172325));
#2429=CARTESIAN_POINT('',(3.50000016391277,-5.88561788647882,-29.3333337903023));
#2430=CARTESIAN_POINT('',(3.50000016391277,-5.41421341485912,-28.0000004172325));
#2431=CARTESIAN_POINT('Ctrl Pts',(-6.5999998736458,-5.9205668433151,-27.5377160131307));
#2432=CARTESIAN_POINT('Ctrl Pts',(-6.73875257562721,-5.98730592442415,-27.450234065947));
#2433=CARTESIAN_POINT('Ctrl Pts',(-6.87356267930762,-6.03877529849901,-27.3491591976091));
#2434=CARTESIAN_POINT('Ctrl Pts',(-7.00001781199343,-6.07774644252472,-27.2360524783463));
#2435=CARTESIAN_POINT('Ctrl Pts',(-6.56208915214366,-6.05825287954625,-27.5616182772941));
#2436=CARTESIAN_POINT('Ctrl Pts',(-6.70861953072374,-6.12462260190945,-27.4721518689762));
#2437=CARTESIAN_POINT('Ctrl Pts',(-6.84989461340672,-6.1750650490312,-27.3684275350501));
#2438=CARTESIAN_POINT('Ctrl Pts',(-6.98152226409672,-6.21278232989405,-27.2525956640528));
#2439=CARTESIAN_POINT('Ctrl Pts',(-6.53259091486101,-6.33255488006843,-27.682241686188));
#2440=CARTESIAN_POINT('Ctrl Pts',(-6.69685437784489,-6.39822743407811,-27.5834355796109));
#2441=CARTESIAN_POINT('Ctrl Pts',(-6.85279889686779,-6.44672118502696,-27.4694619813069));
#2442=CARTESIAN_POINT('Ctrl Pts',(-6.9962731130927,-6.48196795171306,-27.3432861019767));
#2443=CARTESIAN_POINT('Ctrl Pts',(-6.65799251295637,-6.65872564842874,-28.0802035701333));
#2444=CARTESIAN_POINT('Ctrl Pts',(-6.85037043721647,-6.72923047082145,-27.9542285962909));
#2445=CARTESIAN_POINT('Ctrl Pts',(-7.03070982595995,-6.78023240436206,-27.811581921587));
#2446=CARTESIAN_POINT('Ctrl Pts',(-7.19441949800952,-6.81681423018406,-27.657114508407));
#2447=CARTESIAN_POINT('Ctrl Pts',(-6.87095728659633,-6.65176839303523,-28.4137350248166));
#2448=CARTESIAN_POINT('Ctrl Pts',(-7.07379144363616,-6.73333830227267,-28.270932495568));
#2449=CARTESIAN_POINT('Ctrl Pts',(-7.2647918196007,-6.79484579165819,-28.1103700992754));
#2450=CARTESIAN_POINT('Ctrl Pts',(-7.43879188356268,-6.84004275400963,-27.9367295159519));
#2451=CARTESIAN_POINT('Ctrl Pts',(-6.9999998360985,-6.5607557910868,-28.5628597857621));
#2452=CARTESIAN_POINT('Ctrl Pts',(-7.20463841948012,-6.64974123256552,-28.4170565408907));
#2453=CARTESIAN_POINT('Ctrl Pts',(-7.39926953699208,-6.71836706466534,-28.2516931316082));
#2454=CARTESIAN_POINT('Ctrl Pts',(-7.5772504314153,-6.77032859003296,-28.0723122784411));
#2455=CARTESIAN_POINT('',(-7.00001781199343,-6.07774644252472,-27.2360524783463));
#2456=CARTESIAN_POINT('',(-7.57725043141523,-6.77032859003296,-28.0723122784411));
#2457=CARTESIAN_POINT('Origin',(-7.50002225754114,-6.07774644252472,-27.7950654964707));
#2458=CARTESIAN_POINT('',(-6.99999983609287,-6.5607557910868,-28.5628597857621));
#2459=CARTESIAN_POINT('Ctrl Pts',(-7.5772504314153,-6.77032859003296,-28.0723122784411));
#2460=CARTESIAN_POINT('Ctrl Pts',(-7.39926953699208,-6.71836706466534,-28.2516931316082));
#2461=CARTESIAN_POINT('Ctrl Pts',(-7.20463841948012,-6.64974123256552,-28.4170565408907));
#2462=CARTESIAN_POINT('Ctrl Pts',(-6.9999998360985,-6.5607557910868,-28.5628597857621));
#2463=CARTESIAN_POINT('',(-6.5999998736458,-5.9205668433151,-27.5377160131307));
#2464=CARTESIAN_POINT('Origin',(-6.99999983609678,-5.9205668433151,-28.1721449138274));
#2465=CARTESIAN_POINT('Ctrl Pts',(-6.5999998736458,-5.9205668433151,-27.5377160131307));
#2466=CARTESIAN_POINT('Ctrl Pts',(-6.73875257562721,-5.98730592442415,-27.450234065947));
#2467=CARTESIAN_POINT('Ctrl Pts',(-6.87356267930762,-6.03877529849901,-27.3491591976091));
#2468=CARTESIAN_POINT('Ctrl Pts',(-7.00001781199343,-6.07774644252472,-27.2360524783463));
#2469=CARTESIAN_POINT('Ctrl Pts',(-5.,-5.41421341485912,-28.0000004172325));
#2470=CARTESIAN_POINT('Ctrl Pts',(-5.29064676126173,-5.41421341485912,-28.0000004172325));
#2471=CARTESIAN_POINT('Ctrl Pts',(-5.86479024524796,-5.55794452350879,-27.9134858747546));
#2472=CARTESIAN_POINT('Ctrl Pts',(-6.36621336848302,-5.80811716624532,-27.6851156558389));
#2473=CARTESIAN_POINT('Ctrl Pts',(-6.59999987364328,-5.92056684331389,-27.5377160131323));
#2474=CARTESIAN_POINT('Ctrl Pts',(-5.,-5.5900647662145,-28.0000004172325));
#2475=CARTESIAN_POINT('Ctrl Pts',(-5.26953159320728,-5.5900647662145,-28.0000004172325));
#2476=CARTESIAN_POINT('Ctrl Pts',(-5.8107148068973,-5.71677879778892,-27.9274940874813));
#2477=CARTESIAN_POINT('Ctrl Pts',(-6.32173602737734,-5.95202669872482,-27.7081884195881));
#2478=CARTESIAN_POINT('Ctrl Pts',(-6.56208915214086,-6.05825287954492,-27.5616182772958));
#2479=CARTESIAN_POINT('Ctrl Pts',(-5.,-5.94124066606034,-28.1291072868378));
#2480=CARTESIAN_POINT('Ctrl Pts',(-5.23993840386752,-5.94124066606034,-28.1291072868378));
#2481=CARTESIAN_POINT('Ctrl Pts',(-5.73875404339689,-6.03413349657128,-28.0674427593349));
#2482=CARTESIAN_POINT('Ctrl Pts',(-6.27709117031964,-6.23975079353634,-27.8396410430587));
#2483=CARTESIAN_POINT('Ctrl Pts',(-6.53234659336077,-6.33344662249502,-27.6823984155375));
#2484=CARTESIAN_POINT('Ctrl Pts',(-5.,-6.19443382142873,-28.5762837110685));
#2485=CARTESIAN_POINT('Ctrl Pts',(-5.25289317273738,-6.19443382142873,-28.5762837110685));
#2486=CARTESIAN_POINT('Ctrl Pts',(-5.7816875669126,-6.28469043829061,-28.4834684285586));
#2487=CARTESIAN_POINT('Ctrl Pts',(-6.35862517460574,-6.49350774588935,-28.189392059657));
#2488=CARTESIAN_POINT('Ctrl Pts',(-6.63125640357933,-6.58820372723651,-27.9947578039811));
#2489=CARTESIAN_POINT('Ctrl Pts',(-5.,-6.14804209014601,-29.0294005150606));
#2490=CARTESIAN_POINT('Ctrl Pts',(-5.30242487460953,-6.14804209014601,-29.0294005150606));
#2491=CARTESIAN_POINT('Ctrl Pts',(-5.9173782341201,-6.28032602431645,-28.8998361645622));
#2492=CARTESIAN_POINT('Ctrl Pts',(-6.5225054280903,-6.53982829998165,-28.5433507509214));
#2493=CARTESIAN_POINT('Ctrl Pts',(-6.80656461330945,-6.65615260706756,-28.3142793205021));
#2494=CARTESIAN_POINT('Ctrl Pts',(-5.,-5.98819784842384,-29.250436676933));
#2495=CARTESIAN_POINT('Ctrl Pts',(-5.34291804316238,-5.98819784842384,-29.250436676933));
#2496=CARTESIAN_POINT('Ctrl Pts',(-6.02628196202209,-6.16011460622016,-29.1080358252481));
#2497=CARTESIAN_POINT('Ctrl Pts',(-6.64594802517784,-6.46823346425572,-28.7306015285721));
#2498=CARTESIAN_POINT('Ctrl Pts',(-6.93547856134255,-6.60626209205934,-28.488297405292));
#2499=CARTESIAN_POINT('Ctrl Pts',(-5.,-5.88561788647883,-29.3333337903023));
#2500=CARTESIAN_POINT('Ctrl Pts',(-5.36330845049439,-5.88561788647883,-29.3333337903023));
#2501=CARTESIAN_POINT('Ctrl Pts',(-6.08098780333839,-6.07725936467839,-29.1891428866022));
#2502=CARTESIAN_POINT('Ctrl Pts',(-6.70776670551425,-6.41082288832709,-28.8085258562103));
#2503=CARTESIAN_POINT('Ctrl Pts',(-6.99999983609364,-6.56075579108518,-28.5628597857647));
#2504=CARTESIAN_POINT('Ctrl Pts',(-6.99999983609364,-6.56075579108518,-28.5628597857647));
#2505=CARTESIAN_POINT('Ctrl Pts',(-6.70776670551425,-6.41082288832709,-28.8085258562103));
#2506=CARTESIAN_POINT('Ctrl Pts',(-6.08098780333839,-6.07725936467839,-29.1891428866022));
#2507=CARTESIAN_POINT('Ctrl Pts',(-5.36330845049439,-5.88561788647883,-29.3333337903023));
#2508=CARTESIAN_POINT('Ctrl Pts',(-5.,-5.88561788647883,-29.3333337903023));
#2509=CARTESIAN_POINT('Ctrl Pts',(-5.,-5.41421341485912,-28.0000004172325));
#2510=CARTESIAN_POINT('Ctrl Pts',(-5.29064676126173,-5.41421341485912,-28.0000004172325));
#2511=CARTESIAN_POINT('Ctrl Pts',(-5.86479024524796,-5.55794452350879,-27.9134858747546));
#2512=CARTESIAN_POINT('Ctrl Pts',(-6.36621336848302,-5.80811716624532,-27.6851156558389));
#2513=CARTESIAN_POINT('Ctrl Pts',(-6.59999987364328,-5.92056684331389,-27.5377160131323));
#2514=CARTESIAN_POINT('Ctrl Pts',(-7.00001781199339,-6.07774644252471,-27.2360524783463));
#2515=CARTESIAN_POINT('Ctrl Pts',(-7.1800412377905,-6.13322634836746,-27.0750320543439));
#2516=CARTESIAN_POINT('Ctrl Pts',(-7.5599874539012,-6.20216349861312,-26.6426155321675));
#2517=CARTESIAN_POINT('Ctrl Pts',(-7.80429918405671,-6.19542606354532,-26.1146798173958));
#2518=CARTESIAN_POINT('Ctrl Pts',(-7.89136652120061,-6.16454340647361,-25.8000003152173));
#2519=CARTESIAN_POINT('Ctrl Pts',(-6.98152226409668,-6.21278232989404,-27.2525956640529));
#2520=CARTESIAN_POINT('Ctrl Pts',(-7.16890936419735,-6.26647721730959,-27.0876956731191));
#2521=CARTESIAN_POINT('Ctrl Pts',(-7.5593350808866,-6.32993527501818,-26.6459980136167));
#2522=CARTESIAN_POINT('Ctrl Pts',(-7.8061603920657,-6.32405177964444,-26.1120497683235));
#2523=CARTESIAN_POINT('Ctrl Pts',(-7.89400670651222,-6.29538554573975,-25.790458135259));
#2524=CARTESIAN_POINT('Ctrl Pts',(-6.9962731497102,-6.48196787521882,-27.3432861218307));
#2525=CARTESIAN_POINT('Ctrl Pts',(-7.20052519839957,-6.53214570155402,-27.1636602453041));
#2526=CARTESIAN_POINT('Ctrl Pts',(-7.61520383665461,-6.5847687540753,-26.6886288283608));
#2527=CARTESIAN_POINT('Ctrl Pts',(-7.87292870421427,-6.58060683598277,-26.1322906674526));
#2528=CARTESIAN_POINT('Ctrl Pts',(-7.96731679208169,-6.55632919213223,-25.7902547772401));
#2529=CARTESIAN_POINT('Ctrl Pts',(-7.19441952820447,-6.81681409505454,-27.6571145049182));
#2530=CARTESIAN_POINT('Ctrl Pts',(-7.42747907567028,-6.86889253162343,-27.4372123759649));
#2531=CARTESIAN_POINT('Ctrl Pts',(-7.88717836271226,-6.91916655681842,-26.870523964222));
#2532=CARTESIAN_POINT('Ctrl Pts',(-8.1798901569526,-6.91560707645755,-26.2467913365919));
#2533=CARTESIAN_POINT('Ctrl Pts',(-8.29848649327328,-6.89201880425642,-25.8555290455657));
#2534=CARTESIAN_POINT('Ctrl Pts',(-7.43879188356262,-6.84004275400962,-27.9367295159519));
#2535=CARTESIAN_POINT('Ctrl Pts',(-7.68650098747996,-6.90438582831049,-27.6895321740696));
#2536=CARTESIAN_POINT('Ctrl Pts',(-8.17536528936197,-6.97679785558118,-27.0556259712428));
#2537=CARTESIAN_POINT('Ctrl Pts',(-8.49874788413052,-6.97064382496926,-26.372780557323));
#2538=CARTESIAN_POINT('Ctrl Pts',(-8.63697224435093,-6.93769403653286,-25.9455971776806));
#2539=CARTESIAN_POINT('Ctrl Pts',(-7.57725043141524,-6.77032859003294,-28.0723122784411));
#2540=CARTESIAN_POINT('Ctrl Pts',(-7.83062670535508,-6.84430179782327,-27.816943002211));
#2541=CARTESIAN_POINT('Ctrl Pts',(-8.33510983793773,-6.93621799815083,-27.1573618107042));
#2542=CARTESIAN_POINT('Ctrl Pts',(-8.67383201413059,-6.92723475139376,-26.4432396531255));
#2543=CARTESIAN_POINT('Ctrl Pts',(-8.81894424227703,-6.88605787529814,-26.0000002978946));
#2544=CARTESIAN_POINT('',(-7.89136652120061,-6.16454340647361,-25.8000003152173));
#2545=CARTESIAN_POINT('',(-8.81894424231121,-6.88605787528845,-26.0000002979067));
#2546=CARTESIAN_POINT('Origin',(-8.61420814072958,-6.16454340647361,-26.0000002979091));
#2547=CARTESIAN_POINT('Ctrl Pts',(-8.81894424227703,-6.88605787529815,-26.0000002978946));
#2548=CARTESIAN_POINT('Ctrl Pts',(-8.67383201413059,-6.92723475139376,-26.4432396531255));
#2549=CARTESIAN_POINT('Ctrl Pts',(-8.48027648487752,-6.93236803525494,-26.8513094574562));
#2550=CARTESIAN_POINT('Ctrl Pts',(-8.2325949290482,-6.90455456088441,-27.241569966743));
#2551=CARTESIAN_POINT('Ctrl Pts',(-8.04683376217623,-6.88369445510651,-27.5342653487081));
#2552=CARTESIAN_POINT('Ctrl Pts',(-7.83062670535511,-6.84430179782328,-27.816943002211));
#2553=CARTESIAN_POINT('Ctrl Pts',(-7.57725043141529,-6.77032859003296,-28.0723122784411));
#2554=CARTESIAN_POINT('Ctrl Pts',(-7.00001781199339,-6.07774644252471,-27.2360524783463));
#2555=CARTESIAN_POINT('Ctrl Pts',(-7.1800412377905,-6.13322634836746,-27.0750320543439));
#2556=CARTESIAN_POINT('Ctrl Pts',(-7.5599874539012,-6.20216349861312,-26.6426155321675));
#2557=CARTESIAN_POINT('Ctrl Pts',(-7.80429918405671,-6.19542606354532,-26.1146798173958));
#2558=CARTESIAN_POINT('Ctrl Pts',(-7.89136652120061,-6.16454340647361,-25.8000003152173));
#2559=CARTESIAN_POINT('Ctrl Pts',(-7.8913665211903,-6.16454340647726,-25.8000003152545));
#2560=CARTESIAN_POINT('Ctrl Pts',(-7.96322244522001,-6.13905621538406,-25.5402980303008));
#2561=CARTESIAN_POINT('Ctrl Pts',(-8.03675722156798,-6.10375309885585,-24.9998930998782));
#2562=CARTESIAN_POINT('Ctrl Pts',(-7.96321985425893,-6.13905713994058,-24.4596932254872));
#2563=CARTESIAN_POINT('Ctrl Pts',(-7.89136642222585,-6.1645434415798,-24.2000000721255));
#2564=CARTESIAN_POINT('Ctrl Pts',(-7.89400670650143,-6.29538554574348,-25.7904581352985));
#2565=CARTESIAN_POINT('Ctrl Pts',(-7.96461268219352,-6.27335221483471,-25.5318710998775));
#2566=CARTESIAN_POINT('Ctrl Pts',(-8.03531166403097,-6.24241743273526,-24.999894973157));
#2567=CARTESIAN_POINT('Ctrl Pts',(-7.96461013714542,-6.27335301441197,-24.4681201990588));
#2568=CARTESIAN_POINT('Ctrl Pts',(-7.89400660922745,-6.29538557609829,-24.2095422535984));
#2569=CARTESIAN_POINT('Ctrl Pts',(-7.96731615124506,-6.55633038985806,-25.7902545059423));
#2570=CARTESIAN_POINT('Ctrl Pts',(-8.04070608008094,-6.54114746395647,-25.5287280628746));
#2571=CARTESIAN_POINT('Ctrl Pts',(-8.1122800360284,-6.51887083738075,-24.99989588674));
#2572=CARTESIAN_POINT('Ctrl Pts',(-8.04070343576853,-6.54114801568511,-24.4712631322369));
#2573=CARTESIAN_POINT('Ctrl Pts',(-7.96731605016606,-6.55633041082963,-24.2097458789101));
#2574=CARTESIAN_POINT('Ctrl Pts',(-8.29848612742123,-6.89202092552723,-25.8555287778534));
#2575=CARTESIAN_POINT('Ctrl Pts',(-8.39195413791483,-6.87958302811161,-25.5723562634332));
#2576=CARTESIAN_POINT('Ctrl Pts',(-8.48492019507445,-6.86028768285046,-24.9998872663371));
#2577=CARTESIAN_POINT('Ctrl Pts',(-8.39195076911995,-6.87958348072018,-24.4276341412361));
#2578=CARTESIAN_POINT('Ctrl Pts',(-8.29848599867198,-6.8920209426315,-24.1444715771976));
#2579=CARTESIAN_POINT('Ctrl Pts',(-8.63697224433428,-6.93769403653751,-25.9455971777402));
#2580=CARTESIAN_POINT('Ctrl Pts',(-8.74960322414415,-6.91407569558754,-25.6365791128202));
#2581=CARTESIAN_POINT('Ctrl Pts',(-8.86451311288806,-6.87999770916442,-24.9998742122187));
#2582=CARTESIAN_POINT('Ctrl Pts',(-8.74959916316229,-6.91407655347443,-24.3634103434644));
#2583=CARTESIAN_POINT('Ctrl Pts',(-8.63697208927397,-6.93769406929999,-24.0544031416875));
#2584=CARTESIAN_POINT('Ctrl Pts',(-8.81894424225986,-6.88605787530302,-26.0000002979557));
#2585=CARTESIAN_POINT('Ctrl Pts',(-8.93870411528578,-6.85207495384541,-25.6753724427309));
#2586=CARTESIAN_POINT('Ctrl Pts',(-9.06126207550049,-6.8050041318078,-24.9998662817159));
#2587=CARTESIAN_POINT('Ctrl Pts',(-8.93869979701734,-6.85207618658744,-24.3246164407396));
#2588=CARTESIAN_POINT('Ctrl Pts',(-8.81894407731911,-6.88605792210641,-24.0000000000048));
#2589=CARTESIAN_POINT('',(-7.89136642222589,-6.16454344157979,-24.2000000721256));
#2590=CARTESIAN_POINT('',(-8.81894407732058,-6.88605792210599,-24.0000000000044));
#2591=CARTESIAN_POINT('Origin',(-8.61420801701118,-6.16454344157979,-24.000000000005));
#2592=CARTESIAN_POINT('Ctrl Pts',(-8.81894407731911,-6.88605792210641,-24.0000000000048));
#2593=CARTESIAN_POINT('Ctrl Pts',(-8.93869979701734,-6.85207618658744,-24.3246164407396));
#2594=CARTESIAN_POINT('Ctrl Pts',(-9.06126207550049,-6.8050041318078,-24.9998662817159));
#2595=CARTESIAN_POINT('Ctrl Pts',(-8.93870411528578,-6.85207495384541,-25.6753724427309));
#2596=CARTESIAN_POINT('Ctrl Pts',(-8.81894424225986,-6.88605787530302,-26.0000002979557));
#2597=CARTESIAN_POINT('Ctrl Pts',(-7.89136652120061,-6.16454340647361,-25.8000003152173));
#2598=CARTESIAN_POINT('Ctrl Pts',(-7.96322244522352,-6.13905621538237,-25.5402980302749));
#2599=CARTESIAN_POINT('Ctrl Pts',(-7.99998983339399,-6.12140465711996,-25.2700955650766));
#2600=CARTESIAN_POINT('Ctrl Pts',(-7.99998918565373,-6.12140488825909,-24.9999443638861));
#2601=CARTESIAN_POINT('Ctrl Pts',(-7.99998853791346,-6.12140511939822,-24.7297931626827));
#2602=CARTESIAN_POINT('Ctrl Pts',(-7.96321985425895,-6.13905713994057,-24.4596932254873));
#2603=CARTESIAN_POINT('Ctrl Pts',(-7.89136642222589,-6.16454344157979,-24.2000000721256));
#2604=CARTESIAN_POINT('Ctrl Pts',(-7.52960146190029,-6.35992991626292,-23.3872025822984));
#2605=CARTESIAN_POINT('Ctrl Pts',(-7.29698531940408,-6.45978952733957,-23.0223545290059));
#2606=CARTESIAN_POINT('Ctrl Pts',(-6.58898136051444,-6.82556766730257,-22.3091237061962));
#2607=CARTESIAN_POINT('Ctrl Pts',(-5.58667638569337,-7.12701642102108,-22.0000003278255));
#2608=CARTESIAN_POINT('Ctrl Pts',(-5.,-7.12701642102108,-22.0000003278255));
#2609=CARTESIAN_POINT('Ctrl Pts',(-7.54736037634323,-6.53884999837581,-23.415056648201));
#2610=CARTESIAN_POINT('Ctrl Pts',(-7.32461710880174,-6.62680099664714,-23.0563503054403));
#2611=CARTESIAN_POINT('Ctrl Pts',(-6.63215626409833,-6.96051444592785,-22.3298961460637));
#2612=CARTESIAN_POINT('Ctrl Pts',(-5.60318665018746,-7.24618633449905,-22.0000003278255));
#2613=CARTESIAN_POINT('Ctrl Pts',(-5.,-7.24618633449905,-22.0000003278255));
#2614=CARTESIAN_POINT('Ctrl Pts',(-7.69960415105014,-6.89562260901161,-23.3961100754254));
#2615=CARTESIAN_POINT('Ctrl Pts',(-7.47163910592792,-6.96041824697834,-23.0411666399258));
#2616=CARTESIAN_POINT('Ctrl Pts',(-6.75095690129409,-7.23078755549338,-22.2949597184884));
#2617=CARTESIAN_POINT('Ctrl Pts',(-5.64764473032543,-7.48440676567855,-21.9420836824562));
#2618=CARTESIAN_POINT('Ctrl Pts',(-5.,-7.48440676567855,-21.9420836824562));
#2619=CARTESIAN_POINT('Ctrl Pts',(-8.00756209971274,-7.07199866681794,-23.2383849241494));
#2620=CARTESIAN_POINT('Ctrl Pts',(-7.737963798818,-7.14328174312704,-22.8673970370945));
#2621=CARTESIAN_POINT('Ctrl Pts',(-6.90797522397869,-7.42227553118835,-22.1193262953902));
#2622=CARTESIAN_POINT('Ctrl Pts',(-5.70475715234952,-7.66954704443934,-21.7813777745917));
#2623=CARTESIAN_POINT('Ctrl Pts',(-5.,-7.66954704443934,-21.7813777745917));
#2624=CARTESIAN_POINT('Ctrl Pts',(-8.16200181795186,-7.09257256106351,-23.1444236974727));
#2625=CARTESIAN_POINT('Ctrl Pts',(-7.87123164069818,-7.17666486512805,-22.7603731162042));
#2626=CARTESIAN_POINT('Ctrl Pts',(-6.98622669472363,-7.484688561939,-22.0096038312735));
#2627=CARTESIAN_POINT('Ctrl Pts',(-5.73334547993118,-7.73854014401775,-21.6842108023794));
#2628=CARTESIAN_POINT('Ctrl Pts',(-5.,-7.73854014401775,-21.6842108023794));
#2629=CARTESIAN_POINT('',(-5.,-7.12701642102108,-22.0000003278255));
#2630=CARTESIAN_POINT('',(-5.,-7.73854014401775,-21.6842108023794));
#2631=CARTESIAN_POINT('Origin',(-5.,-7.12701642102108,-21.2500003278255));
#2632=CARTESIAN_POINT('',(-8.16200181795061,-7.09257256106279,-23.1444236974726));
#2633=CARTESIAN_POINT('Ctrl Pts',(-5.,-7.73854014401775,-21.6842108023794));
#2634=CARTESIAN_POINT('Ctrl Pts',(-5.73334547993118,-7.73854014401775,-21.6842108023794));
#2635=CARTESIAN_POINT('Ctrl Pts',(-6.98622669472363,-7.484688561939,-22.0096038312735));
#2636=CARTESIAN_POINT('Ctrl Pts',(-7.87123164069818,-7.17666486512805,-22.7603731162042));
#2637=CARTESIAN_POINT('Ctrl Pts',(-8.16200181795186,-7.09257256106351,-23.1444236974727));
#2638=CARTESIAN_POINT('',(-7.52960146190029,-6.35992991626292,-23.3872025822984));
#2639=CARTESIAN_POINT('Origin',(-8.16200181795186,-6.35992991626292,-22.9840031407489));
#2640=CARTESIAN_POINT('Ctrl Pts',(-7.52960146190029,-6.35992991626292,-23.3872025822984));
#2641=CARTESIAN_POINT('Ctrl Pts',(-7.29698531940408,-6.45978952733957,-23.0223545290059));
#2642=CARTESIAN_POINT('Ctrl Pts',(-6.58898136051444,-6.82556766730257,-22.3091237061962));
#2643=CARTESIAN_POINT('Ctrl Pts',(-5.58667638569337,-7.12701642102108,-22.0000003278255));
#2644=CARTESIAN_POINT('Ctrl Pts',(-5.,-7.12701642102108,-22.0000003278255));
#2645=CARTESIAN_POINT('Origin',(8.1956390562965E-8,-7.12701642102108,-21.2500003278255));
#2646=CARTESIAN_POINT('',(5.,-7.12701642102108,-22.0000003278255));
#2647=CARTESIAN_POINT('',(5.,-7.73854014401775,-21.6842108023794));
#2648=CARTESIAN_POINT('Origin',(5.,-7.12701642102108,-21.2500003278255));
#2649=CARTESIAN_POINT('',(8.1956390562965E-8,-7.73854014401775,-21.6842108023794));
#2650=CARTESIAN_POINT('',(8.1956390562965E-8,-7.12701642102108,-22.0000003278255));
#2651=CARTESIAN_POINT('Ctrl Pts',(8.16200203551075,-7.09257249814431,-23.1444239848255));
#2652=CARTESIAN_POINT('Ctrl Pts',(7.87122646621471,-7.1766663520387,-22.7603661902917));
#2653=CARTESIAN_POINT('Ctrl Pts',(6.9860894320574,-7.48471934657429,-22.0095295766672));
#2654=CARTESIAN_POINT('Ctrl Pts',(5.73335919637478,-7.73854014401775,-21.6842108023794));
#2655=CARTESIAN_POINT('Ctrl Pts',(5.,-7.73854014401775,-21.6842108023794));
#2656=CARTESIAN_POINT('Ctrl Pts',(8.00756230148682,-7.07199861327253,-23.2383852017627));
#2657=CARTESIAN_POINT('Ctrl Pts',(7.73795900278353,-7.14328300034424,-22.8673903513211));
#2658=CARTESIAN_POINT('Ctrl Pts',(6.90784496638555,-7.42230379307685,-22.1192524719808));
#2659=CARTESIAN_POINT('Ctrl Pts',(5.70477033407901,-7.66954704443934,-21.7813777745917));
#2660=CARTESIAN_POINT('Ctrl Pts',(5.,-7.66954704443934,-21.7813777745917));
#2661=CARTESIAN_POINT('Ctrl Pts',(7.69960432150894,-6.89562256062911,-23.3961103409845));
#2662=CARTESIAN_POINT('Ctrl Pts',(7.47163505370022,-6.96041938714417,-23.0411602493807));
#2663=CARTESIAN_POINT('Ctrl Pts',(6.75084055335252,-7.2308153144813,-22.2948864095505));
#2664=CARTESIAN_POINT('Ctrl Pts',(5.64765684382812,-7.48440676567836,-21.9420836824559));
#2665=CARTESIAN_POINT('Ctrl Pts',(5.,-7.48440676567836,-21.9420836824559));
#2666=CARTESIAN_POINT('Ctrl Pts',(7.54736054323503,-6.53884993251674,-23.4150569165945));
#2667=CARTESIAN_POINT('Ctrl Pts',(7.32461314762783,-6.62680254978596,-23.0563438416359));
#2668=CARTESIAN_POINT('Ctrl Pts',(6.63204621644201,-6.96054803602206,-22.3298244749978));
#2669=CARTESIAN_POINT('Ctrl Pts',(5.60319793214928,-7.24618633449904,-22.0000003278255));
#2670=CARTESIAN_POINT('Ctrl Pts',(5.,-7.24618633449904,-22.0000003278255));
#2671=CARTESIAN_POINT('Ctrl Pts',(7.5296016359474,-6.35992984154637,-23.3872028552836));
#2672=CARTESIAN_POINT('Ctrl Pts',(7.29698117981737,-6.45979129304593,-23.0223479493891));
#2673=CARTESIAN_POINT('Ctrl Pts',(6.58887155038112,-6.82560422405697,-22.30905316432));
#2674=CARTESIAN_POINT('Ctrl Pts',(5.58668735884834,-7.12701642102108,-22.0000003278255));
#2675=CARTESIAN_POINT('Ctrl Pts',(5.,-7.12701642102108,-22.0000003278255));
#2676=CARTESIAN_POINT('',(7.5296016359474,-6.35992984154637,-23.3872028552836));
#2677=CARTESIAN_POINT('Ctrl Pts',(5.,-7.12701642102108,-22.0000003278255));
#2678=CARTESIAN_POINT('Ctrl Pts',(5.58668735884834,-7.12701642102108,-22.0000003278255));
#2679=CARTESIAN_POINT('Ctrl Pts',(6.58887155038112,-6.82560422405697,-22.30905316432));
#2680=CARTESIAN_POINT('Ctrl Pts',(7.29698117981737,-6.45979129304593,-23.0223479493891));
#2681=CARTESIAN_POINT('Ctrl Pts',(7.5296016359474,-6.35992984154637,-23.3872028552836));
#2682=CARTESIAN_POINT('',(8.16200203556634,-7.09257249817608,-23.1444239848325));
#2683=CARTESIAN_POINT('Origin',(8.16200203551075,-6.35992984154637,-22.9840034819803));
#2684=CARTESIAN_POINT('Ctrl Pts',(8.16200203551075,-7.09257249814431,-23.1444239848255));
#2685=CARTESIAN_POINT('Ctrl Pts',(7.87122646621471,-7.1766663520387,-22.7603661902917));
#2686=CARTESIAN_POINT('Ctrl Pts',(6.9860894320574,-7.48471934657429,-22.0095295766672));
#2687=CARTESIAN_POINT('Ctrl Pts',(5.73335919637478,-7.73854014401775,-21.6842108023794));
#2688=CARTESIAN_POINT('Ctrl Pts',(5.,-7.73854014401775,-21.6842108023794));
#2689=CARTESIAN_POINT('Ctrl Pts',(-7.89136642222479,-6.16454344158018,-24.2000000721216));
#2690=CARTESIAN_POINT('Ctrl Pts',(-7.81095544968575,-6.1930650896524,-23.9093781987806));
#2691=CARTESIAN_POINT('Ctrl Pts',(-7.68947117675949,-6.2912995650863,-23.6379511056848));
#2692=CARTESIAN_POINT('Ctrl Pts',(-7.52960146189999,-6.35992991626304,-23.3872025822979));
#2693=CARTESIAN_POINT('Ctrl Pts',(-7.8940066092264,-6.29538557609861,-24.2095422535945));
#2694=CARTESIAN_POINT('Ctrl Pts',(-7.8186567044928,-6.31689483307848,-23.9333724085076));
#2695=CARTESIAN_POINT('Ctrl Pts',(-7.70195141569511,-6.40231155747806,-23.6610648753041));
#2696=CARTESIAN_POINT('Ctrl Pts',(-7.53974941301031,-6.46216996318472,-23.4031191913852));
#2697=CARTESIAN_POINT('Ctrl Pts',(-7.96726229894216,-6.55627654060107,-24.2097565216493));
#2698=CARTESIAN_POINT('Ctrl Pts',(-7.89387115882155,-6.56387299996282,-23.9572705428016));
#2699=CARTESIAN_POINT('Ctrl Pts',(-7.77355630132561,-6.62396334642171,-23.6826494349458));
#2700=CARTESIAN_POINT('Ctrl Pts',(-7.59709492409038,-6.66637076188157,-23.4112695386777));
#2701=CARTESIAN_POINT('Ctrl Pts',(-8.2985093527899,-6.8919617522032,-24.1444604682762));
#2702=CARTESIAN_POINT('Ctrl Pts',(-8.20244131642411,-6.89227086074434,-23.9044968773937));
#2703=CARTESIAN_POINT('Ctrl Pts',(-8.03678859888591,-6.93517752621067,-23.6281591919538));
#2704=CARTESIAN_POINT('Ctrl Pts',(-7.80959322849224,-6.96358346912604,-23.3408651627401));
#2705=CARTESIAN_POINT('Ctrl Pts',(-8.63697208927229,-6.93769406930033,-24.0544031416829));
#2706=CARTESIAN_POINT('Ctrl Pts',(-8.51373171209696,-6.95720388252224,-23.7928734125629));
#2707=CARTESIAN_POINT('Ctrl Pts',(-8.30230585070123,-7.03074712665998,-23.516329500578));
#2708=CARTESIAN_POINT('Ctrl Pts',(-8.02962491660452,-7.07493779456745,-23.2249618917668));
#2709=CARTESIAN_POINT('Ctrl Pts',(-8.81894407731733,-6.8860579221069,-24.));
#2710=CARTESIAN_POINT('Ctrl Pts',(-8.6849257901518,-6.92408678620316,-23.7164350579928));
#2711=CARTESIAN_POINT('Ctrl Pts',(-8.4558275909416,-7.02844167517864,-23.4373102377469));
#2712=CARTESIAN_POINT('Ctrl Pts',(-8.1620018179524,-7.09257256106354,-23.1444236974725));
#2713=CARTESIAN_POINT('Ctrl Pts',(-8.1620018179524,-7.09257256106354,-23.1444236974725));
#2714=CARTESIAN_POINT('Ctrl Pts',(-8.4558275909416,-7.02844167517864,-23.4373102377469));
#2715=CARTESIAN_POINT('Ctrl Pts',(-8.6849257901518,-6.92408678620316,-23.7164350579928));
#2716=CARTESIAN_POINT('Ctrl Pts',(-8.81894407731733,-6.8860579221069,-24.));
#2717=CARTESIAN_POINT('Ctrl Pts',(-7.89136642222479,-6.16454344158018,-24.2000000721216));
#2718=CARTESIAN_POINT('Ctrl Pts',(-7.81095544968575,-6.1930650896524,-23.9093781987806));
#2719=CARTESIAN_POINT('Ctrl Pts',(-7.68947117675949,-6.2912995650863,-23.6379511056848));
#2720=CARTESIAN_POINT('Ctrl Pts',(-7.52960146189999,-6.35992991626304,-23.3872025822979));
#2721=CARTESIAN_POINT('Ctrl Pts',(7.52960163601671,-6.35992984151661,-23.3872028553923));
#2722=CARTESIAN_POINT('Ctrl Pts',(7.68947126488647,-6.2912995350776,-23.6379513036267));
#2723=CARTESIAN_POINT('Ctrl Pts',(7.81095547980774,-6.19306515554273,-23.9093783076476));
#2724=CARTESIAN_POINT('Ctrl Pts',(7.89136642222479,-6.16454353460353,-24.2000000721216));
#2725=CARTESIAN_POINT('Ctrl Pts',(7.5397495830361,-6.46216989350137,-23.4031194618538));
#2726=CARTESIAN_POINT('Ctrl Pts',(7.70195149560208,-6.40231153014129,-23.6610650634986));
#2727=CARTESIAN_POINT('Ctrl Pts',(7.81865672898596,-6.31689489355308,-23.933372500936));
#2728=CARTESIAN_POINT('Ctrl Pts',(7.89400660750325,-6.29538565918462,-24.2095422473667));
#2729=CARTESIAN_POINT('Ctrl Pts',(7.59709509151382,-6.66637070227059,-23.4112698059731));
#2730=CARTESIAN_POINT('Ctrl Pts',(7.77355636713943,-6.62396332439843,-23.6826496074257));
#2731=CARTESIAN_POINT('Ctrl Pts',(7.89387116590007,-6.56387304978958,-23.9572706081551));
#2732=CARTESIAN_POINT('Ctrl Pts',(7.9672622828282,-6.5562766040779,-24.2097565060508));
#2733=CARTESIAN_POINT('Ctrl Pts',(7.8095934101946,-6.96358341945378,-23.3408654324572));
#2734=CARTESIAN_POINT('Ctrl Pts',(8.03678865204978,-6.93517751048498,-23.6281593544482));
#2735=CARTESIAN_POINT('Ctrl Pts',(8.2024412821541,-6.89227090741396,-23.9044969291747));
#2736=CARTESIAN_POINT('Ctrl Pts',(8.2985092848756,-6.89196180902305,-24.1444604512881));
#2737=CARTESIAN_POINT('Ctrl Pts',(8.02962512070753,-7.07493773966045,-23.22496217088));
#2738=CARTESIAN_POINT('Ctrl Pts',(8.30230590630141,-7.03074711065922,-23.5163296730978));
#2739=CARTESIAN_POINT('Ctrl Pts',(8.51373165547438,-6.95720395088772,-23.792873487367));
#2740=CARTESIAN_POINT('Ctrl Pts',(8.6369719859973,-6.93769416184963,-24.054403135213));
#2741=CARTESIAN_POINT('Ctrl Pts',(8.16200203558988,-7.09257249811976,-23.1444239849377));
#2742=CARTESIAN_POINT('Ctrl Pts',(8.45582765092824,-7.02844165755055,-23.437310421401));
#2743=CARTESIAN_POINT('Ctrl Pts',(8.68492573107975,-6.92408687405699,-23.7164351530462));
#2744=CARTESIAN_POINT('Ctrl Pts',(8.81894396804215,-6.88605804613803,-24.));
#2745=CARTESIAN_POINT('',(7.89136642222479,-6.16454353460353,-24.2000000721216));
#2746=CARTESIAN_POINT('',(8.81894396804215,-6.88605804613803,-24.));
#2747=CARTESIAN_POINT('Origin',(8.6142080170098,-6.16454353460353,-24.));
#2748=CARTESIAN_POINT('Ctrl Pts',(8.81894396804215,-6.88605804613803,-24.));
#2749=CARTESIAN_POINT('Ctrl Pts',(8.68492573107975,-6.92408687405699,-23.7164351530462));
#2750=CARTESIAN_POINT('Ctrl Pts',(8.45582765092824,-7.02844165755055,-23.437310421401));
#2751=CARTESIAN_POINT('Ctrl Pts',(8.16200203558988,-7.09257249811976,-23.1444239849377));
#2752=CARTESIAN_POINT('Ctrl Pts',(7.52960163601671,-6.35992984151661,-23.3872028553923));
#2753=CARTESIAN_POINT('Ctrl Pts',(7.68947126488647,-6.2912995350776,-23.6379513036267));
#2754=CARTESIAN_POINT('Ctrl Pts',(7.81095547980774,-6.19306515554273,-23.9093783076476));
#2755=CARTESIAN_POINT('Ctrl Pts',(7.89136642222479,-6.16454353460353,-24.2000000721216));
#2756=CARTESIAN_POINT('Ctrl Pts',(7.89136642222479,-6.16454353460353,-24.2000000721216));
#2757=CARTESIAN_POINT('Ctrl Pts',(7.96322237843919,-6.13905635233993,-24.459702348395));
#2758=CARTESIAN_POINT('Ctrl Pts',(8.03675722143247,-6.10375322297337,-25.0001072676962));
#2759=CARTESIAN_POINT('Ctrl Pts',(7.96321992133865,-6.1390572183235,-25.5403071521515));
#2760=CARTESIAN_POINT('Ctrl Pts',(7.89136652117642,-6.16454349950555,-25.8000003153047));
#2761=CARTESIAN_POINT('Ctrl Pts',(7.89400660750325,-6.29538565918462,-24.2095422473667));
#2762=CARTESIAN_POINT('Ctrl Pts',(7.96461261668191,-6.27335233761801,-24.4681292779367));
#2763=CARTESIAN_POINT('Ctrl Pts',(8.0353116646521,-6.24241754528982,-25.0001054024346));
#2764=CARTESIAN_POINT('Ctrl Pts',(7.96461020148049,-6.27335308593835,-25.5318801874088));
#2765=CARTESIAN_POINT('Ctrl Pts',(7.89400670476463,-6.29538562883376,-25.7904581415763));
#2766=CARTESIAN_POINT('Ctrl Pts',(7.96731603402529,-6.55633047429074,-24.2097458633112));
#2767=CARTESIAN_POINT('Ctrl Pts',(8.04070599964977,-6.54114755875876,-24.4712723069489));
#2768=CARTESIAN_POINT('Ctrl Pts',(8.1122800248306,-6.5188709271034,-25.0001044943082));
#2769=CARTESIAN_POINT('Ctrl Pts',(8.04070348813295,-6.54114807366928,-25.5287372610726));
#2770=CARTESIAN_POINT('Ctrl Pts',(7.9673161350912,-6.55633045332191,-25.7902545215879));
#2771=CARTESIAN_POINT('Ctrl Pts',(8.29848593076003,-6.89202099942827,-24.1444715601996));
#2772=CARTESIAN_POINT('Ctrl Pts',(8.39195398516483,-6.8795831141761,-24.4276440751089));
#2773=CARTESIAN_POINT('Ctrl Pts',(8.48492012898141,-6.86028776688777,-25.0001130847869));
#2774=CARTESIAN_POINT('Ctrl Pts',(8.39195078759411,-6.87958353536142,-25.5723662231628));
#2775=CARTESIAN_POINT('Ctrl Pts',(8.29848605949261,-6.89202098232624,-25.8555287949018));
#2776=CARTESIAN_POINT('Ctrl Pts',(8.6369719859973,-6.93769416184963,-24.054403135213));
#2777=CARTESIAN_POINT('Ctrl Pts',(8.74960301574736,-6.91407583358098,-24.3634211936149));
#2778=CARTESIAN_POINT('Ctrl Pts',(8.86451300809325,-6.87999783761071,-25.000126090432));
#2779=CARTESIAN_POINT('Ctrl Pts',(8.74959916411618,-6.91407663494268,-25.6365899719894));
#2780=CARTESIAN_POINT('Ctrl Pts',(8.63697214103753,-6.93769412909142,-25.9455971842698));
#2781=CARTESIAN_POINT('Ctrl Pts',(8.81894396804215,-6.88605804613804,-24.));
#2782=CARTESIAN_POINT('Ctrl Pts',(8.93870389470924,-6.85207513645323,-24.3246278443742));
#2783=CARTESIAN_POINT('Ctrl Pts',(9.06126196599946,-6.80500429729783,-25.0001339914876));
#2784=CARTESIAN_POINT('Ctrl Pts',(8.93869979954168,-6.85207629109799,-25.6753838450444));
#2785=CARTESIAN_POINT('Ctrl Pts',(8.81894413296153,-6.88605799934074,-26.0000002980184));
#2786=CARTESIAN_POINT('',(7.89136652117644,-6.16454349950554,-25.8000003153046));
#2787=CARTESIAN_POINT('',(8.818944132963,-6.88605799934032,-26.0000002980188));
#2788=CARTESIAN_POINT('Origin',(8.61420814069937,-6.16454349950554,-26.0000002980183));
#2789=CARTESIAN_POINT('Ctrl Pts',(8.81894413296153,-6.88605799934074,-26.0000002980184));
#2790=CARTESIAN_POINT('Ctrl Pts',(8.93869979954168,-6.85207629109799,-25.6753838450444));
#2791=CARTESIAN_POINT('Ctrl Pts',(9.06126196599946,-6.80500429729783,-25.0001339914876));
#2792=CARTESIAN_POINT('Ctrl Pts',(8.93870389470924,-6.85207513645323,-24.3246278443742));
#2793=CARTESIAN_POINT('Ctrl Pts',(8.81894396804215,-6.88605804613804,-24.));
#2794=CARTESIAN_POINT('Ctrl Pts',(7.89136642222479,-6.16454353460353,-24.2000000721216));
#2795=CARTESIAN_POINT('Ctrl Pts',(7.96322237843919,-6.13905635233993,-24.459702348395));
#2796=CARTESIAN_POINT('Ctrl Pts',(8.03675722143247,-6.10375322297337,-25.0001072676962));
#2797=CARTESIAN_POINT('Ctrl Pts',(7.96321992133865,-6.1390572183235,-25.5403071521515));
#2798=CARTESIAN_POINT('Ctrl Pts',(7.89136652117642,-6.16454349950555,-25.8000003153047));
#2799=CARTESIAN_POINT('Ctrl Pts',(7.89136652118981,-6.1645434995008,-25.8000003152563));
#2800=CARTESIAN_POINT('Ctrl Pts',(7.80429915980556,-6.195426147356,-26.114679905028));
#2801=CARTESIAN_POINT('Ctrl Pts',(7.55998733622351,-6.20216356100259,-26.642615758097));
#2802=CARTESIAN_POINT('Ctrl Pts',(7.18004096179327,-6.13322633794756,-27.0750323512858));
#2803=CARTESIAN_POINT('Ctrl Pts',(7.0000174664314,-6.07774637258384,-27.2360527874313));
#2804=CARTESIAN_POINT('Ctrl Pts',(7.89400670477817,-6.29538562882933,-25.7904581415267));
#2805=CARTESIAN_POINT('Ctrl Pts',(7.80616036568083,-6.32405185245745,-26.1120498621602));
#2806=CARTESIAN_POINT('Ctrl Pts',(7.55933496250347,-6.32993532948782,-26.6459982416359));
#2807=CARTESIAN_POINT('Ctrl Pts',(7.16890907754228,-6.26647720439661,-27.087695978973));
#2808=CARTESIAN_POINT('Ctrl Pts',(6.98152190104754,-6.21278225760432,-27.252595983634));
#2809=CARTESIAN_POINT('Ctrl Pts',(7.96731677593022,-6.55632925559662,-25.7902547928774));
#2810=CARTESIAN_POINT('Ctrl Pts',(7.87292866177813,-6.58060688705688,-26.1322907713227));
#2811=CARTESIAN_POINT('Ctrl Pts',(7.61520370745153,-6.58476879286245,-26.688629059802));
#2812=CARTESIAN_POINT('Ctrl Pts',(7.20052488300572,-6.53214568367699,-27.1636605750969));
#2813=CARTESIAN_POINT('Ctrl Pts',(6.99627274389073,-6.48196779821958,-27.3432864714325));
#2814=CARTESIAN_POINT('Ctrl Pts',(8.29848642534816,-6.89201886105677,-25.8555290626078));
#2815=CARTESIAN_POINT('Ctrl Pts',(8.17989005739099,-6.91560711850911,-26.2467914468218));
#2816=CARTESIAN_POINT('Ctrl Pts',(7.88717818879225,-6.91916658938,-26.8705242013529));
#2817=CARTESIAN_POINT('Ctrl Pts',(7.42747869735304,-6.86889250975979,-27.4372127587936));
#2818=CARTESIAN_POINT('Ctrl Pts',(7.19441904150423,-6.81681400968017,-27.6571149227431));
#2819=CARTESIAN_POINT('Ctrl Pts',(8.6369721410588,-6.93769412908628,-25.9455971842035));
#2820=CARTESIAN_POINT('Ctrl Pts',(8.49874774368708,-6.97064390348242,-26.372780664801));
#2821=CARTESIAN_POINT('Ctrl Pts',(8.17536507818526,-6.9767979145043,-27.0556262174557));
#2822=CARTESIAN_POINT('Ctrl Pts',(7.68650056982153,-6.90438581022153,-27.68953259268));
#2823=CARTESIAN_POINT('Ctrl Pts',(7.4387913547457,-6.84004266303109,-27.9367299765023));
#2824=CARTESIAN_POINT('Ctrl Pts',(8.81894413298386,-6.8860579993344,-26.0000002979496));
#2825=CARTESIAN_POINT('Ctrl Pts',(8.67383186443928,-6.92723486314133,-26.4432397600617));
#2826=CARTESIAN_POINT('Ctrl Pts',(8.33510961352001,-6.93621808133678,-27.1573620676037));
#2827=CARTESIAN_POINT('Ctrl Pts',(7.83062627364167,-6.84430178393007,-27.8169434362491));
#2828=CARTESIAN_POINT('Ctrl Pts',(7.57724989019454,-6.77032849677845,-28.0723127534734));
#2829=CARTESIAN_POINT('Ctrl Pts',(7.89136652118981,-6.1645434995008,-25.8000003152563));
#2830=CARTESIAN_POINT('Ctrl Pts',(7.80429915980556,-6.195426147356,-26.114679905028));
#2831=CARTESIAN_POINT('Ctrl Pts',(7.55998733622351,-6.20216356100259,-26.642615758097));
#2832=CARTESIAN_POINT('Ctrl Pts',(7.18004096179327,-6.13322633794756,-27.0750323512858));
#2833=CARTESIAN_POINT('Ctrl Pts',(7.0000174664314,-6.07774637258384,-27.2360527874313));
#2834=CARTESIAN_POINT('Ctrl Pts',(7.57724989019454,-6.77032849677845,-28.0723127534734));
#2835=CARTESIAN_POINT('Ctrl Pts',(7.83062627364167,-6.84430178393007,-27.8169434362491));
#2836=CARTESIAN_POINT('Ctrl Pts',(8.33510961352001,-6.93621808133678,-27.1573620676037));
#2837=CARTESIAN_POINT('Ctrl Pts',(8.67383186443928,-6.92723486314133,-26.4432397600617));
#2838=CARTESIAN_POINT('Ctrl Pts',(8.81894413298386,-6.8860579993344,-26.0000002979496));
#2839=CARTESIAN_POINT('Origin',(5.,0.,-25.000000372529));
#2840=CARTESIAN_POINT('',(5.,7.12701642102108,-22.0000003278255));
#2841=CARTESIAN_POINT('',(5.,0.,-22.0000003278255));
#2842=CARTESIAN_POINT('',(7.52960163603136,6.35992984151032,-23.3872028554153));
#2843=CARTESIAN_POINT('Ctrl Pts',(7.52960163603136,6.35992984151032,-23.3872028554153));
#2844=CARTESIAN_POINT('Ctrl Pts',(7.29698550612906,6.45978943580152,-23.0223547349759));
#2845=CARTESIAN_POINT('Ctrl Pts',(6.58898154719348,6.82556759047998,-22.3091237907606));
#2846=CARTESIAN_POINT('Ctrl Pts',(5.58667644780172,7.12701642102108,-22.0000003278255));
#2847=CARTESIAN_POINT('Ctrl Pts',(5.,7.12701642102108,-22.0000003278255));
#2848=CARTESIAN_POINT('',(7.89136642222479,6.16454353460353,-24.2000000721216));
#2849=CARTESIAN_POINT('Ctrl Pts',(7.89136642222479,6.16454353460353,-24.2000000721216));
#2850=CARTESIAN_POINT('Ctrl Pts',(7.81095547981007,6.1930651555419,-23.9093783076561));
#2851=CARTESIAN_POINT('Ctrl Pts',(7.6894712648938,6.29129953507164,-23.6379513036431));
#2852=CARTESIAN_POINT('Ctrl Pts',(7.52960163603106,6.35992984151045,-23.3872028554148));
#2853=CARTESIAN_POINT('',(7.89136652117645,6.16454349950554,-25.8000003153046));
#2854=CARTESIAN_POINT('Ctrl Pts',(7.89136652117642,6.16454349950556,-25.8000003153047));
#2855=CARTESIAN_POINT('Ctrl Pts',(7.96321992133864,6.1390572183235,-25.5403071521516));
#2856=CARTESIAN_POINT('Ctrl Pts',(8.03675722143247,6.10375322297337,-25.0001072676962));
#2857=CARTESIAN_POINT('Ctrl Pts',(7.96322237843919,6.13905635233993,-24.459702348395));
#2858=CARTESIAN_POINT('Ctrl Pts',(7.89136642222478,6.16454353460353,-24.2000000721216));
#2859=CARTESIAN_POINT('',(7.00001746643144,6.07774637258385,-27.2360527874313));
#2860=CARTESIAN_POINT('Ctrl Pts',(7.00001746643141,6.07774637258384,-27.2360527874313));
#2861=CARTESIAN_POINT('Ctrl Pts',(7.24004879358056,6.15171965973546,-27.0213588725706));
#2862=CARTESIAN_POINT('Ctrl Pts',(7.60550724634886,6.20359827684752,-26.5698267082072));
#2863=CARTESIAN_POINT('Ctrl Pts',(7.82606600015162,6.1877054853922,-26.036010007585));
#2864=CARTESIAN_POINT('Ctrl Pts',(7.89136652118981,6.1645434995008,-25.8000003152563));
#2865=CARTESIAN_POINT('',(6.60000013590623,5.92056696946053,-27.5377158477786));
#2866=CARTESIAN_POINT('Ctrl Pts',(6.60000013590623,5.92056696946053,-27.5377158477786));
#2867=CARTESIAN_POINT('Ctrl Pts',(6.7387526180363,5.98730594395863,-27.4502340191691));
#2868=CARTESIAN_POINT('Ctrl Pts',(6.87356251274511,6.03877525697205,-27.3491593114125));
#2869=CARTESIAN_POINT('Ctrl Pts',(7.00001746643144,6.07774637258385,-27.2360527874313));
#2870=CARTESIAN_POINT('',(5.,5.41421341485912,-28.0000004172325));
#2871=CARTESIAN_POINT('Ctrl Pts',(5.,5.41421341485912,-28.0000004172325));
#2872=CARTESIAN_POINT('Ctrl Pts',(5.29064743785353,5.41421341485912,-28.0000004172325));
#2873=CARTESIAN_POINT('Ctrl Pts',(5.86479216520603,5.55794519077252,-27.9134853257966));
#2874=CARTESIAN_POINT('Ctrl Pts',(6.36621309999951,5.80811703856236,-27.6851158588796));
#2875=CARTESIAN_POINT('Ctrl Pts',(6.60000013590372,5.92056696945932,-27.5377158477801));
#2876=CARTESIAN_POINT('',(5.,0.,-28.0000004172325));
#2877=CARTESIAN_POINT('Origin',(5.,0.,-22.0000003278255));
#2878=CARTESIAN_POINT('',(-5.,7.12701642102108,-22.0000003278255));
#2879=CARTESIAN_POINT('',(-5.,0.,-22.0000003278255));
#2880=CARTESIAN_POINT('',(8.1956390562965E-8,7.12701642102108,-22.0000003278255));
#2881=CARTESIAN_POINT('Origin',(3.50000016391277,-4.,-27.0000002980232));
#2882=CARTESIAN_POINT('',(-6.99999983608723,-4.,-30.0000002980232));
#2883=CARTESIAN_POINT('Origin',(-6.99999983608723,-4.,-27.0000002980232));
#2884=CARTESIAN_POINT('',(7.00000016391277,-4.,-30.0000002980232));
#2885=CARTESIAN_POINT('',(3.50000016391277,-4.,-30.0000002980232));
#2886=CARTESIAN_POINT('Origin',(7.00000016391277,-4.,-27.0000002980232));
#2887=CARTESIAN_POINT('Ctrl Pts',(-8.07335143541304,-4.,-29.8532997081683));
#2888=CARTESIAN_POINT('Ctrl Pts',(-7.54670080507829,-4.,-30.0000002980232));
#2889=CARTESIAN_POINT('Ctrl Pts',(-6.99999983608723,-4.,-30.0000002980232));
#2890=CARTESIAN_POINT('Ctrl Pts',(-8.07335143541304,-6.00206447850219,-29.8532997081683));
#2891=CARTESIAN_POINT('Ctrl Pts',(-7.54670080507829,-6.00206447850219,-30.0000002980232));
#2892=CARTESIAN_POINT('Ctrl Pts',(-6.99999983608723,-6.00206447850219,-30.0000002980232));
#2893=CARTESIAN_POINT('Ctrl Pts',(-7.57725043141529,-6.77032859003296,-28.0723122784411));
#2894=CARTESIAN_POINT('Ctrl Pts',(-7.29401668947874,-6.77032859003296,-28.1512081433952));
#2895=CARTESIAN_POINT('Ctrl Pts',(-6.99999983608723,-6.77032859003296,-28.1512081433952));
#2896=CARTESIAN_POINT('',(-8.07335143541278,-4.,-29.8532997081684));
#2897=CARTESIAN_POINT('Origin',(-7.26833773591862,-4.,-26.9633251505595));
#2898=CARTESIAN_POINT('Origin',(-6.99999983608723,-4.,-26.0000002980232));
#2899=CARTESIAN_POINT('Ctrl Pts',(-10.9999998360872,-4.,-26.0000002977404));
#2900=CARTESIAN_POINT('Ctrl Pts',(-10.999999836302,-4.,-29.0380703664029));
#2901=CARTESIAN_POINT('Ctrl Pts',(-8.07335143541278,-4.,-29.8532997081684));
#2902=CARTESIAN_POINT('Ctrl Pts',(-10.9999998360872,-6.43336585659631,-26.0000002977404));
#2903=CARTESIAN_POINT('Ctrl Pts',(-10.999999836302,-6.43336585659631,-29.0380703664029));
#2904=CARTESIAN_POINT('Ctrl Pts',(-8.07335143541278,-6.43336585659631,-29.8532997081684));
#2905=CARTESIAN_POINT('Ctrl Pts',(-8.61899488142672,-6.93544632617344,-26.0000002979088));
#2906=CARTESIAN_POINT('Ctrl Pts',(-8.61899488151365,-6.93544632617344,-27.2296553950485));
#2907=CARTESIAN_POINT('Ctrl Pts',(-7.43443756639105,-6.93544632617344,-27.5596184613319));
#2908=CARTESIAN_POINT('',(-10.9999998360872,-4.,-26.0000002980232));
#2909=CARTESIAN_POINT('Origin',(-7.99999983608723,-4.,-26.0000002980232));
#2910=CARTESIAN_POINT('Origin',(-6.99999983608723,-4.,-26.0000002980232));
#2911=CARTESIAN_POINT('Origin',(-7.99999983608723,-4.,-25.5000002980232));
#2912=CARTESIAN_POINT('',(-10.9999998360872,-4.,-24.));
#2913=CARTESIAN_POINT('Origin',(-7.99999983608723,-4.,-24.));
#2914=CARTESIAN_POINT('',(-10.9999998360872,-4.,-25.5000002980232));
#2915=CARTESIAN_POINT('Ctrl Pts',(-14.9999998360872,-11.,-20.));
#2916=CARTESIAN_POINT('Ctrl Pts',(-14.4016012354035,-9.9528024488034,-20.));
#2917=CARTESIAN_POINT('Ctrl Pts',(-13.2052657001257,-7.85921526206725,-20.2731577785176));
#2918=CARTESIAN_POINT('Ctrl Pts',(-11.7655407016247,-5.33969651469062,-21.4207988097967));
#2919=CARTESIAN_POINT('Ctrl Pts',(-11.1002433295645,-4.17542611358517,-22.802994699941));
#2920=CARTESIAN_POINT('Ctrl Pts',(-10.9999998360872,-4.,-23.7008006996581));
#2921=CARTESIAN_POINT('Ctrl Pts',(-10.9999998360872,-4.,-24.));
#2922=CARTESIAN_POINT('Ctrl Pts',(-14.9999998360872,-11.,-20.));
#2923=CARTESIAN_POINT('Ctrl Pts',(-14.3161157210201,-10.0382879631868,-20.));
#2924=CARTESIAN_POINT('Ctrl Pts',(-12.9473315144409,-8.11482252931511,-20.3541408449526));
#2925=CARTESIAN_POINT('Ctrl Pts',(-11.4962726795017,-5.90138953153383,-21.7519011862331));
#2926=CARTESIAN_POINT('Ctrl Pts',(-11.0497887809363,-5.01718857670238,-23.0816789966682));
#2927=CARTESIAN_POINT('Ctrl Pts',(-10.9999998360872,-4.89759790102565,-23.7688679954005));
#2928=CARTESIAN_POINT('Ctrl Pts',(-10.9999998360872,-4.89759790102565,-24.));
#2929=CARTESIAN_POINT('Ctrl Pts',(-14.9999998360872,-11.,-20.));
#2930=CARTESIAN_POINT('Ctrl Pts',(-14.1665160708491,-10.1878876133577,-20.));
#2931=CARTESIAN_POINT('Ctrl Pts',(-12.4999203392517,-8.56397475558575,-20.4130985413214));
#2932=CARTESIAN_POINT('Ctrl Pts',(-10.7479134867415,-6.88703967838071,-22.0197233068677));
#2933=CARTESIAN_POINT('Ctrl Pts',(-10.2821870561059,-6.47736813000766,-23.3248738906637));
#2934=CARTESIAN_POINT('Ctrl Pts',(-10.2473388178626,-6.45208304242225,-23.8276623593006));
#2935=CARTESIAN_POINT('Ctrl Pts',(-10.2473388178626,-6.45208304242225,-24.));
#2936=CARTESIAN_POINT('Ctrl Pts',(-14.9999998360872,-11.,-20.));
#2937=CARTESIAN_POINT('Ctrl Pts',(-14.0169164206782,-10.3374872635287,-20.));
#2938=CARTESIAN_POINT('Ctrl Pts',(-12.0517419180238,-9.01255595619473,-20.3345100656336));
#2939=CARTESIAN_POINT('Ctrl Pts',(-9.76252467406133,-7.56501645859089,-21.668250529074));
#2940=CARTESIAN_POINT('Ctrl Pts',(-8.80651068087527,-7.06219646410701,-23.0098395680463));
#2941=CARTESIAN_POINT('Ctrl Pts',(-8.67319826185648,-6.99999999999999,-23.7511442501713));
#2942=CARTESIAN_POINT('Ctrl Pts',(-8.67319826185648,-6.99999999999999,-24.));
#2943=CARTESIAN_POINT('Ctrl Pts',(-14.9999998360872,-11.,-20.));
#2944=CARTESIAN_POINT('Ctrl Pts',(-13.9528022848906,-10.4016013993162,-20.));
#2945=CARTESIAN_POINT('Ctrl Pts',(-11.8592150981545,-9.20526586403843,-20.2731577785176));
#2946=CARTESIAN_POINT('Ctrl Pts',(-9.33969635077786,-7.76554086553749,-21.4207988097967));
#2947=CARTESIAN_POINT('Ctrl Pts',(-8.1754259496724,-7.10024349347723,-22.802994699941));
#2948=CARTESIAN_POINT('Ctrl Pts',(-7.99999983608723,-6.99999999999999,-23.7008006996581));
#2949=CARTESIAN_POINT('Ctrl Pts',(-7.99999983608723,-6.99999999999999,-24.));
#2950=CARTESIAN_POINT('',(-14.9999998360872,-11.,-20.));
#2951=CARTESIAN_POINT('Origin',(-14.9999998360872,-11.,-24.));
#2952=CARTESIAN_POINT('Origin',(-14.9999998360872,-11.,-24.));
#2953=CARTESIAN_POINT('Ctrl Pts',(6.60000013590623,5.92056696946053,-27.5377158477786));
#2954=CARTESIAN_POINT('Ctrl Pts',(6.7387526180363,5.98730594395863,-27.4502340191691));
#2955=CARTESIAN_POINT('Ctrl Pts',(6.87356251274511,6.03877525697205,-27.3491593114125));
#2956=CARTESIAN_POINT('Ctrl Pts',(7.00001746643144,6.07774637258385,-27.2360527874313));
#2957=CARTESIAN_POINT('Ctrl Pts',(6.56208942176869,6.0582529986697,-27.561618112774));
#2958=CARTESIAN_POINT('Ctrl Pts',(6.70861956836552,6.12462261470601,-27.472151824935));
#2959=CARTESIAN_POINT('Ctrl Pts',(6.84989443388044,6.17506500299731,-27.3684276555519));
#2960=CARTESIAN_POINT('Ctrl Pts',(6.98152190104758,6.21278225760433,-27.252595983634));
#2961=CARTESIAN_POINT('Ctrl Pts',(6.53259120115428,6.33255498539878,-27.6822415098883));
#2962=CARTESIAN_POINT('Ctrl Pts',(6.69685440358785,6.39822743358657,-27.5834355358996));
#2963=CARTESIAN_POINT('Ctrl Pts',(6.85279868606158,6.44672113001085,-27.4694621174621));
#2964=CARTESIAN_POINT('Ctrl Pts',(6.99627270727311,6.48196787471404,-27.3432864515784));
#2965=CARTESIAN_POINT('Ctrl Pts',(6.65799282414642,6.65872575474663,-28.080203340186));
#2966=CARTESIAN_POINT('Ctrl Pts',(6.85037044124349,6.72923046293921,-27.954228537354));
#2967=CARTESIAN_POINT('Ctrl Pts',(7.03070955812211,6.78023234029405,-27.8115820856539));
#2968=CARTESIAN_POINT('Ctrl Pts',(7.19441901130919,6.81681414481009,-27.6571149262319));
#2969=CARTESIAN_POINT('Ctrl Pts',(6.87095760832702,6.6517685346086,-28.413734756757));
#2970=CARTESIAN_POINT('Ctrl Pts',(7.07379144094706,6.73333831248363,-28.2709324220562));
#2971=CARTESIAN_POINT('Ctrl Pts',(7.26479152623932,6.79484573092153,-28.1103702763964));
#2972=CARTESIAN_POINT('Ctrl Pts',(7.43879135474576,6.84004266303111,-27.9367299765022));
#2973=CARTESIAN_POINT('Ctrl Pts',(7.00000016392405,6.56075595928071,-28.5628595101752));
#2974=CARTESIAN_POINT('Ctrl Pts',(7.20463842052663,6.64974125861151,-28.4170564629274));
#2975=CARTESIAN_POINT('Ctrl Pts',(7.39926923956,6.71836700929606,-28.2516933122033));
#2976=CARTESIAN_POINT('Ctrl Pts',(7.5772498901946,6.77032849677846,-28.0723127534734));
#2977=CARTESIAN_POINT('',(7.57724989019453,6.77032849677847,-28.0723127534734));
#2978=CARTESIAN_POINT('Origin',(7.50002182558866,6.07774637258385,-27.7950658828269));
#2979=CARTESIAN_POINT('',(7.00000016391841,6.56075595928071,-28.5628595101752));
#2980=CARTESIAN_POINT('Ctrl Pts',(7.5772498901946,6.77032849677846,-28.0723127534734));
#2981=CARTESIAN_POINT('Ctrl Pts',(7.39926923956,6.71836700929606,-28.2516933122033));
#2982=CARTESIAN_POINT('Ctrl Pts',(7.20463842052663,6.64974125861151,-28.4170564629274));
#2983=CARTESIAN_POINT('Ctrl Pts',(7.00000016392405,6.56075595928071,-28.5628595101752));
#2984=CARTESIAN_POINT('Origin',(7.00000016392233,5.92056696946053,-28.1721447071372));
#2985=CARTESIAN_POINT('Ctrl Pts',(5.,5.41421341485912,-28.0000004172325));
#2986=CARTESIAN_POINT('Ctrl Pts',(5.29064743785353,5.41421341485912,-28.0000004172325));
#2987=CARTESIAN_POINT('Ctrl Pts',(5.86479216520603,5.55794519077252,-27.9134853257966));
#2988=CARTESIAN_POINT('Ctrl Pts',(6.36621309999951,5.80811703856236,-27.6851158588796));
#2989=CARTESIAN_POINT('Ctrl Pts',(6.60000013590372,5.92056696945932,-27.5377158477801));
#2990=CARTESIAN_POINT('Ctrl Pts',(5.,5.59006476621449,-28.0000004172325));
#2991=CARTESIAN_POINT('Ctrl Pts',(5.26953222064543,5.59006476621449,-28.0000004172325));
#2992=CARTESIAN_POINT('Ctrl Pts',(5.81071668402163,5.71677941160451,-27.9274935773524));
#2993=CARTESIAN_POINT('Ctrl Pts',(6.3217357488212,5.95202657783176,-27.7081886241218));
#2994=CARTESIAN_POINT('Ctrl Pts',(6.56208942176589,6.05825299866837,-27.5616181127757));
#2995=CARTESIAN_POINT('Ctrl Pts',(5.,5.94124066606014,-28.1291072868382));
#2996=CARTESIAN_POINT('Ctrl Pts',(5.23993896241616,5.94124066606014,-28.1291072868382));
#2997=CARTESIAN_POINT('Ctrl Pts',(5.73875589222651,6.03413400285526,-28.0674422499967));
#2998=CARTESIAN_POINT('Ctrl Pts',(6.27709087127578,6.23975068645614,-27.8396412650244));
#2999=CARTESIAN_POINT('Ctrl Pts',(6.5323468796961,6.33344672762782,-27.682398239141));
#3000=CARTESIAN_POINT('Ctrl Pts',(5.,6.19443382142854,-28.5762837110686));
#3001=CARTESIAN_POINT('Ctrl Pts',(5.2528937614432,6.19443382142854,-28.5762837110686));
#3002=CARTESIAN_POINT('Ctrl Pts',(5.78168953777813,6.28469094562853,-28.4834677514185));
#3003=CARTESIAN_POINT('Ctrl Pts',(6.35862485557818,6.49350763804345,-28.1893923303176));
#3004=CARTESIAN_POINT('Ctrl Pts',(6.63125670940467,6.58820383348492,-27.9947575856129));
#3005=CARTESIAN_POINT('Ctrl Pts',(5.,6.14804209014575,-29.0294005150607));
#3006=CARTESIAN_POINT('Ctrl Pts',(5.30242557861939,6.14804209014575,-29.0294005150607));
#3007=CARTESIAN_POINT('Ctrl Pts',(5.91738041046582,6.28032668837409,-28.8998353166488));
#3008=CARTESIAN_POINT('Ctrl Pts',(6.52250509852696,6.53982816830586,-28.5433510659474));
#3009=CARTESIAN_POINT('Ctrl Pts',(6.80656493197152,6.65615273756179,-28.3142790635614));
#3010=CARTESIAN_POINT('Ctrl Pts',(5.,5.98819784842383,-29.250436676933));
#3011=CARTESIAN_POINT('Ctrl Pts',(5.34291884143562,5.98819784842383,-29.250436676933));
#3012=CARTESIAN_POINT('Ctrl Pts',(6.0262842872961,6.16011541907095,-29.1080349193468));
#3013=CARTESIAN_POINT('Ctrl Pts',(6.64594769153988,6.46823330792922,-28.7306018616594));
#3014=CARTESIAN_POINT('Ctrl Pts',(6.93547888612066,6.60626224694298,-28.4882971334687));
#3015=CARTESIAN_POINT('Ctrl Pts',(5.,5.88561788647882,-29.3333337903023));
#3016=CARTESIAN_POINT('Ctrl Pts',(5.36330929623413,5.88561788647882,-29.3333337903023));
#3017=CARTESIAN_POINT('Ctrl Pts',(6.08099020328595,6.07726025436336,-29.1891419716721));
#3018=CARTESIAN_POINT('Ctrl Pts',(6.70776636990984,6.41082271808315,-28.8085261946115));
#3019=CARTESIAN_POINT('Ctrl Pts',(7.00000016391919,6.5607559592791,-28.5628595101778));
#3020=CARTESIAN_POINT('',(5.,5.88561788647882,-29.3333337903023));
#3021=CARTESIAN_POINT('Ctrl Pts',(7.00000016391919,6.5607559592791,-28.5628595101778));
#3022=CARTESIAN_POINT('Ctrl Pts',(6.70776636990984,6.41082271808315,-28.8085261946115));
#3023=CARTESIAN_POINT('Ctrl Pts',(6.08099020328595,6.07726025436336,-29.1891419716721));
#3024=CARTESIAN_POINT('Ctrl Pts',(5.36330929623413,5.88561788647882,-29.3333337903023));
#3025=CARTESIAN_POINT('Ctrl Pts',(5.,5.88561788647882,-29.3333337903023));
#3026=CARTESIAN_POINT('Origin',(5.,5.41421341485912,-28.7500004172325));
#3027=CARTESIAN_POINT('Origin',(3.50000016391277,5.41421341485912,-28.7500004172325));
#3028=CARTESIAN_POINT('',(-5.,5.88561788647882,-29.3333337903023));
#3029=CARTESIAN_POINT('',(-5.,5.41421341485912,-28.0000004172325));
#3030=CARTESIAN_POINT('Origin',(-5.,5.41421341485912,-28.7500004172325));
#3031=CARTESIAN_POINT('',(3.50000016391277,5.41421341485912,-28.0000004172325));
#3032=CARTESIAN_POINT('',(3.50000016391277,5.88561788647882,-29.3333337903023));
#3033=CARTESIAN_POINT('Ctrl Pts',(-6.59999987364077,5.92056684331268,-27.5377160131339));
#3034=CARTESIAN_POINT('Ctrl Pts',(-6.36621336894902,5.80811716646944,-27.6851156555448));
#3035=CARTESIAN_POINT('Ctrl Pts',(-5.86479024360438,5.55794452293942,-27.9134858752354));
#3036=CARTESIAN_POINT('Ctrl Pts',(-5.29064676067911,5.41421341485912,-28.0000004172325));
#3037=CARTESIAN_POINT('Ctrl Pts',(-5.,5.41421341485912,-28.0000004172325));
#3038=CARTESIAN_POINT('Ctrl Pts',(-6.56208915213827,6.05825287954378,-27.5616182772974));
#3039=CARTESIAN_POINT('Ctrl Pts',(-6.32173602785645,5.95202669893655,-27.7081884192956));
#3040=CARTESIAN_POINT('Ctrl Pts',(-5.81071480528878,5.71677879726398,-27.9274940879307));
#3041=CARTESIAN_POINT('Ctrl Pts',(-5.26953159266701,5.59006476621449,-28.0000004172325));
#3042=CARTESIAN_POINT('Ctrl Pts',(-5.,5.59006476621449,-28.0000004172325));
#3043=CARTESIAN_POINT('Ctrl Pts',(-6.53234659335803,6.33344662249402,-27.6823984155392));
#3044=CARTESIAN_POINT('Ctrl Pts',(-6.27709117082851,6.23975079372311,-27.8396410427449));
#3045=CARTESIAN_POINT('Ctrl Pts',(-5.73875404181044,6.03413349613579,-28.0674427597867));
#3046=CARTESIAN_POINT('Ctrl Pts',(-5.23993840338661,5.94124066606034,-28.1291072868378));
#3047=CARTESIAN_POINT('Ctrl Pts',(-5.,5.94124066606034,-28.1291072868378));
#3048=CARTESIAN_POINT('Ctrl Pts',(-6.63125640357639,6.58820372723549,-27.9947578039832));
#3049=CARTESIAN_POINT('Ctrl Pts',(-6.35862517514924,6.49350774607811,-28.1893920592686));
#3050=CARTESIAN_POINT('Ctrl Pts',(-5.78168756522165,6.28469043785372,-28.4834684291554));
#3051=CARTESIAN_POINT('Ctrl Pts',(-5.25289317223053,6.19443382142873,-28.5762837110685));
#3052=CARTESIAN_POINT('Ctrl Pts',(-5.,6.19443382142873,-28.5762837110685));
#3053=CARTESIAN_POINT('Ctrl Pts',(-6.80656461330639,6.65615260706631,-28.3142793205045));
#3054=CARTESIAN_POINT('Ctrl Pts',(-6.52250542865657,6.53982830021351,-28.5433507504643));
#3055=CARTESIAN_POINT('Ctrl Pts',(-5.91737823225488,6.28032602374771,-28.8998361653056));
#3056=CARTESIAN_POINT('Ctrl Pts',(-5.30242487400339,6.14804209014601,-29.0294005150606));
#3057=CARTESIAN_POINT('Ctrl Pts',(-5.,6.14804209014601,-29.0294005150606));
#3058=CARTESIAN_POINT('Ctrl Pts',(-6.93547856133943,6.60626209205785,-28.4882974052946));
#3059=CARTESIAN_POINT('Ctrl Pts',(-6.64594802575498,6.46823346453084,-28.7306015280886));
#3060=CARTESIAN_POINT('Ctrl Pts',(-6.02628196003078,6.16011460552599,-29.1080358260414));
#3061=CARTESIAN_POINT('Ctrl Pts',(-5.34291804247504,5.98819784842383,-29.250436676933));
#3062=CARTESIAN_POINT('Ctrl Pts',(-5.,5.98819784842383,-29.250436676933));
#3063=CARTESIAN_POINT('Ctrl Pts',(-6.99999983609049,6.56075579108357,-28.5628597857674));
#3064=CARTESIAN_POINT('Ctrl Pts',(-6.70776670609677,6.41082288862593,-28.8085258557201));
#3065=CARTESIAN_POINT('Ctrl Pts',(-6.08098780128388,6.07725936391922,-29.1891428874035));
#3066=CARTESIAN_POINT('Ctrl Pts',(-5.36330844976617,5.88561788647882,-29.3333337903023));
#3067=CARTESIAN_POINT('Ctrl Pts',(-5.,5.88561788647882,-29.3333337903023));
#3068=CARTESIAN_POINT('',(-6.99999983608886,6.56075579108357,-28.5628597857674));
#3069=CARTESIAN_POINT('Ctrl Pts',(-5.,5.88561788647882,-29.3333337903023));
#3070=CARTESIAN_POINT('Ctrl Pts',(-5.36330844976617,5.88561788647882,-29.3333337903023));
#3071=CARTESIAN_POINT('Ctrl Pts',(-6.08098780128388,6.07725936391922,-29.1891428874035));
#3072=CARTESIAN_POINT('Ctrl Pts',(-6.70776670609677,6.41082288862593,-28.8085258557201));
#3073=CARTESIAN_POINT('Ctrl Pts',(-6.99999983609049,6.56075579108357,-28.5628597857674));
#3074=CARTESIAN_POINT('',(-6.59999987364077,5.92056684331268,-27.5377160131339));
#3075=CARTESIAN_POINT('Origin',(-6.99999983609049,5.92056684331268,-28.1721449138314));
#3076=CARTESIAN_POINT('Ctrl Pts',(-6.59999987364077,5.92056684331268,-27.5377160131339));
#3077=CARTESIAN_POINT('Ctrl Pts',(-6.36621336894902,5.80811716646944,-27.6851156555448));
#3078=CARTESIAN_POINT('Ctrl Pts',(-5.86479024360438,5.55794452293942,-27.9134858752354));
#3079=CARTESIAN_POINT('Ctrl Pts',(-5.29064676067911,5.41421341485912,-28.0000004172325));
#3080=CARTESIAN_POINT('Ctrl Pts',(-5.,5.41421341485912,-28.0000004172325));
#3081=CARTESIAN_POINT('Ctrl Pts',(-7.00001781199344,6.07774644252472,-27.2360524783463));
#3082=CARTESIAN_POINT('Ctrl Pts',(-6.87356267930595,6.03877529849849,-27.3491591976106));
#3083=CARTESIAN_POINT('Ctrl Pts',(-6.73875257562366,5.98730592442279,-27.4502340659497));
#3084=CARTESIAN_POINT('Ctrl Pts',(-6.5999998736403,5.92056684331245,-27.5377160131342));
#3085=CARTESIAN_POINT('Ctrl Pts',(-6.98152226409673,6.21278232989405,-27.2525956640528));
#3086=CARTESIAN_POINT('Ctrl Pts',(-6.84989461340499,6.1750650490307,-27.3684275350516));
#3087=CARTESIAN_POINT('Ctrl Pts',(-6.70861953072001,6.12462260190811,-27.4721518689789));
#3088=CARTESIAN_POINT('Ctrl Pts',(-6.56208915213785,6.05825287954361,-27.5616182772976));
#3089=CARTESIAN_POINT('Ctrl Pts',(-6.99627311309271,6.48196795171305,-27.3432861019767));
#3090=CARTESIAN_POINT('Ctrl Pts',(-6.8527988968659,6.44672118502649,-27.4694619813085));
#3091=CARTESIAN_POINT('Ctrl Pts',(-6.69685437784077,6.39822743407683,-27.583435579614));
#3092=CARTESIAN_POINT('Ctrl Pts',(-6.5325909148545,6.33255488006582,-27.6822416861919));
#3093=CARTESIAN_POINT('Ctrl Pts',(-7.19441949800953,6.81681423018405,-27.657114508407));
#3094=CARTESIAN_POINT('Ctrl Pts',(-7.03070982595778,6.78023240436158,-27.8115819215891));
#3095=CARTESIAN_POINT('Ctrl Pts',(-6.8503704372117,6.7292304708201,-27.9542285962947));
#3096=CARTESIAN_POINT('Ctrl Pts',(-6.65799251294874,6.65872564842594,-28.0802035701383));
#3097=CARTESIAN_POINT('Ctrl Pts',(-7.43879188356268,6.84004275400963,-27.9367295159519));
#3098=CARTESIAN_POINT('Ctrl Pts',(-7.26479181959839,6.79484579165759,-28.1103700992777));
#3099=CARTESIAN_POINT('Ctrl Pts',(-7.0737914436311,6.73333830227105,-28.2709324955723));
#3100=CARTESIAN_POINT('Ctrl Pts',(-6.8709572865883,6.65176839303199,-28.4137350248223));
#3101=CARTESIAN_POINT('Ctrl Pts',(-7.5772504314153,6.77032859003296,-28.0723122784411));
#3102=CARTESIAN_POINT('Ctrl Pts',(-7.39926953698973,6.71836706466465,-28.2516931316106));
#3103=CARTESIAN_POINT('Ctrl Pts',(-7.20463841947497,6.6497412325637,-28.417056540895));
#3104=CARTESIAN_POINT('Ctrl Pts',(-6.9999998360904,6.56075579108327,-28.5628597857679));
#3105=CARTESIAN_POINT('',(-7.57725043141523,6.77032859003296,-28.0723122784411));
#3106=CARTESIAN_POINT('Ctrl Pts',(-6.9999998360904,6.56075579108327,-28.5628597857679));
#3107=CARTESIAN_POINT('Ctrl Pts',(-7.20463841947497,6.6497412325637,-28.417056540895));
#3108=CARTESIAN_POINT('Ctrl Pts',(-7.39926953698973,6.71836706466465,-28.2516931316106));
#3109=CARTESIAN_POINT('Ctrl Pts',(-7.5772504314153,6.77032859003296,-28.0723122784411));
#3110=CARTESIAN_POINT('',(-7.00001781199344,6.07774644252472,-27.2360524783463));
#3111=CARTESIAN_POINT('Origin',(-7.50002225754115,6.07774644252472,-27.7950654964707));
#3112=CARTESIAN_POINT('Ctrl Pts',(-7.00001781199344,6.07774644252472,-27.2360524783463));
#3113=CARTESIAN_POINT('Ctrl Pts',(-6.87356267930595,6.03877529849849,-27.3491591976106));
#3114=CARTESIAN_POINT('Ctrl Pts',(-6.73875257562366,5.98730592442279,-27.4502340659497));
#3115=CARTESIAN_POINT('Ctrl Pts',(-6.5999998736403,5.92056684331245,-27.5377160131342));
#3116=CARTESIAN_POINT('Ctrl Pts',(-8.16200181784692,7.09257256109386,-23.1444236973341));
#3117=CARTESIAN_POINT('Ctrl Pts',(-7.77430103824624,7.20469771833647,-22.6323467327942));
#3118=CARTESIAN_POINT('Ctrl Pts',(-6.81584436084008,7.54953067042382,-21.9289815999024));
#3119=CARTESIAN_POINT('Ctrl Pts',(-5.55001933841367,7.73854014401775,-21.6842108023794));
#3120=CARTESIAN_POINT('Ctrl Pts',(-5.,7.73854014401775,-21.6842108023794));
#3121=CARTESIAN_POINT('Ctrl Pts',(-8.00756209961541,7.07199866684377,-23.2383849240154));
#3122=CARTESIAN_POINT('Ctrl Pts',(-7.64809101346954,7.16704453612952,-22.743725208991));
#3123=CARTESIAN_POINT('Ctrl Pts',(-6.74531389018323,7.48474251209302,-22.0347698259338));
#3124=CARTESIAN_POINT('Ctrl Pts',(-5.52857769398668,7.66954704443934,-21.7813777745917));
#3125=CARTESIAN_POINT('Ctrl Pts',(-5.,7.66954704443934,-21.7813777745917));
#3126=CARTESIAN_POINT('Ctrl Pts',(-7.69960415096792,6.89562260903495,-23.3961100752973));
#3127=CARTESIAN_POINT('Ctrl Pts',(-7.39564510485379,6.98201839966977,-22.922843360178));
#3128=CARTESIAN_POINT('Ctrl Pts',(-6.6040171521573,7.29411810913308,-22.2053546023715));
#3129=CARTESIAN_POINT('Ctrl Pts',(-5.48574258088305,7.48440676567855,-21.9420836824562));
#3130=CARTESIAN_POINT('Ctrl Pts',(-5.,7.48440676567855,-21.9420836824562));
#3131=CARTESIAN_POINT('Ctrl Pts',(-7.54736037626273,6.53884999840758,-23.4150566480715));
#3132=CARTESIAN_POINT('Ctrl Pts',(-7.25036382973673,6.65612017694084,-22.93677262997));
#3133=CARTESIAN_POINT('Ctrl Pts',(-6.49394705889355,7.0330404866115,-22.2472672018276));
#3134=CARTESIAN_POINT('Ctrl Pts',(-5.45239840069267,7.24618633449905,-22.0000003278255));
#3135=CARTESIAN_POINT('Ctrl Pts',(-5.,7.24618633449905,-22.0000003278255));
#3136=CARTESIAN_POINT('Ctrl Pts',(-7.52960146181634,6.35992991629896,-23.3872025821667));
#3137=CARTESIAN_POINT('Ctrl Pts',(-7.21944083721145,6.49307854052455,-22.900729464404));
#3138=CARTESIAN_POINT('Ctrl Pts',(-6.45267549300136,6.90256767112829,-22.2325325861653));
#3139=CARTESIAN_POINT('Ctrl Pts',(-5.44001547204229,7.12701642102108,-22.0000003278255));
#3140=CARTESIAN_POINT('Ctrl Pts',(-5.,7.12701642102108,-22.0000003278255));
#3141=CARTESIAN_POINT('',(-5.,7.73854014401775,-21.6842108023794));
#3142=CARTESIAN_POINT('Origin',(-5.,7.12701642102108,-21.2500003278255));
#3143=CARTESIAN_POINT('',(-7.52960146181634,6.35992991629896,-23.3872025821667));
#3144=CARTESIAN_POINT('Ctrl Pts',(-5.,7.12701642102108,-22.0000003278255));
#3145=CARTESIAN_POINT('Ctrl Pts',(-5.44001547204229,7.12701642102108,-22.0000003278255));
#3146=CARTESIAN_POINT('Ctrl Pts',(-6.45267549300136,6.90256767112829,-22.2325325861653));
#3147=CARTESIAN_POINT('Ctrl Pts',(-7.21944083721145,6.49307854052455,-22.900729464404));
#3148=CARTESIAN_POINT('Ctrl Pts',(-7.52960146181634,6.35992991629896,-23.3872025821667));
#3149=CARTESIAN_POINT('',(-8.16200181790251,7.09257256112562,-23.1444236973411));
#3150=CARTESIAN_POINT('Origin',(-8.16200181784692,6.35992991629896,-22.9840031405843));
#3151=CARTESIAN_POINT('Ctrl Pts',(-8.16200181784692,7.09257256109386,-23.1444236973341));
#3152=CARTESIAN_POINT('Ctrl Pts',(-7.77430103824624,7.20469771833647,-22.6323467327942));
#3153=CARTESIAN_POINT('Ctrl Pts',(-6.81584436084008,7.54953067042382,-21.9289815999024));
#3154=CARTESIAN_POINT('Ctrl Pts',(-5.55001933841367,7.73854014401775,-21.6842108023794));
#3155=CARTESIAN_POINT('Ctrl Pts',(-5.,7.73854014401775,-21.6842108023794));
#3156=CARTESIAN_POINT('Origin',(8.1956390562965E-8,7.12701642102108,-21.2500003278255));
#3157=CARTESIAN_POINT('',(5.,7.73854014401775,-21.6842108023794));
#3158=CARTESIAN_POINT('Origin',(5.,7.12701642102108,-21.2500003278255));
#3159=CARTESIAN_POINT('',(8.1956390562965E-8,7.73854014401775,-21.6842108023794));
#3160=CARTESIAN_POINT('Ctrl Pts',(7.52960163603136,6.35992984151032,-23.3872028554153));
#3161=CARTESIAN_POINT('Ctrl Pts',(7.29698550612906,6.45978943580152,-23.0223547349759));
#3162=CARTESIAN_POINT('Ctrl Pts',(6.58898154719348,6.82556759047998,-22.3091237907606));
#3163=CARTESIAN_POINT('Ctrl Pts',(5.58667644780172,7.12701642102108,-22.0000003278255));
#3164=CARTESIAN_POINT('Ctrl Pts',(5.,7.12701642102108,-22.0000003278255));
#3165=CARTESIAN_POINT('Ctrl Pts',(7.54736054331554,6.53884993248497,-23.4150569167239));
#3166=CARTESIAN_POINT('Ctrl Pts',(7.32461729032011,6.6268009140236,-23.0563505129991));
#3167=CARTESIAN_POINT('Ctrl Pts',(6.63215645437763,6.96051437337658,-22.329896236194));
#3168=CARTESIAN_POINT('Ctrl Pts',(5.60318671404367,7.24618633449905,-22.0000003278255));
#3169=CARTESIAN_POINT('Ctrl Pts',(5.,7.24618633449905,-22.0000003278255));
#3170=CARTESIAN_POINT('Ctrl Pts',(7.69960432159117,6.89562256060577,-23.3961103411126));
#3171=CARTESIAN_POINT('Ctrl Pts',(7.47163929351063,6.9604181820364,-23.0411668507624));
#3172=CARTESIAN_POINT('Ctrl Pts',(6.75095710462113,7.23078749158987,-22.2949598147008));
#3173=CARTESIAN_POINT('Ctrl Pts',(5.64764479888818,7.48440676567836,-21.9420836824559));
#3174=CARTESIAN_POINT('Ctrl Pts',(5.,7.48440676567836,-21.9420836824559));
#3175=CARTESIAN_POINT('Ctrl Pts',(8.00756230158416,7.0719986132467,-23.2383852018966));
#3176=CARTESIAN_POINT('Ctrl Pts',(7.73796401690881,7.14328167458056,-22.8673972511011));
#3177=CARTESIAN_POINT('Ctrl Pts',(6.90797544736821,7.42227546865503,-22.1193263877292));
#3178=CARTESIAN_POINT('Ctrl Pts',(5.70475722695846,7.66954704443934,-21.7813777745917));
#3179=CARTESIAN_POINT('Ctrl Pts',(5.,7.66954704443934,-21.7813777745917));
#3180=CARTESIAN_POINT('Ctrl Pts',(8.16200203561571,7.09257249811396,-23.1444239849642));
#3181=CARTESIAN_POINT('Ctrl Pts',(7.87123187410441,7.17666478804338,-22.7603733330147));
#3182=CARTESIAN_POINT('Ctrl Pts',(6.98622692807243,7.4846884972463,-22.0096039202887));
#3183=CARTESIAN_POINT('Ctrl Pts',(5.73334555756662,7.73854014401775,-21.6842108023794));
#3184=CARTESIAN_POINT('Ctrl Pts',(5.,7.73854014401775,-21.6842108023794));
#3185=CARTESIAN_POINT('',(8.16200203561444,7.09257249811323,-23.144423984964));
#3186=CARTESIAN_POINT('Ctrl Pts',(5.,7.73854014401775,-21.6842108023794));
#3187=CARTESIAN_POINT('Ctrl Pts',(5.73334555756662,7.73854014401775,-21.6842108023794));
#3188=CARTESIAN_POINT('Ctrl Pts',(6.98622692807243,7.4846884972463,-22.0096039202887));
#3189=CARTESIAN_POINT('Ctrl Pts',(7.87123187410441,7.17666478804338,-22.7603733330147));
#3190=CARTESIAN_POINT('Ctrl Pts',(8.16200203561571,7.09257249811396,-23.1444239849642));
#3191=CARTESIAN_POINT('Origin',(8.16200203561571,6.35992984151032,-22.984003482145));
#3192=CARTESIAN_POINT('Ctrl Pts',(-8.81894407731733,6.88605792210691,-24.));
#3193=CARTESIAN_POINT('Ctrl Pts',(-8.68492579014768,6.92408678620434,-23.7164350579839));
#3194=CARTESIAN_POINT('Ctrl Pts',(-8.45582759092804,7.02844167518496,-23.43731023773));
#3195=CARTESIAN_POINT('Ctrl Pts',(-8.16200181792605,7.09257256106931,-23.1444236974463));
#3196=CARTESIAN_POINT('Ctrl Pts',(-8.69762941862064,6.92048202023586,-24.0362687611219));
#3197=CARTESIAN_POINT('Ctrl Pts',(-8.57081973022193,6.94633536162023,-23.7672935673217));
#3198=CARTESIAN_POINT('Ctrl Pts',(-8.35347042945499,7.02984944363215,-23.4899585970381));
#3199=CARTESIAN_POINT('Ctrl Pts',(-8.07375055036206,7.08081605007074,-23.1981158269759));
#3200=CARTESIAN_POINT('Ctrl Pts',(-8.43647792746042,6.92125500747844,-24.108586383463));
#3201=CARTESIAN_POINT('Ctrl Pts',(-8.32891942719775,6.92815917113941,-23.861191812328));
#3202=CARTESIAN_POINT('Ctrl Pts',(-8.14355655281567,6.98105369450049,-23.5850372295046));
#3203=CARTESIAN_POINT('Ctrl Pts',(-7.89748909641011,7.01438065593486,-23.2959480315223));
#3204=CARTESIAN_POINT('Ctrl Pts',(-8.03333301534453,6.68569485227363,-24.2016365832062));
#3205=CARTESIAN_POINT('Ctrl Pts',(-7.95699681414893,6.68672429235103,-23.9587044983476));
#3206=CARTESIAN_POINT('Ctrl Pts',(-7.82870804527239,6.73428854318589,-23.6830969469616));
#3207=CARTESIAN_POINT('Ctrl Pts',(-7.64094189264749,6.76819907450068,-23.4056105140496));
#3208=CARTESIAN_POINT('Ctrl Pts',(-7.89532670272721,6.36080664335783,-24.214313344331));
#3209=CARTESIAN_POINT('Ctrl Pts',(-7.82277468451636,6.37872124999426,-23.9454608806378));
#3210=CARTESIAN_POINT('Ctrl Pts',(-7.70801316665243,6.45786386421845,-23.6726955345889));
#3211=CARTESIAN_POINT('Ctrl Pts',(-7.54482338855081,6.51328998665055,-23.4110774959054));
#3212=CARTESIAN_POINT('Ctrl Pts',(-7.89136642222479,6.16454344158018,-24.2000000721216));
#3213=CARTESIAN_POINT('Ctrl Pts',(-7.81095544968333,6.19306508965326,-23.9093781987718));
#3214=CARTESIAN_POINT('Ctrl Pts',(-7.68947117675229,6.29129956509221,-23.6379511056686));
#3215=CARTESIAN_POINT('Ctrl Pts',(-7.52960146188565,6.3599299162692,-23.3872025822754));
#3216=CARTESIAN_POINT('',(-7.89136642222479,6.16454344158018,-24.2000000721216));
#3217=CARTESIAN_POINT('Ctrl Pts',(-7.52960146188565,6.3599299162692,-23.3872025822754));
#3218=CARTESIAN_POINT('Ctrl Pts',(-7.68947117675229,6.29129956509221,-23.6379511056686));
#3219=CARTESIAN_POINT('Ctrl Pts',(-7.81095544968333,6.19306508965326,-23.9093781987718));
#3220=CARTESIAN_POINT('Ctrl Pts',(-7.89136642222479,6.16454344158018,-24.2000000721216));
#3221=CARTESIAN_POINT('',(-8.81894407731733,6.88605792210691,-24.));
#3222=CARTESIAN_POINT('Origin',(-8.6142080170098,6.16454344158018,-24.));
#3223=CARTESIAN_POINT('Ctrl Pts',(-8.81894407731733,6.88605792210691,-24.));
#3224=CARTESIAN_POINT('Ctrl Pts',(-8.68492579014768,6.92408678620434,-23.7164350579839));
#3225=CARTESIAN_POINT('Ctrl Pts',(-8.45582759092804,7.02844167518496,-23.43731023773));
#3226=CARTESIAN_POINT('Ctrl Pts',(-8.16200181792605,7.09257256106931,-23.1444236974463));
#3227=CARTESIAN_POINT('Ctrl Pts',(8.16200203561625,7.092572498114,-23.144423984964));
#3228=CARTESIAN_POINT('Ctrl Pts',(8.45582765094181,7.02844165754425,-23.4373104214179));
#3229=CARTESIAN_POINT('Ctrl Pts',(8.68492573108383,6.92408687405583,-23.7164351530549));
#3230=CARTESIAN_POINT('Ctrl Pts',(8.81894396804215,6.88605804613803,-24.));
#3231=CARTESIAN_POINT('Ctrl Pts',(8.07375075902676,7.08081599247564,-23.1981161089254));
#3232=CARTESIAN_POINT('Ctrl Pts',(8.35347048655213,7.02984942710972,-23.4899587733314));
#3233=CARTESIAN_POINT('Ctrl Pts',(8.57081967275588,6.94633543634825,-23.7672936489796));
#3234=CARTESIAN_POINT('Ctrl Pts',(8.69762931334559,6.9204821232791,-24.0362687568087));
#3235=CARTESIAN_POINT('Ctrl Pts',(7.89748928708245,7.01438060485766,-23.2959483047237));
#3236=CARTESIAN_POINT('Ctrl Pts',(8.14355660661587,6.98105367891598,-23.5850373953947));
#3237=CARTESIAN_POINT('Ctrl Pts',(8.32891938245235,6.92815922528364,-23.8611918724003));
#3238=CARTESIAN_POINT('Ctrl Pts',(8.43647784335364,6.92125507674951,-24.1085863706063));
#3239=CARTESIAN_POINT('Ctrl Pts',(7.64094206120762,6.76819901985631,-23.4056107805866));
#3240=CARTESIAN_POINT('Ctrl Pts',(7.82870810512735,6.7342885237969,-23.6830971132));
#3241=CARTESIAN_POINT('Ctrl Pts',(7.95699680955858,6.6867243369725,-23.9587045530395));
#3242=CARTESIAN_POINT('Ctrl Pts',(8.03333298661348,6.68569490640788,-24.2016365645052));
#3243=CARTESIAN_POINT('Ctrl Pts',(7.54482355656046,6.51328991948877,-23.4110777651081));
#3244=CARTESIAN_POINT('Ctrl Pts',(7.70801324250108,6.45786383819891,-23.6726957178946));
#3245=CARTESIAN_POINT('Ctrl Pts',(7.82277470599336,6.37872130784142,-23.9454609647923));
#3246=CARTESIAN_POINT('Ctrl Pts',(7.89532670014249,6.36080672147516,-24.2143133349893));
#3247=CARTESIAN_POINT('Ctrl Pts',(7.52960163603106,6.35992984151045,-23.3872028554148));
#3248=CARTESIAN_POINT('Ctrl Pts',(7.6894712648938,6.29129953507164,-23.6379513036431));
#3249=CARTESIAN_POINT('Ctrl Pts',(7.81095547981007,6.1930651555419,-23.9093783076561));
#3250=CARTESIAN_POINT('Ctrl Pts',(7.89136642222479,6.16454353460353,-24.2000000721216));
#3251=CARTESIAN_POINT('',(8.81894396804215,6.88605804613803,-24.));
#3252=CARTESIAN_POINT('Origin',(8.61420801700981,6.16454353460353,-24.));
#3253=CARTESIAN_POINT('Ctrl Pts',(8.16200203561625,7.092572498114,-23.144423984964));
#3254=CARTESIAN_POINT('Ctrl Pts',(8.45582765094181,7.02844165754425,-23.4373104214179));
#3255=CARTESIAN_POINT('Ctrl Pts',(8.68492573108383,6.92408687405583,-23.7164351530549));
#3256=CARTESIAN_POINT('Ctrl Pts',(8.81894396804215,6.88605804613803,-24.));
#3257=CARTESIAN_POINT('Ctrl Pts',(7.89136652117642,6.16454349950556,-25.8000003153047));
#3258=CARTESIAN_POINT('Ctrl Pts',(7.96321992133864,6.1390572183235,-25.5403071521516));
#3259=CARTESIAN_POINT('Ctrl Pts',(8.03675722143247,6.10375322297337,-25.0001072676962));
#3260=CARTESIAN_POINT('Ctrl Pts',(7.96322237843919,6.13905635233993,-24.459702348395));
#3261=CARTESIAN_POINT('Ctrl Pts',(7.89136642222478,6.16454353460353,-24.2000000721216));
#3262=CARTESIAN_POINT('Ctrl Pts',(7.89400670476463,6.29538562883377,-25.7904581415763));
#3263=CARTESIAN_POINT('Ctrl Pts',(7.96461020148049,6.27335308593835,-25.5318801874089));
#3264=CARTESIAN_POINT('Ctrl Pts',(8.03531166465211,6.24241754528982,-25.0001054024347));
#3265=CARTESIAN_POINT('Ctrl Pts',(7.9646126166819,6.27335233761801,-24.4681292779367));
#3266=CARTESIAN_POINT('Ctrl Pts',(7.89400660750325,6.29538565918462,-24.2095422473667));
#3267=CARTESIAN_POINT('Ctrl Pts',(7.9673161350912,6.55633045332191,-25.7902545215879));
#3268=CARTESIAN_POINT('Ctrl Pts',(8.04070348813294,6.54114807366929,-25.5287372610726));
#3269=CARTESIAN_POINT('Ctrl Pts',(8.1122800248306,6.51887092710339,-25.0001044943082));
#3270=CARTESIAN_POINT('Ctrl Pts',(8.04070599964976,6.54114755875875,-24.4712723069488));
#3271=CARTESIAN_POINT('Ctrl Pts',(7.96731603402528,6.55633047429074,-24.2097458633112));
#3272=CARTESIAN_POINT('Ctrl Pts',(8.29848605949261,6.89202098232624,-25.8555287949019));
#3273=CARTESIAN_POINT('Ctrl Pts',(8.39195078759411,6.87958353536142,-25.5723662231628));
#3274=CARTESIAN_POINT('Ctrl Pts',(8.48492012898141,6.86028776688777,-25.0001130847869));
#3275=CARTESIAN_POINT('Ctrl Pts',(8.39195398516483,6.8795831141761,-24.4276440751089));
#3276=CARTESIAN_POINT('Ctrl Pts',(8.29848593076003,6.89202099942827,-24.1444715601996));
#3277=CARTESIAN_POINT('Ctrl Pts',(8.63697214103753,6.93769412909142,-25.9455971842698));
#3278=CARTESIAN_POINT('Ctrl Pts',(8.74959916411617,6.91407663494268,-25.6365899719894));
#3279=CARTESIAN_POINT('Ctrl Pts',(8.86451300809325,6.87999783761071,-25.000126090432));
#3280=CARTESIAN_POINT('Ctrl Pts',(8.74960301574736,6.91407583358098,-24.3634211936149));
#3281=CARTESIAN_POINT('Ctrl Pts',(8.6369719859973,6.93769416184963,-24.054403135213));
#3282=CARTESIAN_POINT('Ctrl Pts',(8.81894413296153,6.88605799934074,-26.0000002980184));
#3283=CARTESIAN_POINT('Ctrl Pts',(8.93869979954168,6.852076291098,-25.6753838450444));
#3284=CARTESIAN_POINT('Ctrl Pts',(9.06126196599946,6.80500429729783,-25.0001339914876));
#3285=CARTESIAN_POINT('Ctrl Pts',(8.93870389470924,6.85207513645324,-24.3246278443742));
#3286=CARTESIAN_POINT('Ctrl Pts',(8.81894396804215,6.88605804613804,-24.));
#3287=CARTESIAN_POINT('',(8.81894413296301,6.88605799934032,-26.0000002980188));
#3288=CARTESIAN_POINT('Origin',(8.61420814069938,6.16454349950554,-26.0000002980183));
#3289=CARTESIAN_POINT('Ctrl Pts',(8.81894396804215,6.88605804613804,-24.));
#3290=CARTESIAN_POINT('Ctrl Pts',(8.93870389470924,6.85207513645324,-24.3246278443742));
#3291=CARTESIAN_POINT('Ctrl Pts',(9.06126196599946,6.80500429729783,-25.0001339914876));
#3292=CARTESIAN_POINT('Ctrl Pts',(8.93869979954168,6.852076291098,-25.6753838450444));
#3293=CARTESIAN_POINT('Ctrl Pts',(8.81894413296153,6.88605799934074,-26.0000002980184));
#3294=CARTESIAN_POINT('Ctrl Pts',(8.81894413298385,6.8860579993344,-26.0000002979496));
#3295=CARTESIAN_POINT('Ctrl Pts',(8.71010993157542,6.9169406471896,-26.3324298945337));
#3296=CARTESIAN_POINT('Ctrl Pts',(8.3909448573443,6.9381310357967,-27.057491868997));
#3297=CARTESIAN_POINT('Ctrl Pts',(7.91508506812404,6.86895954631395,-27.7318203305076));
#3298=CARTESIAN_POINT('Ctrl Pts',(7.57724989019458,6.77032849677846,-28.0723127534734));
#3299=CARTESIAN_POINT('Ctrl Pts',(8.69762947170048,6.92048208583565,-25.9637315554522));
#3300=CARTESIAN_POINT('Ctrl Pts',(8.59226277240081,6.94730554616666,-26.2881009852325));
#3301=CARTESIAN_POINT('Ctrl Pts',(8.28273691913179,6.96438270893947,-26.9929857021127));
#3302=CARTESIAN_POINT('Ctrl Pts',(7.81768659552537,6.90699474434239,-27.6487960138601));
#3303=CARTESIAN_POINT('Ctrl Pts',(7.48494419989535,6.81680460761355,-27.9819242354926));
#3304=CARTESIAN_POINT('Ctrl Pts',(8.43641404150324,6.92121568088302,-25.8913993696796));
#3305=CARTESIAN_POINT('Ctrl Pts',(8.34114480483858,6.94140139707477,-26.1961271314884));
#3306=CARTESIAN_POINT('Ctrl Pts',(8.05514075809863,6.95204477484865,-26.8560540458064));
#3307=CARTESIAN_POINT('Ctrl Pts',(7.61208855645647,6.91337934909195,-27.4640019740776));
#3308=CARTESIAN_POINT('Ctrl Pts',(7.29296556715123,6.83794943976948,-27.7731173681227));
#3309=CARTESIAN_POINT('Ctrl Pts',(8.03328701674065,6.68573400011934,-25.7983479960778));
#3310=CARTESIAN_POINT('Ctrl Pts',(7.95832033635622,6.70242271915209,-26.0645881576688));
#3311=CARTESIAN_POINT('Ctrl Pts',(7.71496918041285,6.71050736932273,-26.6468537706296));
#3312=CARTESIAN_POINT('Ctrl Pts',(7.3108569493398,6.68006537324189,-27.1601855867917));
#3313=CARTESIAN_POINT('Ctrl Pts',(7.02638827541487,6.61520526402179,-27.4136819537011));
#3314=CARTESIAN_POINT('Ctrl Pts',(7.89532679657236,6.36080669349359,-25.7856870546619));
#3315=CARTESIAN_POINT('Ctrl Pts',(7.82925260608867,6.38144623514731,-26.0294114895805));
#3316=CARTESIAN_POINT('Ctrl Pts',(7.60519028031354,6.39428795396197,-26.5739185433427));
#3317=CARTESIAN_POINT('Ctrl Pts',(7.22708209876622,6.35063232123815,-27.0386426924363));
#3318=CARTESIAN_POINT('Ctrl Pts',(6.97227411835561,6.28030020011456,-27.2608675817353));
#3319=CARTESIAN_POINT('Ctrl Pts',(7.89136652118981,6.1645434995008,-25.8000003152563));
#3320=CARTESIAN_POINT('Ctrl Pts',(7.82606600015162,6.1877054853922,-26.036010007585));
#3321=CARTESIAN_POINT('Ctrl Pts',(7.60550724634886,6.20359827684752,-26.5698267082072));
#3322=CARTESIAN_POINT('Ctrl Pts',(7.24004879358056,6.15171965973546,-27.0213588725706));
#3323=CARTESIAN_POINT('Ctrl Pts',(7.00001746643141,6.07774637258384,-27.2360527874313));
#3324=CARTESIAN_POINT('Ctrl Pts',(8.81894413298385,6.8860579993344,-26.0000002979496));
#3325=CARTESIAN_POINT('Ctrl Pts',(8.71010993157542,6.9169406471896,-26.3324298945337));
#3326=CARTESIAN_POINT('Ctrl Pts',(8.3909448573443,6.9381310357967,-27.057491868997));
#3327=CARTESIAN_POINT('Ctrl Pts',(7.91508506812404,6.86895954631395,-27.7318203305076));
#3328=CARTESIAN_POINT('Ctrl Pts',(7.57724989019458,6.77032849677846,-28.0723127534734));
#3329=CARTESIAN_POINT('Ctrl Pts',(-7.57725043141528,6.77032859003295,-28.0723122784411));
#3330=CARTESIAN_POINT('Ctrl Pts',(-7.91508546333502,6.86895953375338,-27.7318199101343));
#3331=CARTESIAN_POINT('Ctrl Pts',(-8.39094506856622,6.93813095198236,-27.057491640187));
#3332=CARTESIAN_POINT('Ctrl Pts',(-8.7101100711672,6.91694053236986,-26.3324298143178));
#3333=CARTESIAN_POINT('Ctrl Pts',(-8.81894424227703,6.88605787529814,-26.0000002978946));
#3334=CARTESIAN_POINT('Ctrl Pts',(-7.48494473284687,6.81680469935074,-27.981923770115));
#3335=CARTESIAN_POINT('Ctrl Pts',(-7.8176869810728,6.90699473593907,-27.648795603904));
#3336=CARTESIAN_POINT('Ctrl Pts',(-8.28273712192007,6.96438264339237,-26.9929854790412));
#3337=CARTESIAN_POINT('Ctrl Pts',(-8.59226290637704,6.94730545320574,-26.2881009036514));
#3338=CARTESIAN_POINT('Ctrl Pts',(-8.69762957699296,6.92048198278795,-25.9637315510853));
#3339=CARTESIAN_POINT('Ctrl Pts',(-7.29296607247429,6.83794952747582,-27.7731169316847));
#3340=CARTESIAN_POINT('Ctrl Pts',(-7.61208891516231,6.91337934738034,-27.4640015888772));
#3341=CARTESIAN_POINT('Ctrl Pts',(-8.05514093456698,6.95204473787407,-26.8560538296889));
#3342=CARTESIAN_POINT('Ctrl Pts',(-8.34114491430613,6.94140133875781,-26.1961270464885));
#3343=CARTESIAN_POINT('Ctrl Pts',(-8.43641412559844,6.9212156115975,-25.8913993567676));
#3344=CARTESIAN_POINT('Ctrl Pts',(-7.02638870582787,6.61520534341169,-27.4136815851515));
#3345=CARTESIAN_POINT('Ctrl Pts',(-7.31085724990877,6.68006537376338,-27.1601852505453));
#3346=CARTESIAN_POINT('Ctrl Pts',(-7.71496930218014,6.71050734307355,-26.6468535578666));
#3347=CARTESIAN_POINT('Ctrl Pts',(-7.9583203856487,6.70242267512094,-26.0645880722852));
#3348=CARTESIAN_POINT('Ctrl Pts',(-8.03328704547063,6.68573394600018,-25.7983479773259));
#3349=CARTESIAN_POINT('Ctrl Pts',(-6.97227449014834,6.28030027357871,-27.2608672569061));
#3350=CARTESIAN_POINT('Ctrl Pts',(-7.22708236407366,6.35063231567962,-27.0386423868388));
#3351=CARTESIAN_POINT('Ctrl Pts',(-7.60519037937376,6.39428790511643,-26.5739183325656));
#3352=CARTESIAN_POINT('Ctrl Pts',(-7.82925262732497,6.38144616512955,-26.0294114145313));
#3353=CARTESIAN_POINT('Ctrl Pts',(-7.89532679916802,6.36080661537282,-25.7856870452798));
#3354=CARTESIAN_POINT('Ctrl Pts',(-7.0000178119934,6.07774644252471,-27.2360524783463));
#3355=CARTESIAN_POINT('Ctrl Pts',(-7.2400490463895,6.15171965031503,-27.0213585796764));
#3356=CARTESIAN_POINT('Ctrl Pts',(-7.60550734400563,6.20359821398677,-26.569826500487));
#3357=CARTESIAN_POINT('Ctrl Pts',(-7.82606601834269,6.18770539927739,-26.0360099418511));
#3358=CARTESIAN_POINT('Ctrl Pts',(-7.89136652120061,6.16454340647361,-25.8000003152173));
#3359=CARTESIAN_POINT('',(-8.81894424231121,6.88605787528845,-26.0000002979067));
#3360=CARTESIAN_POINT('',(-7.89136652120061,6.16454340647361,-25.8000003152173));
#3361=CARTESIAN_POINT('Origin',(-8.61420814072958,6.16454340647361,-26.0000002979091));
#3362=CARTESIAN_POINT('Ctrl Pts',(-7.89136652120061,6.16454340647361,-25.8000003152173));
#3363=CARTESIAN_POINT('Ctrl Pts',(-7.82606601834269,6.18770539927739,-26.0360099418511));
#3364=CARTESIAN_POINT('Ctrl Pts',(-7.60550734400563,6.20359821398677,-26.569826500487));
#3365=CARTESIAN_POINT('Ctrl Pts',(-7.2400490463895,6.15171965031503,-27.0213585796764));
#3366=CARTESIAN_POINT('Ctrl Pts',(-7.0000178119934,6.07774644252471,-27.2360524783463));
#3367=CARTESIAN_POINT('Ctrl Pts',(-7.57725043141528,6.77032859003295,-28.0723122784411));
#3368=CARTESIAN_POINT('Ctrl Pts',(-7.91508546333502,6.86895953375338,-27.7318199101343));
#3369=CARTESIAN_POINT('Ctrl Pts',(-8.39094506856622,6.93813095198236,-27.057491640187));
#3370=CARTESIAN_POINT('Ctrl Pts',(-8.7101100711672,6.91694053236986,-26.3324298143178));
#3371=CARTESIAN_POINT('Ctrl Pts',(-8.81894424227703,6.88605787529814,-26.0000002978946));
#3372=CARTESIAN_POINT('Ctrl Pts',(-7.89136642222478,6.16454344158018,-24.2000000721216));
#3373=CARTESIAN_POINT('Ctrl Pts',(-7.96321985425667,6.13905713994144,-24.4596932254777));
#3374=CARTESIAN_POINT('Ctrl Pts',(-8.03675722156639,6.10375309885666,-24.9998930998565));
#3375=CARTESIAN_POINT('Ctrl Pts',(-7.96322244522544,6.13905621538155,-25.5402980302681));
#3376=CARTESIAN_POINT('Ctrl Pts',(-7.89136652120061,6.16454340647361,-25.8000003152173));
#3377=CARTESIAN_POINT('Ctrl Pts',(-7.8940066092264,6.29538557609862,-24.2095422535945));
#3378=CARTESIAN_POINT('Ctrl Pts',(-7.9646101371432,6.27335301441272,-24.4681201990493));
#3379=CARTESIAN_POINT('Ctrl Pts',(-8.03531166402946,6.24241743273597,-24.9998949731358));
#3380=CARTESIAN_POINT('Ctrl Pts',(-7.96461268219878,6.27335221483252,-25.5318710998453));
#3381=CARTESIAN_POINT('Ctrl Pts',(-7.89400670651155,6.29538554574032,-25.7904581352614));
#3382=CARTESIAN_POINT('Ctrl Pts',(-7.96731605016496,6.55633041082985,-24.2097458789063));
#3383=CARTESIAN_POINT('Ctrl Pts',(-8.04070343576624,6.54114801568563,-24.4712631322274));
#3384=CARTESIAN_POINT('Ctrl Pts',(-8.11228003602687,6.51887083738126,-24.9998958867191));
#3385=CARTESIAN_POINT('Ctrl Pts',(-8.04070608008629,6.54114746395488,-25.5287280628423));
#3386=CARTESIAN_POINT('Ctrl Pts',(-7.96731615125558,6.55633038985587,-25.7902545059048));
#3387=CARTESIAN_POINT('Ctrl Pts',(-8.29848599867059,6.89202094263168,-24.1444715771934));
#3388=CARTESIAN_POINT('Ctrl Pts',(-8.39195076911703,6.87958348072062,-24.4276341412258));
#3389=CARTESIAN_POINT('Ctrl Pts',(-8.48492019507246,6.86028768285091,-24.9998872663144));
#3390=CARTESIAN_POINT('Ctrl Pts',(-8.39195413792175,6.87958302811025,-25.5723562633983));
#3391=CARTESIAN_POINT('Ctrl Pts',(-8.29848612743464,6.89202092552545,-25.8555287778128));
#3392=CARTESIAN_POINT('Ctrl Pts',(-8.63697208927229,6.93769406930034,-24.0544031416829));
#3393=CARTESIAN_POINT('Ctrl Pts',(-8.74959916315874,6.91407655347524,-24.3634103434531));
#3394=CARTESIAN_POINT('Ctrl Pts',(-8.86451311288558,6.8799977091652,-24.9998742121932));
#3395=CARTESIAN_POINT('Ctrl Pts',(-8.74960322415264,6.9140756955851,-25.6365791127816));
#3396=CARTESIAN_POINT('Ctrl Pts',(-8.63697224435042,6.9376940365341,-25.9455971776959));
#3397=CARTESIAN_POINT('Ctrl Pts',(-8.81894407731733,6.88605792210691,-24.));
#3398=CARTESIAN_POINT('Ctrl Pts',(-8.93869979701357,6.85207618658859,-24.3246164407277));
#3399=CARTESIAN_POINT('Ctrl Pts',(-9.06126207549784,6.80500413180888,-24.9998662816888));
#3400=CARTESIAN_POINT('Ctrl Pts',(-8.93870411529484,6.85207495384207,-25.6753724426901));
#3401=CARTESIAN_POINT('Ctrl Pts',(-8.81894424227703,6.88605787529815,-26.0000002979091));
#3402=CARTESIAN_POINT('Ctrl Pts',(-7.89136642222479,6.16454344158018,-24.2000000721216));
#3403=CARTESIAN_POINT('Ctrl Pts',(-7.96321985425667,6.13905713994144,-24.4596932254777));
#3404=CARTESIAN_POINT('Ctrl Pts',(-7.99998853791153,6.12140511939905,-24.7297931626671));
#3405=CARTESIAN_POINT('Ctrl Pts',(-7.99998918565372,6.12140488825908,-24.9999443638647));
#3406=CARTESIAN_POINT('Ctrl Pts',(-7.99998983339592,6.12140465711911,-25.2700955650623));
#3407=CARTESIAN_POINT('Ctrl Pts',(-7.96322244522544,6.13905621538155,-25.5402980302681));
#3408=CARTESIAN_POINT('Ctrl Pts',(-7.89136652120061,6.16454340647361,-25.8000003152173));
#3409=CARTESIAN_POINT('Ctrl Pts',(-8.81894424227703,6.88605787529815,-26.0000002979091));
#3410=CARTESIAN_POINT('Ctrl Pts',(-8.93870411529484,6.85207495384207,-25.6753724426901));
#3411=CARTESIAN_POINT('Ctrl Pts',(-9.06126207549784,6.80500413180888,-24.9998662816888));
#3412=CARTESIAN_POINT('Ctrl Pts',(-8.93869979701357,6.85207618658859,-24.3246164407277));
#3413=CARTESIAN_POINT('Ctrl Pts',(-8.81894407731733,6.88605792210691,-24.));
#3414=CARTESIAN_POINT('Origin',(-5.,0.,-28.0000004172325));
#3415=CARTESIAN_POINT('',(-5.,0.,-28.0000004172325));
#3416=CARTESIAN_POINT('Origin',(-5.,0.,-25.000000372529));
#3417=CARTESIAN_POINT('Ctrl Pts',(7.00000016391277,6.77032849677847,-28.1512083678078));
#3418=CARTESIAN_POINT('Ctrl Pts',(7.29401655664461,6.77032849677847,-28.1512083678078));
#3419=CARTESIAN_POINT('Ctrl Pts',(7.5772498901946,6.77032849677847,-28.0723127534734));
#3420=CARTESIAN_POINT('Ctrl Pts',(7.00000016391277,6.00206430287814,-30.0000002980232));
#3421=CARTESIAN_POINT('Ctrl Pts',(7.5467002193124,6.00206430287814,-30.0000002980232));
#3422=CARTESIAN_POINT('Ctrl Pts',(8.07335003534502,6.00206430287814,-29.8533001894794));
#3423=CARTESIAN_POINT('Ctrl Pts',(7.00000016391277,4.,-30.0000002980232));
#3424=CARTESIAN_POINT('Ctrl Pts',(7.5467002193124,4.,-30.0000002980232));
#3425=CARTESIAN_POINT('Ctrl Pts',(8.07335003534502,4.,-29.8533001894794));
#3426=CARTESIAN_POINT('',(8.07335003534476,4.,-29.8533001894795));
#3427=CARTESIAN_POINT('Origin',(7.26833763177077,4.,-26.9633252708873));
#3428=CARTESIAN_POINT('',(7.00000016391277,4.,-30.0000002980232));
#3429=CARTESIAN_POINT('Origin',(7.00000016391277,4.,-26.0000002980232));
#3430=CARTESIAN_POINT('Origin',(7.00000016391277,4.,-27.0000002980232));
#3431=CARTESIAN_POINT('Ctrl Pts',(11.0000001639128,4.,-26.0000002980232));
#3432=CARTESIAN_POINT('Ctrl Pts',(11.0000001639169,4.,-29.0380717806609));
#3433=CARTESIAN_POINT('Ctrl Pts',(8.07335003534476,4.,-29.8533001894795));
#3434=CARTESIAN_POINT('Ctrl Pts',(11.0000001639128,6.39483859393018,-26.0000002980232));
#3435=CARTESIAN_POINT('Ctrl Pts',(11.0000001639169,6.39483859393018,-29.0380717806609));
#3436=CARTESIAN_POINT('Ctrl Pts',(8.07335003534476,6.39483859393018,-29.8533001894795));
#3437=CARTESIAN_POINT('Ctrl Pts',(8.66468132440686,6.92543995920002,-26.0000002980232));
#3438=CARTESIAN_POINT('Ctrl Pts',(8.66468132440859,6.92543995920002,-27.2643553883685));
#3439=CARTESIAN_POINT('Ctrl Pts',(7.44669649131067,6.92543995920002,-27.6036292317835));
#3440=CARTESIAN_POINT('',(11.0000001639128,4.,-26.0000002980232));
#3441=CARTESIAN_POINT('Origin',(8.00000016391277,4.,-26.0000002980232));
#3442=CARTESIAN_POINT('Origin',(7.00000016391277,4.,-26.0000002980232));
#3443=CARTESIAN_POINT('Origin',(8.00000016391277,4.,-22.5000002980232));
#3444=CARTESIAN_POINT('',(11.0000001639128,4.,-24.));
#3445=CARTESIAN_POINT('Origin',(8.00000016391277,4.,-24.));
#3446=CARTESIAN_POINT('',(11.0000001639128,4.,-22.5000002980232));
#3447=CARTESIAN_POINT('Ctrl Pts',(8.00000016391277,7.,-24.));
#3448=CARTESIAN_POINT('Ctrl Pts',(8.00000016391276,7.,-23.4016013993162));
#3449=CARTESIAN_POINT('Ctrl Pts',(8.35980833099785,7.20560466690576,-22.5050111894221));
#3450=CARTESIAN_POINT('Ctrl Pts',(9.76118126386236,8.0063891999712,-21.229795068179));
#3451=CARTESIAN_POINT('Ctrl Pts',(11.8585060436779,9.20486050272291,-20.2730593264997));
#3452=CARTESIAN_POINT('Ctrl Pts',(13.9528026127162,10.4016013993162,-20.));
#3453=CARTESIAN_POINT('Ctrl Pts',(15.0000001639128,11.,-20.));
#3454=CARTESIAN_POINT('Ctrl Pts',(8.89759806493842,7.,-24.));
#3455=CARTESIAN_POINT('Ctrl Pts',(8.89759806493842,7.,-23.537735990801));
#3456=CARTESIAN_POINT('Ctrl Pts',(9.1433450063643,7.09962600254584,-22.8161664569949));
#3457=CARTESIAN_POINT('Ctrl Pts',(10.2720754451312,7.73880394992153,-21.5117942814382));
#3458=CARTESIAN_POINT('Ctrl Pts',(12.1136262709695,8.94661575262194,-20.357961605477));
#3459=CARTESIAN_POINT('Ctrl Pts',(14.0382881270996,10.3161158849328,-20.));
#3460=CARTESIAN_POINT('Ctrl Pts',(15.0000001639128,11.,-20.));
#3461=CARTESIAN_POINT('Ctrl Pts',(10.4520832063306,6.24733898176948,-24.));
#3462=CARTESIAN_POINT('Ctrl Pts',(10.4520832063306,6.24733898176948,-23.6553247186012));
#3463=CARTESIAN_POINT('Ctrl Pts',(10.5047860171413,6.32033479751903,-23.0837740808301));
#3464=CARTESIAN_POINT('Ctrl Pts',(11.1690441433895,7.04257851771889,-21.737714302744));
#3465=CARTESIAN_POINT('Ctrl Pts',(12.5618384322889,8.49772290480275,-20.4209202459963));
#3466=CARTESIAN_POINT('Ctrl Pts',(14.1878877772705,10.1665162347619,-20.));
#3467=CARTESIAN_POINT('Ctrl Pts',(15.0000001639128,11.,-20.));
#3468=CARTESIAN_POINT('Ctrl Pts',(11.0000001639128,4.67319842576924,-24.));
#3469=CARTESIAN_POINT('Ctrl Pts',(11.0000001639128,4.67319842576924,-23.5022885003425));
#3470=CARTESIAN_POINT('Ctrl Pts',(11.1258745312028,4.9471772235897,-22.7366479518054));
#3471=CARTESIAN_POINT('Ctrl Pts',(11.8072458740362,6.14604614477472,-21.4408140480001));
#3472=CARTESIAN_POINT('Ctrl Pts',(13.0118078865771,8.05054544326579,-20.3373645891741));
#3473=CARTESIAN_POINT('Ctrl Pts',(14.3374874274415,10.0169165845909,-20.));
#3474=CARTESIAN_POINT('Ctrl Pts',(15.0000001639128,11.,-20.));
#3475=CARTESIAN_POINT('Ctrl Pts',(11.0000001639128,4.,-24.));
#3476=CARTESIAN_POINT('Ctrl Pts',(11.0000001639128,4.,-23.4016013993162));
#3477=CARTESIAN_POINT('Ctrl Pts',(11.2056048308185,4.35980816708508,-22.5050111894221));
#3478=CARTESIAN_POINT('Ctrl Pts',(12.006389363884,5.76118109994959,-21.229795068179));
#3479=CARTESIAN_POINT('Ctrl Pts',(13.2048606666357,7.8585058797651,-20.2730593264997));
#3480=CARTESIAN_POINT('Ctrl Pts',(14.401601563229,9.9528024488034,-20.));
#3481=CARTESIAN_POINT('Ctrl Pts',(15.0000001639128,11.,-20.));
#3482=CARTESIAN_POINT('',(15.0000001639128,11.,-20.));
#3483=CARTESIAN_POINT('Origin',(15.0000001639128,11.,-24.));
#3484=CARTESIAN_POINT('Origin',(15.0000001639128,11.,-24.));
#3485=CARTESIAN_POINT('Origin',(8.1956390562965E-8,11.,-24.));
#3486=CARTESIAN_POINT('',(-14.9999998360872,11.,-20.));
#3487=CARTESIAN_POINT('Origin',(-14.9999998360872,11.,-24.));
#3488=CARTESIAN_POINT('',(8.1956390562965E-8,11.,-20.));
#3489=CARTESIAN_POINT('Ctrl Pts',(8.07335003534476,-4.,-29.8533001894795));
#3490=CARTESIAN_POINT('Ctrl Pts',(11.0000001639169,-4.,-29.0380717806609));
#3491=CARTESIAN_POINT('Ctrl Pts',(11.0000001639128,-4.,-26.0000002980232));
#3492=CARTESIAN_POINT('Ctrl Pts',(8.07335003534476,-6.4208710652686,-29.8533001894795));
#3493=CARTESIAN_POINT('Ctrl Pts',(11.0000001639169,-6.4208710652686,-29.0380717806609));
#3494=CARTESIAN_POINT('Ctrl Pts',(11.0000001639128,-6.4208710652686,-26.0000002980232));
#3495=CARTESIAN_POINT('Ctrl Pts',(7.43840072758991,-6.93229278512128,-27.5738476421122));
#3496=CARTESIAN_POINT('Ctrl Pts',(8.63376591111581,-6.93229278512128,-27.2408745794939));
#3497=CARTESIAN_POINT('Ctrl Pts',(8.63376591111411,-6.93229278512128,-26.0000002980232));
#3498=CARTESIAN_POINT('',(8.07335003534476,-4.,-29.8533001894795));
#3499=CARTESIAN_POINT('Origin',(7.26833763177077,-4.,-26.9633252708873));
#3500=CARTESIAN_POINT('',(11.0000001639128,-4.,-26.0000002980232));
#3501=CARTESIAN_POINT('Origin',(7.00000016391277,-4.,-26.0000002980232));
#3502=CARTESIAN_POINT('Origin',(8.00000016391277,-4.,-26.0000002980232));
#3503=CARTESIAN_POINT('Origin',(8.00000016391277,-4.,-22.5000002980232));
#3504=CARTESIAN_POINT('',(11.0000001639128,-4.,-24.));
#3505=CARTESIAN_POINT('',(11.0000001639128,-4.,-22.5000002980232));
#3506=CARTESIAN_POINT('Origin',(8.00000016391277,-4.,-24.));
#3507=CARTESIAN_POINT('Ctrl Pts',(11.0000001639128,-4.,-24.));
#3508=CARTESIAN_POINT('Ctrl Pts',(11.0000001639128,-4.,-23.7008006996581));
#3509=CARTESIAN_POINT('Ctrl Pts',(11.0676336447865,-4.11835859152905,-23.1023734319165));
#3510=CARTESIAN_POINT('Ctrl Pts',(11.4648216008844,-4.81343751470034,-21.9662465242109));
#3511=CARTESIAN_POINT('Ctrl Pts',(12.6113386915801,-6.81984242341775,-20.5237825444878));
#3512=CARTESIAN_POINT('Ctrl Pts',(14.1024022628871,-9.4292036732051,-20.));
#3513=CARTESIAN_POINT('Ctrl Pts',(15.0000001639128,-11.,-20.));
#3514=CARTESIAN_POINT('Ctrl Pts',(11.0000001639128,-4.89759790102566,-24.));
#3515=CARTESIAN_POINT('Ctrl Pts',(11.0000001639128,-4.89759790102566,-23.7688679954005));
#3516=CARTESIAN_POINT('Ctrl Pts',(11.0370057623423,-4.98105756576431,-23.3038194620725));
#3517=CARTESIAN_POINT('Ctrl Pts',(11.2859804601904,-5.49507063545995,-22.3086949954727));
#3518=CARTESIAN_POINT('Ctrl Pts',(12.2782169907213,-7.16203690120338,-20.705624580692));
#3519=CARTESIAN_POINT('Ctrl Pts',(13.974173991312,-9.5574319447802,-20.));
#3520=CARTESIAN_POINT('Ctrl Pts',(15.0000001639128,-11.,-20.));
#3521=CARTESIAN_POINT('Ctrl Pts',(10.2473391456823,-6.4520830424178,-24.));
#3522=CARTESIAN_POINT('Ctrl Pts',(10.2473391456823,-6.4520830424178,-23.8276623593006));
#3523=CARTESIAN_POINT('Ctrl Pts',(10.2772805517597,-6.47570870547336,-23.4799551062064));
#3524=CARTESIAN_POINT('Ctrl Pts',(10.5220701766678,-6.68614834281287,-22.5954599649789));
#3525=CARTESIAN_POINT('Ctrl Pts',(11.678598284516,-7.76594675847345,-20.8419589645702));
#3526=CARTESIAN_POINT('Ctrl Pts',(13.7497745160556,-9.78183142003661,-20.));
#3527=CARTESIAN_POINT('Ctrl Pts',(15.0000001639128,-11.,-20.));
#3528=CARTESIAN_POINT('Ctrl Pts',(8.67319858968201,-7.,-24.));
#3529=CARTESIAN_POINT('Ctrl Pts',(8.67319858968201,-7.,-23.7511442501713));
#3530=CARTESIAN_POINT('Ctrl Pts',(8.76498505274683,-7.04430392445325,-23.2520307845844));
#3531=CARTESIAN_POINT('Ctrl Pts',(9.32603596951295,-7.3319542283918,-22.221221289408));
#3532=CARTESIAN_POINT('Ctrl Pts',(11.0781400068552,-8.36299205566237,-20.6610811543904));
#3533=CARTESIAN_POINT('Ctrl Pts',(13.5253750407992,-10.006230895293,-20.));
#3534=CARTESIAN_POINT('Ctrl Pts',(15.0000001639128,-11.,-20.));
#3535=CARTESIAN_POINT('Ctrl Pts',(8.00000016391277,-7.,-24.));
#3536=CARTESIAN_POINT('Ctrl Pts',(8.00000016391277,-7.,-23.7008006996581));
#3537=CARTESIAN_POINT('Ctrl Pts',(8.11835875544181,-7.06763348087374,-23.1023734319165));
#3538=CARTESIAN_POINT('Ctrl Pts',(8.81343767861311,-7.46482143697162,-21.9662465242109));
#3539=CARTESIAN_POINT('Ctrl Pts',(10.8198425873305,-8.61133852766729,-20.5237825444878));
#3540=CARTESIAN_POINT('Ctrl Pts',(13.4292038371179,-10.1024020989743,-20.));
#3541=CARTESIAN_POINT('Ctrl Pts',(15.0000001639128,-11.,-20.));
#3542=CARTESIAN_POINT('',(15.0000001639128,-11.,-20.));
#3543=CARTESIAN_POINT('Origin',(15.0000001639128,-11.,-24.));
#3544=CARTESIAN_POINT('Origin',(15.0000001639128,-11.,-24.));
#3545=CARTESIAN_POINT('Ctrl Pts',(7.00000016391277,-4.,-30.0000002980232));
#3546=CARTESIAN_POINT('Ctrl Pts',(7.5467002193124,-4.,-30.0000002980232));
#3547=CARTESIAN_POINT('Ctrl Pts',(8.07335003534503,-4.,-29.8533001894794));
#3548=CARTESIAN_POINT('Ctrl Pts',(7.00000016391277,-6.00206430287814,-30.0000002980232));
#3549=CARTESIAN_POINT('Ctrl Pts',(7.5467002193124,-6.00206430287814,-30.0000002980232));
#3550=CARTESIAN_POINT('Ctrl Pts',(8.07335003534503,-6.00206430287814,-29.8533001894794));
#3551=CARTESIAN_POINT('Ctrl Pts',(7.00000016391277,-6.77032849677847,-28.1512083678078));
#3552=CARTESIAN_POINT('Ctrl Pts',(7.29401655664461,-6.77032849677847,-28.1512083678078));
#3553=CARTESIAN_POINT('Ctrl Pts',(7.5772498901946,-6.77032849677847,-28.0723127534734));
#3554=CARTESIAN_POINT('Origin',(7.00000016391277,-4.,-26.0000002980232));
#3555=CARTESIAN_POINT('Origin',(15.0000001639128,2.22044604925031E-15,-24.));
#3556=CARTESIAN_POINT('',(11.0000001639128,2.22044604925031E-15,-24.));
#3557=CARTESIAN_POINT('',(15.0000001639128,2.22044604925031E-15,-20.));
#3558=CARTESIAN_POINT('Origin',(11.0000001639128,0.,-20.0000002980232));
#3559=CARTESIAN_POINT('',(11.0000001639128,0.,-26.0000002980232));
#3560=CARTESIAN_POINT('Ctrl Pts',(-14.9999998360872,11.,-20.));
#3561=CARTESIAN_POINT('Ctrl Pts',(-13.4292035092923,10.1024020989743,-20.));
#3562=CARTESIAN_POINT('Ctrl Pts',(-10.8198422595028,8.61133852766607,-20.5237825444836));
#3563=CARTESIAN_POINT('Ctrl Pts',(-8.81343735078696,7.46482143697127,-21.9662465242103));
#3564=CARTESIAN_POINT('Ctrl Pts',(-8.11835842761573,7.06763348087343,-23.1023734319156));
#3565=CARTESIAN_POINT('Ctrl Pts',(-7.99999983608723,7.,-23.7008006996581));
#3566=CARTESIAN_POINT('Ctrl Pts',(-7.99999983608723,7.,-24.));
#3567=CARTESIAN_POINT('Ctrl Pts',(-14.9999998360872,11.,-20.));
#3568=CARTESIAN_POINT('Ctrl Pts',(-13.5574317808674,9.97417382739925,-20.));
#3569=CARTESIAN_POINT('Ctrl Pts',(-11.1620367372931,8.27821682681586,-20.7056245806761));
#3570=CARTESIAN_POINT('Ctrl Pts',(-9.495070471548,7.28598029628055,-22.308694995467));
#3571=CARTESIAN_POINT('Ctrl Pts',(-8.98105740185201,7.03700559843092,-23.3038194620654));
#3572=CARTESIAN_POINT('Ctrl Pts',(-8.89759773711288,7.,-23.7688679954005));
#3573=CARTESIAN_POINT('Ctrl Pts',(-8.89759773711288,7.,-24.));
#3574=CARTESIAN_POINT('Ctrl Pts',(-14.9999998360872,11.,-20.));
#3575=CARTESIAN_POINT('Ctrl Pts',(-13.7818312561238,9.74977435214284,-20.));
#3576=CARTESIAN_POINT('Ctrl Pts',(-11.7659465945571,7.67859812060005,-20.8419589645517));
#3577=CARTESIAN_POINT('Ctrl Pts',(-10.6861481789,6.52207001275578,-22.5954599649783));
#3578=CARTESIAN_POINT('Ctrl Pts',(-10.4757085415629,6.27728038785044,-23.4799551062041));
#3579=CARTESIAN_POINT('Ctrl Pts',(-10.4520828785095,6.2473389817754,-23.8276623593006));
#3580=CARTESIAN_POINT('Ctrl Pts',(-10.4520828785095,6.2473389817754,-24.));
#3581=CARTESIAN_POINT('Ctrl Pts',(-14.9999998360872,11.,-20.));
#3582=CARTESIAN_POINT('Ctrl Pts',(-14.0062307313803,9.52537487688642,-20.));
#3583=CARTESIAN_POINT('Ctrl Pts',(-12.362991891749,7.07813984293741,-20.6610811543793));
#3584=CARTESIAN_POINT('Ctrl Pts',(-11.3319540644788,5.32603580559807,-22.2212212894067));
#3585=CARTESIAN_POINT('Ctrl Pts',(-11.0443037605402,4.76498488883288,-23.2520307845821));
#3586=CARTESIAN_POINT('Ctrl Pts',(-10.9999998360872,4.67319842576924,-23.7511442501713));
#3587=CARTESIAN_POINT('Ctrl Pts',(-10.9999998360872,4.67319842576924,-24.));
#3588=CARTESIAN_POINT('Ctrl Pts',(-14.9999998360872,11.,-20.));
#3589=CARTESIAN_POINT('Ctrl Pts',(-14.1024019350616,9.4292036732051,-20.));
#3590=CARTESIAN_POINT('Ctrl Pts',(-12.6113383637533,6.81984242341561,-20.5237825444836));
#3591=CARTESIAN_POINT('Ctrl Pts',(-11.4648212730585,4.81343751469972,-21.9662465242103));
#3592=CARTESIAN_POINT('Ctrl Pts',(-11.0676333169607,4.11835859152849,-23.1023734319156));
#3593=CARTESIAN_POINT('Ctrl Pts',(-10.9999998360872,4.,-23.7008006996581));
#3594=CARTESIAN_POINT('Ctrl Pts',(-10.9999998360872,4.,-24.));
#3595=CARTESIAN_POINT('',(-10.9999998360872,4.,-24.));
#3596=CARTESIAN_POINT('Origin',(-7.99999983608723,4.,-24.));
#3597=CARTESIAN_POINT('Origin',(-14.9999998360872,11.,-24.));
#3598=CARTESIAN_POINT('Origin',(-7.99999983608723,4.,-25.5000002980232));
#3599=CARTESIAN_POINT('',(-10.9999998360872,4.,-26.0000002980232));
#3600=CARTESIAN_POINT('Origin',(-7.99999983608723,4.,-26.0000002980232));
#3601=CARTESIAN_POINT('',(-10.9999998360872,4.,-25.5000002980232));
#3602=CARTESIAN_POINT('Ctrl Pts',(-8.07335143541278,4.,-29.8532997081684));
#3603=CARTESIAN_POINT('Ctrl Pts',(-10.999999836302,4.,-29.0380703664029));
#3604=CARTESIAN_POINT('Ctrl Pts',(-10.9999998360872,4.,-26.0000002977404));
#3605=CARTESIAN_POINT('Ctrl Pts',(-8.07335143541278,6.3948382262875,-29.8532997081684));
#3606=CARTESIAN_POINT('Ctrl Pts',(-10.999999836302,6.3948382262875,-29.0380703664029));
#3607=CARTESIAN_POINT('Ctrl Pts',(-10.9999998360872,6.3948382262875,-26.0000002977404));
#3608=CARTESIAN_POINT('Ctrl Pts',(-7.44669700009796,6.92543985969772,-27.6036294533509));
#3609=CARTESIAN_POINT('Ctrl Pts',(-8.66468143460687,6.92543985969772,-27.2643551324166));
#3610=CARTESIAN_POINT('Ctrl Pts',(-8.66468143451748,6.92543985969772,-26.0000002979055));
#3611=CARTESIAN_POINT('',(-8.07335143541278,4.,-29.8532997081684));
#3612=CARTESIAN_POINT('Origin',(-7.26833773591862,4.,-26.9633251505595));
#3613=CARTESIAN_POINT('Origin',(-6.99999983608723,4.,-26.0000002980232));
#3614=CARTESIAN_POINT('Ctrl Pts',(-7.57725043141531,6.77032859003296,-28.0723122784411));
#3615=CARTESIAN_POINT('Ctrl Pts',(-7.29401668947875,6.77032859003296,-28.1512081433952));
#3616=CARTESIAN_POINT('Ctrl Pts',(-6.99999983608723,6.77032859003296,-28.1512081433952));
#3617=CARTESIAN_POINT('Ctrl Pts',(-8.07335143541307,6.0020644785022,-29.8532997081683));
#3618=CARTESIAN_POINT('Ctrl Pts',(-7.5467008050783,6.0020644785022,-30.0000002980232));
#3619=CARTESIAN_POINT('Ctrl Pts',(-6.99999983608723,6.0020644785022,-30.0000002980232));
#3620=CARTESIAN_POINT('Ctrl Pts',(-8.07335143541307,4.,-29.8532997081683));
#3621=CARTESIAN_POINT('Ctrl Pts',(-7.5467008050783,4.,-30.0000002980232));
#3622=CARTESIAN_POINT('Ctrl Pts',(-6.99999983608723,4.,-30.0000002980232));
#3623=CARTESIAN_POINT('',(-6.99999983608723,4.,-30.0000002980232));
#3624=CARTESIAN_POINT('Origin',(-6.99999983608723,4.,-27.0000002980232));
#3625=CARTESIAN_POINT('Origin',(-6.99999983608723,4.,-26.0000002980232));
#3626=CARTESIAN_POINT('Origin',(3.50000016391277,4.,-27.0000002980232));
#3627=CARTESIAN_POINT('',(3.50000016391277,4.,-30.0000002980232));
#3628=CARTESIAN_POINT('Origin',(8.1956390562965E-8,-11.,-24.));
#3629=CARTESIAN_POINT('',(8.1956390562965E-8,-11.,-20.));
#3630=CARTESIAN_POINT('Origin',(-14.9999998360872,2.22044604925031E-15,
-24.));
#3631=CARTESIAN_POINT('',(-14.9999998360872,2.22044604925031E-15,-20.));
#3632=CARTESIAN_POINT('',(-10.9999998360872,2.22044604925031E-15,-24.));
#3633=CARTESIAN_POINT('Origin',(8.88178419700125E-15,4.44089209850063E-15,
-20.));
#3634=CARTESIAN_POINT('',(-52.5,12.25,-20.));
#3635=CARTESIAN_POINT('',(-52.5,-12.25,-20.));
#3636=CARTESIAN_POINT('',(-52.5,-9.25,-20.));
#3637=CARTESIAN_POINT('',(-47.75,12.25,-20.));
#3638=CARTESIAN_POINT('',(-28.25,12.25,-20.));
#3639=CARTESIAN_POINT('',(-47.75,17.5,-20.));
#3640=CARTESIAN_POINT('',(-47.75,6.125,-20.));
#3641=CARTESIAN_POINT('',(47.75,17.5,-20.));
#3642=CARTESIAN_POINT('',(-26.75,17.5,-20.));
#3643=CARTESIAN_POINT('',(47.75,12.25,-20.));
#3644=CARTESIAN_POINT('',(47.75,10.75,-20.));
#3645=CARTESIAN_POINT('',(52.5,12.25,-20.));
#3646=CARTESIAN_POINT('',(23.875,12.25,-20.));
#3647=CARTESIAN_POINT('',(52.5,-12.25,-20.));
#3648=CARTESIAN_POINT('',(52.5,9.25,-20.));
#3649=CARTESIAN_POINT('',(47.75,-12.25,-20.));
#3650=CARTESIAN_POINT('',(28.25,-12.25,-20.));
#3651=CARTESIAN_POINT('',(47.75,-17.5,-20.));
#3652=CARTESIAN_POINT('',(47.75,-6.125,-20.));
#3653=CARTESIAN_POINT('',(-47.75,-17.5,-20.));
#3654=CARTESIAN_POINT('',(26.75,-17.5,-20.));
#3655=CARTESIAN_POINT('',(-47.75,-12.25,-20.));
#3656=CARTESIAN_POINT('',(-47.75,-10.75,-20.));
#3657=CARTESIAN_POINT('',(-23.875,-12.25,-20.));
#3658=CARTESIAN_POINT('Origin',(-10.9999998360872,0.,-26.0000002980232));
#3659=CARTESIAN_POINT('',(-10.9999998360872,0.,-26.0000002980232));
#3660=CARTESIAN_POINT('Origin',(-6.99999983608723,0.,-26.0000002980232));
#3661=CARTESIAN_POINT('',(-6.99999983608723,0.,-30.0000002980232));
#3662=CARTESIAN_POINT('Origin',(7.00000016391277,0.,-30.0000002980232));
#3663=CARTESIAN_POINT('',(7.00000016391277,0.,-30.0000002980232));
#3664=CARTESIAN_POINT('Origin',(7.00000016391277,0.,-26.0000002980232));
#3665=CARTESIAN_POINT('Origin',(-52.5,-9.25,-16.));
#3666=CARTESIAN_POINT('',(-56.5,12.25,-16.));
#3667=CARTESIAN_POINT('Origin',(-52.5,12.25,-16.));
#3668=CARTESIAN_POINT('',(-56.5,-12.25,-16.));
#3669=CARTESIAN_POINT('Origin',(-52.5,-12.25,-16.));
#3670=CARTESIAN_POINT('',(-56.5,-9.25,-16.));
#3671=CARTESIAN_POINT('Origin',(-47.75,-12.25,-20.));
#3672=CARTESIAN_POINT('',(-47.75,-12.25,-16.));
#3673=CARTESIAN_POINT('',(-47.75,-12.25,-20.));
#3674=CARTESIAN_POINT('',(-58.0000008642673,-12.25,-16.));
#3675=CARTESIAN_POINT('Origin',(-26.75,17.5,-16.));
#3676=CARTESIAN_POINT('',(47.75,21.5,-16.));
#3677=CARTESIAN_POINT('Origin',(47.75,17.5,-16.));
#3678=CARTESIAN_POINT('',(-47.75,21.5,-16.));
#3679=CARTESIAN_POINT('Origin',(-47.75,17.5,-16.));
#3680=CARTESIAN_POINT('',(-26.75,21.5,-16.));
#3681=CARTESIAN_POINT('Origin',(-47.75,12.25,-20.));
#3682=CARTESIAN_POINT('',(-47.75,12.25,-16.));
#3683=CARTESIAN_POINT('',(-47.75,12.25,-20.));
#3684=CARTESIAN_POINT('',(-47.75,23.0000003427267,-16.));
#3685=CARTESIAN_POINT('Origin',(52.5,9.25,-16.));
#3686=CARTESIAN_POINT('',(56.5,-12.25,-16.));
#3687=CARTESIAN_POINT('Origin',(52.5,-12.25,-16.));
#3688=CARTESIAN_POINT('',(56.5,12.25,-16.));
#3689=CARTESIAN_POINT('Origin',(52.5,12.25,-16.));
#3690=CARTESIAN_POINT('',(56.5,9.25,-16.));
#3691=CARTESIAN_POINT('Origin',(56.5,-12.25,-20.));
#3692=CARTESIAN_POINT('',(47.75,-12.25,-16.));
#3693=CARTESIAN_POINT('',(58.0000008642673,-12.25,-16.));
#3694=CARTESIAN_POINT('',(47.75,-12.25,-20.));
#3695=CARTESIAN_POINT('Origin',(26.75,-17.5,-16.));
#3696=CARTESIAN_POINT('',(-47.75,-21.5,-16.));
#3697=CARTESIAN_POINT('Origin',(-47.75,-17.5,-16.));
#3698=CARTESIAN_POINT('',(47.75,-21.5,-16.));
#3699=CARTESIAN_POINT('Origin',(47.75,-17.5,-16.));
#3700=CARTESIAN_POINT('',(26.75,-21.5,-16.));
#3701=CARTESIAN_POINT('Origin',(53.5,-21.5,0.));
#3702=CARTESIAN_POINT('',(53.5,-21.5,-16.));
#3703=CARTESIAN_POINT('',(52.8125,-21.5,-16.));
#3704=CARTESIAN_POINT('',(53.5,-21.5,0.));
#3705=CARTESIAN_POINT('',(53.5,-21.5,0.));
#3706=CARTESIAN_POINT('',(12.5,-21.5,0.));
#3707=CARTESIAN_POINT('',(53.5,-21.5,0.));
#3708=CARTESIAN_POINT('',(12.5,-21.5,-1.27562426246809));
#3709=CARTESIAN_POINT('',(12.5,-21.5,-3.13781213123404));
#3710=CARTESIAN_POINT('',(7.5,-21.5,-6.27562426246809));
#3711=CARTESIAN_POINT('Origin',(7.5,-21.5,-1.27562426246809));
#3712=CARTESIAN_POINT('',(-7.5,-21.5,-6.27562426246809));
#3713=CARTESIAN_POINT('',(20.5,-21.5,-6.27562426246809));
#3714=CARTESIAN_POINT('',(-12.5,-21.5,-1.27562426246809));
#3715=CARTESIAN_POINT('Origin',(-7.5,-21.5,-1.27562426246809));
#3716=CARTESIAN_POINT('',(-12.5,-21.5,0.));
#3717=CARTESIAN_POINT('',(-12.5,-21.5,13.137812131234));
#3718=CARTESIAN_POINT('',(-53.5,-21.5,0.));
#3719=CARTESIAN_POINT('',(53.5,-21.5,0.));
#3720=CARTESIAN_POINT('',(-53.5,-21.5,-16.));
#3721=CARTESIAN_POINT('',(-53.5,-21.5,0.));
#3722=CARTESIAN_POINT('',(0.687500000000001,-21.5,-16.));
#3723=CARTESIAN_POINT('Origin',(47.75,-12.25,-20.));
#3724=CARTESIAN_POINT('',(47.75,-23.0000003427267,-16.));
#3725=CARTESIAN_POINT('Origin',(-56.5,12.25,-20.));
#3726=CARTESIAN_POINT('',(-58.0000008642673,12.25,-16.));
#3727=CARTESIAN_POINT('Origin',(-52.125,16.875,-16.));
#3728=CARTESIAN_POINT('',(-56.5,18.5,-16.));
#3729=CARTESIAN_POINT('',(-56.5,-0.812499999999999,-16.));
#3730=CARTESIAN_POINT('',(-53.5,21.5,-16.));
#3731=CARTESIAN_POINT('Origin',(-53.5,18.5,-16.));
#3732=CARTESIAN_POINT('',(-52.8125,21.5,-16.));
#3733=CARTESIAN_POINT('',(-53.15,16.,-16.));
#3734=CARTESIAN_POINT('Origin',(-51.5,16.,-16.));
#3735=CARTESIAN_POINT('Origin',(47.75,12.25,-20.));
#3736=CARTESIAN_POINT('',(47.75,12.25,-16.));
#3737=CARTESIAN_POINT('',(47.75,12.25,-20.));
#3738=CARTESIAN_POINT('',(58.0000008642673,12.25,-16.));
#3739=CARTESIAN_POINT('Origin',(47.75,21.5,-20.));
#3740=CARTESIAN_POINT('',(47.75,23.0000003427267,-16.));
#3741=CARTESIAN_POINT('Origin',(52.125,16.875,-16.));
#3742=CARTESIAN_POINT('',(53.5,21.5,-16.));
#3743=CARTESIAN_POINT('',(-0.687499999999997,21.5,-16.));
#3744=CARTESIAN_POINT('',(56.5,18.5,-16.));
#3745=CARTESIAN_POINT('Origin',(53.5,18.5,-16.));
#3746=CARTESIAN_POINT('',(56.5,17.6875,-16.));
#3747=CARTESIAN_POINT('',(49.85,16.,-16.));
#3748=CARTESIAN_POINT('Origin',(51.5,16.,-16.));
#3749=CARTESIAN_POINT('Origin',(-47.75,-21.5,-20.));
#3750=CARTESIAN_POINT('',(-47.75,-23.0000003427267,-16.));
#3751=CARTESIAN_POINT('Origin',(-52.125,-16.875,-16.));
#3752=CARTESIAN_POINT('',(-56.5,-18.5,-16.));
#3753=CARTESIAN_POINT('Origin',(-53.5,-18.5,-16.));
#3754=CARTESIAN_POINT('',(-56.5,-17.6875,-16.));
#3755=CARTESIAN_POINT('',(-53.15,-16.,-16.));
#3756=CARTESIAN_POINT('Origin',(-51.5,-16.,-16.));
#3757=CARTESIAN_POINT('Origin',(52.125,-16.875,-16.));
#3758=CARTESIAN_POINT('',(56.5,-18.5,-16.));
#3759=CARTESIAN_POINT('',(56.5,0.812499999999997,-16.));
#3760=CARTESIAN_POINT('Origin',(53.5,-18.5,-16.));
#3761=CARTESIAN_POINT('',(49.85,-16.,-16.));
#3762=CARTESIAN_POINT('Origin',(51.5,-16.,-16.));
#3763=CARTESIAN_POINT('Origin',(-53.5,18.5,0.));
#3764=CARTESIAN_POINT('',(-56.5,18.5,0.));
#3765=CARTESIAN_POINT('',(-56.5,18.5,0.));
#3766=CARTESIAN_POINT('',(-53.5,21.5,0.));
#3767=CARTESIAN_POINT('Origin',(-53.5,18.5,0.));
#3768=CARTESIAN_POINT('',(-53.5,21.5,0.));
#3769=CARTESIAN_POINT('Origin',(53.5,18.5,0.));
#3770=CARTESIAN_POINT('',(53.5,21.5,0.));
#3771=CARTESIAN_POINT('',(53.5,21.5,0.));
#3772=CARTESIAN_POINT('',(56.5,18.5,0.));
#3773=CARTESIAN_POINT('Origin',(53.5,18.5,0.));
#3774=CARTESIAN_POINT('',(56.5,18.5,0.));
#3775=CARTESIAN_POINT('Origin',(-53.5,21.5,0.));
#3776=CARTESIAN_POINT('',(-53.5,21.5,0.));
#3777=CARTESIAN_POINT('Origin',(-56.5,-18.5,0.));
#3778=CARTESIAN_POINT('',(-56.5,-18.5,0.));
#3779=CARTESIAN_POINT('',(-56.5,-18.5,0.));
#3780=CARTESIAN_POINT('',(-56.5,-18.5,0.));
#3781=CARTESIAN_POINT('Origin',(-53.5,-18.5,0.));
#3782=CARTESIAN_POINT('Origin',(-53.5,-18.5,0.));
#3783=CARTESIAN_POINT('Origin',(53.5,-18.5,0.));
#3784=CARTESIAN_POINT('',(56.5,-18.5,0.));
#3785=CARTESIAN_POINT('',(56.5,-18.5,0.));
#3786=CARTESIAN_POINT('Origin',(53.5,-18.5,0.));
#3787=CARTESIAN_POINT('Origin',(56.5,18.5,0.));
#3788=CARTESIAN_POINT('',(56.5,18.5,0.));
#3789=CARTESIAN_POINT('Origin',(-7.5,-16.,-1.27562426246809));
#3790=CARTESIAN_POINT('',(-7.5,-16.,-6.27562426246809));
#3791=CARTESIAN_POINT('',(-12.5,-16.,-1.27562426246809));
#3792=CARTESIAN_POINT('Origin',(-7.5,-16.,-1.27562426246809));
#3793=CARTESIAN_POINT('',(-12.5,-16.,-1.27562426246809));
#3794=CARTESIAN_POINT('',(-7.5,-16.,-6.27562426246809));
#3795=CARTESIAN_POINT('Origin',(-12.5,-16.,26.2756242624681));
#3796=CARTESIAN_POINT('',(-12.5,-16.,0.));
#3797=CARTESIAN_POINT('',(-12.5,-16.,13.137812131234));
#3798=CARTESIAN_POINT('',(-12.5,-8.,0.));
#3799=CARTESIAN_POINT('Origin',(7.5,-16.,-1.27562426246809));
#3800=CARTESIAN_POINT('',(12.5,-16.,-1.27562426246809));
#3801=CARTESIAN_POINT('',(7.5,-16.,-6.27562426246809));
#3802=CARTESIAN_POINT('Origin',(7.5,-16.,-1.27562426246809));
#3803=CARTESIAN_POINT('',(7.5,-16.,-6.27562426246809));
#3804=CARTESIAN_POINT('',(12.5,-16.,-1.27562426246809));
#3805=CARTESIAN_POINT('Origin',(-12.5,-16.,-6.27562426246809));
#3806=CARTESIAN_POINT('',(15.,-16.,-6.27562426246809));
#3807=CARTESIAN_POINT('Origin',(12.5,-16.,-6.27562426246809));
#3808=CARTESIAN_POINT('',(12.5,-16.,0.));
#3809=CARTESIAN_POINT('',(12.5,-8.,0.));
#3810=CARTESIAN_POINT('',(12.5,-16.,-3.13781213123404));
#3811=CARTESIAN_POINT('Origin',(42.5,-16.,0.));
#3812=CARTESIAN_POINT('',(42.5,-16.,0.));
#3813=CARTESIAN_POINT('',(21.25,-16.,0.));
#3814=CARTESIAN_POINT('',(42.5,-16.,-15.));
#3815=CARTESIAN_POINT('',(42.5,-16.,0.));
#3816=CARTESIAN_POINT('',(-42.5,-16.,-15.));
#3817=CARTESIAN_POINT('',(42.5,-16.,-15.));
#3818=CARTESIAN_POINT('',(-42.5,-16.,0.));
#3819=CARTESIAN_POINT('',(-42.5,-16.,0.));
#3820=CARTESIAN_POINT('',(21.25,-16.,0.));
#3821=CARTESIAN_POINT('Origin',(8.88178419700125E-15,4.44089209850063E-15,
0.));
#3822=CARTESIAN_POINT('',(-45.,-13.5,0.));
#3823=CARTESIAN_POINT('Origin',(-42.5,-13.5,0.));
#3824=CARTESIAN_POINT('',(-45.,13.5,0.));
#3825=CARTESIAN_POINT('',(-45.,-6.75,0.));
#3826=CARTESIAN_POINT('',(-42.5,16.,0.));
#3827=CARTESIAN_POINT('Origin',(-42.5,13.5,0.));
#3828=CARTESIAN_POINT('',(42.5,16.,0.));
#3829=CARTESIAN_POINT('',(-21.25,16.,0.));
#3830=CARTESIAN_POINT('',(45.,13.5,0.));
#3831=CARTESIAN_POINT('Origin',(42.5,13.5,0.));
#3832=CARTESIAN_POINT('',(45.,-13.5,0.));
#3833=CARTESIAN_POINT('',(45.,6.75,0.));
#3834=CARTESIAN_POINT('Origin',(42.5,-13.5,0.));
#3835=CARTESIAN_POINT('',(49.85,-16.,0.));
#3836=CARTESIAN_POINT('Origin',(51.5,-16.,0.));
#3837=CARTESIAN_POINT('',(-53.15,-16.,0.));
#3838=CARTESIAN_POINT('Origin',(-51.5,-16.,0.));
#3839=CARTESIAN_POINT('',(-53.15,16.,0.));
#3840=CARTESIAN_POINT('Origin',(-51.5,16.,0.));
#3841=CARTESIAN_POINT('',(49.85,16.,0.));
#3842=CARTESIAN_POINT('Origin',(51.5,16.,0.));
#3843=CARTESIAN_POINT('Origin',(45.,13.5,0.));
#3844=CARTESIAN_POINT('',(45.,13.5,-15.));
#3845=CARTESIAN_POINT('',(45.,13.5,0.));
#3846=CARTESIAN_POINT('',(45.,-13.5,-15.));
#3847=CARTESIAN_POINT('',(45.,13.5,-15.));
#3848=CARTESIAN_POINT('',(45.,-13.5,0.));
#3849=CARTESIAN_POINT('Origin',(42.5,13.5,0.));
#3850=CARTESIAN_POINT('',(42.5,16.,-15.));
#3851=CARTESIAN_POINT('',(42.5,16.,0.));
#3852=CARTESIAN_POINT('Origin',(42.5,13.5,-15.));
#3853=CARTESIAN_POINT('Origin',(-42.5,16.,0.));
#3854=CARTESIAN_POINT('',(-42.5,16.,-15.));
#3855=CARTESIAN_POINT('',(-42.5,16.,0.));
#3856=CARTESIAN_POINT('',(-42.5,16.,-15.));
#3857=CARTESIAN_POINT('Origin',(-42.5,13.5,0.));
#3858=CARTESIAN_POINT('',(-45.,13.5,-15.));
#3859=CARTESIAN_POINT('',(-45.,13.5,0.));
#3860=CARTESIAN_POINT('Origin',(-42.5,13.5,-15.));
#3861=CARTESIAN_POINT('Origin',(-45.,-13.5,0.));
#3862=CARTESIAN_POINT('',(-45.,-13.5,-15.));
#3863=CARTESIAN_POINT('',(-45.,-13.5,0.));
#3864=CARTESIAN_POINT('',(-45.,-13.5,-15.));
#3865=CARTESIAN_POINT('Origin',(-42.5,-13.5,0.));
#3866=CARTESIAN_POINT('Origin',(-42.5,-13.5,-15.));
#3867=CARTESIAN_POINT('Origin',(42.5,-13.5,0.));
#3868=CARTESIAN_POINT('Origin',(42.5,-13.5,-15.));
#3869=CARTESIAN_POINT('Origin',(0.,0.,-15.));
#3870=CARTESIAN_POINT('Origin',(51.5,-16.,0.));
#3871=CARTESIAN_POINT('',(49.85,-16.,0.));
#3872=CARTESIAN_POINT('Origin',(-51.5,-16.,0.));
#3873=CARTESIAN_POINT('',(-53.15,-16.,0.));
#3874=CARTESIAN_POINT('Origin',(-51.5,16.,0.));
#3875=CARTESIAN_POINT('',(-53.15,16.,0.));
#3876=CARTESIAN_POINT('Origin',(51.5,16.,0.));
#3877=CARTESIAN_POINT('',(49.85,16.,0.));
#3878=UNCERTAINTY_MEASURE_WITH_UNIT(LENGTH_MEASURE(0.01),#3882,
'DISTANCE_ACCURACY_VALUE',
'Maximum model space distance between geometric entities at asserted c
onnectivities');
#3879=UNCERTAINTY_MEASURE_WITH_UNIT(LENGTH_MEASURE(0.01),#3882,
'DISTANCE_ACCURACY_VALUE',
'Maximum model space distance between geometric entities at asserted c
onnectivities');
#3880=(
GEOMETRIC_REPRESENTATION_CONTEXT(3)
GLOBAL_UNCERTAINTY_ASSIGNED_CONTEXT((#3878))
GLOBAL_UNIT_ASSIGNED_CONTEXT((#3882,#3884,#3885))
REPRESENTATION_CONTEXT('','3D')
);
#3881=(
GEOMETRIC_REPRESENTATION_CONTEXT(3)
GLOBAL_UNCERTAINTY_ASSIGNED_CONTEXT((#3879))
GLOBAL_UNIT_ASSIGNED_CONTEXT((#3882,#3884,#3885))
REPRESENTATION_CONTEXT('','3D')
);
#3882=(
LENGTH_UNIT()
NAMED_UNIT(*)
SI_UNIT(.MILLI.,.METRE.)
);
#3883=(
LENGTH_UNIT()
NAMED_UNIT(*)
SI_UNIT($,.METRE.)
);
#3884=(
NAMED_UNIT(*)
PLANE_ANGLE_UNIT()
SI_UNIT($,.RADIAN.)
);
#3885=(
NAMED_UNIT(*)
SI_UNIT($,.STERADIAN.)
SOLID_ANGLE_UNIT()
);
#3886=SHAPE_DEFINITION_REPRESENTATION(#3887,#3888);
#3887=PRODUCT_DEFINITION_SHAPE('',$,#3890);
#3888=SHAPE_REPRESENTATION('',(#1736),#3880);
#3889=PRODUCT_DEFINITION_CONTEXT('part definition',#3894,'design');
#3890=PRODUCT_DEFINITION('2025-11-01-20-28-59-528',
'BulkHead Plug Back Box',#3891,#3889);
#3891=PRODUCT_DEFINITION_FORMATION('',$,#3896);
#3892=PRODUCT_RELATED_PRODUCT_CATEGORY('BulkHead Plug Back Box',
'BulkHead Plug Back Box',(#3896));
#3893=APPLICATION_PROTOCOL_DEFINITION('international standard',
'automotive_design',2009,#3894);
#3894=APPLICATION_CONTEXT(
'Core Data for Automotive Mechanical Design Process');
#3895=PRODUCT_CONTEXT('part definition',#3894,'mechanical');
#3896=PRODUCT('2025-11-01-20-28-59-528','BulkHead Plug Back Box',$,(#3895));
#3897=PRESENTATION_STYLE_ASSIGNMENT((#3898));
#3898=SURFACE_STYLE_USAGE(.BOTH.,#3899);
#3899=SURFACE_SIDE_STYLE('',(#3900));
#3900=SURFACE_STYLE_FILL_AREA(#3901);
#3901=FILL_AREA_STYLE('Steel - Satin',(#3902));
#3902=FILL_AREA_STYLE_COLOUR('Steel - Satin',#3903);
#3903=COLOUR_RGB('Steel - Satin',0.627450980392157,0.627450980392157,0.627450980392157);
ENDSEC;
END-ISO-10303-21;
