ISO-10303-21;
HEADER;
/* Generated by software containing ST-Developer
 * from STEP Tools, Inc. (www.steptools.com) 
 */

FILE_DESCRIPTION(
/* description */ (''),
/* implementation_level */ '2;1');

FILE_NAME(
/* name */ 'COUPLING SHAFT.step',
/* time_stamp */ '2026-02-06T08:20:40+04:00',
/* author */ ('lokesh-cad'),
/* organization */ (''),
/* preprocessor_version */ 'ST-DEVELOPER v20',
/* originating_system */ 'AutoCAD Mechanical',
/* authorisation */ '');

FILE_SCHEMA (('AUTOMOTIVE_DESIGN { 1 0 10303 214 3 1 1 }'));
ENDSEC;

DATA;
#10=MECHANICAL_DESIGN_GEOMETRIC_PRESENTATION_REPRESENTATION('',(#18),#16849);
#11=PRESENTATION_LAYER_ASSIGNMENT('1','Layer 1',(#9544));
#12=ITEM_DEFINED_TRANSFORMATION($,$,#9546,#10560);
#13=(
REPRESENTATION_RELATIONSHIP($,$,#16859,#16858)
REPRESENTATION_RELATIONSHIP_WITH_TRANSFORMATION(#12)
SHAPE_REPRESENTATION_RELATIONSHIP()
);
#14=CONTEXT_DEPENDENT_SHAPE_REPRESENTATION(#13,#16857);
#15=NEXT_ASSEMBLY_USAGE_OCCURRENCE('358','358','358',#16861,#16862,
'358');
#16=SHAPE_REPRESENTATION_RELATIONSHIP('SRR','None',#16859,#17);
#17=ADVANCED_BREP_SHAPE_REPRESENTATION('',(#9544),#16848);
#18=STYLED_ITEM('',(#16873),#9544);
#19=(
BOUNDED_CURVE()
B_SPLINE_CURVE(2,(#13716,#13717,#13718),.UNSPECIFIED.,.F.,.F.)
B_SPLINE_CURVE_WITH_KNOTS((3,3),(1.27732225784966,3.0650727752856),
 .UNSPECIFIED.)
CURVE()
GEOMETRIC_REPRESENTATION_ITEM()
RATIONAL_B_SPLINE_CURVE((1.61032871609293,1.8594474354404,1.61032871609294))
REPRESENTATION_ITEM('')
);
#20=(
BOUNDED_CURVE()
B_SPLINE_CURVE(2,(#13720,#13721,#13722),.UNSPECIFIED.,.F.,.F.)
B_SPLINE_CURVE_WITH_KNOTS((3,3),(1.27732225784967,3.06507277528559),
 .UNSPECIFIED.)
CURVE()
GEOMETRIC_REPRESENTATION_ITEM()
RATIONAL_B_SPLINE_CURVE((1.61032871609294,1.8594474354404,1.61032871609294))
REPRESENTATION_ITEM('')
);
#21=(
BOUNDED_CURVE()
B_SPLINE_CURVE(2,(#13725,#13726,#13727),.UNSPECIFIED.,.F.,.F.)
B_SPLINE_CURVE_WITH_KNOTS((3,3),(1.27732225784967,3.06507277528558),
 .UNSPECIFIED.)
CURVE()
GEOMETRIC_REPRESENTATION_ITEM()
RATIONAL_B_SPLINE_CURVE((1.61032871609293,1.85944743544039,1.61032871609294))
REPRESENTATION_ITEM('')
);
#22=(
BOUNDED_CURVE()
B_SPLINE_CURVE(2,(#13729,#13730,#13731),.UNSPECIFIED.,.F.,.F.)
B_SPLINE_CURVE_WITH_KNOTS((3,3),(1.27732225784968,3.06507277528562),
 .UNSPECIFIED.)
CURVE()
GEOMETRIC_REPRESENTATION_ITEM()
RATIONAL_B_SPLINE_CURVE((1.61032871609294,1.8594474354404,1.61032871609293))
REPRESENTATION_ITEM('')
);
#23=(
BOUNDED_CURVE()
B_SPLINE_CURVE(2,(#13733,#13734,#13735),.UNSPECIFIED.,.F.,.F.)
B_SPLINE_CURVE_WITH_KNOTS((3,3),(1.27732225784967,3.06507277528561),
 .UNSPECIFIED.)
CURVE()
GEOMETRIC_REPRESENTATION_ITEM()
RATIONAL_B_SPLINE_CURVE((1.61032871609294,1.8594474354404,1.61032871609294))
REPRESENTATION_ITEM('')
);
#24=(
BOUNDED_CURVE()
B_SPLINE_CURVE(2,(#13736,#13737,#13738),.UNSPECIFIED.,.F.,.F.)
B_SPLINE_CURVE_WITH_KNOTS((3,3),(1.27732225784966,3.06507277528562),
 .UNSPECIFIED.)
CURVE()
GEOMETRIC_REPRESENTATION_ITEM()
RATIONAL_B_SPLINE_CURVE((1.61032871609294,1.85944743544041,1.61032871609294))
REPRESENTATION_ITEM('')
);
#25=(
BOUNDED_CURVE()
B_SPLINE_CURVE(2,(#13757,#13758,#13759),.UNSPECIFIED.,.F.,.F.)
B_SPLINE_CURVE_WITH_KNOTS((3,3),(1.27732225784967,3.06507277528561),
 .UNSPECIFIED.)
CURVE()
GEOMETRIC_REPRESENTATION_ITEM()
RATIONAL_B_SPLINE_CURVE((1.61032871609294,1.8594474354404,1.61032871609293))
REPRESENTATION_ITEM('')
);
#26=(
BOUNDED_CURVE()
B_SPLINE_CURVE(2,(#13761,#13762,#13763),.UNSPECIFIED.,.F.,.F.)
B_SPLINE_CURVE_WITH_KNOTS((3,3),(1.27732225784967,3.06507277528561),
 .UNSPECIFIED.)
CURVE()
GEOMETRIC_REPRESENTATION_ITEM()
RATIONAL_B_SPLINE_CURVE((1.61032871609294,1.85944743544041,1.61032871609294))
REPRESENTATION_ITEM('')
);
#27=(
BOUNDED_CURVE()
B_SPLINE_CURVE(2,(#13766,#13767,#13768),.UNSPECIFIED.,.F.,.F.)
B_SPLINE_CURVE_WITH_KNOTS((3,3),(1.27732225784967,3.06507277528562),
 .UNSPECIFIED.)
CURVE()
GEOMETRIC_REPRESENTATION_ITEM()
RATIONAL_B_SPLINE_CURVE((1.61032871609294,1.85944743544041,1.61032871609294))
REPRESENTATION_ITEM('')
);
#28=(
BOUNDED_CURVE()
B_SPLINE_CURVE(2,(#13770,#13771,#13772),.UNSPECIFIED.,.F.,.F.)
B_SPLINE_CURVE_WITH_KNOTS((3,3),(1.27732225784966,3.0650727752856),
 .UNSPECIFIED.)
CURVE()
GEOMETRIC_REPRESENTATION_ITEM()
RATIONAL_B_SPLINE_CURVE((1.61032871609294,1.85944743544041,1.61032871609294))
REPRESENTATION_ITEM('')
);
#29=(
BOUNDED_CURVE()
B_SPLINE_CURVE(2,(#13774,#13775,#13776),.UNSPECIFIED.,.F.,.F.)
B_SPLINE_CURVE_WITH_KNOTS((3,3),(1.27732225784966,3.06507277528561),
 .UNSPECIFIED.)
CURVE()
GEOMETRIC_REPRESENTATION_ITEM()
RATIONAL_B_SPLINE_CURVE((1.61032871609293,1.8594474354404,1.61032871609293))
REPRESENTATION_ITEM('')
);
#30=(
BOUNDED_CURVE()
B_SPLINE_CURVE(2,(#13777,#13778,#13779),.UNSPECIFIED.,.F.,.F.)
B_SPLINE_CURVE_WITH_KNOTS((3,3),(1.27732225784967,3.06507277528561),
 .UNSPECIFIED.)
CURVE()
GEOMETRIC_REPRESENTATION_ITEM()
RATIONAL_B_SPLINE_CURVE((1.61032871609294,1.8594474354404,1.61032871609293))
REPRESENTATION_ITEM('')
);
#31=(
BOUNDED_CURVE()
B_SPLINE_CURVE(2,(#13798,#13799,#13800),.UNSPECIFIED.,.F.,.F.)
B_SPLINE_CURVE_WITH_KNOTS((3,3),(1.27732225784967,3.06507277528563),
 .UNSPECIFIED.)
CURVE()
GEOMETRIC_REPRESENTATION_ITEM()
RATIONAL_B_SPLINE_CURVE((1.61032871609294,1.85944743544041,1.61032871609294))
REPRESENTATION_ITEM('')
);
#32=(
BOUNDED_CURVE()
B_SPLINE_CURVE(2,(#13802,#13803,#13804),.UNSPECIFIED.,.F.,.F.)
B_SPLINE_CURVE_WITH_KNOTS((3,3),(1.27732225784968,3.06507277528558),
 .UNSPECIFIED.)
CURVE()
GEOMETRIC_REPRESENTATION_ITEM()
RATIONAL_B_SPLINE_CURVE((1.61032871609294,1.85944743544039,1.61032871609294))
REPRESENTATION_ITEM('')
);
#33=(
BOUNDED_CURVE()
B_SPLINE_CURVE(2,(#13807,#13808,#13809),.UNSPECIFIED.,.F.,.F.)
B_SPLINE_CURVE_WITH_KNOTS((3,3),(1.27732225784968,3.06507277528563),
 .UNSPECIFIED.)
CURVE()
GEOMETRIC_REPRESENTATION_ITEM()
RATIONAL_B_SPLINE_CURVE((1.61032871609294,1.85944743544041,1.61032871609294))
REPRESENTATION_ITEM('')
);
#34=(
BOUNDED_CURVE()
B_SPLINE_CURVE(2,(#13811,#13812,#13813),.UNSPECIFIED.,.F.,.F.)
B_SPLINE_CURVE_WITH_KNOTS((3,3),(1.27732225784967,3.0650727752856),
 .UNSPECIFIED.)
CURVE()
GEOMETRIC_REPRESENTATION_ITEM()
RATIONAL_B_SPLINE_CURVE((1.61032871609294,1.8594474354404,1.61032871609294))
REPRESENTATION_ITEM('')
);
#35=(
BOUNDED_CURVE()
B_SPLINE_CURVE(2,(#13815,#13816,#13817),.UNSPECIFIED.,.F.,.F.)
B_SPLINE_CURVE_WITH_KNOTS((3,3),(1.27732225784966,3.0650727752856),
 .UNSPECIFIED.)
CURVE()
GEOMETRIC_REPRESENTATION_ITEM()
RATIONAL_B_SPLINE_CURVE((1.61032871609293,1.8594474354404,1.61032871609293))
REPRESENTATION_ITEM('')
);
#36=(
BOUNDED_CURVE()
B_SPLINE_CURVE(2,(#13818,#13819,#13820),.UNSPECIFIED.,.F.,.F.)
B_SPLINE_CURVE_WITH_KNOTS((3,3),(1.27732225784967,3.06507277528558),
 .UNSPECIFIED.)
CURVE()
GEOMETRIC_REPRESENTATION_ITEM()
RATIONAL_B_SPLINE_CURVE((1.61032871609292,1.85944743544037,1.61032871609292))
REPRESENTATION_ITEM('')
);
#37=(
BOUNDED_CURVE()
B_SPLINE_CURVE(2,(#13860,#13861,#13862),.UNSPECIFIED.,.F.,.F.)
B_SPLINE_CURVE_WITH_KNOTS((3,3),(-4.50527654304321,-3.67007796843999),
 .UNSPECIFIED.)
CURVE()
GEOMETRIC_REPRESENTATION_ITEM()
RATIONAL_B_SPLINE_CURVE((3.49180593422467,3.42796443828256,3.30215821002964))
REPRESENTATION_ITEM('')
);
#38=(
BOUNDED_CURVE()
B_SPLINE_CURVE(2,(#13864,#13865,#13866),.UNSPECIFIED.,.F.,.F.)
B_SPLINE_CURVE_WITH_KNOTS((3,3),(-7.06146460385753,-6.22626602925428),
 .UNSPECIFIED.)
CURVE()
GEOMETRIC_REPRESENTATION_ITEM()
RATIONAL_B_SPLINE_CURVE((3.30215821002972,3.42796443828265,3.49180593422476))
REPRESENTATION_ITEM('')
);
#39=(
BOUNDED_CURVE()
B_SPLINE_CURVE(2,(#13871,#13872,#13873),.UNSPECIFIED.,.F.,.F.)
B_SPLINE_CURVE_WITH_KNOTS((3,3),(-4.50527654304321,-3.67007796843998),
 .UNSPECIFIED.)
CURVE()
GEOMETRIC_REPRESENTATION_ITEM()
RATIONAL_B_SPLINE_CURVE((3.4918059342247,3.42796443828259,3.30215821002967))
REPRESENTATION_ITEM('')
);
#40=(
BOUNDED_CURVE()
B_SPLINE_CURVE(2,(#13875,#13876,#13877),.UNSPECIFIED.,.F.,.F.)
B_SPLINE_CURVE_WITH_KNOTS((3,3),(-7.06146460385748,-6.22626602925423),
 .UNSPECIFIED.)
CURVE()
GEOMETRIC_REPRESENTATION_ITEM()
RATIONAL_B_SPLINE_CURVE((3.30215821002965,3.42796443828256,3.49180593422467))
REPRESENTATION_ITEM('')
);
#41=(
BOUNDED_CURVE()
B_SPLINE_CURVE(2,(#13882,#13883,#13884),.UNSPECIFIED.,.F.,.F.)
B_SPLINE_CURVE_WITH_KNOTS((3,3),(-7.06146460385747,-6.22626602925425),
 .UNSPECIFIED.)
CURVE()
GEOMETRIC_REPRESENTATION_ITEM()
RATIONAL_B_SPLINE_CURVE((3.30215821002968,3.4279644382826,3.4918059342247))
REPRESENTATION_ITEM('')
);
#42=(
BOUNDED_CURVE()
B_SPLINE_CURVE(2,(#13887,#13888,#13889),.UNSPECIFIED.,.F.,.F.)
B_SPLINE_CURVE_WITH_KNOTS((3,3),(-4.50527654304322,-3.67007796843999),
 .UNSPECIFIED.)
CURVE()
GEOMETRIC_REPRESENTATION_ITEM()
RATIONAL_B_SPLINE_CURVE((3.49180593422473,3.42796443828262,3.3021582100297))
REPRESENTATION_ITEM('')
);
#43=(
BOUNDED_CURVE()
B_SPLINE_CURVE(2,(#13893,#13894,#13895),.UNSPECIFIED.,.F.,.F.)
B_SPLINE_CURVE_WITH_KNOTS((3,3),(-4.50527654304322,-3.67007796844),
 .UNSPECIFIED.)
CURVE()
GEOMETRIC_REPRESENTATION_ITEM()
RATIONAL_B_SPLINE_CURVE((3.49180593422473,3.42796443828262,3.3021582100297))
REPRESENTATION_ITEM('')
);
#44=(
BOUNDED_CURVE()
B_SPLINE_CURVE(2,(#13897,#13898,#13899),.UNSPECIFIED.,.F.,.F.)
B_SPLINE_CURVE_WITH_KNOTS((3,3),(-7.06146460385751,-6.22626602925432),
 .UNSPECIFIED.)
CURVE()
GEOMETRIC_REPRESENTATION_ITEM()
RATIONAL_B_SPLINE_CURVE((3.3021582100297,3.42796443828261,3.49180593422473))
REPRESENTATION_ITEM('')
);
#45=(
BOUNDED_CURVE()
B_SPLINE_CURVE(2,(#13904,#13905,#13906),.UNSPECIFIED.,.F.,.F.)
B_SPLINE_CURVE_WITH_KNOTS((3,3),(-4.50527654304322,-3.67007796844001),
 .UNSPECIFIED.)
CURVE()
GEOMETRIC_REPRESENTATION_ITEM()
RATIONAL_B_SPLINE_CURVE((3.49180593422464,3.42796443828253,3.30215821002962))
REPRESENTATION_ITEM('')
);
#46=(
BOUNDED_CURVE()
B_SPLINE_CURVE(2,(#13908,#13909,#13910),.UNSPECIFIED.,.F.,.F.)
B_SPLINE_CURVE_WITH_KNOTS((3,3),(-7.06146460385752,-6.22626602925431),
 .UNSPECIFIED.)
CURVE()
GEOMETRIC_REPRESENTATION_ITEM()
RATIONAL_B_SPLINE_CURVE((3.30215821002969,3.42796443828261,3.49180593422472))
REPRESENTATION_ITEM('')
);
#47=(
BOUNDED_CURVE()
B_SPLINE_CURVE(2,(#13915,#13916,#13917),.UNSPECIFIED.,.F.,.F.)
B_SPLINE_CURVE_WITH_KNOTS((3,3),(-4.50527654304318,-3.67007796843996),
 .UNSPECIFIED.)
CURVE()
GEOMETRIC_REPRESENTATION_ITEM()
RATIONAL_B_SPLINE_CURVE((3.49180593422476,3.42796443828264,3.30215821002972))
REPRESENTATION_ITEM('')
);
#48=(
BOUNDED_CURVE()
B_SPLINE_CURVE(2,(#13919,#13920,#13921),.UNSPECIFIED.,.F.,.F.)
B_SPLINE_CURVE_WITH_KNOTS((3,3),(-7.06146460385746,-6.22626602925425),
 .UNSPECIFIED.)
CURVE()
GEOMETRIC_REPRESENTATION_ITEM()
RATIONAL_B_SPLINE_CURVE((3.30215821002962,3.42796443828253,3.49180593422464))
REPRESENTATION_ITEM('')
);
#49=(
BOUNDED_CURVE()
B_SPLINE_CURVE(2,(#13926,#13927,#13928),.UNSPECIFIED.,.F.,.F.)
B_SPLINE_CURVE_WITH_KNOTS((3,3),(-7.06145190935846,-6.22625378753224),
 .UNSPECIFIED.)
CURVE()
GEOMETRIC_REPRESENTATION_ITEM()
RATIONAL_B_SPLINE_CURVE((3.30215308430963,3.42795924623439,3.49180064500322))
REPRESENTATION_ITEM('')
);
#50=(
BOUNDED_CURVE()
B_SPLINE_CURVE(2,(#13931,#13932,#13933),.UNSPECIFIED.,.F.,.F.)
B_SPLINE_CURVE_WITH_KNOTS((3,3),(-4.50526871050297,-3.67007058867666),
 .UNSPECIFIED.)
CURVE()
GEOMETRIC_REPRESENTATION_ITEM()
RATIONAL_B_SPLINE_CURVE((3.49180064500338,3.42795924623452,3.30215308430974))
REPRESENTATION_ITEM('')
);
#51=(
BOUNDED_CURVE()
B_SPLINE_CURVE(2,(#13937,#13938,#13939),.UNSPECIFIED.,.F.,.F.)
B_SPLINE_CURVE_WITH_KNOTS((3,3),(-7.06145190935853,-6.22625378753223),
 .UNSPECIFIED.)
CURVE()
GEOMETRIC_REPRESENTATION_ITEM()
RATIONAL_B_SPLINE_CURVE((3.30215308430973,3.42795924623452,3.49180064500337))
REPRESENTATION_ITEM('')
);
#52=(
BOUNDED_CURVE()
B_SPLINE_CURVE(2,(#13942,#13943,#13944),.UNSPECIFIED.,.F.,.F.)
B_SPLINE_CURVE_WITH_KNOTS((3,3),(-4.50526871050293,-3.67007058867659),
 .UNSPECIFIED.)
CURVE()
GEOMETRIC_REPRESENTATION_ITEM()
RATIONAL_B_SPLINE_CURVE((3.49180064500341,3.42795924623455,3.30215308430976))
REPRESENTATION_ITEM('')
);
#53=(
BOUNDED_CURVE()
B_SPLINE_CURVE(2,(#13948,#13949,#13950),.UNSPECIFIED.,.F.,.F.)
B_SPLINE_CURVE_WITH_KNOTS((3,3),(-7.0614519093585,-6.22625378753218),
 .UNSPECIFIED.)
CURVE()
GEOMETRIC_REPRESENTATION_ITEM()
RATIONAL_B_SPLINE_CURVE((3.30215308430975,3.42795924623455,3.4918006450034))
REPRESENTATION_ITEM('')
);
#54=(
BOUNDED_CURVE()
B_SPLINE_CURVE(2,(#13953,#13954,#13955),.UNSPECIFIED.,.F.,.F.)
B_SPLINE_CURVE_WITH_KNOTS((3,3),(-4.50526871050291,-3.67007058867658),
 .UNSPECIFIED.)
CURVE()
GEOMETRIC_REPRESENTATION_ITEM()
RATIONAL_B_SPLINE_CURVE((3.49180064500343,3.42795924623458,3.30215308430978))
REPRESENTATION_ITEM('')
);
#55=(
BOUNDED_CURVE()
B_SPLINE_CURVE(2,(#13959,#13960,#13961),.UNSPECIFIED.,.F.,.F.)
B_SPLINE_CURVE_WITH_KNOTS((3,3),(-7.06145190935851,-6.22625378753222),
 .UNSPECIFIED.)
CURVE()
GEOMETRIC_REPRESENTATION_ITEM()
RATIONAL_B_SPLINE_CURVE((3.30215308430977,3.42795924623457,3.49180064500342))
REPRESENTATION_ITEM('')
);
#56=(
BOUNDED_CURVE()
B_SPLINE_CURVE(2,(#13964,#13965,#13966),.UNSPECIFIED.,.F.,.F.)
B_SPLINE_CURVE_WITH_KNOTS((3,3),(-4.50526871050302,-3.67007058867676),
 .UNSPECIFIED.)
CURVE()
GEOMETRIC_REPRESENTATION_ITEM()
RATIONAL_B_SPLINE_CURVE((3.49180064500319,3.42795924623435,3.30215308430958))
REPRESENTATION_ITEM('')
);
#57=(
BOUNDED_CURVE()
B_SPLINE_CURVE(2,(#13970,#13971,#13972),.UNSPECIFIED.,.F.,.F.)
B_SPLINE_CURVE_WITH_KNOTS((3,3),(-4.50526871050305,-3.67007058867676),
 .UNSPECIFIED.)
CURVE()
GEOMETRIC_REPRESENTATION_ITEM()
RATIONAL_B_SPLINE_CURVE((3.49180064500323,3.42795924623439,3.30215308430961))
REPRESENTATION_ITEM('')
);
#58=(
BOUNDED_CURVE()
B_SPLINE_CURVE(2,(#13974,#13975,#13976),.UNSPECIFIED.,.F.,.F.)
B_SPLINE_CURVE_WITH_KNOTS((3,3),(-7.06145190935854,-6.22625378753224),
 .UNSPECIFIED.)
CURVE()
GEOMETRIC_REPRESENTATION_ITEM()
RATIONAL_B_SPLINE_CURVE((3.3021530843096,3.42795924623437,3.49180064500322))
REPRESENTATION_ITEM('')
);
#59=(
BOUNDED_CURVE()
B_SPLINE_CURVE(2,(#13981,#13982,#13983),.UNSPECIFIED.,.F.,.F.)
B_SPLINE_CURVE_WITH_KNOTS((3,3),(-7.0614519093585,-6.22625378753218),
 .UNSPECIFIED.)
CURVE()
GEOMETRIC_REPRESENTATION_ITEM()
RATIONAL_B_SPLINE_CURVE((3.30215308430958,3.42795924623436,3.4918006450032))
REPRESENTATION_ITEM('')
);
#60=(
BOUNDED_CURVE()
B_SPLINE_CURVE(2,(#13986,#13987,#13988),.UNSPECIFIED.,.F.,.F.)
B_SPLINE_CURVE_WITH_KNOTS((3,3),(-4.50526871050302,-3.67007058867676),
 .UNSPECIFIED.)
CURVE()
GEOMETRIC_REPRESENTATION_ITEM()
RATIONAL_B_SPLINE_CURVE((3.49180064500322,3.42795924623438,3.30215308430961))
REPRESENTATION_ITEM('')
);
#61=(
BOUNDED_CURVE()
B_SPLINE_CURVE(2,(#14017,#14018,#14019),.UNSPECIFIED.,.F.,.F.)
B_SPLINE_CURVE_WITH_KNOTS((3,3),(3.67007796843995,4.5052765430432),
 .UNSPECIFIED.)
CURVE()
GEOMETRIC_REPRESENTATION_ITEM()
RATIONAL_B_SPLINE_CURVE((3.30215821002975,3.42796443828268,3.4918059342248))
REPRESENTATION_ITEM('')
);
#62=(
BOUNDED_CURVE()
B_SPLINE_CURVE(2,(#14023,#14024,#14025),.UNSPECIFIED.,.F.,.F.)
B_SPLINE_CURVE_WITH_KNOTS((3,3),(6.22625378753219,7.06145190935847),
 .UNSPECIFIED.)
CURVE()
GEOMETRIC_REPRESENTATION_ITEM()
RATIONAL_B_SPLINE_CURVE((3.49180064500322,3.42795924623438,3.30215308430962))
REPRESENTATION_ITEM('')
);
#63=(
BOUNDED_CURVE()
B_SPLINE_CURVE(2,(#14029,#14030,#14031),.UNSPECIFIED.,.F.,.F.)
B_SPLINE_CURVE_WITH_KNOTS((3,3),(3.67007058867675,4.50526871050302),
 .UNSPECIFIED.)
CURVE()
GEOMETRIC_REPRESENTATION_ITEM()
RATIONAL_B_SPLINE_CURVE((3.30215308430961,3.42795924623438,3.49180064500322))
REPRESENTATION_ITEM('')
);
#64=(
BOUNDED_CURVE()
B_SPLINE_CURVE(2,(#14035,#14036,#14037),.UNSPECIFIED.,.F.,.F.)
B_SPLINE_CURVE_WITH_KNOTS((3,3),(6.22626602925426,7.06146460385759),
 .UNSPECIFIED.)
CURVE()
GEOMETRIC_REPRESENTATION_ITEM()
RATIONAL_B_SPLINE_CURVE((3.4918059342248,3.42796443828268,3.30215821002974))
REPRESENTATION_ITEM('')
);
#65=(
BOUNDED_CURVE()
B_SPLINE_CURVE(2,(#14041,#14042,#14043),.UNSPECIFIED.,.F.,.F.)
B_SPLINE_CURVE_WITH_KNOTS((3,3),(-7.06145190935846,-6.22625378753213),
 .UNSPECIFIED.)
CURVE()
GEOMETRIC_REPRESENTATION_ITEM()
RATIONAL_B_SPLINE_CURVE((3.30215308430982,3.42795924623462,3.49180064500347))
REPRESENTATION_ITEM('')
);
#66=(
BOUNDED_CURVE()
B_SPLINE_CURVE(2,(#14048,#14049,#14050),.UNSPECIFIED.,.F.,.F.)
B_SPLINE_CURVE_WITH_KNOTS((3,3),(3.67007796843998,4.50527654304321),
 .UNSPECIFIED.)
CURVE()
GEOMETRIC_REPRESENTATION_ITEM()
RATIONAL_B_SPLINE_CURVE((3.30215821002967,3.42796443828259,3.4918059342247))
REPRESENTATION_ITEM('')
);
#67=(
BOUNDED_CURVE()
B_SPLINE_CURVE(2,(#14054,#14055,#14056),.UNSPECIFIED.,.F.,.F.)
B_SPLINE_CURVE_WITH_KNOTS((3,3),(6.22625378753219,7.06145190935852),
 .UNSPECIFIED.)
CURVE()
GEOMETRIC_REPRESENTATION_ITEM()
RATIONAL_B_SPLINE_CURVE((3.49180064500346,3.42795924623461,3.3021530843098))
REPRESENTATION_ITEM('')
);
#68=(
BOUNDED_CURVE()
B_SPLINE_CURVE(2,(#14059,#14060,#14061),.UNSPECIFIED.,.F.,.F.)
B_SPLINE_CURVE_WITH_KNOTS((3,3),(6.22626602925425,7.06146460385745),
 .UNSPECIFIED.)
CURVE()
GEOMETRIC_REPRESENTATION_ITEM()
RATIONAL_B_SPLINE_CURVE((3.4918059342247,3.42796443828259,3.30215821002968))
REPRESENTATION_ITEM('')
);
#69=(
BOUNDED_CURVE()
B_SPLINE_CURVE(2,(#14065,#14066,#14067),.UNSPECIFIED.,.F.,.F.)
B_SPLINE_CURVE_WITH_KNOTS((3,3),(-7.06145190935846,-6.22625378753209),
 .UNSPECIFIED.)
CURVE()
GEOMETRIC_REPRESENTATION_ITEM()
RATIONAL_B_SPLINE_CURVE((3.30215308430979,3.4279592462346,3.49180064500345))
REPRESENTATION_ITEM('')
);
#70=(
BOUNDED_CURVE()
B_SPLINE_CURVE(2,(#14072,#14073,#14074),.UNSPECIFIED.,.F.,.F.)
B_SPLINE_CURVE_WITH_KNOTS((3,3),(3.67007796843998,4.50527654304321),
 .UNSPECIFIED.)
CURVE()
GEOMETRIC_REPRESENTATION_ITEM()
RATIONAL_B_SPLINE_CURVE((3.30215821002967,3.42796443828259,3.4918059342247))
REPRESENTATION_ITEM('')
);
#71=(
BOUNDED_CURVE()
B_SPLINE_CURVE(2,(#14078,#14079,#14080),.UNSPECIFIED.,.F.,.F.)
B_SPLINE_CURVE_WITH_KNOTS((3,3),(6.22625378753219,7.06145190935852),
 .UNSPECIFIED.)
CURVE()
GEOMETRIC_REPRESENTATION_ITEM()
RATIONAL_B_SPLINE_CURVE((3.49180064500343,3.42795924623457,3.30215308430977))
REPRESENTATION_ITEM('')
);
#72=(
BOUNDED_CURVE()
B_SPLINE_CURVE(2,(#14083,#14084,#14085),.UNSPECIFIED.,.F.,.F.)
B_SPLINE_CURVE_WITH_KNOTS((3,3),(6.22626602925427,7.06146460385746),
 .UNSPECIFIED.)
CURVE()
GEOMETRIC_REPRESENTATION_ITEM()
RATIONAL_B_SPLINE_CURVE((3.4918059342247,3.42796443828259,3.30215821002969))
REPRESENTATION_ITEM('')
);
#73=(
BOUNDED_CURVE()
B_SPLINE_CURVE(2,(#14089,#14090,#14091),.UNSPECIFIED.,.F.,.F.)
B_SPLINE_CURVE_WITH_KNOTS((3,3),(-7.06145190935858,-6.22625378753218),
 .UNSPECIFIED.)
CURVE()
GEOMETRIC_REPRESENTATION_ITEM()
RATIONAL_B_SPLINE_CURVE((3.30215308430976,3.42795924623457,3.49180064500343))
REPRESENTATION_ITEM('')
);
#74=(
BOUNDED_CURVE()
B_SPLINE_CURVE(2,(#14096,#14097,#14098),.UNSPECIFIED.,.F.,.F.)
B_SPLINE_CURVE_WITH_KNOTS((3,3),(3.67007796843998,4.50527654304319),
 .UNSPECIFIED.)
CURVE()
GEOMETRIC_REPRESENTATION_ITEM()
RATIONAL_B_SPLINE_CURVE((3.3021582100297,3.42796443828262,3.49180593422473))
REPRESENTATION_ITEM('')
);
#75=(
BOUNDED_CURVE()
B_SPLINE_CURVE(2,(#14102,#14103,#14104),.UNSPECIFIED.,.F.,.F.)
B_SPLINE_CURVE_WITH_KNOTS((3,3),(6.22625378753222,7.06145190935854),
 .UNSPECIFIED.)
CURVE()
GEOMETRIC_REPRESENTATION_ITEM()
RATIONAL_B_SPLINE_CURVE((3.49180064500335,3.42795924623449,3.3021530843097))
REPRESENTATION_ITEM('')
);
#76=(
BOUNDED_CURVE()
B_SPLINE_CURVE(2,(#14107,#14108,#14109),.UNSPECIFIED.,.F.,.F.)
B_SPLINE_CURVE_WITH_KNOTS((3,3),(6.22626602925427,7.06146460385752),
 .UNSPECIFIED.)
CURVE()
GEOMETRIC_REPRESENTATION_ITEM()
RATIONAL_B_SPLINE_CURVE((3.49180593422474,3.42796443828263,3.3021582100297))
REPRESENTATION_ITEM('')
);
#77=(
BOUNDED_CURVE()
B_SPLINE_CURVE(2,(#14113,#14114,#14115),.UNSPECIFIED.,.F.,.F.)
B_SPLINE_CURVE_WITH_KNOTS((3,3),(-7.06145190935847,-6.22625378753219),
 .UNSPECIFIED.)
CURVE()
GEOMETRIC_REPRESENTATION_ITEM()
RATIONAL_B_SPLINE_CURVE((3.30215308430978,3.42795924623457,3.49180064500343))
REPRESENTATION_ITEM('')
);
#78=(
BOUNDED_CURVE()
B_SPLINE_CURVE(2,(#14120,#14121,#14122),.UNSPECIFIED.,.F.,.F.)
B_SPLINE_CURVE_WITH_KNOTS((3,3),(3.67007796843998,4.50527654304319),
 .UNSPECIFIED.)
CURVE()
GEOMETRIC_REPRESENTATION_ITEM()
RATIONAL_B_SPLINE_CURVE((3.30215821002975,3.42796443828267,3.49180593422479))
REPRESENTATION_ITEM('')
);
#79=(
BOUNDED_CURVE()
B_SPLINE_CURVE(2,(#14126,#14127,#14128),.UNSPECIFIED.,.F.,.F.)
B_SPLINE_CURVE_WITH_KNOTS((3,3),(6.22625378753217,7.06145190935849),
 .UNSPECIFIED.)
CURVE()
GEOMETRIC_REPRESENTATION_ITEM()
RATIONAL_B_SPLINE_CURVE((3.49180064500343,3.42795924623458,3.30215308430978))
REPRESENTATION_ITEM('')
);
#80=(
BOUNDED_CURVE()
B_SPLINE_CURVE(2,(#14131,#14132,#14133),.UNSPECIFIED.,.F.,.F.)
B_SPLINE_CURVE_WITH_KNOTS((3,3),(6.22626602925432,7.06146460385748),
 .UNSPECIFIED.)
CURVE()
GEOMETRIC_REPRESENTATION_ITEM()
RATIONAL_B_SPLINE_CURVE((3.49180593422478,3.42796443828267,3.30215821002976))
REPRESENTATION_ITEM('')
);
#81=(
BOUNDED_CURVE()
B_SPLINE_CURVE(2,(#14137,#14138,#14139),.UNSPECIFIED.,.F.,.F.)
B_SPLINE_CURVE_WITH_KNOTS((3,3),(-7.06145190935853,-6.22625378753218),
 .UNSPECIFIED.)
CURVE()
GEOMETRIC_REPRESENTATION_ITEM()
RATIONAL_B_SPLINE_CURVE((3.3021530843098,3.4279592462346,3.49180064500346))
REPRESENTATION_ITEM('')
);
#82=(
BOUNDED_CURVE()
B_SPLINE_CURVE(2,(#14143,#14144,#14145),.UNSPECIFIED.,.F.,.F.)
B_SPLINE_CURVE_WITH_KNOTS((3,3),(3.67007796844,4.50527654304323),
 .UNSPECIFIED.)
CURVE()
GEOMETRIC_REPRESENTATION_ITEM()
RATIONAL_B_SPLINE_CURVE((3.3021582100297,3.42796443828262,3.49180593422473))
REPRESENTATION_ITEM('')
);
#83=(
BOUNDED_CURVE()
B_SPLINE_CURVE(2,(#14147,#14148,#14149),.UNSPECIFIED.,.F.,.F.)
B_SPLINE_CURVE_WITH_KNOTS((3,3),(6.22625378753216,7.06145190935852),
 .UNSPECIFIED.)
CURVE()
GEOMETRIC_REPRESENTATION_ITEM()
RATIONAL_B_SPLINE_CURVE((3.49180064500332,3.42795924623447,3.30215308430967))
REPRESENTATION_ITEM('')
);
#84=(
BOUNDED_CURVE()
B_SPLINE_CURVE(2,(#14152,#14153,#14154),.UNSPECIFIED.,.F.,.F.)
B_SPLINE_CURVE_WITH_KNOTS((3,3),(6.2262660292543,7.06146460385754),
 .UNSPECIFIED.)
CURVE()
GEOMETRIC_REPRESENTATION_ITEM()
RATIONAL_B_SPLINE_CURVE((3.49180593422472,3.42796443828261,3.30215821002969))
REPRESENTATION_ITEM('')
);
#85=(
BOUNDED_CURVE()
B_SPLINE_CURVE(2,(#14198,#14199,#14200),.UNSPECIFIED.,.F.,.F.)
B_SPLINE_CURVE_WITH_KNOTS((3,3),(3.67007796843999,4.50527654304322),
 .UNSPECIFIED.)
CURVE()
GEOMETRIC_REPRESENTATION_ITEM()
RATIONAL_B_SPLINE_CURVE((3.30215821002964,3.42796443828256,3.49180593422467))
REPRESENTATION_ITEM('')
);
#86=(
BOUNDED_CURVE()
B_SPLINE_CURVE(2,(#14204,#14205,#14206),.UNSPECIFIED.,.F.,.F.)
B_SPLINE_CURVE_WITH_KNOTS((3,3),(6.22625378753218,7.06145190935853),
 .UNSPECIFIED.)
CURVE()
GEOMETRIC_REPRESENTATION_ITEM()
RATIONAL_B_SPLINE_CURVE((3.49180064500332,3.42795924623446,3.30215308430967))
REPRESENTATION_ITEM('')
);
#87=(
BOUNDED_CURVE()
B_SPLINE_CURVE(2,(#14210,#14211,#14212),.UNSPECIFIED.,.F.,.F.)
B_SPLINE_CURVE_WITH_KNOTS((3,3),(3.67007058867664,4.50526871050296),
 .UNSPECIFIED.)
CURVE()
GEOMETRIC_REPRESENTATION_ITEM()
RATIONAL_B_SPLINE_CURVE((3.30215308430967,3.42795924623446,3.49180064500331))
REPRESENTATION_ITEM('')
);
#88=(
BOUNDED_CURVE()
B_SPLINE_CURVE(2,(#14216,#14217,#14218),.UNSPECIFIED.,.F.,.F.)
B_SPLINE_CURVE_WITH_KNOTS((3,3),(6.22626602925425,7.0614646038575),
 .UNSPECIFIED.)
CURVE()
GEOMETRIC_REPRESENTATION_ITEM()
RATIONAL_B_SPLINE_CURVE((3.49180593422467,3.42796443828256,3.30215821002964))
REPRESENTATION_ITEM('')
);
#89=(
BOUNDED_CURVE()
B_SPLINE_CURVE(2,(#14222,#14223,#14224),.UNSPECIFIED.,.F.,.F.)
B_SPLINE_CURVE_WITH_KNOTS((3,3),(-7.06145190935848,-6.2262537875322),
 .UNSPECIFIED.)
CURVE()
GEOMETRIC_REPRESENTATION_ITEM()
RATIONAL_B_SPLINE_CURVE((3.30215308430979,3.42795924623458,3.49180064500344))
REPRESENTATION_ITEM('')
);
#90=(
BOUNDED_CURVE()
B_SPLINE_CURVE(2,(#14229,#14230,#14231),.UNSPECIFIED.,.F.,.F.)
B_SPLINE_CURVE_WITH_KNOTS((3,3),(3.67007796843999,4.5052765430432),
 .UNSPECIFIED.)
CURVE()
GEOMETRIC_REPRESENTATION_ITEM()
RATIONAL_B_SPLINE_CURVE((3.30215821002974,3.42796443828265,3.49180593422477))
REPRESENTATION_ITEM('')
);
#91=(
BOUNDED_CURVE()
B_SPLINE_CURVE(2,(#14235,#14236,#14237),.UNSPECIFIED.,.F.,.F.)
B_SPLINE_CURVE_WITH_KNOTS((3,3),(6.22625378753221,7.0614519093585),
 .UNSPECIFIED.)
CURVE()
GEOMETRIC_REPRESENTATION_ITEM()
RATIONAL_B_SPLINE_CURVE((3.49180064500332,3.42795924623447,3.30215308430969))
REPRESENTATION_ITEM('')
);
#92=(
BOUNDED_CURVE()
B_SPLINE_CURVE(2,(#14240,#14241,#14242),.UNSPECIFIED.,.F.,.F.)
B_SPLINE_CURVE_WITH_KNOTS((3,3),(6.22626602925428,7.06146460385749),
 .UNSPECIFIED.)
CURVE()
GEOMETRIC_REPRESENTATION_ITEM()
RATIONAL_B_SPLINE_CURVE((3.49180593422477,3.42796443828266,3.30215821002974))
REPRESENTATION_ITEM('')
);
#93=(
BOUNDED_CURVE()
B_SPLINE_CURVE(2,(#14246,#14247,#14248),.UNSPECIFIED.,.F.,.F.)
B_SPLINE_CURVE_WITH_KNOTS((3,3),(-7.06145190935846,-6.22625378753214),
 .UNSPECIFIED.)
CURVE()
GEOMETRIC_REPRESENTATION_ITEM()
RATIONAL_B_SPLINE_CURVE((3.30215308430977,3.42795924623456,3.49180064500342))
REPRESENTATION_ITEM('')
);
#94=(
BOUNDED_CURVE()
B_SPLINE_CURVE(2,(#14253,#14254,#14255),.UNSPECIFIED.,.F.,.F.)
B_SPLINE_CURVE_WITH_KNOTS((3,3),(3.67007796843995,4.50527654304321),
 .UNSPECIFIED.)
CURVE()
GEOMETRIC_REPRESENTATION_ITEM()
RATIONAL_B_SPLINE_CURVE((3.30215821002969,3.42796443828261,3.49180593422473))
REPRESENTATION_ITEM('')
);
#95=(
BOUNDED_CURVE()
B_SPLINE_CURVE(2,(#14259,#14260,#14261),.UNSPECIFIED.,.F.,.F.)
B_SPLINE_CURVE_WITH_KNOTS((3,3),(6.22625378753218,7.06145190935847),
 .UNSPECIFIED.)
CURVE()
GEOMETRIC_REPRESENTATION_ITEM()
RATIONAL_B_SPLINE_CURVE((3.49180064500331,3.42795924623446,3.30215308430968))
REPRESENTATION_ITEM('')
);
#96=(
BOUNDED_CURVE()
B_SPLINE_CURVE(2,(#14264,#14265,#14266),.UNSPECIFIED.,.F.,.F.)
B_SPLINE_CURVE_WITH_KNOTS((3,3),(6.22626602925426,7.06146460385751),
 .UNSPECIFIED.)
CURVE()
GEOMETRIC_REPRESENTATION_ITEM()
RATIONAL_B_SPLINE_CURVE((3.49180593422473,3.42796443828262,3.30215821002969))
REPRESENTATION_ITEM('')
);
#97=(
BOUNDED_CURVE()
B_SPLINE_CURVE(2,(#14270,#14271,#14272),.UNSPECIFIED.,.F.,.F.)
B_SPLINE_CURVE_WITH_KNOTS((3,3),(-7.0614519093586,-6.22625378753221),
 .UNSPECIFIED.)
CURVE()
GEOMETRIC_REPRESENTATION_ITEM()
RATIONAL_B_SPLINE_CURVE((3.30215308430978,3.42795924623459,3.49180064500346))
REPRESENTATION_ITEM('')
);
#98=(
BOUNDED_CURVE()
B_SPLINE_CURVE(2,(#14277,#14278,#14279),.UNSPECIFIED.,.F.,.F.)
B_SPLINE_CURVE_WITH_KNOTS((3,3),(3.67007796844,4.50527654304323),
 .UNSPECIFIED.)
CURVE()
GEOMETRIC_REPRESENTATION_ITEM()
RATIONAL_B_SPLINE_CURVE((3.30215821002964,3.42796443828256,3.49180593422467))
REPRESENTATION_ITEM('')
);
#99=(
BOUNDED_CURVE()
B_SPLINE_CURVE(2,(#14283,#14284,#14285),.UNSPECIFIED.,.F.,.F.)
B_SPLINE_CURVE_WITH_KNOTS((3,3),(6.2262537875322,7.06145190935853),
 .UNSPECIFIED.)
CURVE()
GEOMETRIC_REPRESENTATION_ITEM()
RATIONAL_B_SPLINE_CURVE((3.49180064500346,3.4279592462346,3.30215308430979))
REPRESENTATION_ITEM('')
);
#100=(
BOUNDED_CURVE()
B_SPLINE_CURVE(2,(#14288,#14289,#14290),.UNSPECIFIED.,.F.,.F.)
B_SPLINE_CURVE_WITH_KNOTS((3,3),(6.22626602925427,7.06146460385749),
 .UNSPECIFIED.)
CURVE()
GEOMETRIC_REPRESENTATION_ITEM()
RATIONAL_B_SPLINE_CURVE((3.49180593422467,3.42796443828256,3.30215821002964))
REPRESENTATION_ITEM('')
);
#101=(
BOUNDED_CURVE()
B_SPLINE_CURVE(2,(#14294,#14295,#14296),.UNSPECIFIED.,.F.,.F.)
B_SPLINE_CURVE_WITH_KNOTS((3,3),(-7.06145190935847,-6.22625378753217),
 .UNSPECIFIED.)
CURVE()
GEOMETRIC_REPRESENTATION_ITEM()
RATIONAL_B_SPLINE_CURVE((3.30215308430976,3.42795924623455,3.4918006450034))
REPRESENTATION_ITEM('')
);
#102=(
BOUNDED_CURVE()
B_SPLINE_CURVE(2,(#14301,#14302,#14303),.UNSPECIFIED.,.F.,.F.)
B_SPLINE_CURVE_WITH_KNOTS((3,3),(3.67007796843998,4.50527654304319),
 .UNSPECIFIED.)
CURVE()
GEOMETRIC_REPRESENTATION_ITEM()
RATIONAL_B_SPLINE_CURVE((3.30215821002973,3.42796443828264,3.49180593422476))
REPRESENTATION_ITEM('')
);
#103=(
BOUNDED_CURVE()
B_SPLINE_CURVE(2,(#14307,#14308,#14309),.UNSPECIFIED.,.F.,.F.)
B_SPLINE_CURVE_WITH_KNOTS((3,3),(6.2262537875322,7.0614519093585),
 .UNSPECIFIED.)
CURVE()
GEOMETRIC_REPRESENTATION_ITEM()
RATIONAL_B_SPLINE_CURVE((3.4918006450034,3.42795924623454,3.30215308430975))
REPRESENTATION_ITEM('')
);
#104=(
BOUNDED_CURVE()
B_SPLINE_CURVE(2,(#14312,#14313,#14314),.UNSPECIFIED.,.F.,.F.)
B_SPLINE_CURVE_WITH_KNOTS((3,3),(6.22626602925429,7.06146460385748),
 .UNSPECIFIED.)
CURVE()
GEOMETRIC_REPRESENTATION_ITEM()
RATIONAL_B_SPLINE_CURVE((3.49180593422476,3.42796443828265,3.30215821002974))
REPRESENTATION_ITEM('')
);
#105=(
BOUNDED_CURVE()
B_SPLINE_CURVE(2,(#14318,#14319,#14320),.UNSPECIFIED.,.F.,.F.)
B_SPLINE_CURVE_WITH_KNOTS((3,3),(-7.06145190935851,-6.22625378753217),
 .UNSPECIFIED.)
CURVE()
GEOMETRIC_REPRESENTATION_ITEM()
RATIONAL_B_SPLINE_CURVE((3.3021530843098,3.42795924623461,3.49180064500346))
REPRESENTATION_ITEM('')
);
#106=(
BOUNDED_CURVE()
B_SPLINE_CURVE(2,(#14324,#14325,#14326),.UNSPECIFIED.,.F.,.F.)
B_SPLINE_CURVE_WITH_KNOTS((3,3),(3.67007796844002,4.50527654304325),
 .UNSPECIFIED.)
CURVE()
GEOMETRIC_REPRESENTATION_ITEM()
RATIONAL_B_SPLINE_CURVE((3.30215821002974,3.42796443828266,3.49180593422477))
REPRESENTATION_ITEM('')
);
#107=(
BOUNDED_CURVE()
B_SPLINE_CURVE(2,(#14328,#14329,#14330),.UNSPECIFIED.,.F.,.F.)
B_SPLINE_CURVE_WITH_KNOTS((3,3),(6.22625378753216,7.0614519093585),
 .UNSPECIFIED.)
CURVE()
GEOMETRIC_REPRESENTATION_ITEM()
RATIONAL_B_SPLINE_CURVE((3.49180064500346,3.4279592462346,3.3021530843098))
REPRESENTATION_ITEM('')
);
#108=(
BOUNDED_CURVE()
B_SPLINE_CURVE(2,(#14333,#14334,#14335),.UNSPECIFIED.,.F.,.F.)
B_SPLINE_CURVE_WITH_KNOTS((3,3),(6.22626602925432,7.06146460385754),
 .UNSPECIFIED.)
CURVE()
GEOMETRIC_REPRESENTATION_ITEM()
RATIONAL_B_SPLINE_CURVE((3.49180593422476,3.42796443828264,3.30215821002972))
REPRESENTATION_ITEM('')
);
#109=(
BOUNDED_CURVE()
B_SPLINE_CURVE(2,(#14521,#14522,#14523),.UNSPECIFIED.,.F.,.F.)
B_SPLINE_CURVE_WITH_KNOTS((3,3),(-3.0650727752856,-1.27732225784967),
 .UNSPECIFIED.)
CURVE()
GEOMETRIC_REPRESENTATION_ITEM()
RATIONAL_B_SPLINE_CURVE((1.61032871609294,1.8594474354404,1.61032871609294))
REPRESENTATION_ITEM('')
);
#110=(
BOUNDED_CURVE()
B_SPLINE_CURVE(2,(#14529,#14530,#14531),.UNSPECIFIED.,.F.,.F.)
B_SPLINE_CURVE_WITH_KNOTS((3,3),(-3.0650727752856,-1.27732225784967),
 .UNSPECIFIED.)
CURVE()
GEOMETRIC_REPRESENTATION_ITEM()
RATIONAL_B_SPLINE_CURVE((1.61032871609293,1.85944743544039,1.61032871609293))
REPRESENTATION_ITEM('')
);
#111=(
BOUNDED_CURVE()
B_SPLINE_CURVE(2,(#14537,#14538,#14539),.UNSPECIFIED.,.F.,.F.)
B_SPLINE_CURVE_WITH_KNOTS((3,3),(-3.0650727752856,-1.27732225784967),
 .UNSPECIFIED.)
CURVE()
GEOMETRIC_REPRESENTATION_ITEM()
RATIONAL_B_SPLINE_CURVE((1.61032871609294,1.8594474354404,1.61032871609294))
REPRESENTATION_ITEM('')
);
#112=(
BOUNDED_CURVE()
B_SPLINE_CURVE(2,(#14545,#14546,#14547),.UNSPECIFIED.,.F.,.F.)
B_SPLINE_CURVE_WITH_KNOTS((3,3),(-3.0650727752856,-1.27732225784966),
 .UNSPECIFIED.)
CURVE()
GEOMETRIC_REPRESENTATION_ITEM()
RATIONAL_B_SPLINE_CURVE((1.61032871609294,1.85944743544041,1.61032871609294))
REPRESENTATION_ITEM('')
);
#113=(
BOUNDED_CURVE()
B_SPLINE_CURVE(2,(#14553,#14554,#14555),.UNSPECIFIED.,.F.,.F.)
B_SPLINE_CURVE_WITH_KNOTS((3,3),(-3.06507277528559,-1.27732225784967),
 .UNSPECIFIED.)
CURVE()
GEOMETRIC_REPRESENTATION_ITEM()
RATIONAL_B_SPLINE_CURVE((1.61032871609294,1.85944743544039,1.61032871609293))
REPRESENTATION_ITEM('')
);
#114=(
BOUNDED_CURVE()
B_SPLINE_CURVE(2,(#14560,#14561,#14562),.UNSPECIFIED.,.F.,.F.)
B_SPLINE_CURVE_WITH_KNOTS((3,3),(-3.06507277528561,-1.27732225784966),
 .UNSPECIFIED.)
CURVE()
GEOMETRIC_REPRESENTATION_ITEM()
RATIONAL_B_SPLINE_CURVE((1.61032871609294,1.85944743544041,1.61032871609294))
REPRESENTATION_ITEM('')
);
#115=(
BOUNDED_CURVE()
B_SPLINE_CURVE(2,(#14574,#14575,#14576),.UNSPECIFIED.,.F.,.F.)
B_SPLINE_CURVE_WITH_KNOTS((3,3),(-3.0650727752856,-1.27732225784966),
 .UNSPECIFIED.)
CURVE()
GEOMETRIC_REPRESENTATION_ITEM()
RATIONAL_B_SPLINE_CURVE((1.61032871609295,1.85944743544041,1.61032871609294))
REPRESENTATION_ITEM('')
);
#116=(
BOUNDED_CURVE()
B_SPLINE_CURVE(2,(#14582,#14583,#14584),.UNSPECIFIED.,.F.,.F.)
B_SPLINE_CURVE_WITH_KNOTS((3,3),(-3.0650727752856,-1.27732225784966),
 .UNSPECIFIED.)
CURVE()
GEOMETRIC_REPRESENTATION_ITEM()
RATIONAL_B_SPLINE_CURVE((1.61032871609294,1.85944743544041,1.61032871609294))
REPRESENTATION_ITEM('')
);
#117=(
BOUNDED_CURVE()
B_SPLINE_CURVE(2,(#14590,#14591,#14592),.UNSPECIFIED.,.F.,.F.)
B_SPLINE_CURVE_WITH_KNOTS((3,3),(-3.06507277528559,-1.27732225784966),
 .UNSPECIFIED.)
CURVE()
GEOMETRIC_REPRESENTATION_ITEM()
RATIONAL_B_SPLINE_CURVE((1.61032871609293,1.85944743544039,1.61032871609293))
REPRESENTATION_ITEM('')
);
#118=(
BOUNDED_CURVE()
B_SPLINE_CURVE(2,(#14598,#14599,#14600),.UNSPECIFIED.,.F.,.F.)
B_SPLINE_CURVE_WITH_KNOTS((3,3),(-3.0650727752856,-1.27732225784966),
 .UNSPECIFIED.)
CURVE()
GEOMETRIC_REPRESENTATION_ITEM()
RATIONAL_B_SPLINE_CURVE((1.61032871609294,1.85944743544041,1.61032871609294))
REPRESENTATION_ITEM('')
);
#119=(
BOUNDED_CURVE()
B_SPLINE_CURVE(2,(#14606,#14607,#14608),.UNSPECIFIED.,.F.,.F.)
B_SPLINE_CURVE_WITH_KNOTS((3,3),(-3.0650727752856,-1.27732225784967),
 .UNSPECIFIED.)
CURVE()
GEOMETRIC_REPRESENTATION_ITEM()
RATIONAL_B_SPLINE_CURVE((1.61032871609294,1.85944743544041,1.61032871609294))
REPRESENTATION_ITEM('')
);
#120=(
BOUNDED_CURVE()
B_SPLINE_CURVE(2,(#14613,#14614,#14615),.UNSPECIFIED.,.F.,.F.)
B_SPLINE_CURVE_WITH_KNOTS((3,3),(-3.06507277528559,-1.27732225784967),
 .UNSPECIFIED.)
CURVE()
GEOMETRIC_REPRESENTATION_ITEM()
RATIONAL_B_SPLINE_CURVE((1.61032871609295,1.85944743544041,1.61032871609294))
REPRESENTATION_ITEM('')
);
#121=(
BOUNDED_CURVE()
B_SPLINE_CURVE(2,(#14627,#14628,#14629),.UNSPECIFIED.,.F.,.F.)
B_SPLINE_CURVE_WITH_KNOTS((3,3),(-3.06507277528561,-1.27732225784968),
 .UNSPECIFIED.)
CURVE()
GEOMETRIC_REPRESENTATION_ITEM()
RATIONAL_B_SPLINE_CURVE((1.61032871609293,1.8594474354404,1.61032871609294))
REPRESENTATION_ITEM('')
);
#122=(
BOUNDED_CURVE()
B_SPLINE_CURVE(2,(#14635,#14636,#14637),.UNSPECIFIED.,.F.,.F.)
B_SPLINE_CURVE_WITH_KNOTS((3,3),(-3.06507277528562,-1.27732225784966),
 .UNSPECIFIED.)
CURVE()
GEOMETRIC_REPRESENTATION_ITEM()
RATIONAL_B_SPLINE_CURVE((1.61032871609294,1.85944743544041,1.61032871609294))
REPRESENTATION_ITEM('')
);
#123=(
BOUNDED_CURVE()
B_SPLINE_CURVE(2,(#14643,#14644,#14645),.UNSPECIFIED.,.F.,.F.)
B_SPLINE_CURVE_WITH_KNOTS((3,3),(-3.06507277528559,-1.27732225784967),
 .UNSPECIFIED.)
CURVE()
GEOMETRIC_REPRESENTATION_ITEM()
RATIONAL_B_SPLINE_CURVE((1.61032871609294,1.8594474354404,1.61032871609294))
REPRESENTATION_ITEM('')
);
#124=(
BOUNDED_CURVE()
B_SPLINE_CURVE(2,(#14651,#14652,#14653),.UNSPECIFIED.,.F.,.F.)
B_SPLINE_CURVE_WITH_KNOTS((3,3),(-3.0650727752856,-1.27732225784966),
 .UNSPECIFIED.)
CURVE()
GEOMETRIC_REPRESENTATION_ITEM()
RATIONAL_B_SPLINE_CURVE((1.61032871609294,1.8594474354404,1.61032871609293))
REPRESENTATION_ITEM('')
);
#125=(
BOUNDED_CURVE()
B_SPLINE_CURVE(2,(#14659,#14660,#14661),.UNSPECIFIED.,.F.,.F.)
B_SPLINE_CURVE_WITH_KNOTS((3,3),(-3.0650727752856,-1.27732225784966),
 .UNSPECIFIED.)
CURVE()
GEOMETRIC_REPRESENTATION_ITEM()
RATIONAL_B_SPLINE_CURVE((1.61032871609293,1.85944743544039,1.61032871609293))
REPRESENTATION_ITEM('')
);
#126=(
BOUNDED_CURVE()
B_SPLINE_CURVE(2,(#14666,#14667,#14668),.UNSPECIFIED.,.F.,.F.)
B_SPLINE_CURVE_WITH_KNOTS((3,3),(-3.06507277528561,-1.27732225784967),
 .UNSPECIFIED.)
CURVE()
GEOMETRIC_REPRESENTATION_ITEM()
RATIONAL_B_SPLINE_CURVE((1.61032871609293,1.8594474354404,1.61032871609293))
REPRESENTATION_ITEM('')
);
#127=(
BOUNDED_CURVE()
B_SPLINE_CURVE(2,(#14702,#14703,#14704),.UNSPECIFIED.,.F.,.F.)
B_SPLINE_CURVE_WITH_KNOTS((3,3),(-4.50527654304322,-3.67007796844),
 .UNSPECIFIED.)
CURVE()
GEOMETRIC_REPRESENTATION_ITEM()
RATIONAL_B_SPLINE_CURVE((3.49180593422473,3.42796443828262,3.3021582100297))
REPRESENTATION_ITEM('')
);
#128=(
BOUNDED_CURVE()
B_SPLINE_CURVE(2,(#14706,#14707,#14708),.UNSPECIFIED.,.F.,.F.)
B_SPLINE_CURVE_WITH_KNOTS((3,3),(-7.06146460385749,-6.22626602925429),
 .UNSPECIFIED.)
CURVE()
GEOMETRIC_REPRESENTATION_ITEM()
RATIONAL_B_SPLINE_CURVE((3.30215821002968,3.42796443828259,3.4918059342247))
REPRESENTATION_ITEM('')
);
#129=(
BOUNDED_CURVE()
B_SPLINE_CURVE(2,(#14713,#14714,#14715),.UNSPECIFIED.,.F.,.F.)
B_SPLINE_CURVE_WITH_KNOTS((3,3),(-4.50527654304319,-3.67007796843998),
 .UNSPECIFIED.)
CURVE()
GEOMETRIC_REPRESENTATION_ITEM()
RATIONAL_B_SPLINE_CURVE((3.49180593422473,3.42796443828262,3.3021582100297))
REPRESENTATION_ITEM('')
);
#130=(
BOUNDED_CURVE()
B_SPLINE_CURVE(2,(#14717,#14718,#14719),.UNSPECIFIED.,.F.,.F.)
B_SPLINE_CURVE_WITH_KNOTS((3,3),(-7.0614646038575,-6.22626602925428),
 .UNSPECIFIED.)
CURVE()
GEOMETRIC_REPRESENTATION_ITEM()
RATIONAL_B_SPLINE_CURVE((3.3021582100297,3.42796443828262,3.49180593422473))
REPRESENTATION_ITEM('')
);
#131=(
BOUNDED_CURVE()
B_SPLINE_CURVE(2,(#14724,#14725,#14726),.UNSPECIFIED.,.F.,.F.)
B_SPLINE_CURVE_WITH_KNOTS((3,3),(-7.06146460385745,-6.22626602925423),
 .UNSPECIFIED.)
CURVE()
GEOMETRIC_REPRESENTATION_ITEM()
RATIONAL_B_SPLINE_CURVE((3.30215821002973,3.42796443828264,3.49180593422474))
REPRESENTATION_ITEM('')
);
#132=(
BOUNDED_CURVE()
B_SPLINE_CURVE(2,(#14729,#14730,#14731),.UNSPECIFIED.,.F.,.F.)
B_SPLINE_CURVE_WITH_KNOTS((3,3),(-4.50527654304322,-3.67007796843997),
 .UNSPECIFIED.)
CURVE()
GEOMETRIC_REPRESENTATION_ITEM()
RATIONAL_B_SPLINE_CURVE((3.4918059342247,3.42796443828259,3.30215821002967))
REPRESENTATION_ITEM('')
);
#133=(
BOUNDED_CURVE()
B_SPLINE_CURVE(2,(#14735,#14736,#14737),.UNSPECIFIED.,.F.,.F.)
B_SPLINE_CURVE_WITH_KNOTS((3,3),(-4.50527654304325,-3.67007796844),
 .UNSPECIFIED.)
CURVE()
GEOMETRIC_REPRESENTATION_ITEM()
RATIONAL_B_SPLINE_CURVE((3.49180593422477,3.42796443828266,3.30215821002973))
REPRESENTATION_ITEM('')
);
#134=(
BOUNDED_CURVE()
B_SPLINE_CURVE(2,(#14739,#14740,#14741),.UNSPECIFIED.,.F.,.F.)
B_SPLINE_CURVE_WITH_KNOTS((3,3),(-7.06146460385752,-6.2262660292543),
 .UNSPECIFIED.)
CURVE()
GEOMETRIC_REPRESENTATION_ITEM()
RATIONAL_B_SPLINE_CURVE((3.30215821002967,3.42796443828258,3.4918059342247))
REPRESENTATION_ITEM('')
);
#135=(
BOUNDED_CURVE()
B_SPLINE_CURVE(2,(#14746,#14747,#14748),.UNSPECIFIED.,.F.,.F.)
B_SPLINE_CURVE_WITH_KNOTS((3,3),(-4.50527654304322,-3.67007796843998),
 .UNSPECIFIED.)
CURVE()
GEOMETRIC_REPRESENTATION_ITEM()
RATIONAL_B_SPLINE_CURVE((3.49180593422474,3.42796443828262,3.3021582100297))
REPRESENTATION_ITEM('')
);
#136=(
BOUNDED_CURVE()
B_SPLINE_CURVE(2,(#14750,#14751,#14752),.UNSPECIFIED.,.F.,.F.)
B_SPLINE_CURVE_WITH_KNOTS((3,3),(-7.06146460385755,-6.22626602925432),
 .UNSPECIFIED.)
CURVE()
GEOMETRIC_REPRESENTATION_ITEM()
RATIONAL_B_SPLINE_CURVE((3.30215821002972,3.42796443828264,3.49180593422476))
REPRESENTATION_ITEM('')
);
#137=(
BOUNDED_CURVE()
B_SPLINE_CURVE(2,(#14757,#14758,#14759),.UNSPECIFIED.,.F.,.F.)
B_SPLINE_CURVE_WITH_KNOTS((3,3),(-4.50527654304321,-3.67007796843999),
 .UNSPECIFIED.)
CURVE()
GEOMETRIC_REPRESENTATION_ITEM()
RATIONAL_B_SPLINE_CURVE((3.4918059342247,3.42796443828259,3.30215821002967))
REPRESENTATION_ITEM('')
);
#138=(
BOUNDED_CURVE()
B_SPLINE_CURVE(2,(#14761,#14762,#14763),.UNSPECIFIED.,.F.,.F.)
B_SPLINE_CURVE_WITH_KNOTS((3,3),(-7.06146460385751,-6.22626602925426),
 .UNSPECIFIED.)
CURVE()
GEOMETRIC_REPRESENTATION_ITEM()
RATIONAL_B_SPLINE_CURVE((3.30215821002971,3.42796443828263,3.49180593422474))
REPRESENTATION_ITEM('')
);
#139=(
BOUNDED_CURVE()
B_SPLINE_CURVE(2,(#14768,#14769,#14770),.UNSPECIFIED.,.F.,.F.)
B_SPLINE_CURVE_WITH_KNOTS((3,3),(-7.06145190935841,-6.22625378753212),
 .UNSPECIFIED.)
CURVE()
GEOMETRIC_REPRESENTATION_ITEM()
RATIONAL_B_SPLINE_CURVE((3.30215308430967,3.42795924623445,3.49180064500329))
REPRESENTATION_ITEM('')
);
#140=(
BOUNDED_CURVE()
B_SPLINE_CURVE(2,(#14773,#14774,#14775),.UNSPECIFIED.,.F.,.F.)
B_SPLINE_CURVE_WITH_KNOTS((3,3),(-4.50526871050296,-3.67007058867666),
 .UNSPECIFIED.)
CURVE()
GEOMETRIC_REPRESENTATION_ITEM()
RATIONAL_B_SPLINE_CURVE((3.49180064500328,3.42795924623444,3.30215308430966))
REPRESENTATION_ITEM('')
);
#141=(
BOUNDED_CURVE()
B_SPLINE_CURVE(2,(#14779,#14780,#14781),.UNSPECIFIED.,.F.,.F.)
B_SPLINE_CURVE_WITH_KNOTS((3,3),(-7.0614519093584,-6.22625378753214),
 .UNSPECIFIED.)
CURVE()
GEOMETRIC_REPRESENTATION_ITEM()
RATIONAL_B_SPLINE_CURVE((3.30215308430966,3.42795924623443,3.49180064500328))
REPRESENTATION_ITEM('')
);
#142=(
BOUNDED_CURVE()
B_SPLINE_CURVE(2,(#14784,#14785,#14786),.UNSPECIFIED.,.F.,.F.)
B_SPLINE_CURVE_WITH_KNOTS((3,3),(-4.50526871050292,-3.67007058867664),
 .UNSPECIFIED.)
CURVE()
GEOMETRIC_REPRESENTATION_ITEM()
RATIONAL_B_SPLINE_CURVE((3.49180064500332,3.42795924623447,3.30215308430969))
REPRESENTATION_ITEM('')
);
#143=(
BOUNDED_CURVE()
B_SPLINE_CURVE(2,(#14790,#14791,#14792),.UNSPECIFIED.,.F.,.F.)
B_SPLINE_CURVE_WITH_KNOTS((3,3),(-7.06145190935849,-6.22625378753213),
 .UNSPECIFIED.)
CURVE()
GEOMETRIC_REPRESENTATION_ITEM()
RATIONAL_B_SPLINE_CURVE((3.30215308430968,3.42795924623448,3.49180064500333))
REPRESENTATION_ITEM('')
);
#144=(
BOUNDED_CURVE()
B_SPLINE_CURVE(2,(#14795,#14796,#14797),.UNSPECIFIED.,.F.,.F.)
B_SPLINE_CURVE_WITH_KNOTS((3,3),(-4.50526871050295,-3.67007058867665),
 .UNSPECIFIED.)
CURVE()
GEOMETRIC_REPRESENTATION_ITEM()
RATIONAL_B_SPLINE_CURVE((3.49180064500329,3.42795924623444,3.30215308430966))
REPRESENTATION_ITEM('')
);
#145=(
BOUNDED_CURVE()
B_SPLINE_CURVE(2,(#14801,#14802,#14803),.UNSPECIFIED.,.F.,.F.)
B_SPLINE_CURVE_WITH_KNOTS((3,3),(-7.06145190935841,-6.22625378753214),
 .UNSPECIFIED.)
CURVE()
GEOMETRIC_REPRESENTATION_ITEM()
RATIONAL_B_SPLINE_CURVE((3.30215308430967,3.42795924623444,3.49180064500329))
REPRESENTATION_ITEM('')
);
#146=(
BOUNDED_CURVE()
B_SPLINE_CURVE(2,(#14806,#14807,#14808),.UNSPECIFIED.,.F.,.F.)
B_SPLINE_CURVE_WITH_KNOTS((3,3),(-4.50526871050293,-3.67007058867663),
 .UNSPECIFIED.)
CURVE()
GEOMETRIC_REPRESENTATION_ITEM()
RATIONAL_B_SPLINE_CURVE((3.49180064500331,3.42795924623446,3.30215308430968))
REPRESENTATION_ITEM('')
);
#147=(
BOUNDED_CURVE()
B_SPLINE_CURVE(2,(#14812,#14813,#14814),.UNSPECIFIED.,.F.,.F.)
B_SPLINE_CURVE_WITH_KNOTS((3,3),(-4.50526871050296,-3.67007058867668),
 .UNSPECIFIED.)
CURVE()
GEOMETRIC_REPRESENTATION_ITEM()
RATIONAL_B_SPLINE_CURVE((3.49180064500329,3.42795924623445,3.30215308430967))
REPRESENTATION_ITEM('')
);
#148=(
BOUNDED_CURVE()
B_SPLINE_CURVE(2,(#14816,#14817,#14818),.UNSPECIFIED.,.F.,.F.)
B_SPLINE_CURVE_WITH_KNOTS((3,3),(-7.06145190935842,-6.22625378753217),
 .UNSPECIFIED.)
CURVE()
GEOMETRIC_REPRESENTATION_ITEM()
RATIONAL_B_SPLINE_CURVE((3.30215308430969,3.42795924623446,3.49180064500331))
REPRESENTATION_ITEM('')
);
#149=(
BOUNDED_CURVE()
B_SPLINE_CURVE(2,(#14823,#14824,#14825),.UNSPECIFIED.,.F.,.F.)
B_SPLINE_CURVE_WITH_KNOTS((3,3),(-7.06145190935839,-6.22625378753213),
 .UNSPECIFIED.)
CURVE()
GEOMETRIC_REPRESENTATION_ITEM()
RATIONAL_B_SPLINE_CURVE((3.3021530843097,3.42795924623447,3.49180064500331))
REPRESENTATION_ITEM('')
);
#150=(
BOUNDED_CURVE()
B_SPLINE_CURVE(2,(#14828,#14829,#14830),.UNSPECIFIED.,.F.,.F.)
B_SPLINE_CURVE_WITH_KNOTS((3,3),(-4.50526871050294,-3.67007058867664),
 .UNSPECIFIED.)
CURVE()
GEOMETRIC_REPRESENTATION_ITEM()
RATIONAL_B_SPLINE_CURVE((3.49180064500331,3.42795924623447,3.30215308430968))
REPRESENTATION_ITEM('')
);
#151=(
BOUNDED_CURVE()
B_SPLINE_CURVE(2,(#14859,#14860,#14861),.UNSPECIFIED.,.F.,.F.)
B_SPLINE_CURVE_WITH_KNOTS((3,3),(3.67007796844001,4.50527654304319),
 .UNSPECIFIED.)
CURVE()
GEOMETRIC_REPRESENTATION_ITEM()
RATIONAL_B_SPLINE_CURVE((3.30215821002971,3.42796443828262,3.49180593422473))
REPRESENTATION_ITEM('')
);
#152=(
BOUNDED_CURVE()
B_SPLINE_CURVE(2,(#14865,#14866,#14867),.UNSPECIFIED.,.F.,.F.)
B_SPLINE_CURVE_WITH_KNOTS((3,3),(6.2262537875321,7.06145190935842),
 .UNSPECIFIED.)
CURVE()
GEOMETRIC_REPRESENTATION_ITEM()
RATIONAL_B_SPLINE_CURVE((3.49180064500329,3.42795924623444,3.30215308430966))
REPRESENTATION_ITEM('')
);
#153=(
BOUNDED_CURVE()
B_SPLINE_CURVE(2,(#14871,#14872,#14873),.UNSPECIFIED.,.F.,.F.)
B_SPLINE_CURVE_WITH_KNOTS((3,3),(3.67007058867664,4.50526871050293),
 .UNSPECIFIED.)
CURVE()
GEOMETRIC_REPRESENTATION_ITEM()
RATIONAL_B_SPLINE_CURVE((3.30215308430966,3.42795924623444,3.49180064500328))
REPRESENTATION_ITEM('')
);
#154=(
BOUNDED_CURVE()
B_SPLINE_CURVE(2,(#14877,#14878,#14879),.UNSPECIFIED.,.F.,.F.)
B_SPLINE_CURVE_WITH_KNOTS((3,3),(6.22626602925426,7.06146460385755),
 .UNSPECIFIED.)
CURVE()
GEOMETRIC_REPRESENTATION_ITEM()
RATIONAL_B_SPLINE_CURVE((3.49180593422474,3.42796443828262,3.30215821002969))
REPRESENTATION_ITEM('')
);
#155=(
BOUNDED_CURVE()
B_SPLINE_CURVE(2,(#14883,#14884,#14885),.UNSPECIFIED.,.F.,.F.)
B_SPLINE_CURVE_WITH_KNOTS((3,3),(-7.06145190935843,-6.22625378753213),
 .UNSPECIFIED.)
CURVE()
GEOMETRIC_REPRESENTATION_ITEM()
RATIONAL_B_SPLINE_CURVE((3.30215308430968,3.42795924623447,3.49180064500331))
REPRESENTATION_ITEM('')
);
#156=(
BOUNDED_CURVE()
B_SPLINE_CURVE(2,(#14890,#14891,#14892),.UNSPECIFIED.,.F.,.F.)
B_SPLINE_CURVE_WITH_KNOTS((3,3),(3.67007796843997,4.5052765430432),
 .UNSPECIFIED.)
CURVE()
GEOMETRIC_REPRESENTATION_ITEM()
RATIONAL_B_SPLINE_CURVE((3.30215821002972,3.42796443828265,3.49180593422476))
REPRESENTATION_ITEM('')
);
#157=(
BOUNDED_CURVE()
B_SPLINE_CURVE(2,(#14896,#14897,#14898),.UNSPECIFIED.,.F.,.F.)
B_SPLINE_CURVE_WITH_KNOTS((3,3),(6.22625378753217,7.06145190935845),
 .UNSPECIFIED.)
CURVE()
GEOMETRIC_REPRESENTATION_ITEM()
RATIONAL_B_SPLINE_CURVE((3.49180064500329,3.42795924623444,3.30215308430966))
REPRESENTATION_ITEM('')
);
#158=(
BOUNDED_CURVE()
B_SPLINE_CURVE(2,(#14901,#14902,#14903),.UNSPECIFIED.,.F.,.F.)
B_SPLINE_CURVE_WITH_KNOTS((3,3),(6.2262660292543,7.06146460385753),
 .UNSPECIFIED.)
CURVE()
GEOMETRIC_REPRESENTATION_ITEM()
RATIONAL_B_SPLINE_CURVE((3.49180593422476,3.42796443828265,3.30215821002973))
REPRESENTATION_ITEM('')
);
#159=(
BOUNDED_CURVE()
B_SPLINE_CURVE(2,(#14907,#14908,#14909),.UNSPECIFIED.,.F.,.F.)
B_SPLINE_CURVE_WITH_KNOTS((3,3),(-7.06145190935841,-6.22625378753213),
 .UNSPECIFIED.)
CURVE()
GEOMETRIC_REPRESENTATION_ITEM()
RATIONAL_B_SPLINE_CURVE((3.30215308430965,3.42795924623443,3.49180064500328))
REPRESENTATION_ITEM('')
);
#160=(
BOUNDED_CURVE()
B_SPLINE_CURVE(2,(#14914,#14915,#14916),.UNSPECIFIED.,.F.,.F.)
B_SPLINE_CURVE_WITH_KNOTS((3,3),(3.67007796843999,4.50527654304321),
 .UNSPECIFIED.)
CURVE()
GEOMETRIC_REPRESENTATION_ITEM()
RATIONAL_B_SPLINE_CURVE((3.3021582100297,3.42796443828262,3.49180593422473))
REPRESENTATION_ITEM('')
);
#161=(
BOUNDED_CURVE()
B_SPLINE_CURVE(2,(#14920,#14921,#14922),.UNSPECIFIED.,.F.,.F.)
B_SPLINE_CURVE_WITH_KNOTS((3,3),(6.22625378753214,7.06145190935839),
 .UNSPECIFIED.)
CURVE()
GEOMETRIC_REPRESENTATION_ITEM()
RATIONAL_B_SPLINE_CURVE((3.49180064500328,3.42795924623443,3.30215308430966))
REPRESENTATION_ITEM('')
);
#162=(
BOUNDED_CURVE()
B_SPLINE_CURVE(2,(#14925,#14926,#14927),.UNSPECIFIED.,.F.,.F.)
B_SPLINE_CURVE_WITH_KNOTS((3,3),(6.22626602925429,7.0614646038575),
 .UNSPECIFIED.)
CURVE()
GEOMETRIC_REPRESENTATION_ITEM()
RATIONAL_B_SPLINE_CURVE((3.49180593422473,3.42796443828262,3.3021582100297))
REPRESENTATION_ITEM('')
);
#163=(
BOUNDED_CURVE()
B_SPLINE_CURVE(2,(#14931,#14932,#14933),.UNSPECIFIED.,.F.,.F.)
B_SPLINE_CURVE_WITH_KNOTS((3,3),(-7.06145190935843,-6.22625378753211),
 .UNSPECIFIED.)
CURVE()
GEOMETRIC_REPRESENTATION_ITEM()
RATIONAL_B_SPLINE_CURVE((3.30215308430965,3.42795924623444,3.49180064500329))
REPRESENTATION_ITEM('')
);
#164=(
BOUNDED_CURVE()
B_SPLINE_CURVE(2,(#14938,#14939,#14940),.UNSPECIFIED.,.F.,.F.)
B_SPLINE_CURVE_WITH_KNOTS((3,3),(3.67007796844,4.50527654304323),
 .UNSPECIFIED.)
CURVE()
GEOMETRIC_REPRESENTATION_ITEM()
RATIONAL_B_SPLINE_CURVE((3.30215821002971,3.42796443828262,3.49180593422474))
REPRESENTATION_ITEM('')
);
#165=(
BOUNDED_CURVE()
B_SPLINE_CURVE(2,(#14944,#14945,#14946),.UNSPECIFIED.,.F.,.F.)
B_SPLINE_CURVE_WITH_KNOTS((3,3),(6.22625378753211,7.06145190935844),
 .UNSPECIFIED.)
CURVE()
GEOMETRIC_REPRESENTATION_ITEM()
RATIONAL_B_SPLINE_CURVE((3.49180064500329,3.42795924623444,3.30215308430966))
REPRESENTATION_ITEM('')
);
#166=(
BOUNDED_CURVE()
B_SPLINE_CURVE(2,(#14949,#14950,#14951),.UNSPECIFIED.,.F.,.F.)
B_SPLINE_CURVE_WITH_KNOTS((3,3),(6.22626602925429,7.06146460385755),
 .UNSPECIFIED.)
CURVE()
GEOMETRIC_REPRESENTATION_ITEM()
RATIONAL_B_SPLINE_CURVE((3.49180593422473,3.42796443828262,3.30215821002969))
REPRESENTATION_ITEM('')
);
#167=(
BOUNDED_CURVE()
B_SPLINE_CURVE(2,(#14955,#14956,#14957),.UNSPECIFIED.,.F.,.F.)
B_SPLINE_CURVE_WITH_KNOTS((3,3),(-7.06145190935842,-6.22625378753209),
 .UNSPECIFIED.)
CURVE()
GEOMETRIC_REPRESENTATION_ITEM()
RATIONAL_B_SPLINE_CURVE((3.30215308430962,3.42795924623441,3.49180064500325))
REPRESENTATION_ITEM('')
);
#168=(
BOUNDED_CURVE()
B_SPLINE_CURVE(2,(#14962,#14963,#14964),.UNSPECIFIED.,.F.,.F.)
B_SPLINE_CURVE_WITH_KNOTS((3,3),(3.67007796843998,4.50527654304322),
 .UNSPECIFIED.)
CURVE()
GEOMETRIC_REPRESENTATION_ITEM()
RATIONAL_B_SPLINE_CURVE((3.3021582100297,3.42796443828262,3.49180593422474))
REPRESENTATION_ITEM('')
);
#169=(
BOUNDED_CURVE()
B_SPLINE_CURVE(2,(#14968,#14969,#14970),.UNSPECIFIED.,.F.,.F.)
B_SPLINE_CURVE_WITH_KNOTS((3,3),(6.22625378753212,7.06145190935842),
 .UNSPECIFIED.)
CURVE()
GEOMETRIC_REPRESENTATION_ITEM()
RATIONAL_B_SPLINE_CURVE((3.49180064500325,3.4279592462344,3.30215308430962))
REPRESENTATION_ITEM('')
);
#170=(
BOUNDED_CURVE()
B_SPLINE_CURVE(2,(#14973,#14974,#14975),.UNSPECIFIED.,.F.,.F.)
B_SPLINE_CURVE_WITH_KNOTS((3,3),(6.22626602925426,7.06146460385752),
 .UNSPECIFIED.)
CURVE()
GEOMETRIC_REPRESENTATION_ITEM()
RATIONAL_B_SPLINE_CURVE((3.49180593422474,3.42796443828263,3.30215821002971))
REPRESENTATION_ITEM('')
);
#171=(
BOUNDED_CURVE()
B_SPLINE_CURVE(2,(#14979,#14980,#14981),.UNSPECIFIED.,.F.,.F.)
B_SPLINE_CURVE_WITH_KNOTS((3,3),(-7.0614519093584,-6.22625378753212),
 .UNSPECIFIED.)
CURVE()
GEOMETRIC_REPRESENTATION_ITEM()
RATIONAL_B_SPLINE_CURVE((3.30215308430966,3.42795924623443,3.49180064500328))
REPRESENTATION_ITEM('')
);
#172=(
BOUNDED_CURVE()
B_SPLINE_CURVE(2,(#14985,#14986,#14987),.UNSPECIFIED.,.F.,.F.)
B_SPLINE_CURVE_WITH_KNOTS((3,3),(3.67007796844,4.50527654304321),
 .UNSPECIFIED.)
CURVE()
GEOMETRIC_REPRESENTATION_ITEM()
RATIONAL_B_SPLINE_CURVE((3.30215821002968,3.42796443828259,3.4918059342247))
REPRESENTATION_ITEM('')
);
#173=(
BOUNDED_CURVE()
B_SPLINE_CURVE(2,(#14989,#14990,#14991),.UNSPECIFIED.,.F.,.F.)
B_SPLINE_CURVE_WITH_KNOTS((3,3),(6.22625378753216,7.06145190935841),
 .UNSPECIFIED.)
CURVE()
GEOMETRIC_REPRESENTATION_ITEM()
RATIONAL_B_SPLINE_CURVE((3.49180064500327,3.42795924623443,3.30215308430966))
REPRESENTATION_ITEM('')
);
#174=(
BOUNDED_CURVE()
B_SPLINE_CURVE(2,(#14994,#14995,#14996),.UNSPECIFIED.,.F.,.F.)
B_SPLINE_CURVE_WITH_KNOTS((3,3),(6.22626602925427,7.0614646038575),
 .UNSPECIFIED.)
CURVE()
GEOMETRIC_REPRESENTATION_ITEM()
RATIONAL_B_SPLINE_CURVE((3.4918059342247,3.42796443828259,3.30215821002967))
REPRESENTATION_ITEM('')
);
#175=(
BOUNDED_CURVE()
B_SPLINE_CURVE(2,(#15040,#15041,#15042),.UNSPECIFIED.,.F.,.F.)
B_SPLINE_CURVE_WITH_KNOTS((3,3),(3.67007796843995,4.50527654304322),
 .UNSPECIFIED.)
CURVE()
GEOMETRIC_REPRESENTATION_ITEM()
RATIONAL_B_SPLINE_CURVE((3.30215821002969,3.42796443828262,3.49180593422473))
REPRESENTATION_ITEM('')
);
#176=(
BOUNDED_CURVE()
B_SPLINE_CURVE(2,(#15046,#15047,#15048),.UNSPECIFIED.,.F.,.F.)
B_SPLINE_CURVE_WITH_KNOTS((3,3),(6.22625378753214,7.06145190935838),
 .UNSPECIFIED.)
CURVE()
GEOMETRIC_REPRESENTATION_ITEM()
RATIONAL_B_SPLINE_CURVE((3.49180064500328,3.42795924623443,3.30215308430966))
REPRESENTATION_ITEM('')
);
#177=(
BOUNDED_CURVE()
B_SPLINE_CURVE(2,(#15052,#15053,#15054),.UNSPECIFIED.,.F.,.F.)
B_SPLINE_CURVE_WITH_KNOTS((3,3),(3.67007058867664,4.50526871050293),
 .UNSPECIFIED.)
CURVE()
GEOMETRIC_REPRESENTATION_ITEM()
RATIONAL_B_SPLINE_CURVE((3.30215308430965,3.42795924623443,3.49180064500328))
REPRESENTATION_ITEM('')
);
#178=(
BOUNDED_CURVE()
B_SPLINE_CURVE(2,(#15058,#15059,#15060),.UNSPECIFIED.,.F.,.F.)
B_SPLINE_CURVE_WITH_KNOTS((3,3),(6.2262660292543,7.06146460385756),
 .UNSPECIFIED.)
CURVE()
GEOMETRIC_REPRESENTATION_ITEM()
RATIONAL_B_SPLINE_CURVE((3.49180593422473,3.42796443828261,3.30215821002969))
REPRESENTATION_ITEM('')
);
#179=(
BOUNDED_CURVE()
B_SPLINE_CURVE(2,(#15064,#15065,#15066),.UNSPECIFIED.,.F.,.F.)
B_SPLINE_CURVE_WITH_KNOTS((3,3),(-7.0614519093584,-6.22625378753211),
 .UNSPECIFIED.)
CURVE()
GEOMETRIC_REPRESENTATION_ITEM()
RATIONAL_B_SPLINE_CURVE((3.30215308430963,3.42795924623441,3.49180064500325))
REPRESENTATION_ITEM('')
);
#180=(
BOUNDED_CURVE()
B_SPLINE_CURVE(2,(#15071,#15072,#15073),.UNSPECIFIED.,.F.,.F.)
B_SPLINE_CURVE_WITH_KNOTS((3,3),(3.67007796844,4.50527654304324),
 .UNSPECIFIED.)
CURVE()
GEOMETRIC_REPRESENTATION_ITEM()
RATIONAL_B_SPLINE_CURVE((3.30215821002968,3.42796443828259,3.4918059342247))
REPRESENTATION_ITEM('')
);
#181=(
BOUNDED_CURVE()
B_SPLINE_CURVE(2,(#15077,#15078,#15079),.UNSPECIFIED.,.F.,.F.)
B_SPLINE_CURVE_WITH_KNOTS((3,3),(6.22625378753212,7.06145190935839),
 .UNSPECIFIED.)
CURVE()
GEOMETRIC_REPRESENTATION_ITEM()
RATIONAL_B_SPLINE_CURVE((3.49180064500325,3.42795924623441,3.30215308430963))
REPRESENTATION_ITEM('')
);
#182=(
BOUNDED_CURVE()
B_SPLINE_CURVE(2,(#15082,#15083,#15084),.UNSPECIFIED.,.F.,.F.)
B_SPLINE_CURVE_WITH_KNOTS((3,3),(6.22626602925423,7.06146460385752),
 .UNSPECIFIED.)
CURVE()
GEOMETRIC_REPRESENTATION_ITEM()
RATIONAL_B_SPLINE_CURVE((3.4918059342247,3.42796443828259,3.30215821002966))
REPRESENTATION_ITEM('')
);
#183=(
BOUNDED_CURVE()
B_SPLINE_CURVE(2,(#15088,#15089,#15090),.UNSPECIFIED.,.F.,.F.)
B_SPLINE_CURVE_WITH_KNOTS((3,3),(-7.06145190935843,-6.22625378753213),
 .UNSPECIFIED.)
CURVE()
GEOMETRIC_REPRESENTATION_ITEM()
RATIONAL_B_SPLINE_CURVE((3.30215308430965,3.42795924623443,3.49180064500328))
REPRESENTATION_ITEM('')
);
#184=(
BOUNDED_CURVE()
B_SPLINE_CURVE(2,(#15095,#15096,#15097),.UNSPECIFIED.,.F.,.F.)
B_SPLINE_CURVE_WITH_KNOTS((3,3),(3.67007796843998,4.50527654304322),
 .UNSPECIFIED.)
CURVE()
GEOMETRIC_REPRESENTATION_ITEM()
RATIONAL_B_SPLINE_CURVE((3.3021582100297,3.42796443828262,3.49180593422474))
REPRESENTATION_ITEM('')
);
#185=(
BOUNDED_CURVE()
B_SPLINE_CURVE(2,(#15101,#15102,#15103),.UNSPECIFIED.,.F.,.F.)
B_SPLINE_CURVE_WITH_KNOTS((3,3),(6.22625378753212,7.06145190935843),
 .UNSPECIFIED.)
CURVE()
GEOMETRIC_REPRESENTATION_ITEM()
RATIONAL_B_SPLINE_CURVE((3.49180064500328,3.42795924623443,3.30215308430965))
REPRESENTATION_ITEM('')
);
#186=(
BOUNDED_CURVE()
B_SPLINE_CURVE(2,(#15106,#15107,#15108),.UNSPECIFIED.,.F.,.F.)
B_SPLINE_CURVE_WITH_KNOTS((3,3),(6.22626602925428,7.06146460385753),
 .UNSPECIFIED.)
CURVE()
GEOMETRIC_REPRESENTATION_ITEM()
RATIONAL_B_SPLINE_CURVE((3.49180593422474,3.42796443828262,3.3021582100297))
REPRESENTATION_ITEM('')
);
#187=(
BOUNDED_CURVE()
B_SPLINE_CURVE(2,(#15112,#15113,#15114),.UNSPECIFIED.,.F.,.F.)
B_SPLINE_CURVE_WITH_KNOTS((3,3),(-7.06145190935846,-6.22625378753211),
 .UNSPECIFIED.)
CURVE()
GEOMETRIC_REPRESENTATION_ITEM()
RATIONAL_B_SPLINE_CURVE((3.30215308430964,3.42795924623443,3.49180064500328))
REPRESENTATION_ITEM('')
);
#188=(
BOUNDED_CURVE()
B_SPLINE_CURVE(2,(#15119,#15120,#15121),.UNSPECIFIED.,.F.,.F.)
B_SPLINE_CURVE_WITH_KNOTS((3,3),(3.67007796843998,4.50527654304323),
 .UNSPECIFIED.)
CURVE()
GEOMETRIC_REPRESENTATION_ITEM()
RATIONAL_B_SPLINE_CURVE((3.30215821002967,3.42796443828259,3.4918059342247))
REPRESENTATION_ITEM('')
);
#189=(
BOUNDED_CURVE()
B_SPLINE_CURVE(2,(#15125,#15126,#15127),.UNSPECIFIED.,.F.,.F.)
B_SPLINE_CURVE_WITH_KNOTS((3,3),(6.22625378753211,7.06145190935842),
 .UNSPECIFIED.)
CURVE()
GEOMETRIC_REPRESENTATION_ITEM()
RATIONAL_B_SPLINE_CURVE((3.49180064500328,3.42795924623443,3.30215308430965))
REPRESENTATION_ITEM('')
);
#190=(
BOUNDED_CURVE()
B_SPLINE_CURVE(2,(#15130,#15131,#15132),.UNSPECIFIED.,.F.,.F.)
B_SPLINE_CURVE_WITH_KNOTS((3,3),(6.22626602925426,7.06146460385751),
 .UNSPECIFIED.)
CURVE()
GEOMETRIC_REPRESENTATION_ITEM()
RATIONAL_B_SPLINE_CURVE((3.4918059342247,3.42796443828259,3.30215821002967))
REPRESENTATION_ITEM('')
);
#191=(
BOUNDED_CURVE()
B_SPLINE_CURVE(2,(#15136,#15137,#15138),.UNSPECIFIED.,.F.,.F.)
B_SPLINE_CURVE_WITH_KNOTS((3,3),(-7.06145190935847,-6.22625378753216),
 .UNSPECIFIED.)
CURVE()
GEOMETRIC_REPRESENTATION_ITEM()
RATIONAL_B_SPLINE_CURVE((3.30215308430967,3.42795924623446,3.49180064500331))
REPRESENTATION_ITEM('')
);
#192=(
BOUNDED_CURVE()
B_SPLINE_CURVE(2,(#15143,#15144,#15145),.UNSPECIFIED.,.F.,.F.)
B_SPLINE_CURVE_WITH_KNOTS((3,3),(3.67007796843999,4.50527654304322),
 .UNSPECIFIED.)
CURVE()
GEOMETRIC_REPRESENTATION_ITEM()
RATIONAL_B_SPLINE_CURVE((3.30215821002967,3.42796443828259,3.4918059342247))
REPRESENTATION_ITEM('')
);
#193=(
BOUNDED_CURVE()
B_SPLINE_CURVE(2,(#15149,#15150,#15151),.UNSPECIFIED.,.F.,.F.)
B_SPLINE_CURVE_WITH_KNOTS((3,3),(6.22625378753211,7.06145190935841),
 .UNSPECIFIED.)
CURVE()
GEOMETRIC_REPRESENTATION_ITEM()
RATIONAL_B_SPLINE_CURVE((3.49180064500331,3.42795924623447,3.30215308430969))
REPRESENTATION_ITEM('')
);
#194=(
BOUNDED_CURVE()
B_SPLINE_CURVE(2,(#15154,#15155,#15156),.UNSPECIFIED.,.F.,.F.)
B_SPLINE_CURVE_WITH_KNOTS((3,3),(6.22626602925426,7.06146460385749),
 .UNSPECIFIED.)
CURVE()
GEOMETRIC_REPRESENTATION_ITEM()
RATIONAL_B_SPLINE_CURVE((3.4918059342247,3.42796443828259,3.30215821002968))
REPRESENTATION_ITEM('')
);
#195=(
BOUNDED_CURVE()
B_SPLINE_CURVE(2,(#15160,#15161,#15162),.UNSPECIFIED.,.F.,.F.)
B_SPLINE_CURVE_WITH_KNOTS((3,3),(-7.06145190935841,-6.22625378753213),
 .UNSPECIFIED.)
CURVE()
GEOMETRIC_REPRESENTATION_ITEM()
RATIONAL_B_SPLINE_CURVE((3.30215308430966,3.42795924623444,3.49180064500328))
REPRESENTATION_ITEM('')
);
#196=(
BOUNDED_CURVE()
B_SPLINE_CURVE(2,(#15166,#15167,#15168),.UNSPECIFIED.,.F.,.F.)
B_SPLINE_CURVE_WITH_KNOTS((3,3),(3.67007796843997,4.5052765430432),
 .UNSPECIFIED.)
CURVE()
GEOMETRIC_REPRESENTATION_ITEM()
RATIONAL_B_SPLINE_CURVE((3.3021582100297,3.42796443828262,3.49180593422473))
REPRESENTATION_ITEM('')
);
#197=(
BOUNDED_CURVE()
B_SPLINE_CURVE(2,(#15170,#15171,#15172),.UNSPECIFIED.,.F.,.F.)
B_SPLINE_CURVE_WITH_KNOTS((3,3),(6.22625378753214,7.06145190935843),
 .UNSPECIFIED.)
CURVE()
GEOMETRIC_REPRESENTATION_ITEM()
RATIONAL_B_SPLINE_CURVE((3.49180064500328,3.42795924623444,3.30215308430966))
REPRESENTATION_ITEM('')
);
#198=(
BOUNDED_CURVE()
B_SPLINE_CURVE(2,(#15175,#15176,#15177),.UNSPECIFIED.,.F.,.F.)
B_SPLINE_CURVE_WITH_KNOTS((3,3),(6.22626602925426,7.06146460385748),
 .UNSPECIFIED.)
CURVE()
GEOMETRIC_REPRESENTATION_ITEM()
RATIONAL_B_SPLINE_CURVE((3.49180593422474,3.42796443828263,3.30215821002971))
REPRESENTATION_ITEM('')
);
#199=(
BOUNDED_CURVE()
B_SPLINE_CURVE(2,(#15457,#15458,#15459),.UNSPECIFIED.,.F.,.F.)
B_SPLINE_CURVE_WITH_KNOTS((3,3),(1.27732225784971,3.06507277528568),
 .UNSPECIFIED.)
CURVE()
GEOMETRIC_REPRESENTATION_ITEM()
RATIONAL_B_SPLINE_CURVE((1.61032871609296,1.85944743544043,1.61032871609296))
REPRESENTATION_ITEM('')
);
#200=(
BOUNDED_CURVE()
B_SPLINE_CURVE(2,(#15461,#15462,#15463),.UNSPECIFIED.,.F.,.F.)
B_SPLINE_CURVE_WITH_KNOTS((3,3),(1.27732225784972,3.06507277528567),
 .UNSPECIFIED.)
CURVE()
GEOMETRIC_REPRESENTATION_ITEM()
RATIONAL_B_SPLINE_CURVE((1.61032871609296,1.85944743544041,1.61032871609296))
REPRESENTATION_ITEM('')
);
#201=(
BOUNDED_CURVE()
B_SPLINE_CURVE(2,(#15466,#15467,#15468),.UNSPECIFIED.,.F.,.F.)
B_SPLINE_CURVE_WITH_KNOTS((3,3),(1.27732225784971,3.06507277528569),
 .UNSPECIFIED.)
CURVE()
GEOMETRIC_REPRESENTATION_ITEM()
RATIONAL_B_SPLINE_CURVE((1.61032871609297,1.85944743544043,1.61032871609296))
REPRESENTATION_ITEM('')
);
#202=(
BOUNDED_CURVE()
B_SPLINE_CURVE(2,(#15470,#15471,#15472),.UNSPECIFIED.,.F.,.F.)
B_SPLINE_CURVE_WITH_KNOTS((3,3),(1.27732225784973,3.06507277528568),
 .UNSPECIFIED.)
CURVE()
GEOMETRIC_REPRESENTATION_ITEM()
RATIONAL_B_SPLINE_CURVE((1.61032871609297,1.85944743544043,1.61032871609296))
REPRESENTATION_ITEM('')
);
#203=(
BOUNDED_CURVE()
B_SPLINE_CURVE(2,(#15474,#15475,#15476),.UNSPECIFIED.,.F.,.F.)
B_SPLINE_CURVE_WITH_KNOTS((3,3),(1.27732225784971,3.06507277528568),
 .UNSPECIFIED.)
CURVE()
GEOMETRIC_REPRESENTATION_ITEM()
RATIONAL_B_SPLINE_CURVE((1.61032871609296,1.85944743544044,1.61032871609297))
REPRESENTATION_ITEM('')
);
#204=(
BOUNDED_CURVE()
B_SPLINE_CURVE(2,(#15477,#15478,#15479),.UNSPECIFIED.,.F.,.F.)
B_SPLINE_CURVE_WITH_KNOTS((3,3),(1.27732225784971,3.06507277528567),
 .UNSPECIFIED.)
CURVE()
GEOMETRIC_REPRESENTATION_ITEM()
RATIONAL_B_SPLINE_CURVE((1.61032871609297,1.85944743544043,1.61032871609297))
REPRESENTATION_ITEM('')
);
#205=(
BOUNDED_CURVE()
B_SPLINE_CURVE(2,(#15498,#15499,#15500),.UNSPECIFIED.,.F.,.F.)
B_SPLINE_CURVE_WITH_KNOTS((3,3),(1.27732225784972,3.06507277528567),
 .UNSPECIFIED.)
CURVE()
GEOMETRIC_REPRESENTATION_ITEM()
RATIONAL_B_SPLINE_CURVE((1.61032871609296,1.85944743544042,1.61032871609296))
REPRESENTATION_ITEM('')
);
#206=(
BOUNDED_CURVE()
B_SPLINE_CURVE(2,(#15502,#15503,#15504),.UNSPECIFIED.,.F.,.F.)
B_SPLINE_CURVE_WITH_KNOTS((3,3),(1.27732225784971,3.06507277528568),
 .UNSPECIFIED.)
CURVE()
GEOMETRIC_REPRESENTATION_ITEM()
RATIONAL_B_SPLINE_CURVE((1.61032871609296,1.85944743544042,1.61032871609296))
REPRESENTATION_ITEM('')
);
#207=(
BOUNDED_CURVE()
B_SPLINE_CURVE(2,(#15507,#15508,#15509),.UNSPECIFIED.,.F.,.F.)
B_SPLINE_CURVE_WITH_KNOTS((3,3),(1.27732225784972,3.06507277528568),
 .UNSPECIFIED.)
CURVE()
GEOMETRIC_REPRESENTATION_ITEM()
RATIONAL_B_SPLINE_CURVE((1.61032871609296,1.85944743544043,1.61032871609296))
REPRESENTATION_ITEM('')
);
#208=(
BOUNDED_CURVE()
B_SPLINE_CURVE(2,(#15511,#15512,#15513),.UNSPECIFIED.,.F.,.F.)
B_SPLINE_CURVE_WITH_KNOTS((3,3),(1.27732225784971,3.06507277528568),
 .UNSPECIFIED.)
CURVE()
GEOMETRIC_REPRESENTATION_ITEM()
RATIONAL_B_SPLINE_CURVE((1.61032871609296,1.85944743544043,1.61032871609296))
REPRESENTATION_ITEM('')
);
#209=(
BOUNDED_CURVE()
B_SPLINE_CURVE(2,(#15515,#15516,#15517),.UNSPECIFIED.,.F.,.F.)
B_SPLINE_CURVE_WITH_KNOTS((3,3),(1.27732225784971,3.06507277528568),
 .UNSPECIFIED.)
CURVE()
GEOMETRIC_REPRESENTATION_ITEM()
RATIONAL_B_SPLINE_CURVE((1.61032871609296,1.85944743544042,1.61032871609296))
REPRESENTATION_ITEM('')
);
#210=(
BOUNDED_CURVE()
B_SPLINE_CURVE(2,(#15518,#15519,#15520),.UNSPECIFIED.,.F.,.F.)
B_SPLINE_CURVE_WITH_KNOTS((3,3),(1.27732225784972,3.06507277528568),
 .UNSPECIFIED.)
CURVE()
GEOMETRIC_REPRESENTATION_ITEM()
RATIONAL_B_SPLINE_CURVE((1.61032871609296,1.85944743544042,1.61032871609296))
REPRESENTATION_ITEM('')
);
#211=(
BOUNDED_CURVE()
B_SPLINE_CURVE(2,(#15539,#15540,#15541),.UNSPECIFIED.,.F.,.F.)
B_SPLINE_CURVE_WITH_KNOTS((3,3),(1.27732225784971,3.06507277528568),
 .UNSPECIFIED.)
CURVE()
GEOMETRIC_REPRESENTATION_ITEM()
RATIONAL_B_SPLINE_CURVE((1.61032871609296,1.85944743544043,1.61032871609297))
REPRESENTATION_ITEM('')
);
#212=(
BOUNDED_CURVE()
B_SPLINE_CURVE(2,(#15543,#15544,#15545),.UNSPECIFIED.,.F.,.F.)
B_SPLINE_CURVE_WITH_KNOTS((3,3),(1.27732225784972,3.06507277528567),
 .UNSPECIFIED.)
CURVE()
GEOMETRIC_REPRESENTATION_ITEM()
RATIONAL_B_SPLINE_CURVE((1.61032871609296,1.85944743544042,1.61032871609296))
REPRESENTATION_ITEM('')
);
#213=(
BOUNDED_CURVE()
B_SPLINE_CURVE(2,(#15548,#15549,#15550),.UNSPECIFIED.,.F.,.F.)
B_SPLINE_CURVE_WITH_KNOTS((3,3),(1.27732225784971,3.06507277528567),
 .UNSPECIFIED.)
CURVE()
GEOMETRIC_REPRESENTATION_ITEM()
RATIONAL_B_SPLINE_CURVE((1.61032871609296,1.85944743544042,1.61032871609296))
REPRESENTATION_ITEM('')
);
#214=(
BOUNDED_CURVE()
B_SPLINE_CURVE(2,(#15552,#15553,#15554),.UNSPECIFIED.,.F.,.F.)
B_SPLINE_CURVE_WITH_KNOTS((3,3),(1.27732225784972,3.06507277528567),
 .UNSPECIFIED.)
CURVE()
GEOMETRIC_REPRESENTATION_ITEM()
RATIONAL_B_SPLINE_CURVE((1.61032871609296,1.85944743544042,1.61032871609296))
REPRESENTATION_ITEM('')
);
#215=(
BOUNDED_CURVE()
B_SPLINE_CURVE(2,(#15556,#15557,#15558),.UNSPECIFIED.,.F.,.F.)
B_SPLINE_CURVE_WITH_KNOTS((3,3),(1.27732225784972,3.06507277528568),
 .UNSPECIFIED.)
CURVE()
GEOMETRIC_REPRESENTATION_ITEM()
RATIONAL_B_SPLINE_CURVE((1.61032871609296,1.85944743544042,1.61032871609296))
REPRESENTATION_ITEM('')
);
#216=(
BOUNDED_CURVE()
B_SPLINE_CURVE(2,(#15559,#15560,#15561),.UNSPECIFIED.,.F.,.F.)
B_SPLINE_CURVE_WITH_KNOTS((3,3),(1.27732225784972,3.06507277528569),
 .UNSPECIFIED.)
CURVE()
GEOMETRIC_REPRESENTATION_ITEM()
RATIONAL_B_SPLINE_CURVE((1.61032871609297,1.85944743544044,1.61032871609297))
REPRESENTATION_ITEM('')
);
#217=(
BOUNDED_CURVE()
B_SPLINE_CURVE(2,(#15741,#15742,#15743),.UNSPECIFIED.,.F.,.F.)
B_SPLINE_CURVE_WITH_KNOTS((3,3),(-4.50527654304325,-3.67007796844006),
 .UNSPECIFIED.)
CURVE()
GEOMETRIC_REPRESENTATION_ITEM()
RATIONAL_B_SPLINE_CURVE((3.49180593422472,3.42796443828262,3.30215821002971))
REPRESENTATION_ITEM('')
);
#218=(
BOUNDED_CURVE()
B_SPLINE_CURVE(2,(#15745,#15746,#15747),.UNSPECIFIED.,.F.,.F.)
B_SPLINE_CURVE_WITH_KNOTS((3,3),(-7.06146460385754,-6.2262660292543),
 .UNSPECIFIED.)
CURVE()
GEOMETRIC_REPRESENTATION_ITEM()
RATIONAL_B_SPLINE_CURVE((3.30215821002968,3.4279644382826,3.49180593422471))
REPRESENTATION_ITEM('')
);
#219=(
BOUNDED_CURVE()
B_SPLINE_CURVE(2,(#15752,#15753,#15754),.UNSPECIFIED.,.F.,.F.)
B_SPLINE_CURVE_WITH_KNOTS((3,3),(-4.50527654304328,-3.67007796844004),
 .UNSPECIFIED.)
CURVE()
GEOMETRIC_REPRESENTATION_ITEM()
RATIONAL_B_SPLINE_CURVE((3.49180593422475,3.42796443828264,3.30215821002972))
REPRESENTATION_ITEM('')
);
#220=(
BOUNDED_CURVE()
B_SPLINE_CURVE(2,(#15756,#15757,#15758),.UNSPECIFIED.,.F.,.F.)
B_SPLINE_CURVE_WITH_KNOTS((3,3),(-7.06146460385753,-6.22626602925434),
 .UNSPECIFIED.)
CURVE()
GEOMETRIC_REPRESENTATION_ITEM()
RATIONAL_B_SPLINE_CURVE((3.30215821002971,3.42796443828262,3.49180593422472))
REPRESENTATION_ITEM('')
);
#221=(
BOUNDED_CURVE()
B_SPLINE_CURVE(2,(#15763,#15764,#15765),.UNSPECIFIED.,.F.,.F.)
B_SPLINE_CURVE_WITH_KNOTS((3,3),(-7.06146460385755,-6.22626602925438),
 .UNSPECIFIED.)
CURVE()
GEOMETRIC_REPRESENTATION_ITEM()
RATIONAL_B_SPLINE_CURVE((3.30215821002972,3.42796443828263,3.49180593422474))
REPRESENTATION_ITEM('')
);
#222=(
BOUNDED_CURVE()
B_SPLINE_CURVE(2,(#15768,#15769,#15770),.UNSPECIFIED.,.F.,.F.)
B_SPLINE_CURVE_WITH_KNOTS((3,3),(-4.50527654304326,-3.67007796844005),
 .UNSPECIFIED.)
CURVE()
GEOMETRIC_REPRESENTATION_ITEM()
RATIONAL_B_SPLINE_CURVE((3.49180593422473,3.42796443828262,3.30215821002971))
REPRESENTATION_ITEM('')
);
#223=(
BOUNDED_CURVE()
B_SPLINE_CURVE(2,(#15774,#15775,#15776),.UNSPECIFIED.,.F.,.F.)
B_SPLINE_CURVE_WITH_KNOTS((3,3),(-4.50527654304326,-3.67007796844007),
 .UNSPECIFIED.)
CURVE()
GEOMETRIC_REPRESENTATION_ITEM()
RATIONAL_B_SPLINE_CURVE((3.4918059342247,3.42796443828259,3.30215821002969))
REPRESENTATION_ITEM('')
);
#224=(
BOUNDED_CURVE()
B_SPLINE_CURVE(2,(#15778,#15779,#15780),.UNSPECIFIED.,.F.,.F.)
B_SPLINE_CURVE_WITH_KNOTS((3,3),(-7.06146460385756,-6.22626602925433),
 .UNSPECIFIED.)
CURVE()
GEOMETRIC_REPRESENTATION_ITEM()
RATIONAL_B_SPLINE_CURVE((3.3021582100297,3.42796443828262,3.49180593422473))
REPRESENTATION_ITEM('')
);
#225=(
BOUNDED_CURVE()
B_SPLINE_CURVE(2,(#15797,#15798,#15799),.UNSPECIFIED.,.F.,.F.)
B_SPLINE_CURVE_WITH_KNOTS((3,3),(-4.50527654304325,-3.67007796844005),
 .UNSPECIFIED.)
CURVE()
GEOMETRIC_REPRESENTATION_ITEM()
RATIONAL_B_SPLINE_CURVE((3.49180593422467,3.42796443828256,3.30215821002965))
REPRESENTATION_ITEM('')
);
#226=(
BOUNDED_CURVE()
B_SPLINE_CURVE(2,(#15800,#15801,#15802),.UNSPECIFIED.,.F.,.F.)
B_SPLINE_CURVE_WITH_KNOTS((3,3),(-7.06146460385751,-6.22626602925434),
 .UNSPECIFIED.)
CURVE()
GEOMETRIC_REPRESENTATION_ITEM()
RATIONAL_B_SPLINE_CURVE((3.30215821002969,3.42796443828259,3.4918059342247))
REPRESENTATION_ITEM('')
);
#227=(
BOUNDED_CURVE()
B_SPLINE_CURVE(2,(#15805,#15806,#15807),.UNSPECIFIED.,.F.,.F.)
B_SPLINE_CURVE_WITH_KNOTS((3,3),(-4.50527654304324,-3.67007796844004),
 .UNSPECIFIED.)
CURVE()
GEOMETRIC_REPRESENTATION_ITEM()
RATIONAL_B_SPLINE_CURVE((3.49180593422471,3.4279644382826,3.30215821002969))
REPRESENTATION_ITEM('')
);
#228=(
BOUNDED_CURVE()
B_SPLINE_CURVE(2,(#15808,#15809,#15810),.UNSPECIFIED.,.F.,.F.)
B_SPLINE_CURVE_WITH_KNOTS((3,3),(-7.06146460385747,-6.22626602925425),
 .UNSPECIFIED.)
CURVE()
GEOMETRIC_REPRESENTATION_ITEM()
RATIONAL_B_SPLINE_CURVE((3.30215821002967,3.42796443828257,3.49180593422468))
REPRESENTATION_ITEM('')
);
#229=(
BOUNDED_CURVE()
B_SPLINE_CURVE(2,(#15813,#15814,#15815),.UNSPECIFIED.,.F.,.F.)
B_SPLINE_CURVE_WITH_KNOTS((3,3),(-7.0614519093585,-6.22625378753217),
 .UNSPECIFIED.)
CURVE()
GEOMETRIC_REPRESENTATION_ITEM()
RATIONAL_B_SPLINE_CURVE((3.30215308430968,3.42795924623447,3.49180064500331))
REPRESENTATION_ITEM('')
);
#230=(
BOUNDED_CURVE()
B_SPLINE_CURVE(2,(#15816,#15817,#15818),.UNSPECIFIED.,.F.,.F.)
B_SPLINE_CURVE_WITH_KNOTS((3,3),(-4.50526871050292,-3.67007058867665),
 .UNSPECIFIED.)
CURVE()
GEOMETRIC_REPRESENTATION_ITEM()
RATIONAL_B_SPLINE_CURVE((3.49180064500335,3.4279592462345,3.30215308430972))
REPRESENTATION_ITEM('')
);
#231=(
BOUNDED_CURVE()
B_SPLINE_CURVE(2,(#15822,#15823,#15824),.UNSPECIFIED.,.F.,.F.)
B_SPLINE_CURVE_WITH_KNOTS((3,3),(3.67007058867662,4.50526871050293),
 .UNSPECIFIED.)
CURVE()
GEOMETRIC_REPRESENTATION_ITEM()
RATIONAL_B_SPLINE_CURVE((3.30215308430971,3.4279592462345,3.49180064500335))
REPRESENTATION_ITEM('')
);
#232=(
BOUNDED_CURVE()
B_SPLINE_CURVE(2,(#15827,#15828,#15829),.UNSPECIFIED.,.F.,.F.)
B_SPLINE_CURVE_WITH_KNOTS((3,3),(-4.50526871050297,-3.67007058867669),
 .UNSPECIFIED.)
CURVE()
GEOMETRIC_REPRESENTATION_ITEM()
RATIONAL_B_SPLINE_CURVE((3.49180064500331,3.42795924623446,3.30215308430968))
REPRESENTATION_ITEM('')
);
#233=(
BOUNDED_CURVE()
B_SPLINE_CURVE(2,(#15832,#15833,#15834),.UNSPECIFIED.,.F.,.F.)
B_SPLINE_CURVE_WITH_KNOTS((3,3),(3.67007058867667,4.50526871050296),
 .UNSPECIFIED.)
CURVE()
GEOMETRIC_REPRESENTATION_ITEM()
RATIONAL_B_SPLINE_CURVE((3.30215308430968,3.42795924623446,3.4918006450033))
REPRESENTATION_ITEM('')
);
#234=(
BOUNDED_CURVE()
B_SPLINE_CURVE(2,(#15837,#15838,#15839),.UNSPECIFIED.,.F.,.F.)
B_SPLINE_CURVE_WITH_KNOTS((3,3),(-4.50526871050296,-3.67007058867667),
 .UNSPECIFIED.)
CURVE()
GEOMETRIC_REPRESENTATION_ITEM()
RATIONAL_B_SPLINE_CURVE((3.49180064500333,3.42795924623448,3.3021530843097))
REPRESENTATION_ITEM('')
);
#235=(
BOUNDED_CURVE()
B_SPLINE_CURVE(2,(#15842,#15843,#15844),.UNSPECIFIED.,.F.,.F.)
B_SPLINE_CURVE_WITH_KNOTS((3,3),(3.67007058867668,4.50526871050297),
 .UNSPECIFIED.)
CURVE()
GEOMETRIC_REPRESENTATION_ITEM()
RATIONAL_B_SPLINE_CURVE((3.3021530843097,3.42795924623448,3.49180064500333))
REPRESENTATION_ITEM('')
);
#236=(
BOUNDED_CURVE()
B_SPLINE_CURVE(2,(#15847,#15848,#15849),.UNSPECIFIED.,.F.,.F.)
B_SPLINE_CURVE_WITH_KNOTS((3,3),(-4.50526871050296,-3.67007058867667),
 .UNSPECIFIED.)
CURVE()
GEOMETRIC_REPRESENTATION_ITEM()
RATIONAL_B_SPLINE_CURVE((3.49180064500331,3.42795924623447,3.30215308430969))
REPRESENTATION_ITEM('')
);
#237=(
BOUNDED_CURVE()
B_SPLINE_CURVE(2,(#15852,#15853,#15854),.UNSPECIFIED.,.F.,.F.)
B_SPLINE_CURVE_WITH_KNOTS((3,3),(3.67007058867668,4.505268710503),
 .UNSPECIFIED.)
CURVE()
GEOMETRIC_REPRESENTATION_ITEM()
RATIONAL_B_SPLINE_CURVE((3.30215308430969,3.42795924623447,3.49180064500332))
REPRESENTATION_ITEM('')
);
#238=(
BOUNDED_CURVE()
B_SPLINE_CURVE(2,(#15857,#15858,#15859),.UNSPECIFIED.,.F.,.F.)
B_SPLINE_CURVE_WITH_KNOTS((3,3),(-4.50526871050297,-3.67007058867667),
 .UNSPECIFIED.)
CURVE()
GEOMETRIC_REPRESENTATION_ITEM()
RATIONAL_B_SPLINE_CURVE((3.49180064500333,3.42795924623448,3.3021530843097))
REPRESENTATION_ITEM('')
);
#239=(
BOUNDED_CURVE()
B_SPLINE_CURVE(2,(#15862,#15863,#15864),.UNSPECIFIED.,.F.,.F.)
B_SPLINE_CURVE_WITH_KNOTS((3,3),(3.67007058867668,4.50526871050296),
 .UNSPECIFIED.)
CURVE()
GEOMETRIC_REPRESENTATION_ITEM()
RATIONAL_B_SPLINE_CURVE((3.3021530843097,3.42795924623448,3.49180064500333))
REPRESENTATION_ITEM('')
);
#240=(
BOUNDED_CURVE()
B_SPLINE_CURVE(2,(#15867,#15868,#15869),.UNSPECIFIED.,.F.,.F.)
B_SPLINE_CURVE_WITH_KNOTS((3,3),(-4.50526871050297,-3.67007058867666),
 .UNSPECIFIED.)
CURVE()
GEOMETRIC_REPRESENTATION_ITEM()
RATIONAL_B_SPLINE_CURVE((3.49180064500331,3.42795924623446,3.30215308430968))
REPRESENTATION_ITEM('')
);
#241=(
BOUNDED_CURVE()
B_SPLINE_CURVE(2,(#15898,#15899,#15900),.UNSPECIFIED.,.F.,.F.)
B_SPLINE_CURVE_WITH_KNOTS((3,3),(-4.50527654304326,-3.67007796844004),
 .UNSPECIFIED.)
CURVE()
GEOMETRIC_REPRESENTATION_ITEM()
RATIONAL_B_SPLINE_CURVE((3.49180593422471,3.4279644382826,3.30215821002969))
REPRESENTATION_ITEM('')
);
#242=(
BOUNDED_CURVE()
B_SPLINE_CURVE(2,(#15902,#15903,#15904),.UNSPECIFIED.,.F.,.F.)
B_SPLINE_CURVE_WITH_KNOTS((3,3),(-7.0614646038575,-6.22626602925429),
 .UNSPECIFIED.)
CURVE()
GEOMETRIC_REPRESENTATION_ITEM()
RATIONAL_B_SPLINE_CURVE((3.30215821002966,3.42796443828257,3.49180593422468))
REPRESENTATION_ITEM('')
);
#243=(
BOUNDED_CURVE()
B_SPLINE_CURVE(2,(#15909,#15910,#15911),.UNSPECIFIED.,.F.,.F.)
B_SPLINE_CURVE_WITH_KNOTS((3,3),(-4.50527654304326,-3.67007796844004),
 .UNSPECIFIED.)
CURVE()
GEOMETRIC_REPRESENTATION_ITEM()
RATIONAL_B_SPLINE_CURVE((3.49180593422473,3.42796443828262,3.30215821002971))
REPRESENTATION_ITEM('')
);
#244=(
BOUNDED_CURVE()
B_SPLINE_CURVE(2,(#15913,#15914,#15915),.UNSPECIFIED.,.F.,.F.)
B_SPLINE_CURVE_WITH_KNOTS((3,3),(-7.06146460385752,-6.22626602925431),
 .UNSPECIFIED.)
CURVE()
GEOMETRIC_REPRESENTATION_ITEM()
RATIONAL_B_SPLINE_CURVE((3.30215821002969,3.4279644382826,3.49180593422471))
REPRESENTATION_ITEM('')
);
#245=(
BOUNDED_CURVE()
B_SPLINE_CURVE(2,(#15920,#15921,#15922),.UNSPECIFIED.,.F.,.F.)
B_SPLINE_CURVE_WITH_KNOTS((3,3),(-7.06146460385751,-6.22626602925435),
 .UNSPECIFIED.)
CURVE()
GEOMETRIC_REPRESENTATION_ITEM()
RATIONAL_B_SPLINE_CURVE((3.30215821002972,3.42796443828263,3.49180593422473))
REPRESENTATION_ITEM('')
);
#246=(
BOUNDED_CURVE()
B_SPLINE_CURVE(2,(#15925,#15926,#15927),.UNSPECIFIED.,.F.,.F.)
B_SPLINE_CURVE_WITH_KNOTS((3,3),(-4.50527654304327,-3.67007796844007),
 .UNSPECIFIED.)
CURVE()
GEOMETRIC_REPRESENTATION_ITEM()
RATIONAL_B_SPLINE_CURVE((3.49180593422471,3.4279644382826,3.3021582100297))
REPRESENTATION_ITEM('')
);
#247=(
BOUNDED_CURVE()
B_SPLINE_CURVE(2,(#15931,#15932,#15933),.UNSPECIFIED.,.F.,.F.)
B_SPLINE_CURVE_WITH_KNOTS((3,3),(-4.50527654304327,-3.67007796844007),
 .UNSPECIFIED.)
CURVE()
GEOMETRIC_REPRESENTATION_ITEM()
RATIONAL_B_SPLINE_CURVE((3.49180593422471,3.4279644382826,3.30215821002969))
REPRESENTATION_ITEM('')
);
#248=(
BOUNDED_CURVE()
B_SPLINE_CURVE(2,(#15935,#15936,#15937),.UNSPECIFIED.,.F.,.F.)
B_SPLINE_CURVE_WITH_KNOTS((3,3),(-7.06146460385753,-6.22626602925437),
 .UNSPECIFIED.)
CURVE()
GEOMETRIC_REPRESENTATION_ITEM()
RATIONAL_B_SPLINE_CURVE((3.30215821002969,3.42796443828259,3.4918059342247))
REPRESENTATION_ITEM('')
);
#249=(
BOUNDED_CURVE()
B_SPLINE_CURVE(2,(#15954,#15955,#15956),.UNSPECIFIED.,.F.,.F.)
B_SPLINE_CURVE_WITH_KNOTS((3,3),(-4.50527654304325,-3.67007796844005),
 .UNSPECIFIED.)
CURVE()
GEOMETRIC_REPRESENTATION_ITEM()
RATIONAL_B_SPLINE_CURVE((3.49180593422471,3.4279644382826,3.30215821002969))
REPRESENTATION_ITEM('')
);
#250=(
BOUNDED_CURVE()
B_SPLINE_CURVE(2,(#15957,#15958,#15959),.UNSPECIFIED.,.F.,.F.)
B_SPLINE_CURVE_WITH_KNOTS((3,3),(-7.06146460385752,-6.22626602925436),
 .UNSPECIFIED.)
CURVE()
GEOMETRIC_REPRESENTATION_ITEM()
RATIONAL_B_SPLINE_CURVE((3.30215821002969,3.42796443828259,3.4918059342247))
REPRESENTATION_ITEM('')
);
#251=(
BOUNDED_CURVE()
B_SPLINE_CURVE(2,(#15962,#15963,#15964),.UNSPECIFIED.,.F.,.F.)
B_SPLINE_CURVE_WITH_KNOTS((3,3),(-4.50527654304324,-3.67007796844005),
 .UNSPECIFIED.)
CURVE()
GEOMETRIC_REPRESENTATION_ITEM()
RATIONAL_B_SPLINE_CURVE((3.49180593422467,3.42796443828256,3.30215821002965))
REPRESENTATION_ITEM('')
);
#252=(
BOUNDED_CURVE()
B_SPLINE_CURVE(2,(#15965,#15966,#15967),.UNSPECIFIED.,.F.,.F.)
B_SPLINE_CURVE_WITH_KNOTS((3,3),(-7.06146460385757,-6.22626602925434),
 .UNSPECIFIED.)
CURVE()
GEOMETRIC_REPRESENTATION_ITEM()
RATIONAL_B_SPLINE_CURVE((3.30215821002968,3.4279644382826,3.49180593422471))
REPRESENTATION_ITEM('')
);
#253=(
BOUNDED_CURVE()
B_SPLINE_CURVE(2,(#15970,#15971,#15972),.UNSPECIFIED.,.F.,.F.)
B_SPLINE_CURVE_WITH_KNOTS((3,3),(-7.06145190935847,-6.22625378753217),
 .UNSPECIFIED.)
CURVE()
GEOMETRIC_REPRESENTATION_ITEM()
RATIONAL_B_SPLINE_CURVE((3.30215308430973,3.42795924623451,3.49180064500336))
REPRESENTATION_ITEM('')
);
#254=(
BOUNDED_CURVE()
B_SPLINE_CURVE(2,(#15973,#15974,#15975),.UNSPECIFIED.,.F.,.F.)
B_SPLINE_CURVE_WITH_KNOTS((3,3),(-4.50526871050292,-3.67007058867663),
 .UNSPECIFIED.)
CURVE()
GEOMETRIC_REPRESENTATION_ITEM()
RATIONAL_B_SPLINE_CURVE((3.49180064500338,3.42795924623453,3.30215308430974))
REPRESENTATION_ITEM('')
);
#255=(
BOUNDED_CURVE()
B_SPLINE_CURVE(2,(#15979,#15980,#15981),.UNSPECIFIED.,.F.,.F.)
B_SPLINE_CURVE_WITH_KNOTS((3,3),(3.67007058867662,4.50526871050292),
 .UNSPECIFIED.)
CURVE()
GEOMETRIC_REPRESENTATION_ITEM()
RATIONAL_B_SPLINE_CURVE((3.30215308430974,3.42795924623453,3.49180064500338))
REPRESENTATION_ITEM('')
);
#256=(
BOUNDED_CURVE()
B_SPLINE_CURVE(2,(#15984,#15985,#15986),.UNSPECIFIED.,.F.,.F.)
B_SPLINE_CURVE_WITH_KNOTS((3,3),(-4.50526871050292,-3.67007058867664),
 .UNSPECIFIED.)
CURVE()
GEOMETRIC_REPRESENTATION_ITEM()
RATIONAL_B_SPLINE_CURVE((3.49180064500334,3.42795924623449,3.30215308430971))
REPRESENTATION_ITEM('')
);
#257=(
BOUNDED_CURVE()
B_SPLINE_CURVE(2,(#15989,#15990,#15991),.UNSPECIFIED.,.F.,.F.)
B_SPLINE_CURVE_WITH_KNOTS((3,3),(3.67007058867667,4.50526871050296),
 .UNSPECIFIED.)
CURVE()
GEOMETRIC_REPRESENTATION_ITEM()
RATIONAL_B_SPLINE_CURVE((3.30215308430972,3.4279592462345,3.49180064500335))
REPRESENTATION_ITEM('')
);
#258=(
BOUNDED_CURVE()
B_SPLINE_CURVE(2,(#15994,#15995,#15996),.UNSPECIFIED.,.F.,.F.)
B_SPLINE_CURVE_WITH_KNOTS((3,3),(-4.50526871050299,-3.67007058867671),
 .UNSPECIFIED.)
CURVE()
GEOMETRIC_REPRESENTATION_ITEM()
RATIONAL_B_SPLINE_CURVE((3.49180064500326,3.42795924623442,3.30215308430965))
REPRESENTATION_ITEM('')
);
#259=(
BOUNDED_CURVE()
B_SPLINE_CURVE(2,(#15999,#16000,#16001),.UNSPECIFIED.,.F.,.F.)
B_SPLINE_CURVE_WITH_KNOTS((3,3),(3.67007058867674,4.505268710503),
 .UNSPECIFIED.)
CURVE()
GEOMETRIC_REPRESENTATION_ITEM()
RATIONAL_B_SPLINE_CURVE((3.30215308430965,3.42795924623442,3.49180064500327))
REPRESENTATION_ITEM('')
);
#260=(
BOUNDED_CURVE()
B_SPLINE_CURVE(2,(#16004,#16005,#16006),.UNSPECIFIED.,.F.,.F.)
B_SPLINE_CURVE_WITH_KNOTS((3,3),(-4.50526871050297,-3.67007058867667),
 .UNSPECIFIED.)
CURVE()
GEOMETRIC_REPRESENTATION_ITEM()
RATIONAL_B_SPLINE_CURVE((3.49180064500336,3.42795924623451,3.30215308430973))
REPRESENTATION_ITEM('')
);
#261=(
BOUNDED_CURVE()
B_SPLINE_CURVE(2,(#16009,#16010,#16011),.UNSPECIFIED.,.F.,.F.)
B_SPLINE_CURVE_WITH_KNOTS((3,3),(3.67007058867666,4.50526871050297),
 .UNSPECIFIED.)
CURVE()
GEOMETRIC_REPRESENTATION_ITEM()
RATIONAL_B_SPLINE_CURVE((3.30215308430973,3.42795924623451,3.49180064500336))
REPRESENTATION_ITEM('')
);
#262=(
BOUNDED_CURVE()
B_SPLINE_CURVE(2,(#16014,#16015,#16016),.UNSPECIFIED.,.F.,.F.)
B_SPLINE_CURVE_WITH_KNOTS((3,3),(-4.50526871050302,-3.67007058867668),
 .UNSPECIFIED.)
CURVE()
GEOMETRIC_REPRESENTATION_ITEM()
RATIONAL_B_SPLINE_CURVE((3.49180064500331,3.42795924623446,3.30215308430967))
REPRESENTATION_ITEM('')
);
#263=(
BOUNDED_CURVE()
B_SPLINE_CURVE(2,(#16019,#16020,#16021),.UNSPECIFIED.,.F.,.F.)
B_SPLINE_CURVE_WITH_KNOTS((3,3),(3.67007058867667,4.50526871050296),
 .UNSPECIFIED.)
CURVE()
GEOMETRIC_REPRESENTATION_ITEM()
RATIONAL_B_SPLINE_CURVE((3.30215308430967,3.42795924623445,3.4918006450033))
REPRESENTATION_ITEM('')
);
#264=(
BOUNDED_CURVE()
B_SPLINE_CURVE(2,(#16024,#16025,#16026),.UNSPECIFIED.,.F.,.F.)
B_SPLINE_CURVE_WITH_KNOTS((3,3),(-4.50526871050295,-3.67007058867663),
 .UNSPECIFIED.)
CURVE()
GEOMETRIC_REPRESENTATION_ITEM()
RATIONAL_B_SPLINE_CURVE((3.49180064500337,3.42795924623452,3.30215308430973))
REPRESENTATION_ITEM('')
);
#265=(
BOUNDED_CURVE()
B_SPLINE_CURVE(2,(#16031,#16032,#16033),.UNSPECIFIED.,.F.,.F.)
B_SPLINE_CURVE_WITH_KNOTS((3,3),(3.67007796844004,4.50527654304325),
 .UNSPECIFIED.)
CURVE()
GEOMETRIC_REPRESENTATION_ITEM()
RATIONAL_B_SPLINE_CURVE((3.30215821002969,3.4279644382826,3.49180593422471))
REPRESENTATION_ITEM('')
);
#266=(
BOUNDED_CURVE()
B_SPLINE_CURVE(2,(#16036,#16037,#16038),.UNSPECIFIED.,.F.,.F.)
B_SPLINE_CURVE_WITH_KNOTS((3,3),(6.22625378753218,7.0614519093585),
 .UNSPECIFIED.)
CURVE()
GEOMETRIC_REPRESENTATION_ITEM()
RATIONAL_B_SPLINE_CURVE((3.4918006450034,3.42795924623455,3.30215308430975))
REPRESENTATION_ITEM('')
);
#267=(
BOUNDED_CURVE()
B_SPLINE_CURVE(2,(#16040,#16041,#16042),.UNSPECIFIED.,.F.,.F.)
B_SPLINE_CURVE_WITH_KNOTS((3,3),(3.67007058867664,4.50526871050296),
 .UNSPECIFIED.)
CURVE()
GEOMETRIC_REPRESENTATION_ITEM()
RATIONAL_B_SPLINE_CURVE((3.30215308430976,3.42795924623455,3.49180064500341))
REPRESENTATION_ITEM('')
);
#268=(
BOUNDED_CURVE()
B_SPLINE_CURVE(2,(#16046,#16047,#16048),.UNSPECIFIED.,.F.,.F.)
B_SPLINE_CURVE_WITH_KNOTS((3,3),(6.22626602925433,7.06146460385751),
 .UNSPECIFIED.)
CURVE()
GEOMETRIC_REPRESENTATION_ITEM()
RATIONAL_B_SPLINE_CURVE((3.49180593422471,3.4279644382826,3.3021582100297))
REPRESENTATION_ITEM('')
);
#269=(
BOUNDED_CURVE()
B_SPLINE_CURVE(2,(#16052,#16053,#16054),.UNSPECIFIED.,.F.,.F.)
B_SPLINE_CURVE_WITH_KNOTS((3,3),(3.67007796844003,4.50527654304324),
 .UNSPECIFIED.)
CURVE()
GEOMETRIC_REPRESENTATION_ITEM()
RATIONAL_B_SPLINE_CURVE((3.3021582100297,3.42796443828261,3.49180593422472))
REPRESENTATION_ITEM('')
);
#270=(
BOUNDED_CURVE()
B_SPLINE_CURVE(2,(#16055,#16056,#16057),.UNSPECIFIED.,.F.,.F.)
B_SPLINE_CURVE_WITH_KNOTS((3,3),(6.22625378753217,7.06145190935849),
 .UNSPECIFIED.)
CURVE()
GEOMETRIC_REPRESENTATION_ITEM()
RATIONAL_B_SPLINE_CURVE((3.49180064500332,3.42795924623447,3.30215308430969))
REPRESENTATION_ITEM('')
);
#271=(
BOUNDED_CURVE()
B_SPLINE_CURVE(2,(#16059,#16060,#16061),.UNSPECIFIED.,.F.,.F.)
B_SPLINE_CURVE_WITH_KNOTS((3,3),(3.67007058867668,4.50526871050296),
 .UNSPECIFIED.)
CURVE()
GEOMETRIC_REPRESENTATION_ITEM()
RATIONAL_B_SPLINE_CURVE((3.30215308430969,3.42795924623447,3.49180064500332))
REPRESENTATION_ITEM('')
);
#272=(
BOUNDED_CURVE()
B_SPLINE_CURVE(2,(#16065,#16066,#16067),.UNSPECIFIED.,.F.,.F.)
B_SPLINE_CURVE_WITH_KNOTS((3,3),(6.2262660292543,7.06146460385751),
 .UNSPECIFIED.)
CURVE()
GEOMETRIC_REPRESENTATION_ITEM()
RATIONAL_B_SPLINE_CURVE((3.49180593422472,3.42796443828262,3.3021582100297))
REPRESENTATION_ITEM('')
);
#273=(
BOUNDED_CURVE()
B_SPLINE_CURVE(2,(#16071,#16072,#16073),.UNSPECIFIED.,.F.,.F.)
B_SPLINE_CURVE_WITH_KNOTS((3,3),(3.67007796844006,4.50527654304327),
 .UNSPECIFIED.)
CURVE()
GEOMETRIC_REPRESENTATION_ITEM()
RATIONAL_B_SPLINE_CURVE((3.30215821002972,3.42796443828263,3.49180593422474))
REPRESENTATION_ITEM('')
);
#274=(
BOUNDED_CURVE()
B_SPLINE_CURVE(2,(#16074,#16075,#16076),.UNSPECIFIED.,.F.,.F.)
B_SPLINE_CURVE_WITH_KNOTS((3,3),(6.22625378753215,7.0614519093585),
 .UNSPECIFIED.)
CURVE()
GEOMETRIC_REPRESENTATION_ITEM()
RATIONAL_B_SPLINE_CURVE((3.49180064500334,3.42795924623449,3.3021530843097))
REPRESENTATION_ITEM('')
);
#275=(
BOUNDED_CURVE()
B_SPLINE_CURVE(2,(#16078,#16079,#16080),.UNSPECIFIED.,.F.,.F.)
B_SPLINE_CURVE_WITH_KNOTS((3,3),(3.67007058867668,4.50526871050296),
 .UNSPECIFIED.)
CURVE()
GEOMETRIC_REPRESENTATION_ITEM()
RATIONAL_B_SPLINE_CURVE((3.3021530843097,3.42795924623448,3.49180064500333))
REPRESENTATION_ITEM('')
);
#276=(
BOUNDED_CURVE()
B_SPLINE_CURVE(2,(#16084,#16085,#16086),.UNSPECIFIED.,.F.,.F.)
B_SPLINE_CURVE_WITH_KNOTS((3,3),(6.22626602925432,7.06146460385757),
 .UNSPECIFIED.)
CURVE()
GEOMETRIC_REPRESENTATION_ITEM()
RATIONAL_B_SPLINE_CURVE((3.49180593422474,3.42796443828262,3.3021582100297))
REPRESENTATION_ITEM('')
);
#277=(
BOUNDED_CURVE()
B_SPLINE_CURVE(2,(#16090,#16091,#16092),.UNSPECIFIED.,.F.,.F.)
B_SPLINE_CURVE_WITH_KNOTS((3,3),(3.67007796844005,4.50527654304326),
 .UNSPECIFIED.)
CURVE()
GEOMETRIC_REPRESENTATION_ITEM()
RATIONAL_B_SPLINE_CURVE((3.3021582100297,3.42796443828261,3.49180593422472))
REPRESENTATION_ITEM('')
);
#278=(
BOUNDED_CURVE()
B_SPLINE_CURVE(2,(#16093,#16094,#16095),.UNSPECIFIED.,.F.,.F.)
B_SPLINE_CURVE_WITH_KNOTS((3,3),(6.22625378753217,7.0614519093585),
 .UNSPECIFIED.)
CURVE()
GEOMETRIC_REPRESENTATION_ITEM()
RATIONAL_B_SPLINE_CURVE((3.49180064500333,3.42795924623448,3.30215308430969))
REPRESENTATION_ITEM('')
);
#279=(
BOUNDED_CURVE()
B_SPLINE_CURVE(2,(#16097,#16098,#16099),.UNSPECIFIED.,.F.,.F.)
B_SPLINE_CURVE_WITH_KNOTS((3,3),(3.67007058867665,4.50526871050296),
 .UNSPECIFIED.)
CURVE()
GEOMETRIC_REPRESENTATION_ITEM()
RATIONAL_B_SPLINE_CURVE((3.30215308430969,3.42795924623447,3.49180064500332))
REPRESENTATION_ITEM('')
);
#280=(
BOUNDED_CURVE()
B_SPLINE_CURVE(2,(#16103,#16104,#16105),.UNSPECIFIED.,.F.,.F.)
B_SPLINE_CURVE_WITH_KNOTS((3,3),(6.2262660292543,7.06146460385752),
 .UNSPECIFIED.)
CURVE()
GEOMETRIC_REPRESENTATION_ITEM()
RATIONAL_B_SPLINE_CURVE((3.49180593422472,3.42796443828261,3.3021582100297))
REPRESENTATION_ITEM('')
);
#281=(
BOUNDED_CURVE()
B_SPLINE_CURVE(2,(#16109,#16110,#16111),.UNSPECIFIED.,.F.,.F.)
B_SPLINE_CURVE_WITH_KNOTS((3,3),(3.67007796844005,4.50527654304326),
 .UNSPECIFIED.)
CURVE()
GEOMETRIC_REPRESENTATION_ITEM()
RATIONAL_B_SPLINE_CURVE((3.3021582100297,3.42796443828262,3.49180593422473))
REPRESENTATION_ITEM('')
);
#282=(
BOUNDED_CURVE()
B_SPLINE_CURVE(2,(#16112,#16113,#16114),.UNSPECIFIED.,.F.,.F.)
B_SPLINE_CURVE_WITH_KNOTS((3,3),(6.22625378753215,7.06145190935851),
 .UNSPECIFIED.)
CURVE()
GEOMETRIC_REPRESENTATION_ITEM()
RATIONAL_B_SPLINE_CURVE((3.49180064500339,3.42795924623454,3.30215308430974))
REPRESENTATION_ITEM('')
);
#283=(
BOUNDED_CURVE()
B_SPLINE_CURVE(2,(#16116,#16117,#16118),.UNSPECIFIED.,.F.,.F.)
B_SPLINE_CURVE_WITH_KNOTS((3,3),(3.67007058867661,4.50526871050292),
 .UNSPECIFIED.)
CURVE()
GEOMETRIC_REPRESENTATION_ITEM()
RATIONAL_B_SPLINE_CURVE((3.30215308430974,3.42795924623453,3.49180064500339))
REPRESENTATION_ITEM('')
);
#284=(
BOUNDED_CURVE()
B_SPLINE_CURVE(2,(#16122,#16123,#16124),.UNSPECIFIED.,.F.,.F.)
B_SPLINE_CURVE_WITH_KNOTS((3,3),(6.22626602925431,7.06146460385754),
 .UNSPECIFIED.)
CURVE()
GEOMETRIC_REPRESENTATION_ITEM()
RATIONAL_B_SPLINE_CURVE((3.49180593422473,3.42796443828262,3.3021582100297))
REPRESENTATION_ITEM('')
);
#285=(
BOUNDED_CURVE()
B_SPLINE_CURVE(2,(#16128,#16129,#16130),.UNSPECIFIED.,.F.,.F.)
B_SPLINE_CURVE_WITH_KNOTS((3,3),(3.67007796844005,4.50527654304325),
 .UNSPECIFIED.)
CURVE()
GEOMETRIC_REPRESENTATION_ITEM()
RATIONAL_B_SPLINE_CURVE((3.3021582100297,3.42796443828261,3.49180593422472))
REPRESENTATION_ITEM('')
);
#286=(
BOUNDED_CURVE()
B_SPLINE_CURVE(2,(#16131,#16132,#16133),.UNSPECIFIED.,.F.,.F.)
B_SPLINE_CURVE_WITH_KNOTS((3,3),(6.22625378753219,7.06145190935849),
 .UNSPECIFIED.)
CURVE()
GEOMETRIC_REPRESENTATION_ITEM()
RATIONAL_B_SPLINE_CURVE((3.49180064500339,3.42795924623453,3.30215308430974))
REPRESENTATION_ITEM('')
);
#287=(
BOUNDED_CURVE()
B_SPLINE_CURVE(2,(#16134,#16135,#16136),.UNSPECIFIED.,.F.,.F.)
B_SPLINE_CURVE_WITH_KNOTS((3,3),(3.67007058867664,4.50526871050295),
 .UNSPECIFIED.)
CURVE()
GEOMETRIC_REPRESENTATION_ITEM()
RATIONAL_B_SPLINE_CURVE((3.30215308430975,3.42795924623454,3.49180064500339))
REPRESENTATION_ITEM('')
);
#288=(
BOUNDED_CURVE()
B_SPLINE_CURVE(2,(#16138,#16139,#16140),.UNSPECIFIED.,.F.,.F.)
B_SPLINE_CURVE_WITH_KNOTS((3,3),(6.22626602925433,7.06146460385754),
 .UNSPECIFIED.)
CURVE()
GEOMETRIC_REPRESENTATION_ITEM()
RATIONAL_B_SPLINE_CURVE((3.49180593422472,3.42796443828261,3.3021582100297))
REPRESENTATION_ITEM('')
);
#289=(
BOUNDED_CURVE()
B_SPLINE_CURVE(2,(#16190,#16191,#16192),.UNSPECIFIED.,.F.,.F.)
B_SPLINE_CURVE_WITH_KNOTS((3,3),(-3.06507277528567,-1.27732225784972),
 .UNSPECIFIED.)
CURVE()
GEOMETRIC_REPRESENTATION_ITEM()
RATIONAL_B_SPLINE_CURVE((1.61032871609296,1.85944743544042,1.61032871609296))
REPRESENTATION_ITEM('')
);
#290=(
BOUNDED_CURVE()
B_SPLINE_CURVE(2,(#16198,#16199,#16200),.UNSPECIFIED.,.F.,.F.)
B_SPLINE_CURVE_WITH_KNOTS((3,3),(-3.06507277528568,-1.27732225784971),
 .UNSPECIFIED.)
CURVE()
GEOMETRIC_REPRESENTATION_ITEM()
RATIONAL_B_SPLINE_CURVE((1.61032871609296,1.85944743544042,1.61032871609296))
REPRESENTATION_ITEM('')
);
#291=(
BOUNDED_CURVE()
B_SPLINE_CURVE(2,(#16206,#16207,#16208),.UNSPECIFIED.,.F.,.F.)
B_SPLINE_CURVE_WITH_KNOTS((3,3),(-3.06507277528568,-1.27732225784971),
 .UNSPECIFIED.)
CURVE()
GEOMETRIC_REPRESENTATION_ITEM()
RATIONAL_B_SPLINE_CURVE((1.61032871609297,1.85944743544044,1.61032871609297))
REPRESENTATION_ITEM('')
);
#292=(
BOUNDED_CURVE()
B_SPLINE_CURVE(2,(#16214,#16215,#16216),.UNSPECIFIED.,.F.,.F.)
B_SPLINE_CURVE_WITH_KNOTS((3,3),(-3.06507277528568,-1.27732225784971),
 .UNSPECIFIED.)
CURVE()
GEOMETRIC_REPRESENTATION_ITEM()
RATIONAL_B_SPLINE_CURVE((1.61032871609297,1.85944743544044,1.61032871609297))
REPRESENTATION_ITEM('')
);
#293=(
BOUNDED_CURVE()
B_SPLINE_CURVE(2,(#16222,#16223,#16224),.UNSPECIFIED.,.F.,.F.)
B_SPLINE_CURVE_WITH_KNOTS((3,3),(-3.06507277528567,-1.27732225784971),
 .UNSPECIFIED.)
CURVE()
GEOMETRIC_REPRESENTATION_ITEM()
RATIONAL_B_SPLINE_CURVE((1.61032871609296,1.85944743544042,1.61032871609296))
REPRESENTATION_ITEM('')
);
#294=(
BOUNDED_CURVE()
B_SPLINE_CURVE(2,(#16229,#16230,#16231),.UNSPECIFIED.,.F.,.F.)
B_SPLINE_CURVE_WITH_KNOTS((3,3),(-3.06507277528569,-1.2773222578497),
 .UNSPECIFIED.)
CURVE()
GEOMETRIC_REPRESENTATION_ITEM()
RATIONAL_B_SPLINE_CURVE((1.61032871609296,1.85944743544044,1.61032871609296))
REPRESENTATION_ITEM('')
);
#295=(
BOUNDED_CURVE()
B_SPLINE_CURVE(2,(#16243,#16244,#16245),.UNSPECIFIED.,.F.,.F.)
B_SPLINE_CURVE_WITH_KNOTS((3,3),(-3.06507277528568,-1.27732225784972),
 .UNSPECIFIED.)
CURVE()
GEOMETRIC_REPRESENTATION_ITEM()
RATIONAL_B_SPLINE_CURVE((1.61032871609297,1.85944743544044,1.61032871609297))
REPRESENTATION_ITEM('')
);
#296=(
BOUNDED_CURVE()
B_SPLINE_CURVE(2,(#16251,#16252,#16253),.UNSPECIFIED.,.F.,.F.)
B_SPLINE_CURVE_WITH_KNOTS((3,3),(-3.06507277528569,-1.27732225784971),
 .UNSPECIFIED.)
CURVE()
GEOMETRIC_REPRESENTATION_ITEM()
RATIONAL_B_SPLINE_CURVE((1.61032871609297,1.85944743544044,1.61032871609297))
REPRESENTATION_ITEM('')
);
#297=(
BOUNDED_CURVE()
B_SPLINE_CURVE(2,(#16259,#16260,#16261),.UNSPECIFIED.,.F.,.F.)
B_SPLINE_CURVE_WITH_KNOTS((3,3),(-3.06507277528568,-1.2773222578497),
 .UNSPECIFIED.)
CURVE()
GEOMETRIC_REPRESENTATION_ITEM()
RATIONAL_B_SPLINE_CURVE((1.61032871609297,1.85944743544044,1.61032871609296))
REPRESENTATION_ITEM('')
);
#298=(
BOUNDED_CURVE()
B_SPLINE_CURVE(2,(#16267,#16268,#16269),.UNSPECIFIED.,.F.,.F.)
B_SPLINE_CURVE_WITH_KNOTS((3,3),(-3.06507277528566,-1.27732225784971),
 .UNSPECIFIED.)
CURVE()
GEOMETRIC_REPRESENTATION_ITEM()
RATIONAL_B_SPLINE_CURVE((1.61032871609297,1.85944743544043,1.61032871609296))
REPRESENTATION_ITEM('')
);
#299=(
BOUNDED_CURVE()
B_SPLINE_CURVE(2,(#16275,#16276,#16277),.UNSPECIFIED.,.F.,.F.)
B_SPLINE_CURVE_WITH_KNOTS((3,3),(-3.06507277528568,-1.27732225784971),
 .UNSPECIFIED.)
CURVE()
GEOMETRIC_REPRESENTATION_ITEM()
RATIONAL_B_SPLINE_CURVE((1.61032871609296,1.85944743544043,1.61032871609297))
REPRESENTATION_ITEM('')
);
#300=(
BOUNDED_CURVE()
B_SPLINE_CURVE(2,(#16282,#16283,#16284),.UNSPECIFIED.,.F.,.F.)
B_SPLINE_CURVE_WITH_KNOTS((3,3),(-3.06507277528569,-1.27732225784971),
 .UNSPECIFIED.)
CURVE()
GEOMETRIC_REPRESENTATION_ITEM()
RATIONAL_B_SPLINE_CURVE((1.61032871609296,1.85944743544044,1.61032871609297))
REPRESENTATION_ITEM('')
);
#301=(
BOUNDED_CURVE()
B_SPLINE_CURVE(2,(#16296,#16297,#16298),.UNSPECIFIED.,.F.,.F.)
B_SPLINE_CURVE_WITH_KNOTS((3,3),(-3.06507277528568,-1.27732225784971),
 .UNSPECIFIED.)
CURVE()
GEOMETRIC_REPRESENTATION_ITEM()
RATIONAL_B_SPLINE_CURVE((1.61032871609297,1.85944743544044,1.61032871609297))
REPRESENTATION_ITEM('')
);
#302=(
BOUNDED_CURVE()
B_SPLINE_CURVE(2,(#16304,#16305,#16306),.UNSPECIFIED.,.F.,.F.)
B_SPLINE_CURVE_WITH_KNOTS((3,3),(-3.06507277528569,-1.27732225784972),
 .UNSPECIFIED.)
CURVE()
GEOMETRIC_REPRESENTATION_ITEM()
RATIONAL_B_SPLINE_CURVE((1.61032871609296,1.85944743544043,1.61032871609296))
REPRESENTATION_ITEM('')
);
#303=(
BOUNDED_CURVE()
B_SPLINE_CURVE(2,(#16312,#16313,#16314),.UNSPECIFIED.,.F.,.F.)
B_SPLINE_CURVE_WITH_KNOTS((3,3),(-3.06507277528569,-1.27732225784972),
 .UNSPECIFIED.)
CURVE()
GEOMETRIC_REPRESENTATION_ITEM()
RATIONAL_B_SPLINE_CURVE((1.61032871609297,1.85944743544044,1.61032871609297))
REPRESENTATION_ITEM('')
);
#304=(
BOUNDED_CURVE()
B_SPLINE_CURVE(2,(#16320,#16321,#16322),.UNSPECIFIED.,.F.,.F.)
B_SPLINE_CURVE_WITH_KNOTS((3,3),(-3.06507277528569,-1.27732225784971),
 .UNSPECIFIED.)
CURVE()
GEOMETRIC_REPRESENTATION_ITEM()
RATIONAL_B_SPLINE_CURVE((1.61032871609297,1.85944743544045,1.61032871609297))
REPRESENTATION_ITEM('')
);
#305=(
BOUNDED_CURVE()
B_SPLINE_CURVE(2,(#16328,#16329,#16330),.UNSPECIFIED.,.F.,.F.)
B_SPLINE_CURVE_WITH_KNOTS((3,3),(-3.06507277528568,-1.27732225784971),
 .UNSPECIFIED.)
CURVE()
GEOMETRIC_REPRESENTATION_ITEM()
RATIONAL_B_SPLINE_CURVE((1.61032871609296,1.85944743544043,1.61032871609296))
REPRESENTATION_ITEM('')
);
#306=(
BOUNDED_CURVE()
B_SPLINE_CURVE(2,(#16335,#16336,#16337),.UNSPECIFIED.,.F.,.F.)
B_SPLINE_CURVE_WITH_KNOTS((3,3),(-3.06507277528569,-1.27732225784971),
 .UNSPECIFIED.)
CURVE()
GEOMETRIC_REPRESENTATION_ITEM()
RATIONAL_B_SPLINE_CURVE((1.61032871609297,1.85944743544044,1.61032871609297))
REPRESENTATION_ITEM('')
);
#307=(
BOUNDED_CURVE()
B_SPLINE_CURVE(2,(#16399,#16400,#16401),.UNSPECIFIED.,.F.,.F.)
B_SPLINE_CURVE_WITH_KNOTS((3,3),(-4.50527654304321,-3.67007796843999),
 .UNSPECIFIED.)
CURVE()
GEOMETRIC_REPRESENTATION_ITEM()
RATIONAL_B_SPLINE_CURVE((3.4918059342247,3.42796443828259,3.30215821002968))
REPRESENTATION_ITEM('')
);
#308=(
BOUNDED_CURVE()
B_SPLINE_CURVE(2,(#16403,#16404,#16405),.UNSPECIFIED.,.F.,.F.)
B_SPLINE_CURVE_WITH_KNOTS((3,3),(-7.06146460385747,-6.22626602925429),
 .UNSPECIFIED.)
CURVE()
GEOMETRIC_REPRESENTATION_ITEM()
RATIONAL_B_SPLINE_CURVE((3.30215821002969,3.4279644382826,3.49180593422471))
REPRESENTATION_ITEM('')
);
#309=(
BOUNDED_CURVE()
B_SPLINE_CURVE(2,(#16410,#16411,#16412),.UNSPECIFIED.,.F.,.F.)
B_SPLINE_CURVE_WITH_KNOTS((3,3),(-4.50527654304325,-3.67007796844001),
 .UNSPECIFIED.)
CURVE()
GEOMETRIC_REPRESENTATION_ITEM()
RATIONAL_B_SPLINE_CURVE((3.49180593422471,3.4279644382826,3.30215821002968))
REPRESENTATION_ITEM('')
);
#310=(
BOUNDED_CURVE()
B_SPLINE_CURVE(2,(#16414,#16415,#16416),.UNSPECIFIED.,.F.,.F.)
B_SPLINE_CURVE_WITH_KNOTS((3,3),(-7.06146460385753,-6.22626602925429),
 .UNSPECIFIED.)
CURVE()
GEOMETRIC_REPRESENTATION_ITEM()
RATIONAL_B_SPLINE_CURVE((3.30215821002967,3.42796443828259,3.4918059342247))
REPRESENTATION_ITEM('')
);
#311=(
BOUNDED_CURVE()
B_SPLINE_CURVE(2,(#16421,#16422,#16423),.UNSPECIFIED.,.F.,.F.)
B_SPLINE_CURVE_WITH_KNOTS((3,3),(-7.06146460385754,-6.22626602925426),
 .UNSPECIFIED.)
CURVE()
GEOMETRIC_REPRESENTATION_ITEM()
RATIONAL_B_SPLINE_CURVE((3.30215821002967,3.4279644382826,3.49180593422471))
REPRESENTATION_ITEM('')
);
#312=(
BOUNDED_CURVE()
B_SPLINE_CURVE(2,(#16426,#16427,#16428),.UNSPECIFIED.,.F.,.F.)
B_SPLINE_CURVE_WITH_KNOTS((3,3),(-4.50527654304322,-3.67007796843995),
 .UNSPECIFIED.)
CURVE()
GEOMETRIC_REPRESENTATION_ITEM()
RATIONAL_B_SPLINE_CURVE((3.49180593422477,3.42796443828265,3.30215821002972))
REPRESENTATION_ITEM('')
);
#313=(
BOUNDED_CURVE()
B_SPLINE_CURVE(2,(#16432,#16433,#16434),.UNSPECIFIED.,.F.,.F.)
B_SPLINE_CURVE_WITH_KNOTS((3,3),(-4.50527654304324,-3.67007796843998),
 .UNSPECIFIED.)
CURVE()
GEOMETRIC_REPRESENTATION_ITEM()
RATIONAL_B_SPLINE_CURVE((3.49180593422471,3.4279644382826,3.30215821002968))
REPRESENTATION_ITEM('')
);
#314=(
BOUNDED_CURVE()
B_SPLINE_CURVE(2,(#16436,#16437,#16438),.UNSPECIFIED.,.F.,.F.)
B_SPLINE_CURVE_WITH_KNOTS((3,3),(-7.0614646038575,-6.22626602925426),
 .UNSPECIFIED.)
CURVE()
GEOMETRIC_REPRESENTATION_ITEM()
RATIONAL_B_SPLINE_CURVE((3.30215821002974,3.42796443828266,3.49180593422477))
REPRESENTATION_ITEM('')
);
#315=(
BOUNDED_CURVE()
B_SPLINE_CURVE(2,(#16455,#16456,#16457),.UNSPECIFIED.,.F.,.F.)
B_SPLINE_CURVE_WITH_KNOTS((3,3),(-4.50527654304322,-3.67007796844),
 .UNSPECIFIED.)
CURVE()
GEOMETRIC_REPRESENTATION_ITEM()
RATIONAL_B_SPLINE_CURVE((3.49180593422471,3.4279644382826,3.30215821002968))
REPRESENTATION_ITEM('')
);
#316=(
BOUNDED_CURVE()
B_SPLINE_CURVE(2,(#16458,#16459,#16460),.UNSPECIFIED.,.F.,.F.)
B_SPLINE_CURVE_WITH_KNOTS((3,3),(-7.06146460385746,-6.22626602925428),
 .UNSPECIFIED.)
CURVE()
GEOMETRIC_REPRESENTATION_ITEM()
RATIONAL_B_SPLINE_CURVE((3.30215821002969,3.4279644382826,3.49180593422471))
REPRESENTATION_ITEM('')
);
#317=(
BOUNDED_CURVE()
B_SPLINE_CURVE(2,(#16463,#16464,#16465),.UNSPECIFIED.,.F.,.F.)
B_SPLINE_CURVE_WITH_KNOTS((3,3),(-4.50527654304323,-3.67007796843999),
 .UNSPECIFIED.)
CURVE()
GEOMETRIC_REPRESENTATION_ITEM()
RATIONAL_B_SPLINE_CURVE((3.49180593422471,3.42796443828259,3.30215821002968))
REPRESENTATION_ITEM('')
);
#318=(
BOUNDED_CURVE()
B_SPLINE_CURVE(2,(#16466,#16467,#16468),.UNSPECIFIED.,.F.,.F.)
B_SPLINE_CURVE_WITH_KNOTS((3,3),(-7.06146460385744,-6.22626602925431),
 .UNSPECIFIED.)
CURVE()
GEOMETRIC_REPRESENTATION_ITEM()
RATIONAL_B_SPLINE_CURVE((3.3021582100297,3.4279644382826,3.4918059342247))
REPRESENTATION_ITEM('')
);
#319=(
BOUNDED_CURVE()
B_SPLINE_CURVE(2,(#16471,#16472,#16473),.UNSPECIFIED.,.F.,.F.)
B_SPLINE_CURVE_WITH_KNOTS((3,3),(-7.06145190935849,-6.22625378753219),
 .UNSPECIFIED.)
CURVE()
GEOMETRIC_REPRESENTATION_ITEM()
RATIONAL_B_SPLINE_CURVE((3.30215308430967,3.42795924623445,3.49180064500329))
REPRESENTATION_ITEM('')
);
#320=(
BOUNDED_CURVE()
B_SPLINE_CURVE(2,(#16474,#16475,#16476),.UNSPECIFIED.,.F.,.F.)
B_SPLINE_CURVE_WITH_KNOTS((3,3),(-4.50526871050309,-3.67007058867685),
 .UNSPECIFIED.)
CURVE()
GEOMETRIC_REPRESENTATION_ITEM()
RATIONAL_B_SPLINE_CURVE((3.49180064500303,3.4279592462342,3.30215308430945))
REPRESENTATION_ITEM('')
);
#321=(
BOUNDED_CURVE()
B_SPLINE_CURVE(2,(#16480,#16481,#16482),.UNSPECIFIED.,.F.,.F.)
B_SPLINE_CURVE_WITH_KNOTS((3,3),(3.67007058867686,4.50526871050311),
 .UNSPECIFIED.)
CURVE()
GEOMETRIC_REPRESENTATION_ITEM()
RATIONAL_B_SPLINE_CURVE((3.30215308430946,3.4279592462342,3.49180064500303))
REPRESENTATION_ITEM('')
);
#322=(
BOUNDED_CURVE()
B_SPLINE_CURVE(2,(#16485,#16486,#16487),.UNSPECIFIED.,.F.,.F.)
B_SPLINE_CURVE_WITH_KNOTS((3,3),(-4.50526871050313,-3.67007058867686),
 .UNSPECIFIED.)
CURVE()
GEOMETRIC_REPRESENTATION_ITEM()
RATIONAL_B_SPLINE_CURVE((3.49180064500303,3.4279592462342,3.30215308430945))
REPRESENTATION_ITEM('')
);
#323=(
BOUNDED_CURVE()
B_SPLINE_CURVE(2,(#16490,#16491,#16492),.UNSPECIFIED.,.F.,.F.)
B_SPLINE_CURVE_WITH_KNOTS((3,3),(3.67007058867686,4.50526871050311),
 .UNSPECIFIED.)
CURVE()
GEOMETRIC_REPRESENTATION_ITEM()
RATIONAL_B_SPLINE_CURVE((3.30215308430945,3.4279592462342,3.49180064500303))
REPRESENTATION_ITEM('')
);
#324=(
BOUNDED_CURVE()
B_SPLINE_CURVE(2,(#16495,#16496,#16497),.UNSPECIFIED.,.F.,.F.)
B_SPLINE_CURVE_WITH_KNOTS((3,3),(-4.50526871050296,-3.67007058867665),
 .UNSPECIFIED.)
CURVE()
GEOMETRIC_REPRESENTATION_ITEM()
RATIONAL_B_SPLINE_CURVE((3.49180064500335,3.4279592462345,3.30215308430971))
REPRESENTATION_ITEM('')
);
#325=(
BOUNDED_CURVE()
B_SPLINE_CURVE(2,(#16500,#16501,#16502),.UNSPECIFIED.,.F.,.F.)
B_SPLINE_CURVE_WITH_KNOTS((3,3),(3.67007058867666,4.50526871050299),
 .UNSPECIFIED.)
CURVE()
GEOMETRIC_REPRESENTATION_ITEM()
RATIONAL_B_SPLINE_CURVE((3.30215308430972,3.4279592462345,3.49180064500335))
REPRESENTATION_ITEM('')
);
#326=(
BOUNDED_CURVE()
B_SPLINE_CURVE(2,(#16505,#16506,#16507),.UNSPECIFIED.,.F.,.F.)
B_SPLINE_CURVE_WITH_KNOTS((3,3),(-4.50526871050288,-3.67007058867653),
 .UNSPECIFIED.)
CURVE()
GEOMETRIC_REPRESENTATION_ITEM()
RATIONAL_B_SPLINE_CURVE((3.49180064500356,3.42795924623469,3.30215308430988))
REPRESENTATION_ITEM('')
);
#327=(
BOUNDED_CURVE()
B_SPLINE_CURVE(2,(#16510,#16511,#16512),.UNSPECIFIED.,.F.,.F.)
B_SPLINE_CURVE_WITH_KNOTS((3,3),(3.6700705886765,4.50526871050284),
 .UNSPECIFIED.)
CURVE()
GEOMETRIC_REPRESENTATION_ITEM()
RATIONAL_B_SPLINE_CURVE((3.30215308430987,3.42795924623468,3.49180064500355))
REPRESENTATION_ITEM('')
);
#328=(
BOUNDED_CURVE()
B_SPLINE_CURVE(2,(#16515,#16516,#16517),.UNSPECIFIED.,.F.,.F.)
B_SPLINE_CURVE_WITH_KNOTS((3,3),(-4.5052687105031,-3.67007058867685),
 .UNSPECIFIED.)
CURVE()
GEOMETRIC_REPRESENTATION_ITEM()
RATIONAL_B_SPLINE_CURVE((3.49180064500303,3.4279592462342,3.30215308430945))
REPRESENTATION_ITEM('')
);
#329=(
BOUNDED_CURVE()
B_SPLINE_CURVE(2,(#16520,#16521,#16522),.UNSPECIFIED.,.F.,.F.)
B_SPLINE_CURVE_WITH_KNOTS((3,3),(3.67007058867687,4.50526871050316),
 .UNSPECIFIED.)
CURVE()
GEOMETRIC_REPRESENTATION_ITEM()
RATIONAL_B_SPLINE_CURVE((3.30215308430946,3.42795924623421,3.49180064500304))
REPRESENTATION_ITEM('')
);
#330=(
BOUNDED_CURVE()
B_SPLINE_CURVE(2,(#16525,#16526,#16527),.UNSPECIFIED.,.F.,.F.)
B_SPLINE_CURVE_WITH_KNOTS((3,3),(-4.505268710503,-3.67007058867669),
 .UNSPECIFIED.)
CURVE()
GEOMETRIC_REPRESENTATION_ITEM()
RATIONAL_B_SPLINE_CURVE((3.49180064500329,3.42795924623445,3.30215308430967))
REPRESENTATION_ITEM('')
);
#331=(
BOUNDED_CURVE()
B_SPLINE_CURVE(2,(#16556,#16557,#16558),.UNSPECIFIED.,.F.,.F.)
B_SPLINE_CURVE_WITH_KNOTS((3,3),(-4.5052765430432,-3.67007796843996),
 .UNSPECIFIED.)
CURVE()
GEOMETRIC_REPRESENTATION_ITEM()
RATIONAL_B_SPLINE_CURVE((3.49180593422476,3.42796443828264,3.30215821002972))
REPRESENTATION_ITEM('')
);
#332=(
BOUNDED_CURVE()
B_SPLINE_CURVE(2,(#16560,#16561,#16562),.UNSPECIFIED.,.F.,.F.)
B_SPLINE_CURVE_WITH_KNOTS((3,3),(-7.06146460385749,-6.22626602925427),
 .UNSPECIFIED.)
CURVE()
GEOMETRIC_REPRESENTATION_ITEM()
RATIONAL_B_SPLINE_CURVE((3.30215821002969,3.4279644382826,3.49180593422471))
REPRESENTATION_ITEM('')
);
#333=(
BOUNDED_CURVE()
B_SPLINE_CURVE(2,(#16567,#16568,#16569),.UNSPECIFIED.,.F.,.F.)
B_SPLINE_CURVE_WITH_KNOTS((3,3),(-4.50527654304322,-3.67007796844),
 .UNSPECIFIED.)
CURVE()
GEOMETRIC_REPRESENTATION_ITEM()
RATIONAL_B_SPLINE_CURVE((3.49180593422471,3.42796443828259,3.30215821002968))
REPRESENTATION_ITEM('')
);
#334=(
BOUNDED_CURVE()
B_SPLINE_CURVE(2,(#16571,#16572,#16573),.UNSPECIFIED.,.F.,.F.)
B_SPLINE_CURVE_WITH_KNOTS((3,3),(-7.06146460385754,-6.22626602925424),
 .UNSPECIFIED.)
CURVE()
GEOMETRIC_REPRESENTATION_ITEM()
RATIONAL_B_SPLINE_CURVE((3.30215821002972,3.42796443828265,3.49180593422477))
REPRESENTATION_ITEM('')
);
#335=(
BOUNDED_CURVE()
B_SPLINE_CURVE(2,(#16578,#16579,#16580),.UNSPECIFIED.,.F.,.F.)
B_SPLINE_CURVE_WITH_KNOTS((3,3),(-7.06146460385755,-6.2262660292543),
 .UNSPECIFIED.)
CURVE()
GEOMETRIC_REPRESENTATION_ITEM()
RATIONAL_B_SPLINE_CURVE((3.30215821002967,3.42796443828259,3.4918059342247))
REPRESENTATION_ITEM('')
);
#336=(
BOUNDED_CURVE()
B_SPLINE_CURVE(2,(#16583,#16584,#16585),.UNSPECIFIED.,.F.,.F.)
B_SPLINE_CURVE_WITH_KNOTS((3,3),(-4.50527654304327,-3.67007796844),
 .UNSPECIFIED.)
CURVE()
GEOMETRIC_REPRESENTATION_ITEM()
RATIONAL_B_SPLINE_CURVE((3.49180593422471,3.4279644382826,3.30215821002968))
REPRESENTATION_ITEM('')
);
#337=(
BOUNDED_CURVE()
B_SPLINE_CURVE(2,(#16589,#16590,#16591),.UNSPECIFIED.,.F.,.F.)
B_SPLINE_CURVE_WITH_KNOTS((3,3),(-4.50527654304325,-3.67007796844001),
 .UNSPECIFIED.)
CURVE()
GEOMETRIC_REPRESENTATION_ITEM()
RATIONAL_B_SPLINE_CURVE((3.49180593422471,3.4279644382826,3.30215821002968))
REPRESENTATION_ITEM('')
);
#338=(
BOUNDED_CURVE()
B_SPLINE_CURVE(2,(#16593,#16594,#16595),.UNSPECIFIED.,.F.,.F.)
B_SPLINE_CURVE_WITH_KNOTS((3,3),(-7.06146460385751,-6.22626602925419),
 .UNSPECIFIED.)
CURVE()
GEOMETRIC_REPRESENTATION_ITEM()
RATIONAL_B_SPLINE_CURVE((3.30215821002968,3.42796443828261,3.49180593422472))
REPRESENTATION_ITEM('')
);
#339=(
BOUNDED_CURVE()
B_SPLINE_CURVE(2,(#16612,#16613,#16614),.UNSPECIFIED.,.F.,.F.)
B_SPLINE_CURVE_WITH_KNOTS((3,3),(-4.50527654304325,-3.67007796844002),
 .UNSPECIFIED.)
CURVE()
GEOMETRIC_REPRESENTATION_ITEM()
RATIONAL_B_SPLINE_CURVE((3.49180593422471,3.4279644382826,3.30215821002968))
REPRESENTATION_ITEM('')
);
#340=(
BOUNDED_CURVE()
B_SPLINE_CURVE(2,(#16615,#16616,#16617),.UNSPECIFIED.,.F.,.F.)
B_SPLINE_CURVE_WITH_KNOTS((3,3),(-7.06146460385754,-6.22626602925427),
 .UNSPECIFIED.)
CURVE()
GEOMETRIC_REPRESENTATION_ITEM()
RATIONAL_B_SPLINE_CURVE((3.30215821002967,3.42796443828259,3.49180593422471))
REPRESENTATION_ITEM('')
);
#341=(
BOUNDED_CURVE()
B_SPLINE_CURVE(2,(#16620,#16621,#16622),.UNSPECIFIED.,.F.,.F.)
B_SPLINE_CURVE_WITH_KNOTS((3,3),(-4.5052765430432,-3.67007796843999),
 .UNSPECIFIED.)
CURVE()
GEOMETRIC_REPRESENTATION_ITEM()
RATIONAL_B_SPLINE_CURVE((3.4918059342247,3.42796443828259,3.30215821002968))
REPRESENTATION_ITEM('')
);
#342=(
BOUNDED_CURVE()
B_SPLINE_CURVE(2,(#16623,#16624,#16625),.UNSPECIFIED.,.F.,.F.)
B_SPLINE_CURVE_WITH_KNOTS((3,3),(-7.06146460385752,-6.22626602925428),
 .UNSPECIFIED.)
CURVE()
GEOMETRIC_REPRESENTATION_ITEM()
RATIONAL_B_SPLINE_CURVE((3.30215821002968,3.4279644382826,3.49180593422471))
REPRESENTATION_ITEM('')
);
#343=(
BOUNDED_CURVE()
B_SPLINE_CURVE(2,(#16628,#16629,#16630),.UNSPECIFIED.,.F.,.F.)
B_SPLINE_CURVE_WITH_KNOTS((3,3),(-7.06145190935843,-6.22625378753219),
 .UNSPECIFIED.)
CURVE()
GEOMETRIC_REPRESENTATION_ITEM()
RATIONAL_B_SPLINE_CURVE((3.30215308430946,3.42795924623421,3.49180064500303))
REPRESENTATION_ITEM('')
);
#344=(
BOUNDED_CURVE()
B_SPLINE_CURVE(2,(#16631,#16632,#16633),.UNSPECIFIED.,.F.,.F.)
B_SPLINE_CURVE_WITH_KNOTS((3,3),(-4.50526871050298,-3.67007058867669),
 .UNSPECIFIED.)
CURVE()
GEOMETRIC_REPRESENTATION_ITEM()
RATIONAL_B_SPLINE_CURVE((3.49180064500329,3.42795924623444,3.30215308430967))
REPRESENTATION_ITEM('')
);
#345=(
BOUNDED_CURVE()
B_SPLINE_CURVE(2,(#16637,#16638,#16639),.UNSPECIFIED.,.F.,.F.)
B_SPLINE_CURVE_WITH_KNOTS((3,3),(3.67007058867668,4.50526871050299),
 .UNSPECIFIED.)
CURVE()
GEOMETRIC_REPRESENTATION_ITEM()
RATIONAL_B_SPLINE_CURVE((3.30215308430966,3.42795924623445,3.49180064500329))
REPRESENTATION_ITEM('')
);
#346=(
BOUNDED_CURVE()
B_SPLINE_CURVE(2,(#16642,#16643,#16644),.UNSPECIFIED.,.F.,.F.)
B_SPLINE_CURVE_WITH_KNOTS((3,3),(-4.50526871050314,-3.67007058867686),
 .UNSPECIFIED.)
CURVE()
GEOMETRIC_REPRESENTATION_ITEM()
RATIONAL_B_SPLINE_CURVE((3.49180064500304,3.4279592462342,3.30215308430945))
REPRESENTATION_ITEM('')
);
#347=(
BOUNDED_CURVE()
B_SPLINE_CURVE(2,(#16647,#16648,#16649),.UNSPECIFIED.,.F.,.F.)
B_SPLINE_CURVE_WITH_KNOTS((3,3),(3.67007058867687,4.50526871050312),
 .UNSPECIFIED.)
CURVE()
GEOMETRIC_REPRESENTATION_ITEM()
RATIONAL_B_SPLINE_CURVE((3.30215308430945,3.4279592462342,3.49180064500303))
REPRESENTATION_ITEM('')
);
#348=(
BOUNDED_CURVE()
B_SPLINE_CURVE(2,(#16652,#16653,#16654),.UNSPECIFIED.,.F.,.F.)
B_SPLINE_CURVE_WITH_KNOTS((3,3),(-4.50526871050287,-3.67007058867651),
 .UNSPECIFIED.)
CURVE()
GEOMETRIC_REPRESENTATION_ITEM()
RATIONAL_B_SPLINE_CURVE((3.49180064500355,3.42795924623469,3.30215308430988))
REPRESENTATION_ITEM('')
);
#349=(
BOUNDED_CURVE()
B_SPLINE_CURVE(2,(#16657,#16658,#16659),.UNSPECIFIED.,.F.,.F.)
B_SPLINE_CURVE_WITH_KNOTS((3,3),(3.67007058867651,4.50526871050285),
 .UNSPECIFIED.)
CURVE()
GEOMETRIC_REPRESENTATION_ITEM()
RATIONAL_B_SPLINE_CURVE((3.30215308430987,3.42795924623469,3.49180064500355))
REPRESENTATION_ITEM('')
);
#350=(
BOUNDED_CURVE()
B_SPLINE_CURVE(2,(#16662,#16663,#16664),.UNSPECIFIED.,.F.,.F.)
B_SPLINE_CURVE_WITH_KNOTS((3,3),(-4.50526871050311,-3.67007058867685),
 .UNSPECIFIED.)
CURVE()
GEOMETRIC_REPRESENTATION_ITEM()
RATIONAL_B_SPLINE_CURVE((3.49180064500303,3.4279592462342,3.30215308430945))
REPRESENTATION_ITEM('')
);
#351=(
BOUNDED_CURVE()
B_SPLINE_CURVE(2,(#16667,#16668,#16669),.UNSPECIFIED.,.F.,.F.)
B_SPLINE_CURVE_WITH_KNOTS((3,3),(3.67007058867685,4.5052687105031),
 .UNSPECIFIED.)
CURVE()
GEOMETRIC_REPRESENTATION_ITEM()
RATIONAL_B_SPLINE_CURVE((3.30215308430945,3.4279592462342,3.49180064500303))
REPRESENTATION_ITEM('')
);
#352=(
BOUNDED_CURVE()
B_SPLINE_CURVE(2,(#16672,#16673,#16674),.UNSPECIFIED.,.F.,.F.)
B_SPLINE_CURVE_WITH_KNOTS((3,3),(-4.50526871050314,-3.67007058867686),
 .UNSPECIFIED.)
CURVE()
GEOMETRIC_REPRESENTATION_ITEM()
RATIONAL_B_SPLINE_CURVE((3.49180064500304,3.42795924623421,3.30215308430945))
REPRESENTATION_ITEM('')
);
#353=(
BOUNDED_CURVE()
B_SPLINE_CURVE(2,(#16677,#16678,#16679),.UNSPECIFIED.,.F.,.F.)
B_SPLINE_CURVE_WITH_KNOTS((3,3),(3.67007058867684,4.50526871050309),
 .UNSPECIFIED.)
CURVE()
GEOMETRIC_REPRESENTATION_ITEM()
RATIONAL_B_SPLINE_CURVE((3.30215308430945,3.4279592462342,3.49180064500303))
REPRESENTATION_ITEM('')
);
#354=(
BOUNDED_CURVE()
B_SPLINE_CURVE(2,(#16682,#16683,#16684),.UNSPECIFIED.,.F.,.F.)
B_SPLINE_CURVE_WITH_KNOTS((3,3),(-4.50526871050311,-3.67007058867685),
 .UNSPECIFIED.)
CURVE()
GEOMETRIC_REPRESENTATION_ITEM()
RATIONAL_B_SPLINE_CURVE((3.49180064500303,3.4279592462342,3.30215308430945))
REPRESENTATION_ITEM('')
);
#355=(
BOUNDED_CURVE()
B_SPLINE_CURVE(2,(#16689,#16690,#16691),.UNSPECIFIED.,.F.,.F.)
B_SPLINE_CURVE_WITH_KNOTS((3,3),(3.67007796844004,4.50527654304325),
 .UNSPECIFIED.)
CURVE()
GEOMETRIC_REPRESENTATION_ITEM()
RATIONAL_B_SPLINE_CURVE((3.30215821002969,3.4279644382826,3.49180593422471))
REPRESENTATION_ITEM('')
);
#356=(
BOUNDED_CURVE()
B_SPLINE_CURVE(2,(#16694,#16695,#16696),.UNSPECIFIED.,.F.,.F.)
B_SPLINE_CURVE_WITH_KNOTS((3,3),(6.22625378753223,7.0614519093585),
 .UNSPECIFIED.)
CURVE()
GEOMETRIC_REPRESENTATION_ITEM()
RATIONAL_B_SPLINE_CURVE((3.49180064500304,3.42795924623421,3.30215308430945))
REPRESENTATION_ITEM('')
);
#357=(
BOUNDED_CURVE()
B_SPLINE_CURVE(2,(#16698,#16699,#16700),.UNSPECIFIED.,.F.,.F.)
B_SPLINE_CURVE_WITH_KNOTS((3,3),(3.67007058867688,4.50526871050316),
 .UNSPECIFIED.)
CURVE()
GEOMETRIC_REPRESENTATION_ITEM()
RATIONAL_B_SPLINE_CURVE((3.30215308430946,3.42795924623422,3.49180064500305))
REPRESENTATION_ITEM('')
);
#358=(
BOUNDED_CURVE()
B_SPLINE_CURVE(2,(#16704,#16705,#16706),.UNSPECIFIED.,.F.,.F.)
B_SPLINE_CURVE_WITH_KNOTS((3,3),(6.22626602925433,7.06146460385752),
 .UNSPECIFIED.)
CURVE()
GEOMETRIC_REPRESENTATION_ITEM()
RATIONAL_B_SPLINE_CURVE((3.4918059342247,3.42796443828259,3.30215821002968))
REPRESENTATION_ITEM('')
);
#359=(
BOUNDED_CURVE()
B_SPLINE_CURVE(2,(#16710,#16711,#16712),.UNSPECIFIED.,.F.,.F.)
B_SPLINE_CURVE_WITH_KNOTS((3,3),(3.67007796843998,4.50527654304323),
 .UNSPECIFIED.)
CURVE()
GEOMETRIC_REPRESENTATION_ITEM()
RATIONAL_B_SPLINE_CURVE((3.30215821002973,3.42796443828266,3.49180593422477))
REPRESENTATION_ITEM('')
);
#360=(
BOUNDED_CURVE()
B_SPLINE_CURVE(2,(#16713,#16714,#16715),.UNSPECIFIED.,.F.,.F.)
B_SPLINE_CURVE_WITH_KNOTS((3,3),(6.22625378753223,7.06145190935847),
 .UNSPECIFIED.)
CURVE()
GEOMETRIC_REPRESENTATION_ITEM()
RATIONAL_B_SPLINE_CURVE((3.49180064500309,3.42795924623426,3.30215308430951))
REPRESENTATION_ITEM('')
);
#361=(
BOUNDED_CURVE()
B_SPLINE_CURVE(2,(#16717,#16718,#16719),.UNSPECIFIED.,.F.,.F.)
B_SPLINE_CURVE_WITH_KNOTS((3,3),(3.67007058867683,4.50526871050309),
 .UNSPECIFIED.)
CURVE()
GEOMETRIC_REPRESENTATION_ITEM()
RATIONAL_B_SPLINE_CURVE((3.3021530843095,3.42795924623426,3.49180064500309))
REPRESENTATION_ITEM('')
);
#362=(
BOUNDED_CURVE()
B_SPLINE_CURVE(2,(#16723,#16724,#16725),.UNSPECIFIED.,.F.,.F.)
B_SPLINE_CURVE_WITH_KNOTS((3,3),(6.2262660292543,7.06146460385755),
 .UNSPECIFIED.)
CURVE()
GEOMETRIC_REPRESENTATION_ITEM()
RATIONAL_B_SPLINE_CURVE((3.49180593422477,3.42796443828265,3.30215821002972))
REPRESENTATION_ITEM('')
);
#363=(
BOUNDED_CURVE()
B_SPLINE_CURVE(2,(#16729,#16730,#16731),.UNSPECIFIED.,.F.,.F.)
B_SPLINE_CURVE_WITH_KNOTS((3,3),(3.67007796843998,4.50527654304319),
 .UNSPECIFIED.)
CURVE()
GEOMETRIC_REPRESENTATION_ITEM()
RATIONAL_B_SPLINE_CURVE((3.30215821002967,3.42796443828259,3.4918059342247))
REPRESENTATION_ITEM('')
);
#364=(
BOUNDED_CURVE()
B_SPLINE_CURVE(2,(#16732,#16733,#16734),.UNSPECIFIED.,.F.,.F.)
B_SPLINE_CURVE_WITH_KNOTS((3,3),(6.22625378753221,7.0614519093584),
 .UNSPECIFIED.)
CURVE()
GEOMETRIC_REPRESENTATION_ITEM()
RATIONAL_B_SPLINE_CURVE((3.49180064500303,3.4279592462342,3.30215308430947))
REPRESENTATION_ITEM('')
);
#365=(
BOUNDED_CURVE()
B_SPLINE_CURVE(2,(#16736,#16737,#16738),.UNSPECIFIED.,.F.,.F.)
B_SPLINE_CURVE_WITH_KNOTS((3,3),(3.67007058867686,4.50526871050312),
 .UNSPECIFIED.)
CURVE()
GEOMETRIC_REPRESENTATION_ITEM()
RATIONAL_B_SPLINE_CURVE((3.30215308430945,3.4279592462342,3.49180064500303))
REPRESENTATION_ITEM('')
);
#366=(
BOUNDED_CURVE()
B_SPLINE_CURVE(2,(#16742,#16743,#16744),.UNSPECIFIED.,.F.,.F.)
B_SPLINE_CURVE_WITH_KNOTS((3,3),(6.22626602925428,7.06146460385749),
 .UNSPECIFIED.)
CURVE()
GEOMETRIC_REPRESENTATION_ITEM()
RATIONAL_B_SPLINE_CURVE((3.49180593422471,3.4279644382826,3.30215821002969))
REPRESENTATION_ITEM('')
);
#367=(
BOUNDED_CURVE()
B_SPLINE_CURVE(2,(#16748,#16749,#16750),.UNSPECIFIED.,.F.,.F.)
B_SPLINE_CURVE_WITH_KNOTS((3,3),(3.67007796844001,4.50527654304324),
 .UNSPECIFIED.)
CURVE()
GEOMETRIC_REPRESENTATION_ITEM()
RATIONAL_B_SPLINE_CURVE((3.30215821002968,3.4279644382826,3.49180593422471))
REPRESENTATION_ITEM('')
);
#368=(
BOUNDED_CURVE()
B_SPLINE_CURVE(2,(#16751,#16752,#16753),.UNSPECIFIED.,.F.,.F.)
B_SPLINE_CURVE_WITH_KNOTS((3,3),(6.22625378753225,7.06145190935846),
 .UNSPECIFIED.)
CURVE()
GEOMETRIC_REPRESENTATION_ITEM()
RATIONAL_B_SPLINE_CURVE((3.49180064500303,3.42795924623421,3.30215308430946))
REPRESENTATION_ITEM('')
);
#369=(
BOUNDED_CURVE()
B_SPLINE_CURVE(2,(#16755,#16756,#16757),.UNSPECIFIED.,.F.,.F.)
B_SPLINE_CURVE_WITH_KNOTS((3,3),(3.67007058867688,4.50526871050314),
 .UNSPECIFIED.)
CURVE()
GEOMETRIC_REPRESENTATION_ITEM()
RATIONAL_B_SPLINE_CURVE((3.30215308430946,3.42795924623421,3.49180064500304))
REPRESENTATION_ITEM('')
);
#370=(
BOUNDED_CURVE()
B_SPLINE_CURVE(2,(#16761,#16762,#16763),.UNSPECIFIED.,.F.,.F.)
B_SPLINE_CURVE_WITH_KNOTS((3,3),(6.22626602925432,7.06146460385758),
 .UNSPECIFIED.)
CURVE()
GEOMETRIC_REPRESENTATION_ITEM()
RATIONAL_B_SPLINE_CURVE((3.4918059342247,3.42796443828259,3.30215821002966))
REPRESENTATION_ITEM('')
);
#371=(
BOUNDED_CURVE()
B_SPLINE_CURVE(2,(#16767,#16768,#16769),.UNSPECIFIED.,.F.,.F.)
B_SPLINE_CURVE_WITH_KNOTS((3,3),(3.67007796843998,4.50527654304321),
 .UNSPECIFIED.)
CURVE()
GEOMETRIC_REPRESENTATION_ITEM()
RATIONAL_B_SPLINE_CURVE((3.30215821002968,3.42796443828259,3.49180593422471))
REPRESENTATION_ITEM('')
);
#372=(
BOUNDED_CURVE()
B_SPLINE_CURVE(2,(#16770,#16771,#16772),.UNSPECIFIED.,.F.,.F.)
B_SPLINE_CURVE_WITH_KNOTS((3,3),(6.22625378753223,7.06145190935845),
 .UNSPECIFIED.)
CURVE()
GEOMETRIC_REPRESENTATION_ITEM()
RATIONAL_B_SPLINE_CURVE((3.49180064500303,3.4279592462342,3.30215308430946))
REPRESENTATION_ITEM('')
);
#373=(
BOUNDED_CURVE()
B_SPLINE_CURVE(2,(#16774,#16775,#16776),.UNSPECIFIED.,.F.,.F.)
B_SPLINE_CURVE_WITH_KNOTS((3,3),(3.67007058867687,4.50526871050314),
 .UNSPECIFIED.)
CURVE()
GEOMETRIC_REPRESENTATION_ITEM()
RATIONAL_B_SPLINE_CURVE((3.30215308430946,3.42795924623421,3.49180064500303))
REPRESENTATION_ITEM('')
);
#374=(
BOUNDED_CURVE()
B_SPLINE_CURVE(2,(#16780,#16781,#16782),.UNSPECIFIED.,.F.,.F.)
B_SPLINE_CURVE_WITH_KNOTS((3,3),(6.22626602925427,7.06146460385749),
 .UNSPECIFIED.)
CURVE()
GEOMETRIC_REPRESENTATION_ITEM()
RATIONAL_B_SPLINE_CURVE((3.49180593422471,3.4279644382826,3.30215821002969))
REPRESENTATION_ITEM('')
);
#375=(
BOUNDED_CURVE()
B_SPLINE_CURVE(2,(#16786,#16787,#16788),.UNSPECIFIED.,.F.,.F.)
B_SPLINE_CURVE_WITH_KNOTS((3,3),(3.67007796843999,4.50527654304323),
 .UNSPECIFIED.)
CURVE()
GEOMETRIC_REPRESENTATION_ITEM()
RATIONAL_B_SPLINE_CURVE((3.30215821002968,3.4279644382826,3.49180593422471))
REPRESENTATION_ITEM('')
);
#376=(
BOUNDED_CURVE()
B_SPLINE_CURVE(2,(#16789,#16790,#16791),.UNSPECIFIED.,.F.,.F.)
B_SPLINE_CURVE_WITH_KNOTS((3,3),(6.22625378753218,7.06145190935843),
 .UNSPECIFIED.)
CURVE()
GEOMETRIC_REPRESENTATION_ITEM()
RATIONAL_B_SPLINE_CURVE((3.49180064500304,3.42795924623421,3.30215308430946))
REPRESENTATION_ITEM('')
);
#377=(
BOUNDED_CURVE()
B_SPLINE_CURVE(2,(#16792,#16793,#16794),.UNSPECIFIED.,.F.,.F.)
B_SPLINE_CURVE_WITH_KNOTS((3,3),(3.67007058867685,4.50526871050311),
 .UNSPECIFIED.)
CURVE()
GEOMETRIC_REPRESENTATION_ITEM()
RATIONAL_B_SPLINE_CURVE((3.30215308430945,3.4279592462342,3.49180064500303))
REPRESENTATION_ITEM('')
);
#378=(
BOUNDED_CURVE()
B_SPLINE_CURVE(2,(#16796,#16797,#16798),.UNSPECIFIED.,.F.,.F.)
B_SPLINE_CURVE_WITH_KNOTS((3,3),(6.22626602925427,7.06146460385748),
 .UNSPECIFIED.)
CURVE()
GEOMETRIC_REPRESENTATION_ITEM()
RATIONAL_B_SPLINE_CURVE((3.49180593422471,3.4279644382826,3.30215821002969))
REPRESENTATION_ITEM('')
);
#379=B_SPLINE_CURVE_WITH_KNOTS('',3,(#13619,#13620,#13621,#13622,#13623,
#13624,#13625,#13626,#13627,#13628,#13629,#13630,#13631,#13632,#13633,#13634,
#13635,#13636,#13637,#13638,#13639,#13640,#13641,#13642,#13643,#13644,#13645,
#13646,#13647,#13648,#13649,#13650,#13651,#13652),.UNSPECIFIED.,.F.,.F.,
(4,3,3,3,3,3,3,3,3,3,3,4),(2.33070356662152,2.5009809580779,2.67340658914896,
2.76568817806302,2.93784051540759,3.08785037101048,3.15510821273077,3.32639316933054,
3.44504645077584,3.54325209741365,3.71529272856191,3.8845059443692),
 .UNSPECIFIED.);
#380=B_SPLINE_CURVE_WITH_KNOTS('',3,(#13653,#13654,#13655,#13656,#13657,
#13658,#13659,#13660,#13661,#13662,#13663,#13664,#13665,#13666,#13667,#13668,
#13669,#13670,#13671,#13672,#13673,#13674,#13675,#13676,#13677,#13678,#13679,
#13680,#13681,#13682,#13683,#13684,#13685,#13686),.UNSPECIFIED.,.F.,.F.,
(4,3,3,3,3,3,3,3,3,3,3,4),(3.8845059443692,4.05478333582662,4.22720896689956,
4.3194905558108,4.49164289315513,4.64165274875804,4.70891059047759,4.88019554707723,
4.99884882852108,5.09705447516146,5.26909510630971,5.43830832211688),
 .UNSPECIFIED.);
#381=B_SPLINE_CURVE_WITH_KNOTS('',3,(#15381,#15382,#15383,#15384,#15385,
#15386,#15387,#15388,#15389,#15390,#15391,#15392,#15393,#15394,#15395,#15396,
#15397,#15398,#15399,#15400,#15401,#15402,#15403,#15404,#15405,#15406,#15407,
#15408,#15409,#15410,#15411,#15412,#15413,#15414),.UNSPECIFIED.,.F.,.F.,
(4,3,3,3,3,3,3,3,3,3,3,4),(1.9220974828269,2.06990149100303,2.18419171109564,
2.2504471273837,2.39980938576295,2.52088218918734,2.60521180248969,2.75478280304514,
2.88087060077581,2.94210703696688,3.0912482773225,3.2034958047115),
 .UNSPECIFIED.);
#382=B_SPLINE_CURVE_WITH_KNOTS('',3,(#15415,#15416,#15417,#15418,#15419,
#15420,#15421,#15422,#15423,#15424,#15425,#15426,#15427,#15428,#15429,#15430,
#15431,#15432,#15433,#15434,#15435,#15436,#15437,#15438,#15439,#15440,#15441,
#15442,#15443,#15444,#15445,#15446,#15447,#15448),.UNSPECIFIED.,.F.,.F.,
(4,3,3,3,3,3,3,3,3,3,3,4),(3.2034958047115,3.35129981288752,3.46559003297996,
3.53184544926773,3.68120770764699,3.80228051107111,3.8866101243743,4.03618112492975,
4.16226892266054,4.22350535885147,4.37264659920713,4.48489412659611),
 .UNSPECIFIED.);
#383=ORIENTED_CLOSED_SHELL('',*,#9520,.F.);
#384=ORIENTED_CLOSED_SHELL('',*,#9521,.F.);
#385=ORIENTED_CLOSED_SHELL('',*,#9522,.F.);
#386=ORIENTED_CLOSED_SHELL('',*,#9523,.F.);
#387=ORIENTED_CLOSED_SHELL('',*,#9524,.F.);
#388=ORIENTED_CLOSED_SHELL('',*,#9525,.F.);
#389=ORIENTED_CLOSED_SHELL('',*,#9526,.F.);
#390=ORIENTED_CLOSED_SHELL('',*,#9527,.F.);
#391=ORIENTED_CLOSED_SHELL('',*,#9528,.F.);
#392=ORIENTED_CLOSED_SHELL('',*,#9529,.F.);
#393=ORIENTED_CLOSED_SHELL('',*,#9530,.F.);
#394=ORIENTED_CLOSED_SHELL('',*,#9531,.F.);
#395=ORIENTED_CLOSED_SHELL('',*,#9532,.F.);
#396=ORIENTED_CLOSED_SHELL('',*,#9533,.F.);
#397=ORIENTED_CLOSED_SHELL('',*,#9534,.F.);
#398=ORIENTED_CLOSED_SHELL('',*,#9535,.F.);
#399=ORIENTED_CLOSED_SHELL('',*,#9536,.F.);
#400=ORIENTED_CLOSED_SHELL('',*,#9537,.F.);
#401=ORIENTED_CLOSED_SHELL('',*,#9538,.F.);
#402=ORIENTED_CLOSED_SHELL('',*,#9539,.F.);
#403=ORIENTED_CLOSED_SHELL('',*,#9540,.F.);
#404=ORIENTED_CLOSED_SHELL('',*,#9541,.F.);
#405=ORIENTED_CLOSED_SHELL('',*,#9542,.F.);
#406=CONICAL_SURFACE('',#9552,6.7857142857145,0.785398163397445);
#407=CONICAL_SURFACE('',#9558,6.7857142857145,0.785398163397445);
#408=CONICAL_SURFACE('',#9564,6.7857142857145,0.785398163397445);
#409=CONICAL_SURFACE('',#9569,6.5,0.785398163397447);
#410=CONICAL_SURFACE('',#9577,6.5,0.785398163397447);
#411=CONICAL_SURFACE('',#9586,6.5,0.785398163397447);
#412=CONICAL_SURFACE('',#9594,6.7857142857145,0.785398163397445);
#413=CONICAL_SURFACE('',#9600,6.7857142857145,0.785398163397445);
#414=CONICAL_SURFACE('',#9606,6.7857142857145,0.785398163397445);
#415=CONICAL_SURFACE('',#9615,6.5,0.785398163397447);
#416=CONICAL_SURFACE('',#9623,6.5,0.785398163397447);
#417=CONICAL_SURFACE('',#9632,6.5,0.785398163397447);
#418=CONICAL_SURFACE('',#9640,6.7857142857145,0.785398163397445);
#419=CONICAL_SURFACE('',#9646,6.7857142857145,0.785398163397445);
#420=CONICAL_SURFACE('',#9652,6.7857142857145,0.785398163397445);
#421=CONICAL_SURFACE('',#9657,6.5,0.785398163397447);
#422=CONICAL_SURFACE('',#9666,6.5,0.785398163397447);
#423=CONICAL_SURFACE('',#9674,6.5,0.785398163397447);
#424=CONICAL_SURFACE('',#9682,6.7857142857145,0.785398163397445);
#425=CONICAL_SURFACE('',#9688,6.7857142857145,0.785398163397445);
#426=CONICAL_SURFACE('',#9695,6.5,0.785398163397447);
#427=CONICAL_SURFACE('',#9704,6.5,0.785398163397447);
#428=CONICAL_SURFACE('',#9718,6.7857142857145,0.785398163397445);
#429=CONICAL_SURFACE('',#9719,6.5,0.785398163397447);
#430=CONICAL_SURFACE('',#9763,10.3923048454133,1.0471975511966);
#431=CONICAL_SURFACE('',#9772,10.3923048454133,1.0471975511966);
#432=CONICAL_SURFACE('',#9781,10.3923048454133,1.0471975511966);
#433=CONICAL_SURFACE('',#9792,4.4845,1.0471975511966);
#434=CONICAL_SURFACE('',#9799,6.,0.78539816339745);
#435=CONICAL_SURFACE('',#9801,9.,1.30899693899575);
#436=CONICAL_SURFACE('',#9803,9.,1.30899693899575);
#437=CONICAL_SURFACE('',#9805,9.,1.30899693899575);
#438=CONICAL_SURFACE('',#9807,9.,1.30899693899575);
#439=CONICAL_SURFACE('',#9809,9.,1.30899693899575);
#440=CONICAL_SURFACE('',#9811,9.,1.30899693899575);
#441=CONICAL_SURFACE('',#9813,9.,1.30899693899575);
#442=CONICAL_SURFACE('',#9815,9.,1.30899693899575);
#443=CONICAL_SURFACE('',#9817,9.,1.30899693899575);
#444=CONICAL_SURFACE('',#9819,9.,1.30899693899575);
#445=CONICAL_SURFACE('',#9821,9.,1.30899693899575);
#446=CONICAL_SURFACE('',#9823,9.,1.30899693899575);
#447=CONICAL_SURFACE('',#9833,9.,1.30899693899575);
#448=CONICAL_SURFACE('',#9836,9.,1.30899693899575);
#449=CONICAL_SURFACE('',#9839,9.,1.30899693899575);
#450=CONICAL_SURFACE('',#9842,9.,1.30899693899575);
#451=CONICAL_SURFACE('',#9845,9.,1.30899693899575);
#452=CONICAL_SURFACE('',#9848,9.,1.30899693899575);
#453=CONICAL_SURFACE('',#9850,9.,1.30899693899575);
#454=CONICAL_SURFACE('',#9852,9.,1.30899693899575);
#455=CONICAL_SURFACE('',#9860,9.,1.30899693899575);
#456=CONICAL_SURFACE('',#9861,9.,1.30899693899575);
#457=CONICAL_SURFACE('',#9862,9.,1.30899693899575);
#458=CONICAL_SURFACE('',#9863,9.,1.30899693899575);
#459=CONICAL_SURFACE('',#9864,6.,0.78539816339745);
#460=CONICAL_SURFACE('',#9869,4.4845,1.0471975511966);
#461=CONICAL_SURFACE('',#9877,9.,1.30899693899575);
#462=CONICAL_SURFACE('',#9880,9.,1.30899693899575);
#463=CONICAL_SURFACE('',#9883,9.,1.30899693899575);
#464=CONICAL_SURFACE('',#9886,9.,1.30899693899575);
#465=CONICAL_SURFACE('',#9889,9.,1.30899693899575);
#466=CONICAL_SURFACE('',#9892,9.,1.30899693899575);
#467=CONICAL_SURFACE('',#9894,9.,1.30899693899575);
#468=CONICAL_SURFACE('',#9896,9.,1.30899693899575);
#469=CONICAL_SURFACE('',#9904,9.,1.30899693899575);
#470=CONICAL_SURFACE('',#9905,9.,1.30899693899575);
#471=CONICAL_SURFACE('',#9906,9.,1.30899693899575);
#472=CONICAL_SURFACE('',#9907,9.,1.30899693899575);
#473=CONICAL_SURFACE('',#9908,6.,0.78539816339745);
#474=CONICAL_SURFACE('',#9913,4.4845,1.0471975511966);
#475=CONICAL_SURFACE('',#9997,10.3923048454133,1.0471975511966);
#476=CONICAL_SURFACE('',#10006,10.3923048454133,1.0471975511966);
#477=CONICAL_SURFACE('',#10015,10.3923048454133,1.0471975511966);
#478=CONICAL_SURFACE('',#10022,4.4845,1.0471975511966);
#479=CONICAL_SURFACE('',#10029,6.,0.78539816339745);
#480=CONICAL_SURFACE('',#10031,9.,1.30899693899575);
#481=CONICAL_SURFACE('',#10033,9.,1.30899693899575);
#482=CONICAL_SURFACE('',#10035,9.,1.30899693899575);
#483=CONICAL_SURFACE('',#10037,9.,1.30899693899575);
#484=CONICAL_SURFACE('',#10039,9.,1.30899693899575);
#485=CONICAL_SURFACE('',#10041,9.,1.30899693899575);
#486=CONICAL_SURFACE('',#10043,9.,1.30899693899575);
#487=CONICAL_SURFACE('',#10045,9.,1.30899693899575);
#488=CONICAL_SURFACE('',#10047,9.,1.30899693899575);
#489=CONICAL_SURFACE('',#10049,9.,1.30899693899575);
#490=CONICAL_SURFACE('',#10051,9.,1.30899693899575);
#491=CONICAL_SURFACE('',#10053,9.,1.30899693899575);
#492=CONICAL_SURFACE('',#10063,9.,1.30899693899575);
#493=CONICAL_SURFACE('',#10066,9.,1.30899693899575);
#494=CONICAL_SURFACE('',#10069,9.,1.30899693899575);
#495=CONICAL_SURFACE('',#10072,9.,1.30899693899575);
#496=CONICAL_SURFACE('',#10075,9.,1.30899693899575);
#497=CONICAL_SURFACE('',#10078,9.,1.30899693899575);
#498=CONICAL_SURFACE('',#10080,9.,1.30899693899575);
#499=CONICAL_SURFACE('',#10082,9.,1.30899693899575);
#500=CONICAL_SURFACE('',#10090,9.,1.30899693899575);
#501=CONICAL_SURFACE('',#10091,9.,1.30899693899575);
#502=CONICAL_SURFACE('',#10092,9.,1.30899693899575);
#503=CONICAL_SURFACE('',#10093,9.,1.30899693899575);
#504=CONICAL_SURFACE('',#10094,6.,0.78539816339745);
#505=CONICAL_SURFACE('',#10099,4.4845,1.0471975511966);
#506=CONICAL_SURFACE('',#10107,9.,1.30899693899575);
#507=CONICAL_SURFACE('',#10110,9.,1.30899693899575);
#508=CONICAL_SURFACE('',#10113,9.,1.30899693899575);
#509=CONICAL_SURFACE('',#10116,9.,1.30899693899575);
#510=CONICAL_SURFACE('',#10119,9.,1.30899693899575);
#511=CONICAL_SURFACE('',#10122,9.,1.30899693899575);
#512=CONICAL_SURFACE('',#10124,9.,1.30899693899575);
#513=CONICAL_SURFACE('',#10126,9.,1.30899693899575);
#514=CONICAL_SURFACE('',#10134,9.,1.30899693899575);
#515=CONICAL_SURFACE('',#10135,9.,1.30899693899575);
#516=CONICAL_SURFACE('',#10136,9.,1.30899693899575);
#517=CONICAL_SURFACE('',#10137,9.,1.30899693899575);
#518=CONICAL_SURFACE('',#10138,6.,0.78539816339745);
#519=CONICAL_SURFACE('',#10143,4.4845,1.0471975511966);
#520=CONICAL_SURFACE('',#10193,10.3923048454133,1.0471975511966);
#521=CONICAL_SURFACE('',#10202,10.3923048454133,1.0471975511966);
#522=CONICAL_SURFACE('',#10211,10.3923048454133,1.0471975511966);
#523=CONICAL_SURFACE('',#10295,4.4845,1.0471975511966);
#524=CONICAL_SURFACE('',#10300,6.,0.78539816339745);
#525=CONICAL_SURFACE('',#10302,9.,1.30899693899575);
#526=CONICAL_SURFACE('',#10304,9.,1.30899693899575);
#527=CONICAL_SURFACE('',#10306,9.,1.30899693899575);
#528=CONICAL_SURFACE('',#10308,9.,1.30899693899575);
#529=CONICAL_SURFACE('',#10313,9.,1.30899693899575);
#530=CONICAL_SURFACE('',#10314,9.,1.30899693899575);
#531=CONICAL_SURFACE('',#10315,9.,1.30899693899575);
#532=CONICAL_SURFACE('',#10317,9.,1.30899693899575);
#533=CONICAL_SURFACE('',#10319,9.,1.30899693899575);
#534=CONICAL_SURFACE('',#10321,9.,1.30899693899575);
#535=CONICAL_SURFACE('',#10323,9.,1.30899693899575);
#536=CONICAL_SURFACE('',#10325,9.,1.30899693899575);
#537=CONICAL_SURFACE('',#10333,4.4845,1.0471975511966);
#538=CONICAL_SURFACE('',#10338,6.,0.78539816339745);
#539=CONICAL_SURFACE('',#10340,9.,1.30899693899575);
#540=CONICAL_SURFACE('',#10342,9.,1.30899693899575);
#541=CONICAL_SURFACE('',#10344,9.,1.30899693899575);
#542=CONICAL_SURFACE('',#10346,9.,1.30899693899575);
#543=CONICAL_SURFACE('',#10351,9.,1.30899693899575);
#544=CONICAL_SURFACE('',#10352,9.,1.30899693899575);
#545=CONICAL_SURFACE('',#10353,9.,1.30899693899575);
#546=CONICAL_SURFACE('',#10355,9.,1.30899693899575);
#547=CONICAL_SURFACE('',#10357,9.,1.30899693899575);
#548=CONICAL_SURFACE('',#10359,9.,1.30899693899575);
#549=CONICAL_SURFACE('',#10361,9.,1.30899693899575);
#550=CONICAL_SURFACE('',#10363,9.,1.30899693899575);
#551=CONICAL_SURFACE('',#10379,9.,1.30899693899575);
#552=CONICAL_SURFACE('',#10380,9.,1.30899693899575);
#553=CONICAL_SURFACE('',#10381,9.,1.30899693899575);
#554=CONICAL_SURFACE('',#10382,9.,1.30899693899575);
#555=CONICAL_SURFACE('',#10383,9.,1.30899693899575);
#556=CONICAL_SURFACE('',#10384,9.,1.30899693899575);
#557=CONICAL_SURFACE('',#10385,9.,1.30899693899575);
#558=CONICAL_SURFACE('',#10386,9.,1.30899693899575);
#559=CONICAL_SURFACE('',#10387,9.,1.30899693899575);
#560=CONICAL_SURFACE('',#10388,9.,1.30899693899575);
#561=CONICAL_SURFACE('',#10389,9.,1.30899693899575);
#562=CONICAL_SURFACE('',#10390,9.,1.30899693899575);
#563=CONICAL_SURFACE('',#10391,6.,0.78539816339745);
#564=CONICAL_SURFACE('',#10400,4.4845,1.0471975511966);
#565=CONICAL_SURFACE('',#10409,10.3923048454133,1.0471975511966);
#566=CONICAL_SURFACE('',#10418,10.3923048454133,1.0471975511966);
#567=CONICAL_SURFACE('',#10427,10.3923048454133,1.0471975511966);
#568=CONICAL_SURFACE('',#10452,4.4845,1.0471975511966);
#569=CONICAL_SURFACE('',#10457,6.,0.78539816339745);
#570=CONICAL_SURFACE('',#10459,9.,1.30899693899575);
#571=CONICAL_SURFACE('',#10461,9.,1.30899693899575);
#572=CONICAL_SURFACE('',#10463,9.,1.30899693899575);
#573=CONICAL_SURFACE('',#10465,9.,1.30899693899575);
#574=CONICAL_SURFACE('',#10470,9.,1.30899693899575);
#575=CONICAL_SURFACE('',#10471,9.,1.30899693899575);
#576=CONICAL_SURFACE('',#10472,9.,1.30899693899575);
#577=CONICAL_SURFACE('',#10474,9.,1.30899693899575);
#578=CONICAL_SURFACE('',#10476,9.,1.30899693899575);
#579=CONICAL_SURFACE('',#10478,9.,1.30899693899575);
#580=CONICAL_SURFACE('',#10480,9.,1.30899693899575);
#581=CONICAL_SURFACE('',#10482,9.,1.30899693899575);
#582=CONICAL_SURFACE('',#10490,4.4845,1.0471975511966);
#583=CONICAL_SURFACE('',#10495,6.,0.78539816339745);
#584=CONICAL_SURFACE('',#10497,9.,1.30899693899575);
#585=CONICAL_SURFACE('',#10499,9.,1.30899693899575);
#586=CONICAL_SURFACE('',#10501,9.,1.30899693899575);
#587=CONICAL_SURFACE('',#10503,9.,1.30899693899575);
#588=CONICAL_SURFACE('',#10508,9.,1.30899693899575);
#589=CONICAL_SURFACE('',#10509,9.,1.30899693899575);
#590=CONICAL_SURFACE('',#10510,9.,1.30899693899575);
#591=CONICAL_SURFACE('',#10512,9.,1.30899693899575);
#592=CONICAL_SURFACE('',#10514,9.,1.30899693899575);
#593=CONICAL_SURFACE('',#10516,9.,1.30899693899575);
#594=CONICAL_SURFACE('',#10518,9.,1.30899693899575);
#595=CONICAL_SURFACE('',#10520,9.,1.30899693899575);
#596=CONICAL_SURFACE('',#10536,9.,1.30899693899575);
#597=CONICAL_SURFACE('',#10537,9.,1.30899693899575);
#598=CONICAL_SURFACE('',#10538,9.,1.30899693899575);
#599=CONICAL_SURFACE('',#10539,9.,1.30899693899575);
#600=CONICAL_SURFACE('',#10540,9.,1.30899693899575);
#601=CONICAL_SURFACE('',#10541,9.,1.30899693899575);
#602=CONICAL_SURFACE('',#10542,9.,1.30899693899575);
#603=CONICAL_SURFACE('',#10543,9.,1.30899693899575);
#604=CONICAL_SURFACE('',#10544,9.,1.30899693899575);
#605=CONICAL_SURFACE('',#10545,9.,1.30899693899575);
#606=CONICAL_SURFACE('',#10546,9.,1.30899693899575);
#607=CONICAL_SURFACE('',#10547,9.,1.30899693899575);
#608=CONICAL_SURFACE('',#10548,6.,0.78539816339745);
#609=CONICAL_SURFACE('',#10557,4.4845,1.0471975511966);
#610=LINE('',#13161,#1169);
#611=LINE('',#13164,#1170);
#612=LINE('',#13172,#1171);
#613=LINE('',#13175,#1172);
#614=LINE('',#13183,#1173);
#615=LINE('',#13186,#1174);
#616=LINE('',#13191,#1175);
#617=LINE('',#13197,#1176);
#618=LINE('',#13201,#1177);
#619=LINE('',#13208,#1178);
#620=LINE('',#13212,#1179);
#621=LINE('',#13216,#1180);
#622=LINE('',#13223,#1181);
#623=LINE('',#13229,#1182);
#624=LINE('',#13233,#1183);
#625=LINE('',#13240,#1184);
#626=LINE('',#13244,#1185);
#627=LINE('',#13251,#1186);
#628=LINE('',#13255,#1187);
#629=LINE('',#13262,#1188);
#630=LINE('',#13266,#1189);
#631=LINE('',#13278,#1190);
#632=LINE('',#13282,#1191);
#633=LINE('',#13285,#1192);
#634=LINE('',#13294,#1193);
#635=LINE('',#13297,#1194);
#636=LINE('',#13300,#1195);
#637=LINE('',#13310,#1196);
#638=LINE('',#13314,#1197);
#639=LINE('',#13317,#1198);
#640=LINE('',#13325,#1199);
#641=LINE('',#13328,#1200);
#642=LINE('',#13336,#1201);
#643=LINE('',#13339,#1202);
#644=LINE('',#13347,#1203);
#645=LINE('',#13350,#1204);
#646=LINE('',#13355,#1205);
#647=LINE('',#13361,#1206);
#648=LINE('',#13365,#1207);
#649=LINE('',#13372,#1208);
#650=LINE('',#13378,#1209);
#651=LINE('',#13382,#1210);
#652=LINE('',#13389,#1211);
#653=LINE('',#13393,#1212);
#654=LINE('',#13397,#1213);
#655=LINE('',#13404,#1214);
#656=LINE('',#13408,#1215);
#657=LINE('',#13415,#1216);
#658=LINE('',#13419,#1217);
#659=LINE('',#13427,#1218);
#660=LINE('',#13432,#1219);
#661=LINE('',#13436,#1220);
#662=LINE('',#13444,#1221);
#663=LINE('',#13449,#1222);
#664=LINE('',#13453,#1223);
#665=LINE('',#13463,#1224);
#666=LINE('',#13471,#1225);
#667=LINE('',#13474,#1226);
#668=LINE('',#13476,#1227);
#669=LINE('',#13484,#1228);
#670=LINE('',#13486,#1229);
#671=LINE('',#13487,#1230);
#672=LINE('',#13505,#1231);
#673=LINE('',#13507,#1232);
#674=LINE('',#13509,#1233);
#675=LINE('',#13511,#1234);
#676=LINE('',#13513,#1235);
#677=LINE('',#13514,#1236);
#678=LINE('',#13517,#1237);
#679=LINE('',#13521,#1238);
#680=LINE('',#13525,#1239);
#681=LINE('',#13529,#1240);
#682=LINE('',#13533,#1241);
#683=LINE('',#13537,#1242);
#684=LINE('',#13541,#1243);
#685=LINE('',#13545,#1244);
#686=LINE('',#13549,#1245);
#687=LINE('',#13553,#1246);
#688=LINE('',#13557,#1247);
#689=LINE('',#13561,#1248);
#690=LINE('',#13565,#1249);
#691=LINE('',#13569,#1250);
#692=LINE('',#13573,#1251);
#693=LINE('',#13577,#1252);
#694=LINE('',#13581,#1253);
#695=LINE('',#13585,#1254);
#696=LINE('',#13589,#1255);
#697=LINE('',#13591,#1256);
#698=LINE('',#13593,#1257);
#699=LINE('',#13595,#1258);
#700=LINE('',#13597,#1259);
#701=LINE('',#13598,#1260);
#702=LINE('',#13601,#1261);
#703=LINE('',#13603,#1262);
#704=LINE('',#13605,#1263);
#705=LINE('',#13607,#1264);
#706=LINE('',#13609,#1265);
#707=LINE('',#13610,#1266);
#708=LINE('',#13615,#1267);
#709=LINE('',#13692,#1268);
#710=LINE('',#13694,#1269);
#711=LINE('',#13695,#1270);
#712=LINE('',#13697,#1271);
#713=LINE('',#13698,#1272);
#714=LINE('',#13700,#1273);
#715=LINE('',#13702,#1274);
#716=LINE('',#13706,#1275);
#717=LINE('',#13709,#1276);
#718=LINE('',#13723,#1277);
#719=LINE('',#13740,#1278);
#720=LINE('',#13741,#1279);
#721=LINE('',#13743,#1280);
#722=LINE('',#13745,#1281);
#723=LINE('',#13747,#1282);
#724=LINE('',#13749,#1283);
#725=LINE('',#13764,#1284);
#726=LINE('',#13781,#1285);
#727=LINE('',#13782,#1286);
#728=LINE('',#13784,#1287);
#729=LINE('',#13786,#1288);
#730=LINE('',#13788,#1289);
#731=LINE('',#13790,#1290);
#732=LINE('',#13805,#1291);
#733=LINE('',#13822,#1292);
#734=LINE('',#13823,#1293);
#735=LINE('',#13825,#1294);
#736=LINE('',#13827,#1295);
#737=LINE('',#13829,#1296);
#738=LINE('',#13831,#1297);
#739=LINE('',#13838,#1298);
#740=LINE('',#13843,#1299);
#741=LINE('',#13850,#1300);
#742=LINE('',#13855,#1301);
#743=LINE('',#13990,#1302);
#744=LINE('',#13991,#1303);
#745=LINE('',#13992,#1304);
#746=LINE('',#13993,#1305);
#747=LINE('',#13994,#1306);
#748=LINE('',#13995,#1307);
#749=LINE('',#13997,#1308);
#750=LINE('',#13998,#1309);
#751=LINE('',#13999,#1310);
#752=LINE('',#14001,#1311);
#753=LINE('',#14002,#1312);
#754=LINE('',#14004,#1313);
#755=LINE('',#14005,#1314);
#756=LINE('',#14007,#1315);
#757=LINE('',#14008,#1316);
#758=LINE('',#14010,#1317);
#759=LINE('',#14011,#1318);
#760=LINE('',#14013,#1319);
#761=LINE('',#14021,#1320);
#762=LINE('',#14027,#1321);
#763=LINE('',#14033,#1322);
#764=LINE('',#14038,#1323);
#765=LINE('',#14052,#1324);
#766=LINE('',#14057,#1325);
#767=LINE('',#14062,#1326);
#768=LINE('',#14076,#1327);
#769=LINE('',#14081,#1328);
#770=LINE('',#14086,#1329);
#771=LINE('',#14100,#1330);
#772=LINE('',#14105,#1331);
#773=LINE('',#14110,#1332);
#774=LINE('',#14124,#1333);
#775=LINE('',#14129,#1334);
#776=LINE('',#14134,#1335);
#777=LINE('',#14150,#1336);
#778=LINE('',#14155,#1337);
#779=LINE('',#14177,#1338);
#780=LINE('',#14181,#1339);
#781=LINE('',#14185,#1340);
#782=LINE('',#14192,#1341);
#783=LINE('',#14202,#1342);
#784=LINE('',#14208,#1343);
#785=LINE('',#14214,#1344);
#786=LINE('',#14219,#1345);
#787=LINE('',#14233,#1346);
#788=LINE('',#14238,#1347);
#789=LINE('',#14243,#1348);
#790=LINE('',#14257,#1349);
#791=LINE('',#14262,#1350);
#792=LINE('',#14267,#1351);
#793=LINE('',#14281,#1352);
#794=LINE('',#14286,#1353);
#795=LINE('',#14291,#1354);
#796=LINE('',#14305,#1355);
#797=LINE('',#14310,#1356);
#798=LINE('',#14315,#1357);
#799=LINE('',#14331,#1358);
#800=LINE('',#14336,#1359);
#801=LINE('',#14358,#1360);
#802=LINE('',#14362,#1361);
#803=LINE('',#14366,#1362);
#804=LINE('',#14373,#1363);
#805=LINE('',#14455,#1364);
#806=LINE('',#14456,#1365);
#807=LINE('',#14458,#1366);
#808=LINE('',#14460,#1367);
#809=LINE('',#14462,#1368);
#810=LINE('',#14464,#1369);
#811=LINE('',#14466,#1370);
#812=LINE('',#14468,#1371);
#813=LINE('',#14470,#1372);
#814=LINE('',#14472,#1373);
#815=LINE('',#14474,#1374);
#816=LINE('',#14476,#1375);
#817=LINE('',#14479,#1376);
#818=LINE('',#14483,#1377);
#819=LINE('',#14485,#1378);
#820=LINE('',#14489,#1379);
#821=LINE('',#14491,#1380);
#822=LINE('',#14495,#1381);
#823=LINE('',#14497,#1382);
#824=LINE('',#14501,#1383);
#825=LINE('',#14503,#1384);
#826=LINE('',#14507,#1385);
#827=LINE('',#14509,#1386);
#828=LINE('',#14513,#1387);
#829=LINE('',#14515,#1388);
#830=LINE('',#14519,#1389);
#831=LINE('',#14525,#1390);
#832=LINE('',#14526,#1391);
#833=LINE('',#14533,#1392);
#834=LINE('',#14534,#1393);
#835=LINE('',#14541,#1394);
#836=LINE('',#14542,#1395);
#837=LINE('',#14549,#1396);
#838=LINE('',#14550,#1397);
#839=LINE('',#14557,#1398);
#840=LINE('',#14558,#1399);
#841=LINE('',#14563,#1400);
#842=LINE('',#14566,#1401);
#843=LINE('',#14572,#1402);
#844=LINE('',#14578,#1403);
#845=LINE('',#14579,#1404);
#846=LINE('',#14586,#1405);
#847=LINE('',#14587,#1406);
#848=LINE('',#14594,#1407);
#849=LINE('',#14595,#1408);
#850=LINE('',#14602,#1409);
#851=LINE('',#14603,#1410);
#852=LINE('',#14610,#1411);
#853=LINE('',#14611,#1412);
#854=LINE('',#14616,#1413);
#855=LINE('',#14619,#1414);
#856=LINE('',#14625,#1415);
#857=LINE('',#14631,#1416);
#858=LINE('',#14632,#1417);
#859=LINE('',#14639,#1418);
#860=LINE('',#14640,#1419);
#861=LINE('',#14647,#1420);
#862=LINE('',#14648,#1421);
#863=LINE('',#14655,#1422);
#864=LINE('',#14656,#1423);
#865=LINE('',#14663,#1424);
#866=LINE('',#14664,#1425);
#867=LINE('',#14669,#1426);
#868=LINE('',#14672,#1427);
#869=LINE('',#14680,#1428);
#870=LINE('',#14685,#1429);
#871=LINE('',#14692,#1430);
#872=LINE('',#14697,#1431);
#873=LINE('',#14832,#1432);
#874=LINE('',#14833,#1433);
#875=LINE('',#14834,#1434);
#876=LINE('',#14835,#1435);
#877=LINE('',#14836,#1436);
#878=LINE('',#14837,#1437);
#879=LINE('',#14839,#1438);
#880=LINE('',#14840,#1439);
#881=LINE('',#14841,#1440);
#882=LINE('',#14843,#1441);
#883=LINE('',#14844,#1442);
#884=LINE('',#14846,#1443);
#885=LINE('',#14847,#1444);
#886=LINE('',#14849,#1445);
#887=LINE('',#14850,#1446);
#888=LINE('',#14852,#1447);
#889=LINE('',#14853,#1448);
#890=LINE('',#14855,#1449);
#891=LINE('',#14863,#1450);
#892=LINE('',#14869,#1451);
#893=LINE('',#14875,#1452);
#894=LINE('',#14880,#1453);
#895=LINE('',#14894,#1454);
#896=LINE('',#14899,#1455);
#897=LINE('',#14904,#1456);
#898=LINE('',#14918,#1457);
#899=LINE('',#14923,#1458);
#900=LINE('',#14928,#1459);
#901=LINE('',#14942,#1460);
#902=LINE('',#14947,#1461);
#903=LINE('',#14952,#1462);
#904=LINE('',#14966,#1463);
#905=LINE('',#14971,#1464);
#906=LINE('',#14976,#1465);
#907=LINE('',#14992,#1466);
#908=LINE('',#14997,#1467);
#909=LINE('',#15019,#1468);
#910=LINE('',#15023,#1469);
#911=LINE('',#15027,#1470);
#912=LINE('',#15034,#1471);
#913=LINE('',#15044,#1472);
#914=LINE('',#15050,#1473);
#915=LINE('',#15056,#1474);
#916=LINE('',#15061,#1475);
#917=LINE('',#15075,#1476);
#918=LINE('',#15080,#1477);
#919=LINE('',#15085,#1478);
#920=LINE('',#15099,#1479);
#921=LINE('',#15104,#1480);
#922=LINE('',#15109,#1481);
#923=LINE('',#15123,#1482);
#924=LINE('',#15128,#1483);
#925=LINE('',#15133,#1484);
#926=LINE('',#15147,#1485);
#927=LINE('',#15152,#1486);
#928=LINE('',#15157,#1487);
#929=LINE('',#15173,#1488);
#930=LINE('',#15178,#1489);
#931=LINE('',#15200,#1490);
#932=LINE('',#15204,#1491);
#933=LINE('',#15208,#1492);
#934=LINE('',#15215,#1493);
#935=LINE('',#15225,#1494);
#936=LINE('',#15227,#1495);
#937=LINE('',#15228,#1496);
#938=LINE('',#15248,#1497);
#939=LINE('',#15252,#1498);
#940=LINE('',#15256,#1499);
#941=LINE('',#15260,#1500);
#942=LINE('',#15264,#1501);
#943=LINE('',#15268,#1502);
#944=LINE('',#15272,#1503);
#945=LINE('',#15276,#1504);
#946=LINE('',#15280,#1505);
#947=LINE('',#15284,#1506);
#948=LINE('',#15288,#1507);
#949=LINE('',#15292,#1508);
#950=LINE('',#15296,#1509);
#951=LINE('',#15300,#1510);
#952=LINE('',#15304,#1511);
#953=LINE('',#15308,#1512);
#954=LINE('',#15312,#1513);
#955=LINE('',#15316,#1514);
#956=LINE('',#15320,#1515);
#957=LINE('',#15322,#1516);
#958=LINE('',#15324,#1517);
#959=LINE('',#15326,#1518);
#960=LINE('',#15328,#1519);
#961=LINE('',#15329,#1520);
#962=LINE('',#15332,#1521);
#963=LINE('',#15334,#1522);
#964=LINE('',#15336,#1523);
#965=LINE('',#15338,#1524);
#966=LINE('',#15340,#1525);
#967=LINE('',#15341,#1526);
#968=LINE('',#15344,#1527);
#969=LINE('',#15346,#1528);
#970=LINE('',#15348,#1529);
#971=LINE('',#15350,#1530);
#972=LINE('',#15352,#1531);
#973=LINE('',#15353,#1532);
#974=LINE('',#15355,#1533);
#975=LINE('',#15363,#1534);
#976=LINE('',#15365,#1535);
#977=LINE('',#15366,#1536);
#978=LINE('',#15368,#1537);
#979=LINE('',#15369,#1538);
#980=LINE('',#15371,#1539);
#981=LINE('',#15373,#1540);
#982=LINE('',#15378,#1541);
#983=LINE('',#15450,#1542);
#984=LINE('',#15464,#1543);
#985=LINE('',#15481,#1544);
#986=LINE('',#15482,#1545);
#987=LINE('',#15484,#1546);
#988=LINE('',#15486,#1547);
#989=LINE('',#15488,#1548);
#990=LINE('',#15490,#1549);
#991=LINE('',#15505,#1550);
#992=LINE('',#15522,#1551);
#993=LINE('',#15523,#1552);
#994=LINE('',#15525,#1553);
#995=LINE('',#15527,#1554);
#996=LINE('',#15529,#1555);
#997=LINE('',#15531,#1556);
#998=LINE('',#15546,#1557);
#999=LINE('',#15563,#1558);
#1000=LINE('',#15564,#1559);
#1001=LINE('',#15566,#1560);
#1002=LINE('',#15568,#1561);
#1003=LINE('',#15570,#1562);
#1004=LINE('',#15572,#1563);
#1005=LINE('',#15578,#1564);
#1006=LINE('',#15582,#1565);
#1007=LINE('',#15588,#1566);
#1008=LINE('',#15592,#1567);
#1009=LINE('',#15598,#1568);
#1010=LINE('',#15602,#1569);
#1011=LINE('',#15608,#1570);
#1012=LINE('',#15612,#1571);
#1013=LINE('',#15618,#1572);
#1014=LINE('',#15622,#1573);
#1015=LINE('',#15628,#1574);
#1016=LINE('',#15632,#1575);
#1017=LINE('',#15638,#1576);
#1018=LINE('',#15645,#1577);
#1019=LINE('',#15648,#1578);
#1020=LINE('',#15654,#1579);
#1021=LINE('',#15660,#1580);
#1022=LINE('',#15666,#1581);
#1023=LINE('',#15672,#1582);
#1024=LINE('',#15678,#1583);
#1025=LINE('',#15684,#1584);
#1026=LINE('',#15690,#1585);
#1027=LINE('',#15696,#1586);
#1028=LINE('',#15702,#1587);
#1029=LINE('',#15708,#1588);
#1030=LINE('',#15720,#1589);
#1031=LINE('',#15727,#1590);
#1032=LINE('',#15732,#1591);
#1033=LINE('',#15736,#1592);
#1034=LINE('',#15784,#1593);
#1035=LINE('',#15788,#1594);
#1036=LINE('',#15791,#1595);
#1037=LINE('',#15792,#1596);
#1038=LINE('',#15793,#1597);
#1039=LINE('',#15794,#1598);
#1040=LINE('',#15820,#1599);
#1041=LINE('',#15825,#1600);
#1042=LINE('',#15835,#1601);
#1043=LINE('',#15845,#1602);
#1044=LINE('',#15855,#1603);
#1045=LINE('',#15865,#1604);
#1046=LINE('',#15877,#1605);
#1047=LINE('',#15884,#1606);
#1048=LINE('',#15889,#1607);
#1049=LINE('',#15893,#1608);
#1050=LINE('',#15941,#1609);
#1051=LINE('',#15945,#1610);
#1052=LINE('',#15948,#1611);
#1053=LINE('',#15949,#1612);
#1054=LINE('',#15950,#1613);
#1055=LINE('',#15951,#1614);
#1056=LINE('',#15977,#1615);
#1057=LINE('',#15982,#1616);
#1058=LINE('',#15992,#1617);
#1059=LINE('',#16002,#1618);
#1060=LINE('',#16012,#1619);
#1061=LINE('',#16022,#1620);
#1062=LINE('',#16035,#1621);
#1063=LINE('',#16044,#1622);
#1064=LINE('',#16049,#1623);
#1065=LINE('',#16063,#1624);
#1066=LINE('',#16068,#1625);
#1067=LINE('',#16082,#1626);
#1068=LINE('',#16087,#1627);
#1069=LINE('',#16101,#1628);
#1070=LINE('',#16106,#1629);
#1071=LINE('',#16120,#1630);
#1072=LINE('',#16125,#1631);
#1073=LINE('',#16141,#1632);
#1074=LINE('',#16167,#1633);
#1075=LINE('',#16175,#1634);
#1076=LINE('',#16182,#1635);
#1077=LINE('',#16184,#1636);
#1078=LINE('',#16188,#1637);
#1079=LINE('',#16194,#1638);
#1080=LINE('',#16195,#1639);
#1081=LINE('',#16202,#1640);
#1082=LINE('',#16203,#1641);
#1083=LINE('',#16210,#1642);
#1084=LINE('',#16211,#1643);
#1085=LINE('',#16218,#1644);
#1086=LINE('',#16219,#1645);
#1087=LINE('',#16226,#1646);
#1088=LINE('',#16227,#1647);
#1089=LINE('',#16232,#1648);
#1090=LINE('',#16235,#1649);
#1091=LINE('',#16241,#1650);
#1092=LINE('',#16247,#1651);
#1093=LINE('',#16248,#1652);
#1094=LINE('',#16255,#1653);
#1095=LINE('',#16256,#1654);
#1096=LINE('',#16263,#1655);
#1097=LINE('',#16264,#1656);
#1098=LINE('',#16271,#1657);
#1099=LINE('',#16272,#1658);
#1100=LINE('',#16279,#1659);
#1101=LINE('',#16280,#1660);
#1102=LINE('',#16285,#1661);
#1103=LINE('',#16288,#1662);
#1104=LINE('',#16294,#1663);
#1105=LINE('',#16300,#1664);
#1106=LINE('',#16301,#1665);
#1107=LINE('',#16308,#1666);
#1108=LINE('',#16309,#1667);
#1109=LINE('',#16316,#1668);
#1110=LINE('',#16317,#1669);
#1111=LINE('',#16324,#1670);
#1112=LINE('',#16325,#1671);
#1113=LINE('',#16332,#1672);
#1114=LINE('',#16333,#1673);
#1115=LINE('',#16338,#1674);
#1116=LINE('',#16341,#1675);
#1117=LINE('',#16348,#1676);
#1118=LINE('',#16354,#1677);
#1119=LINE('',#16360,#1678);
#1120=LINE('',#16366,#1679);
#1121=LINE('',#16378,#1680);
#1122=LINE('',#16385,#1681);
#1123=LINE('',#16390,#1682);
#1124=LINE('',#16394,#1683);
#1125=LINE('',#16442,#1684);
#1126=LINE('',#16446,#1685);
#1127=LINE('',#16449,#1686);
#1128=LINE('',#16450,#1687);
#1129=LINE('',#16451,#1688);
#1130=LINE('',#16452,#1689);
#1131=LINE('',#16478,#1690);
#1132=LINE('',#16483,#1691);
#1133=LINE('',#16493,#1692);
#1134=LINE('',#16503,#1693);
#1135=LINE('',#16513,#1694);
#1136=LINE('',#16523,#1695);
#1137=LINE('',#16535,#1696);
#1138=LINE('',#16542,#1697);
#1139=LINE('',#16547,#1698);
#1140=LINE('',#16551,#1699);
#1141=LINE('',#16599,#1700);
#1142=LINE('',#16603,#1701);
#1143=LINE('',#16606,#1702);
#1144=LINE('',#16607,#1703);
#1145=LINE('',#16608,#1704);
#1146=LINE('',#16609,#1705);
#1147=LINE('',#16635,#1706);
#1148=LINE('',#16640,#1707);
#1149=LINE('',#16650,#1708);
#1150=LINE('',#16660,#1709);
#1151=LINE('',#16670,#1710);
#1152=LINE('',#16680,#1711);
#1153=LINE('',#16693,#1712);
#1154=LINE('',#16702,#1713);
#1155=LINE('',#16707,#1714);
#1156=LINE('',#16721,#1715);
#1157=LINE('',#16726,#1716);
#1158=LINE('',#16740,#1717);
#1159=LINE('',#16745,#1718);
#1160=LINE('',#16759,#1719);
#1161=LINE('',#16764,#1720);
#1162=LINE('',#16778,#1721);
#1163=LINE('',#16783,#1722);
#1164=LINE('',#16799,#1723);
#1165=LINE('',#16825,#1724);
#1166=LINE('',#16833,#1725);
#1167=LINE('',#16840,#1726);
#1168=LINE('',#16842,#1727);
#1169=VECTOR('',#10573,6.);
#1170=VECTOR('',#10578,6.7857142857145);
#1171=VECTOR('',#10587,6.);
#1172=VECTOR('',#10592,6.7857142857145);
#1173=VECTOR('',#10601,6.);
#1174=VECTOR('',#10606,6.7857142857145);
#1175=VECTOR('',#10611,6.5);
#1176=VECTOR('',#10618,6.5);
#1177=VECTOR('',#10623,6.);
#1178=VECTOR('',#10632,6.5);
#1179=VECTOR('',#10637,6.5);
#1180=VECTOR('',#10642,6.);
#1181=VECTOR('',#10651,6.5);
#1182=VECTOR('',#10658,6.5);
#1183=VECTOR('',#10663,6.);
#1184=VECTOR('',#10672,6.);
#1185=VECTOR('',#10677,6.7857142857145);
#1186=VECTOR('',#10686,6.);
#1187=VECTOR('',#10691,6.7857142857145);
#1188=VECTOR('',#10700,6.);
#1189=VECTOR('',#10705,6.7857142857145);
#1190=VECTOR('',#10720,6.5);
#1191=VECTOR('',#10725,6.5);
#1192=VECTOR('',#10730,6.);
#1193=VECTOR('',#10741,6.5);
#1194=VECTOR('',#10744,6.5);
#1195=VECTOR('',#10749,6.);
#1196=VECTOR('',#10760,6.5);
#1197=VECTOR('',#10765,6.5);
#1198=VECTOR('',#10770,6.);
#1199=VECTOR('',#10779,6.);
#1200=VECTOR('',#10784,6.7857142857145);
#1201=VECTOR('',#10793,6.);
#1202=VECTOR('',#10798,6.7857142857145);
#1203=VECTOR('',#10807,6.);
#1204=VECTOR('',#10812,6.7857142857145);
#1205=VECTOR('',#10817,6.5);
#1206=VECTOR('',#10824,6.5);
#1207=VECTOR('',#10829,6.);
#1208=VECTOR('',#10838,6.5);
#1209=VECTOR('',#10845,6.5);
#1210=VECTOR('',#10850,6.);
#1211=VECTOR('',#10859,6.5);
#1212=VECTOR('',#10864,6.5);
#1213=VECTOR('',#10869,6.);
#1214=VECTOR('',#10878,6.);
#1215=VECTOR('',#10883,6.7857142857145);
#1216=VECTOR('',#10892,6.);
#1217=VECTOR('',#10897,6.7857142857145);
#1218=VECTOR('',#10906,6.5);
#1219=VECTOR('',#10913,6.5);
#1220=VECTOR('',#10918,6.);
#1221=VECTOR('',#10927,6.5);
#1222=VECTOR('',#10934,6.5);
#1223=VECTOR('',#10939,6.);
#1224=VECTOR('',#10952,6.5);
#1225=VECTOR('',#10961,6.);
#1226=VECTOR('',#10966,6.7857142857145);
#1227=VECTOR('',#10969,6.5);
#1228=VECTOR('',#10976,1.);
#1229=VECTOR('',#10977,1.);
#1230=VECTOR('',#10978,1.);
#1231=VECTOR('',#10995,1.);
#1232=VECTOR('',#10996,1.);
#1233=VECTOR('',#10997,1.);
#1234=VECTOR('',#10998,1.);
#1235=VECTOR('',#10999,1.);
#1236=VECTOR('',#11000,1.);
#1237=VECTOR('',#11001,1.);
#1238=VECTOR('',#11004,1.);
#1239=VECTOR('',#11007,1.);
#1240=VECTOR('',#11010,1.);
#1241=VECTOR('',#11013,1.);
#1242=VECTOR('',#11016,1.);
#1243=VECTOR('',#11019,1.);
#1244=VECTOR('',#11022,1.);
#1245=VECTOR('',#11025,1.);
#1246=VECTOR('',#11028,1.);
#1247=VECTOR('',#11031,1.);
#1248=VECTOR('',#11034,1.);
#1249=VECTOR('',#11037,1.);
#1250=VECTOR('',#11040,1.);
#1251=VECTOR('',#11043,1.);
#1252=VECTOR('',#11046,1.);
#1253=VECTOR('',#11049,1.);
#1254=VECTOR('',#11052,1.);
#1255=VECTOR('',#11055,1.);
#1256=VECTOR('',#11056,1.);
#1257=VECTOR('',#11057,1.);
#1258=VECTOR('',#11058,1.);
#1259=VECTOR('',#11059,1.);
#1260=VECTOR('',#11060,1.);
#1261=VECTOR('',#11061,1.);
#1262=VECTOR('',#11062,1.);
#1263=VECTOR('',#11063,1.);
#1264=VECTOR('',#11064,1.);
#1265=VECTOR('',#11065,1.);
#1266=VECTOR('',#11066,1.);
#1267=VECTOR('',#11071,40.);
#1268=VECTOR('',#11078,1.);
#1269=VECTOR('',#11079,1.);
#1270=VECTOR('',#11080,1.);
#1271=VECTOR('',#11083,1.);
#1272=VECTOR('',#11084,1.);
#1273=VECTOR('',#11087,1.);
#1274=VECTOR('',#11090,1.);
#1275=VECTOR('',#11095,75.);
#1276=VECTOR('',#11100,5.15);
#1277=VECTOR('',#11107,10.3923048454133);
#1278=VECTOR('',#11110,1.);
#1279=VECTOR('',#11111,1.);
#1280=VECTOR('',#11114,1.);
#1281=VECTOR('',#11117,1.);
#1282=VECTOR('',#11120,1.);
#1283=VECTOR('',#11123,1.);
#1284=VECTOR('',#11132,10.3923048454133);
#1285=VECTOR('',#11135,1.);
#1286=VECTOR('',#11136,1.);
#1287=VECTOR('',#11139,1.);
#1288=VECTOR('',#11142,1.);
#1289=VECTOR('',#11145,1.);
#1290=VECTOR('',#11148,1.);
#1291=VECTOR('',#11157,10.3923048454133);
#1292=VECTOR('',#11160,1.);
#1293=VECTOR('',#11161,1.);
#1294=VECTOR('',#11164,1.);
#1295=VECTOR('',#11167,1.);
#1296=VECTOR('',#11170,1.);
#1297=VECTOR('',#11173,1.);
#1298=VECTOR('',#11180,6.);
#1299=VECTOR('',#11187,4.4845);
#1300=VECTOR('',#11196,4.25);
#1301=VECTOR('',#11203,6.);
#1302=VECTOR('',#11256,1.);
#1303=VECTOR('',#11257,1.);
#1304=VECTOR('',#11258,1.);
#1305=VECTOR('',#11259,1.);
#1306=VECTOR('',#11260,1.);
#1307=VECTOR('',#11261,1.);
#1308=VECTOR('',#11264,1.);
#1309=VECTOR('',#11265,1.);
#1310=VECTOR('',#11266,1.);
#1311=VECTOR('',#11269,1.);
#1312=VECTOR('',#11270,1.);
#1313=VECTOR('',#11273,1.);
#1314=VECTOR('',#11274,1.);
#1315=VECTOR('',#11277,1.);
#1316=VECTOR('',#11278,1.);
#1317=VECTOR('',#11281,1.);
#1318=VECTOR('',#11282,1.);
#1319=VECTOR('',#11285,1.);
#1320=VECTOR('',#11288,1.);
#1321=VECTOR('',#11289,1.);
#1322=VECTOR('',#11290,1.);
#1323=VECTOR('',#11291,1.);
#1324=VECTOR('',#11298,1.);
#1325=VECTOR('',#11299,1.);
#1326=VECTOR('',#11300,0.999999999999999);
#1327=VECTOR('',#11307,1.);
#1328=VECTOR('',#11308,1.);
#1329=VECTOR('',#11309,1.);
#1330=VECTOR('',#11316,1.);
#1331=VECTOR('',#11317,1.);
#1332=VECTOR('',#11318,1.);
#1333=VECTOR('',#11325,1.);
#1334=VECTOR('',#11326,1.);
#1335=VECTOR('',#11327,0.999999999999999);
#1336=VECTOR('',#11334,1.);
#1337=VECTOR('',#11335,1.);
#1338=VECTOR('',#11372,6.);
#1339=VECTOR('',#11377,6.);
#1340=VECTOR('',#11382,4.4845);
#1341=VECTOR('',#11391,4.25);
#1342=VECTOR('',#11398,1.);
#1343=VECTOR('',#11399,1.);
#1344=VECTOR('',#11400,1.);
#1345=VECTOR('',#11401,1.);
#1346=VECTOR('',#11408,1.);
#1347=VECTOR('',#11409,1.);
#1348=VECTOR('',#11410,1.);
#1349=VECTOR('',#11417,1.);
#1350=VECTOR('',#11418,1.);
#1351=VECTOR('',#11419,1.);
#1352=VECTOR('',#11426,1.);
#1353=VECTOR('',#11427,1.);
#1354=VECTOR('',#11428,0.999999999999999);
#1355=VECTOR('',#11435,1.);
#1356=VECTOR('',#11436,1.);
#1357=VECTOR('',#11437,1.);
#1358=VECTOR('',#11444,1.);
#1359=VECTOR('',#11445,1.);
#1360=VECTOR('',#11482,6.);
#1361=VECTOR('',#11487,6.);
#1362=VECTOR('',#11492,4.4845);
#1363=VECTOR('',#11501,4.25);
#1364=VECTOR('',#11588,1.);
#1365=VECTOR('',#11589,1.);
#1366=VECTOR('',#11592,1.);
#1367=VECTOR('',#11595,1.);
#1368=VECTOR('',#11598,1.);
#1369=VECTOR('',#11601,1.);
#1370=VECTOR('',#11604,1.);
#1371=VECTOR('',#11607,1.);
#1372=VECTOR('',#11610,1.);
#1373=VECTOR('',#11613,1.);
#1374=VECTOR('',#11616,1.);
#1375=VECTOR('',#11619,1.);
#1376=VECTOR('',#11624,42.5);
#1377=VECTOR('',#11629,10.);
#1378=VECTOR('',#11632,10.);
#1379=VECTOR('',#11637,10.);
#1380=VECTOR('',#11640,10.);
#1381=VECTOR('',#11645,10.);
#1382=VECTOR('',#11648,10.);
#1383=VECTOR('',#11653,10.);
#1384=VECTOR('',#11656,10.);
#1385=VECTOR('',#11661,10.);
#1386=VECTOR('',#11664,10.);
#1387=VECTOR('',#11669,10.);
#1388=VECTOR('',#11672,10.);
#1389=VECTOR('',#11675,1.);
#1390=VECTOR('',#11676,1.);
#1391=VECTOR('',#11677,1.);
#1392=VECTOR('',#11680,1.);
#1393=VECTOR('',#11681,1.);
#1394=VECTOR('',#11684,1.);
#1395=VECTOR('',#11685,1.);
#1396=VECTOR('',#11688,1.);
#1397=VECTOR('',#11689,1.);
#1398=VECTOR('',#11692,1.);
#1399=VECTOR('',#11693,1.);
#1400=VECTOR('',#11696,1.);
#1401=VECTOR('',#11699,10.3923048454133);
#1402=VECTOR('',#11706,1.);
#1403=VECTOR('',#11707,1.);
#1404=VECTOR('',#11708,1.);
#1405=VECTOR('',#11711,1.);
#1406=VECTOR('',#11712,1.);
#1407=VECTOR('',#11715,1.);
#1408=VECTOR('',#11716,1.);
#1409=VECTOR('',#11719,1.);
#1410=VECTOR('',#11720,1.);
#1411=VECTOR('',#11723,1.);
#1412=VECTOR('',#11724,1.);
#1413=VECTOR('',#11727,1.);
#1414=VECTOR('',#11730,10.3923048454133);
#1415=VECTOR('',#11737,1.);
#1416=VECTOR('',#11738,1.);
#1417=VECTOR('',#11739,1.);
#1418=VECTOR('',#11742,1.);
#1419=VECTOR('',#11743,1.);
#1420=VECTOR('',#11746,1.);
#1421=VECTOR('',#11747,1.);
#1422=VECTOR('',#11750,1.);
#1423=VECTOR('',#11751,1.);
#1424=VECTOR('',#11754,1.);
#1425=VECTOR('',#11755,1.);
#1426=VECTOR('',#11758,1.);
#1427=VECTOR('',#11761,10.3923048454133);
#1428=VECTOR('',#11770,6.);
#1429=VECTOR('',#11777,4.4845);
#1430=VECTOR('',#11786,4.25);
#1431=VECTOR('',#11793,6.);
#1432=VECTOR('',#11846,0.999999999999999);
#1433=VECTOR('',#11847,1.);
#1434=VECTOR('',#11848,1.);
#1435=VECTOR('',#11849,1.);
#1436=VECTOR('',#11850,1.);
#1437=VECTOR('',#11851,1.);
#1438=VECTOR('',#11854,1.);
#1439=VECTOR('',#11855,1.);
#1440=VECTOR('',#11856,1.);
#1441=VECTOR('',#11859,1.);
#1442=VECTOR('',#11860,1.);
#1443=VECTOR('',#11863,1.);
#1444=VECTOR('',#11864,1.);
#1445=VECTOR('',#11867,1.);
#1446=VECTOR('',#11868,1.);
#1447=VECTOR('',#11871,1.);
#1448=VECTOR('',#11872,1.);
#1449=VECTOR('',#11875,1.);
#1450=VECTOR('',#11878,1.);
#1451=VECTOR('',#11879,1.);
#1452=VECTOR('',#11880,1.);
#1453=VECTOR('',#11881,1.);
#1454=VECTOR('',#11888,1.);
#1455=VECTOR('',#11889,1.);
#1456=VECTOR('',#11890,1.);
#1457=VECTOR('',#11897,1.);
#1458=VECTOR('',#11898,1.);
#1459=VECTOR('',#11899,1.);
#1460=VECTOR('',#11906,1.);
#1461=VECTOR('',#11907,1.);
#1462=VECTOR('',#11908,1.);
#1463=VECTOR('',#11915,1.);
#1464=VECTOR('',#11916,1.);
#1465=VECTOR('',#11917,1.);
#1466=VECTOR('',#11924,1.);
#1467=VECTOR('',#11925,1.);
#1468=VECTOR('',#11962,6.);
#1469=VECTOR('',#11967,6.);
#1470=VECTOR('',#11972,4.4845);
#1471=VECTOR('',#11981,4.25);
#1472=VECTOR('',#11988,1.);
#1473=VECTOR('',#11989,1.);
#1474=VECTOR('',#11990,1.);
#1475=VECTOR('',#11991,1.);
#1476=VECTOR('',#11998,1.);
#1477=VECTOR('',#11999,1.);
#1478=VECTOR('',#12000,1.);
#1479=VECTOR('',#12007,1.);
#1480=VECTOR('',#12008,1.);
#1481=VECTOR('',#12009,0.999999999999999);
#1482=VECTOR('',#12016,1.);
#1483=VECTOR('',#12017,1.);
#1484=VECTOR('',#12018,1.);
#1485=VECTOR('',#12025,1.);
#1486=VECTOR('',#12026,1.);
#1487=VECTOR('',#12027,1.);
#1488=VECTOR('',#12034,1.);
#1489=VECTOR('',#12035,0.999999999999999);
#1490=VECTOR('',#12072,6.);
#1491=VECTOR('',#12077,6.);
#1492=VECTOR('',#12082,4.4845);
#1493=VECTOR('',#12091,4.25);
#1494=VECTOR('',#12102,1.);
#1495=VECTOR('',#12103,1.);
#1496=VECTOR('',#12104,1.);
#1497=VECTOR('',#12123,1.);
#1498=VECTOR('',#12126,1.);
#1499=VECTOR('',#12129,1.);
#1500=VECTOR('',#12132,1.);
#1501=VECTOR('',#12135,1.);
#1502=VECTOR('',#12138,1.);
#1503=VECTOR('',#12141,1.);
#1504=VECTOR('',#12144,1.);
#1505=VECTOR('',#12147,1.);
#1506=VECTOR('',#12150,1.);
#1507=VECTOR('',#12153,1.);
#1508=VECTOR('',#12156,1.);
#1509=VECTOR('',#12159,1.);
#1510=VECTOR('',#12162,1.);
#1511=VECTOR('',#12165,1.);
#1512=VECTOR('',#12168,1.);
#1513=VECTOR('',#12171,1.);
#1514=VECTOR('',#12174,1.);
#1515=VECTOR('',#12177,1.);
#1516=VECTOR('',#12178,1.);
#1517=VECTOR('',#12179,1.);
#1518=VECTOR('',#12180,1.);
#1519=VECTOR('',#12181,1.);
#1520=VECTOR('',#12182,1.);
#1521=VECTOR('',#12183,1.);
#1522=VECTOR('',#12184,1.);
#1523=VECTOR('',#12185,1.);
#1524=VECTOR('',#12186,1.);
#1525=VECTOR('',#12187,1.);
#1526=VECTOR('',#12188,1.);
#1527=VECTOR('',#12189,1.);
#1528=VECTOR('',#12190,1.);
#1529=VECTOR('',#12191,1.);
#1530=VECTOR('',#12192,1.);
#1531=VECTOR('',#12193,1.);
#1532=VECTOR('',#12194,1.);
#1533=VECTOR('',#12197,75.);
#1534=VECTOR('',#12204,1.);
#1535=VECTOR('',#12205,1.);
#1536=VECTOR('',#12206,1.);
#1537=VECTOR('',#12209,1.);
#1538=VECTOR('',#12210,1.);
#1539=VECTOR('',#12213,1.);
#1540=VECTOR('',#12216,1.);
#1541=VECTOR('',#12223,50.);
#1542=VECTOR('',#12226,4.25);
#1543=VECTOR('',#12233,10.3923048454133);
#1544=VECTOR('',#12236,1.);
#1545=VECTOR('',#12237,1.);
#1546=VECTOR('',#12240,1.);
#1547=VECTOR('',#12243,1.);
#1548=VECTOR('',#12246,1.);
#1549=VECTOR('',#12249,1.);
#1550=VECTOR('',#12258,10.3923048454133);
#1551=VECTOR('',#12261,1.);
#1552=VECTOR('',#12262,1.);
#1553=VECTOR('',#12265,1.);
#1554=VECTOR('',#12268,1.);
#1555=VECTOR('',#12271,1.);
#1556=VECTOR('',#12274,1.);
#1557=VECTOR('',#12283,10.3923048454133);
#1558=VECTOR('',#12286,1.);
#1559=VECTOR('',#12287,1.);
#1560=VECTOR('',#12290,1.);
#1561=VECTOR('',#12293,1.);
#1562=VECTOR('',#12296,1.);
#1563=VECTOR('',#12299,1.);
#1564=VECTOR('',#12306,10.);
#1565=VECTOR('',#12311,10.);
#1566=VECTOR('',#12318,10.);
#1567=VECTOR('',#12323,10.);
#1568=VECTOR('',#12330,10.);
#1569=VECTOR('',#12335,10.);
#1570=VECTOR('',#12342,10.);
#1571=VECTOR('',#12347,10.);
#1572=VECTOR('',#12354,10.);
#1573=VECTOR('',#12359,10.);
#1574=VECTOR('',#12366,10.);
#1575=VECTOR('',#12371,10.);
#1576=VECTOR('',#12378,42.5);
#1577=VECTOR('',#12385,1.);
#1578=VECTOR('',#12388,1.);
#1579=VECTOR('',#12395,1.);
#1580=VECTOR('',#12402,1.);
#1581=VECTOR('',#12409,1.);
#1582=VECTOR('',#12416,1.);
#1583=VECTOR('',#12423,1.);
#1584=VECTOR('',#12430,1.);
#1585=VECTOR('',#12437,1.);
#1586=VECTOR('',#12444,1.);
#1587=VECTOR('',#12451,1.);
#1588=VECTOR('',#12458,1.);
#1589=VECTOR('',#12477,4.25);
#1590=VECTOR('',#12486,4.4845);
#1591=VECTOR('',#12491,6.);
#1592=VECTOR('',#12496,6.);
#1593=VECTOR('',#12517,1.);
#1594=VECTOR('',#12520,1.);
#1595=VECTOR('',#12523,1.);
#1596=VECTOR('',#12524,0.999999999999999);
#1597=VECTOR('',#12525,1.);
#1598=VECTOR('',#12526,1.);
#1599=VECTOR('',#12535,1.);
#1600=VECTOR('',#12536,1.);
#1601=VECTOR('',#12541,1.);
#1602=VECTOR('',#12546,1.);
#1603=VECTOR('',#12551,1.);
#1604=VECTOR('',#12556,1.);
#1605=VECTOR('',#12569,4.25);
#1606=VECTOR('',#12578,4.4845);
#1607=VECTOR('',#12583,6.);
#1608=VECTOR('',#12588,6.);
#1609=VECTOR('',#12609,1.);
#1610=VECTOR('',#12612,1.);
#1611=VECTOR('',#12615,1.);
#1612=VECTOR('',#12616,1.);
#1613=VECTOR('',#12617,1.);
#1614=VECTOR('',#12618,1.);
#1615=VECTOR('',#12627,1.);
#1616=VECTOR('',#12628,1.);
#1617=VECTOR('',#12633,1.);
#1618=VECTOR('',#12638,1.);
#1619=VECTOR('',#12643,1.);
#1620=VECTOR('',#12648,1.);
#1621=VECTOR('',#12655,1.);
#1622=VECTOR('',#12656,1.);
#1623=VECTOR('',#12657,1.);
#1624=VECTOR('',#12660,1.);
#1625=VECTOR('',#12661,0.999999999999999);
#1626=VECTOR('',#12664,1.);
#1627=VECTOR('',#12665,1.);
#1628=VECTOR('',#12668,1.);
#1629=VECTOR('',#12669,1.);
#1630=VECTOR('',#12672,1.);
#1631=VECTOR('',#12673,0.999999999999999);
#1632=VECTOR('',#12676,1.);
#1633=VECTOR('',#12721,6.);
#1634=VECTOR('',#12732,4.25);
#1635=VECTOR('',#12741,4.4845);
#1636=VECTOR('',#12744,6.);
#1637=VECTOR('',#12747,1.);
#1638=VECTOR('',#12748,1.);
#1639=VECTOR('',#12749,1.);
#1640=VECTOR('',#12752,1.);
#1641=VECTOR('',#12753,1.);
#1642=VECTOR('',#12756,1.);
#1643=VECTOR('',#12757,1.);
#1644=VECTOR('',#12760,1.);
#1645=VECTOR('',#12761,1.);
#1646=VECTOR('',#12764,1.);
#1647=VECTOR('',#12765,1.);
#1648=VECTOR('',#12768,1.);
#1649=VECTOR('',#12771,10.3923048454133);
#1650=VECTOR('',#12778,1.);
#1651=VECTOR('',#12779,1.);
#1652=VECTOR('',#12780,1.);
#1653=VECTOR('',#12783,1.);
#1654=VECTOR('',#12784,1.);
#1655=VECTOR('',#12787,1.);
#1656=VECTOR('',#12788,1.);
#1657=VECTOR('',#12791,1.);
#1658=VECTOR('',#12792,1.);
#1659=VECTOR('',#12795,1.);
#1660=VECTOR('',#12796,1.);
#1661=VECTOR('',#12799,1.);
#1662=VECTOR('',#12802,10.3923048454133);
#1663=VECTOR('',#12809,1.);
#1664=VECTOR('',#12810,1.);
#1665=VECTOR('',#12811,1.);
#1666=VECTOR('',#12814,1.);
#1667=VECTOR('',#12815,1.);
#1668=VECTOR('',#12818,1.);
#1669=VECTOR('',#12819,1.);
#1670=VECTOR('',#12822,1.);
#1671=VECTOR('',#12823,1.);
#1672=VECTOR('',#12826,1.);
#1673=VECTOR('',#12827,1.);
#1674=VECTOR('',#12830,1.);
#1675=VECTOR('',#12833,10.3923048454133);
#1676=VECTOR('',#12842,75.);
#1677=VECTOR('',#12849,45.);
#1678=VECTOR('',#12856,35.);
#1679=VECTOR('',#12863,75.);
#1680=VECTOR('',#12882,4.25);
#1681=VECTOR('',#12891,4.4845);
#1682=VECTOR('',#12896,6.);
#1683=VECTOR('',#12901,6.);
#1684=VECTOR('',#12922,1.);
#1685=VECTOR('',#12925,1.);
#1686=VECTOR('',#12928,1.);
#1687=VECTOR('',#12929,1.);
#1688=VECTOR('',#12930,1.);
#1689=VECTOR('',#12931,1.);
#1690=VECTOR('',#12940,1.);
#1691=VECTOR('',#12941,1.);
#1692=VECTOR('',#12946,1.);
#1693=VECTOR('',#12951,1.);
#1694=VECTOR('',#12956,1.);
#1695=VECTOR('',#12961,1.);
#1696=VECTOR('',#12974,4.25);
#1697=VECTOR('',#12983,4.4845);
#1698=VECTOR('',#12988,6.);
#1699=VECTOR('',#12993,6.);
#1700=VECTOR('',#13014,1.);
#1701=VECTOR('',#13017,0.999999999999999);
#1702=VECTOR('',#13020,1.);
#1703=VECTOR('',#13021,1.);
#1704=VECTOR('',#13022,0.999999999999999);
#1705=VECTOR('',#13023,1.);
#1706=VECTOR('',#13032,1.);
#1707=VECTOR('',#13033,1.);
#1708=VECTOR('',#13038,1.);
#1709=VECTOR('',#13043,1.);
#1710=VECTOR('',#13048,1.);
#1711=VECTOR('',#13053,1.);
#1712=VECTOR('',#13060,1.);
#1713=VECTOR('',#13061,1.);
#1714=VECTOR('',#13062,1.);
#1715=VECTOR('',#13065,1.);
#1716=VECTOR('',#13066,1.);
#1717=VECTOR('',#13069,1.);
#1718=VECTOR('',#13070,0.999999999999999);
#1719=VECTOR('',#13073,1.);
#1720=VECTOR('',#13074,1.);
#1721=VECTOR('',#13077,1.);
#1722=VECTOR('',#13078,1.);
#1723=VECTOR('',#13081,1.);
#1724=VECTOR('',#13126,6.);
#1725=VECTOR('',#13137,4.25);
#1726=VECTOR('',#13146,4.4845);
#1727=VECTOR('',#13149,6.);
#1728=CYLINDRICAL_SURFACE('',#9550,6.);
#1729=CYLINDRICAL_SURFACE('',#9556,6.);
#1730=CYLINDRICAL_SURFACE('',#9562,6.);
#1731=CYLINDRICAL_SURFACE('',#9565,6.5);
#1732=CYLINDRICAL_SURFACE('',#9571,6.);
#1733=CYLINDRICAL_SURFACE('',#9574,6.5);
#1734=CYLINDRICAL_SURFACE('',#9579,6.);
#1735=CYLINDRICAL_SURFACE('',#9582,6.5);
#1736=CYLINDRICAL_SURFACE('',#9588,6.);
#1737=CYLINDRICAL_SURFACE('',#9591,6.);
#1738=CYLINDRICAL_SURFACE('',#9597,6.);
#1739=CYLINDRICAL_SURFACE('',#9603,6.);
#1740=CYLINDRICAL_SURFACE('',#9612,6.5);
#1741=CYLINDRICAL_SURFACE('',#9617,6.);
#1742=CYLINDRICAL_SURFACE('',#9621,6.5);
#1743=CYLINDRICAL_SURFACE('',#9625,6.);
#1744=CYLINDRICAL_SURFACE('',#9629,6.5);
#1745=CYLINDRICAL_SURFACE('',#9634,6.);
#1746=CYLINDRICAL_SURFACE('',#9638,6.);
#1747=CYLINDRICAL_SURFACE('',#9644,6.);
#1748=CYLINDRICAL_SURFACE('',#9650,6.);
#1749=CYLINDRICAL_SURFACE('',#9653,6.5);
#1750=CYLINDRICAL_SURFACE('',#9659,6.);
#1751=CYLINDRICAL_SURFACE('',#9662,6.5);
#1752=CYLINDRICAL_SURFACE('',#9668,6.);
#1753=CYLINDRICAL_SURFACE('',#9671,6.5);
#1754=CYLINDRICAL_SURFACE('',#9676,6.);
#1755=CYLINDRICAL_SURFACE('',#9679,6.);
#1756=CYLINDRICAL_SURFACE('',#9685,6.);
#1757=CYLINDRICAL_SURFACE('',#9691,6.5);
#1758=CYLINDRICAL_SURFACE('',#9697,6.);
#1759=CYLINDRICAL_SURFACE('',#9700,6.5);
#1760=CYLINDRICAL_SURFACE('',#9706,6.);
#1761=CYLINDRICAL_SURFACE('',#9712,6.5);
#1762=CYLINDRICAL_SURFACE('',#9715,6.);
#1763=CYLINDRICAL_SURFACE('',#9750,40.);
#1764=CYLINDRICAL_SURFACE('',#9754,22.5000000000006);
#1765=CYLINDRICAL_SURFACE('',#9758,75.);
#1766=CYLINDRICAL_SURFACE('',#9760,5.15);
#1767=CYLINDRICAL_SURFACE('',#9788,6.);
#1768=CYLINDRICAL_SURFACE('',#9796,4.25);
#1769=CYLINDRICAL_SURFACE('',#9867,6.);
#1770=CYLINDRICAL_SURFACE('',#9873,4.25);
#1771=CYLINDRICAL_SURFACE('',#9911,6.);
#1772=CYLINDRICAL_SURFACE('',#9917,4.25);
#1773=CYLINDRICAL_SURFACE('',#9960,120.);
#1774=CYLINDRICAL_SURFACE('',#9961,11.);
#1775=CYLINDRICAL_SURFACE('',#9962,120.);
#1776=CYLINDRICAL_SURFACE('',#9963,11.);
#1777=CYLINDRICAL_SURFACE('',#9964,120.);
#1778=CYLINDRICAL_SURFACE('',#9965,11.);
#1779=CYLINDRICAL_SURFACE('',#9966,120.);
#1780=CYLINDRICAL_SURFACE('',#9967,11.);
#1781=CYLINDRICAL_SURFACE('',#9968,120.);
#1782=CYLINDRICAL_SURFACE('',#9969,11.);
#1783=CYLINDRICAL_SURFACE('',#9970,120.);
#1784=CYLINDRICAL_SURFACE('',#9971,11.);
#1785=CYLINDRICAL_SURFACE('',#9972,42.5);
#1786=CYLINDRICAL_SURFACE('',#9973,10.);
#1787=CYLINDRICAL_SURFACE('',#9975,10.);
#1788=CYLINDRICAL_SURFACE('',#9976,10.);
#1789=CYLINDRICAL_SURFACE('',#9978,10.);
#1790=CYLINDRICAL_SURFACE('',#9979,10.);
#1791=CYLINDRICAL_SURFACE('',#9981,10.);
#1792=CYLINDRICAL_SURFACE('',#9982,10.);
#1793=CYLINDRICAL_SURFACE('',#9984,10.);
#1794=CYLINDRICAL_SURFACE('',#9985,10.);
#1795=CYLINDRICAL_SURFACE('',#9987,10.);
#1796=CYLINDRICAL_SURFACE('',#9988,10.);
#1797=CYLINDRICAL_SURFACE('',#9990,10.);
#1798=CYLINDRICAL_SURFACE('',#10018,6.);
#1799=CYLINDRICAL_SURFACE('',#10026,4.25);
#1800=CYLINDRICAL_SURFACE('',#10097,6.);
#1801=CYLINDRICAL_SURFACE('',#10103,4.25);
#1802=CYLINDRICAL_SURFACE('',#10141,6.);
#1803=CYLINDRICAL_SURFACE('',#10147,4.25);
#1804=CYLINDRICAL_SURFACE('',#10180,75.);
#1805=CYLINDRICAL_SURFACE('',#10184,35.);
#1806=CYLINDRICAL_SURFACE('',#10189,50.);
#1807=CYLINDRICAL_SURFACE('',#10190,4.25);
#1808=CYLINDRICAL_SURFACE('',#10218,10.);
#1809=CYLINDRICAL_SURFACE('',#10221,10.);
#1810=CYLINDRICAL_SURFACE('',#10223,10.);
#1811=CYLINDRICAL_SURFACE('',#10226,10.);
#1812=CYLINDRICAL_SURFACE('',#10228,10.);
#1813=CYLINDRICAL_SURFACE('',#10231,10.);
#1814=CYLINDRICAL_SURFACE('',#10233,10.);
#1815=CYLINDRICAL_SURFACE('',#10236,10.);
#1816=CYLINDRICAL_SURFACE('',#10238,10.);
#1817=CYLINDRICAL_SURFACE('',#10241,10.);
#1818=CYLINDRICAL_SURFACE('',#10243,10.);
#1819=CYLINDRICAL_SURFACE('',#10246,10.);
#1820=CYLINDRICAL_SURFACE('',#10248,42.5);
#1821=CYLINDRICAL_SURFACE('',#10251,11.);
#1822=CYLINDRICAL_SURFACE('',#10254,120.);
#1823=CYLINDRICAL_SURFACE('',#10257,11.);
#1824=CYLINDRICAL_SURFACE('',#10260,120.);
#1825=CYLINDRICAL_SURFACE('',#10263,11.);
#1826=CYLINDRICAL_SURFACE('',#10266,120.);
#1827=CYLINDRICAL_SURFACE('',#10269,11.);
#1828=CYLINDRICAL_SURFACE('',#10272,120.);
#1829=CYLINDRICAL_SURFACE('',#10275,11.);
#1830=CYLINDRICAL_SURFACE('',#10278,120.);
#1831=CYLINDRICAL_SURFACE('',#10281,11.);
#1832=CYLINDRICAL_SURFACE('',#10284,120.);
#1833=CYLINDRICAL_SURFACE('',#10291,4.25);
#1834=CYLINDRICAL_SURFACE('',#10297,6.);
#1835=CYLINDRICAL_SURFACE('',#10329,4.25);
#1836=CYLINDRICAL_SURFACE('',#10335,6.);
#1837=CYLINDRICAL_SURFACE('',#10396,4.25);
#1838=CYLINDRICAL_SURFACE('',#10402,6.);
#1839=CYLINDRICAL_SURFACE('',#10430,75.);
#1840=CYLINDRICAL_SURFACE('',#10433,45.);
#1841=CYLINDRICAL_SURFACE('',#10436,35.);
#1842=CYLINDRICAL_SURFACE('',#10439,75.);
#1843=CYLINDRICAL_SURFACE('',#10448,4.25);
#1844=CYLINDRICAL_SURFACE('',#10454,6.);
#1845=CYLINDRICAL_SURFACE('',#10486,4.25);
#1846=CYLINDRICAL_SURFACE('',#10492,6.);
#1847=CYLINDRICAL_SURFACE('',#10553,4.25);
#1848=CYLINDRICAL_SURFACE('',#10559,6.);
#1849=FACE_BOUND('',#2547,.T.);
#1850=FACE_BOUND('',#2551,.T.);
#1851=FACE_BOUND('',#2555,.T.);
#1852=FACE_BOUND('',#2562,.T.);
#1853=FACE_BOUND('',#2567,.T.);
#1854=FACE_BOUND('',#2572,.T.);
#1855=FACE_BOUND('',#2576,.T.);
#1856=FACE_BOUND('',#2580,.T.);
#1857=FACE_BOUND('',#2584,.T.);
#1858=FACE_BOUND('',#2586,.T.);
#1859=FACE_BOUND('',#2591,.T.);
#1860=FACE_BOUND('',#2596,.T.);
#1861=FACE_BOUND('',#2601,.T.);
#1862=FACE_BOUND('',#2605,.T.);
#1863=FACE_BOUND('',#2609,.T.);
#1864=FACE_BOUND('',#2616,.T.);
#1865=FACE_BOUND('',#2621,.T.);
#1866=FACE_BOUND('',#2626,.T.);
#1867=FACE_BOUND('',#2630,.T.);
#1868=FACE_BOUND('',#2634,.T.);
#1869=FACE_BOUND('',#2639,.T.);
#1870=FACE_BOUND('',#2644,.T.);
#1871=FACE_BOUND('',#2646,.T.);
#1872=FACE_BOUND('',#2652,.T.);
#1873=FACE_BOUND('',#2653,.T.);
#1874=FACE_BOUND('',#2654,.T.);
#1875=FACE_BOUND('',#2655,.T.);
#1876=FACE_BOUND('',#2656,.T.);
#1877=FACE_BOUND('',#2657,.T.);
#1878=FACE_BOUND('',#2658,.T.);
#1879=FACE_BOUND('',#2660,.T.);
#1880=FACE_BOUND('',#2661,.T.);
#1881=FACE_BOUND('',#2662,.T.);
#1882=FACE_BOUND('',#2663,.T.);
#1883=FACE_BOUND('',#2664,.T.);
#1884=FACE_BOUND('',#2665,.T.);
#1885=FACE_BOUND('',#2666,.T.);
#1886=FACE_BOUND('',#2668,.T.);
#1887=FACE_BOUND('',#2670,.T.);
#1888=FACE_BOUND('',#2674,.T.);
#1889=FACE_BOUND('',#2705,.T.);
#1890=FACE_BOUND('',#2722,.T.);
#1891=FACE_BOUND('',#2744,.T.);
#1892=FACE_BOUND('',#2753,.T.);
#1893=FACE_BOUND('',#2771,.T.);
#1894=FACE_BOUND('',#2780,.T.);
#1895=FACE_BOUND('',#2784,.T.);
#1896=FACE_BOUND('',#2785,.T.);
#1897=FACE_BOUND('',#2786,.T.);
#1898=FACE_BOUND('',#2787,.T.);
#1899=FACE_BOUND('',#2788,.T.);
#1900=FACE_BOUND('',#2789,.T.);
#1901=FACE_BOUND('',#2790,.T.);
#1902=FACE_BOUND('',#2792,.T.);
#1903=FACE_BOUND('',#2793,.T.);
#1904=FACE_BOUND('',#2794,.T.);
#1905=FACE_BOUND('',#2795,.T.);
#1906=FACE_BOUND('',#2796,.T.);
#1907=FACE_BOUND('',#2797,.T.);
#1908=FACE_BOUND('',#2798,.T.);
#1909=FACE_BOUND('',#2851,.T.);
#1910=FACE_BOUND('',#2868,.T.);
#1911=FACE_BOUND('',#2890,.T.);
#1912=FACE_BOUND('',#2899,.T.);
#1913=FACE_BOUND('',#2917,.T.);
#1914=FACE_BOUND('',#2926,.T.);
#1915=FACE_BOUND('',#2930,.T.);
#1916=FACE_BOUND('',#2931,.T.);
#1917=FACE_BOUND('',#2932,.T.);
#1918=FACE_BOUND('',#2933,.T.);
#1919=FACE_BOUND('',#2934,.T.);
#1920=FACE_BOUND('',#2935,.T.);
#1921=FACE_BOUND('',#2936,.T.);
#1922=FACE_BOUND('',#2938,.T.);
#1923=FACE_BOUND('',#2939,.T.);
#1924=FACE_BOUND('',#2940,.T.);
#1925=FACE_BOUND('',#2941,.T.);
#1926=FACE_BOUND('',#2942,.T.);
#1927=FACE_BOUND('',#2943,.T.);
#1928=FACE_BOUND('',#2944,.T.);
#1929=FACE_BOUND('',#2947,.T.);
#1930=FACE_BOUND('',#2951,.T.);
#1931=FACE_BOUND('',#2954,.T.);
#1932=FACE_BOUND('',#3006,.T.);
#1933=FACE_BOUND('',#3007,.T.);
#1934=FACE_BOUND('',#3008,.T.);
#1935=FACE_BOUND('',#3009,.T.);
#1936=FACE_BOUND('',#3010,.T.);
#1937=FACE_BOUND('',#3011,.T.);
#1938=FACE_BOUND('',#3012,.T.);
#1939=FACE_BOUND('',#3014,.T.);
#1940=FACE_BOUND('',#3015,.T.);
#1941=FACE_BOUND('',#3016,.T.);
#1942=FACE_BOUND('',#3017,.T.);
#1943=FACE_BOUND('',#3018,.T.);
#1944=FACE_BOUND('',#3019,.T.);
#1945=FACE_BOUND('',#3020,.T.);
#1946=FACE_BOUND('',#3024,.T.);
#1947=FACE_BOUND('',#3033,.T.);
#1948=FACE_BOUND('',#3051,.T.);
#1949=FACE_BOUND('',#3060,.T.);
#1950=FACE_BOUND('',#3082,.T.);
#1951=FACE_BOUND('',#3099,.T.);
#1952=FACE_BOUND('',#3131,.T.);
#1953=FACE_BOUND('',#3132,.T.);
#1954=FACE_BOUND('',#3133,.T.);
#1955=FACE_BOUND('',#3134,.T.);
#1956=FACE_BOUND('',#3135,.T.);
#1957=FACE_BOUND('',#3136,.T.);
#1958=FACE_BOUND('',#3137,.T.);
#1959=FACE_BOUND('',#3139,.T.);
#1960=FACE_BOUND('',#3140,.T.);
#1961=FACE_BOUND('',#3141,.T.);
#1962=FACE_BOUND('',#3142,.T.);
#1963=FACE_BOUND('',#3143,.T.);
#1964=FACE_BOUND('',#3144,.T.);
#1965=FACE_BOUND('',#3145,.T.);
#1966=FACE_BOUND('',#3147,.T.);
#1967=FACE_BOUND('',#3148,.T.);
#1968=FACE_BOUND('',#3149,.T.);
#1969=FACE_BOUND('',#3150,.T.);
#1970=FACE_BOUND('',#3151,.T.);
#1971=FACE_BOUND('',#3152,.T.);
#1972=FACE_BOUND('',#3153,.T.);
#1973=FACE_BOUND('',#3155,.T.);
#1974=FACE_BOUND('',#3156,.T.);
#1975=FACE_BOUND('',#3157,.T.);
#1976=FACE_BOUND('',#3158,.T.);
#1977=FACE_BOUND('',#3159,.T.);
#1978=FACE_BOUND('',#3160,.T.);
#1979=FACE_BOUND('',#3161,.T.);
#1980=FACE_BOUND('',#3165,.T.);
#1981=FACE_BOUND('',#3174,.T.);
#1982=FACE_BOUND('',#3192,.T.);
#1983=FACE_BOUND('',#3201,.T.);
#1984=FACE_BOUND('',#3223,.T.);
#1985=FACE_BOUND('',#3240,.T.);
#1986=FACE_OUTER_BOUND('',#2546,.T.);
#1987=FACE_OUTER_BOUND('',#2548,.T.);
#1988=FACE_OUTER_BOUND('',#2549,.T.);
#1989=FACE_OUTER_BOUND('',#2550,.T.);
#1990=FACE_OUTER_BOUND('',#2552,.T.);
#1991=FACE_OUTER_BOUND('',#2553,.T.);
#1992=FACE_OUTER_BOUND('',#2554,.T.);
#1993=FACE_OUTER_BOUND('',#2556,.T.);
#1994=FACE_OUTER_BOUND('',#2557,.T.);
#1995=FACE_OUTER_BOUND('',#2558,.T.);
#1996=FACE_OUTER_BOUND('',#2559,.T.);
#1997=FACE_OUTER_BOUND('',#2560,.T.);
#1998=FACE_OUTER_BOUND('',#2561,.T.);
#1999=FACE_OUTER_BOUND('',#2563,.T.);
#2000=FACE_OUTER_BOUND('',#2564,.T.);
#2001=FACE_OUTER_BOUND('',#2565,.T.);
#2002=FACE_OUTER_BOUND('',#2566,.T.);
#2003=FACE_OUTER_BOUND('',#2568,.T.);
#2004=FACE_OUTER_BOUND('',#2569,.T.);
#2005=FACE_OUTER_BOUND('',#2570,.T.);
#2006=FACE_OUTER_BOUND('',#2571,.T.);
#2007=FACE_OUTER_BOUND('',#2573,.T.);
#2008=FACE_OUTER_BOUND('',#2574,.T.);
#2009=FACE_OUTER_BOUND('',#2575,.T.);
#2010=FACE_OUTER_BOUND('',#2577,.T.);
#2011=FACE_OUTER_BOUND('',#2578,.T.);
#2012=FACE_OUTER_BOUND('',#2579,.T.);
#2013=FACE_OUTER_BOUND('',#2581,.T.);
#2014=FACE_OUTER_BOUND('',#2582,.T.);
#2015=FACE_OUTER_BOUND('',#2583,.T.);
#2016=FACE_OUTER_BOUND('',#2585,.T.);
#2017=FACE_OUTER_BOUND('',#2587,.T.);
#2018=FACE_OUTER_BOUND('',#2588,.T.);
#2019=FACE_OUTER_BOUND('',#2589,.T.);
#2020=FACE_OUTER_BOUND('',#2590,.T.);
#2021=FACE_OUTER_BOUND('',#2592,.T.);
#2022=FACE_OUTER_BOUND('',#2593,.T.);
#2023=FACE_OUTER_BOUND('',#2594,.T.);
#2024=FACE_OUTER_BOUND('',#2595,.T.);
#2025=FACE_OUTER_BOUND('',#2597,.T.);
#2026=FACE_OUTER_BOUND('',#2598,.T.);
#2027=FACE_OUTER_BOUND('',#2599,.T.);
#2028=FACE_OUTER_BOUND('',#2600,.T.);
#2029=FACE_OUTER_BOUND('',#2602,.T.);
#2030=FACE_OUTER_BOUND('',#2603,.T.);
#2031=FACE_OUTER_BOUND('',#2604,.T.);
#2032=FACE_OUTER_BOUND('',#2606,.T.);
#2033=FACE_OUTER_BOUND('',#2607,.T.);
#2034=FACE_OUTER_BOUND('',#2608,.T.);
#2035=FACE_OUTER_BOUND('',#2610,.T.);
#2036=FACE_OUTER_BOUND('',#2611,.T.);
#2037=FACE_OUTER_BOUND('',#2612,.T.);
#2038=FACE_OUTER_BOUND('',#2613,.T.);
#2039=FACE_OUTER_BOUND('',#2614,.T.);
#2040=FACE_OUTER_BOUND('',#2615,.T.);
#2041=FACE_OUTER_BOUND('',#2617,.T.);
#2042=FACE_OUTER_BOUND('',#2618,.T.);
#2043=FACE_OUTER_BOUND('',#2619,.T.);
#2044=FACE_OUTER_BOUND('',#2620,.T.);
#2045=FACE_OUTER_BOUND('',#2622,.T.);
#2046=FACE_OUTER_BOUND('',#2623,.T.);
#2047=FACE_OUTER_BOUND('',#2624,.T.);
#2048=FACE_OUTER_BOUND('',#2625,.T.);
#2049=FACE_OUTER_BOUND('',#2627,.T.);
#2050=FACE_OUTER_BOUND('',#2628,.T.);
#2051=FACE_OUTER_BOUND('',#2629,.T.);
#2052=FACE_OUTER_BOUND('',#2631,.T.);
#2053=FACE_OUTER_BOUND('',#2632,.T.);
#2054=FACE_OUTER_BOUND('',#2633,.T.);
#2055=FACE_OUTER_BOUND('',#2635,.T.);
#2056=FACE_OUTER_BOUND('',#2636,.T.);
#2057=FACE_OUTER_BOUND('',#2637,.T.);
#2058=FACE_OUTER_BOUND('',#2638,.T.);
#2059=FACE_OUTER_BOUND('',#2640,.T.);
#2060=FACE_OUTER_BOUND('',#2641,.T.);
#2061=FACE_OUTER_BOUND('',#2642,.T.);
#2062=FACE_OUTER_BOUND('',#2643,.T.);
#2063=FACE_OUTER_BOUND('',#2645,.T.);
#2064=FACE_OUTER_BOUND('',#2647,.T.);
#2065=FACE_OUTER_BOUND('',#2648,.T.);
#2066=FACE_OUTER_BOUND('',#2649,.T.);
#2067=FACE_OUTER_BOUND('',#2650,.T.);
#2068=FACE_OUTER_BOUND('',#2651,.T.);
#2069=FACE_OUTER_BOUND('',#2659,.T.);
#2070=FACE_OUTER_BOUND('',#2667,.T.);
#2071=FACE_OUTER_BOUND('',#2669,.T.);
#2072=FACE_OUTER_BOUND('',#2671,.T.);
#2073=FACE_OUTER_BOUND('',#2672,.T.);
#2074=FACE_OUTER_BOUND('',#2673,.T.);
#2075=FACE_OUTER_BOUND('',#2675,.T.);
#2076=FACE_OUTER_BOUND('',#2676,.T.);
#2077=FACE_OUTER_BOUND('',#2677,.T.);
#2078=FACE_OUTER_BOUND('',#2678,.T.);
#2079=FACE_OUTER_BOUND('',#2679,.T.);
#2080=FACE_OUTER_BOUND('',#2680,.T.);
#2081=FACE_OUTER_BOUND('',#2681,.T.);
#2082=FACE_OUTER_BOUND('',#2682,.T.);
#2083=FACE_OUTER_BOUND('',#2683,.T.);
#2084=FACE_OUTER_BOUND('',#2684,.T.);
#2085=FACE_OUTER_BOUND('',#2685,.T.);
#2086=FACE_OUTER_BOUND('',#2686,.T.);
#2087=FACE_OUTER_BOUND('',#2687,.T.);
#2088=FACE_OUTER_BOUND('',#2688,.T.);
#2089=FACE_OUTER_BOUND('',#2689,.T.);
#2090=FACE_OUTER_BOUND('',#2690,.T.);
#2091=FACE_OUTER_BOUND('',#2691,.T.);
#2092=FACE_OUTER_BOUND('',#2692,.T.);
#2093=FACE_OUTER_BOUND('',#2693,.T.);
#2094=FACE_OUTER_BOUND('',#2694,.T.);
#2095=FACE_OUTER_BOUND('',#2695,.T.);
#2096=FACE_OUTER_BOUND('',#2696,.T.);
#2097=FACE_OUTER_BOUND('',#2697,.T.);
#2098=FACE_OUTER_BOUND('',#2698,.T.);
#2099=FACE_OUTER_BOUND('',#2699,.T.);
#2100=FACE_OUTER_BOUND('',#2700,.T.);
#2101=FACE_OUTER_BOUND('',#2701,.T.);
#2102=FACE_OUTER_BOUND('',#2702,.T.);
#2103=FACE_OUTER_BOUND('',#2703,.T.);
#2104=FACE_OUTER_BOUND('',#2704,.T.);
#2105=FACE_OUTER_BOUND('',#2706,.T.);
#2106=FACE_OUTER_BOUND('',#2707,.T.);
#2107=FACE_OUTER_BOUND('',#2708,.T.);
#2108=FACE_OUTER_BOUND('',#2709,.T.);
#2109=FACE_OUTER_BOUND('',#2710,.T.);
#2110=FACE_OUTER_BOUND('',#2711,.T.);
#2111=FACE_OUTER_BOUND('',#2712,.T.);
#2112=FACE_OUTER_BOUND('',#2713,.T.);
#2113=FACE_OUTER_BOUND('',#2714,.T.);
#2114=FACE_OUTER_BOUND('',#2715,.T.);
#2115=FACE_OUTER_BOUND('',#2716,.T.);
#2116=FACE_OUTER_BOUND('',#2717,.T.);
#2117=FACE_OUTER_BOUND('',#2718,.T.);
#2118=FACE_OUTER_BOUND('',#2719,.T.);
#2119=FACE_OUTER_BOUND('',#2720,.T.);
#2120=FACE_OUTER_BOUND('',#2721,.T.);
#2121=FACE_OUTER_BOUND('',#2723,.T.);
#2122=FACE_OUTER_BOUND('',#2724,.T.);
#2123=FACE_OUTER_BOUND('',#2725,.T.);
#2124=FACE_OUTER_BOUND('',#2726,.T.);
#2125=FACE_OUTER_BOUND('',#2727,.T.);
#2126=FACE_OUTER_BOUND('',#2728,.T.);
#2127=FACE_OUTER_BOUND('',#2729,.T.);
#2128=FACE_OUTER_BOUND('',#2730,.T.);
#2129=FACE_OUTER_BOUND('',#2731,.T.);
#2130=FACE_OUTER_BOUND('',#2732,.T.);
#2131=FACE_OUTER_BOUND('',#2733,.T.);
#2132=FACE_OUTER_BOUND('',#2734,.T.);
#2133=FACE_OUTER_BOUND('',#2735,.T.);
#2134=FACE_OUTER_BOUND('',#2736,.T.);
#2135=FACE_OUTER_BOUND('',#2737,.T.);
#2136=FACE_OUTER_BOUND('',#2738,.T.);
#2137=FACE_OUTER_BOUND('',#2739,.T.);
#2138=FACE_OUTER_BOUND('',#2740,.T.);
#2139=FACE_OUTER_BOUND('',#2741,.T.);
#2140=FACE_OUTER_BOUND('',#2742,.T.);
#2141=FACE_OUTER_BOUND('',#2743,.T.);
#2142=FACE_OUTER_BOUND('',#2745,.T.);
#2143=FACE_OUTER_BOUND('',#2746,.T.);
#2144=FACE_OUTER_BOUND('',#2747,.T.);
#2145=FACE_OUTER_BOUND('',#2748,.T.);
#2146=FACE_OUTER_BOUND('',#2749,.T.);
#2147=FACE_OUTER_BOUND('',#2750,.T.);
#2148=FACE_OUTER_BOUND('',#2751,.T.);
#2149=FACE_OUTER_BOUND('',#2752,.T.);
#2150=FACE_OUTER_BOUND('',#2754,.T.);
#2151=FACE_OUTER_BOUND('',#2755,.T.);
#2152=FACE_OUTER_BOUND('',#2756,.T.);
#2153=FACE_OUTER_BOUND('',#2757,.T.);
#2154=FACE_OUTER_BOUND('',#2758,.T.);
#2155=FACE_OUTER_BOUND('',#2759,.T.);
#2156=FACE_OUTER_BOUND('',#2760,.T.);
#2157=FACE_OUTER_BOUND('',#2761,.T.);
#2158=FACE_OUTER_BOUND('',#2762,.T.);
#2159=FACE_OUTER_BOUND('',#2763,.T.);
#2160=FACE_OUTER_BOUND('',#2764,.T.);
#2161=FACE_OUTER_BOUND('',#2765,.T.);
#2162=FACE_OUTER_BOUND('',#2766,.T.);
#2163=FACE_OUTER_BOUND('',#2767,.T.);
#2164=FACE_OUTER_BOUND('',#2768,.T.);
#2165=FACE_OUTER_BOUND('',#2769,.T.);
#2166=FACE_OUTER_BOUND('',#2770,.T.);
#2167=FACE_OUTER_BOUND('',#2772,.T.);
#2168=FACE_OUTER_BOUND('',#2773,.T.);
#2169=FACE_OUTER_BOUND('',#2774,.T.);
#2170=FACE_OUTER_BOUND('',#2775,.T.);
#2171=FACE_OUTER_BOUND('',#2776,.T.);
#2172=FACE_OUTER_BOUND('',#2777,.T.);
#2173=FACE_OUTER_BOUND('',#2778,.T.);
#2174=FACE_OUTER_BOUND('',#2779,.T.);
#2175=FACE_OUTER_BOUND('',#2781,.T.);
#2176=FACE_OUTER_BOUND('',#2782,.T.);
#2177=FACE_OUTER_BOUND('',#2783,.T.);
#2178=FACE_OUTER_BOUND('',#2791,.T.);
#2179=FACE_OUTER_BOUND('',#2799,.T.);
#2180=FACE_OUTER_BOUND('',#2800,.T.);
#2181=FACE_OUTER_BOUND('',#2801,.T.);
#2182=FACE_OUTER_BOUND('',#2802,.T.);
#2183=FACE_OUTER_BOUND('',#2803,.T.);
#2184=FACE_OUTER_BOUND('',#2804,.T.);
#2185=FACE_OUTER_BOUND('',#2805,.T.);
#2186=FACE_OUTER_BOUND('',#2806,.T.);
#2187=FACE_OUTER_BOUND('',#2807,.T.);
#2188=FACE_OUTER_BOUND('',#2808,.T.);
#2189=FACE_OUTER_BOUND('',#2809,.T.);
#2190=FACE_OUTER_BOUND('',#2810,.T.);
#2191=FACE_OUTER_BOUND('',#2811,.T.);
#2192=FACE_OUTER_BOUND('',#2812,.T.);
#2193=FACE_OUTER_BOUND('',#2813,.T.);
#2194=FACE_OUTER_BOUND('',#2814,.T.);
#2195=FACE_OUTER_BOUND('',#2815,.T.);
#2196=FACE_OUTER_BOUND('',#2816,.T.);
#2197=FACE_OUTER_BOUND('',#2817,.T.);
#2198=FACE_OUTER_BOUND('',#2818,.T.);
#2199=FACE_OUTER_BOUND('',#2819,.T.);
#2200=FACE_OUTER_BOUND('',#2820,.T.);
#2201=FACE_OUTER_BOUND('',#2821,.T.);
#2202=FACE_OUTER_BOUND('',#2822,.T.);
#2203=FACE_OUTER_BOUND('',#2823,.T.);
#2204=FACE_OUTER_BOUND('',#2824,.T.);
#2205=FACE_OUTER_BOUND('',#2825,.T.);
#2206=FACE_OUTER_BOUND('',#2826,.T.);
#2207=FACE_OUTER_BOUND('',#2827,.T.);
#2208=FACE_OUTER_BOUND('',#2828,.T.);
#2209=FACE_OUTER_BOUND('',#2829,.T.);
#2210=FACE_OUTER_BOUND('',#2830,.T.);
#2211=FACE_OUTER_BOUND('',#2831,.T.);
#2212=FACE_OUTER_BOUND('',#2832,.T.);
#2213=FACE_OUTER_BOUND('',#2833,.T.);
#2214=FACE_OUTER_BOUND('',#2834,.T.);
#2215=FACE_OUTER_BOUND('',#2835,.T.);
#2216=FACE_OUTER_BOUND('',#2836,.T.);
#2217=FACE_OUTER_BOUND('',#2837,.T.);
#2218=FACE_OUTER_BOUND('',#2838,.T.);
#2219=FACE_OUTER_BOUND('',#2839,.T.);
#2220=FACE_OUTER_BOUND('',#2840,.T.);
#2221=FACE_OUTER_BOUND('',#2841,.T.);
#2222=FACE_OUTER_BOUND('',#2842,.T.);
#2223=FACE_OUTER_BOUND('',#2843,.T.);
#2224=FACE_OUTER_BOUND('',#2844,.T.);
#2225=FACE_OUTER_BOUND('',#2845,.T.);
#2226=FACE_OUTER_BOUND('',#2846,.T.);
#2227=FACE_OUTER_BOUND('',#2847,.T.);
#2228=FACE_OUTER_BOUND('',#2848,.T.);
#2229=FACE_OUTER_BOUND('',#2849,.T.);
#2230=FACE_OUTER_BOUND('',#2850,.T.);
#2231=FACE_OUTER_BOUND('',#2852,.T.);
#2232=FACE_OUTER_BOUND('',#2853,.T.);
#2233=FACE_OUTER_BOUND('',#2854,.T.);
#2234=FACE_OUTER_BOUND('',#2855,.T.);
#2235=FACE_OUTER_BOUND('',#2856,.T.);
#2236=FACE_OUTER_BOUND('',#2857,.T.);
#2237=FACE_OUTER_BOUND('',#2858,.T.);
#2238=FACE_OUTER_BOUND('',#2859,.T.);
#2239=FACE_OUTER_BOUND('',#2860,.T.);
#2240=FACE_OUTER_BOUND('',#2861,.T.);
#2241=FACE_OUTER_BOUND('',#2862,.T.);
#2242=FACE_OUTER_BOUND('',#2863,.T.);
#2243=FACE_OUTER_BOUND('',#2864,.T.);
#2244=FACE_OUTER_BOUND('',#2865,.T.);
#2245=FACE_OUTER_BOUND('',#2866,.T.);
#2246=FACE_OUTER_BOUND('',#2867,.T.);
#2247=FACE_OUTER_BOUND('',#2869,.T.);
#2248=FACE_OUTER_BOUND('',#2870,.T.);
#2249=FACE_OUTER_BOUND('',#2871,.T.);
#2250=FACE_OUTER_BOUND('',#2872,.T.);
#2251=FACE_OUTER_BOUND('',#2873,.T.);
#2252=FACE_OUTER_BOUND('',#2874,.T.);
#2253=FACE_OUTER_BOUND('',#2875,.T.);
#2254=FACE_OUTER_BOUND('',#2876,.T.);
#2255=FACE_OUTER_BOUND('',#2877,.T.);
#2256=FACE_OUTER_BOUND('',#2878,.T.);
#2257=FACE_OUTER_BOUND('',#2879,.T.);
#2258=FACE_OUTER_BOUND('',#2880,.T.);
#2259=FACE_OUTER_BOUND('',#2881,.T.);
#2260=FACE_OUTER_BOUND('',#2882,.T.);
#2261=FACE_OUTER_BOUND('',#2883,.T.);
#2262=FACE_OUTER_BOUND('',#2884,.T.);
#2263=FACE_OUTER_BOUND('',#2885,.T.);
#2264=FACE_OUTER_BOUND('',#2886,.T.);
#2265=FACE_OUTER_BOUND('',#2887,.T.);
#2266=FACE_OUTER_BOUND('',#2888,.T.);
#2267=FACE_OUTER_BOUND('',#2889,.T.);
#2268=FACE_OUTER_BOUND('',#2891,.T.);
#2269=FACE_OUTER_BOUND('',#2892,.T.);
#2270=FACE_OUTER_BOUND('',#2893,.T.);
#2271=FACE_OUTER_BOUND('',#2894,.T.);
#2272=FACE_OUTER_BOUND('',#2895,.T.);
#2273=FACE_OUTER_BOUND('',#2896,.T.);
#2274=FACE_OUTER_BOUND('',#2897,.T.);
#2275=FACE_OUTER_BOUND('',#2898,.T.);
#2276=FACE_OUTER_BOUND('',#2900,.T.);
#2277=FACE_OUTER_BOUND('',#2901,.T.);
#2278=FACE_OUTER_BOUND('',#2902,.T.);
#2279=FACE_OUTER_BOUND('',#2903,.T.);
#2280=FACE_OUTER_BOUND('',#2904,.T.);
#2281=FACE_OUTER_BOUND('',#2905,.T.);
#2282=FACE_OUTER_BOUND('',#2906,.T.);
#2283=FACE_OUTER_BOUND('',#2907,.T.);
#2284=FACE_OUTER_BOUND('',#2908,.T.);
#2285=FACE_OUTER_BOUND('',#2909,.T.);
#2286=FACE_OUTER_BOUND('',#2910,.T.);
#2287=FACE_OUTER_BOUND('',#2911,.T.);
#2288=FACE_OUTER_BOUND('',#2912,.T.);
#2289=FACE_OUTER_BOUND('',#2913,.T.);
#2290=FACE_OUTER_BOUND('',#2914,.T.);
#2291=FACE_OUTER_BOUND('',#2915,.T.);
#2292=FACE_OUTER_BOUND('',#2916,.T.);
#2293=FACE_OUTER_BOUND('',#2918,.T.);
#2294=FACE_OUTER_BOUND('',#2919,.T.);
#2295=FACE_OUTER_BOUND('',#2920,.T.);
#2296=FACE_OUTER_BOUND('',#2921,.T.);
#2297=FACE_OUTER_BOUND('',#2922,.T.);
#2298=FACE_OUTER_BOUND('',#2923,.T.);
#2299=FACE_OUTER_BOUND('',#2924,.T.);
#2300=FACE_OUTER_BOUND('',#2925,.T.);
#2301=FACE_OUTER_BOUND('',#2927,.T.);
#2302=FACE_OUTER_BOUND('',#2928,.T.);
#2303=FACE_OUTER_BOUND('',#2929,.T.);
#2304=FACE_OUTER_BOUND('',#2937,.T.);
#2305=FACE_OUTER_BOUND('',#2945,.T.);
#2306=FACE_OUTER_BOUND('',#2946,.T.);
#2307=FACE_OUTER_BOUND('',#2948,.T.);
#2308=FACE_OUTER_BOUND('',#2949,.T.);
#2309=FACE_OUTER_BOUND('',#2950,.T.);
#2310=FACE_OUTER_BOUND('',#2952,.T.);
#2311=FACE_OUTER_BOUND('',#2953,.T.);
#2312=FACE_OUTER_BOUND('',#2955,.T.);
#2313=FACE_OUTER_BOUND('',#2956,.T.);
#2314=FACE_OUTER_BOUND('',#2957,.T.);
#2315=FACE_OUTER_BOUND('',#2958,.T.);
#2316=FACE_OUTER_BOUND('',#2959,.T.);
#2317=FACE_OUTER_BOUND('',#2960,.T.);
#2318=FACE_OUTER_BOUND('',#2961,.T.);
#2319=FACE_OUTER_BOUND('',#2962,.T.);
#2320=FACE_OUTER_BOUND('',#2963,.T.);
#2321=FACE_OUTER_BOUND('',#2964,.T.);
#2322=FACE_OUTER_BOUND('',#2965,.T.);
#2323=FACE_OUTER_BOUND('',#2966,.T.);
#2324=FACE_OUTER_BOUND('',#2967,.T.);
#2325=FACE_OUTER_BOUND('',#2968,.T.);
#2326=FACE_OUTER_BOUND('',#2969,.T.);
#2327=FACE_OUTER_BOUND('',#2970,.T.);
#2328=FACE_OUTER_BOUND('',#2971,.T.);
#2329=FACE_OUTER_BOUND('',#2972,.T.);
#2330=FACE_OUTER_BOUND('',#2973,.T.);
#2331=FACE_OUTER_BOUND('',#2974,.T.);
#2332=FACE_OUTER_BOUND('',#2975,.T.);
#2333=FACE_OUTER_BOUND('',#2976,.T.);
#2334=FACE_OUTER_BOUND('',#2977,.T.);
#2335=FACE_OUTER_BOUND('',#2978,.T.);
#2336=FACE_OUTER_BOUND('',#2979,.T.);
#2337=FACE_OUTER_BOUND('',#2980,.T.);
#2338=FACE_OUTER_BOUND('',#2981,.T.);
#2339=FACE_OUTER_BOUND('',#2982,.T.);
#2340=FACE_OUTER_BOUND('',#2983,.T.);
#2341=FACE_OUTER_BOUND('',#2984,.T.);
#2342=FACE_OUTER_BOUND('',#2985,.T.);
#2343=FACE_OUTER_BOUND('',#2986,.T.);
#2344=FACE_OUTER_BOUND('',#2987,.T.);
#2345=FACE_OUTER_BOUND('',#2988,.T.);
#2346=FACE_OUTER_BOUND('',#2989,.T.);
#2347=FACE_OUTER_BOUND('',#2990,.T.);
#2348=FACE_OUTER_BOUND('',#2991,.T.);
#2349=FACE_OUTER_BOUND('',#2992,.T.);
#2350=FACE_OUTER_BOUND('',#2993,.T.);
#2351=FACE_OUTER_BOUND('',#2994,.T.);
#2352=FACE_OUTER_BOUND('',#2995,.T.);
#2353=FACE_OUTER_BOUND('',#2996,.T.);
#2354=FACE_OUTER_BOUND('',#2997,.T.);
#2355=FACE_OUTER_BOUND('',#2998,.T.);
#2356=FACE_OUTER_BOUND('',#2999,.T.);
#2357=FACE_OUTER_BOUND('',#3000,.T.);
#2358=FACE_OUTER_BOUND('',#3001,.T.);
#2359=FACE_OUTER_BOUND('',#3002,.T.);
#2360=FACE_OUTER_BOUND('',#3003,.T.);
#2361=FACE_OUTER_BOUND('',#3004,.T.);
#2362=FACE_OUTER_BOUND('',#3005,.T.);
#2363=FACE_OUTER_BOUND('',#3013,.T.);
#2364=FACE_OUTER_BOUND('',#3021,.T.);
#2365=FACE_OUTER_BOUND('',#3022,.T.);
#2366=FACE_OUTER_BOUND('',#3023,.T.);
#2367=FACE_OUTER_BOUND('',#3025,.T.);
#2368=FACE_OUTER_BOUND('',#3026,.T.);
#2369=FACE_OUTER_BOUND('',#3027,.T.);
#2370=FACE_OUTER_BOUND('',#3028,.T.);
#2371=FACE_OUTER_BOUND('',#3029,.T.);
#2372=FACE_OUTER_BOUND('',#3030,.T.);
#2373=FACE_OUTER_BOUND('',#3031,.T.);
#2374=FACE_OUTER_BOUND('',#3032,.T.);
#2375=FACE_OUTER_BOUND('',#3034,.T.);
#2376=FACE_OUTER_BOUND('',#3035,.T.);
#2377=FACE_OUTER_BOUND('',#3036,.T.);
#2378=FACE_OUTER_BOUND('',#3037,.T.);
#2379=FACE_OUTER_BOUND('',#3038,.T.);
#2380=FACE_OUTER_BOUND('',#3039,.T.);
#2381=FACE_OUTER_BOUND('',#3040,.T.);
#2382=FACE_OUTER_BOUND('',#3041,.T.);
#2383=FACE_OUTER_BOUND('',#3042,.T.);
#2384=FACE_OUTER_BOUND('',#3043,.T.);
#2385=FACE_OUTER_BOUND('',#3044,.T.);
#2386=FACE_OUTER_BOUND('',#3045,.T.);
#2387=FACE_OUTER_BOUND('',#3046,.T.);
#2388=FACE_OUTER_BOUND('',#3047,.T.);
#2389=FACE_OUTER_BOUND('',#3048,.T.);
#2390=FACE_OUTER_BOUND('',#3049,.T.);
#2391=FACE_OUTER_BOUND('',#3050,.T.);
#2392=FACE_OUTER_BOUND('',#3052,.T.);
#2393=FACE_OUTER_BOUND('',#3053,.T.);
#2394=FACE_OUTER_BOUND('',#3054,.T.);
#2395=FACE_OUTER_BOUND('',#3055,.T.);
#2396=FACE_OUTER_BOUND('',#3056,.T.);
#2397=FACE_OUTER_BOUND('',#3057,.T.);
#2398=FACE_OUTER_BOUND('',#3058,.T.);
#2399=FACE_OUTER_BOUND('',#3059,.T.);
#2400=FACE_OUTER_BOUND('',#3061,.T.);
#2401=FACE_OUTER_BOUND('',#3062,.T.);
#2402=FACE_OUTER_BOUND('',#3063,.T.);
#2403=FACE_OUTER_BOUND('',#3064,.T.);
#2404=FACE_OUTER_BOUND('',#3065,.T.);
#2405=FACE_OUTER_BOUND('',#3066,.T.);
#2406=FACE_OUTER_BOUND('',#3067,.T.);
#2407=FACE_OUTER_BOUND('',#3068,.T.);
#2408=FACE_OUTER_BOUND('',#3069,.T.);
#2409=FACE_OUTER_BOUND('',#3070,.T.);
#2410=FACE_OUTER_BOUND('',#3071,.T.);
#2411=FACE_OUTER_BOUND('',#3072,.T.);
#2412=FACE_OUTER_BOUND('',#3073,.T.);
#2413=FACE_OUTER_BOUND('',#3074,.T.);
#2414=FACE_OUTER_BOUND('',#3075,.T.);
#2415=FACE_OUTER_BOUND('',#3076,.T.);
#2416=FACE_OUTER_BOUND('',#3077,.T.);
#2417=FACE_OUTER_BOUND('',#3078,.T.);
#2418=FACE_OUTER_BOUND('',#3079,.T.);
#2419=FACE_OUTER_BOUND('',#3080,.T.);
#2420=FACE_OUTER_BOUND('',#3081,.T.);
#2421=FACE_OUTER_BOUND('',#3083,.T.);
#2422=FACE_OUTER_BOUND('',#3084,.T.);
#2423=FACE_OUTER_BOUND('',#3085,.T.);
#2424=FACE_OUTER_BOUND('',#3086,.T.);
#2425=FACE_OUTER_BOUND('',#3087,.T.);
#2426=FACE_OUTER_BOUND('',#3088,.T.);
#2427=FACE_OUTER_BOUND('',#3089,.T.);
#2428=FACE_OUTER_BOUND('',#3090,.T.);
#2429=FACE_OUTER_BOUND('',#3091,.T.);
#2430=FACE_OUTER_BOUND('',#3092,.T.);
#2431=FACE_OUTER_BOUND('',#3093,.T.);
#2432=FACE_OUTER_BOUND('',#3094,.T.);
#2433=FACE_OUTER_BOUND('',#3095,.T.);
#2434=FACE_OUTER_BOUND('',#3096,.T.);
#2435=FACE_OUTER_BOUND('',#3097,.T.);
#2436=FACE_OUTER_BOUND('',#3098,.T.);
#2437=FACE_OUTER_BOUND('',#3100,.T.);
#2438=FACE_OUTER_BOUND('',#3101,.T.);
#2439=FACE_OUTER_BOUND('',#3102,.T.);
#2440=FACE_OUTER_BOUND('',#3103,.T.);
#2441=FACE_OUTER_BOUND('',#3104,.T.);
#2442=FACE_OUTER_BOUND('',#3105,.T.);
#2443=FACE_OUTER_BOUND('',#3106,.T.);
#2444=FACE_OUTER_BOUND('',#3107,.T.);
#2445=FACE_OUTER_BOUND('',#3108,.T.);
#2446=FACE_OUTER_BOUND('',#3109,.T.);
#2447=FACE_OUTER_BOUND('',#3110,.T.);
#2448=FACE_OUTER_BOUND('',#3111,.T.);
#2449=FACE_OUTER_BOUND('',#3112,.T.);
#2450=FACE_OUTER_BOUND('',#3113,.T.);
#2451=FACE_OUTER_BOUND('',#3114,.T.);
#2452=FACE_OUTER_BOUND('',#3115,.T.);
#2453=FACE_OUTER_BOUND('',#3116,.T.);
#2454=FACE_OUTER_BOUND('',#3117,.T.);
#2455=FACE_OUTER_BOUND('',#3118,.T.);
#2456=FACE_OUTER_BOUND('',#3119,.T.);
#2457=FACE_OUTER_BOUND('',#3120,.T.);
#2458=FACE_OUTER_BOUND('',#3121,.T.);
#2459=FACE_OUTER_BOUND('',#3122,.T.);
#2460=FACE_OUTER_BOUND('',#3123,.T.);
#2461=FACE_OUTER_BOUND('',#3124,.T.);
#2462=FACE_OUTER_BOUND('',#3125,.T.);
#2463=FACE_OUTER_BOUND('',#3126,.T.);
#2464=FACE_OUTER_BOUND('',#3127,.T.);
#2465=FACE_OUTER_BOUND('',#3128,.T.);
#2466=FACE_OUTER_BOUND('',#3129,.T.);
#2467=FACE_OUTER_BOUND('',#3130,.T.);
#2468=FACE_OUTER_BOUND('',#3138,.T.);
#2469=FACE_OUTER_BOUND('',#3146,.T.);
#2470=FACE_OUTER_BOUND('',#3154,.T.);
#2471=FACE_OUTER_BOUND('',#3162,.T.);
#2472=FACE_OUTER_BOUND('',#3163,.T.);
#2473=FACE_OUTER_BOUND('',#3164,.T.);
#2474=FACE_OUTER_BOUND('',#3166,.T.);
#2475=FACE_OUTER_BOUND('',#3167,.T.);
#2476=FACE_OUTER_BOUND('',#3168,.T.);
#2477=FACE_OUTER_BOUND('',#3169,.T.);
#2478=FACE_OUTER_BOUND('',#3170,.T.);
#2479=FACE_OUTER_BOUND('',#3171,.T.);
#2480=FACE_OUTER_BOUND('',#3172,.T.);
#2481=FACE_OUTER_BOUND('',#3173,.T.);
#2482=FACE_OUTER_BOUND('',#3175,.T.);
#2483=FACE_OUTER_BOUND('',#3176,.T.);
#2484=FACE_OUTER_BOUND('',#3177,.T.);
#2485=FACE_OUTER_BOUND('',#3178,.T.);
#2486=FACE_OUTER_BOUND('',#3179,.T.);
#2487=FACE_OUTER_BOUND('',#3180,.T.);
#2488=FACE_OUTER_BOUND('',#3181,.T.);
#2489=FACE_OUTER_BOUND('',#3182,.T.);
#2490=FACE_OUTER_BOUND('',#3183,.T.);
#2491=FACE_OUTER_BOUND('',#3184,.T.);
#2492=FACE_OUTER_BOUND('',#3185,.T.);
#2493=FACE_OUTER_BOUND('',#3186,.T.);
#2494=FACE_OUTER_BOUND('',#3187,.T.);
#2495=FACE_OUTER_BOUND('',#3188,.T.);
#2496=FACE_OUTER_BOUND('',#3189,.T.);
#2497=FACE_OUTER_BOUND('',#3190,.T.);
#2498=FACE_OUTER_BOUND('',#3191,.T.);
#2499=FACE_OUTER_BOUND('',#3193,.T.);
#2500=FACE_OUTER_BOUND('',#3194,.T.);
#2501=FACE_OUTER_BOUND('',#3195,.T.);
#2502=FACE_OUTER_BOUND('',#3196,.T.);
#2503=FACE_OUTER_BOUND('',#3197,.T.);
#2504=FACE_OUTER_BOUND('',#3198,.T.);
#2505=FACE_OUTER_BOUND('',#3199,.T.);
#2506=FACE_OUTER_BOUND('',#3200,.T.);
#2507=FACE_OUTER_BOUND('',#3202,.T.);
#2508=FACE_OUTER_BOUND('',#3203,.T.);
#2509=FACE_OUTER_BOUND('',#3204,.T.);
#2510=FACE_OUTER_BOUND('',#3205,.T.);
#2511=FACE_OUTER_BOUND('',#3206,.T.);
#2512=FACE_OUTER_BOUND('',#3207,.T.);
#2513=FACE_OUTER_BOUND('',#3208,.T.);
#2514=FACE_OUTER_BOUND('',#3209,.T.);
#2515=FACE_OUTER_BOUND('',#3210,.T.);
#2516=FACE_OUTER_BOUND('',#3211,.T.);
#2517=FACE_OUTER_BOUND('',#3212,.T.);
#2518=FACE_OUTER_BOUND('',#3213,.T.);
#2519=FACE_OUTER_BOUND('',#3214,.T.);
#2520=FACE_OUTER_BOUND('',#3215,.T.);
#2521=FACE_OUTER_BOUND('',#3216,.T.);
#2522=FACE_OUTER_BOUND('',#3217,.T.);
#2523=FACE_OUTER_BOUND('',#3218,.T.);
#2524=FACE_OUTER_BOUND('',#3219,.T.);
#2525=FACE_OUTER_BOUND('',#3220,.T.);
#2526=FACE_OUTER_BOUND('',#3221,.T.);
#2527=FACE_OUTER_BOUND('',#3222,.T.);
#2528=FACE_OUTER_BOUND('',#3224,.T.);
#2529=FACE_OUTER_BOUND('',#3225,.T.);
#2530=FACE_OUTER_BOUND('',#3226,.T.);
#2531=FACE_OUTER_BOUND('',#3227,.T.);
#2532=FACE_OUTER_BOUND('',#3228,.T.);
#2533=FACE_OUTER_BOUND('',#3229,.T.);
#2534=FACE_OUTER_BOUND('',#3230,.T.);
#2535=FACE_OUTER_BOUND('',#3231,.T.);
#2536=FACE_OUTER_BOUND('',#3232,.T.);
#2537=FACE_OUTER_BOUND('',#3233,.T.);
#2538=FACE_OUTER_BOUND('',#3234,.T.);
#2539=FACE_OUTER_BOUND('',#3235,.T.);
#2540=FACE_OUTER_BOUND('',#3236,.T.);
#2541=FACE_OUTER_BOUND('',#3237,.T.);
#2542=FACE_OUTER_BOUND('',#3238,.T.);
#2543=FACE_OUTER_BOUND('',#3239,.T.);
#2544=FACE_OUTER_BOUND('',#3241,.T.);
#2545=FACE_OUTER_BOUND('',#3242,.T.);
#2546=EDGE_LOOP('',(#5973));
#2547=EDGE_LOOP('',(#5974));
#2548=EDGE_LOOP('',(#5975,#5976,#5977,#5978));
#2549=EDGE_LOOP('',(#5979,#5980,#5981,#5982));
#2550=EDGE_LOOP('',(#5983));
#2551=EDGE_LOOP('',(#5984));
#2552=EDGE_LOOP('',(#5985,#5986,#5987,#5988));
#2553=EDGE_LOOP('',(#5989,#5990,#5991,#5992));
#2554=EDGE_LOOP('',(#5993));
#2555=EDGE_LOOP('',(#5994));
#2556=EDGE_LOOP('',(#5995,#5996,#5997,#5998));
#2557=EDGE_LOOP('',(#5999,#6000,#6001,#6002));
#2558=EDGE_LOOP('',(#6003,#6004,#6005,#6006,#6007));
#2559=EDGE_LOOP('',(#6008,#6009,#6010,#6011,#6012));
#2560=EDGE_LOOP('',(#6013,#6014,#6015,#6016));
#2561=EDGE_LOOP('',(#6017));
#2562=EDGE_LOOP('',(#6018));
#2563=EDGE_LOOP('',(#6019,#6020,#6021,#6022));
#2564=EDGE_LOOP('',(#6023,#6024,#6025,#6026));
#2565=EDGE_LOOP('',(#6027,#6028,#6029,#6030));
#2566=EDGE_LOOP('',(#6031));
#2567=EDGE_LOOP('',(#6032));
#2568=EDGE_LOOP('',(#6033,#6034,#6035,#6036,#6037));
#2569=EDGE_LOOP('',(#6038,#6039,#6040,#6041,#6042));
#2570=EDGE_LOOP('',(#6043,#6044,#6045,#6046));
#2571=EDGE_LOOP('',(#6047));
#2572=EDGE_LOOP('',(#6048));
#2573=EDGE_LOOP('',(#6049,#6050,#6051,#6052));
#2574=EDGE_LOOP('',(#6053,#6054,#6055,#6056));
#2575=EDGE_LOOP('',(#6057));
#2576=EDGE_LOOP('',(#6058));
#2577=EDGE_LOOP('',(#6059,#6060,#6061,#6062));
#2578=EDGE_LOOP('',(#6063,#6064,#6065,#6066));
#2579=EDGE_LOOP('',(#6067));
#2580=EDGE_LOOP('',(#6068));
#2581=EDGE_LOOP('',(#6069,#6070,#6071,#6072));
#2582=EDGE_LOOP('',(#6073,#6074,#6075,#6076));
#2583=EDGE_LOOP('',(#6077));
#2584=EDGE_LOOP('',(#6078));
#2585=EDGE_LOOP('',(#6079));
#2586=EDGE_LOOP('',(#6080));
#2587=EDGE_LOOP('',(#6081,#6082,#6083,#6084,#6085));
#2588=EDGE_LOOP('',(#6086,#6087,#6088,#6089,#6090));
#2589=EDGE_LOOP('',(#6091,#6092,#6093,#6094));
#2590=EDGE_LOOP('',(#6095));
#2591=EDGE_LOOP('',(#6096));
#2592=EDGE_LOOP('',(#6097,#6098,#6099,#6100));
#2593=EDGE_LOOP('',(#6101,#6102,#6103,#6104));
#2594=EDGE_LOOP('',(#6105,#6106,#6107,#6108));
#2595=EDGE_LOOP('',(#6109));
#2596=EDGE_LOOP('',(#6110));
#2597=EDGE_LOOP('',(#6111,#6112,#6113,#6114,#6115));
#2598=EDGE_LOOP('',(#6116,#6117,#6118,#6119,#6120));
#2599=EDGE_LOOP('',(#6121,#6122,#6123,#6124));
#2600=EDGE_LOOP('',(#6125));
#2601=EDGE_LOOP('',(#6126));
#2602=EDGE_LOOP('',(#6127,#6128,#6129,#6130));
#2603=EDGE_LOOP('',(#6131,#6132,#6133,#6134));
#2604=EDGE_LOOP('',(#6135));
#2605=EDGE_LOOP('',(#6136));
#2606=EDGE_LOOP('',(#6137,#6138,#6139,#6140));
#2607=EDGE_LOOP('',(#6141,#6142,#6143,#6144));
#2608=EDGE_LOOP('',(#6145));
#2609=EDGE_LOOP('',(#6146));
#2610=EDGE_LOOP('',(#6147,#6148,#6149,#6150));
#2611=EDGE_LOOP('',(#6151,#6152,#6153,#6154));
#2612=EDGE_LOOP('',(#6155,#6156,#6157,#6158,#6159));
#2613=EDGE_LOOP('',(#6160,#6161,#6162,#6163,#6164));
#2614=EDGE_LOOP('',(#6165,#6166,#6167,#6168));
#2615=EDGE_LOOP('',(#6169));
#2616=EDGE_LOOP('',(#6170));
#2617=EDGE_LOOP('',(#6171,#6172,#6173,#6174,#6175));
#2618=EDGE_LOOP('',(#6176,#6177,#6178,#6179,#6180));
#2619=EDGE_LOOP('',(#6181,#6182,#6183,#6184));
#2620=EDGE_LOOP('',(#6185));
#2621=EDGE_LOOP('',(#6186));
#2622=EDGE_LOOP('',(#6187,#6188,#6189,#6190));
#2623=EDGE_LOOP('',(#6191,#6192,#6193,#6194));
#2624=EDGE_LOOP('',(#6195,#6196,#6197,#6198));
#2625=EDGE_LOOP('',(#6199));
#2626=EDGE_LOOP('',(#6200));
#2627=EDGE_LOOP('',(#6201,#6202,#6203,#6204));
#2628=EDGE_LOOP('',(#6205,#6206,#6207,#6208));
#2629=EDGE_LOOP('',(#6209));
#2630=EDGE_LOOP('',(#6210));
#2631=EDGE_LOOP('',(#6211,#6212,#6213,#6214));
#2632=EDGE_LOOP('',(#6215,#6216,#6217,#6218));
#2633=EDGE_LOOP('',(#6219));
#2634=EDGE_LOOP('',(#6220));
#2635=EDGE_LOOP('',(#6221,#6222,#6223,#6224,#6225));
#2636=EDGE_LOOP('',(#6226,#6227,#6228,#6229,#6230));
#2637=EDGE_LOOP('',(#6231,#6232,#6233,#6234));
#2638=EDGE_LOOP('',(#6235));
#2639=EDGE_LOOP('',(#6236));
#2640=EDGE_LOOP('',(#6237,#6238,#6239,#6240,#6241));
#2641=EDGE_LOOP('',(#6242,#6243,#6244,#6245,#6246));
#2642=EDGE_LOOP('',(#6247,#6248,#6249,#6250));
#2643=EDGE_LOOP('',(#6251));
#2644=EDGE_LOOP('',(#6252));
#2645=EDGE_LOOP('',(#6253));
#2646=EDGE_LOOP('',(#6254));
#2647=EDGE_LOOP('',(#6255,#6256,#6257,#6258,#6259));
#2648=EDGE_LOOP('',(#6260,#6261,#6262,#6263));
#2649=EDGE_LOOP('',(#6264,#6265,#6266,#6267));
#2650=EDGE_LOOP('',(#6268,#6269,#6270,#6271,#6272));
#2651=EDGE_LOOP('',(#6273));
#2652=EDGE_LOOP('',(#6274,#6275,#6276,#6277));
#2653=EDGE_LOOP('',(#6278));
#2654=EDGE_LOOP('',(#6279));
#2655=EDGE_LOOP('',(#6280));
#2656=EDGE_LOOP('',(#6281));
#2657=EDGE_LOOP('',(#6282));
#2658=EDGE_LOOP('',(#6283));
#2659=EDGE_LOOP('',(#6284));
#2660=EDGE_LOOP('',(#6285,#6286,#6287,#6288,#6289,#6290));
#2661=EDGE_LOOP('',(#6291,#6292,#6293,#6294,#6295,#6296,#6297,#6298,#6299,
#6300,#6301,#6302));
#2662=EDGE_LOOP('',(#6303,#6304,#6305,#6306,#6307,#6308,#6309,#6310,#6311,
#6312,#6313,#6314));
#2663=EDGE_LOOP('',(#6315,#6316,#6317,#6318,#6319,#6320,#6321,#6322,#6323,
#6324,#6325,#6326));
#2664=EDGE_LOOP('',(#6327,#6328,#6329,#6330,#6331,#6332));
#2665=EDGE_LOOP('',(#6333,#6334,#6335,#6336,#6337,#6338));
#2666=EDGE_LOOP('',(#6339));
#2667=EDGE_LOOP('',(#6340,#6341,#6342,#6343));
#2668=EDGE_LOOP('',(#6344,#6345));
#2669=EDGE_LOOP('',(#6346));
#2670=EDGE_LOOP('',(#6347,#6348,#6349,#6350));
#2671=EDGE_LOOP('',(#6351,#6352,#6353,#6354));
#2672=EDGE_LOOP('',(#6355,#6356,#6357,#6358));
#2673=EDGE_LOOP('',(#6359,#6360,#6361,#6362));
#2674=EDGE_LOOP('',(#6363));
#2675=EDGE_LOOP('',(#6364,#6365,#6366,#6367));
#2676=EDGE_LOOP('',(#6368,#6369,#6370,#6371));
#2677=EDGE_LOOP('',(#6372,#6373,#6374,#6375,#6376));
#2678=EDGE_LOOP('',(#6377));
#2679=EDGE_LOOP('',(#6378,#6379,#6380,#6381,#6382,#6383,#6384,#6385,#6386));
#2680=EDGE_LOOP('',(#6387,#6388,#6389,#6390));
#2681=EDGE_LOOP('',(#6391,#6392,#6393,#6394));
#2682=EDGE_LOOP('',(#6395,#6396,#6397,#6398));
#2683=EDGE_LOOP('',(#6399,#6400,#6401,#6402));
#2684=EDGE_LOOP('',(#6403,#6404,#6405,#6406));
#2685=EDGE_LOOP('',(#6407,#6408,#6409,#6410));
#2686=EDGE_LOOP('',(#6411));
#2687=EDGE_LOOP('',(#6412,#6413,#6414,#6415,#6416,#6417,#6418,#6419,#6420));
#2688=EDGE_LOOP('',(#6421,#6422,#6423,#6424));
#2689=EDGE_LOOP('',(#6425,#6426,#6427,#6428));
#2690=EDGE_LOOP('',(#6429,#6430,#6431,#6432));
#2691=EDGE_LOOP('',(#6433,#6434,#6435,#6436));
#2692=EDGE_LOOP('',(#6437,#6438,#6439,#6440));
#2693=EDGE_LOOP('',(#6441,#6442,#6443,#6444));
#2694=EDGE_LOOP('',(#6445));
#2695=EDGE_LOOP('',(#6446,#6447,#6448,#6449,#6450,#6451,#6452,#6453,#6454));
#2696=EDGE_LOOP('',(#6455,#6456,#6457,#6458));
#2697=EDGE_LOOP('',(#6459,#6460,#6461,#6462));
#2698=EDGE_LOOP('',(#6463,#6464,#6465,#6466));
#2699=EDGE_LOOP('',(#6467,#6468,#6469,#6470));
#2700=EDGE_LOOP('',(#6471,#6472,#6473,#6474));
#2701=EDGE_LOOP('',(#6475,#6476,#6477,#6478));
#2702=EDGE_LOOP('',(#6479,#6480,#6481,#6482,#6483));
#2703=EDGE_LOOP('',(#6484,#6485,#6486,#6487));
#2704=EDGE_LOOP('',(#6488));
#2705=EDGE_LOOP('',(#6489));
#2706=EDGE_LOOP('',(#6490,#6491,#6492,#6493));
#2707=EDGE_LOOP('',(#6494));
#2708=EDGE_LOOP('',(#6495,#6496,#6497,#6498,#6499));
#2709=EDGE_LOOP('',(#6500,#6501,#6502));
#2710=EDGE_LOOP('',(#6503,#6504,#6505));
#2711=EDGE_LOOP('',(#6506,#6507,#6508));
#2712=EDGE_LOOP('',(#6509,#6510,#6511));
#2713=EDGE_LOOP('',(#6512,#6513,#6514));
#2714=EDGE_LOOP('',(#6515,#6516,#6517));
#2715=EDGE_LOOP('',(#6518,#6519,#6520));
#2716=EDGE_LOOP('',(#6521,#6522,#6523));
#2717=EDGE_LOOP('',(#6524,#6525,#6526));
#2718=EDGE_LOOP('',(#6527,#6528,#6529));
#2719=EDGE_LOOP('',(#6530,#6531,#6532));
#2720=EDGE_LOOP('',(#6533,#6534,#6535));
#2721=EDGE_LOOP('',(#6536,#6537,#6538,#6539,#6540,#6541,#6542,#6543,#6544,
#6545,#6546,#6547));
#2722=EDGE_LOOP('',(#6548));
#2723=EDGE_LOOP('',(#6549,#6550,#6551,#6552,#6553,#6554,#6555,#6556));
#2724=EDGE_LOOP('',(#6557,#6558,#6559,#6560,#6561,#6562,#6563,#6564));
#2725=EDGE_LOOP('',(#6565,#6566,#6567,#6568,#6569,#6570,#6571,#6572));
#2726=EDGE_LOOP('',(#6573,#6574,#6575,#6576,#6577,#6578,#6579,#6580));
#2727=EDGE_LOOP('',(#6581,#6582,#6583,#6584,#6585,#6586,#6587,#6588));
#2728=EDGE_LOOP('',(#6589,#6590,#6591,#6592,#6593,#6594,#6595,#6596));
#2729=EDGE_LOOP('',(#6597,#6598,#6599,#6600,#6601,#6602,#6603,#6604));
#2730=EDGE_LOOP('',(#6605,#6606,#6607));
#2731=EDGE_LOOP('',(#6608,#6609,#6610,#6611,#6612,#6613,#6614,#6615));
#2732=EDGE_LOOP('',(#6616,#6617,#6618));
#2733=EDGE_LOOP('',(#6619,#6620,#6621,#6622,#6623,#6624,#6625,#6626));
#2734=EDGE_LOOP('',(#6627,#6628,#6629));
#2735=EDGE_LOOP('',(#6630,#6631,#6632,#6633,#6634,#6635,#6636,#6637));
#2736=EDGE_LOOP('',(#6638,#6639,#6640));
#2737=EDGE_LOOP('',(#6641,#6642,#6643,#6644,#6645,#6646,#6647,#6648));
#2738=EDGE_LOOP('',(#6649,#6650,#6651));
#2739=EDGE_LOOP('',(#6652,#6653,#6654,#6655,#6656,#6657,#6658,#6659));
#2740=EDGE_LOOP('',(#6660,#6661,#6662));
#2741=EDGE_LOOP('',(#6663,#6664,#6665));
#2742=EDGE_LOOP('',(#6666,#6667,#6668));
#2743=EDGE_LOOP('',(#6669,#6670,#6671,#6672,#6673,#6674,#6675,#6676,#6677,
#6678,#6679,#6680));
#2744=EDGE_LOOP('',(#6681));
#2745=EDGE_LOOP('',(#6682,#6683,#6684));
#2746=EDGE_LOOP('',(#6685,#6686,#6687));
#2747=EDGE_LOOP('',(#6688,#6689,#6690));
#2748=EDGE_LOOP('',(#6691,#6692,#6693));
#2749=EDGE_LOOP('',(#6694,#6695,#6696,#6697,#6698));
#2750=EDGE_LOOP('',(#6699,#6700,#6701,#6702,#6703));
#2751=EDGE_LOOP('',(#6704,#6705,#6706,#6707));
#2752=EDGE_LOOP('',(#6708));
#2753=EDGE_LOOP('',(#6709));
#2754=EDGE_LOOP('',(#6710,#6711,#6712,#6713));
#2755=EDGE_LOOP('',(#6714));
#2756=EDGE_LOOP('',(#6715,#6716,#6717,#6718,#6719,#6720,#6721,#6722));
#2757=EDGE_LOOP('',(#6723,#6724,#6725));
#2758=EDGE_LOOP('',(#6726,#6727,#6728,#6729,#6730,#6731,#6732,#6733));
#2759=EDGE_LOOP('',(#6734,#6735,#6736));
#2760=EDGE_LOOP('',(#6737,#6738,#6739,#6740,#6741,#6742,#6743,#6744));
#2761=EDGE_LOOP('',(#6745,#6746,#6747));
#2762=EDGE_LOOP('',(#6748,#6749,#6750,#6751,#6752,#6753,#6754,#6755));
#2763=EDGE_LOOP('',(#6756,#6757,#6758));
#2764=EDGE_LOOP('',(#6759,#6760,#6761,#6762,#6763,#6764,#6765,#6766));
#2765=EDGE_LOOP('',(#6767,#6768,#6769));
#2766=EDGE_LOOP('',(#6770,#6771,#6772,#6773,#6774,#6775,#6776,#6777));
#2767=EDGE_LOOP('',(#6778,#6779,#6780));
#2768=EDGE_LOOP('',(#6781,#6782,#6783));
#2769=EDGE_LOOP('',(#6784,#6785,#6786));
#2770=EDGE_LOOP('',(#6787,#6788,#6789,#6790,#6791,#6792,#6793,#6794,#6795,
#6796,#6797,#6798));
#2771=EDGE_LOOP('',(#6799));
#2772=EDGE_LOOP('',(#6800,#6801,#6802));
#2773=EDGE_LOOP('',(#6803,#6804,#6805));
#2774=EDGE_LOOP('',(#6806,#6807,#6808));
#2775=EDGE_LOOP('',(#6809,#6810,#6811));
#2776=EDGE_LOOP('',(#6812,#6813,#6814,#6815,#6816));
#2777=EDGE_LOOP('',(#6817,#6818,#6819,#6820,#6821));
#2778=EDGE_LOOP('',(#6822,#6823,#6824,#6825));
#2779=EDGE_LOOP('',(#6826));
#2780=EDGE_LOOP('',(#6827));
#2781=EDGE_LOOP('',(#6828,#6829,#6830,#6831));
#2782=EDGE_LOOP('',(#6832));
#2783=EDGE_LOOP('',(#6833,#6834,#6835,#6836,#6837,#6838,#6839,#6840,#6841,
#6842,#6843,#6844));
#2784=EDGE_LOOP('',(#6845));
#2785=EDGE_LOOP('',(#6846));
#2786=EDGE_LOOP('',(#6847));
#2787=EDGE_LOOP('',(#6848));
#2788=EDGE_LOOP('',(#6849));
#2789=EDGE_LOOP('',(#6850));
#2790=EDGE_LOOP('',(#6851));
#2791=EDGE_LOOP('',(#6852,#6853,#6854,#6855,#6856,#6857,#6858,#6859,#6860,
#6861,#6862,#6863));
#2792=EDGE_LOOP('',(#6864));
#2793=EDGE_LOOP('',(#6865));
#2794=EDGE_LOOP('',(#6866));
#2795=EDGE_LOOP('',(#6867));
#2796=EDGE_LOOP('',(#6868));
#2797=EDGE_LOOP('',(#6869));
#2798=EDGE_LOOP('',(#6870));
#2799=EDGE_LOOP('',(#6871,#6872,#6873,#6874));
#2800=EDGE_LOOP('',(#6875,#6876,#6877,#6878));
#2801=EDGE_LOOP('',(#6879,#6880,#6881,#6882));
#2802=EDGE_LOOP('',(#6883,#6884,#6885,#6886));
#2803=EDGE_LOOP('',(#6887,#6888,#6889,#6890));
#2804=EDGE_LOOP('',(#6891,#6892,#6893,#6894));
#2805=EDGE_LOOP('',(#6895,#6896,#6897,#6898));
#2806=EDGE_LOOP('',(#6899,#6900,#6901,#6902));
#2807=EDGE_LOOP('',(#6903,#6904,#6905,#6906));
#2808=EDGE_LOOP('',(#6907,#6908,#6909,#6910));
#2809=EDGE_LOOP('',(#6911,#6912,#6913,#6914));
#2810=EDGE_LOOP('',(#6915,#6916,#6917,#6918));
#2811=EDGE_LOOP('',(#6919,#6920,#6921,#6922));
#2812=EDGE_LOOP('',(#6923,#6924,#6925,#6926));
#2813=EDGE_LOOP('',(#6927,#6928,#6929,#6930));
#2814=EDGE_LOOP('',(#6931,#6932,#6933,#6934));
#2815=EDGE_LOOP('',(#6935,#6936,#6937,#6938));
#2816=EDGE_LOOP('',(#6939,#6940,#6941,#6942));
#2817=EDGE_LOOP('',(#6943,#6944,#6945,#6946));
#2818=EDGE_LOOP('',(#6947,#6948,#6949,#6950));
#2819=EDGE_LOOP('',(#6951,#6952,#6953,#6954));
#2820=EDGE_LOOP('',(#6955,#6956,#6957,#6958));
#2821=EDGE_LOOP('',(#6959,#6960,#6961,#6962));
#2822=EDGE_LOOP('',(#6963,#6964,#6965,#6966));
#2823=EDGE_LOOP('',(#6967,#6968,#6969,#6970));
#2824=EDGE_LOOP('',(#6971,#6972,#6973,#6974));
#2825=EDGE_LOOP('',(#6975,#6976,#6977,#6978));
#2826=EDGE_LOOP('',(#6979,#6980,#6981,#6982));
#2827=EDGE_LOOP('',(#6983,#6984,#6985,#6986));
#2828=EDGE_LOOP('',(#6987,#6988,#6989,#6990));
#2829=EDGE_LOOP('',(#6991,#6992,#6993,#6994));
#2830=EDGE_LOOP('',(#6995,#6996,#6997,#6998,#6999,#7000,#7001,#7002,#7003));
#2831=EDGE_LOOP('',(#7004));
#2832=EDGE_LOOP('',(#7005,#7006,#7007,#7008));
#2833=EDGE_LOOP('',(#7009,#7010,#7011,#7012));
#2834=EDGE_LOOP('',(#7013,#7014,#7015,#7016));
#2835=EDGE_LOOP('',(#7017,#7018,#7019,#7020));
#2836=EDGE_LOOP('',(#7021,#7022,#7023,#7024));
#2837=EDGE_LOOP('',(#7025,#7026,#7027,#7028));
#2838=EDGE_LOOP('',(#7029,#7030,#7031,#7032,#7033,#7034,#7035,#7036,#7037));
#2839=EDGE_LOOP('',(#7038));
#2840=EDGE_LOOP('',(#7039,#7040,#7041,#7042));
#2841=EDGE_LOOP('',(#7043,#7044,#7045,#7046));
#2842=EDGE_LOOP('',(#7047,#7048,#7049,#7050));
#2843=EDGE_LOOP('',(#7051,#7052,#7053,#7054));
#2844=EDGE_LOOP('',(#7055,#7056,#7057,#7058));
#2845=EDGE_LOOP('',(#7059,#7060,#7061,#7062));
#2846=EDGE_LOOP('',(#7063,#7064,#7065,#7066,#7067,#7068,#7069,#7070,#7071));
#2847=EDGE_LOOP('',(#7072));
#2848=EDGE_LOOP('',(#7073,#7074,#7075,#7076,#7077));
#2849=EDGE_LOOP('',(#7078,#7079,#7080,#7081));
#2850=EDGE_LOOP('',(#7082));
#2851=EDGE_LOOP('',(#7083));
#2852=EDGE_LOOP('',(#7084,#7085,#7086,#7087));
#2853=EDGE_LOOP('',(#7088));
#2854=EDGE_LOOP('',(#7089,#7090,#7091,#7092,#7093));
#2855=EDGE_LOOP('',(#7094,#7095,#7096));
#2856=EDGE_LOOP('',(#7097,#7098,#7099));
#2857=EDGE_LOOP('',(#7100,#7101,#7102));
#2858=EDGE_LOOP('',(#7103,#7104,#7105));
#2859=EDGE_LOOP('',(#7106,#7107,#7108));
#2860=EDGE_LOOP('',(#7109,#7110,#7111));
#2861=EDGE_LOOP('',(#7112,#7113,#7114));
#2862=EDGE_LOOP('',(#7115,#7116,#7117));
#2863=EDGE_LOOP('',(#7118,#7119,#7120));
#2864=EDGE_LOOP('',(#7121,#7122,#7123));
#2865=EDGE_LOOP('',(#7124,#7125,#7126));
#2866=EDGE_LOOP('',(#7127,#7128,#7129));
#2867=EDGE_LOOP('',(#7130,#7131,#7132,#7133,#7134,#7135,#7136,#7137,#7138,
#7139,#7140,#7141));
#2868=EDGE_LOOP('',(#7142));
#2869=EDGE_LOOP('',(#7143,#7144,#7145,#7146,#7147,#7148,#7149,#7150));
#2870=EDGE_LOOP('',(#7151,#7152,#7153,#7154,#7155,#7156,#7157,#7158));
#2871=EDGE_LOOP('',(#7159,#7160,#7161,#7162,#7163,#7164,#7165,#7166));
#2872=EDGE_LOOP('',(#7167,#7168,#7169,#7170,#7171,#7172,#7173,#7174));
#2873=EDGE_LOOP('',(#7175,#7176,#7177,#7178,#7179,#7180,#7181,#7182));
#2874=EDGE_LOOP('',(#7183,#7184,#7185,#7186,#7187,#7188,#7189,#7190));
#2875=EDGE_LOOP('',(#7191,#7192,#7193,#7194,#7195,#7196,#7197,#7198));
#2876=EDGE_LOOP('',(#7199,#7200,#7201));
#2877=EDGE_LOOP('',(#7202,#7203,#7204,#7205,#7206,#7207,#7208,#7209));
#2878=EDGE_LOOP('',(#7210,#7211,#7212));
#2879=EDGE_LOOP('',(#7213,#7214,#7215,#7216,#7217,#7218,#7219,#7220));
#2880=EDGE_LOOP('',(#7221,#7222,#7223));
#2881=EDGE_LOOP('',(#7224,#7225,#7226,#7227,#7228,#7229,#7230,#7231));
#2882=EDGE_LOOP('',(#7232,#7233,#7234));
#2883=EDGE_LOOP('',(#7235,#7236,#7237,#7238,#7239,#7240,#7241,#7242));
#2884=EDGE_LOOP('',(#7243,#7244,#7245));
#2885=EDGE_LOOP('',(#7246,#7247,#7248,#7249,#7250,#7251,#7252,#7253));
#2886=EDGE_LOOP('',(#7254,#7255,#7256));
#2887=EDGE_LOOP('',(#7257,#7258,#7259));
#2888=EDGE_LOOP('',(#7260,#7261,#7262));
#2889=EDGE_LOOP('',(#7263,#7264,#7265,#7266,#7267,#7268,#7269,#7270,#7271,
#7272,#7273,#7274));
#2890=EDGE_LOOP('',(#7275));
#2891=EDGE_LOOP('',(#7276,#7277,#7278));
#2892=EDGE_LOOP('',(#7279,#7280,#7281));
#2893=EDGE_LOOP('',(#7282,#7283,#7284));
#2894=EDGE_LOOP('',(#7285,#7286,#7287));
#2895=EDGE_LOOP('',(#7288,#7289,#7290,#7291,#7292));
#2896=EDGE_LOOP('',(#7293,#7294,#7295,#7296,#7297));
#2897=EDGE_LOOP('',(#7298,#7299,#7300,#7301));
#2898=EDGE_LOOP('',(#7302));
#2899=EDGE_LOOP('',(#7303));
#2900=EDGE_LOOP('',(#7304,#7305,#7306,#7307));
#2901=EDGE_LOOP('',(#7308));
#2902=EDGE_LOOP('',(#7309,#7310,#7311,#7312,#7313,#7314,#7315,#7316));
#2903=EDGE_LOOP('',(#7317,#7318,#7319));
#2904=EDGE_LOOP('',(#7320,#7321,#7322,#7323,#7324,#7325,#7326,#7327));
#2905=EDGE_LOOP('',(#7328,#7329,#7330));
#2906=EDGE_LOOP('',(#7331,#7332,#7333,#7334,#7335,#7336,#7337,#7338));
#2907=EDGE_LOOP('',(#7339,#7340,#7341));
#2908=EDGE_LOOP('',(#7342,#7343,#7344,#7345,#7346,#7347,#7348,#7349));
#2909=EDGE_LOOP('',(#7350,#7351,#7352));
#2910=EDGE_LOOP('',(#7353,#7354,#7355,#7356,#7357,#7358,#7359,#7360));
#2911=EDGE_LOOP('',(#7361,#7362,#7363));
#2912=EDGE_LOOP('',(#7364,#7365,#7366,#7367,#7368,#7369,#7370,#7371));
#2913=EDGE_LOOP('',(#7372,#7373,#7374));
#2914=EDGE_LOOP('',(#7375,#7376,#7377));
#2915=EDGE_LOOP('',(#7378,#7379,#7380));
#2916=EDGE_LOOP('',(#7381,#7382,#7383,#7384,#7385,#7386,#7387,#7388,#7389,
#7390,#7391,#7392));
#2917=EDGE_LOOP('',(#7393));
#2918=EDGE_LOOP('',(#7394,#7395,#7396));
#2919=EDGE_LOOP('',(#7397,#7398,#7399));
#2920=EDGE_LOOP('',(#7400,#7401,#7402));
#2921=EDGE_LOOP('',(#7403,#7404,#7405));
#2922=EDGE_LOOP('',(#7406,#7407,#7408,#7409,#7410));
#2923=EDGE_LOOP('',(#7411,#7412,#7413,#7414,#7415));
#2924=EDGE_LOOP('',(#7416,#7417,#7418,#7419));
#2925=EDGE_LOOP('',(#7420));
#2926=EDGE_LOOP('',(#7421));
#2927=EDGE_LOOP('',(#7422,#7423,#7424,#7425));
#2928=EDGE_LOOP('',(#7426));
#2929=EDGE_LOOP('',(#7427));
#2930=EDGE_LOOP('',(#7428,#7429,#7430,#7431));
#2931=EDGE_LOOP('',(#7432));
#2932=EDGE_LOOP('',(#7433));
#2933=EDGE_LOOP('',(#7434));
#2934=EDGE_LOOP('',(#7435));
#2935=EDGE_LOOP('',(#7436));
#2936=EDGE_LOOP('',(#7437));
#2937=EDGE_LOOP('',(#7438));
#2938=EDGE_LOOP('',(#7439));
#2939=EDGE_LOOP('',(#7440,#7441,#7442,#7443,#7444,#7445,#7446,#7447,#7448,
#7449,#7450,#7451));
#2940=EDGE_LOOP('',(#7452,#7453,#7454,#7455,#7456,#7457,#7458,#7459,#7460,
#7461,#7462,#7463));
#2941=EDGE_LOOP('',(#7464,#7465,#7466,#7467,#7468,#7469,#7470,#7471,#7472,
#7473,#7474,#7475));
#2942=EDGE_LOOP('',(#7476,#7477,#7478,#7479,#7480,#7481));
#2943=EDGE_LOOP('',(#7482,#7483,#7484,#7485,#7486,#7487));
#2944=EDGE_LOOP('',(#7488,#7489,#7490,#7491,#7492,#7493));
#2945=EDGE_LOOP('',(#7494,#7495,#7496,#7497));
#2946=EDGE_LOOP('',(#7498));
#2947=EDGE_LOOP('',(#7499,#7500,#7501,#7502));
#2948=EDGE_LOOP('',(#7503,#7504,#7505,#7506));
#2949=EDGE_LOOP('',(#7507,#7508,#7509,#7510));
#2950=EDGE_LOOP('',(#7511,#7512,#7513,#7514));
#2951=EDGE_LOOP('',(#7515));
#2952=EDGE_LOOP('',(#7516,#7517,#7518,#7519));
#2953=EDGE_LOOP('',(#7520,#7521,#7522,#7523));
#2954=EDGE_LOOP('',(#7524,#7525));
#2955=EDGE_LOOP('',(#7526,#7527,#7528,#7529,#7530));
#2956=EDGE_LOOP('',(#7531));
#2957=EDGE_LOOP('',(#7532,#7533,#7534,#7535,#7536,#7537,#7538,#7539,#7540));
#2958=EDGE_LOOP('',(#7541,#7542,#7543,#7544));
#2959=EDGE_LOOP('',(#7545,#7546,#7547,#7548));
#2960=EDGE_LOOP('',(#7549,#7550,#7551,#7552));
#2961=EDGE_LOOP('',(#7553,#7554,#7555,#7556));
#2962=EDGE_LOOP('',(#7557,#7558,#7559,#7560));
#2963=EDGE_LOOP('',(#7561,#7562,#7563,#7564));
#2964=EDGE_LOOP('',(#7565));
#2965=EDGE_LOOP('',(#7566,#7567,#7568,#7569,#7570,#7571,#7572,#7573,#7574));
#2966=EDGE_LOOP('',(#7575,#7576,#7577,#7578));
#2967=EDGE_LOOP('',(#7579,#7580,#7581,#7582));
#2968=EDGE_LOOP('',(#7583,#7584,#7585,#7586));
#2969=EDGE_LOOP('',(#7587,#7588,#7589,#7590));
#2970=EDGE_LOOP('',(#7591,#7592,#7593,#7594));
#2971=EDGE_LOOP('',(#7595,#7596,#7597,#7598));
#2972=EDGE_LOOP('',(#7599));
#2973=EDGE_LOOP('',(#7600,#7601,#7602,#7603,#7604,#7605,#7606,#7607,#7608));
#2974=EDGE_LOOP('',(#7609,#7610,#7611,#7612));
#2975=EDGE_LOOP('',(#7613,#7614,#7615,#7616));
#2976=EDGE_LOOP('',(#7617,#7618,#7619,#7620));
#2977=EDGE_LOOP('',(#7621,#7622,#7623,#7624));
#2978=EDGE_LOOP('',(#7625,#7626,#7627,#7628));
#2979=EDGE_LOOP('',(#7629,#7630,#7631,#7632));
#2980=EDGE_LOOP('',(#7633,#7634,#7635,#7636));
#2981=EDGE_LOOP('',(#7637,#7638,#7639,#7640));
#2982=EDGE_LOOP('',(#7641,#7642,#7643,#7644));
#2983=EDGE_LOOP('',(#7645,#7646,#7647,#7648));
#2984=EDGE_LOOP('',(#7649,#7650,#7651,#7652));
#2985=EDGE_LOOP('',(#7653,#7654,#7655,#7656));
#2986=EDGE_LOOP('',(#7657,#7658,#7659,#7660));
#2987=EDGE_LOOP('',(#7661,#7662,#7663,#7664));
#2988=EDGE_LOOP('',(#7665,#7666,#7667,#7668));
#2989=EDGE_LOOP('',(#7669,#7670,#7671,#7672));
#2990=EDGE_LOOP('',(#7673,#7674,#7675,#7676));
#2991=EDGE_LOOP('',(#7677,#7678,#7679,#7680));
#2992=EDGE_LOOP('',(#7681,#7682,#7683,#7684));
#2993=EDGE_LOOP('',(#7685,#7686,#7687,#7688));
#2994=EDGE_LOOP('',(#7689,#7690,#7691,#7692));
#2995=EDGE_LOOP('',(#7693,#7694,#7695,#7696));
#2996=EDGE_LOOP('',(#7697,#7698,#7699,#7700));
#2997=EDGE_LOOP('',(#7701,#7702,#7703,#7704));
#2998=EDGE_LOOP('',(#7705,#7706,#7707,#7708));
#2999=EDGE_LOOP('',(#7709,#7710,#7711,#7712));
#3000=EDGE_LOOP('',(#7713,#7714,#7715,#7716));
#3001=EDGE_LOOP('',(#7717,#7718,#7719,#7720));
#3002=EDGE_LOOP('',(#7721,#7722,#7723,#7724));
#3003=EDGE_LOOP('',(#7725,#7726,#7727,#7728));
#3004=EDGE_LOOP('',(#7729,#7730,#7731,#7732));
#3005=EDGE_LOOP('',(#7733,#7734,#7735,#7736,#7737,#7738,#7739,#7740,#7741,
#7742,#7743,#7744));
#3006=EDGE_LOOP('',(#7745));
#3007=EDGE_LOOP('',(#7746));
#3008=EDGE_LOOP('',(#7747));
#3009=EDGE_LOOP('',(#7748));
#3010=EDGE_LOOP('',(#7749));
#3011=EDGE_LOOP('',(#7750));
#3012=EDGE_LOOP('',(#7751));
#3013=EDGE_LOOP('',(#7752,#7753,#7754,#7755,#7756,#7757,#7758,#7759,#7760,
#7761,#7762,#7763));
#3014=EDGE_LOOP('',(#7764));
#3015=EDGE_LOOP('',(#7765));
#3016=EDGE_LOOP('',(#7766));
#3017=EDGE_LOOP('',(#7767));
#3018=EDGE_LOOP('',(#7768));
#3019=EDGE_LOOP('',(#7769));
#3020=EDGE_LOOP('',(#7770));
#3021=EDGE_LOOP('',(#7771));
#3022=EDGE_LOOP('',(#7772,#7773,#7774,#7775));
#3023=EDGE_LOOP('',(#7776));
#3024=EDGE_LOOP('',(#7777));
#3025=EDGE_LOOP('',(#7778,#7779,#7780,#7781));
#3026=EDGE_LOOP('',(#7782,#7783,#7784,#7785,#7786));
#3027=EDGE_LOOP('',(#7787,#7788,#7789,#7790,#7791));
#3028=EDGE_LOOP('',(#7792,#7793,#7794));
#3029=EDGE_LOOP('',(#7795,#7796,#7797));
#3030=EDGE_LOOP('',(#7798,#7799,#7800));
#3031=EDGE_LOOP('',(#7801,#7802,#7803));
#3032=EDGE_LOOP('',(#7804,#7805,#7806,#7807,#7808,#7809,#7810,#7811,#7812,
#7813,#7814,#7815));
#3033=EDGE_LOOP('',(#7816));
#3034=EDGE_LOOP('',(#7817,#7818,#7819));
#3035=EDGE_LOOP('',(#7820,#7821,#7822));
#3036=EDGE_LOOP('',(#7823,#7824,#7825));
#3037=EDGE_LOOP('',(#7826,#7827,#7828,#7829,#7830,#7831,#7832,#7833));
#3038=EDGE_LOOP('',(#7834,#7835,#7836));
#3039=EDGE_LOOP('',(#7837,#7838,#7839,#7840,#7841,#7842,#7843,#7844));
#3040=EDGE_LOOP('',(#7845,#7846,#7847));
#3041=EDGE_LOOP('',(#7848,#7849,#7850,#7851,#7852,#7853,#7854,#7855));
#3042=EDGE_LOOP('',(#7856,#7857,#7858));
#3043=EDGE_LOOP('',(#7859,#7860,#7861,#7862,#7863,#7864,#7865,#7866));
#3044=EDGE_LOOP('',(#7867,#7868,#7869));
#3045=EDGE_LOOP('',(#7870,#7871,#7872,#7873,#7874,#7875,#7876,#7877));
#3046=EDGE_LOOP('',(#7878,#7879,#7880));
#3047=EDGE_LOOP('',(#7881,#7882,#7883,#7884,#7885,#7886,#7887,#7888));
#3048=EDGE_LOOP('',(#7889));
#3049=EDGE_LOOP('',(#7890,#7891,#7892,#7893));
#3050=EDGE_LOOP('',(#7894));
#3051=EDGE_LOOP('',(#7895));
#3052=EDGE_LOOP('',(#7896,#7897,#7898,#7899));
#3053=EDGE_LOOP('',(#7900,#7901,#7902,#7903,#7904));
#3054=EDGE_LOOP('',(#7905,#7906,#7907,#7908,#7909));
#3055=EDGE_LOOP('',(#7910,#7911,#7912));
#3056=EDGE_LOOP('',(#7913,#7914,#7915));
#3057=EDGE_LOOP('',(#7916,#7917,#7918));
#3058=EDGE_LOOP('',(#7919,#7920,#7921));
#3059=EDGE_LOOP('',(#7922,#7923,#7924,#7925,#7926,#7927,#7928,#7929,#7930,
#7931,#7932,#7933));
#3060=EDGE_LOOP('',(#7934));
#3061=EDGE_LOOP('',(#7935,#7936,#7937));
#3062=EDGE_LOOP('',(#7938,#7939,#7940));
#3063=EDGE_LOOP('',(#7941,#7942,#7943));
#3064=EDGE_LOOP('',(#7944,#7945,#7946,#7947,#7948,#7949,#7950,#7951));
#3065=EDGE_LOOP('',(#7952,#7953,#7954));
#3066=EDGE_LOOP('',(#7955,#7956,#7957,#7958,#7959,#7960,#7961,#7962));
#3067=EDGE_LOOP('',(#7963,#7964,#7965));
#3068=EDGE_LOOP('',(#7966,#7967,#7968,#7969,#7970,#7971,#7972,#7973));
#3069=EDGE_LOOP('',(#7974,#7975,#7976));
#3070=EDGE_LOOP('',(#7977,#7978,#7979,#7980,#7981,#7982,#7983,#7984));
#3071=EDGE_LOOP('',(#7985,#7986,#7987));
#3072=EDGE_LOOP('',(#7988,#7989,#7990,#7991,#7992,#7993,#7994,#7995));
#3073=EDGE_LOOP('',(#7996,#7997,#7998));
#3074=EDGE_LOOP('',(#7999,#8000,#8001,#8002,#8003,#8004,#8005,#8006));
#3075=EDGE_LOOP('',(#8007,#8008,#8009,#8010,#8011,#8012,#8013,#8014));
#3076=EDGE_LOOP('',(#8015,#8016,#8017,#8018,#8019,#8020,#8021,#8022));
#3077=EDGE_LOOP('',(#8023,#8024,#8025,#8026,#8027,#8028,#8029,#8030));
#3078=EDGE_LOOP('',(#8031,#8032,#8033,#8034,#8035,#8036,#8037,#8038));
#3079=EDGE_LOOP('',(#8039,#8040,#8041,#8042,#8043,#8044,#8045,#8046));
#3080=EDGE_LOOP('',(#8047,#8048,#8049,#8050,#8051,#8052,#8053,#8054));
#3081=EDGE_LOOP('',(#8055,#8056,#8057,#8058,#8059,#8060,#8061,#8062,#8063,
#8064,#8065,#8066));
#3082=EDGE_LOOP('',(#8067));
#3083=EDGE_LOOP('',(#8068,#8069,#8070));
#3084=EDGE_LOOP('',(#8071,#8072,#8073));
#3085=EDGE_LOOP('',(#8074,#8075,#8076));
#3086=EDGE_LOOP('',(#8077,#8078,#8079));
#3087=EDGE_LOOP('',(#8080,#8081,#8082));
#3088=EDGE_LOOP('',(#8083,#8084,#8085));
#3089=EDGE_LOOP('',(#8086,#8087,#8088));
#3090=EDGE_LOOP('',(#8089,#8090,#8091));
#3091=EDGE_LOOP('',(#8092,#8093,#8094));
#3092=EDGE_LOOP('',(#8095,#8096,#8097));
#3093=EDGE_LOOP('',(#8098,#8099,#8100));
#3094=EDGE_LOOP('',(#8101,#8102,#8103));
#3095=EDGE_LOOP('',(#8104,#8105,#8106,#8107,#8108));
#3096=EDGE_LOOP('',(#8109));
#3097=EDGE_LOOP('',(#8110,#8111,#8112,#8113));
#3098=EDGE_LOOP('',(#8114));
#3099=EDGE_LOOP('',(#8115));
#3100=EDGE_LOOP('',(#8116,#8117,#8118,#8119));
#3101=EDGE_LOOP('',(#8120,#8121,#8122,#8123,#8124));
#3102=EDGE_LOOP('',(#8125,#8126,#8127,#8128));
#3103=EDGE_LOOP('',(#8129,#8130,#8131,#8132));
#3104=EDGE_LOOP('',(#8133,#8134,#8135,#8136));
#3105=EDGE_LOOP('',(#8137,#8138,#8139,#8140));
#3106=EDGE_LOOP('',(#8141,#8142,#8143,#8144));
#3107=EDGE_LOOP('',(#8145,#8146,#8147,#8148));
#3108=EDGE_LOOP('',(#8149,#8150,#8151,#8152,#8153,#8154,#8155,#8156,#8157));
#3109=EDGE_LOOP('',(#8158));
#3110=EDGE_LOOP('',(#8159,#8160,#8161,#8162));
#3111=EDGE_LOOP('',(#8163,#8164,#8165,#8166));
#3112=EDGE_LOOP('',(#8167,#8168,#8169,#8170));
#3113=EDGE_LOOP('',(#8171,#8172,#8173,#8174));
#3114=EDGE_LOOP('',(#8175,#8176,#8177,#8178));
#3115=EDGE_LOOP('',(#8179,#8180,#8181,#8182));
#3116=EDGE_LOOP('',(#8183,#8184,#8185,#8186,#8187,#8188,#8189,#8190,#8191));
#3117=EDGE_LOOP('',(#8192));
#3118=EDGE_LOOP('',(#8193,#8194,#8195,#8196));
#3119=EDGE_LOOP('',(#8197,#8198,#8199,#8200));
#3120=EDGE_LOOP('',(#8201,#8202,#8203,#8204));
#3121=EDGE_LOOP('',(#8205,#8206,#8207,#8208));
#3122=EDGE_LOOP('',(#8209,#8210,#8211,#8212));
#3123=EDGE_LOOP('',(#8213,#8214,#8215,#8216));
#3124=EDGE_LOOP('',(#8217,#8218,#8219,#8220,#8221,#8222,#8223,#8224,#8225));
#3125=EDGE_LOOP('',(#8226));
#3126=EDGE_LOOP('',(#8227,#8228,#8229,#8230));
#3127=EDGE_LOOP('',(#8231,#8232,#8233,#8234));
#3128=EDGE_LOOP('',(#8235,#8236,#8237,#8238));
#3129=EDGE_LOOP('',(#8239,#8240,#8241,#8242));
#3130=EDGE_LOOP('',(#8243));
#3131=EDGE_LOOP('',(#8244));
#3132=EDGE_LOOP('',(#8245,#8246,#8247,#8248,#8249,#8250));
#3133=EDGE_LOOP('',(#8251,#8252,#8253,#8254,#8255,#8256,#8257,#8258,#8259,
#8260,#8261,#8262));
#3134=EDGE_LOOP('',(#8263,#8264,#8265,#8266,#8267,#8268,#8269,#8270,#8271,
#8272,#8273,#8274));
#3135=EDGE_LOOP('',(#8275,#8276,#8277,#8278,#8279,#8280,#8281,#8282,#8283,
#8284,#8285,#8286));
#3136=EDGE_LOOP('',(#8287,#8288,#8289,#8290,#8291,#8292));
#3137=EDGE_LOOP('',(#8293,#8294,#8295,#8296,#8297,#8298));
#3138=EDGE_LOOP('',(#8299));
#3139=EDGE_LOOP('',(#8300));
#3140=EDGE_LOOP('',(#8301));
#3141=EDGE_LOOP('',(#8302));
#3142=EDGE_LOOP('',(#8303));
#3143=EDGE_LOOP('',(#8304));
#3144=EDGE_LOOP('',(#8305));
#3145=EDGE_LOOP('',(#8306));
#3146=EDGE_LOOP('',(#8307));
#3147=EDGE_LOOP('',(#8308));
#3148=EDGE_LOOP('',(#8309,#8310,#8311,#8312,#8313,#8314,#8315,#8316,#8317,
#8318,#8319,#8320));
#3149=EDGE_LOOP('',(#8321,#8322,#8323,#8324,#8325,#8326,#8327,#8328,#8329,
#8330,#8331,#8332));
#3150=EDGE_LOOP('',(#8333,#8334,#8335,#8336,#8337,#8338,#8339,#8340,#8341,
#8342,#8343,#8344));
#3151=EDGE_LOOP('',(#8345,#8346,#8347,#8348,#8349,#8350));
#3152=EDGE_LOOP('',(#8351,#8352,#8353,#8354,#8355,#8356));
#3153=EDGE_LOOP('',(#8357,#8358,#8359,#8360,#8361,#8362));
#3154=EDGE_LOOP('',(#8363));
#3155=EDGE_LOOP('',(#8364));
#3156=EDGE_LOOP('',(#8365));
#3157=EDGE_LOOP('',(#8366));
#3158=EDGE_LOOP('',(#8367));
#3159=EDGE_LOOP('',(#8368));
#3160=EDGE_LOOP('',(#8369));
#3161=EDGE_LOOP('',(#8370));
#3162=EDGE_LOOP('',(#8371));
#3163=EDGE_LOOP('',(#8372,#8373,#8374,#8375));
#3164=EDGE_LOOP('',(#8376));
#3165=EDGE_LOOP('',(#8377));
#3166=EDGE_LOOP('',(#8378,#8379,#8380,#8381));
#3167=EDGE_LOOP('',(#8382,#8383,#8384,#8385,#8386));
#3168=EDGE_LOOP('',(#8387,#8388,#8389,#8390,#8391));
#3169=EDGE_LOOP('',(#8392,#8393,#8394));
#3170=EDGE_LOOP('',(#8395,#8396,#8397));
#3171=EDGE_LOOP('',(#8398,#8399,#8400));
#3172=EDGE_LOOP('',(#8401,#8402,#8403));
#3173=EDGE_LOOP('',(#8404,#8405,#8406,#8407,#8408,#8409,#8410,#8411,#8412,
#8413,#8414,#8415));
#3174=EDGE_LOOP('',(#8416));
#3175=EDGE_LOOP('',(#8417,#8418,#8419));
#3176=EDGE_LOOP('',(#8420,#8421,#8422));
#3177=EDGE_LOOP('',(#8423,#8424,#8425));
#3178=EDGE_LOOP('',(#8426,#8427,#8428,#8429,#8430,#8431,#8432,#8433));
#3179=EDGE_LOOP('',(#8434,#8435,#8436));
#3180=EDGE_LOOP('',(#8437,#8438,#8439,#8440,#8441,#8442,#8443,#8444));
#3181=EDGE_LOOP('',(#8445,#8446,#8447));
#3182=EDGE_LOOP('',(#8448,#8449,#8450,#8451,#8452,#8453,#8454,#8455));
#3183=EDGE_LOOP('',(#8456,#8457,#8458));
#3184=EDGE_LOOP('',(#8459,#8460,#8461,#8462,#8463,#8464,#8465,#8466));
#3185=EDGE_LOOP('',(#8467,#8468,#8469));
#3186=EDGE_LOOP('',(#8470,#8471,#8472,#8473,#8474,#8475,#8476,#8477));
#3187=EDGE_LOOP('',(#8478,#8479,#8480));
#3188=EDGE_LOOP('',(#8481,#8482,#8483,#8484,#8485,#8486,#8487,#8488));
#3189=EDGE_LOOP('',(#8489));
#3190=EDGE_LOOP('',(#8490,#8491,#8492,#8493));
#3191=EDGE_LOOP('',(#8494));
#3192=EDGE_LOOP('',(#8495));
#3193=EDGE_LOOP('',(#8496,#8497,#8498,#8499));
#3194=EDGE_LOOP('',(#8500,#8501,#8502,#8503,#8504));
#3195=EDGE_LOOP('',(#8505,#8506,#8507,#8508,#8509));
#3196=EDGE_LOOP('',(#8510,#8511,#8512));
#3197=EDGE_LOOP('',(#8513,#8514,#8515));
#3198=EDGE_LOOP('',(#8516,#8517,#8518));
#3199=EDGE_LOOP('',(#8519,#8520,#8521));
#3200=EDGE_LOOP('',(#8522,#8523,#8524,#8525,#8526,#8527,#8528,#8529,#8530,
#8531,#8532,#8533));
#3201=EDGE_LOOP('',(#8534));
#3202=EDGE_LOOP('',(#8535,#8536,#8537));
#3203=EDGE_LOOP('',(#8538,#8539,#8540));
#3204=EDGE_LOOP('',(#8541,#8542,#8543));
#3205=EDGE_LOOP('',(#8544,#8545,#8546,#8547,#8548,#8549,#8550,#8551));
#3206=EDGE_LOOP('',(#8552,#8553,#8554));
#3207=EDGE_LOOP('',(#8555,#8556,#8557,#8558,#8559,#8560,#8561,#8562));
#3208=EDGE_LOOP('',(#8563,#8564,#8565));
#3209=EDGE_LOOP('',(#8566,#8567,#8568,#8569,#8570,#8571,#8572,#8573));
#3210=EDGE_LOOP('',(#8574,#8575,#8576));
#3211=EDGE_LOOP('',(#8577,#8578,#8579,#8580,#8581,#8582,#8583,#8584));
#3212=EDGE_LOOP('',(#8585,#8586,#8587));
#3213=EDGE_LOOP('',(#8588,#8589,#8590,#8591,#8592,#8593,#8594,#8595));
#3214=EDGE_LOOP('',(#8596,#8597,#8598));
#3215=EDGE_LOOP('',(#8599,#8600,#8601,#8602,#8603,#8604,#8605,#8606));
#3216=EDGE_LOOP('',(#8607,#8608,#8609,#8610,#8611,#8612,#8613,#8614));
#3217=EDGE_LOOP('',(#8615,#8616,#8617,#8618,#8619,#8620,#8621,#8622));
#3218=EDGE_LOOP('',(#8623,#8624,#8625,#8626,#8627,#8628,#8629,#8630));
#3219=EDGE_LOOP('',(#8631,#8632,#8633,#8634,#8635,#8636,#8637,#8638));
#3220=EDGE_LOOP('',(#8639,#8640,#8641,#8642,#8643,#8644,#8645,#8646));
#3221=EDGE_LOOP('',(#8647,#8648,#8649,#8650,#8651,#8652,#8653,#8654));
#3222=EDGE_LOOP('',(#8655,#8656,#8657,#8658,#8659,#8660,#8661,#8662,#8663,
#8664,#8665,#8666));
#3223=EDGE_LOOP('',(#8667));
#3224=EDGE_LOOP('',(#8668,#8669,#8670));
#3225=EDGE_LOOP('',(#8671,#8672,#8673));
#3226=EDGE_LOOP('',(#8674,#8675,#8676));
#3227=EDGE_LOOP('',(#8677,#8678,#8679));
#3228=EDGE_LOOP('',(#8680,#8681,#8682));
#3229=EDGE_LOOP('',(#8683,#8684,#8685));
#3230=EDGE_LOOP('',(#8686,#8687,#8688));
#3231=EDGE_LOOP('',(#8689,#8690,#8691));
#3232=EDGE_LOOP('',(#8692,#8693,#8694));
#3233=EDGE_LOOP('',(#8695,#8696,#8697));
#3234=EDGE_LOOP('',(#8698,#8699,#8700));
#3235=EDGE_LOOP('',(#8701,#8702,#8703));
#3236=EDGE_LOOP('',(#8704,#8705,#8706,#8707,#8708));
#3237=EDGE_LOOP('',(#8709));
#3238=EDGE_LOOP('',(#8710,#8711,#8712,#8713));
#3239=EDGE_LOOP('',(#8714));
#3240=EDGE_LOOP('',(#8715));
#3241=EDGE_LOOP('',(#8716,#8717,#8718,#8719));
#3242=EDGE_LOOP('',(#8720,#8721,#8722,#8723,#8724));
#3243=CIRCLE('',#9548,6.7857399527576);
#3244=CIRCLE('',#9549,6.);
#3245=CIRCLE('',#9551,6.);
#3246=CIRCLE('',#9554,6.7857399527576);
#3247=CIRCLE('',#9555,6.);
#3248=CIRCLE('',#9557,6.);
#3249=CIRCLE('',#9560,6.7857399527576);
#3250=CIRCLE('',#9561,6.);
#3251=CIRCLE('',#9563,6.);
#3252=CIRCLE('',#9566,6.5);
#3253=CIRCLE('',#9567,6.5);
#3254=CIRCLE('',#9568,6.5);
#3255=CIRCLE('',#9570,6.);
#3256=CIRCLE('',#9572,6.);
#3257=CIRCLE('',#9575,6.5);
#3258=CIRCLE('',#9576,6.5);
#3259=CIRCLE('',#9578,6.);
#3260=CIRCLE('',#9580,6.);
#3261=CIRCLE('',#9583,6.5);
#3262=CIRCLE('',#9584,6.5);
#3263=CIRCLE('',#9585,6.5);
#3264=CIRCLE('',#9587,6.);
#3265=CIRCLE('',#9589,6.);
#3266=CIRCLE('',#9592,6.);
#3267=CIRCLE('',#9593,6.);
#3268=CIRCLE('',#9595,6.78573995275761);
#3269=CIRCLE('',#9598,6.);
#3270=CIRCLE('',#9599,6.);
#3271=CIRCLE('',#9601,6.7857399527576);
#3272=CIRCLE('',#9604,6.);
#3273=CIRCLE('',#9605,6.);
#3274=CIRCLE('',#9607,6.7857399527576);
#3275=CIRCLE('',#9610,6.5);
#3276=CIRCLE('',#9611,6.);
#3277=CIRCLE('',#9613,6.5);
#3278=CIRCLE('',#9614,6.5);
#3279=CIRCLE('',#9616,6.);
#3280=CIRCLE('',#9619,6.5);
#3281=CIRCLE('',#9620,6.);
#3282=CIRCLE('',#9622,6.5);
#3283=CIRCLE('',#9624,6.);
#3284=CIRCLE('',#9627,6.5);
#3285=CIRCLE('',#9628,6.);
#3286=CIRCLE('',#9630,6.5);
#3287=CIRCLE('',#9631,6.5);
#3288=CIRCLE('',#9633,6.);
#3289=CIRCLE('',#9636,6.78573995275748);
#3290=CIRCLE('',#9637,6.);
#3291=CIRCLE('',#9639,6.);
#3292=CIRCLE('',#9642,6.78573995275748);
#3293=CIRCLE('',#9643,6.);
#3294=CIRCLE('',#9645,6.);
#3295=CIRCLE('',#9648,6.78573995275748);
#3296=CIRCLE('',#9649,6.);
#3297=CIRCLE('',#9651,6.);
#3298=CIRCLE('',#9654,6.5);
#3299=CIRCLE('',#9655,6.5);
#3300=CIRCLE('',#9656,6.5);
#3301=CIRCLE('',#9658,6.);
#3302=CIRCLE('',#9660,6.);
#3303=CIRCLE('',#9663,6.5);
#3304=CIRCLE('',#9664,6.5);
#3305=CIRCLE('',#9665,6.5);
#3306=CIRCLE('',#9667,6.);
#3307=CIRCLE('',#9669,6.);
#3308=CIRCLE('',#9672,6.5);
#3309=CIRCLE('',#9673,6.5);
#3310=CIRCLE('',#9675,6.);
#3311=CIRCLE('',#9677,6.);
#3312=CIRCLE('',#9680,6.);
#3313=CIRCLE('',#9681,6.);
#3314=CIRCLE('',#9683,6.7857399527575);
#3315=CIRCLE('',#9686,6.);
#3316=CIRCLE('',#9687,6.);
#3317=CIRCLE('',#9689,6.7857399527575);
#3318=CIRCLE('',#9692,6.5);
#3319=CIRCLE('',#9693,6.5);
#3320=CIRCLE('',#9694,6.5);
#3321=CIRCLE('',#9696,6.);
#3322=CIRCLE('',#9698,6.);
#3323=CIRCLE('',#9701,6.5);
#3324=CIRCLE('',#9702,6.5);
#3325=CIRCLE('',#9703,6.5);
#3326=CIRCLE('',#9705,6.);
#3327=CIRCLE('',#9707,6.);
#3328=CIRCLE('',#9710,6.7857399527575);
#3329=CIRCLE('',#9711,6.5);
#3330=CIRCLE('',#9713,6.5);
#3331=CIRCLE('',#9714,6.5);
#3332=CIRCLE('',#9716,6.);
#3333=CIRCLE('',#9717,6.);
#3334=CIRCLE('',#9721,75.);
#3335=CIRCLE('',#9722,22.5000000000006);
#3336=CIRCLE('',#9723,10.);
#3337=CIRCLE('',#9724,10.);
#3338=CIRCLE('',#9725,10.);
#3339=CIRCLE('',#9726,10.);
#3340=CIRCLE('',#9727,10.);
#3341=CIRCLE('',#9728,10.);
#3342=CIRCLE('',#9730,75.);
#3343=CIRCLE('',#9731,8.99999358323916);
#3344=CIRCLE('',#9732,8.99999358324019);
#3345=CIRCLE('',#9733,8.99999358323931);
#3346=CIRCLE('',#9734,8.99999358323943);
#3347=CIRCLE('',#9735,8.99999358324009);
#3348=CIRCLE('',#9736,8.99999358323926);
#3349=CIRCLE('',#9737,8.99999358324007);
#3350=CIRCLE('',#9738,8.99999358323965);
#3351=CIRCLE('',#9739,8.99999358323977);
#3352=CIRCLE('',#9740,8.99999358323854);
#3353=CIRCLE('',#9741,8.99999358323912);
#3354=CIRCLE('',#9742,8.99999358323936);
#3355=CIRCLE('',#9743,8.99999358323867);
#3356=CIRCLE('',#9744,8.99999358323885);
#3357=CIRCLE('',#9745,8.99999358323877);
#3358=CIRCLE('',#9746,8.99999358323887);
#3359=CIRCLE('',#9747,8.99999358323954);
#3360=CIRCLE('',#9748,8.99999358323981);
#3361=CIRCLE('',#9749,40.);
#3362=CIRCLE('',#9751,40.);
#3363=CIRCLE('',#9753,22.5000000000006);
#3364=CIRCLE('',#9757,5.15);
#3365=CIRCLE('',#9762,8.37157890324957);
#3366=CIRCLE('',#9771,8.37157890324957);
#3367=CIRCLE('',#9780,8.37157890324957);
#3368=CIRCLE('',#9789,6.);
#3369=CIRCLE('',#9790,6.);
#3370=CIRCLE('',#9791,6.);
#3371=CIRCLE('',#9793,4.4845);
#3372=CIRCLE('',#9795,4.25);
#3373=CIRCLE('',#9797,4.25);
#3374=CIRCLE('',#9800,6.78571428571451);
#3375=CIRCLE('',#9802,9.);
#3376=CIRCLE('',#9804,9.);
#3377=CIRCLE('',#9806,9.);
#3378=CIRCLE('',#9808,9.);
#3379=CIRCLE('',#9810,9.);
#3380=CIRCLE('',#9812,9.);
#3381=CIRCLE('',#9814,8.9999935832394);
#3382=CIRCLE('',#9816,8.99999358323934);
#3383=CIRCLE('',#9818,8.99999358323846);
#3384=CIRCLE('',#9820,8.99999358324053);
#3385=CIRCLE('',#9822,8.99999358324089);
#3386=CIRCLE('',#9824,8.99999358323971);
#3387=CIRCLE('',#9834,8.99999358323857);
#3388=CIRCLE('',#9837,8.99999358323881);
#3389=CIRCLE('',#9840,8.9999935832391);
#3390=CIRCLE('',#9843,8.9999935832398);
#3391=CIRCLE('',#9846,8.99999358323938);
#3392=CIRCLE('',#9849,8.99999358323879);
#3393=CIRCLE('',#9851,9.);
#3394=CIRCLE('',#9853,9.);
#3395=CIRCLE('',#9855,9.);
#3396=CIRCLE('',#9856,9.);
#3397=CIRCLE('',#9857,9.);
#3398=CIRCLE('',#9858,9.);
#3399=CIRCLE('',#9859,6.78571428571451);
#3400=CIRCLE('',#9865,6.);
#3401=CIRCLE('',#9866,6.);
#3402=CIRCLE('',#9868,6.);
#3403=CIRCLE('',#9870,4.4845);
#3404=CIRCLE('',#9872,4.25);
#3405=CIRCLE('',#9874,4.25);
#3406=CIRCLE('',#9878,8.9999935832398);
#3407=CIRCLE('',#9881,8.9999935832384);
#3408=CIRCLE('',#9884,8.99999358323818);
#3409=CIRCLE('',#9887,8.99999358323975);
#3410=CIRCLE('',#9890,8.9999935832403);
#3411=CIRCLE('',#9893,8.99999358323969);
#3412=CIRCLE('',#9895,9.);
#3413=CIRCLE('',#9897,9.);
#3414=CIRCLE('',#9899,9.);
#3415=CIRCLE('',#9900,9.);
#3416=CIRCLE('',#9901,9.);
#3417=CIRCLE('',#9902,9.);
#3418=CIRCLE('',#9903,6.78571428571451);
#3419=CIRCLE('',#9909,6.);
#3420=CIRCLE('',#9910,6.);
#3421=CIRCLE('',#9912,6.);
#3422=CIRCLE('',#9914,4.4845);
#3423=CIRCLE('',#9916,4.25);
#3424=CIRCLE('',#9918,4.25);
#3425=CIRCLE('',#9921,120.);
#3426=CIRCLE('',#9922,11.);
#3427=CIRCLE('',#9923,120.);
#3428=CIRCLE('',#9924,11.);
#3429=CIRCLE('',#9925,120.);
#3430=CIRCLE('',#9926,11.);
#3431=CIRCLE('',#9927,120.);
#3432=CIRCLE('',#9928,11.);
#3433=CIRCLE('',#9929,120.);
#3434=CIRCLE('',#9930,11.);
#3435=CIRCLE('',#9931,120.);
#3436=CIRCLE('',#9932,11.);
#3437=CIRCLE('',#9933,10.);
#3438=CIRCLE('',#9934,10.);
#3439=CIRCLE('',#9935,10.);
#3440=CIRCLE('',#9936,10.);
#3441=CIRCLE('',#9937,10.);
#3442=CIRCLE('',#9938,10.);
#3443=CIRCLE('',#9939,42.5);
#3444=CIRCLE('',#9941,120.);
#3445=CIRCLE('',#9942,11.);
#3446=CIRCLE('',#9943,120.);
#3447=CIRCLE('',#9944,11.);
#3448=CIRCLE('',#9945,120.);
#3449=CIRCLE('',#9946,11.);
#3450=CIRCLE('',#9947,120.);
#3451=CIRCLE('',#9948,11.);
#3452=CIRCLE('',#9949,120.);
#3453=CIRCLE('',#9950,11.);
#3454=CIRCLE('',#9951,120.);
#3455=CIRCLE('',#9952,11.);
#3456=CIRCLE('',#9953,42.5);
#3457=CIRCLE('',#9954,10.);
#3458=CIRCLE('',#9955,10.);
#3459=CIRCLE('',#9956,10.);
#3460=CIRCLE('',#9957,10.);
#3461=CIRCLE('',#9958,10.);
#3462=CIRCLE('',#9959,10.);
#3463=CIRCLE('',#9974,10.);
#3464=CIRCLE('',#9977,10.);
#3465=CIRCLE('',#9980,10.);
#3466=CIRCLE('',#9983,10.);
#3467=CIRCLE('',#9986,10.);
#3468=CIRCLE('',#9989,10.);
#3469=CIRCLE('',#9998,8.37157890324957);
#3470=CIRCLE('',#10007,8.37157890324957);
#3471=CIRCLE('',#10016,8.37157890324957);
#3472=CIRCLE('',#10019,6.);
#3473=CIRCLE('',#10020,6.);
#3474=CIRCLE('',#10021,6.);
#3475=CIRCLE('',#10023,4.4845);
#3476=CIRCLE('',#10025,4.25);
#3477=CIRCLE('',#10027,4.25);
#3478=CIRCLE('',#10030,6.78571428571451);
#3479=CIRCLE('',#10032,9.);
#3480=CIRCLE('',#10034,9.);
#3481=CIRCLE('',#10036,9.);
#3482=CIRCLE('',#10038,9.);
#3483=CIRCLE('',#10040,9.);
#3484=CIRCLE('',#10042,9.);
#3485=CIRCLE('',#10044,8.99999358323976);
#3486=CIRCLE('',#10046,8.99999358324007);
#3487=CIRCLE('',#10048,8.99999358323939);
#3488=CIRCLE('',#10050,8.99999358323927);
#3489=CIRCLE('',#10052,8.9999935832396);
#3490=CIRCLE('',#10054,8.99999358323847);
#3491=CIRCLE('',#10064,8.99999358323893);
#3492=CIRCLE('',#10067,8.99999358324013);
#3493=CIRCLE('',#10070,8.99999358323941);
#3494=CIRCLE('',#10073,8.99999358323949);
#3495=CIRCLE('',#10076,8.99999358324015);
#3496=CIRCLE('',#10079,8.99999358323923);
#3497=CIRCLE('',#10081,9.);
#3498=CIRCLE('',#10083,9.);
#3499=CIRCLE('',#10085,9.);
#3500=CIRCLE('',#10086,9.);
#3501=CIRCLE('',#10087,9.);
#3502=CIRCLE('',#10088,9.);
#3503=CIRCLE('',#10089,6.78571428571451);
#3504=CIRCLE('',#10095,6.);
#3505=CIRCLE('',#10096,6.);
#3506=CIRCLE('',#10098,6.);
#3507=CIRCLE('',#10100,4.4845);
#3508=CIRCLE('',#10102,4.25);
#3509=CIRCLE('',#10104,4.25);
#3510=CIRCLE('',#10108,8.99999358323851);
#3511=CIRCLE('',#10111,8.99999358323886);
#3512=CIRCLE('',#10114,8.99999358323857);
#3513=CIRCLE('',#10117,8.99999358323895);
#3514=CIRCLE('',#10120,8.9999935832398);
#3515=CIRCLE('',#10123,8.99999358323973);
#3516=CIRCLE('',#10125,9.);
#3517=CIRCLE('',#10127,9.);
#3518=CIRCLE('',#10129,9.);
#3519=CIRCLE('',#10130,9.);
#3520=CIRCLE('',#10131,9.);
#3521=CIRCLE('',#10132,9.);
#3522=CIRCLE('',#10133,6.78571428571451);
#3523=CIRCLE('',#10139,6.);
#3524=CIRCLE('',#10140,6.);
#3525=CIRCLE('',#10142,6.);
#3526=CIRCLE('',#10144,4.4845);
#3527=CIRCLE('',#10146,4.25);
#3528=CIRCLE('',#10148,4.25);
#3529=CIRCLE('',#10151,75.);
#3530=CIRCLE('',#10152,35.);
#3531=CIRCLE('',#10153,10.);
#3532=CIRCLE('',#10154,10.);
#3533=CIRCLE('',#10155,10.);
#3534=CIRCLE('',#10156,10.);
#3535=CIRCLE('',#10157,10.);
#3536=CIRCLE('',#10158,10.);
#3537=CIRCLE('',#10160,75.);
#3538=CIRCLE('',#10161,50.);
#3539=CIRCLE('',#10162,8.9999935832387);
#3540=CIRCLE('',#10163,8.99999358323889);
#3541=CIRCLE('',#10164,8.99999358323904);
#3542=CIRCLE('',#10165,8.99999358323974);
#3543=CIRCLE('',#10166,8.99999358323938);
#3544=CIRCLE('',#10167,8.99999358323879);
#3545=CIRCLE('',#10168,8.99999358323918);
#3546=CIRCLE('',#10169,8.99999358323932);
#3547=CIRCLE('',#10170,8.99999358324101);
#3548=CIRCLE('',#10171,8.99999358323959);
#3549=CIRCLE('',#10172,8.99999358324046);
#3550=CIRCLE('',#10173,8.99999358323852);
#3551=CIRCLE('',#10174,8.99999358323951);
#3552=CIRCLE('',#10175,8.99999358323833);
#3553=CIRCLE('',#10176,8.99999358323818);
#3554=CIRCLE('',#10177,8.99999358323967);
#3555=CIRCLE('',#10178,8.99999358324);
#3556=CIRCLE('',#10179,8.9999935832396);
#3557=CIRCLE('',#10182,50.);
#3558=CIRCLE('',#10183,35.);
#3559=CIRCLE('',#10187,4.25);
#3560=CIRCLE('',#10192,8.37157890324957);
#3561=CIRCLE('',#10201,8.37157890324957);
#3562=CIRCLE('',#10210,8.37157890324957);
#3563=CIRCLE('',#10219,10.);
#3564=CIRCLE('',#10220,10.);
#3565=CIRCLE('',#10222,10.);
#3566=CIRCLE('',#10224,10.);
#3567=CIRCLE('',#10225,10.);
#3568=CIRCLE('',#10227,10.);
#3569=CIRCLE('',#10229,10.);
#3570=CIRCLE('',#10230,10.);
#3571=CIRCLE('',#10232,10.);
#3572=CIRCLE('',#10234,10.);
#3573=CIRCLE('',#10235,10.);
#3574=CIRCLE('',#10237,10.);
#3575=CIRCLE('',#10239,10.);
#3576=CIRCLE('',#10240,10.);
#3577=CIRCLE('',#10242,10.);
#3578=CIRCLE('',#10244,10.);
#3579=CIRCLE('',#10245,10.);
#3580=CIRCLE('',#10247,10.);
#3581=CIRCLE('',#10249,42.5);
#3582=CIRCLE('',#10250,42.5);
#3583=CIRCLE('',#10252,11.);
#3584=CIRCLE('',#10253,11.);
#3585=CIRCLE('',#10255,120.);
#3586=CIRCLE('',#10256,120.);
#3587=CIRCLE('',#10258,11.);
#3588=CIRCLE('',#10259,11.);
#3589=CIRCLE('',#10261,120.);
#3590=CIRCLE('',#10262,120.);
#3591=CIRCLE('',#10264,11.);
#3592=CIRCLE('',#10265,11.);
#3593=CIRCLE('',#10267,120.);
#3594=CIRCLE('',#10268,120.);
#3595=CIRCLE('',#10270,11.);
#3596=CIRCLE('',#10271,11.);
#3597=CIRCLE('',#10273,120.);
#3598=CIRCLE('',#10274,120.);
#3599=CIRCLE('',#10276,11.);
#3600=CIRCLE('',#10277,11.);
#3601=CIRCLE('',#10279,120.);
#3602=CIRCLE('',#10280,120.);
#3603=CIRCLE('',#10282,11.);
#3604=CIRCLE('',#10283,11.);
#3605=CIRCLE('',#10285,120.);
#3606=CIRCLE('',#10286,120.);
#3607=CIRCLE('',#10290,4.25);
#3608=CIRCLE('',#10292,4.25);
#3609=CIRCLE('',#10294,4.4845);
#3610=CIRCLE('',#10296,6.);
#3611=CIRCLE('',#10298,6.);
#3612=CIRCLE('',#10299,6.);
#3613=CIRCLE('',#10301,6.78571428571451);
#3614=CIRCLE('',#10303,9.);
#3615=CIRCLE('',#10305,9.);
#3616=CIRCLE('',#10307,9.);
#3617=CIRCLE('',#10309,9.);
#3618=CIRCLE('',#10311,9.);
#3619=CIRCLE('',#10312,9.);
#3620=CIRCLE('',#10328,4.25);
#3621=CIRCLE('',#10330,4.25);
#3622=CIRCLE('',#10332,4.4845);
#3623=CIRCLE('',#10334,6.);
#3624=CIRCLE('',#10336,6.);
#3625=CIRCLE('',#10337,6.);
#3626=CIRCLE('',#10339,6.78571428571451);
#3627=CIRCLE('',#10341,9.);
#3628=CIRCLE('',#10343,9.);
#3629=CIRCLE('',#10345,9.);
#3630=CIRCLE('',#10347,9.);
#3631=CIRCLE('',#10349,9.);
#3632=CIRCLE('',#10350,9.);
#3633=CIRCLE('',#10372,9.);
#3634=CIRCLE('',#10373,9.);
#3635=CIRCLE('',#10374,9.);
#3636=CIRCLE('',#10375,9.);
#3637=CIRCLE('',#10376,9.);
#3638=CIRCLE('',#10377,9.);
#3639=CIRCLE('',#10378,6.78571428571451);
#3640=CIRCLE('',#10392,6.);
#3641=CIRCLE('',#10393,6.);
#3642=CIRCLE('',#10395,4.25);
#3643=CIRCLE('',#10397,4.25);
#3644=CIRCLE('',#10399,4.4845);
#3645=CIRCLE('',#10401,6.);
#3646=CIRCLE('',#10410,8.37157890324957);
#3647=CIRCLE('',#10419,8.37157890324957);
#3648=CIRCLE('',#10428,8.37157890324957);
#3649=CIRCLE('',#10431,75.);
#3650=CIRCLE('',#10432,75.);
#3651=CIRCLE('',#10434,45.);
#3652=CIRCLE('',#10435,45.);
#3653=CIRCLE('',#10437,35.);
#3654=CIRCLE('',#10438,35.);
#3655=CIRCLE('',#10440,75.);
#3656=CIRCLE('',#10441,75.);
#3657=CIRCLE('',#10447,4.25);
#3658=CIRCLE('',#10449,4.25);
#3659=CIRCLE('',#10451,4.4845);
#3660=CIRCLE('',#10453,6.);
#3661=CIRCLE('',#10455,6.);
#3662=CIRCLE('',#10456,6.);
#3663=CIRCLE('',#10458,6.78571428571451);
#3664=CIRCLE('',#10460,9.);
#3665=CIRCLE('',#10462,9.);
#3666=CIRCLE('',#10464,9.);
#3667=CIRCLE('',#10466,9.);
#3668=CIRCLE('',#10468,9.);
#3669=CIRCLE('',#10469,9.);
#3670=CIRCLE('',#10485,4.25);
#3671=CIRCLE('',#10487,4.25);
#3672=CIRCLE('',#10489,4.4845);
#3673=CIRCLE('',#10491,6.);
#3674=CIRCLE('',#10493,6.);
#3675=CIRCLE('',#10494,6.);
#3676=CIRCLE('',#10496,6.78571428571451);
#3677=CIRCLE('',#10498,9.);
#3678=CIRCLE('',#10500,9.);
#3679=CIRCLE('',#10502,9.);
#3680=CIRCLE('',#10504,9.);
#3681=CIRCLE('',#10506,9.);
#3682=CIRCLE('',#10507,9.);
#3683=CIRCLE('',#10529,9.);
#3684=CIRCLE('',#10530,9.);
#3685=CIRCLE('',#10531,9.);
#3686=CIRCLE('',#10532,9.);
#3687=CIRCLE('',#10533,9.);
#3688=CIRCLE('',#10534,9.);
#3689=CIRCLE('',#10535,6.78571428571451);
#3690=CIRCLE('',#10549,6.);
#3691=CIRCLE('',#10550,6.);
#3692=CIRCLE('',#10552,4.25);
#3693=CIRCLE('',#10554,4.25);
#3694=CIRCLE('',#10556,4.4845);
#3695=CIRCLE('',#10558,6.);
#3696=VERTEX_POINT('',#13155);
#3697=VERTEX_POINT('',#13157);
#3698=VERTEX_POINT('',#13160);
#3699=VERTEX_POINT('',#13166);
#3700=VERTEX_POINT('',#13168);
#3701=VERTEX_POINT('',#13171);
#3702=VERTEX_POINT('',#13177);
#3703=VERTEX_POINT('',#13179);
#3704=VERTEX_POINT('',#13182);
#3705=VERTEX_POINT('',#13188);
#3706=VERTEX_POINT('',#13190);
#3707=VERTEX_POINT('',#13192);
#3708=VERTEX_POINT('',#13196);
#3709=VERTEX_POINT('',#13200);
#3710=VERTEX_POINT('',#13205);
#3711=VERTEX_POINT('',#13207);
#3712=VERTEX_POINT('',#13211);
#3713=VERTEX_POINT('',#13215);
#3714=VERTEX_POINT('',#13220);
#3715=VERTEX_POINT('',#13222);
#3716=VERTEX_POINT('',#13224);
#3717=VERTEX_POINT('',#13228);
#3718=VERTEX_POINT('',#13232);
#3719=VERTEX_POINT('',#13237);
#3720=VERTEX_POINT('',#13239);
#3721=VERTEX_POINT('',#13243);
#3722=VERTEX_POINT('',#13248);
#3723=VERTEX_POINT('',#13250);
#3724=VERTEX_POINT('',#13254);
#3725=VERTEX_POINT('',#13259);
#3726=VERTEX_POINT('',#13261);
#3727=VERTEX_POINT('',#13265);
#3728=VERTEX_POINT('',#13270);
#3729=VERTEX_POINT('',#13272);
#3730=VERTEX_POINT('',#13275);
#3731=VERTEX_POINT('',#13276);
#3732=VERTEX_POINT('',#13281);
#3733=VERTEX_POINT('',#13287);
#3734=VERTEX_POINT('',#13289);
#3735=VERTEX_POINT('',#13292);
#3736=VERTEX_POINT('',#13296);
#3737=VERTEX_POINT('',#13302);
#3738=VERTEX_POINT('',#13304);
#3739=VERTEX_POINT('',#13307);
#3740=VERTEX_POINT('',#13308);
#3741=VERTEX_POINT('',#13313);
#3742=VERTEX_POINT('',#13319);
#3743=VERTEX_POINT('',#13321);
#3744=VERTEX_POINT('',#13324);
#3745=VERTEX_POINT('',#13330);
#3746=VERTEX_POINT('',#13332);
#3747=VERTEX_POINT('',#13335);
#3748=VERTEX_POINT('',#13341);
#3749=VERTEX_POINT('',#13343);
#3750=VERTEX_POINT('',#13346);
#3751=VERTEX_POINT('',#13352);
#3752=VERTEX_POINT('',#13354);
#3753=VERTEX_POINT('',#13356);
#3754=VERTEX_POINT('',#13360);
#3755=VERTEX_POINT('',#13364);
#3756=VERTEX_POINT('',#13369);
#3757=VERTEX_POINT('',#13371);
#3758=VERTEX_POINT('',#13373);
#3759=VERTEX_POINT('',#13377);
#3760=VERTEX_POINT('',#13381);
#3761=VERTEX_POINT('',#13386);
#3762=VERTEX_POINT('',#13388);
#3763=VERTEX_POINT('',#13392);
#3764=VERTEX_POINT('',#13396);
#3765=VERTEX_POINT('',#13401);
#3766=VERTEX_POINT('',#13403);
#3767=VERTEX_POINT('',#13407);
#3768=VERTEX_POINT('',#13412);
#3769=VERTEX_POINT('',#13414);
#3770=VERTEX_POINT('',#13418);
#3771=VERTEX_POINT('',#13423);
#3772=VERTEX_POINT('',#13424);
#3773=VERTEX_POINT('',#13426);
#3774=VERTEX_POINT('',#13431);
#3775=VERTEX_POINT('',#13435);
#3776=VERTEX_POINT('',#13440);
#3777=VERTEX_POINT('',#13441);
#3778=VERTEX_POINT('',#13443);
#3779=VERTEX_POINT('',#13448);
#3780=VERTEX_POINT('',#13452);
#3781=VERTEX_POINT('',#13457);
#3782=VERTEX_POINT('',#13459);
#3783=VERTEX_POINT('',#13462);
#3784=VERTEX_POINT('',#13464);
#3785=VERTEX_POINT('',#13468);
#3786=VERTEX_POINT('',#13470);
#3787=VERTEX_POINT('',#13478);
#3788=VERTEX_POINT('',#13480);
#3789=VERTEX_POINT('',#13481);
#3790=VERTEX_POINT('',#13483);
#3791=VERTEX_POINT('',#13485);
#3792=VERTEX_POINT('',#13488);
#3793=VERTEX_POINT('',#13490);
#3794=VERTEX_POINT('',#13492);
#3795=VERTEX_POINT('',#13494);
#3796=VERTEX_POINT('',#13496);
#3797=VERTEX_POINT('',#13498);
#3798=VERTEX_POINT('',#13501);
#3799=VERTEX_POINT('',#13503);
#3800=VERTEX_POINT('',#13504);
#3801=VERTEX_POINT('',#13506);
#3802=VERTEX_POINT('',#13508);
#3803=VERTEX_POINT('',#13510);
#3804=VERTEX_POINT('',#13512);
#3805=VERTEX_POINT('',#13515);
#3806=VERTEX_POINT('',#13516);
#3807=VERTEX_POINT('',#13518);
#3808=VERTEX_POINT('',#13520);
#3809=VERTEX_POINT('',#13522);
#3810=VERTEX_POINT('',#13524);
#3811=VERTEX_POINT('',#13526);
#3812=VERTEX_POINT('',#13528);
#3813=VERTEX_POINT('',#13530);
#3814=VERTEX_POINT('',#13532);
#3815=VERTEX_POINT('',#13534);
#3816=VERTEX_POINT('',#13536);
#3817=VERTEX_POINT('',#13539);
#3818=VERTEX_POINT('',#13540);
#3819=VERTEX_POINT('',#13542);
#3820=VERTEX_POINT('',#13544);
#3821=VERTEX_POINT('',#13546);
#3822=VERTEX_POINT('',#13548);
#3823=VERTEX_POINT('',#13550);
#3824=VERTEX_POINT('',#13552);
#3825=VERTEX_POINT('',#13554);
#3826=VERTEX_POINT('',#13556);
#3827=VERTEX_POINT('',#13558);
#3828=VERTEX_POINT('',#13560);
#3829=VERTEX_POINT('',#13563);
#3830=VERTEX_POINT('',#13564);
#3831=VERTEX_POINT('',#13566);
#3832=VERTEX_POINT('',#13568);
#3833=VERTEX_POINT('',#13570);
#3834=VERTEX_POINT('',#13572);
#3835=VERTEX_POINT('',#13574);
#3836=VERTEX_POINT('',#13576);
#3837=VERTEX_POINT('',#13578);
#3838=VERTEX_POINT('',#13580);
#3839=VERTEX_POINT('',#13582);
#3840=VERTEX_POINT('',#13584);
#3841=VERTEX_POINT('',#13587);
#3842=VERTEX_POINT('',#13588);
#3843=VERTEX_POINT('',#13590);
#3844=VERTEX_POINT('',#13592);
#3845=VERTEX_POINT('',#13594);
#3846=VERTEX_POINT('',#13596);
#3847=VERTEX_POINT('',#13599);
#3848=VERTEX_POINT('',#13600);
#3849=VERTEX_POINT('',#13602);
#3850=VERTEX_POINT('',#13604);
#3851=VERTEX_POINT('',#13606);
#3852=VERTEX_POINT('',#13608);
#3853=VERTEX_POINT('',#13611);
#3854=VERTEX_POINT('',#13614);
#3855=VERTEX_POINT('',#13617);
#3856=VERTEX_POINT('',#13618);
#3857=VERTEX_POINT('',#13688);
#3858=VERTEX_POINT('',#13689);
#3859=VERTEX_POINT('',#13691);
#3860=VERTEX_POINT('',#13693);
#3861=VERTEX_POINT('',#13703);
#3862=VERTEX_POINT('',#13711);
#3863=VERTEX_POINT('',#13714);
#3864=VERTEX_POINT('',#13715);
#3865=VERTEX_POINT('',#13719);
#3866=VERTEX_POINT('',#13724);
#3867=VERTEX_POINT('',#13728);
#3868=VERTEX_POINT('',#13732);
#3869=VERTEX_POINT('',#13752);
#3870=VERTEX_POINT('',#13755);
#3871=VERTEX_POINT('',#13756);
#3872=VERTEX_POINT('',#13760);
#3873=VERTEX_POINT('',#13765);
#3874=VERTEX_POINT('',#13769);
#3875=VERTEX_POINT('',#13773);
#3876=VERTEX_POINT('',#13793);
#3877=VERTEX_POINT('',#13796);
#3878=VERTEX_POINT('',#13797);
#3879=VERTEX_POINT('',#13801);
#3880=VERTEX_POINT('',#13806);
#3881=VERTEX_POINT('',#13810);
#3882=VERTEX_POINT('',#13814);
#3883=VERTEX_POINT('',#13834);
#3884=VERTEX_POINT('',#13835);
#3885=VERTEX_POINT('',#13837);
#3886=VERTEX_POINT('',#13842);
#3887=VERTEX_POINT('',#13846);
#3888=VERTEX_POINT('',#13849);
#3889=VERTEX_POINT('',#13854);
#3890=VERTEX_POINT('',#13858);
#3891=VERTEX_POINT('',#13859);
#3892=VERTEX_POINT('',#13863);
#3893=VERTEX_POINT('',#13869);
#3894=VERTEX_POINT('',#13870);
#3895=VERTEX_POINT('',#13874);
#3896=VERTEX_POINT('',#13880);
#3897=VERTEX_POINT('',#13881);
#3898=VERTEX_POINT('',#13885);
#3899=VERTEX_POINT('',#13891);
#3900=VERTEX_POINT('',#13892);
#3901=VERTEX_POINT('',#13896);
#3902=VERTEX_POINT('',#13902);
#3903=VERTEX_POINT('',#13903);
#3904=VERTEX_POINT('',#13907);
#3905=VERTEX_POINT('',#13913);
#3906=VERTEX_POINT('',#13914);
#3907=VERTEX_POINT('',#13918);
#3908=VERTEX_POINT('',#13924);
#3909=VERTEX_POINT('',#13925);
#3910=VERTEX_POINT('',#13929);
#3911=VERTEX_POINT('',#13935);
#3912=VERTEX_POINT('',#13936);
#3913=VERTEX_POINT('',#13940);
#3914=VERTEX_POINT('',#13946);
#3915=VERTEX_POINT('',#13947);
#3916=VERTEX_POINT('',#13951);
#3917=VERTEX_POINT('',#13957);
#3918=VERTEX_POINT('',#13958);
#3919=VERTEX_POINT('',#13962);
#3920=VERTEX_POINT('',#13968);
#3921=VERTEX_POINT('',#13969);
#3922=VERTEX_POINT('',#13973);
#3923=VERTEX_POINT('',#13979);
#3924=VERTEX_POINT('',#13980);
#3925=VERTEX_POINT('',#13984);
#3926=VERTEX_POINT('',#14015);
#3927=VERTEX_POINT('',#14016);
#3928=VERTEX_POINT('',#14020);
#3929=VERTEX_POINT('',#14022);
#3930=VERTEX_POINT('',#14026);
#3931=VERTEX_POINT('',#14028);
#3932=VERTEX_POINT('',#14032);
#3933=VERTEX_POINT('',#14034);
#3934=VERTEX_POINT('',#14040);
#3935=VERTEX_POINT('',#14046);
#3936=VERTEX_POINT('',#14047);
#3937=VERTEX_POINT('',#14051);
#3938=VERTEX_POINT('',#14053);
#3939=VERTEX_POINT('',#14058);
#3940=VERTEX_POINT('',#14064);
#3941=VERTEX_POINT('',#14070);
#3942=VERTEX_POINT('',#14071);
#3943=VERTEX_POINT('',#14075);
#3944=VERTEX_POINT('',#14077);
#3945=VERTEX_POINT('',#14082);
#3946=VERTEX_POINT('',#14088);
#3947=VERTEX_POINT('',#14094);
#3948=VERTEX_POINT('',#14095);
#3949=VERTEX_POINT('',#14099);
#3950=VERTEX_POINT('',#14101);
#3951=VERTEX_POINT('',#14106);
#3952=VERTEX_POINT('',#14112);
#3953=VERTEX_POINT('',#14118);
#3954=VERTEX_POINT('',#14119);
#3955=VERTEX_POINT('',#14123);
#3956=VERTEX_POINT('',#14125);
#3957=VERTEX_POINT('',#14130);
#3958=VERTEX_POINT('',#14136);
#3959=VERTEX_POINT('',#14142);
#3960=VERTEX_POINT('',#14146);
#3961=VERTEX_POINT('',#14151);
#3962=VERTEX_POINT('',#14167);
#3963=VERTEX_POINT('',#14174);
#3964=VERTEX_POINT('',#14175);
#3965=VERTEX_POINT('',#14180);
#3966=VERTEX_POINT('',#14184);
#3967=VERTEX_POINT('',#14188);
#3968=VERTEX_POINT('',#14191);
#3969=VERTEX_POINT('',#14196);
#3970=VERTEX_POINT('',#14197);
#3971=VERTEX_POINT('',#14201);
#3972=VERTEX_POINT('',#14203);
#3973=VERTEX_POINT('',#14207);
#3974=VERTEX_POINT('',#14209);
#3975=VERTEX_POINT('',#14213);
#3976=VERTEX_POINT('',#14215);
#3977=VERTEX_POINT('',#14221);
#3978=VERTEX_POINT('',#14227);
#3979=VERTEX_POINT('',#14228);
#3980=VERTEX_POINT('',#14232);
#3981=VERTEX_POINT('',#14234);
#3982=VERTEX_POINT('',#14239);
#3983=VERTEX_POINT('',#14245);
#3984=VERTEX_POINT('',#14251);
#3985=VERTEX_POINT('',#14252);
#3986=VERTEX_POINT('',#14256);
#3987=VERTEX_POINT('',#14258);
#3988=VERTEX_POINT('',#14263);
#3989=VERTEX_POINT('',#14269);
#3990=VERTEX_POINT('',#14275);
#3991=VERTEX_POINT('',#14276);
#3992=VERTEX_POINT('',#14280);
#3993=VERTEX_POINT('',#14282);
#3994=VERTEX_POINT('',#14287);
#3995=VERTEX_POINT('',#14293);
#3996=VERTEX_POINT('',#14299);
#3997=VERTEX_POINT('',#14300);
#3998=VERTEX_POINT('',#14304);
#3999=VERTEX_POINT('',#14306);
#4000=VERTEX_POINT('',#14311);
#4001=VERTEX_POINT('',#14317);
#4002=VERTEX_POINT('',#14323);
#4003=VERTEX_POINT('',#14327);
#4004=VERTEX_POINT('',#14332);
#4005=VERTEX_POINT('',#14348);
#4006=VERTEX_POINT('',#14355);
#4007=VERTEX_POINT('',#14356);
#4008=VERTEX_POINT('',#14361);
#4009=VERTEX_POINT('',#14365);
#4010=VERTEX_POINT('',#14369);
#4011=VERTEX_POINT('',#14372);
#4012=VERTEX_POINT('',#14377);
#4013=VERTEX_POINT('',#14378);
#4014=VERTEX_POINT('',#14380);
#4015=VERTEX_POINT('',#14382);
#4016=VERTEX_POINT('',#14384);
#4017=VERTEX_POINT('',#14386);
#4018=VERTEX_POINT('',#14388);
#4019=VERTEX_POINT('',#14390);
#4020=VERTEX_POINT('',#14392);
#4021=VERTEX_POINT('',#14394);
#4022=VERTEX_POINT('',#14396);
#4023=VERTEX_POINT('',#14398);
#4024=VERTEX_POINT('',#14401);
#4025=VERTEX_POINT('',#14403);
#4026=VERTEX_POINT('',#14405);
#4027=VERTEX_POINT('',#14407);
#4028=VERTEX_POINT('',#14409);
#4029=VERTEX_POINT('',#14411);
#4030=VERTEX_POINT('',#14413);
#4031=VERTEX_POINT('',#14416);
#4032=VERTEX_POINT('',#14417);
#4033=VERTEX_POINT('',#14419);
#4034=VERTEX_POINT('',#14421);
#4035=VERTEX_POINT('',#14423);
#4036=VERTEX_POINT('',#14425);
#4037=VERTEX_POINT('',#14427);
#4038=VERTEX_POINT('',#14429);
#4039=VERTEX_POINT('',#14431);
#4040=VERTEX_POINT('',#14433);
#4041=VERTEX_POINT('',#14435);
#4042=VERTEX_POINT('',#14437);
#4043=VERTEX_POINT('',#14440);
#4044=VERTEX_POINT('',#14442);
#4045=VERTEX_POINT('',#14444);
#4046=VERTEX_POINT('',#14446);
#4047=VERTEX_POINT('',#14448);
#4048=VERTEX_POINT('',#14450);
#4049=VERTEX_POINT('',#14452);
#4050=VERTEX_POINT('',#14481);
#4051=VERTEX_POINT('',#14487);
#4052=VERTEX_POINT('',#14493);
#4053=VERTEX_POINT('',#14499);
#4054=VERTEX_POINT('',#14505);
#4055=VERTEX_POINT('',#14511);
#4056=VERTEX_POINT('',#14517);
#4057=VERTEX_POINT('',#14518);
#4058=VERTEX_POINT('',#14520);
#4059=VERTEX_POINT('',#14524);
#4060=VERTEX_POINT('',#14528);
#4061=VERTEX_POINT('',#14532);
#4062=VERTEX_POINT('',#14536);
#4063=VERTEX_POINT('',#14540);
#4064=VERTEX_POINT('',#14544);
#4065=VERTEX_POINT('',#14548);
#4066=VERTEX_POINT('',#14552);
#4067=VERTEX_POINT('',#14556);
#4068=VERTEX_POINT('',#14565);
#4069=VERTEX_POINT('',#14570);
#4070=VERTEX_POINT('',#14571);
#4071=VERTEX_POINT('',#14573);
#4072=VERTEX_POINT('',#14577);
#4073=VERTEX_POINT('',#14581);
#4074=VERTEX_POINT('',#14585);
#4075=VERTEX_POINT('',#14589);
#4076=VERTEX_POINT('',#14593);
#4077=VERTEX_POINT('',#14597);
#4078=VERTEX_POINT('',#14601);
#4079=VERTEX_POINT('',#14605);
#4080=VERTEX_POINT('',#14609);
#4081=VERTEX_POINT('',#14618);
#4082=VERTEX_POINT('',#14623);
#4083=VERTEX_POINT('',#14624);
#4084=VERTEX_POINT('',#14626);
#4085=VERTEX_POINT('',#14630);
#4086=VERTEX_POINT('',#14634);
#4087=VERTEX_POINT('',#14638);
#4088=VERTEX_POINT('',#14642);
#4089=VERTEX_POINT('',#14646);
#4090=VERTEX_POINT('',#14650);
#4091=VERTEX_POINT('',#14654);
#4092=VERTEX_POINT('',#14658);
#4093=VERTEX_POINT('',#14662);
#4094=VERTEX_POINT('',#14671);
#4095=VERTEX_POINT('',#14676);
#4096=VERTEX_POINT('',#14677);
#4097=VERTEX_POINT('',#14679);
#4098=VERTEX_POINT('',#14684);
#4099=VERTEX_POINT('',#14688);
#4100=VERTEX_POINT('',#14691);
#4101=VERTEX_POINT('',#14696);
#4102=VERTEX_POINT('',#14700);
#4103=VERTEX_POINT('',#14701);
#4104=VERTEX_POINT('',#14705);
#4105=VERTEX_POINT('',#14711);
#4106=VERTEX_POINT('',#14712);
#4107=VERTEX_POINT('',#14716);
#4108=VERTEX_POINT('',#14722);
#4109=VERTEX_POINT('',#14723);
#4110=VERTEX_POINT('',#14727);
#4111=VERTEX_POINT('',#14733);
#4112=VERTEX_POINT('',#14734);
#4113=VERTEX_POINT('',#14738);
#4114=VERTEX_POINT('',#14744);
#4115=VERTEX_POINT('',#14745);
#4116=VERTEX_POINT('',#14749);
#4117=VERTEX_POINT('',#14755);
#4118=VERTEX_POINT('',#14756);
#4119=VERTEX_POINT('',#14760);
#4120=VERTEX_POINT('',#14766);
#4121=VERTEX_POINT('',#14767);
#4122=VERTEX_POINT('',#14771);
#4123=VERTEX_POINT('',#14777);
#4124=VERTEX_POINT('',#14778);
#4125=VERTEX_POINT('',#14782);
#4126=VERTEX_POINT('',#14788);
#4127=VERTEX_POINT('',#14789);
#4128=VERTEX_POINT('',#14793);
#4129=VERTEX_POINT('',#14799);
#4130=VERTEX_POINT('',#14800);
#4131=VERTEX_POINT('',#14804);
#4132=VERTEX_POINT('',#14810);
#4133=VERTEX_POINT('',#14811);
#4134=VERTEX_POINT('',#14815);
#4135=VERTEX_POINT('',#14821);
#4136=VERTEX_POINT('',#14822);
#4137=VERTEX_POINT('',#14826);
#4138=VERTEX_POINT('',#14857);
#4139=VERTEX_POINT('',#14858);
#4140=VERTEX_POINT('',#14862);
#4141=VERTEX_POINT('',#14864);
#4142=VERTEX_POINT('',#14868);
#4143=VERTEX_POINT('',#14870);
#4144=VERTEX_POINT('',#14874);
#4145=VERTEX_POINT('',#14876);
#4146=VERTEX_POINT('',#14882);
#4147=VERTEX_POINT('',#14888);
#4148=VERTEX_POINT('',#14889);
#4149=VERTEX_POINT('',#14893);
#4150=VERTEX_POINT('',#14895);
#4151=VERTEX_POINT('',#14900);
#4152=VERTEX_POINT('',#14906);
#4153=VERTEX_POINT('',#14912);
#4154=VERTEX_POINT('',#14913);
#4155=VERTEX_POINT('',#14917);
#4156=VERTEX_POINT('',#14919);
#4157=VERTEX_POINT('',#14924);
#4158=VERTEX_POINT('',#14930);
#4159=VERTEX_POINT('',#14936);
#4160=VERTEX_POINT('',#14937);
#4161=VERTEX_POINT('',#14941);
#4162=VERTEX_POINT('',#14943);
#4163=VERTEX_POINT('',#14948);
#4164=VERTEX_POINT('',#14954);
#4165=VERTEX_POINT('',#14960);
#4166=VERTEX_POINT('',#14961);
#4167=VERTEX_POINT('',#14965);
#4168=VERTEX_POINT('',#14967);
#4169=VERTEX_POINT('',#14972);
#4170=VERTEX_POINT('',#14978);
#4171=VERTEX_POINT('',#14984);
#4172=VERTEX_POINT('',#14988);
#4173=VERTEX_POINT('',#14993);
#4174=VERTEX_POINT('',#15009);
#4175=VERTEX_POINT('',#15016);
#4176=VERTEX_POINT('',#15017);
#4177=VERTEX_POINT('',#15022);
#4178=VERTEX_POINT('',#15026);
#4179=VERTEX_POINT('',#15030);
#4180=VERTEX_POINT('',#15033);
#4181=VERTEX_POINT('',#15038);
#4182=VERTEX_POINT('',#15039);
#4183=VERTEX_POINT('',#15043);
#4184=VERTEX_POINT('',#15045);
#4185=VERTEX_POINT('',#15049);
#4186=VERTEX_POINT('',#15051);
#4187=VERTEX_POINT('',#15055);
#4188=VERTEX_POINT('',#15057);
#4189=VERTEX_POINT('',#15063);
#4190=VERTEX_POINT('',#15069);
#4191=VERTEX_POINT('',#15070);
#4192=VERTEX_POINT('',#15074);
#4193=VERTEX_POINT('',#15076);
#4194=VERTEX_POINT('',#15081);
#4195=VERTEX_POINT('',#15087);
#4196=VERTEX_POINT('',#15093);
#4197=VERTEX_POINT('',#15094);
#4198=VERTEX_POINT('',#15098);
#4199=VERTEX_POINT('',#15100);
#4200=VERTEX_POINT('',#15105);
#4201=VERTEX_POINT('',#15111);
#4202=VERTEX_POINT('',#15117);
#4203=VERTEX_POINT('',#15118);
#4204=VERTEX_POINT('',#15122);
#4205=VERTEX_POINT('',#15124);
#4206=VERTEX_POINT('',#15129);
#4207=VERTEX_POINT('',#15135);
#4208=VERTEX_POINT('',#15141);
#4209=VERTEX_POINT('',#15142);
#4210=VERTEX_POINT('',#15146);
#4211=VERTEX_POINT('',#15148);
#4212=VERTEX_POINT('',#15153);
#4213=VERTEX_POINT('',#15159);
#4214=VERTEX_POINT('',#15165);
#4215=VERTEX_POINT('',#15169);
#4216=VERTEX_POINT('',#15174);
#4217=VERTEX_POINT('',#15190);
#4218=VERTEX_POINT('',#15197);
#4219=VERTEX_POINT('',#15198);
#4220=VERTEX_POINT('',#15203);
#4221=VERTEX_POINT('',#15207);
#4222=VERTEX_POINT('',#15211);
#4223=VERTEX_POINT('',#15214);
#4224=VERTEX_POINT('',#15219);
#4225=VERTEX_POINT('',#15221);
#4226=VERTEX_POINT('',#15222);
#4227=VERTEX_POINT('',#15224);
#4228=VERTEX_POINT('',#15226);
#4229=VERTEX_POINT('',#15229);
#4230=VERTEX_POINT('',#15231);
#4231=VERTEX_POINT('',#15233);
#4232=VERTEX_POINT('',#15235);
#4233=VERTEX_POINT('',#15237);
#4234=VERTEX_POINT('',#15239);
#4235=VERTEX_POINT('',#15242);
#4236=VERTEX_POINT('',#15244);
#4237=VERTEX_POINT('',#15246);
#4238=VERTEX_POINT('',#15247);
#4239=VERTEX_POINT('',#15249);
#4240=VERTEX_POINT('',#15251);
#4241=VERTEX_POINT('',#15253);
#4242=VERTEX_POINT('',#15255);
#4243=VERTEX_POINT('',#15257);
#4244=VERTEX_POINT('',#15259);
#4245=VERTEX_POINT('',#15261);
#4246=VERTEX_POINT('',#15263);
#4247=VERTEX_POINT('',#15265);
#4248=VERTEX_POINT('',#15267);
#4249=VERTEX_POINT('',#15270);
#4250=VERTEX_POINT('',#15271);
#4251=VERTEX_POINT('',#15273);
#4252=VERTEX_POINT('',#15275);
#4253=VERTEX_POINT('',#15277);
#4254=VERTEX_POINT('',#15279);
#4255=VERTEX_POINT('',#15281);
#4256=VERTEX_POINT('',#15283);
#4257=VERTEX_POINT('',#15285);
#4258=VERTEX_POINT('',#15287);
#4259=VERTEX_POINT('',#15289);
#4260=VERTEX_POINT('',#15291);
#4261=VERTEX_POINT('',#15294);
#4262=VERTEX_POINT('',#15295);
#4263=VERTEX_POINT('',#15297);
#4264=VERTEX_POINT('',#15299);
#4265=VERTEX_POINT('',#15301);
#4266=VERTEX_POINT('',#15303);
#4267=VERTEX_POINT('',#15305);
#4268=VERTEX_POINT('',#15307);
#4269=VERTEX_POINT('',#15309);
#4270=VERTEX_POINT('',#15311);
#4271=VERTEX_POINT('',#15313);
#4272=VERTEX_POINT('',#15315);
#4273=VERTEX_POINT('',#15318);
#4274=VERTEX_POINT('',#15319);
#4275=VERTEX_POINT('',#15321);
#4276=VERTEX_POINT('',#15323);
#4277=VERTEX_POINT('',#15325);
#4278=VERTEX_POINT('',#15327);
#4279=VERTEX_POINT('',#15330);
#4280=VERTEX_POINT('',#15331);
#4281=VERTEX_POINT('',#15333);
#4282=VERTEX_POINT('',#15335);
#4283=VERTEX_POINT('',#15337);
#4284=VERTEX_POINT('',#15339);
#4285=VERTEX_POINT('',#15342);
#4286=VERTEX_POINT('',#15343);
#4287=VERTEX_POINT('',#15345);
#4288=VERTEX_POINT('',#15347);
#4289=VERTEX_POINT('',#15349);
#4290=VERTEX_POINT('',#15351);
#4291=VERTEX_POINT('',#15357);
#4292=VERTEX_POINT('',#15359);
#4293=VERTEX_POINT('',#15360);
#4294=VERTEX_POINT('',#15362);
#4295=VERTEX_POINT('',#15364);
#4296=VERTEX_POINT('',#15374);
#4297=VERTEX_POINT('',#15379);
#4298=VERTEX_POINT('',#15380);
#4299=VERTEX_POINT('',#15452);
#4300=VERTEX_POINT('',#15455);
#4301=VERTEX_POINT('',#15456);
#4302=VERTEX_POINT('',#15460);
#4303=VERTEX_POINT('',#15465);
#4304=VERTEX_POINT('',#15469);
#4305=VERTEX_POINT('',#15473);
#4306=VERTEX_POINT('',#15493);
#4307=VERTEX_POINT('',#15496);
#4308=VERTEX_POINT('',#15497);
#4309=VERTEX_POINT('',#15501);
#4310=VERTEX_POINT('',#15506);
#4311=VERTEX_POINT('',#15510);
#4312=VERTEX_POINT('',#15514);
#4313=VERTEX_POINT('',#15534);
#4314=VERTEX_POINT('',#15537);
#4315=VERTEX_POINT('',#15538);
#4316=VERTEX_POINT('',#15542);
#4317=VERTEX_POINT('',#15547);
#4318=VERTEX_POINT('',#15551);
#4319=VERTEX_POINT('',#15555);
#4320=VERTEX_POINT('',#15575);
#4321=VERTEX_POINT('',#15577);
#4322=VERTEX_POINT('',#15581);
#4323=VERTEX_POINT('',#15585);
#4324=VERTEX_POINT('',#15587);
#4325=VERTEX_POINT('',#15591);
#4326=VERTEX_POINT('',#15595);
#4327=VERTEX_POINT('',#15597);
#4328=VERTEX_POINT('',#15601);
#4329=VERTEX_POINT('',#15605);
#4330=VERTEX_POINT('',#15607);
#4331=VERTEX_POINT('',#15611);
#4332=VERTEX_POINT('',#15615);
#4333=VERTEX_POINT('',#15617);
#4334=VERTEX_POINT('',#15621);
#4335=VERTEX_POINT('',#15625);
#4336=VERTEX_POINT('',#15627);
#4337=VERTEX_POINT('',#15631);
#4338=VERTEX_POINT('',#15635);
#4339=VERTEX_POINT('',#15637);
#4340=VERTEX_POINT('',#15641);
#4341=VERTEX_POINT('',#15642);
#4342=VERTEX_POINT('',#15644);
#4343=VERTEX_POINT('',#15646);
#4344=VERTEX_POINT('',#15650);
#4345=VERTEX_POINT('',#15652);
#4346=VERTEX_POINT('',#15656);
#4347=VERTEX_POINT('',#15658);
#4348=VERTEX_POINT('',#15662);
#4349=VERTEX_POINT('',#15664);
#4350=VERTEX_POINT('',#15668);
#4351=VERTEX_POINT('',#15670);
#4352=VERTEX_POINT('',#15674);
#4353=VERTEX_POINT('',#15676);
#4354=VERTEX_POINT('',#15680);
#4355=VERTEX_POINT('',#15682);
#4356=VERTEX_POINT('',#15686);
#4357=VERTEX_POINT('',#15688);
#4358=VERTEX_POINT('',#15692);
#4359=VERTEX_POINT('',#15694);
#4360=VERTEX_POINT('',#15698);
#4361=VERTEX_POINT('',#15700);
#4362=VERTEX_POINT('',#15704);
#4363=VERTEX_POINT('',#15706);
#4364=VERTEX_POINT('',#15715);
#4365=VERTEX_POINT('',#15718);
#4366=VERTEX_POINT('',#15722);
#4367=VERTEX_POINT('',#15725);
#4368=VERTEX_POINT('',#15729);
#4369=VERTEX_POINT('',#15730);
#4370=VERTEX_POINT('',#15735);
#4371=VERTEX_POINT('',#15739);
#4372=VERTEX_POINT('',#15740);
#4373=VERTEX_POINT('',#15744);
#4374=VERTEX_POINT('',#15750);
#4375=VERTEX_POINT('',#15751);
#4376=VERTEX_POINT('',#15755);
#4377=VERTEX_POINT('',#15761);
#4378=VERTEX_POINT('',#15762);
#4379=VERTEX_POINT('',#15766);
#4380=VERTEX_POINT('',#15772);
#4381=VERTEX_POINT('',#15773);
#4382=VERTEX_POINT('',#15777);
#4383=VERTEX_POINT('',#15783);
#4384=VERTEX_POINT('',#15785);
#4385=VERTEX_POINT('',#15787);
#4386=VERTEX_POINT('',#15789);
#4387=VERTEX_POINT('',#15796);
#4388=VERTEX_POINT('',#15804);
#4389=VERTEX_POINT('',#15812);
#4390=VERTEX_POINT('',#15821);
#4391=VERTEX_POINT('',#15831);
#4392=VERTEX_POINT('',#15841);
#4393=VERTEX_POINT('',#15851);
#4394=VERTEX_POINT('',#15861);
#4395=VERTEX_POINT('',#15872);
#4396=VERTEX_POINT('',#15875);
#4397=VERTEX_POINT('',#15879);
#4398=VERTEX_POINT('',#15882);
#4399=VERTEX_POINT('',#15886);
#4400=VERTEX_POINT('',#15887);
#4401=VERTEX_POINT('',#15892);
#4402=VERTEX_POINT('',#15896);
#4403=VERTEX_POINT('',#15897);
#4404=VERTEX_POINT('',#15901);
#4405=VERTEX_POINT('',#15907);
#4406=VERTEX_POINT('',#15908);
#4407=VERTEX_POINT('',#15912);
#4408=VERTEX_POINT('',#15918);
#4409=VERTEX_POINT('',#15919);
#4410=VERTEX_POINT('',#15923);
#4411=VERTEX_POINT('',#15929);
#4412=VERTEX_POINT('',#15930);
#4413=VERTEX_POINT('',#15934);
#4414=VERTEX_POINT('',#15940);
#4415=VERTEX_POINT('',#15942);
#4416=VERTEX_POINT('',#15944);
#4417=VERTEX_POINT('',#15946);
#4418=VERTEX_POINT('',#15953);
#4419=VERTEX_POINT('',#15961);
#4420=VERTEX_POINT('',#15969);
#4421=VERTEX_POINT('',#15978);
#4422=VERTEX_POINT('',#15988);
#4423=VERTEX_POINT('',#15998);
#4424=VERTEX_POINT('',#16008);
#4425=VERTEX_POINT('',#16018);
#4426=VERTEX_POINT('',#16029);
#4427=VERTEX_POINT('',#16030);
#4428=VERTEX_POINT('',#16034);
#4429=VERTEX_POINT('',#16039);
#4430=VERTEX_POINT('',#16043);
#4431=VERTEX_POINT('',#16045);
#4432=VERTEX_POINT('',#16051);
#4433=VERTEX_POINT('',#16058);
#4434=VERTEX_POINT('',#16062);
#4435=VERTEX_POINT('',#16064);
#4436=VERTEX_POINT('',#16070);
#4437=VERTEX_POINT('',#16077);
#4438=VERTEX_POINT('',#16081);
#4439=VERTEX_POINT('',#16083);
#4440=VERTEX_POINT('',#16089);
#4441=VERTEX_POINT('',#16096);
#4442=VERTEX_POINT('',#16100);
#4443=VERTEX_POINT('',#16102);
#4444=VERTEX_POINT('',#16108);
#4445=VERTEX_POINT('',#16115);
#4446=VERTEX_POINT('',#16119);
#4447=VERTEX_POINT('',#16121);
#4448=VERTEX_POINT('',#16127);
#4449=VERTEX_POINT('',#16137);
#4450=VERTEX_POINT('',#16149);
#4451=VERTEX_POINT('',#16164);
#4452=VERTEX_POINT('',#16165);
#4453=VERTEX_POINT('',#16170);
#4454=VERTEX_POINT('',#16173);
#4455=VERTEX_POINT('',#16177);
#4456=VERTEX_POINT('',#16180);
#4457=VERTEX_POINT('',#16186);
#4458=VERTEX_POINT('',#16187);
#4459=VERTEX_POINT('',#16189);
#4460=VERTEX_POINT('',#16193);
#4461=VERTEX_POINT('',#16197);
#4462=VERTEX_POINT('',#16201);
#4463=VERTEX_POINT('',#16205);
#4464=VERTEX_POINT('',#16209);
#4465=VERTEX_POINT('',#16213);
#4466=VERTEX_POINT('',#16217);
#4467=VERTEX_POINT('',#16221);
#4468=VERTEX_POINT('',#16225);
#4469=VERTEX_POINT('',#16234);
#4470=VERTEX_POINT('',#16239);
#4471=VERTEX_POINT('',#16240);
#4472=VERTEX_POINT('',#16242);
#4473=VERTEX_POINT('',#16246);
#4474=VERTEX_POINT('',#16250);
#4475=VERTEX_POINT('',#16254);
#4476=VERTEX_POINT('',#16258);
#4477=VERTEX_POINT('',#16262);
#4478=VERTEX_POINT('',#16266);
#4479=VERTEX_POINT('',#16270);
#4480=VERTEX_POINT('',#16274);
#4481=VERTEX_POINT('',#16278);
#4482=VERTEX_POINT('',#16287);
#4483=VERTEX_POINT('',#16292);
#4484=VERTEX_POINT('',#16293);
#4485=VERTEX_POINT('',#16295);
#4486=VERTEX_POINT('',#16299);
#4487=VERTEX_POINT('',#16303);
#4488=VERTEX_POINT('',#16307);
#4489=VERTEX_POINT('',#16311);
#4490=VERTEX_POINT('',#16315);
#4491=VERTEX_POINT('',#16319);
#4492=VERTEX_POINT('',#16323);
#4493=VERTEX_POINT('',#16327);
#4494=VERTEX_POINT('',#16331);
#4495=VERTEX_POINT('',#16340);
#4496=VERTEX_POINT('',#16345);
#4497=VERTEX_POINT('',#16347);
#4498=VERTEX_POINT('',#16351);
#4499=VERTEX_POINT('',#16353);
#4500=VERTEX_POINT('',#16357);
#4501=VERTEX_POINT('',#16359);
#4502=VERTEX_POINT('',#16363);
#4503=VERTEX_POINT('',#16365);
#4504=VERTEX_POINT('',#16373);
#4505=VERTEX_POINT('',#16376);
#4506=VERTEX_POINT('',#16380);
#4507=VERTEX_POINT('',#16383);
#4508=VERTEX_POINT('',#16387);
#4509=VERTEX_POINT('',#16388);
#4510=VERTEX_POINT('',#16393);
#4511=VERTEX_POINT('',#16397);
#4512=VERTEX_POINT('',#16398);
#4513=VERTEX_POINT('',#16402);
#4514=VERTEX_POINT('',#16408);
#4515=VERTEX_POINT('',#16409);
#4516=VERTEX_POINT('',#16413);
#4517=VERTEX_POINT('',#16419);
#4518=VERTEX_POINT('',#16420);
#4519=VERTEX_POINT('',#16424);
#4520=VERTEX_POINT('',#16430);
#4521=VERTEX_POINT('',#16431);
#4522=VERTEX_POINT('',#16435);
#4523=VERTEX_POINT('',#16441);
#4524=VERTEX_POINT('',#16443);
#4525=VERTEX_POINT('',#16445);
#4526=VERTEX_POINT('',#16447);
#4527=VERTEX_POINT('',#16454);
#4528=VERTEX_POINT('',#16462);
#4529=VERTEX_POINT('',#16470);
#4530=VERTEX_POINT('',#16479);
#4531=VERTEX_POINT('',#16489);
#4532=VERTEX_POINT('',#16499);
#4533=VERTEX_POINT('',#16509);
#4534=VERTEX_POINT('',#16519);
#4535=VERTEX_POINT('',#16530);
#4536=VERTEX_POINT('',#16533);
#4537=VERTEX_POINT('',#16537);
#4538=VERTEX_POINT('',#16540);
#4539=VERTEX_POINT('',#16544);
#4540=VERTEX_POINT('',#16545);
#4541=VERTEX_POINT('',#16550);
#4542=VERTEX_POINT('',#16554);
#4543=VERTEX_POINT('',#16555);
#4544=VERTEX_POINT('',#16559);
#4545=VERTEX_POINT('',#16565);
#4546=VERTEX_POINT('',#16566);
#4547=VERTEX_POINT('',#16570);
#4548=VERTEX_POINT('',#16576);
#4549=VERTEX_POINT('',#16577);
#4550=VERTEX_POINT('',#16581);
#4551=VERTEX_POINT('',#16587);
#4552=VERTEX_POINT('',#16588);
#4553=VERTEX_POINT('',#16592);
#4554=VERTEX_POINT('',#16598);
#4555=VERTEX_POINT('',#16600);
#4556=VERTEX_POINT('',#16602);
#4557=VERTEX_POINT('',#16604);
#4558=VERTEX_POINT('',#16611);
#4559=VERTEX_POINT('',#16619);
#4560=VERTEX_POINT('',#16627);
#4561=VERTEX_POINT('',#16636);
#4562=VERTEX_POINT('',#16646);
#4563=VERTEX_POINT('',#16656);
#4564=VERTEX_POINT('',#16666);
#4565=VERTEX_POINT('',#16676);
#4566=VERTEX_POINT('',#16687);
#4567=VERTEX_POINT('',#16688);
#4568=VERTEX_POINT('',#16692);
#4569=VERTEX_POINT('',#16697);
#4570=VERTEX_POINT('',#16701);
#4571=VERTEX_POINT('',#16703);
#4572=VERTEX_POINT('',#16709);
#4573=VERTEX_POINT('',#16716);
#4574=VERTEX_POINT('',#16720);
#4575=VERTEX_POINT('',#16722);
#4576=VERTEX_POINT('',#16728);
#4577=VERTEX_POINT('',#16735);
#4578=VERTEX_POINT('',#16739);
#4579=VERTEX_POINT('',#16741);
#4580=VERTEX_POINT('',#16747);
#4581=VERTEX_POINT('',#16754);
#4582=VERTEX_POINT('',#16758);
#4583=VERTEX_POINT('',#16760);
#4584=VERTEX_POINT('',#16766);
#4585=VERTEX_POINT('',#16773);
#4586=VERTEX_POINT('',#16777);
#4587=VERTEX_POINT('',#16779);
#4588=VERTEX_POINT('',#16785);
#4589=VERTEX_POINT('',#16795);
#4590=VERTEX_POINT('',#16807);
#4591=VERTEX_POINT('',#16822);
#4592=VERTEX_POINT('',#16823);
#4593=VERTEX_POINT('',#16828);
#4594=VERTEX_POINT('',#16831);
#4595=VERTEX_POINT('',#16835);
#4596=VERTEX_POINT('',#16838);
#4597=EDGE_CURVE('',#3696,#3696,#3243,.T.);
#4598=EDGE_CURVE('',#3697,#3697,#3244,.T.);
#4599=EDGE_CURVE('',#3697,#3698,#610,.T.);
#4600=EDGE_CURVE('',#3698,#3698,#3245,.T.);
#4601=EDGE_CURVE('',#3698,#3696,#611,.T.);
#4602=EDGE_CURVE('',#3699,#3699,#3246,.T.);
#4603=EDGE_CURVE('',#3700,#3700,#3247,.T.);
#4604=EDGE_CURVE('',#3700,#3701,#612,.T.);
#4605=EDGE_CURVE('',#3701,#3701,#3248,.T.);
#4606=EDGE_CURVE('',#3701,#3699,#613,.T.);
#4607=EDGE_CURVE('',#3702,#3702,#3249,.T.);
#4608=EDGE_CURVE('',#3703,#3703,#3250,.T.);
#4609=EDGE_CURVE('',#3703,#3704,#614,.T.);
#4610=EDGE_CURVE('',#3704,#3704,#3251,.T.);
#4611=EDGE_CURVE('',#3704,#3702,#615,.T.);
#4612=EDGE_CURVE('',#3705,#3705,#3252,.T.);
#4613=EDGE_CURVE('',#3705,#3706,#616,.T.);
#4614=EDGE_CURVE('',#3707,#3706,#3253,.T.);
#4615=EDGE_CURVE('',#3706,#3707,#3254,.T.);
#4616=EDGE_CURVE('',#3707,#3708,#617,.T.);
#4617=EDGE_CURVE('',#3708,#3708,#3255,.T.);
#4618=EDGE_CURVE('',#3708,#3709,#618,.T.);
#4619=EDGE_CURVE('',#3709,#3709,#3256,.T.);
#4620=EDGE_CURVE('',#3710,#3710,#3257,.T.);
#4621=EDGE_CURVE('',#3710,#3711,#619,.T.);
#4622=EDGE_CURVE('',#3711,#3711,#3258,.T.);
#4623=EDGE_CURVE('',#3711,#3712,#620,.T.);
#4624=EDGE_CURVE('',#3712,#3712,#3259,.T.);
#4625=EDGE_CURVE('',#3712,#3713,#621,.T.);
#4626=EDGE_CURVE('',#3713,#3713,#3260,.T.);
#4627=EDGE_CURVE('',#3714,#3714,#3261,.T.);
#4628=EDGE_CURVE('',#3714,#3715,#622,.T.);
#4629=EDGE_CURVE('',#3716,#3715,#3262,.T.);
#4630=EDGE_CURVE('',#3715,#3716,#3263,.T.);
#4631=EDGE_CURVE('',#3716,#3717,#623,.T.);
#4632=EDGE_CURVE('',#3717,#3717,#3264,.T.);
#4633=EDGE_CURVE('',#3717,#3718,#624,.T.);
#4634=EDGE_CURVE('',#3718,#3718,#3265,.T.);
#4635=EDGE_CURVE('',#3719,#3719,#3266,.T.);
#4636=EDGE_CURVE('',#3719,#3720,#625,.T.);
#4637=EDGE_CURVE('',#3720,#3720,#3267,.T.);
#4638=EDGE_CURVE('',#3720,#3721,#626,.T.);
#4639=EDGE_CURVE('',#3721,#3721,#3268,.T.);
#4640=EDGE_CURVE('',#3722,#3722,#3269,.T.);
#4641=EDGE_CURVE('',#3722,#3723,#627,.T.);
#4642=EDGE_CURVE('',#3723,#3723,#3270,.T.);
#4643=EDGE_CURVE('',#3723,#3724,#628,.T.);
#4644=EDGE_CURVE('',#3724,#3724,#3271,.T.);
#4645=EDGE_CURVE('',#3725,#3725,#3272,.T.);
#4646=EDGE_CURVE('',#3725,#3726,#629,.T.);
#4647=EDGE_CURVE('',#3726,#3726,#3273,.T.);
#4648=EDGE_CURVE('',#3726,#3727,#630,.T.);
#4649=EDGE_CURVE('',#3727,#3727,#3274,.T.);
#4650=EDGE_CURVE('',#3728,#3728,#3275,.T.);
#4651=EDGE_CURVE('',#3729,#3729,#3276,.T.);
#4652=EDGE_CURVE('',#3730,#3731,#3277,.T.);
#4653=EDGE_CURVE('',#3730,#3728,#631,.T.);
#4654=EDGE_CURVE('',#3731,#3730,#3278,.T.);
#4655=EDGE_CURVE('',#3731,#3732,#632,.T.);
#4656=EDGE_CURVE('',#3732,#3732,#3279,.T.);
#4657=EDGE_CURVE('',#3732,#3729,#633,.T.);
#4658=EDGE_CURVE('',#3733,#3733,#3280,.T.);
#4659=EDGE_CURVE('',#3734,#3734,#3281,.T.);
#4660=EDGE_CURVE('',#3735,#3735,#3282,.T.);
#4661=EDGE_CURVE('',#3735,#3733,#634,.T.);
#4662=EDGE_CURVE('',#3735,#3736,#635,.T.);
#4663=EDGE_CURVE('',#3736,#3736,#3283,.T.);
#4664=EDGE_CURVE('',#3736,#3734,#636,.T.);
#4665=EDGE_CURVE('',#3737,#3737,#3284,.T.);
#4666=EDGE_CURVE('',#3738,#3738,#3285,.T.);
#4667=EDGE_CURVE('',#3739,#3740,#3286,.T.);
#4668=EDGE_CURVE('',#3739,#3737,#637,.T.);
#4669=EDGE_CURVE('',#3740,#3739,#3287,.T.);
#4670=EDGE_CURVE('',#3740,#3741,#638,.T.);
#4671=EDGE_CURVE('',#3741,#3741,#3288,.T.);
#4672=EDGE_CURVE('',#3741,#3738,#639,.T.);
#4673=EDGE_CURVE('',#3742,#3742,#3289,.T.);
#4674=EDGE_CURVE('',#3743,#3743,#3290,.T.);
#4675=EDGE_CURVE('',#3743,#3744,#640,.T.);
#4676=EDGE_CURVE('',#3744,#3744,#3291,.T.);
#4677=EDGE_CURVE('',#3744,#3742,#641,.T.);
#4678=EDGE_CURVE('',#3745,#3745,#3292,.T.);
#4679=EDGE_CURVE('',#3746,#3746,#3293,.T.);
#4680=EDGE_CURVE('',#3746,#3747,#642,.T.);
#4681=EDGE_CURVE('',#3747,#3747,#3294,.T.);
#4682=EDGE_CURVE('',#3747,#3745,#643,.T.);
#4683=EDGE_CURVE('',#3748,#3748,#3295,.T.);
#4684=EDGE_CURVE('',#3749,#3749,#3296,.T.);
#4685=EDGE_CURVE('',#3749,#3750,#644,.T.);
#4686=EDGE_CURVE('',#3750,#3750,#3297,.T.);
#4687=EDGE_CURVE('',#3750,#3748,#645,.T.);
#4688=EDGE_CURVE('',#3751,#3751,#3298,.T.);
#4689=EDGE_CURVE('',#3751,#3752,#646,.T.);
#4690=EDGE_CURVE('',#3753,#3752,#3299,.T.);
#4691=EDGE_CURVE('',#3752,#3753,#3300,.T.);
#4692=EDGE_CURVE('',#3753,#3754,#647,.T.);
#4693=EDGE_CURVE('',#3754,#3754,#3301,.T.);
#4694=EDGE_CURVE('',#3754,#3755,#648,.T.);
#4695=EDGE_CURVE('',#3755,#3755,#3302,.T.);
#4696=EDGE_CURVE('',#3756,#3756,#3303,.T.);
#4697=EDGE_CURVE('',#3756,#3757,#649,.T.);
#4698=EDGE_CURVE('',#3758,#3757,#3304,.T.);
#4699=EDGE_CURVE('',#3757,#3758,#3305,.T.);
#4700=EDGE_CURVE('',#3758,#3759,#650,.T.);
#4701=EDGE_CURVE('',#3759,#3759,#3306,.T.);
#4702=EDGE_CURVE('',#3759,#3760,#651,.T.);
#4703=EDGE_CURVE('',#3760,#3760,#3307,.T.);
#4704=EDGE_CURVE('',#3761,#3761,#3308,.T.);
#4705=EDGE_CURVE('',#3761,#3762,#652,.T.);
#4706=EDGE_CURVE('',#3762,#3762,#3309,.T.);
#4707=EDGE_CURVE('',#3762,#3763,#653,.T.);
#4708=EDGE_CURVE('',#3763,#3763,#3310,.T.);
#4709=EDGE_CURVE('',#3763,#3764,#654,.T.);
#4710=EDGE_CURVE('',#3764,#3764,#3311,.T.);
#4711=EDGE_CURVE('',#3765,#3765,#3312,.T.);
#4712=EDGE_CURVE('',#3765,#3766,#655,.T.);
#4713=EDGE_CURVE('',#3766,#3766,#3313,.T.);
#4714=EDGE_CURVE('',#3766,#3767,#656,.T.);
#4715=EDGE_CURVE('',#3767,#3767,#3314,.T.);
#4716=EDGE_CURVE('',#3768,#3768,#3315,.T.);
#4717=EDGE_CURVE('',#3768,#3769,#657,.T.);
#4718=EDGE_CURVE('',#3769,#3769,#3316,.T.);
#4719=EDGE_CURVE('',#3769,#3770,#658,.T.);
#4720=EDGE_CURVE('',#3770,#3770,#3317,.T.);
#4721=EDGE_CURVE('',#3771,#3772,#3318,.T.);
#4722=EDGE_CURVE('',#3771,#3773,#659,.T.);
#4723=EDGE_CURVE('',#3773,#3773,#3319,.T.);
#4724=EDGE_CURVE('',#3772,#3771,#3320,.T.);
#4725=EDGE_CURVE('',#3772,#3774,#660,.T.);
#4726=EDGE_CURVE('',#3774,#3774,#3321,.T.);
#4727=EDGE_CURVE('',#3774,#3775,#661,.T.);
#4728=EDGE_CURVE('',#3775,#3775,#3322,.T.);
#4729=EDGE_CURVE('',#3776,#3777,#3323,.T.);
#4730=EDGE_CURVE('',#3776,#3778,#662,.T.);
#4731=EDGE_CURVE('',#3778,#3778,#3324,.T.);
#4732=EDGE_CURVE('',#3777,#3776,#3325,.T.);
#4733=EDGE_CURVE('',#3777,#3779,#663,.T.);
#4734=EDGE_CURVE('',#3779,#3779,#3326,.T.);
#4735=EDGE_CURVE('',#3779,#3780,#664,.T.);
#4736=EDGE_CURVE('',#3780,#3780,#3327,.T.);
#4737=EDGE_CURVE('',#3781,#3781,#3328,.T.);
#4738=EDGE_CURVE('',#3782,#3782,#3329,.T.);
#4739=EDGE_CURVE('',#3782,#3783,#665,.T.);
#4740=EDGE_CURVE('',#3783,#3784,#3330,.T.);
#4741=EDGE_CURVE('',#3784,#3783,#3331,.T.);
#4742=EDGE_CURVE('',#3785,#3785,#3332,.T.);
#4743=EDGE_CURVE('',#3785,#3786,#666,.T.);
#4744=EDGE_CURVE('',#3786,#3786,#3333,.T.);
#4745=EDGE_CURVE('',#3786,#3781,#667,.T.);
#4746=EDGE_CURVE('',#3784,#3785,#668,.T.);
#4747=EDGE_CURVE('',#3787,#3787,#3334,.T.);
#4748=EDGE_CURVE('',#3788,#3789,#3335,.T.);
#4749=EDGE_CURVE('',#3790,#3788,#669,.T.);
#4750=EDGE_CURVE('',#3791,#3790,#670,.T.);
#4751=EDGE_CURVE('',#3789,#3791,#671,.T.);
#4752=EDGE_CURVE('',#3792,#3792,#3336,.T.);
#4753=EDGE_CURVE('',#3793,#3793,#3337,.T.);
#4754=EDGE_CURVE('',#3794,#3794,#3338,.T.);
#4755=EDGE_CURVE('',#3795,#3795,#3339,.T.);
#4756=EDGE_CURVE('',#3796,#3796,#3340,.T.);
#4757=EDGE_CURVE('',#3797,#3797,#3341,.T.);
#4758=EDGE_CURVE('',#3798,#3798,#3342,.T.);
#4759=EDGE_CURVE('',#3799,#3800,#672,.T.);
#4760=EDGE_CURVE('',#3800,#3801,#673,.T.);
#4761=EDGE_CURVE('',#3801,#3802,#674,.T.);
#4762=EDGE_CURVE('',#3802,#3803,#675,.T.);
#4763=EDGE_CURVE('',#3803,#3804,#676,.T.);
#4764=EDGE_CURVE('',#3804,#3799,#677,.T.);
#4765=EDGE_CURVE('',#3805,#3806,#678,.T.);
#4766=EDGE_CURVE('',#3805,#3807,#3343,.T.);
#4767=EDGE_CURVE('',#3808,#3807,#679,.T.);
#4768=EDGE_CURVE('',#3808,#3809,#3344,.T.);
#4769=EDGE_CURVE('',#3810,#3809,#680,.T.);
#4770=EDGE_CURVE('',#3810,#3811,#3345,.T.);
#4771=EDGE_CURVE('',#3812,#3811,#681,.T.);
#4772=EDGE_CURVE('',#3812,#3813,#3346,.T.);
#4773=EDGE_CURVE('',#3814,#3813,#682,.T.);
#4774=EDGE_CURVE('',#3814,#3815,#3347,.T.);
#4775=EDGE_CURVE('',#3816,#3815,#683,.T.);
#4776=EDGE_CURVE('',#3816,#3806,#3348,.T.);
#4777=EDGE_CURVE('',#3817,#3818,#684,.T.);
#4778=EDGE_CURVE('',#3817,#3819,#3349,.T.);
#4779=EDGE_CURVE('',#3820,#3819,#685,.T.);
#4780=EDGE_CURVE('',#3820,#3821,#3350,.T.);
#4781=EDGE_CURVE('',#3822,#3821,#686,.T.);
#4782=EDGE_CURVE('',#3822,#3823,#3351,.T.);
#4783=EDGE_CURVE('',#3824,#3823,#687,.T.);
#4784=EDGE_CURVE('',#3824,#3825,#3352,.T.);
#4785=EDGE_CURVE('',#3826,#3825,#688,.T.);
#4786=EDGE_CURVE('',#3826,#3827,#3353,.T.);
#4787=EDGE_CURVE('',#3828,#3827,#689,.T.);
#4788=EDGE_CURVE('',#3828,#3818,#3354,.T.);
#4789=EDGE_CURVE('',#3829,#3830,#690,.T.);
#4790=EDGE_CURVE('',#3829,#3831,#3355,.T.);
#4791=EDGE_CURVE('',#3832,#3831,#691,.T.);
#4792=EDGE_CURVE('',#3832,#3833,#3356,.T.);
#4793=EDGE_CURVE('',#3834,#3833,#692,.T.);
#4794=EDGE_CURVE('',#3834,#3835,#3357,.T.);
#4795=EDGE_CURVE('',#3836,#3835,#693,.T.);
#4796=EDGE_CURVE('',#3836,#3837,#3358,.T.);
#4797=EDGE_CURVE('',#3838,#3837,#694,.T.);
#4798=EDGE_CURVE('',#3838,#3839,#3359,.T.);
#4799=EDGE_CURVE('',#3840,#3839,#695,.T.);
#4800=EDGE_CURVE('',#3840,#3830,#3360,.T.);
#4801=EDGE_CURVE('',#3841,#3842,#696,.T.);
#4802=EDGE_CURVE('',#3842,#3843,#697,.T.);
#4803=EDGE_CURVE('',#3843,#3844,#698,.T.);
#4804=EDGE_CURVE('',#3844,#3845,#699,.T.);
#4805=EDGE_CURVE('',#3845,#3846,#700,.T.);
#4806=EDGE_CURVE('',#3846,#3841,#701,.T.);
#4807=EDGE_CURVE('',#3847,#3848,#702,.T.);
#4808=EDGE_CURVE('',#3848,#3849,#703,.T.);
#4809=EDGE_CURVE('',#3849,#3850,#704,.T.);
#4810=EDGE_CURVE('',#3850,#3851,#705,.T.);
#4811=EDGE_CURVE('',#3851,#3852,#706,.T.);
#4812=EDGE_CURVE('',#3852,#3847,#707,.T.);
#4813=EDGE_CURVE('',#3853,#3853,#3361,.T.);
#4814=EDGE_CURVE('',#3853,#3854,#708,.T.);
#4815=EDGE_CURVE('',#3854,#3854,#3362,.T.);
#4816=EDGE_CURVE('',#3855,#3856,#379,.T.);
#4817=EDGE_CURVE('',#3856,#3855,#380,.T.);
#4818=EDGE_CURVE('',#3857,#3858,#3363,.T.);
#4819=EDGE_CURVE('',#3858,#3859,#709,.T.);
#4820=EDGE_CURVE('',#3859,#3860,#710,.T.);
#4821=EDGE_CURVE('',#3860,#3857,#711,.T.);
#4822=EDGE_CURVE('',#3858,#3789,#712,.T.);
#4823=EDGE_CURVE('',#3857,#3788,#713,.T.);
#4824=EDGE_CURVE('',#3859,#3791,#714,.T.);
#4825=EDGE_CURVE('',#3860,#3790,#715,.T.);
#4826=EDGE_CURVE('',#3861,#3861,#3364,.T.);
#4827=EDGE_CURVE('',#3787,#3798,#716,.T.);
#4828=EDGE_CURVE('',#3861,#3856,#717,.T.);
#4829=EDGE_CURVE('',#3862,#3862,#3365,.T.);
#4830=EDGE_CURVE('',#3863,#3864,#19,.T.);
#4831=EDGE_CURVE('',#3865,#3863,#20,.T.);
#4832=EDGE_CURVE('',#3865,#3862,#718,.T.);
#4833=EDGE_CURVE('',#3866,#3865,#21,.T.);
#4834=EDGE_CURVE('',#3867,#3866,#22,.T.);
#4835=EDGE_CURVE('',#3868,#3867,#23,.T.);
#4836=EDGE_CURVE('',#3864,#3868,#24,.T.);
#4837=EDGE_CURVE('',#3852,#3863,#719,.T.);
#4838=EDGE_CURVE('',#3847,#3864,#720,.T.);
#4839=EDGE_CURVE('',#3851,#3865,#721,.T.);
#4840=EDGE_CURVE('',#3850,#3866,#722,.T.);
#4841=EDGE_CURVE('',#3849,#3867,#723,.T.);
#4842=EDGE_CURVE('',#3848,#3868,#724,.T.);
#4843=EDGE_CURVE('',#3869,#3869,#3366,.T.);
#4844=EDGE_CURVE('',#3870,#3871,#25,.T.);
#4845=EDGE_CURVE('',#3872,#3870,#26,.T.);
#4846=EDGE_CURVE('',#3872,#3869,#725,.T.);
#4847=EDGE_CURVE('',#3873,#3872,#27,.T.);
#4848=EDGE_CURVE('',#3874,#3873,#28,.T.);
#4849=EDGE_CURVE('',#3875,#3874,#29,.T.);
#4850=EDGE_CURVE('',#3871,#3875,#30,.T.);
#4851=EDGE_CURVE('',#3804,#3870,#726,.T.);
#4852=EDGE_CURVE('',#3799,#3871,#727,.T.);
#4853=EDGE_CURVE('',#3803,#3872,#728,.T.);
#4854=EDGE_CURVE('',#3802,#3873,#729,.T.);
#4855=EDGE_CURVE('',#3801,#3874,#730,.T.);
#4856=EDGE_CURVE('',#3800,#3875,#731,.T.);
#4857=EDGE_CURVE('',#3876,#3876,#3367,.T.);
#4858=EDGE_CURVE('',#3877,#3878,#31,.T.);
#4859=EDGE_CURVE('',#3879,#3877,#32,.T.);
#4860=EDGE_CURVE('',#3879,#3876,#732,.T.);
#4861=EDGE_CURVE('',#3880,#3879,#33,.T.);
#4862=EDGE_CURVE('',#3881,#3880,#34,.T.);
#4863=EDGE_CURVE('',#3882,#3881,#35,.T.);
#4864=EDGE_CURVE('',#3878,#3882,#36,.T.);
#4865=EDGE_CURVE('',#3846,#3877,#733,.T.);
#4866=EDGE_CURVE('',#3841,#3878,#734,.T.);
#4867=EDGE_CURVE('',#3845,#3879,#735,.T.);
#4868=EDGE_CURVE('',#3844,#3880,#736,.T.);
#4869=EDGE_CURVE('',#3843,#3881,#737,.T.);
#4870=EDGE_CURVE('',#3842,#3882,#738,.T.);
#4871=EDGE_CURVE('',#3883,#3884,#3368,.T.);
#4872=EDGE_CURVE('',#3884,#3885,#739,.T.);
#4873=EDGE_CURVE('',#3885,#3885,#3369,.T.);
#4874=EDGE_CURVE('',#3884,#3883,#3370,.T.);
#4875=EDGE_CURVE('',#3885,#3886,#740,.T.);
#4876=EDGE_CURVE('',#3886,#3886,#3371,.T.);
#4877=EDGE_CURVE('',#3887,#3887,#3372,.T.);
#4878=EDGE_CURVE('',#3887,#3888,#741,.T.);
#4879=EDGE_CURVE('',#3888,#3888,#3373,.T.);
#4880=EDGE_CURVE('',#3883,#3889,#742,.T.);
#4881=EDGE_CURVE('',#3889,#3889,#3374,.T.);
#4882=EDGE_CURVE('',#3890,#3891,#37,.T.);
#4883=EDGE_CURVE('',#3891,#3892,#38,.T.);
#4884=EDGE_CURVE('',#3892,#3890,#3375,.T.);
#4885=EDGE_CURVE('',#3893,#3894,#39,.T.);
#4886=EDGE_CURVE('',#3894,#3895,#40,.T.);
#4887=EDGE_CURVE('',#3895,#3893,#3376,.T.);
#4888=EDGE_CURVE('',#3896,#3897,#41,.T.);
#4889=EDGE_CURVE('',#3898,#3897,#3377,.T.);
#4890=EDGE_CURVE('',#3898,#3896,#42,.T.);
#4891=EDGE_CURVE('',#3899,#3900,#43,.T.);
#4892=EDGE_CURVE('',#3900,#3901,#44,.T.);
#4893=EDGE_CURVE('',#3901,#3899,#3378,.T.);
#4894=EDGE_CURVE('',#3902,#3903,#45,.T.);
#4895=EDGE_CURVE('',#3903,#3904,#46,.T.);
#4896=EDGE_CURVE('',#3904,#3902,#3379,.T.);
#4897=EDGE_CURVE('',#3905,#3906,#47,.T.);
#4898=EDGE_CURVE('',#3906,#3907,#48,.T.);
#4899=EDGE_CURVE('',#3907,#3905,#3380,.T.);
#4900=EDGE_CURVE('',#3908,#3909,#49,.T.);
#4901=EDGE_CURVE('',#3910,#3909,#3381,.T.);
#4902=EDGE_CURVE('',#3910,#3908,#50,.T.);
#4903=EDGE_CURVE('',#3911,#3912,#51,.T.);
#4904=EDGE_CURVE('',#3913,#3912,#3382,.T.);
#4905=EDGE_CURVE('',#3913,#3911,#52,.T.);
#4906=EDGE_CURVE('',#3914,#3915,#53,.T.);
#4907=EDGE_CURVE('',#3916,#3915,#3383,.T.);
#4908=EDGE_CURVE('',#3916,#3914,#54,.T.);
#4909=EDGE_CURVE('',#3917,#3918,#55,.T.);
#4910=EDGE_CURVE('',#3919,#3918,#3384,.T.);
#4911=EDGE_CURVE('',#3919,#3917,#56,.T.);
#4912=EDGE_CURVE('',#3920,#3921,#57,.T.);
#4913=EDGE_CURVE('',#3921,#3922,#58,.T.);
#4914=EDGE_CURVE('',#3920,#3922,#3385,.T.);
#4915=EDGE_CURVE('',#3923,#3924,#59,.T.);
#4916=EDGE_CURVE('',#3925,#3924,#3386,.T.);
#4917=EDGE_CURVE('',#3925,#3923,#60,.T.);
#4918=EDGE_CURVE('',#3892,#3905,#743,.T.);
#4919=EDGE_CURVE('',#3907,#3902,#744,.T.);
#4920=EDGE_CURVE('',#3904,#3899,#745,.T.);
#4921=EDGE_CURVE('',#3901,#3898,#746,.T.);
#4922=EDGE_CURVE('',#3897,#3893,#747,.T.);
#4923=EDGE_CURVE('',#3895,#3890,#748,.T.);
#4924=EDGE_CURVE('',#3900,#3923,#749,.T.);
#4925=EDGE_CURVE('',#3925,#3922,#750,.T.);
#4926=EDGE_CURVE('',#3896,#3921,#751,.T.);
#4927=EDGE_CURVE('',#3903,#3917,#752,.T.);
#4928=EDGE_CURVE('',#3919,#3924,#753,.T.);
#4929=EDGE_CURVE('',#3906,#3914,#754,.T.);
#4930=EDGE_CURVE('',#3916,#3918,#755,.T.);
#4931=EDGE_CURVE('',#3891,#3911,#756,.T.);
#4932=EDGE_CURVE('',#3913,#3915,#757,.T.);
#4933=EDGE_CURVE('',#3894,#3908,#758,.T.);
#4934=EDGE_CURVE('',#3910,#3912,#759,.T.);
#4935=EDGE_CURVE('',#3920,#3909,#760,.T.);
#4936=EDGE_CURVE('',#3926,#3927,#61,.T.);
#4937=EDGE_CURVE('',#3926,#3928,#761,.T.);
#4938=EDGE_CURVE('',#3929,#3928,#62,.T.);
#4939=EDGE_CURVE('',#3929,#3930,#762,.T.);
#4940=EDGE_CURVE('',#3931,#3930,#63,.T.);
#4941=EDGE_CURVE('',#3932,#3931,#763,.T.);
#4942=EDGE_CURVE('',#3933,#3932,#64,.T.);
#4943=EDGE_CURVE('',#3927,#3933,#764,.T.);
#4944=EDGE_CURVE('',#3928,#3934,#65,.T.);
#4945=EDGE_CURVE('',#3929,#3934,#3387,.T.);
#4946=EDGE_CURVE('',#3935,#3936,#66,.T.);
#4947=EDGE_CURVE('',#3935,#3937,#765,.T.);
#4948=EDGE_CURVE('',#3938,#3937,#67,.T.);
#4949=EDGE_CURVE('',#3938,#3934,#766,.T.);
#4950=EDGE_CURVE('',#3939,#3926,#68,.T.);
#4951=EDGE_CURVE('',#3936,#3939,#767,.T.);
#4952=EDGE_CURVE('',#3937,#3940,#69,.T.);
#4953=EDGE_CURVE('',#3938,#3940,#3388,.T.);
#4954=EDGE_CURVE('',#3941,#3942,#70,.T.);
#4955=EDGE_CURVE('',#3941,#3943,#768,.T.);
#4956=EDGE_CURVE('',#3944,#3943,#71,.T.);
#4957=EDGE_CURVE('',#3944,#3940,#769,.T.);
#4958=EDGE_CURVE('',#3945,#3935,#72,.T.);
#4959=EDGE_CURVE('',#3942,#3945,#770,.T.);
#4960=EDGE_CURVE('',#3943,#3946,#73,.T.);
#4961=EDGE_CURVE('',#3944,#3946,#3389,.T.);
#4962=EDGE_CURVE('',#3947,#3948,#74,.T.);
#4963=EDGE_CURVE('',#3947,#3949,#771,.T.);
#4964=EDGE_CURVE('',#3950,#3949,#75,.T.);
#4965=EDGE_CURVE('',#3950,#3946,#772,.T.);
#4966=EDGE_CURVE('',#3951,#3941,#76,.T.);
#4967=EDGE_CURVE('',#3948,#3951,#773,.T.);
#4968=EDGE_CURVE('',#3949,#3952,#77,.T.);
#4969=EDGE_CURVE('',#3950,#3952,#3390,.T.);
#4970=EDGE_CURVE('',#3953,#3954,#78,.T.);
#4971=EDGE_CURVE('',#3953,#3955,#774,.T.);
#4972=EDGE_CURVE('',#3956,#3955,#79,.T.);
#4973=EDGE_CURVE('',#3956,#3952,#775,.T.);
#4974=EDGE_CURVE('',#3957,#3947,#80,.T.);
#4975=EDGE_CURVE('',#3954,#3957,#776,.T.);
#4976=EDGE_CURVE('',#3955,#3958,#81,.T.);
#4977=EDGE_CURVE('',#3956,#3958,#3391,.T.);
#4978=EDGE_CURVE('',#3932,#3959,#82,.T.);
#4979=EDGE_CURVE('',#3960,#3931,#83,.T.);
#4980=EDGE_CURVE('',#3960,#3958,#777,.T.);
#4981=EDGE_CURVE('',#3961,#3953,#84,.T.);
#4982=EDGE_CURVE('',#3959,#3961,#778,.T.);
#4983=EDGE_CURVE('',#3960,#3930,#3392,.T.);
#4984=EDGE_CURVE('',#3959,#3933,#3393,.T.);
#4985=EDGE_CURVE('',#3954,#3961,#3394,.T.);
#4986=EDGE_CURVE('',#3927,#3939,#3395,.T.);
#4987=EDGE_CURVE('',#3948,#3957,#3396,.T.);
#4988=EDGE_CURVE('',#3951,#3942,#3397,.T.);
#4989=EDGE_CURVE('',#3936,#3945,#3398,.T.);
#4990=EDGE_CURVE('',#3962,#3962,#3399,.T.);
#4991=EDGE_CURVE('',#3963,#3964,#3400,.T.);
#4992=EDGE_CURVE('',#3963,#3962,#779,.T.);
#4993=EDGE_CURVE('',#3964,#3963,#3401,.T.);
#4994=EDGE_CURVE('',#3964,#3965,#780,.T.);
#4995=EDGE_CURVE('',#3965,#3965,#3402,.T.);
#4996=EDGE_CURVE('',#3965,#3966,#781,.T.);
#4997=EDGE_CURVE('',#3966,#3966,#3403,.T.);
#4998=EDGE_CURVE('',#3967,#3967,#3404,.T.);
#4999=EDGE_CURVE('',#3967,#3968,#782,.T.);
#5000=EDGE_CURVE('',#3968,#3968,#3405,.T.);
#5001=EDGE_CURVE('',#3969,#3970,#85,.T.);
#5002=EDGE_CURVE('',#3969,#3971,#783,.T.);
#5003=EDGE_CURVE('',#3972,#3971,#86,.T.);
#5004=EDGE_CURVE('',#3972,#3973,#784,.T.);
#5005=EDGE_CURVE('',#3974,#3973,#87,.T.);
#5006=EDGE_CURVE('',#3975,#3974,#785,.T.);
#5007=EDGE_CURVE('',#3976,#3975,#88,.T.);
#5008=EDGE_CURVE('',#3970,#3976,#786,.T.);
#5009=EDGE_CURVE('',#3971,#3977,#89,.T.);
#5010=EDGE_CURVE('',#3972,#3977,#3406,.T.);
#5011=EDGE_CURVE('',#3978,#3979,#90,.T.);
#5012=EDGE_CURVE('',#3978,#3980,#787,.T.);
#5013=EDGE_CURVE('',#3981,#3980,#91,.T.);
#5014=EDGE_CURVE('',#3981,#3977,#788,.T.);
#5015=EDGE_CURVE('',#3982,#3969,#92,.T.);
#5016=EDGE_CURVE('',#3979,#3982,#789,.T.);
#5017=EDGE_CURVE('',#3980,#3983,#93,.T.);
#5018=EDGE_CURVE('',#3981,#3983,#3407,.T.);
#5019=EDGE_CURVE('',#3984,#3985,#94,.T.);
#5020=EDGE_CURVE('',#3984,#3986,#790,.T.);
#5021=EDGE_CURVE('',#3987,#3986,#95,.T.);
#5022=EDGE_CURVE('',#3987,#3983,#791,.T.);
#5023=EDGE_CURVE('',#3988,#3978,#96,.T.);
#5024=EDGE_CURVE('',#3985,#3988,#792,.T.);
#5025=EDGE_CURVE('',#3986,#3989,#97,.T.);
#5026=EDGE_CURVE('',#3987,#3989,#3408,.T.);
#5027=EDGE_CURVE('',#3990,#3991,#98,.T.);
#5028=EDGE_CURVE('',#3990,#3992,#793,.T.);
#5029=EDGE_CURVE('',#3993,#3992,#99,.T.);
#5030=EDGE_CURVE('',#3993,#3989,#794,.T.);
#5031=EDGE_CURVE('',#3994,#3984,#100,.T.);
#5032=EDGE_CURVE('',#3991,#3994,#795,.T.);
#5033=EDGE_CURVE('',#3992,#3995,#101,.T.);
#5034=EDGE_CURVE('',#3993,#3995,#3409,.T.);
#5035=EDGE_CURVE('',#3996,#3997,#102,.T.);
#5036=EDGE_CURVE('',#3996,#3998,#796,.T.);
#5037=EDGE_CURVE('',#3999,#3998,#103,.T.);
#5038=EDGE_CURVE('',#3999,#3995,#797,.T.);
#5039=EDGE_CURVE('',#4000,#3990,#104,.T.);
#5040=EDGE_CURVE('',#3997,#4000,#798,.T.);
#5041=EDGE_CURVE('',#3998,#4001,#105,.T.);
#5042=EDGE_CURVE('',#3999,#4001,#3410,.T.);
#5043=EDGE_CURVE('',#3975,#4002,#106,.T.);
#5044=EDGE_CURVE('',#4003,#3974,#107,.T.);
#5045=EDGE_CURVE('',#4003,#4001,#799,.T.);
#5046=EDGE_CURVE('',#4004,#3996,#108,.T.);
#5047=EDGE_CURVE('',#4002,#4004,#800,.T.);
#5048=EDGE_CURVE('',#4003,#3973,#3411,.T.);
#5049=EDGE_CURVE('',#4002,#3976,#3412,.T.);
#5050=EDGE_CURVE('',#3997,#4004,#3413,.T.);
#5051=EDGE_CURVE('',#3970,#3982,#3414,.T.);
#5052=EDGE_CURVE('',#3991,#4000,#3415,.T.);
#5053=EDGE_CURVE('',#3994,#3985,#3416,.T.);
#5054=EDGE_CURVE('',#3979,#3988,#3417,.T.);
#5055=EDGE_CURVE('',#4005,#4005,#3418,.T.);
#5056=EDGE_CURVE('',#4006,#4007,#3419,.T.);
#5057=EDGE_CURVE('',#4006,#4005,#801,.T.);
#5058=EDGE_CURVE('',#4007,#4006,#3420,.T.);
#5059=EDGE_CURVE('',#4007,#4008,#802,.T.);
#5060=EDGE_CURVE('',#4008,#4008,#3421,.T.);
#5061=EDGE_CURVE('',#4008,#4009,#803,.T.);
#5062=EDGE_CURVE('',#4009,#4009,#3422,.T.);
#5063=EDGE_CURVE('',#4010,#4010,#3423,.T.);
#5064=EDGE_CURVE('',#4010,#4011,#804,.T.);
#5065=EDGE_CURVE('',#4011,#4011,#3424,.T.);
#5066=EDGE_CURVE('',#4012,#4013,#3425,.T.);
#5067=EDGE_CURVE('',#4013,#4014,#3426,.T.);
#5068=EDGE_CURVE('',#4014,#4015,#3427,.T.);
#5069=EDGE_CURVE('',#4015,#4016,#3428,.T.);
#5070=EDGE_CURVE('',#4016,#4017,#3429,.T.);
#5071=EDGE_CURVE('',#4017,#4018,#3430,.T.);
#5072=EDGE_CURVE('',#4018,#4019,#3431,.T.);
#5073=EDGE_CURVE('',#4019,#4020,#3432,.T.);
#5074=EDGE_CURVE('',#4020,#4021,#3433,.T.);
#5075=EDGE_CURVE('',#4021,#4022,#3434,.T.);
#5076=EDGE_CURVE('',#4022,#4023,#3435,.T.);
#5077=EDGE_CURVE('',#4023,#4012,#3436,.T.);
#5078=EDGE_CURVE('',#4024,#4024,#3437,.T.);
#5079=EDGE_CURVE('',#4025,#4025,#3438,.T.);
#5080=EDGE_CURVE('',#4026,#4026,#3439,.T.);
#5081=EDGE_CURVE('',#4027,#4027,#3440,.T.);
#5082=EDGE_CURVE('',#4028,#4028,#3441,.T.);
#5083=EDGE_CURVE('',#4029,#4029,#3442,.T.);
#5084=EDGE_CURVE('',#4030,#4030,#3443,.T.);
#5085=EDGE_CURVE('',#4031,#4032,#3444,.T.);
#5086=EDGE_CURVE('',#4033,#4031,#3445,.T.);
#5087=EDGE_CURVE('',#4034,#4033,#3446,.T.);
#5088=EDGE_CURVE('',#4035,#4034,#3447,.T.);
#5089=EDGE_CURVE('',#4036,#4035,#3448,.T.);
#5090=EDGE_CURVE('',#4037,#4036,#3449,.T.);
#5091=EDGE_CURVE('',#4038,#4037,#3450,.T.);
#5092=EDGE_CURVE('',#4039,#4038,#3451,.T.);
#5093=EDGE_CURVE('',#4040,#4039,#3452,.T.);
#5094=EDGE_CURVE('',#4041,#4040,#3453,.T.);
#5095=EDGE_CURVE('',#4042,#4041,#3454,.T.);
#5096=EDGE_CURVE('',#4032,#4042,#3455,.T.);
#5097=EDGE_CURVE('',#4043,#4043,#3456,.T.);
#5098=EDGE_CURVE('',#4044,#4044,#3457,.T.);
#5099=EDGE_CURVE('',#4045,#4045,#3458,.T.);
#5100=EDGE_CURVE('',#4046,#4046,#3459,.T.);
#5101=EDGE_CURVE('',#4047,#4047,#3460,.T.);
#5102=EDGE_CURVE('',#4048,#4048,#3461,.T.);
#5103=EDGE_CURVE('',#4049,#4049,#3462,.T.);
#5104=EDGE_CURVE('',#4013,#4032,#805,.T.);
#5105=EDGE_CURVE('',#4012,#4031,#806,.T.);
#5106=EDGE_CURVE('',#4014,#4042,#807,.T.);
#5107=EDGE_CURVE('',#4015,#4041,#808,.T.);
#5108=EDGE_CURVE('',#4016,#4040,#809,.T.);
#5109=EDGE_CURVE('',#4017,#4039,#810,.T.);
#5110=EDGE_CURVE('',#4018,#4038,#811,.T.);
#5111=EDGE_CURVE('',#4019,#4037,#812,.T.);
#5112=EDGE_CURVE('',#4020,#4036,#813,.T.);
#5113=EDGE_CURVE('',#4021,#4035,#814,.T.);
#5114=EDGE_CURVE('',#4022,#4034,#815,.T.);
#5115=EDGE_CURVE('',#4023,#4033,#816,.T.);
#5116=EDGE_CURVE('',#4030,#4043,#817,.T.);
#5117=EDGE_CURVE('',#4050,#4050,#3463,.T.);
#5118=EDGE_CURVE('',#4050,#4049,#818,.T.);
#5119=EDGE_CURVE('',#4029,#3795,#819,.T.);
#5120=EDGE_CURVE('',#4051,#4051,#3464,.T.);
#5121=EDGE_CURVE('',#4051,#4048,#820,.T.);
#5122=EDGE_CURVE('',#4028,#3792,#821,.T.);
#5123=EDGE_CURVE('',#4052,#4052,#3465,.T.);
#5124=EDGE_CURVE('',#4052,#4047,#822,.T.);
#5125=EDGE_CURVE('',#4027,#3797,#823,.T.);
#5126=EDGE_CURVE('',#4053,#4053,#3466,.T.);
#5127=EDGE_CURVE('',#4053,#4046,#824,.T.);
#5128=EDGE_CURVE('',#4026,#3793,#825,.T.);
#5129=EDGE_CURVE('',#4054,#4054,#3467,.T.);
#5130=EDGE_CURVE('',#4054,#4045,#826,.T.);
#5131=EDGE_CURVE('',#4025,#3796,#827,.T.);
#5132=EDGE_CURVE('',#4055,#4055,#3468,.T.);
#5133=EDGE_CURVE('',#4055,#4044,#828,.T.);
#5134=EDGE_CURVE('',#4024,#3794,#829,.T.);
#5135=EDGE_CURVE('',#4056,#4057,#830,.T.);
#5136=EDGE_CURVE('',#4057,#4058,#109,.T.);
#5137=EDGE_CURVE('',#4059,#4058,#831,.T.);
#5138=EDGE_CURVE('',#4056,#4059,#832,.T.);
#5139=EDGE_CURVE('',#4058,#4060,#110,.T.);
#5140=EDGE_CURVE('',#4061,#4060,#833,.T.);
#5141=EDGE_CURVE('',#4059,#4061,#834,.T.);
#5142=EDGE_CURVE('',#4060,#4062,#111,.T.);
#5143=EDGE_CURVE('',#4063,#4062,#835,.T.);
#5144=EDGE_CURVE('',#4061,#4063,#836,.T.);
#5145=EDGE_CURVE('',#4062,#4064,#112,.T.);
#5146=EDGE_CURVE('',#4065,#4064,#837,.T.);
#5147=EDGE_CURVE('',#4063,#4065,#838,.T.);
#5148=EDGE_CURVE('',#4064,#4066,#113,.T.);
#5149=EDGE_CURVE('',#4067,#4066,#839,.T.);
#5150=EDGE_CURVE('',#4065,#4067,#840,.T.);
#5151=EDGE_CURVE('',#4066,#4057,#114,.T.);
#5152=EDGE_CURVE('',#4067,#4056,#841,.T.);
#5153=EDGE_CURVE('',#4064,#4068,#842,.T.);
#5154=EDGE_CURVE('',#4068,#4068,#3469,.T.);
#5155=EDGE_CURVE('',#4069,#4070,#843,.T.);
#5156=EDGE_CURVE('',#4070,#4071,#115,.T.);
#5157=EDGE_CURVE('',#4072,#4071,#844,.T.);
#5158=EDGE_CURVE('',#4069,#4072,#845,.T.);
#5159=EDGE_CURVE('',#4071,#4073,#116,.T.);
#5160=EDGE_CURVE('',#4074,#4073,#846,.T.);
#5161=EDGE_CURVE('',#4072,#4074,#847,.T.);
#5162=EDGE_CURVE('',#4073,#4075,#117,.T.);
#5163=EDGE_CURVE('',#4076,#4075,#848,.T.);
#5164=EDGE_CURVE('',#4074,#4076,#849,.T.);
#5165=EDGE_CURVE('',#4075,#4077,#118,.T.);
#5166=EDGE_CURVE('',#4078,#4077,#850,.T.);
#5167=EDGE_CURVE('',#4076,#4078,#851,.T.);
#5168=EDGE_CURVE('',#4077,#4079,#119,.T.);
#5169=EDGE_CURVE('',#4080,#4079,#852,.T.);
#5170=EDGE_CURVE('',#4078,#4080,#853,.T.);
#5171=EDGE_CURVE('',#4079,#4070,#120,.T.);
#5172=EDGE_CURVE('',#4080,#4069,#854,.T.);
#5173=EDGE_CURVE('',#4077,#4081,#855,.T.);
#5174=EDGE_CURVE('',#4081,#4081,#3470,.T.);
#5175=EDGE_CURVE('',#4082,#4083,#856,.T.);
#5176=EDGE_CURVE('',#4083,#4084,#121,.T.);
#5177=EDGE_CURVE('',#4085,#4084,#857,.T.);
#5178=EDGE_CURVE('',#4082,#4085,#858,.T.);
#5179=EDGE_CURVE('',#4084,#4086,#122,.T.);
#5180=EDGE_CURVE('',#4087,#4086,#859,.T.);
#5181=EDGE_CURVE('',#4085,#4087,#860,.T.);
#5182=EDGE_CURVE('',#4086,#4088,#123,.T.);
#5183=EDGE_CURVE('',#4089,#4088,#861,.T.);
#5184=EDGE_CURVE('',#4087,#4089,#862,.T.);
#5185=EDGE_CURVE('',#4088,#4090,#124,.T.);
#5186=EDGE_CURVE('',#4091,#4090,#863,.T.);
#5187=EDGE_CURVE('',#4089,#4091,#864,.T.);
#5188=EDGE_CURVE('',#4090,#4092,#125,.T.);
#5189=EDGE_CURVE('',#4093,#4092,#865,.T.);
#5190=EDGE_CURVE('',#4091,#4093,#866,.T.);
#5191=EDGE_CURVE('',#4092,#4083,#126,.T.);
#5192=EDGE_CURVE('',#4093,#4082,#867,.T.);
#5193=EDGE_CURVE('',#4090,#4094,#868,.T.);
#5194=EDGE_CURVE('',#4094,#4094,#3471,.T.);
#5195=EDGE_CURVE('',#4095,#4096,#3472,.T.);
#5196=EDGE_CURVE('',#4096,#4097,#869,.T.);
#5197=EDGE_CURVE('',#4097,#4097,#3473,.T.);
#5198=EDGE_CURVE('',#4096,#4095,#3474,.T.);
#5199=EDGE_CURVE('',#4097,#4098,#870,.T.);
#5200=EDGE_CURVE('',#4098,#4098,#3475,.T.);
#5201=EDGE_CURVE('',#4099,#4099,#3476,.T.);
#5202=EDGE_CURVE('',#4099,#4100,#871,.T.);
#5203=EDGE_CURVE('',#4100,#4100,#3477,.T.);
#5204=EDGE_CURVE('',#4095,#4101,#872,.T.);
#5205=EDGE_CURVE('',#4101,#4101,#3478,.T.);
#5206=EDGE_CURVE('',#4102,#4103,#127,.T.);
#5207=EDGE_CURVE('',#4103,#4104,#128,.T.);
#5208=EDGE_CURVE('',#4104,#4102,#3479,.T.);
#5209=EDGE_CURVE('',#4105,#4106,#129,.T.);
#5210=EDGE_CURVE('',#4106,#4107,#130,.T.);
#5211=EDGE_CURVE('',#4107,#4105,#3480,.T.);
#5212=EDGE_CURVE('',#4108,#4109,#131,.T.);
#5213=EDGE_CURVE('',#4110,#4109,#3481,.T.);
#5214=EDGE_CURVE('',#4110,#4108,#132,.T.);
#5215=EDGE_CURVE('',#4111,#4112,#133,.T.);
#5216=EDGE_CURVE('',#4112,#4113,#134,.T.);
#5217=EDGE_CURVE('',#4113,#4111,#3482,.T.);
#5218=EDGE_CURVE('',#4114,#4115,#135,.T.);
#5219=EDGE_CURVE('',#4115,#4116,#136,.T.);
#5220=EDGE_CURVE('',#4116,#4114,#3483,.T.);
#5221=EDGE_CURVE('',#4117,#4118,#137,.T.);
#5222=EDGE_CURVE('',#4118,#4119,#138,.T.);
#5223=EDGE_CURVE('',#4119,#4117,#3484,.T.);
#5224=EDGE_CURVE('',#4120,#4121,#139,.T.);
#5225=EDGE_CURVE('',#4122,#4121,#3485,.T.);
#5226=EDGE_CURVE('',#4122,#4120,#140,.T.);
#5227=EDGE_CURVE('',#4123,#4124,#141,.T.);
#5228=EDGE_CURVE('',#4125,#4124,#3486,.T.);
#5229=EDGE_CURVE('',#4125,#4123,#142,.T.);
#5230=EDGE_CURVE('',#4126,#4127,#143,.T.);
#5231=EDGE_CURVE('',#4128,#4127,#3487,.T.);
#5232=EDGE_CURVE('',#4128,#4126,#144,.T.);
#5233=EDGE_CURVE('',#4129,#4130,#145,.T.);
#5234=EDGE_CURVE('',#4131,#4130,#3488,.T.);
#5235=EDGE_CURVE('',#4131,#4129,#146,.T.);
#5236=EDGE_CURVE('',#4132,#4133,#147,.T.);
#5237=EDGE_CURVE('',#4133,#4134,#148,.T.);
#5238=EDGE_CURVE('',#4132,#4134,#3489,.T.);
#5239=EDGE_CURVE('',#4135,#4136,#149,.T.);
#5240=EDGE_CURVE('',#4137,#4136,#3490,.T.);
#5241=EDGE_CURVE('',#4137,#4135,#150,.T.);
#5242=EDGE_CURVE('',#4104,#4117,#873,.T.);
#5243=EDGE_CURVE('',#4119,#4114,#874,.T.);
#5244=EDGE_CURVE('',#4116,#4111,#875,.T.);
#5245=EDGE_CURVE('',#4113,#4110,#876,.T.);
#5246=EDGE_CURVE('',#4109,#4105,#877,.T.);
#5247=EDGE_CURVE('',#4107,#4102,#878,.T.);
#5248=EDGE_CURVE('',#4112,#4135,#879,.T.);
#5249=EDGE_CURVE('',#4137,#4134,#880,.T.);
#5250=EDGE_CURVE('',#4108,#4133,#881,.T.);
#5251=EDGE_CURVE('',#4115,#4129,#882,.T.);
#5252=EDGE_CURVE('',#4131,#4136,#883,.T.);
#5253=EDGE_CURVE('',#4118,#4126,#884,.T.);
#5254=EDGE_CURVE('',#4128,#4130,#885,.T.);
#5255=EDGE_CURVE('',#4103,#4123,#886,.T.);
#5256=EDGE_CURVE('',#4125,#4127,#887,.T.);
#5257=EDGE_CURVE('',#4106,#4120,#888,.T.);
#5258=EDGE_CURVE('',#4122,#4124,#889,.T.);
#5259=EDGE_CURVE('',#4132,#4121,#890,.T.);
#5260=EDGE_CURVE('',#4138,#4139,#151,.T.);
#5261=EDGE_CURVE('',#4138,#4140,#891,.T.);
#5262=EDGE_CURVE('',#4141,#4140,#152,.T.);
#5263=EDGE_CURVE('',#4141,#4142,#892,.T.);
#5264=EDGE_CURVE('',#4143,#4142,#153,.T.);
#5265=EDGE_CURVE('',#4144,#4143,#893,.T.);
#5266=EDGE_CURVE('',#4145,#4144,#154,.T.);
#5267=EDGE_CURVE('',#4139,#4145,#894,.T.);
#5268=EDGE_CURVE('',#4140,#4146,#155,.T.);
#5269=EDGE_CURVE('',#4141,#4146,#3491,.T.);
#5270=EDGE_CURVE('',#4147,#4148,#156,.T.);
#5271=EDGE_CURVE('',#4147,#4149,#895,.T.);
#5272=EDGE_CURVE('',#4150,#4149,#157,.T.);
#5273=EDGE_CURVE('',#4150,#4146,#896,.T.);
#5274=EDGE_CURVE('',#4151,#4138,#158,.T.);
#5275=EDGE_CURVE('',#4148,#4151,#897,.T.);
#5276=EDGE_CURVE('',#4149,#4152,#159,.T.);
#5277=EDGE_CURVE('',#4150,#4152,#3492,.T.);
#5278=EDGE_CURVE('',#4153,#4154,#160,.T.);
#5279=EDGE_CURVE('',#4153,#4155,#898,.T.);
#5280=EDGE_CURVE('',#4156,#4155,#161,.T.);
#5281=EDGE_CURVE('',#4156,#4152,#899,.T.);
#5282=EDGE_CURVE('',#4157,#4147,#162,.T.);
#5283=EDGE_CURVE('',#4154,#4157,#900,.T.);
#5284=EDGE_CURVE('',#4155,#4158,#163,.T.);
#5285=EDGE_CURVE('',#4156,#4158,#3493,.T.);
#5286=EDGE_CURVE('',#4159,#4160,#164,.T.);
#5287=EDGE_CURVE('',#4159,#4161,#901,.T.);
#5288=EDGE_CURVE('',#4162,#4161,#165,.T.);
#5289=EDGE_CURVE('',#4162,#4158,#902,.T.);
#5290=EDGE_CURVE('',#4163,#4153,#166,.T.);
#5291=EDGE_CURVE('',#4160,#4163,#903,.T.);
#5292=EDGE_CURVE('',#4161,#4164,#167,.T.);
#5293=EDGE_CURVE('',#4162,#4164,#3494,.T.);
#5294=EDGE_CURVE('',#4165,#4166,#168,.T.);
#5295=EDGE_CURVE('',#4165,#4167,#904,.T.);
#5296=EDGE_CURVE('',#4168,#4167,#169,.T.);
#5297=EDGE_CURVE('',#4168,#4164,#905,.T.);
#5298=EDGE_CURVE('',#4169,#4159,#170,.T.);
#5299=EDGE_CURVE('',#4166,#4169,#906,.T.);
#5300=EDGE_CURVE('',#4167,#4170,#171,.T.);
#5301=EDGE_CURVE('',#4168,#4170,#3495,.T.);
#5302=EDGE_CURVE('',#4144,#4171,#172,.T.);
#5303=EDGE_CURVE('',#4172,#4143,#173,.T.);
#5304=EDGE_CURVE('',#4172,#4170,#907,.T.);
#5305=EDGE_CURVE('',#4173,#4165,#174,.T.);
#5306=EDGE_CURVE('',#4171,#4173,#908,.T.);
#5307=EDGE_CURVE('',#4172,#4142,#3496,.T.);
#5308=EDGE_CURVE('',#4171,#4145,#3497,.T.);
#5309=EDGE_CURVE('',#4166,#4173,#3498,.T.);
#5310=EDGE_CURVE('',#4139,#4151,#3499,.T.);
#5311=EDGE_CURVE('',#4160,#4169,#3500,.T.);
#5312=EDGE_CURVE('',#4163,#4154,#3501,.T.);
#5313=EDGE_CURVE('',#4148,#4157,#3502,.T.);
#5314=EDGE_CURVE('',#4174,#4174,#3503,.T.);
#5315=EDGE_CURVE('',#4175,#4176,#3504,.T.);
#5316=EDGE_CURVE('',#4175,#4174,#909,.T.);
#5317=EDGE_CURVE('',#4176,#4175,#3505,.T.);
#5318=EDGE_CURVE('',#4176,#4177,#910,.T.);
#5319=EDGE_CURVE('',#4177,#4177,#3506,.T.);
#5320=EDGE_CURVE('',#4177,#4178,#911,.T.);
#5321=EDGE_CURVE('',#4178,#4178,#3507,.T.);
#5322=EDGE_CURVE('',#4179,#4179,#3508,.T.);
#5323=EDGE_CURVE('',#4179,#4180,#912,.T.);
#5324=EDGE_CURVE('',#4180,#4180,#3509,.T.);
#5325=EDGE_CURVE('',#4181,#4182,#175,.T.);
#5326=EDGE_CURVE('',#4181,#4183,#913,.T.);
#5327=EDGE_CURVE('',#4184,#4183,#176,.T.);
#5328=EDGE_CURVE('',#4184,#4185,#914,.T.);
#5329=EDGE_CURVE('',#4186,#4185,#177,.T.);
#5330=EDGE_CURVE('',#4187,#4186,#915,.T.);
#5331=EDGE_CURVE('',#4188,#4187,#178,.T.);
#5332=EDGE_CURVE('',#4182,#4188,#916,.T.);
#5333=EDGE_CURVE('',#4183,#4189,#179,.T.);
#5334=EDGE_CURVE('',#4184,#4189,#3510,.T.);
#5335=EDGE_CURVE('',#4190,#4191,#180,.T.);
#5336=EDGE_CURVE('',#4190,#4192,#917,.T.);
#5337=EDGE_CURVE('',#4193,#4192,#181,.T.);
#5338=EDGE_CURVE('',#4193,#4189,#918,.T.);
#5339=EDGE_CURVE('',#4194,#4181,#182,.T.);
#5340=EDGE_CURVE('',#4191,#4194,#919,.T.);
#5341=EDGE_CURVE('',#4192,#4195,#183,.T.);
#5342=EDGE_CURVE('',#4193,#4195,#3511,.T.);
#5343=EDGE_CURVE('',#4196,#4197,#184,.T.);
#5344=EDGE_CURVE('',#4196,#4198,#920,.T.);
#5345=EDGE_CURVE('',#4199,#4198,#185,.T.);
#5346=EDGE_CURVE('',#4199,#4195,#921,.T.);
#5347=EDGE_CURVE('',#4200,#4190,#186,.T.);
#5348=EDGE_CURVE('',#4197,#4200,#922,.T.);
#5349=EDGE_CURVE('',#4198,#4201,#187,.T.);
#5350=EDGE_CURVE('',#4199,#4201,#3512,.T.);
#5351=EDGE_CURVE('',#4202,#4203,#188,.T.);
#5352=EDGE_CURVE('',#4202,#4204,#923,.T.);
#5353=EDGE_CURVE('',#4205,#4204,#189,.T.);
#5354=EDGE_CURVE('',#4205,#4201,#924,.T.);
#5355=EDGE_CURVE('',#4206,#4196,#190,.T.);
#5356=EDGE_CURVE('',#4203,#4206,#925,.T.);
#5357=EDGE_CURVE('',#4204,#4207,#191,.T.);
#5358=EDGE_CURVE('',#4205,#4207,#3513,.T.);
#5359=EDGE_CURVE('',#4208,#4209,#192,.T.);
#5360=EDGE_CURVE('',#4208,#4210,#926,.T.);
#5361=EDGE_CURVE('',#4211,#4210,#193,.T.);
#5362=EDGE_CURVE('',#4211,#4207,#927,.T.);
#5363=EDGE_CURVE('',#4212,#4202,#194,.T.);
#5364=EDGE_CURVE('',#4209,#4212,#928,.T.);
#5365=EDGE_CURVE('',#4210,#4213,#195,.T.);
#5366=EDGE_CURVE('',#4211,#4213,#3514,.T.);
#5367=EDGE_CURVE('',#4187,#4214,#196,.T.);
#5368=EDGE_CURVE('',#4215,#4186,#197,.T.);
#5369=EDGE_CURVE('',#4215,#4213,#929,.T.);
#5370=EDGE_CURVE('',#4216,#4208,#198,.T.);
#5371=EDGE_CURVE('',#4214,#4216,#930,.T.);
#5372=EDGE_CURVE('',#4215,#4185,#3515,.T.);
#5373=EDGE_CURVE('',#4214,#4188,#3516,.T.);
#5374=EDGE_CURVE('',#4209,#4216,#3517,.T.);
#5375=EDGE_CURVE('',#4182,#4194,#3518,.T.);
#5376=EDGE_CURVE('',#4203,#4212,#3519,.T.);
#5377=EDGE_CURVE('',#4206,#4197,#3520,.T.);
#5378=EDGE_CURVE('',#4191,#4200,#3521,.T.);
#5379=EDGE_CURVE('',#4217,#4217,#3522,.T.);
#5380=EDGE_CURVE('',#4218,#4219,#3523,.T.);
#5381=EDGE_CURVE('',#4218,#4217,#931,.T.);
#5382=EDGE_CURVE('',#4219,#4218,#3524,.T.);
#5383=EDGE_CURVE('',#4219,#4220,#932,.T.);
#5384=EDGE_CURVE('',#4220,#4220,#3525,.T.);
#5385=EDGE_CURVE('',#4220,#4221,#933,.T.);
#5386=EDGE_CURVE('',#4221,#4221,#3526,.T.);
#5387=EDGE_CURVE('',#4222,#4222,#3527,.T.);
#5388=EDGE_CURVE('',#4222,#4223,#934,.T.);
#5389=EDGE_CURVE('',#4223,#4223,#3528,.T.);
#5390=EDGE_CURVE('',#4224,#4224,#3529,.T.);
#5391=EDGE_CURVE('',#4225,#4226,#3530,.T.);
#5392=EDGE_CURVE('',#4226,#4227,#935,.T.);
#5393=EDGE_CURVE('',#4227,#4228,#936,.T.);
#5394=EDGE_CURVE('',#4228,#4225,#937,.T.);
#5395=EDGE_CURVE('',#4229,#4229,#3531,.T.);
#5396=EDGE_CURVE('',#4230,#4230,#3532,.T.);
#5397=EDGE_CURVE('',#4231,#4231,#3533,.T.);
#5398=EDGE_CURVE('',#4232,#4232,#3534,.T.);
#5399=EDGE_CURVE('',#4233,#4233,#3535,.T.);
#5400=EDGE_CURVE('',#4234,#4234,#3536,.T.);
#5401=EDGE_CURVE('',#4235,#4235,#3537,.T.);
#5402=EDGE_CURVE('',#4236,#4236,#3538,.T.);
#5403=EDGE_CURVE('',#4237,#4238,#938,.T.);
#5404=EDGE_CURVE('',#4237,#4239,#3539,.T.);
#5405=EDGE_CURVE('',#4240,#4239,#939,.T.);
#5406=EDGE_CURVE('',#4240,#4241,#3540,.T.);
#5407=EDGE_CURVE('',#4242,#4241,#940,.T.);
#5408=EDGE_CURVE('',#4242,#4243,#3541,.T.);
#5409=EDGE_CURVE('',#4244,#4243,#941,.T.);
#5410=EDGE_CURVE('',#4244,#4245,#3542,.T.);
#5411=EDGE_CURVE('',#4246,#4245,#942,.T.);
#5412=EDGE_CURVE('',#4246,#4247,#3543,.T.);
#5413=EDGE_CURVE('',#4248,#4247,#943,.T.);
#5414=EDGE_CURVE('',#4248,#4238,#3544,.T.);
#5415=EDGE_CURVE('',#4249,#4250,#944,.T.);
#5416=EDGE_CURVE('',#4249,#4251,#3545,.T.);
#5417=EDGE_CURVE('',#4252,#4251,#945,.T.);
#5418=EDGE_CURVE('',#4252,#4253,#3546,.T.);
#5419=EDGE_CURVE('',#4254,#4253,#946,.T.);
#5420=EDGE_CURVE('',#4254,#4255,#3547,.T.);
#5421=EDGE_CURVE('',#4256,#4255,#947,.T.);
#5422=EDGE_CURVE('',#4256,#4257,#3548,.T.);
#5423=EDGE_CURVE('',#4258,#4257,#948,.T.);
#5424=EDGE_CURVE('',#4258,#4259,#3549,.T.);
#5425=EDGE_CURVE('',#4260,#4259,#949,.T.);
#5426=EDGE_CURVE('',#4260,#4250,#3550,.T.);
#5427=EDGE_CURVE('',#4261,#4262,#950,.T.);
#5428=EDGE_CURVE('',#4261,#4263,#3551,.T.);
#5429=EDGE_CURVE('',#4264,#4263,#951,.T.);
#5430=EDGE_CURVE('',#4264,#4265,#3552,.T.);
#5431=EDGE_CURVE('',#4266,#4265,#952,.T.);
#5432=EDGE_CURVE('',#4266,#4267,#3553,.T.);
#5433=EDGE_CURVE('',#4268,#4267,#953,.T.);
#5434=EDGE_CURVE('',#4268,#4269,#3554,.T.);
#5435=EDGE_CURVE('',#4270,#4269,#954,.T.);
#5436=EDGE_CURVE('',#4270,#4271,#3555,.T.);
#5437=EDGE_CURVE('',#4272,#4271,#955,.T.);
#5438=EDGE_CURVE('',#4272,#4262,#3556,.T.);
#5439=EDGE_CURVE('',#4273,#4274,#956,.T.);
#5440=EDGE_CURVE('',#4274,#4275,#957,.T.);
#5441=EDGE_CURVE('',#4275,#4276,#958,.T.);
#5442=EDGE_CURVE('',#4276,#4277,#959,.T.);
#5443=EDGE_CURVE('',#4277,#4278,#960,.T.);
#5444=EDGE_CURVE('',#4278,#4273,#961,.T.);
#5445=EDGE_CURVE('',#4279,#4280,#962,.T.);
#5446=EDGE_CURVE('',#4280,#4281,#963,.T.);
#5447=EDGE_CURVE('',#4281,#4282,#964,.T.);
#5448=EDGE_CURVE('',#4282,#4283,#965,.T.);
#5449=EDGE_CURVE('',#4283,#4284,#966,.T.);
#5450=EDGE_CURVE('',#4284,#4279,#967,.T.);
#5451=EDGE_CURVE('',#4285,#4286,#968,.T.);
#5452=EDGE_CURVE('',#4286,#4287,#969,.T.);
#5453=EDGE_CURVE('',#4287,#4288,#970,.T.);
#5454=EDGE_CURVE('',#4288,#4289,#971,.T.);
#5455=EDGE_CURVE('',#4289,#4290,#972,.T.);
#5456=EDGE_CURVE('',#4290,#4285,#973,.T.);
#5457=EDGE_CURVE('',#4235,#4224,#974,.T.);
#5458=EDGE_CURVE('',#4291,#4291,#3557,.T.);
#5459=EDGE_CURVE('',#4292,#4293,#3558,.T.);
#5460=EDGE_CURVE('',#4294,#4292,#975,.T.);
#5461=EDGE_CURVE('',#4295,#4294,#976,.T.);
#5462=EDGE_CURVE('',#4293,#4295,#977,.T.);
#5463=EDGE_CURVE('',#4226,#4293,#978,.T.);
#5464=EDGE_CURVE('',#4225,#4292,#979,.T.);
#5465=EDGE_CURVE('',#4228,#4294,#980,.T.);
#5466=EDGE_CURVE('',#4227,#4295,#981,.T.);
#5467=EDGE_CURVE('',#4296,#4296,#3559,.T.);
#5468=EDGE_CURVE('',#4291,#4236,#982,.T.);
#5469=EDGE_CURVE('',#4297,#4298,#381,.T.);
#5470=EDGE_CURVE('',#4298,#4297,#382,.T.);
#5471=EDGE_CURVE('',#4296,#4298,#983,.T.);
#5472=EDGE_CURVE('',#4299,#4299,#3560,.T.);
#5473=EDGE_CURVE('',#4300,#4301,#199,.T.);
#5474=EDGE_CURVE('',#4302,#4300,#200,.T.);
#5475=EDGE_CURVE('',#4302,#4299,#984,.T.);
#5476=EDGE_CURVE('',#4303,#4302,#201,.T.);
#5477=EDGE_CURVE('',#4304,#4303,#202,.T.);
#5478=EDGE_CURVE('',#4305,#4304,#203,.T.);
#5479=EDGE_CURVE('',#4301,#4305,#204,.T.);
#5480=EDGE_CURVE('',#4285,#4300,#985,.T.);
#5481=EDGE_CURVE('',#4286,#4301,#986,.T.);
#5482=EDGE_CURVE('',#4290,#4302,#987,.T.);
#5483=EDGE_CURVE('',#4289,#4303,#988,.T.);
#5484=EDGE_CURVE('',#4288,#4304,#989,.T.);
#5485=EDGE_CURVE('',#4287,#4305,#990,.T.);
#5486=EDGE_CURVE('',#4306,#4306,#3561,.T.);
#5487=EDGE_CURVE('',#4307,#4308,#205,.T.);
#5488=EDGE_CURVE('',#4309,#4307,#206,.T.);
#5489=EDGE_CURVE('',#4309,#4306,#991,.T.);
#5490=EDGE_CURVE('',#4310,#4309,#207,.T.);
#5491=EDGE_CURVE('',#4311,#4310,#208,.T.);
#5492=EDGE_CURVE('',#4312,#4311,#209,.T.);
#5493=EDGE_CURVE('',#4308,#4312,#210,.T.);
#5494=EDGE_CURVE('',#4279,#4307,#992,.T.);
#5495=EDGE_CURVE('',#4280,#4308,#993,.T.);
#5496=EDGE_CURVE('',#4284,#4309,#994,.T.);
#5497=EDGE_CURVE('',#4283,#4310,#995,.T.);
#5498=EDGE_CURVE('',#4282,#4311,#996,.T.);
#5499=EDGE_CURVE('',#4281,#4312,#997,.T.);
#5500=EDGE_CURVE('',#4313,#4313,#3562,.T.);
#5501=EDGE_CURVE('',#4314,#4315,#211,.T.);
#5502=EDGE_CURVE('',#4316,#4314,#212,.T.);
#5503=EDGE_CURVE('',#4316,#4313,#998,.T.);
#5504=EDGE_CURVE('',#4317,#4316,#213,.T.);
#5505=EDGE_CURVE('',#4318,#4317,#214,.T.);
#5506=EDGE_CURVE('',#4319,#4318,#215,.T.);
#5507=EDGE_CURVE('',#4315,#4319,#216,.T.);
#5508=EDGE_CURVE('',#4273,#4314,#999,.T.);
#5509=EDGE_CURVE('',#4274,#4315,#1000,.T.);
#5510=EDGE_CURVE('',#4278,#4316,#1001,.T.);
#5511=EDGE_CURVE('',#4277,#4317,#1002,.T.);
#5512=EDGE_CURVE('',#4276,#4318,#1003,.T.);
#5513=EDGE_CURVE('',#4275,#4319,#1004,.T.);
#5514=EDGE_CURVE('',#4320,#4320,#3563,.T.);
#5515=EDGE_CURVE('',#4320,#4321,#1005,.T.);
#5516=EDGE_CURVE('',#4321,#4321,#3564,.T.);
#5517=EDGE_CURVE('',#4230,#4322,#1006,.T.);
#5518=EDGE_CURVE('',#4322,#4322,#3565,.T.);
#5519=EDGE_CURVE('',#4323,#4323,#3566,.T.);
#5520=EDGE_CURVE('',#4323,#4324,#1007,.T.);
#5521=EDGE_CURVE('',#4324,#4324,#3567,.T.);
#5522=EDGE_CURVE('',#4234,#4325,#1008,.T.);
#5523=EDGE_CURVE('',#4325,#4325,#3568,.T.);
#5524=EDGE_CURVE('',#4326,#4326,#3569,.T.);
#5525=EDGE_CURVE('',#4326,#4327,#1009,.T.);
#5526=EDGE_CURVE('',#4327,#4327,#3570,.T.);
#5527=EDGE_CURVE('',#4232,#4328,#1010,.T.);
#5528=EDGE_CURVE('',#4328,#4328,#3571,.T.);
#5529=EDGE_CURVE('',#4329,#4329,#3572,.T.);
#5530=EDGE_CURVE('',#4329,#4330,#1011,.T.);
#5531=EDGE_CURVE('',#4330,#4330,#3573,.T.);
#5532=EDGE_CURVE('',#4229,#4331,#1012,.T.);
#5533=EDGE_CURVE('',#4331,#4331,#3574,.T.);
#5534=EDGE_CURVE('',#4332,#4332,#3575,.T.);
#5535=EDGE_CURVE('',#4332,#4333,#1013,.T.);
#5536=EDGE_CURVE('',#4333,#4333,#3576,.T.);
#5537=EDGE_CURVE('',#4231,#4334,#1014,.T.);
#5538=EDGE_CURVE('',#4334,#4334,#3577,.T.);
#5539=EDGE_CURVE('',#4335,#4335,#3578,.T.);
#5540=EDGE_CURVE('',#4335,#4336,#1015,.T.);
#5541=EDGE_CURVE('',#4336,#4336,#3579,.T.);
#5542=EDGE_CURVE('',#4233,#4337,#1016,.T.);
#5543=EDGE_CURVE('',#4337,#4337,#3580,.T.);
#5544=EDGE_CURVE('',#4338,#4338,#3581,.T.);
#5545=EDGE_CURVE('',#4338,#4339,#1017,.T.);
#5546=EDGE_CURVE('',#4339,#4339,#3582,.T.);
#5547=EDGE_CURVE('',#4340,#4341,#3583,.T.);
#5548=EDGE_CURVE('',#4342,#4341,#1018,.T.);
#5549=EDGE_CURVE('',#4343,#4342,#3584,.T.);
#5550=EDGE_CURVE('',#4343,#4340,#1019,.T.);
#5551=EDGE_CURVE('',#4344,#4340,#3585,.T.);
#5552=EDGE_CURVE('',#4345,#4343,#3586,.T.);
#5553=EDGE_CURVE('',#4345,#4344,#1020,.T.);
#5554=EDGE_CURVE('',#4346,#4344,#3587,.T.);
#5555=EDGE_CURVE('',#4347,#4345,#3588,.T.);
#5556=EDGE_CURVE('',#4347,#4346,#1021,.T.);
#5557=EDGE_CURVE('',#4348,#4346,#3589,.T.);
#5558=EDGE_CURVE('',#4349,#4347,#3590,.T.);
#5559=EDGE_CURVE('',#4349,#4348,#1022,.T.);
#5560=EDGE_CURVE('',#4350,#4348,#3591,.T.);
#5561=EDGE_CURVE('',#4351,#4349,#3592,.T.);
#5562=EDGE_CURVE('',#4351,#4350,#1023,.T.);
#5563=EDGE_CURVE('',#4352,#4350,#3593,.T.);
#5564=EDGE_CURVE('',#4353,#4351,#3594,.T.);
#5565=EDGE_CURVE('',#4353,#4352,#1024,.T.);
#5566=EDGE_CURVE('',#4354,#4352,#3595,.T.);
#5567=EDGE_CURVE('',#4355,#4353,#3596,.T.);
#5568=EDGE_CURVE('',#4355,#4354,#1025,.T.);
#5569=EDGE_CURVE('',#4356,#4354,#3597,.T.);
#5570=EDGE_CURVE('',#4357,#4355,#3598,.T.);
#5571=EDGE_CURVE('',#4357,#4356,#1026,.T.);
#5572=EDGE_CURVE('',#4358,#4356,#3599,.T.);
#5573=EDGE_CURVE('',#4359,#4357,#3600,.T.);
#5574=EDGE_CURVE('',#4359,#4358,#1027,.T.);
#5575=EDGE_CURVE('',#4360,#4358,#3601,.T.);
#5576=EDGE_CURVE('',#4361,#4359,#3602,.T.);
#5577=EDGE_CURVE('',#4361,#4360,#1028,.T.);
#5578=EDGE_CURVE('',#4362,#4360,#3603,.T.);
#5579=EDGE_CURVE('',#4363,#4361,#3604,.T.);
#5580=EDGE_CURVE('',#4363,#4362,#1029,.T.);
#5581=EDGE_CURVE('',#4341,#4362,#3605,.T.);
#5582=EDGE_CURVE('',#4342,#4363,#3606,.T.);
#5583=EDGE_CURVE('',#4364,#4364,#3607,.T.);
#5584=EDGE_CURVE('',#4365,#4365,#3608,.T.);
#5585=EDGE_CURVE('',#4365,#4364,#1030,.T.);
#5586=EDGE_CURVE('',#4366,#4366,#3609,.T.);
#5587=EDGE_CURVE('',#4367,#4367,#3610,.T.);
#5588=EDGE_CURVE('',#4367,#4366,#1031,.T.);
#5589=EDGE_CURVE('',#4368,#4369,#3611,.T.);
#5590=EDGE_CURVE('',#4369,#4367,#1032,.T.);
#5591=EDGE_CURVE('',#4369,#4368,#3612,.T.);
#5592=EDGE_CURVE('',#4368,#4370,#1033,.T.);
#5593=EDGE_CURVE('',#4370,#4370,#3613,.T.);
#5594=EDGE_CURVE('',#4371,#4372,#217,.T.);
#5595=EDGE_CURVE('',#4372,#4373,#218,.T.);
#5596=EDGE_CURVE('',#4373,#4371,#3614,.T.);
#5597=EDGE_CURVE('',#4374,#4375,#219,.T.);
#5598=EDGE_CURVE('',#4375,#4376,#220,.T.);
#5599=EDGE_CURVE('',#4376,#4374,#3615,.T.);
#5600=EDGE_CURVE('',#4377,#4378,#221,.T.);
#5601=EDGE_CURVE('',#4379,#4378,#3616,.T.);
#5602=EDGE_CURVE('',#4379,#4377,#222,.T.);
#5603=EDGE_CURVE('',#4380,#4381,#223,.T.);
#5604=EDGE_CURVE('',#4381,#4382,#224,.T.);
#5605=EDGE_CURVE('',#4382,#4380,#3617,.T.);
#5606=EDGE_CURVE('',#4373,#4383,#1034,.T.);
#5607=EDGE_CURVE('',#4384,#4383,#3618,.T.);
#5608=EDGE_CURVE('',#4384,#4385,#1035,.T.);
#5609=EDGE_CURVE('',#4386,#4385,#3619,.T.);
#5610=EDGE_CURVE('',#4386,#4380,#1036,.T.);
#5611=EDGE_CURVE('',#4382,#4379,#1037,.T.);
#5612=EDGE_CURVE('',#4378,#4374,#1038,.T.);
#5613=EDGE_CURVE('',#4376,#4371,#1039,.T.);
#5614=EDGE_CURVE('',#4385,#4387,#225,.T.);
#5615=EDGE_CURVE('',#4387,#4386,#226,.T.);
#5616=EDGE_CURVE('',#4383,#4388,#227,.T.);
#5617=EDGE_CURVE('',#4388,#4384,#228,.T.);
#5618=EDGE_CURVE('',#4389,#4262,#229,.T.);
#5619=EDGE_CURVE('',#4272,#4389,#230,.T.);
#5620=EDGE_CURVE('',#4388,#4389,#1040,.T.);
#5621=EDGE_CURVE('',#4390,#4271,#231,.T.);
#5622=EDGE_CURVE('',#4387,#4390,#1041,.T.);
#5623=EDGE_CURVE('',#4270,#4390,#232,.T.);
#5624=EDGE_CURVE('',#4391,#4269,#233,.T.);
#5625=EDGE_CURVE('',#4381,#4391,#1042,.T.);
#5626=EDGE_CURVE('',#4268,#4391,#234,.T.);
#5627=EDGE_CURVE('',#4392,#4267,#235,.T.);
#5628=EDGE_CURVE('',#4377,#4392,#1043,.T.);
#5629=EDGE_CURVE('',#4266,#4392,#236,.T.);
#5630=EDGE_CURVE('',#4393,#4265,#237,.T.);
#5631=EDGE_CURVE('',#4375,#4393,#1044,.T.);
#5632=EDGE_CURVE('',#4264,#4393,#238,.T.);
#5633=EDGE_CURVE('',#4394,#4263,#239,.T.);
#5634=EDGE_CURVE('',#4372,#4394,#1045,.T.);
#5635=EDGE_CURVE('',#4261,#4394,#240,.T.);
#5636=EDGE_CURVE('',#4395,#4395,#3620,.T.);
#5637=EDGE_CURVE('',#4396,#4396,#3621,.T.);
#5638=EDGE_CURVE('',#4396,#4395,#1046,.T.);
#5639=EDGE_CURVE('',#4397,#4397,#3622,.T.);
#5640=EDGE_CURVE('',#4398,#4398,#3623,.T.);
#5641=EDGE_CURVE('',#4398,#4397,#1047,.T.);
#5642=EDGE_CURVE('',#4399,#4400,#3624,.T.);
#5643=EDGE_CURVE('',#4400,#4398,#1048,.T.);
#5644=EDGE_CURVE('',#4400,#4399,#3625,.T.);
#5645=EDGE_CURVE('',#4399,#4401,#1049,.T.);
#5646=EDGE_CURVE('',#4401,#4401,#3626,.T.);
#5647=EDGE_CURVE('',#4402,#4403,#241,.T.);
#5648=EDGE_CURVE('',#4403,#4404,#242,.T.);
#5649=EDGE_CURVE('',#4404,#4402,#3627,.T.);
#5650=EDGE_CURVE('',#4405,#4406,#243,.T.);
#5651=EDGE_CURVE('',#4406,#4407,#244,.T.);
#5652=EDGE_CURVE('',#4407,#4405,#3628,.T.);
#5653=EDGE_CURVE('',#4408,#4409,#245,.T.);
#5654=EDGE_CURVE('',#4410,#4409,#3629,.T.);
#5655=EDGE_CURVE('',#4410,#4408,#246,.T.);
#5656=EDGE_CURVE('',#4411,#4412,#247,.T.);
#5657=EDGE_CURVE('',#4412,#4413,#248,.T.);
#5658=EDGE_CURVE('',#4413,#4411,#3630,.T.);
#5659=EDGE_CURVE('',#4404,#4414,#1050,.T.);
#5660=EDGE_CURVE('',#4415,#4414,#3631,.T.);
#5661=EDGE_CURVE('',#4415,#4416,#1051,.T.);
#5662=EDGE_CURVE('',#4417,#4416,#3632,.T.);
#5663=EDGE_CURVE('',#4417,#4411,#1052,.T.);
#5664=EDGE_CURVE('',#4413,#4410,#1053,.T.);
#5665=EDGE_CURVE('',#4409,#4405,#1054,.T.);
#5666=EDGE_CURVE('',#4407,#4402,#1055,.T.);
#5667=EDGE_CURVE('',#4416,#4418,#249,.T.);
#5668=EDGE_CURVE('',#4418,#4417,#250,.T.);
#5669=EDGE_CURVE('',#4414,#4419,#251,.T.);
#5670=EDGE_CURVE('',#4419,#4415,#252,.T.);
#5671=EDGE_CURVE('',#4420,#4250,#253,.T.);
#5672=EDGE_CURVE('',#4260,#4420,#254,.T.);
#5673=EDGE_CURVE('',#4419,#4420,#1056,.T.);
#5674=EDGE_CURVE('',#4421,#4259,#255,.T.);
#5675=EDGE_CURVE('',#4418,#4421,#1057,.T.);
#5676=EDGE_CURVE('',#4258,#4421,#256,.T.);
#5677=EDGE_CURVE('',#4422,#4257,#257,.T.);
#5678=EDGE_CURVE('',#4412,#4422,#1058,.T.);
#5679=EDGE_CURVE('',#4256,#4422,#258,.T.);
#5680=EDGE_CURVE('',#4423,#4255,#259,.T.);
#5681=EDGE_CURVE('',#4408,#4423,#1059,.T.);
#5682=EDGE_CURVE('',#4254,#4423,#260,.T.);
#5683=EDGE_CURVE('',#4424,#4253,#261,.T.);
#5684=EDGE_CURVE('',#4406,#4424,#1060,.T.);
#5685=EDGE_CURVE('',#4252,#4424,#262,.T.);
#5686=EDGE_CURVE('',#4425,#4251,#263,.T.);
#5687=EDGE_CURVE('',#4403,#4425,#1061,.T.);
#5688=EDGE_CURVE('',#4249,#4425,#264,.T.);
#5689=EDGE_CURVE('',#4426,#4427,#265,.T.);
#5690=EDGE_CURVE('',#4426,#4428,#1062,.T.);
#5691=EDGE_CURVE('',#4242,#4428,#266,.T.);
#5692=EDGE_CURVE('',#4429,#4241,#267,.T.);
#5693=EDGE_CURVE('',#4430,#4429,#1063,.T.);
#5694=EDGE_CURVE('',#4431,#4430,#268,.T.);
#5695=EDGE_CURVE('',#4427,#4431,#1064,.T.);
#5696=EDGE_CURVE('',#4430,#4432,#269,.T.);
#5697=EDGE_CURVE('',#4240,#4429,#270,.T.);
#5698=EDGE_CURVE('',#4433,#4239,#271,.T.);
#5699=EDGE_CURVE('',#4434,#4433,#1065,.T.);
#5700=EDGE_CURVE('',#4435,#4434,#272,.T.);
#5701=EDGE_CURVE('',#4432,#4435,#1066,.T.);
#5702=EDGE_CURVE('',#4434,#4436,#273,.T.);
#5703=EDGE_CURVE('',#4237,#4433,#274,.T.);
#5704=EDGE_CURVE('',#4437,#4238,#275,.T.);
#5705=EDGE_CURVE('',#4438,#4437,#1067,.T.);
#5706=EDGE_CURVE('',#4439,#4438,#276,.T.);
#5707=EDGE_CURVE('',#4436,#4439,#1068,.T.);
#5708=EDGE_CURVE('',#4438,#4440,#277,.T.);
#5709=EDGE_CURVE('',#4248,#4437,#278,.T.);
#5710=EDGE_CURVE('',#4441,#4247,#279,.T.);
#5711=EDGE_CURVE('',#4442,#4441,#1069,.T.);
#5712=EDGE_CURVE('',#4443,#4442,#280,.T.);
#5713=EDGE_CURVE('',#4440,#4443,#1070,.T.);
#5714=EDGE_CURVE('',#4442,#4444,#281,.T.);
#5715=EDGE_CURVE('',#4246,#4441,#282,.T.);
#5716=EDGE_CURVE('',#4445,#4245,#283,.T.);
#5717=EDGE_CURVE('',#4446,#4445,#1071,.T.);
#5718=EDGE_CURVE('',#4447,#4446,#284,.T.);
#5719=EDGE_CURVE('',#4444,#4447,#1072,.T.);
#5720=EDGE_CURVE('',#4446,#4448,#285,.T.);
#5721=EDGE_CURVE('',#4244,#4445,#286,.T.);
#5722=EDGE_CURVE('',#4428,#4243,#287,.T.);
#5723=EDGE_CURVE('',#4449,#4426,#288,.T.);
#5724=EDGE_CURVE('',#4448,#4449,#1073,.T.);
#5725=EDGE_CURVE('',#4436,#4435,#3633,.T.);
#5726=EDGE_CURVE('',#4440,#4439,#3634,.T.);
#5727=EDGE_CURVE('',#4444,#4443,#3635,.T.);
#5728=EDGE_CURVE('',#4448,#4447,#3636,.T.);
#5729=EDGE_CURVE('',#4449,#4427,#3637,.T.);
#5730=EDGE_CURVE('',#4432,#4431,#3638,.T.);
#5731=EDGE_CURVE('',#4450,#4450,#3639,.T.);
#5732=EDGE_CURVE('',#4451,#4452,#3640,.T.);
#5733=EDGE_CURVE('',#4451,#4450,#1074,.T.);
#5734=EDGE_CURVE('',#4452,#4451,#3641,.T.);
#5735=EDGE_CURVE('',#4453,#4453,#3642,.T.);
#5736=EDGE_CURVE('',#4454,#4454,#3643,.T.);
#5737=EDGE_CURVE('',#4454,#4453,#1075,.T.);
#5738=EDGE_CURVE('',#4455,#4455,#3644,.T.);
#5739=EDGE_CURVE('',#4456,#4456,#3645,.T.);
#5740=EDGE_CURVE('',#4456,#4455,#1076,.T.);
#5741=EDGE_CURVE('',#4452,#4456,#1077,.T.);
#5742=EDGE_CURVE('',#4457,#4458,#1078,.T.);
#5743=EDGE_CURVE('',#4458,#4459,#289,.T.);
#5744=EDGE_CURVE('',#4460,#4459,#1079,.T.);
#5745=EDGE_CURVE('',#4457,#4460,#1080,.T.);
#5746=EDGE_CURVE('',#4459,#4461,#290,.T.);
#5747=EDGE_CURVE('',#4462,#4461,#1081,.T.);
#5748=EDGE_CURVE('',#4460,#4462,#1082,.T.);
#5749=EDGE_CURVE('',#4461,#4463,#291,.T.);
#5750=EDGE_CURVE('',#4464,#4463,#1083,.T.);
#5751=EDGE_CURVE('',#4462,#4464,#1084,.T.);
#5752=EDGE_CURVE('',#4463,#4465,#292,.T.);
#5753=EDGE_CURVE('',#4466,#4465,#1085,.T.);
#5754=EDGE_CURVE('',#4464,#4466,#1086,.T.);
#5755=EDGE_CURVE('',#4465,#4467,#293,.T.);
#5756=EDGE_CURVE('',#4468,#4467,#1087,.T.);
#5757=EDGE_CURVE('',#4466,#4468,#1088,.T.);
#5758=EDGE_CURVE('',#4467,#4458,#294,.T.);
#5759=EDGE_CURVE('',#4468,#4457,#1089,.T.);
#5760=EDGE_CURVE('',#4465,#4469,#1090,.T.);
#5761=EDGE_CURVE('',#4469,#4469,#3646,.T.);
#5762=EDGE_CURVE('',#4470,#4471,#1091,.T.);
#5763=EDGE_CURVE('',#4471,#4472,#295,.T.);
#5764=EDGE_CURVE('',#4473,#4472,#1092,.T.);
#5765=EDGE_CURVE('',#4470,#4473,#1093,.T.);
#5766=EDGE_CURVE('',#4472,#4474,#296,.T.);
#5767=EDGE_CURVE('',#4475,#4474,#1094,.T.);
#5768=EDGE_CURVE('',#4473,#4475,#1095,.T.);
#5769=EDGE_CURVE('',#4474,#4476,#297,.T.);
#5770=EDGE_CURVE('',#4477,#4476,#1096,.T.);
#5771=EDGE_CURVE('',#4475,#4477,#1097,.T.);
#5772=EDGE_CURVE('',#4476,#4478,#298,.T.);
#5773=EDGE_CURVE('',#4479,#4478,#1098,.T.);
#5774=EDGE_CURVE('',#4477,#4479,#1099,.T.);
#5775=EDGE_CURVE('',#4478,#4480,#299,.T.);
#5776=EDGE_CURVE('',#4481,#4480,#1100,.T.);
#5777=EDGE_CURVE('',#4479,#4481,#1101,.T.);
#5778=EDGE_CURVE('',#4480,#4471,#300,.T.);
#5779=EDGE_CURVE('',#4481,#4470,#1102,.T.);
#5780=EDGE_CURVE('',#4478,#4482,#1103,.T.);
#5781=EDGE_CURVE('',#4482,#4482,#3647,.T.);
#5782=EDGE_CURVE('',#4483,#4484,#1104,.T.);
#5783=EDGE_CURVE('',#4484,#4485,#301,.T.);
#5784=EDGE_CURVE('',#4486,#4485,#1105,.T.);
#5785=EDGE_CURVE('',#4483,#4486,#1106,.T.);
#5786=EDGE_CURVE('',#4485,#4487,#302,.T.);
#5787=EDGE_CURVE('',#4488,#4487,#1107,.T.);
#5788=EDGE_CURVE('',#4486,#4488,#1108,.T.);
#5789=EDGE_CURVE('',#4487,#4489,#303,.T.);
#5790=EDGE_CURVE('',#4490,#4489,#1109,.T.);
#5791=EDGE_CURVE('',#4488,#4490,#1110,.T.);
#5792=EDGE_CURVE('',#4489,#4491,#304,.T.);
#5793=EDGE_CURVE('',#4492,#4491,#1111,.T.);
#5794=EDGE_CURVE('',#4490,#4492,#1112,.T.);
#5795=EDGE_CURVE('',#4491,#4493,#305,.T.);
#5796=EDGE_CURVE('',#4494,#4493,#1113,.T.);
#5797=EDGE_CURVE('',#4492,#4494,#1114,.T.);
#5798=EDGE_CURVE('',#4493,#4484,#306,.T.);
#5799=EDGE_CURVE('',#4494,#4483,#1115,.T.);
#5800=EDGE_CURVE('',#4491,#4495,#1116,.T.);
#5801=EDGE_CURVE('',#4495,#4495,#3648,.T.);
#5802=EDGE_CURVE('',#4496,#4496,#3649,.T.);
#5803=EDGE_CURVE('',#4496,#4497,#1117,.T.);
#5804=EDGE_CURVE('',#4497,#4497,#3650,.T.);
#5805=EDGE_CURVE('',#4498,#4498,#3651,.T.);
#5806=EDGE_CURVE('',#4498,#4499,#1118,.T.);
#5807=EDGE_CURVE('',#4499,#4499,#3652,.T.);
#5808=EDGE_CURVE('',#4500,#4500,#3653,.T.);
#5809=EDGE_CURVE('',#4500,#4501,#1119,.T.);
#5810=EDGE_CURVE('',#4501,#4501,#3654,.T.);
#5811=EDGE_CURVE('',#4502,#4502,#3655,.T.);
#5812=EDGE_CURVE('',#4502,#4503,#1120,.T.);
#5813=EDGE_CURVE('',#4503,#4503,#3656,.T.);
#5814=EDGE_CURVE('',#4504,#4504,#3657,.T.);
#5815=EDGE_CURVE('',#4505,#4505,#3658,.T.);
#5816=EDGE_CURVE('',#4505,#4504,#1121,.T.);
#5817=EDGE_CURVE('',#4506,#4506,#3659,.T.);
#5818=EDGE_CURVE('',#4507,#4507,#3660,.T.);
#5819=EDGE_CURVE('',#4507,#4506,#1122,.T.);
#5820=EDGE_CURVE('',#4508,#4509,#3661,.T.);
#5821=EDGE_CURVE('',#4509,#4507,#1123,.T.);
#5822=EDGE_CURVE('',#4509,#4508,#3662,.T.);
#5823=EDGE_CURVE('',#4508,#4510,#1124,.T.);
#5824=EDGE_CURVE('',#4510,#4510,#3663,.T.);
#5825=EDGE_CURVE('',#4511,#4512,#307,.T.);
#5826=EDGE_CURVE('',#4512,#4513,#308,.T.);
#5827=EDGE_CURVE('',#4513,#4511,#3664,.T.);
#5828=EDGE_CURVE('',#4514,#4515,#309,.T.);
#5829=EDGE_CURVE('',#4515,#4516,#310,.T.);
#5830=EDGE_CURVE('',#4516,#4514,#3665,.T.);
#5831=EDGE_CURVE('',#4517,#4518,#311,.T.);
#5832=EDGE_CURVE('',#4519,#4518,#3666,.T.);
#5833=EDGE_CURVE('',#4519,#4517,#312,.T.);
#5834=EDGE_CURVE('',#4520,#4521,#313,.T.);
#5835=EDGE_CURVE('',#4521,#4522,#314,.T.);
#5836=EDGE_CURVE('',#4522,#4520,#3667,.T.);
#5837=EDGE_CURVE('',#4513,#4523,#1125,.T.);
#5838=EDGE_CURVE('',#4524,#4523,#3668,.T.);
#5839=EDGE_CURVE('',#4524,#4525,#1126,.T.);
#5840=EDGE_CURVE('',#4526,#4525,#3669,.T.);
#5841=EDGE_CURVE('',#4526,#4520,#1127,.T.);
#5842=EDGE_CURVE('',#4522,#4519,#1128,.T.);
#5843=EDGE_CURVE('',#4518,#4514,#1129,.T.);
#5844=EDGE_CURVE('',#4516,#4511,#1130,.T.);
#5845=EDGE_CURVE('',#4525,#4527,#315,.T.);
#5846=EDGE_CURVE('',#4527,#4526,#316,.T.);
#5847=EDGE_CURVE('',#4523,#4528,#317,.T.);
#5848=EDGE_CURVE('',#4528,#4524,#318,.T.);
#5849=EDGE_CURVE('',#4529,#3806,#319,.T.);
#5850=EDGE_CURVE('',#3816,#4529,#320,.T.);
#5851=EDGE_CURVE('',#4528,#4529,#1131,.T.);
#5852=EDGE_CURVE('',#4530,#3815,#321,.T.);
#5853=EDGE_CURVE('',#4527,#4530,#1132,.T.);
#5854=EDGE_CURVE('',#3814,#4530,#322,.T.);
#5855=EDGE_CURVE('',#4531,#3813,#323,.T.);
#5856=EDGE_CURVE('',#4521,#4531,#1133,.T.);
#5857=EDGE_CURVE('',#3812,#4531,#324,.T.);
#5858=EDGE_CURVE('',#4532,#3811,#325,.T.);
#5859=EDGE_CURVE('',#4517,#4532,#1134,.T.);
#5860=EDGE_CURVE('',#3810,#4532,#326,.T.);
#5861=EDGE_CURVE('',#4533,#3809,#327,.T.);
#5862=EDGE_CURVE('',#4515,#4533,#1135,.T.);
#5863=EDGE_CURVE('',#3808,#4533,#328,.T.);
#5864=EDGE_CURVE('',#4534,#3807,#329,.T.);
#5865=EDGE_CURVE('',#4512,#4534,#1136,.T.);
#5866=EDGE_CURVE('',#3805,#4534,#330,.T.);
#5867=EDGE_CURVE('',#4535,#4535,#3670,.T.);
#5868=EDGE_CURVE('',#4536,#4536,#3671,.T.);
#5869=EDGE_CURVE('',#4536,#4535,#1137,.T.);
#5870=EDGE_CURVE('',#4537,#4537,#3672,.T.);
#5871=EDGE_CURVE('',#4538,#4538,#3673,.T.);
#5872=EDGE_CURVE('',#4538,#4537,#1138,.T.);
#5873=EDGE_CURVE('',#4539,#4540,#3674,.T.);
#5874=EDGE_CURVE('',#4540,#4538,#1139,.T.);
#5875=EDGE_CURVE('',#4540,#4539,#3675,.T.);
#5876=EDGE_CURVE('',#4539,#4541,#1140,.T.);
#5877=EDGE_CURVE('',#4541,#4541,#3676,.T.);
#5878=EDGE_CURVE('',#4542,#4543,#331,.T.);
#5879=EDGE_CURVE('',#4543,#4544,#332,.T.);
#5880=EDGE_CURVE('',#4544,#4542,#3677,.T.);
#5881=EDGE_CURVE('',#4545,#4546,#333,.T.);
#5882=EDGE_CURVE('',#4546,#4547,#334,.T.);
#5883=EDGE_CURVE('',#4547,#4545,#3678,.T.);
#5884=EDGE_CURVE('',#4548,#4549,#335,.T.);
#5885=EDGE_CURVE('',#4550,#4549,#3679,.T.);
#5886=EDGE_CURVE('',#4550,#4548,#336,.T.);
#5887=EDGE_CURVE('',#4551,#4552,#337,.T.);
#5888=EDGE_CURVE('',#4552,#4553,#338,.T.);
#5889=EDGE_CURVE('',#4553,#4551,#3680,.T.);
#5890=EDGE_CURVE('',#4544,#4554,#1141,.T.);
#5891=EDGE_CURVE('',#4555,#4554,#3681,.T.);
#5892=EDGE_CURVE('',#4555,#4556,#1142,.T.);
#5893=EDGE_CURVE('',#4557,#4556,#3682,.T.);
#5894=EDGE_CURVE('',#4557,#4551,#1143,.T.);
#5895=EDGE_CURVE('',#4553,#4550,#1144,.T.);
#5896=EDGE_CURVE('',#4549,#4545,#1145,.T.);
#5897=EDGE_CURVE('',#4547,#4542,#1146,.T.);
#5898=EDGE_CURVE('',#4556,#4558,#339,.T.);
#5899=EDGE_CURVE('',#4558,#4557,#340,.T.);
#5900=EDGE_CURVE('',#4554,#4559,#341,.T.);
#5901=EDGE_CURVE('',#4559,#4555,#342,.T.);
#5902=EDGE_CURVE('',#4560,#3830,#343,.T.);
#5903=EDGE_CURVE('',#3840,#4560,#344,.T.);
#5904=EDGE_CURVE('',#4559,#4560,#1147,.T.);
#5905=EDGE_CURVE('',#4561,#3839,#345,.T.);
#5906=EDGE_CURVE('',#4558,#4561,#1148,.T.);
#5907=EDGE_CURVE('',#3838,#4561,#346,.T.);
#5908=EDGE_CURVE('',#4562,#3837,#347,.T.);
#5909=EDGE_CURVE('',#4552,#4562,#1149,.T.);
#5910=EDGE_CURVE('',#3836,#4562,#348,.T.);
#5911=EDGE_CURVE('',#4563,#3835,#349,.T.);
#5912=EDGE_CURVE('',#4548,#4563,#1150,.T.);
#5913=EDGE_CURVE('',#3834,#4563,#350,.T.);
#5914=EDGE_CURVE('',#4564,#3833,#351,.T.);
#5915=EDGE_CURVE('',#4546,#4564,#1151,.T.);
#5916=EDGE_CURVE('',#3832,#4564,#352,.T.);
#5917=EDGE_CURVE('',#4565,#3831,#353,.T.);
#5918=EDGE_CURVE('',#4543,#4565,#1152,.T.);
#5919=EDGE_CURVE('',#3829,#4565,#354,.T.);
#5920=EDGE_CURVE('',#4566,#4567,#355,.T.);
#5921=EDGE_CURVE('',#4566,#4568,#1153,.T.);
#5922=EDGE_CURVE('',#3822,#4568,#356,.T.);
#5923=EDGE_CURVE('',#4569,#3821,#357,.T.);
#5924=EDGE_CURVE('',#4570,#4569,#1154,.T.);
#5925=EDGE_CURVE('',#4571,#4570,#358,.T.);
#5926=EDGE_CURVE('',#4567,#4571,#1155,.T.);
#5927=EDGE_CURVE('',#4570,#4572,#359,.T.);
#5928=EDGE_CURVE('',#3820,#4569,#360,.T.);
#5929=EDGE_CURVE('',#4573,#3819,#361,.T.);
#5930=EDGE_CURVE('',#4574,#4573,#1156,.T.);
#5931=EDGE_CURVE('',#4575,#4574,#362,.T.);
#5932=EDGE_CURVE('',#4572,#4575,#1157,.T.);
#5933=EDGE_CURVE('',#4574,#4576,#363,.T.);
#5934=EDGE_CURVE('',#3817,#4573,#364,.T.);
#5935=EDGE_CURVE('',#4577,#3818,#365,.T.);
#5936=EDGE_CURVE('',#4578,#4577,#1158,.T.);
#5937=EDGE_CURVE('',#4579,#4578,#366,.T.);
#5938=EDGE_CURVE('',#4576,#4579,#1159,.T.);
#5939=EDGE_CURVE('',#4578,#4580,#367,.T.);
#5940=EDGE_CURVE('',#3828,#4577,#368,.T.);
#5941=EDGE_CURVE('',#4581,#3827,#369,.T.);
#5942=EDGE_CURVE('',#4582,#4581,#1160,.T.);
#5943=EDGE_CURVE('',#4583,#4582,#370,.T.);
#5944=EDGE_CURVE('',#4580,#4583,#1161,.T.);
#5945=EDGE_CURVE('',#4582,#4584,#371,.T.);
#5946=EDGE_CURVE('',#3826,#4581,#372,.T.);
#5947=EDGE_CURVE('',#4585,#3825,#373,.T.);
#5948=EDGE_CURVE('',#4586,#4585,#1162,.T.);
#5949=EDGE_CURVE('',#4587,#4586,#374,.T.);
#5950=EDGE_CURVE('',#4584,#4587,#1163,.T.);
#5951=EDGE_CURVE('',#4586,#4588,#375,.T.);
#5952=EDGE_CURVE('',#3824,#4585,#376,.T.);
#5953=EDGE_CURVE('',#4568,#3823,#377,.T.);
#5954=EDGE_CURVE('',#4589,#4566,#378,.T.);
#5955=EDGE_CURVE('',#4588,#4589,#1164,.T.);
#5956=EDGE_CURVE('',#4576,#4575,#3683,.T.);
#5957=EDGE_CURVE('',#4580,#4579,#3684,.T.);
#5958=EDGE_CURVE('',#4584,#4583,#3685,.T.);
#5959=EDGE_CURVE('',#4588,#4587,#3686,.T.);
#5960=EDGE_CURVE('',#4589,#4567,#3687,.T.);
#5961=EDGE_CURVE('',#4572,#4571,#3688,.T.);
#5962=EDGE_CURVE('',#4590,#4590,#3689,.T.);
#5963=EDGE_CURVE('',#4591,#4592,#3690,.T.);
#5964=EDGE_CURVE('',#4591,#4590,#1165,.T.);
#5965=EDGE_CURVE('',#4592,#4591,#3691,.T.);
#5966=EDGE_CURVE('',#4593,#4593,#3692,.T.);
#5967=EDGE_CURVE('',#4594,#4594,#3693,.T.);
#5968=EDGE_CURVE('',#4594,#4593,#1166,.T.);
#5969=EDGE_CURVE('',#4595,#4595,#3694,.T.);
#5970=EDGE_CURVE('',#4596,#4596,#3695,.T.);
#5971=EDGE_CURVE('',#4596,#4595,#1167,.T.);
#5972=EDGE_CURVE('',#4592,#4596,#1168,.T.);
#5973=ORIENTED_EDGE('',*,*,#4597,.T.);
#5974=ORIENTED_EDGE('',*,*,#4598,.T.);
#5975=ORIENTED_EDGE('',*,*,#4598,.F.);
#5976=ORIENTED_EDGE('',*,*,#4599,.T.);
#5977=ORIENTED_EDGE('',*,*,#4600,.T.);
#5978=ORIENTED_EDGE('',*,*,#4599,.F.);
#5979=ORIENTED_EDGE('',*,*,#4600,.F.);
#5980=ORIENTED_EDGE('',*,*,#4601,.T.);
#5981=ORIENTED_EDGE('',*,*,#4597,.F.);
#5982=ORIENTED_EDGE('',*,*,#4601,.F.);
#5983=ORIENTED_EDGE('',*,*,#4602,.T.);
#5984=ORIENTED_EDGE('',*,*,#4603,.T.);
#5985=ORIENTED_EDGE('',*,*,#4603,.F.);
#5986=ORIENTED_EDGE('',*,*,#4604,.T.);
#5987=ORIENTED_EDGE('',*,*,#4605,.T.);
#5988=ORIENTED_EDGE('',*,*,#4604,.F.);
#5989=ORIENTED_EDGE('',*,*,#4605,.F.);
#5990=ORIENTED_EDGE('',*,*,#4606,.T.);
#5991=ORIENTED_EDGE('',*,*,#4602,.F.);
#5992=ORIENTED_EDGE('',*,*,#4606,.F.);
#5993=ORIENTED_EDGE('',*,*,#4607,.T.);
#5994=ORIENTED_EDGE('',*,*,#4608,.T.);
#5995=ORIENTED_EDGE('',*,*,#4608,.F.);
#5996=ORIENTED_EDGE('',*,*,#4609,.T.);
#5997=ORIENTED_EDGE('',*,*,#4610,.T.);
#5998=ORIENTED_EDGE('',*,*,#4609,.F.);
#5999=ORIENTED_EDGE('',*,*,#4610,.F.);
#6000=ORIENTED_EDGE('',*,*,#4611,.T.);
#6001=ORIENTED_EDGE('',*,*,#4607,.F.);
#6002=ORIENTED_EDGE('',*,*,#4611,.F.);
#6003=ORIENTED_EDGE('',*,*,#4612,.T.);
#6004=ORIENTED_EDGE('',*,*,#4613,.T.);
#6005=ORIENTED_EDGE('',*,*,#4614,.F.);
#6006=ORIENTED_EDGE('',*,*,#4615,.F.);
#6007=ORIENTED_EDGE('',*,*,#4613,.F.);
#6008=ORIENTED_EDGE('',*,*,#4615,.T.);
#6009=ORIENTED_EDGE('',*,*,#4616,.T.);
#6010=ORIENTED_EDGE('',*,*,#4617,.T.);
#6011=ORIENTED_EDGE('',*,*,#4616,.F.);
#6012=ORIENTED_EDGE('',*,*,#4614,.T.);
#6013=ORIENTED_EDGE('',*,*,#4617,.F.);
#6014=ORIENTED_EDGE('',*,*,#4618,.T.);
#6015=ORIENTED_EDGE('',*,*,#4619,.T.);
#6016=ORIENTED_EDGE('',*,*,#4618,.F.);
#6017=ORIENTED_EDGE('',*,*,#4612,.F.);
#6018=ORIENTED_EDGE('',*,*,#4619,.F.);
#6019=ORIENTED_EDGE('',*,*,#4620,.T.);
#6020=ORIENTED_EDGE('',*,*,#4621,.T.);
#6021=ORIENTED_EDGE('',*,*,#4622,.F.);
#6022=ORIENTED_EDGE('',*,*,#4621,.F.);
#6023=ORIENTED_EDGE('',*,*,#4622,.T.);
#6024=ORIENTED_EDGE('',*,*,#4623,.T.);
#6025=ORIENTED_EDGE('',*,*,#4624,.T.);
#6026=ORIENTED_EDGE('',*,*,#4623,.F.);
#6027=ORIENTED_EDGE('',*,*,#4624,.F.);
#6028=ORIENTED_EDGE('',*,*,#4625,.T.);
#6029=ORIENTED_EDGE('',*,*,#4626,.T.);
#6030=ORIENTED_EDGE('',*,*,#4625,.F.);
#6031=ORIENTED_EDGE('',*,*,#4620,.F.);
#6032=ORIENTED_EDGE('',*,*,#4626,.F.);
#6033=ORIENTED_EDGE('',*,*,#4627,.T.);
#6034=ORIENTED_EDGE('',*,*,#4628,.T.);
#6035=ORIENTED_EDGE('',*,*,#4629,.F.);
#6036=ORIENTED_EDGE('',*,*,#4630,.F.);
#6037=ORIENTED_EDGE('',*,*,#4628,.F.);
#6038=ORIENTED_EDGE('',*,*,#4629,.T.);
#6039=ORIENTED_EDGE('',*,*,#4630,.T.);
#6040=ORIENTED_EDGE('',*,*,#4631,.T.);
#6041=ORIENTED_EDGE('',*,*,#4632,.T.);
#6042=ORIENTED_EDGE('',*,*,#4631,.F.);
#6043=ORIENTED_EDGE('',*,*,#4632,.F.);
#6044=ORIENTED_EDGE('',*,*,#4633,.T.);
#6045=ORIENTED_EDGE('',*,*,#4634,.T.);
#6046=ORIENTED_EDGE('',*,*,#4633,.F.);
#6047=ORIENTED_EDGE('',*,*,#4627,.F.);
#6048=ORIENTED_EDGE('',*,*,#4634,.F.);
#6049=ORIENTED_EDGE('',*,*,#4635,.T.);
#6050=ORIENTED_EDGE('',*,*,#4636,.T.);
#6051=ORIENTED_EDGE('',*,*,#4637,.T.);
#6052=ORIENTED_EDGE('',*,*,#4636,.F.);
#6053=ORIENTED_EDGE('',*,*,#4637,.F.);
#6054=ORIENTED_EDGE('',*,*,#4638,.T.);
#6055=ORIENTED_EDGE('',*,*,#4639,.F.);
#6056=ORIENTED_EDGE('',*,*,#4638,.F.);
#6057=ORIENTED_EDGE('',*,*,#4639,.T.);
#6058=ORIENTED_EDGE('',*,*,#4635,.F.);
#6059=ORIENTED_EDGE('',*,*,#4640,.T.);
#6060=ORIENTED_EDGE('',*,*,#4641,.T.);
#6061=ORIENTED_EDGE('',*,*,#4642,.T.);
#6062=ORIENTED_EDGE('',*,*,#4641,.F.);
#6063=ORIENTED_EDGE('',*,*,#4642,.F.);
#6064=ORIENTED_EDGE('',*,*,#4643,.T.);
#6065=ORIENTED_EDGE('',*,*,#4644,.F.);
#6066=ORIENTED_EDGE('',*,*,#4643,.F.);
#6067=ORIENTED_EDGE('',*,*,#4644,.T.);
#6068=ORIENTED_EDGE('',*,*,#4640,.F.);
#6069=ORIENTED_EDGE('',*,*,#4645,.T.);
#6070=ORIENTED_EDGE('',*,*,#4646,.T.);
#6071=ORIENTED_EDGE('',*,*,#4647,.T.);
#6072=ORIENTED_EDGE('',*,*,#4646,.F.);
#6073=ORIENTED_EDGE('',*,*,#4647,.F.);
#6074=ORIENTED_EDGE('',*,*,#4648,.T.);
#6075=ORIENTED_EDGE('',*,*,#4649,.F.);
#6076=ORIENTED_EDGE('',*,*,#4648,.F.);
#6077=ORIENTED_EDGE('',*,*,#4649,.T.);
#6078=ORIENTED_EDGE('',*,*,#4645,.F.);
#6079=ORIENTED_EDGE('',*,*,#4650,.T.);
#6080=ORIENTED_EDGE('',*,*,#4651,.T.);
#6081=ORIENTED_EDGE('',*,*,#4652,.F.);
#6082=ORIENTED_EDGE('',*,*,#4653,.T.);
#6083=ORIENTED_EDGE('',*,*,#4650,.F.);
#6084=ORIENTED_EDGE('',*,*,#4653,.F.);
#6085=ORIENTED_EDGE('',*,*,#4654,.F.);
#6086=ORIENTED_EDGE('',*,*,#4652,.T.);
#6087=ORIENTED_EDGE('',*,*,#4655,.T.);
#6088=ORIENTED_EDGE('',*,*,#4656,.T.);
#6089=ORIENTED_EDGE('',*,*,#4655,.F.);
#6090=ORIENTED_EDGE('',*,*,#4654,.T.);
#6091=ORIENTED_EDGE('',*,*,#4656,.F.);
#6092=ORIENTED_EDGE('',*,*,#4657,.T.);
#6093=ORIENTED_EDGE('',*,*,#4651,.F.);
#6094=ORIENTED_EDGE('',*,*,#4657,.F.);
#6095=ORIENTED_EDGE('',*,*,#4658,.T.);
#6096=ORIENTED_EDGE('',*,*,#4659,.T.);
#6097=ORIENTED_EDGE('',*,*,#4660,.T.);
#6098=ORIENTED_EDGE('',*,*,#4661,.T.);
#6099=ORIENTED_EDGE('',*,*,#4658,.F.);
#6100=ORIENTED_EDGE('',*,*,#4661,.F.);
#6101=ORIENTED_EDGE('',*,*,#4660,.F.);
#6102=ORIENTED_EDGE('',*,*,#4662,.T.);
#6103=ORIENTED_EDGE('',*,*,#4663,.T.);
#6104=ORIENTED_EDGE('',*,*,#4662,.F.);
#6105=ORIENTED_EDGE('',*,*,#4663,.F.);
#6106=ORIENTED_EDGE('',*,*,#4664,.T.);
#6107=ORIENTED_EDGE('',*,*,#4659,.F.);
#6108=ORIENTED_EDGE('',*,*,#4664,.F.);
#6109=ORIENTED_EDGE('',*,*,#4665,.T.);
#6110=ORIENTED_EDGE('',*,*,#4666,.T.);
#6111=ORIENTED_EDGE('',*,*,#4667,.F.);
#6112=ORIENTED_EDGE('',*,*,#4668,.T.);
#6113=ORIENTED_EDGE('',*,*,#4665,.F.);
#6114=ORIENTED_EDGE('',*,*,#4668,.F.);
#6115=ORIENTED_EDGE('',*,*,#4669,.F.);
#6116=ORIENTED_EDGE('',*,*,#4667,.T.);
#6117=ORIENTED_EDGE('',*,*,#4670,.T.);
#6118=ORIENTED_EDGE('',*,*,#4671,.T.);
#6119=ORIENTED_EDGE('',*,*,#4670,.F.);
#6120=ORIENTED_EDGE('',*,*,#4669,.T.);
#6121=ORIENTED_EDGE('',*,*,#4671,.F.);
#6122=ORIENTED_EDGE('',*,*,#4672,.T.);
#6123=ORIENTED_EDGE('',*,*,#4666,.F.);
#6124=ORIENTED_EDGE('',*,*,#4672,.F.);
#6125=ORIENTED_EDGE('',*,*,#4673,.T.);
#6126=ORIENTED_EDGE('',*,*,#4674,.T.);
#6127=ORIENTED_EDGE('',*,*,#4674,.F.);
#6128=ORIENTED_EDGE('',*,*,#4675,.T.);
#6129=ORIENTED_EDGE('',*,*,#4676,.T.);
#6130=ORIENTED_EDGE('',*,*,#4675,.F.);
#6131=ORIENTED_EDGE('',*,*,#4676,.F.);
#6132=ORIENTED_EDGE('',*,*,#4677,.T.);
#6133=ORIENTED_EDGE('',*,*,#4673,.F.);
#6134=ORIENTED_EDGE('',*,*,#4677,.F.);
#6135=ORIENTED_EDGE('',*,*,#4678,.T.);
#6136=ORIENTED_EDGE('',*,*,#4679,.T.);
#6137=ORIENTED_EDGE('',*,*,#4679,.F.);
#6138=ORIENTED_EDGE('',*,*,#4680,.T.);
#6139=ORIENTED_EDGE('',*,*,#4681,.T.);
#6140=ORIENTED_EDGE('',*,*,#4680,.F.);
#6141=ORIENTED_EDGE('',*,*,#4681,.F.);
#6142=ORIENTED_EDGE('',*,*,#4682,.T.);
#6143=ORIENTED_EDGE('',*,*,#4678,.F.);
#6144=ORIENTED_EDGE('',*,*,#4682,.F.);
#6145=ORIENTED_EDGE('',*,*,#4683,.T.);
#6146=ORIENTED_EDGE('',*,*,#4684,.T.);
#6147=ORIENTED_EDGE('',*,*,#4684,.F.);
#6148=ORIENTED_EDGE('',*,*,#4685,.T.);
#6149=ORIENTED_EDGE('',*,*,#4686,.T.);
#6150=ORIENTED_EDGE('',*,*,#4685,.F.);
#6151=ORIENTED_EDGE('',*,*,#4686,.F.);
#6152=ORIENTED_EDGE('',*,*,#4687,.T.);
#6153=ORIENTED_EDGE('',*,*,#4683,.F.);
#6154=ORIENTED_EDGE('',*,*,#4687,.F.);
#6155=ORIENTED_EDGE('',*,*,#4688,.T.);
#6156=ORIENTED_EDGE('',*,*,#4689,.T.);
#6157=ORIENTED_EDGE('',*,*,#4690,.F.);
#6158=ORIENTED_EDGE('',*,*,#4691,.F.);
#6159=ORIENTED_EDGE('',*,*,#4689,.F.);
#6160=ORIENTED_EDGE('',*,*,#4691,.T.);
#6161=ORIENTED_EDGE('',*,*,#4692,.T.);
#6162=ORIENTED_EDGE('',*,*,#4693,.T.);
#6163=ORIENTED_EDGE('',*,*,#4692,.F.);
#6164=ORIENTED_EDGE('',*,*,#4690,.T.);
#6165=ORIENTED_EDGE('',*,*,#4693,.F.);
#6166=ORIENTED_EDGE('',*,*,#4694,.T.);
#6167=ORIENTED_EDGE('',*,*,#4695,.T.);
#6168=ORIENTED_EDGE('',*,*,#4694,.F.);
#6169=ORIENTED_EDGE('',*,*,#4688,.F.);
#6170=ORIENTED_EDGE('',*,*,#4695,.F.);
#6171=ORIENTED_EDGE('',*,*,#4696,.T.);
#6172=ORIENTED_EDGE('',*,*,#4697,.T.);
#6173=ORIENTED_EDGE('',*,*,#4698,.F.);
#6174=ORIENTED_EDGE('',*,*,#4699,.F.);
#6175=ORIENTED_EDGE('',*,*,#4697,.F.);
#6176=ORIENTED_EDGE('',*,*,#4698,.T.);
#6177=ORIENTED_EDGE('',*,*,#4699,.T.);
#6178=ORIENTED_EDGE('',*,*,#4700,.T.);
#6179=ORIENTED_EDGE('',*,*,#4701,.T.);
#6180=ORIENTED_EDGE('',*,*,#4700,.F.);
#6181=ORIENTED_EDGE('',*,*,#4701,.F.);
#6182=ORIENTED_EDGE('',*,*,#4702,.T.);
#6183=ORIENTED_EDGE('',*,*,#4703,.T.);
#6184=ORIENTED_EDGE('',*,*,#4702,.F.);
#6185=ORIENTED_EDGE('',*,*,#4696,.F.);
#6186=ORIENTED_EDGE('',*,*,#4703,.F.);
#6187=ORIENTED_EDGE('',*,*,#4704,.T.);
#6188=ORIENTED_EDGE('',*,*,#4705,.T.);
#6189=ORIENTED_EDGE('',*,*,#4706,.F.);
#6190=ORIENTED_EDGE('',*,*,#4705,.F.);
#6191=ORIENTED_EDGE('',*,*,#4706,.T.);
#6192=ORIENTED_EDGE('',*,*,#4707,.T.);
#6193=ORIENTED_EDGE('',*,*,#4708,.T.);
#6194=ORIENTED_EDGE('',*,*,#4707,.F.);
#6195=ORIENTED_EDGE('',*,*,#4708,.F.);
#6196=ORIENTED_EDGE('',*,*,#4709,.T.);
#6197=ORIENTED_EDGE('',*,*,#4710,.T.);
#6198=ORIENTED_EDGE('',*,*,#4709,.F.);
#6199=ORIENTED_EDGE('',*,*,#4704,.F.);
#6200=ORIENTED_EDGE('',*,*,#4710,.F.);
#6201=ORIENTED_EDGE('',*,*,#4711,.T.);
#6202=ORIENTED_EDGE('',*,*,#4712,.T.);
#6203=ORIENTED_EDGE('',*,*,#4713,.T.);
#6204=ORIENTED_EDGE('',*,*,#4712,.F.);
#6205=ORIENTED_EDGE('',*,*,#4713,.F.);
#6206=ORIENTED_EDGE('',*,*,#4714,.T.);
#6207=ORIENTED_EDGE('',*,*,#4715,.F.);
#6208=ORIENTED_EDGE('',*,*,#4714,.F.);
#6209=ORIENTED_EDGE('',*,*,#4715,.T.);
#6210=ORIENTED_EDGE('',*,*,#4711,.F.);
#6211=ORIENTED_EDGE('',*,*,#4716,.T.);
#6212=ORIENTED_EDGE('',*,*,#4717,.T.);
#6213=ORIENTED_EDGE('',*,*,#4718,.T.);
#6214=ORIENTED_EDGE('',*,*,#4717,.F.);
#6215=ORIENTED_EDGE('',*,*,#4718,.F.);
#6216=ORIENTED_EDGE('',*,*,#4719,.T.);
#6217=ORIENTED_EDGE('',*,*,#4720,.F.);
#6218=ORIENTED_EDGE('',*,*,#4719,.F.);
#6219=ORIENTED_EDGE('',*,*,#4720,.T.);
#6220=ORIENTED_EDGE('',*,*,#4716,.F.);
#6221=ORIENTED_EDGE('',*,*,#4721,.F.);
#6222=ORIENTED_EDGE('',*,*,#4722,.T.);
#6223=ORIENTED_EDGE('',*,*,#4723,.F.);
#6224=ORIENTED_EDGE('',*,*,#4722,.F.);
#6225=ORIENTED_EDGE('',*,*,#4724,.F.);
#6226=ORIENTED_EDGE('',*,*,#4721,.T.);
#6227=ORIENTED_EDGE('',*,*,#4725,.T.);
#6228=ORIENTED_EDGE('',*,*,#4726,.T.);
#6229=ORIENTED_EDGE('',*,*,#4725,.F.);
#6230=ORIENTED_EDGE('',*,*,#4724,.T.);
#6231=ORIENTED_EDGE('',*,*,#4726,.F.);
#6232=ORIENTED_EDGE('',*,*,#4727,.T.);
#6233=ORIENTED_EDGE('',*,*,#4728,.T.);
#6234=ORIENTED_EDGE('',*,*,#4727,.F.);
#6235=ORIENTED_EDGE('',*,*,#4723,.T.);
#6236=ORIENTED_EDGE('',*,*,#4728,.F.);
#6237=ORIENTED_EDGE('',*,*,#4729,.F.);
#6238=ORIENTED_EDGE('',*,*,#4730,.T.);
#6239=ORIENTED_EDGE('',*,*,#4731,.F.);
#6240=ORIENTED_EDGE('',*,*,#4730,.F.);
#6241=ORIENTED_EDGE('',*,*,#4732,.F.);
#6242=ORIENTED_EDGE('',*,*,#4729,.T.);
#6243=ORIENTED_EDGE('',*,*,#4733,.T.);
#6244=ORIENTED_EDGE('',*,*,#4734,.T.);
#6245=ORIENTED_EDGE('',*,*,#4733,.F.);
#6246=ORIENTED_EDGE('',*,*,#4732,.T.);
#6247=ORIENTED_EDGE('',*,*,#4734,.F.);
#6248=ORIENTED_EDGE('',*,*,#4735,.T.);
#6249=ORIENTED_EDGE('',*,*,#4736,.T.);
#6250=ORIENTED_EDGE('',*,*,#4735,.F.);
#6251=ORIENTED_EDGE('',*,*,#4731,.T.);
#6252=ORIENTED_EDGE('',*,*,#4736,.F.);
#6253=ORIENTED_EDGE('',*,*,#4737,.T.);
#6254=ORIENTED_EDGE('',*,*,#4738,.T.);
#6255=ORIENTED_EDGE('',*,*,#4738,.F.);
#6256=ORIENTED_EDGE('',*,*,#4739,.T.);
#6257=ORIENTED_EDGE('',*,*,#4740,.T.);
#6258=ORIENTED_EDGE('',*,*,#4741,.T.);
#6259=ORIENTED_EDGE('',*,*,#4739,.F.);
#6260=ORIENTED_EDGE('',*,*,#4742,.F.);
#6261=ORIENTED_EDGE('',*,*,#4743,.T.);
#6262=ORIENTED_EDGE('',*,*,#4744,.T.);
#6263=ORIENTED_EDGE('',*,*,#4743,.F.);
#6264=ORIENTED_EDGE('',*,*,#4744,.F.);
#6265=ORIENTED_EDGE('',*,*,#4745,.T.);
#6266=ORIENTED_EDGE('',*,*,#4737,.F.);
#6267=ORIENTED_EDGE('',*,*,#4745,.F.);
#6268=ORIENTED_EDGE('',*,*,#4740,.F.);
#6269=ORIENTED_EDGE('',*,*,#4741,.F.);
#6270=ORIENTED_EDGE('',*,*,#4746,.T.);
#6271=ORIENTED_EDGE('',*,*,#4742,.T.);
#6272=ORIENTED_EDGE('',*,*,#4746,.F.);
#6273=ORIENTED_EDGE('',*,*,#4747,.F.);
#6274=ORIENTED_EDGE('',*,*,#4748,.F.);
#6275=ORIENTED_EDGE('',*,*,#4749,.F.);
#6276=ORIENTED_EDGE('',*,*,#4750,.F.);
#6277=ORIENTED_EDGE('',*,*,#4751,.F.);
#6278=ORIENTED_EDGE('',*,*,#4752,.F.);
#6279=ORIENTED_EDGE('',*,*,#4753,.F.);
#6280=ORIENTED_EDGE('',*,*,#4754,.F.);
#6281=ORIENTED_EDGE('',*,*,#4755,.F.);
#6282=ORIENTED_EDGE('',*,*,#4756,.F.);
#6283=ORIENTED_EDGE('',*,*,#4757,.F.);
#6284=ORIENTED_EDGE('',*,*,#4758,.F.);
#6285=ORIENTED_EDGE('',*,*,#4759,.T.);
#6286=ORIENTED_EDGE('',*,*,#4760,.T.);
#6287=ORIENTED_EDGE('',*,*,#4761,.T.);
#6288=ORIENTED_EDGE('',*,*,#4762,.T.);
#6289=ORIENTED_EDGE('',*,*,#4763,.T.);
#6290=ORIENTED_EDGE('',*,*,#4764,.T.);
#6291=ORIENTED_EDGE('',*,*,#4765,.F.);
#6292=ORIENTED_EDGE('',*,*,#4766,.T.);
#6293=ORIENTED_EDGE('',*,*,#4767,.F.);
#6294=ORIENTED_EDGE('',*,*,#4768,.T.);
#6295=ORIENTED_EDGE('',*,*,#4769,.F.);
#6296=ORIENTED_EDGE('',*,*,#4770,.T.);
#6297=ORIENTED_EDGE('',*,*,#4771,.F.);
#6298=ORIENTED_EDGE('',*,*,#4772,.T.);
#6299=ORIENTED_EDGE('',*,*,#4773,.F.);
#6300=ORIENTED_EDGE('',*,*,#4774,.T.);
#6301=ORIENTED_EDGE('',*,*,#4775,.F.);
#6302=ORIENTED_EDGE('',*,*,#4776,.T.);
#6303=ORIENTED_EDGE('',*,*,#4777,.F.);
#6304=ORIENTED_EDGE('',*,*,#4778,.T.);
#6305=ORIENTED_EDGE('',*,*,#4779,.F.);
#6306=ORIENTED_EDGE('',*,*,#4780,.T.);
#6307=ORIENTED_EDGE('',*,*,#4781,.F.);
#6308=ORIENTED_EDGE('',*,*,#4782,.T.);
#6309=ORIENTED_EDGE('',*,*,#4783,.F.);
#6310=ORIENTED_EDGE('',*,*,#4784,.T.);
#6311=ORIENTED_EDGE('',*,*,#4785,.F.);
#6312=ORIENTED_EDGE('',*,*,#4786,.T.);
#6313=ORIENTED_EDGE('',*,*,#4787,.F.);
#6314=ORIENTED_EDGE('',*,*,#4788,.T.);
#6315=ORIENTED_EDGE('',*,*,#4789,.F.);
#6316=ORIENTED_EDGE('',*,*,#4790,.T.);
#6317=ORIENTED_EDGE('',*,*,#4791,.F.);
#6318=ORIENTED_EDGE('',*,*,#4792,.T.);
#6319=ORIENTED_EDGE('',*,*,#4793,.F.);
#6320=ORIENTED_EDGE('',*,*,#4794,.T.);
#6321=ORIENTED_EDGE('',*,*,#4795,.F.);
#6322=ORIENTED_EDGE('',*,*,#4796,.T.);
#6323=ORIENTED_EDGE('',*,*,#4797,.F.);
#6324=ORIENTED_EDGE('',*,*,#4798,.T.);
#6325=ORIENTED_EDGE('',*,*,#4799,.F.);
#6326=ORIENTED_EDGE('',*,*,#4800,.T.);
#6327=ORIENTED_EDGE('',*,*,#4801,.T.);
#6328=ORIENTED_EDGE('',*,*,#4802,.T.);
#6329=ORIENTED_EDGE('',*,*,#4803,.T.);
#6330=ORIENTED_EDGE('',*,*,#4804,.T.);
#6331=ORIENTED_EDGE('',*,*,#4805,.T.);
#6332=ORIENTED_EDGE('',*,*,#4806,.T.);
#6333=ORIENTED_EDGE('',*,*,#4807,.T.);
#6334=ORIENTED_EDGE('',*,*,#4808,.T.);
#6335=ORIENTED_EDGE('',*,*,#4809,.T.);
#6336=ORIENTED_EDGE('',*,*,#4810,.T.);
#6337=ORIENTED_EDGE('',*,*,#4811,.T.);
#6338=ORIENTED_EDGE('',*,*,#4812,.T.);
#6339=ORIENTED_EDGE('',*,*,#4813,.T.);
#6340=ORIENTED_EDGE('',*,*,#4813,.F.);
#6341=ORIENTED_EDGE('',*,*,#4814,.T.);
#6342=ORIENTED_EDGE('',*,*,#4815,.F.);
#6343=ORIENTED_EDGE('',*,*,#4814,.F.);
#6344=ORIENTED_EDGE('',*,*,#4816,.F.);
#6345=ORIENTED_EDGE('',*,*,#4817,.F.);
#6346=ORIENTED_EDGE('',*,*,#4815,.T.);
#6347=ORIENTED_EDGE('',*,*,#4818,.T.);
#6348=ORIENTED_EDGE('',*,*,#4819,.T.);
#6349=ORIENTED_EDGE('',*,*,#4820,.T.);
#6350=ORIENTED_EDGE('',*,*,#4821,.T.);
#6351=ORIENTED_EDGE('',*,*,#4748,.T.);
#6352=ORIENTED_EDGE('',*,*,#4822,.F.);
#6353=ORIENTED_EDGE('',*,*,#4818,.F.);
#6354=ORIENTED_EDGE('',*,*,#4823,.T.);
#6355=ORIENTED_EDGE('',*,*,#4751,.T.);
#6356=ORIENTED_EDGE('',*,*,#4824,.F.);
#6357=ORIENTED_EDGE('',*,*,#4819,.F.);
#6358=ORIENTED_EDGE('',*,*,#4822,.T.);
#6359=ORIENTED_EDGE('',*,*,#4750,.T.);
#6360=ORIENTED_EDGE('',*,*,#4825,.F.);
#6361=ORIENTED_EDGE('',*,*,#4820,.F.);
#6362=ORIENTED_EDGE('',*,*,#4824,.T.);
#6363=ORIENTED_EDGE('',*,*,#4826,.F.);
#6364=ORIENTED_EDGE('',*,*,#4747,.T.);
#6365=ORIENTED_EDGE('',*,*,#4827,.T.);
#6366=ORIENTED_EDGE('',*,*,#4758,.T.);
#6367=ORIENTED_EDGE('',*,*,#4827,.F.);
#6368=ORIENTED_EDGE('',*,*,#4749,.T.);
#6369=ORIENTED_EDGE('',*,*,#4823,.F.);
#6370=ORIENTED_EDGE('',*,*,#4821,.F.);
#6371=ORIENTED_EDGE('',*,*,#4825,.T.);
#6372=ORIENTED_EDGE('',*,*,#4826,.T.);
#6373=ORIENTED_EDGE('',*,*,#4828,.T.);
#6374=ORIENTED_EDGE('',*,*,#4817,.T.);
#6375=ORIENTED_EDGE('',*,*,#4816,.T.);
#6376=ORIENTED_EDGE('',*,*,#4828,.F.);
#6377=ORIENTED_EDGE('',*,*,#4829,.T.);
#6378=ORIENTED_EDGE('',*,*,#4830,.F.);
#6379=ORIENTED_EDGE('',*,*,#4831,.F.);
#6380=ORIENTED_EDGE('',*,*,#4832,.T.);
#6381=ORIENTED_EDGE('',*,*,#4829,.F.);
#6382=ORIENTED_EDGE('',*,*,#4832,.F.);
#6383=ORIENTED_EDGE('',*,*,#4833,.F.);
#6384=ORIENTED_EDGE('',*,*,#4834,.F.);
#6385=ORIENTED_EDGE('',*,*,#4835,.F.);
#6386=ORIENTED_EDGE('',*,*,#4836,.F.);
#6387=ORIENTED_EDGE('',*,*,#4837,.T.);
#6388=ORIENTED_EDGE('',*,*,#4830,.T.);
#6389=ORIENTED_EDGE('',*,*,#4838,.F.);
#6390=ORIENTED_EDGE('',*,*,#4812,.F.);
#6391=ORIENTED_EDGE('',*,*,#4839,.T.);
#6392=ORIENTED_EDGE('',*,*,#4831,.T.);
#6393=ORIENTED_EDGE('',*,*,#4837,.F.);
#6394=ORIENTED_EDGE('',*,*,#4811,.F.);
#6395=ORIENTED_EDGE('',*,*,#4840,.T.);
#6396=ORIENTED_EDGE('',*,*,#4833,.T.);
#6397=ORIENTED_EDGE('',*,*,#4839,.F.);
#6398=ORIENTED_EDGE('',*,*,#4810,.F.);
#6399=ORIENTED_EDGE('',*,*,#4841,.T.);
#6400=ORIENTED_EDGE('',*,*,#4834,.T.);
#6401=ORIENTED_EDGE('',*,*,#4840,.F.);
#6402=ORIENTED_EDGE('',*,*,#4809,.F.);
#6403=ORIENTED_EDGE('',*,*,#4842,.T.);
#6404=ORIENTED_EDGE('',*,*,#4835,.T.);
#6405=ORIENTED_EDGE('',*,*,#4841,.F.);
#6406=ORIENTED_EDGE('',*,*,#4808,.F.);
#6407=ORIENTED_EDGE('',*,*,#4838,.T.);
#6408=ORIENTED_EDGE('',*,*,#4836,.T.);
#6409=ORIENTED_EDGE('',*,*,#4842,.F.);
#6410=ORIENTED_EDGE('',*,*,#4807,.F.);
#6411=ORIENTED_EDGE('',*,*,#4843,.T.);
#6412=ORIENTED_EDGE('',*,*,#4844,.F.);
#6413=ORIENTED_EDGE('',*,*,#4845,.F.);
#6414=ORIENTED_EDGE('',*,*,#4846,.T.);
#6415=ORIENTED_EDGE('',*,*,#4843,.F.);
#6416=ORIENTED_EDGE('',*,*,#4846,.F.);
#6417=ORIENTED_EDGE('',*,*,#4847,.F.);
#6418=ORIENTED_EDGE('',*,*,#4848,.F.);
#6419=ORIENTED_EDGE('',*,*,#4849,.F.);
#6420=ORIENTED_EDGE('',*,*,#4850,.F.);
#6421=ORIENTED_EDGE('',*,*,#4851,.T.);
#6422=ORIENTED_EDGE('',*,*,#4844,.T.);
#6423=ORIENTED_EDGE('',*,*,#4852,.F.);
#6424=ORIENTED_EDGE('',*,*,#4764,.F.);
#6425=ORIENTED_EDGE('',*,*,#4853,.T.);
#6426=ORIENTED_EDGE('',*,*,#4845,.T.);
#6427=ORIENTED_EDGE('',*,*,#4851,.F.);
#6428=ORIENTED_EDGE('',*,*,#4763,.F.);
#6429=ORIENTED_EDGE('',*,*,#4854,.T.);
#6430=ORIENTED_EDGE('',*,*,#4847,.T.);
#6431=ORIENTED_EDGE('',*,*,#4853,.F.);
#6432=ORIENTED_EDGE('',*,*,#4762,.F.);
#6433=ORIENTED_EDGE('',*,*,#4855,.T.);
#6434=ORIENTED_EDGE('',*,*,#4848,.T.);
#6435=ORIENTED_EDGE('',*,*,#4854,.F.);
#6436=ORIENTED_EDGE('',*,*,#4761,.F.);
#6437=ORIENTED_EDGE('',*,*,#4856,.T.);
#6438=ORIENTED_EDGE('',*,*,#4849,.T.);
#6439=ORIENTED_EDGE('',*,*,#4855,.F.);
#6440=ORIENTED_EDGE('',*,*,#4760,.F.);
#6441=ORIENTED_EDGE('',*,*,#4852,.T.);
#6442=ORIENTED_EDGE('',*,*,#4850,.T.);
#6443=ORIENTED_EDGE('',*,*,#4856,.F.);
#6444=ORIENTED_EDGE('',*,*,#4759,.F.);
#6445=ORIENTED_EDGE('',*,*,#4857,.T.);
#6446=ORIENTED_EDGE('',*,*,#4858,.F.);
#6447=ORIENTED_EDGE('',*,*,#4859,.F.);
#6448=ORIENTED_EDGE('',*,*,#4860,.T.);
#6449=ORIENTED_EDGE('',*,*,#4857,.F.);
#6450=ORIENTED_EDGE('',*,*,#4860,.F.);
#6451=ORIENTED_EDGE('',*,*,#4861,.F.);
#6452=ORIENTED_EDGE('',*,*,#4862,.F.);
#6453=ORIENTED_EDGE('',*,*,#4863,.F.);
#6454=ORIENTED_EDGE('',*,*,#4864,.F.);
#6455=ORIENTED_EDGE('',*,*,#4865,.T.);
#6456=ORIENTED_EDGE('',*,*,#4858,.T.);
#6457=ORIENTED_EDGE('',*,*,#4866,.F.);
#6458=ORIENTED_EDGE('',*,*,#4806,.F.);
#6459=ORIENTED_EDGE('',*,*,#4867,.T.);
#6460=ORIENTED_EDGE('',*,*,#4859,.T.);
#6461=ORIENTED_EDGE('',*,*,#4865,.F.);
#6462=ORIENTED_EDGE('',*,*,#4805,.F.);
#6463=ORIENTED_EDGE('',*,*,#4868,.T.);
#6464=ORIENTED_EDGE('',*,*,#4861,.T.);
#6465=ORIENTED_EDGE('',*,*,#4867,.F.);
#6466=ORIENTED_EDGE('',*,*,#4804,.F.);
#6467=ORIENTED_EDGE('',*,*,#4869,.T.);
#6468=ORIENTED_EDGE('',*,*,#4862,.T.);
#6469=ORIENTED_EDGE('',*,*,#4868,.F.);
#6470=ORIENTED_EDGE('',*,*,#4803,.F.);
#6471=ORIENTED_EDGE('',*,*,#4870,.T.);
#6472=ORIENTED_EDGE('',*,*,#4863,.T.);
#6473=ORIENTED_EDGE('',*,*,#4869,.F.);
#6474=ORIENTED_EDGE('',*,*,#4802,.F.);
#6475=ORIENTED_EDGE('',*,*,#4866,.T.);
#6476=ORIENTED_EDGE('',*,*,#4864,.T.);
#6477=ORIENTED_EDGE('',*,*,#4870,.F.);
#6478=ORIENTED_EDGE('',*,*,#4801,.F.);
#6479=ORIENTED_EDGE('',*,*,#4871,.T.);
#6480=ORIENTED_EDGE('',*,*,#4872,.T.);
#6481=ORIENTED_EDGE('',*,*,#4873,.T.);
#6482=ORIENTED_EDGE('',*,*,#4872,.F.);
#6483=ORIENTED_EDGE('',*,*,#4874,.T.);
#6484=ORIENTED_EDGE('',*,*,#4873,.F.);
#6485=ORIENTED_EDGE('',*,*,#4875,.T.);
#6486=ORIENTED_EDGE('',*,*,#4876,.T.);
#6487=ORIENTED_EDGE('',*,*,#4875,.F.);
#6488=ORIENTED_EDGE('',*,*,#4876,.F.);
#6489=ORIENTED_EDGE('',*,*,#4877,.T.);
#6490=ORIENTED_EDGE('',*,*,#4877,.F.);
#6491=ORIENTED_EDGE('',*,*,#4878,.T.);
#6492=ORIENTED_EDGE('',*,*,#4879,.T.);
#6493=ORIENTED_EDGE('',*,*,#4878,.F.);
#6494=ORIENTED_EDGE('',*,*,#4879,.F.);
#6495=ORIENTED_EDGE('',*,*,#4871,.F.);
#6496=ORIENTED_EDGE('',*,*,#4880,.T.);
#6497=ORIENTED_EDGE('',*,*,#4881,.F.);
#6498=ORIENTED_EDGE('',*,*,#4880,.F.);
#6499=ORIENTED_EDGE('',*,*,#4874,.F.);
#6500=ORIENTED_EDGE('',*,*,#4882,.T.);
#6501=ORIENTED_EDGE('',*,*,#4883,.T.);
#6502=ORIENTED_EDGE('',*,*,#4884,.T.);
#6503=ORIENTED_EDGE('',*,*,#4885,.T.);
#6504=ORIENTED_EDGE('',*,*,#4886,.T.);
#6505=ORIENTED_EDGE('',*,*,#4887,.T.);
#6506=ORIENTED_EDGE('',*,*,#4888,.T.);
#6507=ORIENTED_EDGE('',*,*,#4889,.F.);
#6508=ORIENTED_EDGE('',*,*,#4890,.T.);
#6509=ORIENTED_EDGE('',*,*,#4891,.T.);
#6510=ORIENTED_EDGE('',*,*,#4892,.T.);
#6511=ORIENTED_EDGE('',*,*,#4893,.T.);
#6512=ORIENTED_EDGE('',*,*,#4894,.T.);
#6513=ORIENTED_EDGE('',*,*,#4895,.T.);
#6514=ORIENTED_EDGE('',*,*,#4896,.T.);
#6515=ORIENTED_EDGE('',*,*,#4897,.T.);
#6516=ORIENTED_EDGE('',*,*,#4898,.T.);
#6517=ORIENTED_EDGE('',*,*,#4899,.T.);
#6518=ORIENTED_EDGE('',*,*,#4900,.T.);
#6519=ORIENTED_EDGE('',*,*,#4901,.F.);
#6520=ORIENTED_EDGE('',*,*,#4902,.T.);
#6521=ORIENTED_EDGE('',*,*,#4903,.T.);
#6522=ORIENTED_EDGE('',*,*,#4904,.F.);
#6523=ORIENTED_EDGE('',*,*,#4905,.T.);
#6524=ORIENTED_EDGE('',*,*,#4906,.T.);
#6525=ORIENTED_EDGE('',*,*,#4907,.F.);
#6526=ORIENTED_EDGE('',*,*,#4908,.T.);
#6527=ORIENTED_EDGE('',*,*,#4909,.T.);
#6528=ORIENTED_EDGE('',*,*,#4910,.F.);
#6529=ORIENTED_EDGE('',*,*,#4911,.T.);
#6530=ORIENTED_EDGE('',*,*,#4912,.T.);
#6531=ORIENTED_EDGE('',*,*,#4913,.T.);
#6532=ORIENTED_EDGE('',*,*,#4914,.F.);
#6533=ORIENTED_EDGE('',*,*,#4915,.T.);
#6534=ORIENTED_EDGE('',*,*,#4916,.F.);
#6535=ORIENTED_EDGE('',*,*,#4917,.T.);
#6536=ORIENTED_EDGE('',*,*,#4884,.F.);
#6537=ORIENTED_EDGE('',*,*,#4918,.T.);
#6538=ORIENTED_EDGE('',*,*,#4899,.F.);
#6539=ORIENTED_EDGE('',*,*,#4919,.T.);
#6540=ORIENTED_EDGE('',*,*,#4896,.F.);
#6541=ORIENTED_EDGE('',*,*,#4920,.T.);
#6542=ORIENTED_EDGE('',*,*,#4893,.F.);
#6543=ORIENTED_EDGE('',*,*,#4921,.T.);
#6544=ORIENTED_EDGE('',*,*,#4889,.T.);
#6545=ORIENTED_EDGE('',*,*,#4922,.T.);
#6546=ORIENTED_EDGE('',*,*,#4887,.F.);
#6547=ORIENTED_EDGE('',*,*,#4923,.T.);
#6548=ORIENTED_EDGE('',*,*,#4881,.T.);
#6549=ORIENTED_EDGE('',*,*,#4892,.F.);
#6550=ORIENTED_EDGE('',*,*,#4924,.T.);
#6551=ORIENTED_EDGE('',*,*,#4917,.F.);
#6552=ORIENTED_EDGE('',*,*,#4925,.T.);
#6553=ORIENTED_EDGE('',*,*,#4913,.F.);
#6554=ORIENTED_EDGE('',*,*,#4926,.F.);
#6555=ORIENTED_EDGE('',*,*,#4890,.F.);
#6556=ORIENTED_EDGE('',*,*,#4921,.F.);
#6557=ORIENTED_EDGE('',*,*,#4895,.F.);
#6558=ORIENTED_EDGE('',*,*,#4927,.T.);
#6559=ORIENTED_EDGE('',*,*,#4911,.F.);
#6560=ORIENTED_EDGE('',*,*,#4928,.T.);
#6561=ORIENTED_EDGE('',*,*,#4915,.F.);
#6562=ORIENTED_EDGE('',*,*,#4924,.F.);
#6563=ORIENTED_EDGE('',*,*,#4891,.F.);
#6564=ORIENTED_EDGE('',*,*,#4920,.F.);
#6565=ORIENTED_EDGE('',*,*,#4898,.F.);
#6566=ORIENTED_EDGE('',*,*,#4929,.T.);
#6567=ORIENTED_EDGE('',*,*,#4908,.F.);
#6568=ORIENTED_EDGE('',*,*,#4930,.T.);
#6569=ORIENTED_EDGE('',*,*,#4909,.F.);
#6570=ORIENTED_EDGE('',*,*,#4927,.F.);
#6571=ORIENTED_EDGE('',*,*,#4894,.F.);
#6572=ORIENTED_EDGE('',*,*,#4919,.F.);
#6573=ORIENTED_EDGE('',*,*,#4883,.F.);
#6574=ORIENTED_EDGE('',*,*,#4931,.T.);
#6575=ORIENTED_EDGE('',*,*,#4905,.F.);
#6576=ORIENTED_EDGE('',*,*,#4932,.T.);
#6577=ORIENTED_EDGE('',*,*,#4906,.F.);
#6578=ORIENTED_EDGE('',*,*,#4929,.F.);
#6579=ORIENTED_EDGE('',*,*,#4897,.F.);
#6580=ORIENTED_EDGE('',*,*,#4918,.F.);
#6581=ORIENTED_EDGE('',*,*,#4886,.F.);
#6582=ORIENTED_EDGE('',*,*,#4933,.T.);
#6583=ORIENTED_EDGE('',*,*,#4902,.F.);
#6584=ORIENTED_EDGE('',*,*,#4934,.T.);
#6585=ORIENTED_EDGE('',*,*,#4903,.F.);
#6586=ORIENTED_EDGE('',*,*,#4931,.F.);
#6587=ORIENTED_EDGE('',*,*,#4882,.F.);
#6588=ORIENTED_EDGE('',*,*,#4923,.F.);
#6589=ORIENTED_EDGE('',*,*,#4888,.F.);
#6590=ORIENTED_EDGE('',*,*,#4926,.T.);
#6591=ORIENTED_EDGE('',*,*,#4912,.F.);
#6592=ORIENTED_EDGE('',*,*,#4935,.T.);
#6593=ORIENTED_EDGE('',*,*,#4900,.F.);
#6594=ORIENTED_EDGE('',*,*,#4933,.F.);
#6595=ORIENTED_EDGE('',*,*,#4885,.F.);
#6596=ORIENTED_EDGE('',*,*,#4922,.F.);
#6597=ORIENTED_EDGE('',*,*,#4936,.F.);
#6598=ORIENTED_EDGE('',*,*,#4937,.T.);
#6599=ORIENTED_EDGE('',*,*,#4938,.F.);
#6600=ORIENTED_EDGE('',*,*,#4939,.T.);
#6601=ORIENTED_EDGE('',*,*,#4940,.F.);
#6602=ORIENTED_EDGE('',*,*,#4941,.F.);
#6603=ORIENTED_EDGE('',*,*,#4942,.F.);
#6604=ORIENTED_EDGE('',*,*,#4943,.F.);
#6605=ORIENTED_EDGE('',*,*,#4944,.T.);
#6606=ORIENTED_EDGE('',*,*,#4945,.F.);
#6607=ORIENTED_EDGE('',*,*,#4938,.T.);
#6608=ORIENTED_EDGE('',*,*,#4946,.F.);
#6609=ORIENTED_EDGE('',*,*,#4947,.T.);
#6610=ORIENTED_EDGE('',*,*,#4948,.F.);
#6611=ORIENTED_EDGE('',*,*,#4949,.T.);
#6612=ORIENTED_EDGE('',*,*,#4944,.F.);
#6613=ORIENTED_EDGE('',*,*,#4937,.F.);
#6614=ORIENTED_EDGE('',*,*,#4950,.F.);
#6615=ORIENTED_EDGE('',*,*,#4951,.F.);
#6616=ORIENTED_EDGE('',*,*,#4952,.T.);
#6617=ORIENTED_EDGE('',*,*,#4953,.F.);
#6618=ORIENTED_EDGE('',*,*,#4948,.T.);
#6619=ORIENTED_EDGE('',*,*,#4954,.F.);
#6620=ORIENTED_EDGE('',*,*,#4955,.T.);
#6621=ORIENTED_EDGE('',*,*,#4956,.F.);
#6622=ORIENTED_EDGE('',*,*,#4957,.T.);
#6623=ORIENTED_EDGE('',*,*,#4952,.F.);
#6624=ORIENTED_EDGE('',*,*,#4947,.F.);
#6625=ORIENTED_EDGE('',*,*,#4958,.F.);
#6626=ORIENTED_EDGE('',*,*,#4959,.F.);
#6627=ORIENTED_EDGE('',*,*,#4956,.T.);
#6628=ORIENTED_EDGE('',*,*,#4960,.T.);
#6629=ORIENTED_EDGE('',*,*,#4961,.F.);
#6630=ORIENTED_EDGE('',*,*,#4962,.F.);
#6631=ORIENTED_EDGE('',*,*,#4963,.T.);
#6632=ORIENTED_EDGE('',*,*,#4964,.F.);
#6633=ORIENTED_EDGE('',*,*,#4965,.T.);
#6634=ORIENTED_EDGE('',*,*,#4960,.F.);
#6635=ORIENTED_EDGE('',*,*,#4955,.F.);
#6636=ORIENTED_EDGE('',*,*,#4966,.F.);
#6637=ORIENTED_EDGE('',*,*,#4967,.F.);
#6638=ORIENTED_EDGE('',*,*,#4968,.T.);
#6639=ORIENTED_EDGE('',*,*,#4969,.F.);
#6640=ORIENTED_EDGE('',*,*,#4964,.T.);
#6641=ORIENTED_EDGE('',*,*,#4970,.F.);
#6642=ORIENTED_EDGE('',*,*,#4971,.T.);
#6643=ORIENTED_EDGE('',*,*,#4972,.F.);
#6644=ORIENTED_EDGE('',*,*,#4973,.T.);
#6645=ORIENTED_EDGE('',*,*,#4968,.F.);
#6646=ORIENTED_EDGE('',*,*,#4963,.F.);
#6647=ORIENTED_EDGE('',*,*,#4974,.F.);
#6648=ORIENTED_EDGE('',*,*,#4975,.F.);
#6649=ORIENTED_EDGE('',*,*,#4976,.T.);
#6650=ORIENTED_EDGE('',*,*,#4977,.F.);
#6651=ORIENTED_EDGE('',*,*,#4972,.T.);
#6652=ORIENTED_EDGE('',*,*,#4978,.F.);
#6653=ORIENTED_EDGE('',*,*,#4941,.T.);
#6654=ORIENTED_EDGE('',*,*,#4979,.F.);
#6655=ORIENTED_EDGE('',*,*,#4980,.T.);
#6656=ORIENTED_EDGE('',*,*,#4976,.F.);
#6657=ORIENTED_EDGE('',*,*,#4971,.F.);
#6658=ORIENTED_EDGE('',*,*,#4981,.F.);
#6659=ORIENTED_EDGE('',*,*,#4982,.F.);
#6660=ORIENTED_EDGE('',*,*,#4940,.T.);
#6661=ORIENTED_EDGE('',*,*,#4983,.F.);
#6662=ORIENTED_EDGE('',*,*,#4979,.T.);
#6663=ORIENTED_EDGE('',*,*,#4942,.T.);
#6664=ORIENTED_EDGE('',*,*,#4978,.T.);
#6665=ORIENTED_EDGE('',*,*,#4984,.T.);
#6666=ORIENTED_EDGE('',*,*,#4981,.T.);
#6667=ORIENTED_EDGE('',*,*,#4970,.T.);
#6668=ORIENTED_EDGE('',*,*,#4985,.T.);
#6669=ORIENTED_EDGE('',*,*,#4986,.F.);
#6670=ORIENTED_EDGE('',*,*,#4943,.T.);
#6671=ORIENTED_EDGE('',*,*,#4984,.F.);
#6672=ORIENTED_EDGE('',*,*,#4982,.T.);
#6673=ORIENTED_EDGE('',*,*,#4985,.F.);
#6674=ORIENTED_EDGE('',*,*,#4975,.T.);
#6675=ORIENTED_EDGE('',*,*,#4987,.F.);
#6676=ORIENTED_EDGE('',*,*,#4967,.T.);
#6677=ORIENTED_EDGE('',*,*,#4988,.T.);
#6678=ORIENTED_EDGE('',*,*,#4959,.T.);
#6679=ORIENTED_EDGE('',*,*,#4989,.F.);
#6680=ORIENTED_EDGE('',*,*,#4951,.T.);
#6681=ORIENTED_EDGE('',*,*,#4990,.T.);
#6682=ORIENTED_EDGE('',*,*,#4974,.T.);
#6683=ORIENTED_EDGE('',*,*,#4962,.T.);
#6684=ORIENTED_EDGE('',*,*,#4987,.T.);
#6685=ORIENTED_EDGE('',*,*,#4954,.T.);
#6686=ORIENTED_EDGE('',*,*,#4988,.F.);
#6687=ORIENTED_EDGE('',*,*,#4966,.T.);
#6688=ORIENTED_EDGE('',*,*,#4958,.T.);
#6689=ORIENTED_EDGE('',*,*,#4946,.T.);
#6690=ORIENTED_EDGE('',*,*,#4989,.T.);
#6691=ORIENTED_EDGE('',*,*,#4950,.T.);
#6692=ORIENTED_EDGE('',*,*,#4936,.T.);
#6693=ORIENTED_EDGE('',*,*,#4986,.T.);
#6694=ORIENTED_EDGE('',*,*,#4991,.F.);
#6695=ORIENTED_EDGE('',*,*,#4992,.T.);
#6696=ORIENTED_EDGE('',*,*,#4990,.F.);
#6697=ORIENTED_EDGE('',*,*,#4992,.F.);
#6698=ORIENTED_EDGE('',*,*,#4993,.F.);
#6699=ORIENTED_EDGE('',*,*,#4991,.T.);
#6700=ORIENTED_EDGE('',*,*,#4994,.T.);
#6701=ORIENTED_EDGE('',*,*,#4995,.T.);
#6702=ORIENTED_EDGE('',*,*,#4994,.F.);
#6703=ORIENTED_EDGE('',*,*,#4993,.T.);
#6704=ORIENTED_EDGE('',*,*,#4995,.F.);
#6705=ORIENTED_EDGE('',*,*,#4996,.T.);
#6706=ORIENTED_EDGE('',*,*,#4997,.T.);
#6707=ORIENTED_EDGE('',*,*,#4996,.F.);
#6708=ORIENTED_EDGE('',*,*,#4997,.F.);
#6709=ORIENTED_EDGE('',*,*,#4998,.T.);
#6710=ORIENTED_EDGE('',*,*,#4998,.F.);
#6711=ORIENTED_EDGE('',*,*,#4999,.T.);
#6712=ORIENTED_EDGE('',*,*,#5000,.T.);
#6713=ORIENTED_EDGE('',*,*,#4999,.F.);
#6714=ORIENTED_EDGE('',*,*,#5000,.F.);
#6715=ORIENTED_EDGE('',*,*,#5001,.F.);
#6716=ORIENTED_EDGE('',*,*,#5002,.T.);
#6717=ORIENTED_EDGE('',*,*,#5003,.F.);
#6718=ORIENTED_EDGE('',*,*,#5004,.T.);
#6719=ORIENTED_EDGE('',*,*,#5005,.F.);
#6720=ORIENTED_EDGE('',*,*,#5006,.F.);
#6721=ORIENTED_EDGE('',*,*,#5007,.F.);
#6722=ORIENTED_EDGE('',*,*,#5008,.F.);
#6723=ORIENTED_EDGE('',*,*,#5009,.T.);
#6724=ORIENTED_EDGE('',*,*,#5010,.F.);
#6725=ORIENTED_EDGE('',*,*,#5003,.T.);
#6726=ORIENTED_EDGE('',*,*,#5011,.F.);
#6727=ORIENTED_EDGE('',*,*,#5012,.T.);
#6728=ORIENTED_EDGE('',*,*,#5013,.F.);
#6729=ORIENTED_EDGE('',*,*,#5014,.T.);
#6730=ORIENTED_EDGE('',*,*,#5009,.F.);
#6731=ORIENTED_EDGE('',*,*,#5002,.F.);
#6732=ORIENTED_EDGE('',*,*,#5015,.F.);
#6733=ORIENTED_EDGE('',*,*,#5016,.F.);
#6734=ORIENTED_EDGE('',*,*,#5017,.T.);
#6735=ORIENTED_EDGE('',*,*,#5018,.F.);
#6736=ORIENTED_EDGE('',*,*,#5013,.T.);
#6737=ORIENTED_EDGE('',*,*,#5019,.F.);
#6738=ORIENTED_EDGE('',*,*,#5020,.T.);
#6739=ORIENTED_EDGE('',*,*,#5021,.F.);
#6740=ORIENTED_EDGE('',*,*,#5022,.T.);
#6741=ORIENTED_EDGE('',*,*,#5017,.F.);
#6742=ORIENTED_EDGE('',*,*,#5012,.F.);
#6743=ORIENTED_EDGE('',*,*,#5023,.F.);
#6744=ORIENTED_EDGE('',*,*,#5024,.F.);
#6745=ORIENTED_EDGE('',*,*,#5021,.T.);
#6746=ORIENTED_EDGE('',*,*,#5025,.T.);
#6747=ORIENTED_EDGE('',*,*,#5026,.F.);
#6748=ORIENTED_EDGE('',*,*,#5027,.F.);
#6749=ORIENTED_EDGE('',*,*,#5028,.T.);
#6750=ORIENTED_EDGE('',*,*,#5029,.F.);
#6751=ORIENTED_EDGE('',*,*,#5030,.T.);
#6752=ORIENTED_EDGE('',*,*,#5025,.F.);
#6753=ORIENTED_EDGE('',*,*,#5020,.F.);
#6754=ORIENTED_EDGE('',*,*,#5031,.F.);
#6755=ORIENTED_EDGE('',*,*,#5032,.F.);
#6756=ORIENTED_EDGE('',*,*,#5033,.T.);
#6757=ORIENTED_EDGE('',*,*,#5034,.F.);
#6758=ORIENTED_EDGE('',*,*,#5029,.T.);
#6759=ORIENTED_EDGE('',*,*,#5035,.F.);
#6760=ORIENTED_EDGE('',*,*,#5036,.T.);
#6761=ORIENTED_EDGE('',*,*,#5037,.F.);
#6762=ORIENTED_EDGE('',*,*,#5038,.T.);
#6763=ORIENTED_EDGE('',*,*,#5033,.F.);
#6764=ORIENTED_EDGE('',*,*,#5028,.F.);
#6765=ORIENTED_EDGE('',*,*,#5039,.F.);
#6766=ORIENTED_EDGE('',*,*,#5040,.F.);
#6767=ORIENTED_EDGE('',*,*,#5041,.T.);
#6768=ORIENTED_EDGE('',*,*,#5042,.F.);
#6769=ORIENTED_EDGE('',*,*,#5037,.T.);
#6770=ORIENTED_EDGE('',*,*,#5043,.F.);
#6771=ORIENTED_EDGE('',*,*,#5006,.T.);
#6772=ORIENTED_EDGE('',*,*,#5044,.F.);
#6773=ORIENTED_EDGE('',*,*,#5045,.T.);
#6774=ORIENTED_EDGE('',*,*,#5041,.F.);
#6775=ORIENTED_EDGE('',*,*,#5036,.F.);
#6776=ORIENTED_EDGE('',*,*,#5046,.F.);
#6777=ORIENTED_EDGE('',*,*,#5047,.F.);
#6778=ORIENTED_EDGE('',*,*,#5005,.T.);
#6779=ORIENTED_EDGE('',*,*,#5048,.F.);
#6780=ORIENTED_EDGE('',*,*,#5044,.T.);
#6781=ORIENTED_EDGE('',*,*,#5007,.T.);
#6782=ORIENTED_EDGE('',*,*,#5043,.T.);
#6783=ORIENTED_EDGE('',*,*,#5049,.T.);
#6784=ORIENTED_EDGE('',*,*,#5046,.T.);
#6785=ORIENTED_EDGE('',*,*,#5035,.T.);
#6786=ORIENTED_EDGE('',*,*,#5050,.T.);
#6787=ORIENTED_EDGE('',*,*,#5051,.F.);
#6788=ORIENTED_EDGE('',*,*,#5008,.T.);
#6789=ORIENTED_EDGE('',*,*,#5049,.F.);
#6790=ORIENTED_EDGE('',*,*,#5047,.T.);
#6791=ORIENTED_EDGE('',*,*,#5050,.F.);
#6792=ORIENTED_EDGE('',*,*,#5040,.T.);
#6793=ORIENTED_EDGE('',*,*,#5052,.F.);
#6794=ORIENTED_EDGE('',*,*,#5032,.T.);
#6795=ORIENTED_EDGE('',*,*,#5053,.T.);
#6796=ORIENTED_EDGE('',*,*,#5024,.T.);
#6797=ORIENTED_EDGE('',*,*,#5054,.F.);
#6798=ORIENTED_EDGE('',*,*,#5016,.T.);
#6799=ORIENTED_EDGE('',*,*,#5055,.T.);
#6800=ORIENTED_EDGE('',*,*,#5039,.T.);
#6801=ORIENTED_EDGE('',*,*,#5027,.T.);
#6802=ORIENTED_EDGE('',*,*,#5052,.T.);
#6803=ORIENTED_EDGE('',*,*,#5019,.T.);
#6804=ORIENTED_EDGE('',*,*,#5053,.F.);
#6805=ORIENTED_EDGE('',*,*,#5031,.T.);
#6806=ORIENTED_EDGE('',*,*,#5023,.T.);
#6807=ORIENTED_EDGE('',*,*,#5011,.T.);
#6808=ORIENTED_EDGE('',*,*,#5054,.T.);
#6809=ORIENTED_EDGE('',*,*,#5015,.T.);
#6810=ORIENTED_EDGE('',*,*,#5001,.T.);
#6811=ORIENTED_EDGE('',*,*,#5051,.T.);
#6812=ORIENTED_EDGE('',*,*,#5056,.F.);
#6813=ORIENTED_EDGE('',*,*,#5057,.T.);
#6814=ORIENTED_EDGE('',*,*,#5055,.F.);
#6815=ORIENTED_EDGE('',*,*,#5057,.F.);
#6816=ORIENTED_EDGE('',*,*,#5058,.F.);
#6817=ORIENTED_EDGE('',*,*,#5056,.T.);
#6818=ORIENTED_EDGE('',*,*,#5059,.T.);
#6819=ORIENTED_EDGE('',*,*,#5060,.T.);
#6820=ORIENTED_EDGE('',*,*,#5059,.F.);
#6821=ORIENTED_EDGE('',*,*,#5058,.T.);
#6822=ORIENTED_EDGE('',*,*,#5060,.F.);
#6823=ORIENTED_EDGE('',*,*,#5061,.T.);
#6824=ORIENTED_EDGE('',*,*,#5062,.T.);
#6825=ORIENTED_EDGE('',*,*,#5061,.F.);
#6826=ORIENTED_EDGE('',*,*,#5062,.F.);
#6827=ORIENTED_EDGE('',*,*,#5063,.T.);
#6828=ORIENTED_EDGE('',*,*,#5063,.F.);
#6829=ORIENTED_EDGE('',*,*,#5064,.T.);
#6830=ORIENTED_EDGE('',*,*,#5065,.T.);
#6831=ORIENTED_EDGE('',*,*,#5064,.F.);
#6832=ORIENTED_EDGE('',*,*,#5065,.F.);
#6833=ORIENTED_EDGE('',*,*,#5066,.T.);
#6834=ORIENTED_EDGE('',*,*,#5067,.T.);
#6835=ORIENTED_EDGE('',*,*,#5068,.T.);
#6836=ORIENTED_EDGE('',*,*,#5069,.T.);
#6837=ORIENTED_EDGE('',*,*,#5070,.T.);
#6838=ORIENTED_EDGE('',*,*,#5071,.T.);
#6839=ORIENTED_EDGE('',*,*,#5072,.T.);
#6840=ORIENTED_EDGE('',*,*,#5073,.T.);
#6841=ORIENTED_EDGE('',*,*,#5074,.T.);
#6842=ORIENTED_EDGE('',*,*,#5075,.T.);
#6843=ORIENTED_EDGE('',*,*,#5076,.T.);
#6844=ORIENTED_EDGE('',*,*,#5077,.T.);
#6845=ORIENTED_EDGE('',*,*,#5078,.T.);
#6846=ORIENTED_EDGE('',*,*,#5079,.T.);
#6847=ORIENTED_EDGE('',*,*,#5080,.T.);
#6848=ORIENTED_EDGE('',*,*,#5081,.T.);
#6849=ORIENTED_EDGE('',*,*,#5082,.T.);
#6850=ORIENTED_EDGE('',*,*,#5083,.T.);
#6851=ORIENTED_EDGE('',*,*,#5084,.F.);
#6852=ORIENTED_EDGE('',*,*,#5085,.F.);
#6853=ORIENTED_EDGE('',*,*,#5086,.F.);
#6854=ORIENTED_EDGE('',*,*,#5087,.F.);
#6855=ORIENTED_EDGE('',*,*,#5088,.F.);
#6856=ORIENTED_EDGE('',*,*,#5089,.F.);
#6857=ORIENTED_EDGE('',*,*,#5090,.F.);
#6858=ORIENTED_EDGE('',*,*,#5091,.F.);
#6859=ORIENTED_EDGE('',*,*,#5092,.F.);
#6860=ORIENTED_EDGE('',*,*,#5093,.F.);
#6861=ORIENTED_EDGE('',*,*,#5094,.F.);
#6862=ORIENTED_EDGE('',*,*,#5095,.F.);
#6863=ORIENTED_EDGE('',*,*,#5096,.F.);
#6864=ORIENTED_EDGE('',*,*,#5097,.T.);
#6865=ORIENTED_EDGE('',*,*,#5098,.F.);
#6866=ORIENTED_EDGE('',*,*,#5099,.F.);
#6867=ORIENTED_EDGE('',*,*,#5100,.F.);
#6868=ORIENTED_EDGE('',*,*,#5101,.F.);
#6869=ORIENTED_EDGE('',*,*,#5102,.F.);
#6870=ORIENTED_EDGE('',*,*,#5103,.F.);
#6871=ORIENTED_EDGE('',*,*,#5085,.T.);
#6872=ORIENTED_EDGE('',*,*,#5104,.F.);
#6873=ORIENTED_EDGE('',*,*,#5066,.F.);
#6874=ORIENTED_EDGE('',*,*,#5105,.T.);
#6875=ORIENTED_EDGE('',*,*,#5096,.T.);
#6876=ORIENTED_EDGE('',*,*,#5106,.F.);
#6877=ORIENTED_EDGE('',*,*,#5067,.F.);
#6878=ORIENTED_EDGE('',*,*,#5104,.T.);
#6879=ORIENTED_EDGE('',*,*,#5095,.T.);
#6880=ORIENTED_EDGE('',*,*,#5107,.F.);
#6881=ORIENTED_EDGE('',*,*,#5068,.F.);
#6882=ORIENTED_EDGE('',*,*,#5106,.T.);
#6883=ORIENTED_EDGE('',*,*,#5094,.T.);
#6884=ORIENTED_EDGE('',*,*,#5108,.F.);
#6885=ORIENTED_EDGE('',*,*,#5069,.F.);
#6886=ORIENTED_EDGE('',*,*,#5107,.T.);
#6887=ORIENTED_EDGE('',*,*,#5093,.T.);
#6888=ORIENTED_EDGE('',*,*,#5109,.F.);
#6889=ORIENTED_EDGE('',*,*,#5070,.F.);
#6890=ORIENTED_EDGE('',*,*,#5108,.T.);
#6891=ORIENTED_EDGE('',*,*,#5092,.T.);
#6892=ORIENTED_EDGE('',*,*,#5110,.F.);
#6893=ORIENTED_EDGE('',*,*,#5071,.F.);
#6894=ORIENTED_EDGE('',*,*,#5109,.T.);
#6895=ORIENTED_EDGE('',*,*,#5091,.T.);
#6896=ORIENTED_EDGE('',*,*,#5111,.F.);
#6897=ORIENTED_EDGE('',*,*,#5072,.F.);
#6898=ORIENTED_EDGE('',*,*,#5110,.T.);
#6899=ORIENTED_EDGE('',*,*,#5090,.T.);
#6900=ORIENTED_EDGE('',*,*,#5112,.F.);
#6901=ORIENTED_EDGE('',*,*,#5073,.F.);
#6902=ORIENTED_EDGE('',*,*,#5111,.T.);
#6903=ORIENTED_EDGE('',*,*,#5089,.T.);
#6904=ORIENTED_EDGE('',*,*,#5113,.F.);
#6905=ORIENTED_EDGE('',*,*,#5074,.F.);
#6906=ORIENTED_EDGE('',*,*,#5112,.T.);
#6907=ORIENTED_EDGE('',*,*,#5088,.T.);
#6908=ORIENTED_EDGE('',*,*,#5114,.F.);
#6909=ORIENTED_EDGE('',*,*,#5075,.F.);
#6910=ORIENTED_EDGE('',*,*,#5113,.T.);
#6911=ORIENTED_EDGE('',*,*,#5087,.T.);
#6912=ORIENTED_EDGE('',*,*,#5115,.F.);
#6913=ORIENTED_EDGE('',*,*,#5076,.F.);
#6914=ORIENTED_EDGE('',*,*,#5114,.T.);
#6915=ORIENTED_EDGE('',*,*,#5086,.T.);
#6916=ORIENTED_EDGE('',*,*,#5105,.F.);
#6917=ORIENTED_EDGE('',*,*,#5077,.F.);
#6918=ORIENTED_EDGE('',*,*,#5115,.T.);
#6919=ORIENTED_EDGE('',*,*,#5084,.T.);
#6920=ORIENTED_EDGE('',*,*,#5116,.T.);
#6921=ORIENTED_EDGE('',*,*,#5097,.F.);
#6922=ORIENTED_EDGE('',*,*,#5116,.F.);
#6923=ORIENTED_EDGE('',*,*,#5117,.F.);
#6924=ORIENTED_EDGE('',*,*,#5118,.T.);
#6925=ORIENTED_EDGE('',*,*,#5103,.T.);
#6926=ORIENTED_EDGE('',*,*,#5118,.F.);
#6927=ORIENTED_EDGE('',*,*,#5083,.F.);
#6928=ORIENTED_EDGE('',*,*,#5119,.T.);
#6929=ORIENTED_EDGE('',*,*,#4755,.T.);
#6930=ORIENTED_EDGE('',*,*,#5119,.F.);
#6931=ORIENTED_EDGE('',*,*,#5120,.F.);
#6932=ORIENTED_EDGE('',*,*,#5121,.T.);
#6933=ORIENTED_EDGE('',*,*,#5102,.T.);
#6934=ORIENTED_EDGE('',*,*,#5121,.F.);
#6935=ORIENTED_EDGE('',*,*,#5082,.F.);
#6936=ORIENTED_EDGE('',*,*,#5122,.T.);
#6937=ORIENTED_EDGE('',*,*,#4752,.T.);
#6938=ORIENTED_EDGE('',*,*,#5122,.F.);
#6939=ORIENTED_EDGE('',*,*,#5123,.F.);
#6940=ORIENTED_EDGE('',*,*,#5124,.T.);
#6941=ORIENTED_EDGE('',*,*,#5101,.T.);
#6942=ORIENTED_EDGE('',*,*,#5124,.F.);
#6943=ORIENTED_EDGE('',*,*,#5081,.F.);
#6944=ORIENTED_EDGE('',*,*,#5125,.T.);
#6945=ORIENTED_EDGE('',*,*,#4757,.T.);
#6946=ORIENTED_EDGE('',*,*,#5125,.F.);
#6947=ORIENTED_EDGE('',*,*,#5126,.F.);
#6948=ORIENTED_EDGE('',*,*,#5127,.T.);
#6949=ORIENTED_EDGE('',*,*,#5100,.T.);
#6950=ORIENTED_EDGE('',*,*,#5127,.F.);
#6951=ORIENTED_EDGE('',*,*,#5080,.F.);
#6952=ORIENTED_EDGE('',*,*,#5128,.T.);
#6953=ORIENTED_EDGE('',*,*,#4753,.T.);
#6954=ORIENTED_EDGE('',*,*,#5128,.F.);
#6955=ORIENTED_EDGE('',*,*,#5129,.F.);
#6956=ORIENTED_EDGE('',*,*,#5130,.T.);
#6957=ORIENTED_EDGE('',*,*,#5099,.T.);
#6958=ORIENTED_EDGE('',*,*,#5130,.F.);
#6959=ORIENTED_EDGE('',*,*,#5079,.F.);
#6960=ORIENTED_EDGE('',*,*,#5131,.T.);
#6961=ORIENTED_EDGE('',*,*,#4756,.T.);
#6962=ORIENTED_EDGE('',*,*,#5131,.F.);
#6963=ORIENTED_EDGE('',*,*,#5132,.F.);
#6964=ORIENTED_EDGE('',*,*,#5133,.T.);
#6965=ORIENTED_EDGE('',*,*,#5098,.T.);
#6966=ORIENTED_EDGE('',*,*,#5133,.F.);
#6967=ORIENTED_EDGE('',*,*,#5078,.F.);
#6968=ORIENTED_EDGE('',*,*,#5134,.T.);
#6969=ORIENTED_EDGE('',*,*,#4754,.T.);
#6970=ORIENTED_EDGE('',*,*,#5134,.F.);
#6971=ORIENTED_EDGE('',*,*,#5135,.T.);
#6972=ORIENTED_EDGE('',*,*,#5136,.T.);
#6973=ORIENTED_EDGE('',*,*,#5137,.F.);
#6974=ORIENTED_EDGE('',*,*,#5138,.F.);
#6975=ORIENTED_EDGE('',*,*,#5137,.T.);
#6976=ORIENTED_EDGE('',*,*,#5139,.T.);
#6977=ORIENTED_EDGE('',*,*,#5140,.F.);
#6978=ORIENTED_EDGE('',*,*,#5141,.F.);
#6979=ORIENTED_EDGE('',*,*,#5140,.T.);
#6980=ORIENTED_EDGE('',*,*,#5142,.T.);
#6981=ORIENTED_EDGE('',*,*,#5143,.F.);
#6982=ORIENTED_EDGE('',*,*,#5144,.F.);
#6983=ORIENTED_EDGE('',*,*,#5143,.T.);
#6984=ORIENTED_EDGE('',*,*,#5145,.T.);
#6985=ORIENTED_EDGE('',*,*,#5146,.F.);
#6986=ORIENTED_EDGE('',*,*,#5147,.F.);
#6987=ORIENTED_EDGE('',*,*,#5146,.T.);
#6988=ORIENTED_EDGE('',*,*,#5148,.T.);
#6989=ORIENTED_EDGE('',*,*,#5149,.F.);
#6990=ORIENTED_EDGE('',*,*,#5150,.F.);
#6991=ORIENTED_EDGE('',*,*,#5149,.T.);
#6992=ORIENTED_EDGE('',*,*,#5151,.T.);
#6993=ORIENTED_EDGE('',*,*,#5135,.F.);
#6994=ORIENTED_EDGE('',*,*,#5152,.F.);
#6995=ORIENTED_EDGE('',*,*,#5151,.F.);
#6996=ORIENTED_EDGE('',*,*,#5148,.F.);
#6997=ORIENTED_EDGE('',*,*,#5153,.T.);
#6998=ORIENTED_EDGE('',*,*,#5154,.F.);
#6999=ORIENTED_EDGE('',*,*,#5153,.F.);
#7000=ORIENTED_EDGE('',*,*,#5145,.F.);
#7001=ORIENTED_EDGE('',*,*,#5142,.F.);
#7002=ORIENTED_EDGE('',*,*,#5139,.F.);
#7003=ORIENTED_EDGE('',*,*,#5136,.F.);
#7004=ORIENTED_EDGE('',*,*,#5154,.T.);
#7005=ORIENTED_EDGE('',*,*,#5155,.T.);
#7006=ORIENTED_EDGE('',*,*,#5156,.T.);
#7007=ORIENTED_EDGE('',*,*,#5157,.F.);
#7008=ORIENTED_EDGE('',*,*,#5158,.F.);
#7009=ORIENTED_EDGE('',*,*,#5157,.T.);
#7010=ORIENTED_EDGE('',*,*,#5159,.T.);
#7011=ORIENTED_EDGE('',*,*,#5160,.F.);
#7012=ORIENTED_EDGE('',*,*,#5161,.F.);
#7013=ORIENTED_EDGE('',*,*,#5160,.T.);
#7014=ORIENTED_EDGE('',*,*,#5162,.T.);
#7015=ORIENTED_EDGE('',*,*,#5163,.F.);
#7016=ORIENTED_EDGE('',*,*,#5164,.F.);
#7017=ORIENTED_EDGE('',*,*,#5163,.T.);
#7018=ORIENTED_EDGE('',*,*,#5165,.T.);
#7019=ORIENTED_EDGE('',*,*,#5166,.F.);
#7020=ORIENTED_EDGE('',*,*,#5167,.F.);
#7021=ORIENTED_EDGE('',*,*,#5166,.T.);
#7022=ORIENTED_EDGE('',*,*,#5168,.T.);
#7023=ORIENTED_EDGE('',*,*,#5169,.F.);
#7024=ORIENTED_EDGE('',*,*,#5170,.F.);
#7025=ORIENTED_EDGE('',*,*,#5169,.T.);
#7026=ORIENTED_EDGE('',*,*,#5171,.T.);
#7027=ORIENTED_EDGE('',*,*,#5155,.F.);
#7028=ORIENTED_EDGE('',*,*,#5172,.F.);
#7029=ORIENTED_EDGE('',*,*,#5171,.F.);
#7030=ORIENTED_EDGE('',*,*,#5168,.F.);
#7031=ORIENTED_EDGE('',*,*,#5173,.T.);
#7032=ORIENTED_EDGE('',*,*,#5174,.F.);
#7033=ORIENTED_EDGE('',*,*,#5173,.F.);
#7034=ORIENTED_EDGE('',*,*,#5165,.F.);
#7035=ORIENTED_EDGE('',*,*,#5162,.F.);
#7036=ORIENTED_EDGE('',*,*,#5159,.F.);
#7037=ORIENTED_EDGE('',*,*,#5156,.F.);
#7038=ORIENTED_EDGE('',*,*,#5174,.T.);
#7039=ORIENTED_EDGE('',*,*,#5175,.T.);
#7040=ORIENTED_EDGE('',*,*,#5176,.T.);
#7041=ORIENTED_EDGE('',*,*,#5177,.F.);
#7042=ORIENTED_EDGE('',*,*,#5178,.F.);
#7043=ORIENTED_EDGE('',*,*,#5177,.T.);
#7044=ORIENTED_EDGE('',*,*,#5179,.T.);
#7045=ORIENTED_EDGE('',*,*,#5180,.F.);
#7046=ORIENTED_EDGE('',*,*,#5181,.F.);
#7047=ORIENTED_EDGE('',*,*,#5180,.T.);
#7048=ORIENTED_EDGE('',*,*,#5182,.T.);
#7049=ORIENTED_EDGE('',*,*,#5183,.F.);
#7050=ORIENTED_EDGE('',*,*,#5184,.F.);
#7051=ORIENTED_EDGE('',*,*,#5183,.T.);
#7052=ORIENTED_EDGE('',*,*,#5185,.T.);
#7053=ORIENTED_EDGE('',*,*,#5186,.F.);
#7054=ORIENTED_EDGE('',*,*,#5187,.F.);
#7055=ORIENTED_EDGE('',*,*,#5186,.T.);
#7056=ORIENTED_EDGE('',*,*,#5188,.T.);
#7057=ORIENTED_EDGE('',*,*,#5189,.F.);
#7058=ORIENTED_EDGE('',*,*,#5190,.F.);
#7059=ORIENTED_EDGE('',*,*,#5189,.T.);
#7060=ORIENTED_EDGE('',*,*,#5191,.T.);
#7061=ORIENTED_EDGE('',*,*,#5175,.F.);
#7062=ORIENTED_EDGE('',*,*,#5192,.F.);
#7063=ORIENTED_EDGE('',*,*,#5191,.F.);
#7064=ORIENTED_EDGE('',*,*,#5188,.F.);
#7065=ORIENTED_EDGE('',*,*,#5193,.T.);
#7066=ORIENTED_EDGE('',*,*,#5194,.F.);
#7067=ORIENTED_EDGE('',*,*,#5193,.F.);
#7068=ORIENTED_EDGE('',*,*,#5185,.F.);
#7069=ORIENTED_EDGE('',*,*,#5182,.F.);
#7070=ORIENTED_EDGE('',*,*,#5179,.F.);
#7071=ORIENTED_EDGE('',*,*,#5176,.F.);
#7072=ORIENTED_EDGE('',*,*,#5194,.T.);
#7073=ORIENTED_EDGE('',*,*,#5195,.T.);
#7074=ORIENTED_EDGE('',*,*,#5196,.T.);
#7075=ORIENTED_EDGE('',*,*,#5197,.T.);
#7076=ORIENTED_EDGE('',*,*,#5196,.F.);
#7077=ORIENTED_EDGE('',*,*,#5198,.T.);
#7078=ORIENTED_EDGE('',*,*,#5197,.F.);
#7079=ORIENTED_EDGE('',*,*,#5199,.T.);
#7080=ORIENTED_EDGE('',*,*,#5200,.T.);
#7081=ORIENTED_EDGE('',*,*,#5199,.F.);
#7082=ORIENTED_EDGE('',*,*,#5200,.F.);
#7083=ORIENTED_EDGE('',*,*,#5201,.T.);
#7084=ORIENTED_EDGE('',*,*,#5201,.F.);
#7085=ORIENTED_EDGE('',*,*,#5202,.T.);
#7086=ORIENTED_EDGE('',*,*,#5203,.T.);
#7087=ORIENTED_EDGE('',*,*,#5202,.F.);
#7088=ORIENTED_EDGE('',*,*,#5203,.F.);
#7089=ORIENTED_EDGE('',*,*,#5195,.F.);
#7090=ORIENTED_EDGE('',*,*,#5204,.T.);
#7091=ORIENTED_EDGE('',*,*,#5205,.F.);
#7092=ORIENTED_EDGE('',*,*,#5204,.F.);
#7093=ORIENTED_EDGE('',*,*,#5198,.F.);
#7094=ORIENTED_EDGE('',*,*,#5206,.T.);
#7095=ORIENTED_EDGE('',*,*,#5207,.T.);
#7096=ORIENTED_EDGE('',*,*,#5208,.T.);
#7097=ORIENTED_EDGE('',*,*,#5209,.T.);
#7098=ORIENTED_EDGE('',*,*,#5210,.T.);
#7099=ORIENTED_EDGE('',*,*,#5211,.T.);
#7100=ORIENTED_EDGE('',*,*,#5212,.T.);
#7101=ORIENTED_EDGE('',*,*,#5213,.F.);
#7102=ORIENTED_EDGE('',*,*,#5214,.T.);
#7103=ORIENTED_EDGE('',*,*,#5215,.T.);
#7104=ORIENTED_EDGE('',*,*,#5216,.T.);
#7105=ORIENTED_EDGE('',*,*,#5217,.T.);
#7106=ORIENTED_EDGE('',*,*,#5218,.T.);
#7107=ORIENTED_EDGE('',*,*,#5219,.T.);
#7108=ORIENTED_EDGE('',*,*,#5220,.T.);
#7109=ORIENTED_EDGE('',*,*,#5221,.T.);
#7110=ORIENTED_EDGE('',*,*,#5222,.T.);
#7111=ORIENTED_EDGE('',*,*,#5223,.T.);
#7112=ORIENTED_EDGE('',*,*,#5224,.T.);
#7113=ORIENTED_EDGE('',*,*,#5225,.F.);
#7114=ORIENTED_EDGE('',*,*,#5226,.T.);
#7115=ORIENTED_EDGE('',*,*,#5227,.T.);
#7116=ORIENTED_EDGE('',*,*,#5228,.F.);
#7117=ORIENTED_EDGE('',*,*,#5229,.T.);
#7118=ORIENTED_EDGE('',*,*,#5230,.T.);
#7119=ORIENTED_EDGE('',*,*,#5231,.F.);
#7120=ORIENTED_EDGE('',*,*,#5232,.T.);
#7121=ORIENTED_EDGE('',*,*,#5233,.T.);
#7122=ORIENTED_EDGE('',*,*,#5234,.F.);
#7123=ORIENTED_EDGE('',*,*,#5235,.T.);
#7124=ORIENTED_EDGE('',*,*,#5236,.T.);
#7125=ORIENTED_EDGE('',*,*,#5237,.T.);
#7126=ORIENTED_EDGE('',*,*,#5238,.F.);
#7127=ORIENTED_EDGE('',*,*,#5239,.T.);
#7128=ORIENTED_EDGE('',*,*,#5240,.F.);
#7129=ORIENTED_EDGE('',*,*,#5241,.T.);
#7130=ORIENTED_EDGE('',*,*,#5208,.F.);
#7131=ORIENTED_EDGE('',*,*,#5242,.T.);
#7132=ORIENTED_EDGE('',*,*,#5223,.F.);
#7133=ORIENTED_EDGE('',*,*,#5243,.T.);
#7134=ORIENTED_EDGE('',*,*,#5220,.F.);
#7135=ORIENTED_EDGE('',*,*,#5244,.T.);
#7136=ORIENTED_EDGE('',*,*,#5217,.F.);
#7137=ORIENTED_EDGE('',*,*,#5245,.T.);
#7138=ORIENTED_EDGE('',*,*,#5213,.T.);
#7139=ORIENTED_EDGE('',*,*,#5246,.T.);
#7140=ORIENTED_EDGE('',*,*,#5211,.F.);
#7141=ORIENTED_EDGE('',*,*,#5247,.T.);
#7142=ORIENTED_EDGE('',*,*,#5205,.T.);
#7143=ORIENTED_EDGE('',*,*,#5216,.F.);
#7144=ORIENTED_EDGE('',*,*,#5248,.T.);
#7145=ORIENTED_EDGE('',*,*,#5241,.F.);
#7146=ORIENTED_EDGE('',*,*,#5249,.T.);
#7147=ORIENTED_EDGE('',*,*,#5237,.F.);
#7148=ORIENTED_EDGE('',*,*,#5250,.F.);
#7149=ORIENTED_EDGE('',*,*,#5214,.F.);
#7150=ORIENTED_EDGE('',*,*,#5245,.F.);
#7151=ORIENTED_EDGE('',*,*,#5219,.F.);
#7152=ORIENTED_EDGE('',*,*,#5251,.T.);
#7153=ORIENTED_EDGE('',*,*,#5235,.F.);
#7154=ORIENTED_EDGE('',*,*,#5252,.T.);
#7155=ORIENTED_EDGE('',*,*,#5239,.F.);
#7156=ORIENTED_EDGE('',*,*,#5248,.F.);
#7157=ORIENTED_EDGE('',*,*,#5215,.F.);
#7158=ORIENTED_EDGE('',*,*,#5244,.F.);
#7159=ORIENTED_EDGE('',*,*,#5222,.F.);
#7160=ORIENTED_EDGE('',*,*,#5253,.T.);
#7161=ORIENTED_EDGE('',*,*,#5232,.F.);
#7162=ORIENTED_EDGE('',*,*,#5254,.T.);
#7163=ORIENTED_EDGE('',*,*,#5233,.F.);
#7164=ORIENTED_EDGE('',*,*,#5251,.F.);
#7165=ORIENTED_EDGE('',*,*,#5218,.F.);
#7166=ORIENTED_EDGE('',*,*,#5243,.F.);
#7167=ORIENTED_EDGE('',*,*,#5207,.F.);
#7168=ORIENTED_EDGE('',*,*,#5255,.T.);
#7169=ORIENTED_EDGE('',*,*,#5229,.F.);
#7170=ORIENTED_EDGE('',*,*,#5256,.T.);
#7171=ORIENTED_EDGE('',*,*,#5230,.F.);
#7172=ORIENTED_EDGE('',*,*,#5253,.F.);
#7173=ORIENTED_EDGE('',*,*,#5221,.F.);
#7174=ORIENTED_EDGE('',*,*,#5242,.F.);
#7175=ORIENTED_EDGE('',*,*,#5210,.F.);
#7176=ORIENTED_EDGE('',*,*,#5257,.T.);
#7177=ORIENTED_EDGE('',*,*,#5226,.F.);
#7178=ORIENTED_EDGE('',*,*,#5258,.T.);
#7179=ORIENTED_EDGE('',*,*,#5227,.F.);
#7180=ORIENTED_EDGE('',*,*,#5255,.F.);
#7181=ORIENTED_EDGE('',*,*,#5206,.F.);
#7182=ORIENTED_EDGE('',*,*,#5247,.F.);
#7183=ORIENTED_EDGE('',*,*,#5212,.F.);
#7184=ORIENTED_EDGE('',*,*,#5250,.T.);
#7185=ORIENTED_EDGE('',*,*,#5236,.F.);
#7186=ORIENTED_EDGE('',*,*,#5259,.T.);
#7187=ORIENTED_EDGE('',*,*,#5224,.F.);
#7188=ORIENTED_EDGE('',*,*,#5257,.F.);
#7189=ORIENTED_EDGE('',*,*,#5209,.F.);
#7190=ORIENTED_EDGE('',*,*,#5246,.F.);
#7191=ORIENTED_EDGE('',*,*,#5260,.F.);
#7192=ORIENTED_EDGE('',*,*,#5261,.T.);
#7193=ORIENTED_EDGE('',*,*,#5262,.F.);
#7194=ORIENTED_EDGE('',*,*,#5263,.T.);
#7195=ORIENTED_EDGE('',*,*,#5264,.F.);
#7196=ORIENTED_EDGE('',*,*,#5265,.F.);
#7197=ORIENTED_EDGE('',*,*,#5266,.F.);
#7198=ORIENTED_EDGE('',*,*,#5267,.F.);
#7199=ORIENTED_EDGE('',*,*,#5268,.T.);
#7200=ORIENTED_EDGE('',*,*,#5269,.F.);
#7201=ORIENTED_EDGE('',*,*,#5262,.T.);
#7202=ORIENTED_EDGE('',*,*,#5270,.F.);
#7203=ORIENTED_EDGE('',*,*,#5271,.T.);
#7204=ORIENTED_EDGE('',*,*,#5272,.F.);
#7205=ORIENTED_EDGE('',*,*,#5273,.T.);
#7206=ORIENTED_EDGE('',*,*,#5268,.F.);
#7207=ORIENTED_EDGE('',*,*,#5261,.F.);
#7208=ORIENTED_EDGE('',*,*,#5274,.F.);
#7209=ORIENTED_EDGE('',*,*,#5275,.F.);
#7210=ORIENTED_EDGE('',*,*,#5276,.T.);
#7211=ORIENTED_EDGE('',*,*,#5277,.F.);
#7212=ORIENTED_EDGE('',*,*,#5272,.T.);
#7213=ORIENTED_EDGE('',*,*,#5278,.F.);
#7214=ORIENTED_EDGE('',*,*,#5279,.T.);
#7215=ORIENTED_EDGE('',*,*,#5280,.F.);
#7216=ORIENTED_EDGE('',*,*,#5281,.T.);
#7217=ORIENTED_EDGE('',*,*,#5276,.F.);
#7218=ORIENTED_EDGE('',*,*,#5271,.F.);
#7219=ORIENTED_EDGE('',*,*,#5282,.F.);
#7220=ORIENTED_EDGE('',*,*,#5283,.F.);
#7221=ORIENTED_EDGE('',*,*,#5280,.T.);
#7222=ORIENTED_EDGE('',*,*,#5284,.T.);
#7223=ORIENTED_EDGE('',*,*,#5285,.F.);
#7224=ORIENTED_EDGE('',*,*,#5286,.F.);
#7225=ORIENTED_EDGE('',*,*,#5287,.T.);
#7226=ORIENTED_EDGE('',*,*,#5288,.F.);
#7227=ORIENTED_EDGE('',*,*,#5289,.T.);
#7228=ORIENTED_EDGE('',*,*,#5284,.F.);
#7229=ORIENTED_EDGE('',*,*,#5279,.F.);
#7230=ORIENTED_EDGE('',*,*,#5290,.F.);
#7231=ORIENTED_EDGE('',*,*,#5291,.F.);
#7232=ORIENTED_EDGE('',*,*,#5292,.T.);
#7233=ORIENTED_EDGE('',*,*,#5293,.F.);
#7234=ORIENTED_EDGE('',*,*,#5288,.T.);
#7235=ORIENTED_EDGE('',*,*,#5294,.F.);
#7236=ORIENTED_EDGE('',*,*,#5295,.T.);
#7237=ORIENTED_EDGE('',*,*,#5296,.F.);
#7238=ORIENTED_EDGE('',*,*,#5297,.T.);
#7239=ORIENTED_EDGE('',*,*,#5292,.F.);
#7240=ORIENTED_EDGE('',*,*,#5287,.F.);
#7241=ORIENTED_EDGE('',*,*,#5298,.F.);
#7242=ORIENTED_EDGE('',*,*,#5299,.F.);
#7243=ORIENTED_EDGE('',*,*,#5300,.T.);
#7244=ORIENTED_EDGE('',*,*,#5301,.F.);
#7245=ORIENTED_EDGE('',*,*,#5296,.T.);
#7246=ORIENTED_EDGE('',*,*,#5302,.F.);
#7247=ORIENTED_EDGE('',*,*,#5265,.T.);
#7248=ORIENTED_EDGE('',*,*,#5303,.F.);
#7249=ORIENTED_EDGE('',*,*,#5304,.T.);
#7250=ORIENTED_EDGE('',*,*,#5300,.F.);
#7251=ORIENTED_EDGE('',*,*,#5295,.F.);
#7252=ORIENTED_EDGE('',*,*,#5305,.F.);
#7253=ORIENTED_EDGE('',*,*,#5306,.F.);
#7254=ORIENTED_EDGE('',*,*,#5264,.T.);
#7255=ORIENTED_EDGE('',*,*,#5307,.F.);
#7256=ORIENTED_EDGE('',*,*,#5303,.T.);
#7257=ORIENTED_EDGE('',*,*,#5266,.T.);
#7258=ORIENTED_EDGE('',*,*,#5302,.T.);
#7259=ORIENTED_EDGE('',*,*,#5308,.T.);
#7260=ORIENTED_EDGE('',*,*,#5305,.T.);
#7261=ORIENTED_EDGE('',*,*,#5294,.T.);
#7262=ORIENTED_EDGE('',*,*,#5309,.T.);
#7263=ORIENTED_EDGE('',*,*,#5310,.F.);
#7264=ORIENTED_EDGE('',*,*,#5267,.T.);
#7265=ORIENTED_EDGE('',*,*,#5308,.F.);
#7266=ORIENTED_EDGE('',*,*,#5306,.T.);
#7267=ORIENTED_EDGE('',*,*,#5309,.F.);
#7268=ORIENTED_EDGE('',*,*,#5299,.T.);
#7269=ORIENTED_EDGE('',*,*,#5311,.F.);
#7270=ORIENTED_EDGE('',*,*,#5291,.T.);
#7271=ORIENTED_EDGE('',*,*,#5312,.T.);
#7272=ORIENTED_EDGE('',*,*,#5283,.T.);
#7273=ORIENTED_EDGE('',*,*,#5313,.F.);
#7274=ORIENTED_EDGE('',*,*,#5275,.T.);
#7275=ORIENTED_EDGE('',*,*,#5314,.T.);
#7276=ORIENTED_EDGE('',*,*,#5298,.T.);
#7277=ORIENTED_EDGE('',*,*,#5286,.T.);
#7278=ORIENTED_EDGE('',*,*,#5311,.T.);
#7279=ORIENTED_EDGE('',*,*,#5278,.T.);
#7280=ORIENTED_EDGE('',*,*,#5312,.F.);
#7281=ORIENTED_EDGE('',*,*,#5290,.T.);
#7282=ORIENTED_EDGE('',*,*,#5282,.T.);
#7283=ORIENTED_EDGE('',*,*,#5270,.T.);
#7284=ORIENTED_EDGE('',*,*,#5313,.T.);
#7285=ORIENTED_EDGE('',*,*,#5274,.T.);
#7286=ORIENTED_EDGE('',*,*,#5260,.T.);
#7287=ORIENTED_EDGE('',*,*,#5310,.T.);
#7288=ORIENTED_EDGE('',*,*,#5315,.F.);
#7289=ORIENTED_EDGE('',*,*,#5316,.T.);
#7290=ORIENTED_EDGE('',*,*,#5314,.F.);
#7291=ORIENTED_EDGE('',*,*,#5316,.F.);
#7292=ORIENTED_EDGE('',*,*,#5317,.F.);
#7293=ORIENTED_EDGE('',*,*,#5315,.T.);
#7294=ORIENTED_EDGE('',*,*,#5318,.T.);
#7295=ORIENTED_EDGE('',*,*,#5319,.T.);
#7296=ORIENTED_EDGE('',*,*,#5318,.F.);
#7297=ORIENTED_EDGE('',*,*,#5317,.T.);
#7298=ORIENTED_EDGE('',*,*,#5319,.F.);
#7299=ORIENTED_EDGE('',*,*,#5320,.T.);
#7300=ORIENTED_EDGE('',*,*,#5321,.T.);
#7301=ORIENTED_EDGE('',*,*,#5320,.F.);
#7302=ORIENTED_EDGE('',*,*,#5321,.F.);
#7303=ORIENTED_EDGE('',*,*,#5322,.T.);
#7304=ORIENTED_EDGE('',*,*,#5322,.F.);
#7305=ORIENTED_EDGE('',*,*,#5323,.T.);
#7306=ORIENTED_EDGE('',*,*,#5324,.T.);
#7307=ORIENTED_EDGE('',*,*,#5323,.F.);
#7308=ORIENTED_EDGE('',*,*,#5324,.F.);
#7309=ORIENTED_EDGE('',*,*,#5325,.F.);
#7310=ORIENTED_EDGE('',*,*,#5326,.T.);
#7311=ORIENTED_EDGE('',*,*,#5327,.F.);
#7312=ORIENTED_EDGE('',*,*,#5328,.T.);
#7313=ORIENTED_EDGE('',*,*,#5329,.F.);
#7314=ORIENTED_EDGE('',*,*,#5330,.F.);
#7315=ORIENTED_EDGE('',*,*,#5331,.F.);
#7316=ORIENTED_EDGE('',*,*,#5332,.F.);
#7317=ORIENTED_EDGE('',*,*,#5333,.T.);
#7318=ORIENTED_EDGE('',*,*,#5334,.F.);
#7319=ORIENTED_EDGE('',*,*,#5327,.T.);
#7320=ORIENTED_EDGE('',*,*,#5335,.F.);
#7321=ORIENTED_EDGE('',*,*,#5336,.T.);
#7322=ORIENTED_EDGE('',*,*,#5337,.F.);
#7323=ORIENTED_EDGE('',*,*,#5338,.T.);
#7324=ORIENTED_EDGE('',*,*,#5333,.F.);
#7325=ORIENTED_EDGE('',*,*,#5326,.F.);
#7326=ORIENTED_EDGE('',*,*,#5339,.F.);
#7327=ORIENTED_EDGE('',*,*,#5340,.F.);
#7328=ORIENTED_EDGE('',*,*,#5341,.T.);
#7329=ORIENTED_EDGE('',*,*,#5342,.F.);
#7330=ORIENTED_EDGE('',*,*,#5337,.T.);
#7331=ORIENTED_EDGE('',*,*,#5343,.F.);
#7332=ORIENTED_EDGE('',*,*,#5344,.T.);
#7333=ORIENTED_EDGE('',*,*,#5345,.F.);
#7334=ORIENTED_EDGE('',*,*,#5346,.T.);
#7335=ORIENTED_EDGE('',*,*,#5341,.F.);
#7336=ORIENTED_EDGE('',*,*,#5336,.F.);
#7337=ORIENTED_EDGE('',*,*,#5347,.F.);
#7338=ORIENTED_EDGE('',*,*,#5348,.F.);
#7339=ORIENTED_EDGE('',*,*,#5345,.T.);
#7340=ORIENTED_EDGE('',*,*,#5349,.T.);
#7341=ORIENTED_EDGE('',*,*,#5350,.F.);
#7342=ORIENTED_EDGE('',*,*,#5351,.F.);
#7343=ORIENTED_EDGE('',*,*,#5352,.T.);
#7344=ORIENTED_EDGE('',*,*,#5353,.F.);
#7345=ORIENTED_EDGE('',*,*,#5354,.T.);
#7346=ORIENTED_EDGE('',*,*,#5349,.F.);
#7347=ORIENTED_EDGE('',*,*,#5344,.F.);
#7348=ORIENTED_EDGE('',*,*,#5355,.F.);
#7349=ORIENTED_EDGE('',*,*,#5356,.F.);
#7350=ORIENTED_EDGE('',*,*,#5357,.T.);
#7351=ORIENTED_EDGE('',*,*,#5358,.F.);
#7352=ORIENTED_EDGE('',*,*,#5353,.T.);
#7353=ORIENTED_EDGE('',*,*,#5359,.F.);
#7354=ORIENTED_EDGE('',*,*,#5360,.T.);
#7355=ORIENTED_EDGE('',*,*,#5361,.F.);
#7356=ORIENTED_EDGE('',*,*,#5362,.T.);
#7357=ORIENTED_EDGE('',*,*,#5357,.F.);
#7358=ORIENTED_EDGE('',*,*,#5352,.F.);
#7359=ORIENTED_EDGE('',*,*,#5363,.F.);
#7360=ORIENTED_EDGE('',*,*,#5364,.F.);
#7361=ORIENTED_EDGE('',*,*,#5365,.T.);
#7362=ORIENTED_EDGE('',*,*,#5366,.F.);
#7363=ORIENTED_EDGE('',*,*,#5361,.T.);
#7364=ORIENTED_EDGE('',*,*,#5367,.F.);
#7365=ORIENTED_EDGE('',*,*,#5330,.T.);
#7366=ORIENTED_EDGE('',*,*,#5368,.F.);
#7367=ORIENTED_EDGE('',*,*,#5369,.T.);
#7368=ORIENTED_EDGE('',*,*,#5365,.F.);
#7369=ORIENTED_EDGE('',*,*,#5360,.F.);
#7370=ORIENTED_EDGE('',*,*,#5370,.F.);
#7371=ORIENTED_EDGE('',*,*,#5371,.F.);
#7372=ORIENTED_EDGE('',*,*,#5329,.T.);
#7373=ORIENTED_EDGE('',*,*,#5372,.F.);
#7374=ORIENTED_EDGE('',*,*,#5368,.T.);
#7375=ORIENTED_EDGE('',*,*,#5331,.T.);
#7376=ORIENTED_EDGE('',*,*,#5367,.T.);
#7377=ORIENTED_EDGE('',*,*,#5373,.T.);
#7378=ORIENTED_EDGE('',*,*,#5370,.T.);
#7379=ORIENTED_EDGE('',*,*,#5359,.T.);
#7380=ORIENTED_EDGE('',*,*,#5374,.T.);
#7381=ORIENTED_EDGE('',*,*,#5375,.F.);
#7382=ORIENTED_EDGE('',*,*,#5332,.T.);
#7383=ORIENTED_EDGE('',*,*,#5373,.F.);
#7384=ORIENTED_EDGE('',*,*,#5371,.T.);
#7385=ORIENTED_EDGE('',*,*,#5374,.F.);
#7386=ORIENTED_EDGE('',*,*,#5364,.T.);
#7387=ORIENTED_EDGE('',*,*,#5376,.F.);
#7388=ORIENTED_EDGE('',*,*,#5356,.T.);
#7389=ORIENTED_EDGE('',*,*,#5377,.T.);
#7390=ORIENTED_EDGE('',*,*,#5348,.T.);
#7391=ORIENTED_EDGE('',*,*,#5378,.F.);
#7392=ORIENTED_EDGE('',*,*,#5340,.T.);
#7393=ORIENTED_EDGE('',*,*,#5379,.T.);
#7394=ORIENTED_EDGE('',*,*,#5363,.T.);
#7395=ORIENTED_EDGE('',*,*,#5351,.T.);
#7396=ORIENTED_EDGE('',*,*,#5376,.T.);
#7397=ORIENTED_EDGE('',*,*,#5343,.T.);
#7398=ORIENTED_EDGE('',*,*,#5377,.F.);
#7399=ORIENTED_EDGE('',*,*,#5355,.T.);
#7400=ORIENTED_EDGE('',*,*,#5347,.T.);
#7401=ORIENTED_EDGE('',*,*,#5335,.T.);
#7402=ORIENTED_EDGE('',*,*,#5378,.T.);
#7403=ORIENTED_EDGE('',*,*,#5339,.T.);
#7404=ORIENTED_EDGE('',*,*,#5325,.T.);
#7405=ORIENTED_EDGE('',*,*,#5375,.T.);
#7406=ORIENTED_EDGE('',*,*,#5380,.F.);
#7407=ORIENTED_EDGE('',*,*,#5381,.T.);
#7408=ORIENTED_EDGE('',*,*,#5379,.F.);
#7409=ORIENTED_EDGE('',*,*,#5381,.F.);
#7410=ORIENTED_EDGE('',*,*,#5382,.F.);
#7411=ORIENTED_EDGE('',*,*,#5380,.T.);
#7412=ORIENTED_EDGE('',*,*,#5383,.T.);
#7413=ORIENTED_EDGE('',*,*,#5384,.T.);
#7414=ORIENTED_EDGE('',*,*,#5383,.F.);
#7415=ORIENTED_EDGE('',*,*,#5382,.T.);
#7416=ORIENTED_EDGE('',*,*,#5384,.F.);
#7417=ORIENTED_EDGE('',*,*,#5385,.T.);
#7418=ORIENTED_EDGE('',*,*,#5386,.T.);
#7419=ORIENTED_EDGE('',*,*,#5385,.F.);
#7420=ORIENTED_EDGE('',*,*,#5386,.F.);
#7421=ORIENTED_EDGE('',*,*,#5387,.T.);
#7422=ORIENTED_EDGE('',*,*,#5387,.F.);
#7423=ORIENTED_EDGE('',*,*,#5388,.T.);
#7424=ORIENTED_EDGE('',*,*,#5389,.T.);
#7425=ORIENTED_EDGE('',*,*,#5388,.F.);
#7426=ORIENTED_EDGE('',*,*,#5389,.F.);
#7427=ORIENTED_EDGE('',*,*,#5390,.F.);
#7428=ORIENTED_EDGE('',*,*,#5391,.T.);
#7429=ORIENTED_EDGE('',*,*,#5392,.T.);
#7430=ORIENTED_EDGE('',*,*,#5393,.T.);
#7431=ORIENTED_EDGE('',*,*,#5394,.T.);
#7432=ORIENTED_EDGE('',*,*,#5395,.T.);
#7433=ORIENTED_EDGE('',*,*,#5396,.T.);
#7434=ORIENTED_EDGE('',*,*,#5397,.T.);
#7435=ORIENTED_EDGE('',*,*,#5398,.T.);
#7436=ORIENTED_EDGE('',*,*,#5399,.T.);
#7437=ORIENTED_EDGE('',*,*,#5400,.T.);
#7438=ORIENTED_EDGE('',*,*,#5401,.T.);
#7439=ORIENTED_EDGE('',*,*,#5402,.T.);
#7440=ORIENTED_EDGE('',*,*,#5403,.F.);
#7441=ORIENTED_EDGE('',*,*,#5404,.T.);
#7442=ORIENTED_EDGE('',*,*,#5405,.F.);
#7443=ORIENTED_EDGE('',*,*,#5406,.T.);
#7444=ORIENTED_EDGE('',*,*,#5407,.F.);
#7445=ORIENTED_EDGE('',*,*,#5408,.T.);
#7446=ORIENTED_EDGE('',*,*,#5409,.F.);
#7447=ORIENTED_EDGE('',*,*,#5410,.T.);
#7448=ORIENTED_EDGE('',*,*,#5411,.F.);
#7449=ORIENTED_EDGE('',*,*,#5412,.T.);
#7450=ORIENTED_EDGE('',*,*,#5413,.F.);
#7451=ORIENTED_EDGE('',*,*,#5414,.T.);
#7452=ORIENTED_EDGE('',*,*,#5415,.F.);
#7453=ORIENTED_EDGE('',*,*,#5416,.T.);
#7454=ORIENTED_EDGE('',*,*,#5417,.F.);
#7455=ORIENTED_EDGE('',*,*,#5418,.T.);
#7456=ORIENTED_EDGE('',*,*,#5419,.F.);
#7457=ORIENTED_EDGE('',*,*,#5420,.T.);
#7458=ORIENTED_EDGE('',*,*,#5421,.F.);
#7459=ORIENTED_EDGE('',*,*,#5422,.T.);
#7460=ORIENTED_EDGE('',*,*,#5423,.F.);
#7461=ORIENTED_EDGE('',*,*,#5424,.T.);
#7462=ORIENTED_EDGE('',*,*,#5425,.F.);
#7463=ORIENTED_EDGE('',*,*,#5426,.T.);
#7464=ORIENTED_EDGE('',*,*,#5427,.F.);
#7465=ORIENTED_EDGE('',*,*,#5428,.T.);
#7466=ORIENTED_EDGE('',*,*,#5429,.F.);
#7467=ORIENTED_EDGE('',*,*,#5430,.T.);
#7468=ORIENTED_EDGE('',*,*,#5431,.F.);
#7469=ORIENTED_EDGE('',*,*,#5432,.T.);
#7470=ORIENTED_EDGE('',*,*,#5433,.F.);
#7471=ORIENTED_EDGE('',*,*,#5434,.T.);
#7472=ORIENTED_EDGE('',*,*,#5435,.F.);
#7473=ORIENTED_EDGE('',*,*,#5436,.T.);
#7474=ORIENTED_EDGE('',*,*,#5437,.F.);
#7475=ORIENTED_EDGE('',*,*,#5438,.T.);
#7476=ORIENTED_EDGE('',*,*,#5439,.T.);
#7477=ORIENTED_EDGE('',*,*,#5440,.T.);
#7478=ORIENTED_EDGE('',*,*,#5441,.T.);
#7479=ORIENTED_EDGE('',*,*,#5442,.T.);
#7480=ORIENTED_EDGE('',*,*,#5443,.T.);
#7481=ORIENTED_EDGE('',*,*,#5444,.T.);
#7482=ORIENTED_EDGE('',*,*,#5445,.T.);
#7483=ORIENTED_EDGE('',*,*,#5446,.T.);
#7484=ORIENTED_EDGE('',*,*,#5447,.T.);
#7485=ORIENTED_EDGE('',*,*,#5448,.T.);
#7486=ORIENTED_EDGE('',*,*,#5449,.T.);
#7487=ORIENTED_EDGE('',*,*,#5450,.T.);
#7488=ORIENTED_EDGE('',*,*,#5451,.T.);
#7489=ORIENTED_EDGE('',*,*,#5452,.T.);
#7490=ORIENTED_EDGE('',*,*,#5453,.T.);
#7491=ORIENTED_EDGE('',*,*,#5454,.T.);
#7492=ORIENTED_EDGE('',*,*,#5455,.T.);
#7493=ORIENTED_EDGE('',*,*,#5456,.T.);
#7494=ORIENTED_EDGE('',*,*,#5401,.F.);
#7495=ORIENTED_EDGE('',*,*,#5457,.T.);
#7496=ORIENTED_EDGE('',*,*,#5390,.T.);
#7497=ORIENTED_EDGE('',*,*,#5457,.F.);
#7498=ORIENTED_EDGE('',*,*,#5458,.T.);
#7499=ORIENTED_EDGE('',*,*,#5459,.F.);
#7500=ORIENTED_EDGE('',*,*,#5460,.F.);
#7501=ORIENTED_EDGE('',*,*,#5461,.F.);
#7502=ORIENTED_EDGE('',*,*,#5462,.F.);
#7503=ORIENTED_EDGE('',*,*,#5459,.T.);
#7504=ORIENTED_EDGE('',*,*,#5463,.F.);
#7505=ORIENTED_EDGE('',*,*,#5391,.F.);
#7506=ORIENTED_EDGE('',*,*,#5464,.T.);
#7507=ORIENTED_EDGE('',*,*,#5460,.T.);
#7508=ORIENTED_EDGE('',*,*,#5464,.F.);
#7509=ORIENTED_EDGE('',*,*,#5394,.F.);
#7510=ORIENTED_EDGE('',*,*,#5465,.T.);
#7511=ORIENTED_EDGE('',*,*,#5461,.T.);
#7512=ORIENTED_EDGE('',*,*,#5465,.F.);
#7513=ORIENTED_EDGE('',*,*,#5393,.F.);
#7514=ORIENTED_EDGE('',*,*,#5466,.T.);
#7515=ORIENTED_EDGE('',*,*,#5467,.T.);
#7516=ORIENTED_EDGE('',*,*,#5462,.T.);
#7517=ORIENTED_EDGE('',*,*,#5466,.F.);
#7518=ORIENTED_EDGE('',*,*,#5392,.F.);
#7519=ORIENTED_EDGE('',*,*,#5463,.T.);
#7520=ORIENTED_EDGE('',*,*,#5458,.F.);
#7521=ORIENTED_EDGE('',*,*,#5468,.T.);
#7522=ORIENTED_EDGE('',*,*,#5402,.F.);
#7523=ORIENTED_EDGE('',*,*,#5468,.F.);
#7524=ORIENTED_EDGE('',*,*,#5469,.F.);
#7525=ORIENTED_EDGE('',*,*,#5470,.F.);
#7526=ORIENTED_EDGE('',*,*,#5467,.F.);
#7527=ORIENTED_EDGE('',*,*,#5471,.T.);
#7528=ORIENTED_EDGE('',*,*,#5470,.T.);
#7529=ORIENTED_EDGE('',*,*,#5469,.T.);
#7530=ORIENTED_EDGE('',*,*,#5471,.F.);
#7531=ORIENTED_EDGE('',*,*,#5472,.T.);
#7532=ORIENTED_EDGE('',*,*,#5473,.F.);
#7533=ORIENTED_EDGE('',*,*,#5474,.F.);
#7534=ORIENTED_EDGE('',*,*,#5475,.T.);
#7535=ORIENTED_EDGE('',*,*,#5472,.F.);
#7536=ORIENTED_EDGE('',*,*,#5475,.F.);
#7537=ORIENTED_EDGE('',*,*,#5476,.F.);
#7538=ORIENTED_EDGE('',*,*,#5477,.F.);
#7539=ORIENTED_EDGE('',*,*,#5478,.F.);
#7540=ORIENTED_EDGE('',*,*,#5479,.F.);
#7541=ORIENTED_EDGE('',*,*,#5480,.T.);
#7542=ORIENTED_EDGE('',*,*,#5473,.T.);
#7543=ORIENTED_EDGE('',*,*,#5481,.F.);
#7544=ORIENTED_EDGE('',*,*,#5451,.F.);
#7545=ORIENTED_EDGE('',*,*,#5482,.T.);
#7546=ORIENTED_EDGE('',*,*,#5474,.T.);
#7547=ORIENTED_EDGE('',*,*,#5480,.F.);
#7548=ORIENTED_EDGE('',*,*,#5456,.F.);
#7549=ORIENTED_EDGE('',*,*,#5483,.T.);
#7550=ORIENTED_EDGE('',*,*,#5476,.T.);
#7551=ORIENTED_EDGE('',*,*,#5482,.F.);
#7552=ORIENTED_EDGE('',*,*,#5455,.F.);
#7553=ORIENTED_EDGE('',*,*,#5484,.T.);
#7554=ORIENTED_EDGE('',*,*,#5477,.T.);
#7555=ORIENTED_EDGE('',*,*,#5483,.F.);
#7556=ORIENTED_EDGE('',*,*,#5454,.F.);
#7557=ORIENTED_EDGE('',*,*,#5485,.T.);
#7558=ORIENTED_EDGE('',*,*,#5478,.T.);
#7559=ORIENTED_EDGE('',*,*,#5484,.F.);
#7560=ORIENTED_EDGE('',*,*,#5453,.F.);
#7561=ORIENTED_EDGE('',*,*,#5481,.T.);
#7562=ORIENTED_EDGE('',*,*,#5479,.T.);
#7563=ORIENTED_EDGE('',*,*,#5485,.F.);
#7564=ORIENTED_EDGE('',*,*,#5452,.F.);
#7565=ORIENTED_EDGE('',*,*,#5486,.T.);
#7566=ORIENTED_EDGE('',*,*,#5487,.F.);
#7567=ORIENTED_EDGE('',*,*,#5488,.F.);
#7568=ORIENTED_EDGE('',*,*,#5489,.T.);
#7569=ORIENTED_EDGE('',*,*,#5486,.F.);
#7570=ORIENTED_EDGE('',*,*,#5489,.F.);
#7571=ORIENTED_EDGE('',*,*,#5490,.F.);
#7572=ORIENTED_EDGE('',*,*,#5491,.F.);
#7573=ORIENTED_EDGE('',*,*,#5492,.F.);
#7574=ORIENTED_EDGE('',*,*,#5493,.F.);
#7575=ORIENTED_EDGE('',*,*,#5494,.T.);
#7576=ORIENTED_EDGE('',*,*,#5487,.T.);
#7577=ORIENTED_EDGE('',*,*,#5495,.F.);
#7578=ORIENTED_EDGE('',*,*,#5445,.F.);
#7579=ORIENTED_EDGE('',*,*,#5496,.T.);
#7580=ORIENTED_EDGE('',*,*,#5488,.T.);
#7581=ORIENTED_EDGE('',*,*,#5494,.F.);
#7582=ORIENTED_EDGE('',*,*,#5450,.F.);
#7583=ORIENTED_EDGE('',*,*,#5497,.T.);
#7584=ORIENTED_EDGE('',*,*,#5490,.T.);
#7585=ORIENTED_EDGE('',*,*,#5496,.F.);
#7586=ORIENTED_EDGE('',*,*,#5449,.F.);
#7587=ORIENTED_EDGE('',*,*,#5498,.T.);
#7588=ORIENTED_EDGE('',*,*,#5491,.T.);
#7589=ORIENTED_EDGE('',*,*,#5497,.F.);
#7590=ORIENTED_EDGE('',*,*,#5448,.F.);
#7591=ORIENTED_EDGE('',*,*,#5499,.T.);
#7592=ORIENTED_EDGE('',*,*,#5492,.T.);
#7593=ORIENTED_EDGE('',*,*,#5498,.F.);
#7594=ORIENTED_EDGE('',*,*,#5447,.F.);
#7595=ORIENTED_EDGE('',*,*,#5495,.T.);
#7596=ORIENTED_EDGE('',*,*,#5493,.T.);
#7597=ORIENTED_EDGE('',*,*,#5499,.F.);
#7598=ORIENTED_EDGE('',*,*,#5446,.F.);
#7599=ORIENTED_EDGE('',*,*,#5500,.T.);
#7600=ORIENTED_EDGE('',*,*,#5501,.F.);
#7601=ORIENTED_EDGE('',*,*,#5502,.F.);
#7602=ORIENTED_EDGE('',*,*,#5503,.T.);
#7603=ORIENTED_EDGE('',*,*,#5500,.F.);
#7604=ORIENTED_EDGE('',*,*,#5503,.F.);
#7605=ORIENTED_EDGE('',*,*,#5504,.F.);
#7606=ORIENTED_EDGE('',*,*,#5505,.F.);
#7607=ORIENTED_EDGE('',*,*,#5506,.F.);
#7608=ORIENTED_EDGE('',*,*,#5507,.F.);
#7609=ORIENTED_EDGE('',*,*,#5508,.T.);
#7610=ORIENTED_EDGE('',*,*,#5501,.T.);
#7611=ORIENTED_EDGE('',*,*,#5509,.F.);
#7612=ORIENTED_EDGE('',*,*,#5439,.F.);
#7613=ORIENTED_EDGE('',*,*,#5510,.T.);
#7614=ORIENTED_EDGE('',*,*,#5502,.T.);
#7615=ORIENTED_EDGE('',*,*,#5508,.F.);
#7616=ORIENTED_EDGE('',*,*,#5444,.F.);
#7617=ORIENTED_EDGE('',*,*,#5511,.T.);
#7618=ORIENTED_EDGE('',*,*,#5504,.T.);
#7619=ORIENTED_EDGE('',*,*,#5510,.F.);
#7620=ORIENTED_EDGE('',*,*,#5443,.F.);
#7621=ORIENTED_EDGE('',*,*,#5512,.T.);
#7622=ORIENTED_EDGE('',*,*,#5505,.T.);
#7623=ORIENTED_EDGE('',*,*,#5511,.F.);
#7624=ORIENTED_EDGE('',*,*,#5442,.F.);
#7625=ORIENTED_EDGE('',*,*,#5513,.T.);
#7626=ORIENTED_EDGE('',*,*,#5506,.T.);
#7627=ORIENTED_EDGE('',*,*,#5512,.F.);
#7628=ORIENTED_EDGE('',*,*,#5441,.F.);
#7629=ORIENTED_EDGE('',*,*,#5509,.T.);
#7630=ORIENTED_EDGE('',*,*,#5507,.T.);
#7631=ORIENTED_EDGE('',*,*,#5513,.F.);
#7632=ORIENTED_EDGE('',*,*,#5440,.F.);
#7633=ORIENTED_EDGE('',*,*,#5514,.F.);
#7634=ORIENTED_EDGE('',*,*,#5515,.T.);
#7635=ORIENTED_EDGE('',*,*,#5516,.T.);
#7636=ORIENTED_EDGE('',*,*,#5515,.F.);
#7637=ORIENTED_EDGE('',*,*,#5396,.F.);
#7638=ORIENTED_EDGE('',*,*,#5517,.T.);
#7639=ORIENTED_EDGE('',*,*,#5518,.T.);
#7640=ORIENTED_EDGE('',*,*,#5517,.F.);
#7641=ORIENTED_EDGE('',*,*,#5519,.F.);
#7642=ORIENTED_EDGE('',*,*,#5520,.T.);
#7643=ORIENTED_EDGE('',*,*,#5521,.T.);
#7644=ORIENTED_EDGE('',*,*,#5520,.F.);
#7645=ORIENTED_EDGE('',*,*,#5400,.F.);
#7646=ORIENTED_EDGE('',*,*,#5522,.T.);
#7647=ORIENTED_EDGE('',*,*,#5523,.T.);
#7648=ORIENTED_EDGE('',*,*,#5522,.F.);
#7649=ORIENTED_EDGE('',*,*,#5524,.F.);
#7650=ORIENTED_EDGE('',*,*,#5525,.T.);
#7651=ORIENTED_EDGE('',*,*,#5526,.T.);
#7652=ORIENTED_EDGE('',*,*,#5525,.F.);
#7653=ORIENTED_EDGE('',*,*,#5398,.F.);
#7654=ORIENTED_EDGE('',*,*,#5527,.T.);
#7655=ORIENTED_EDGE('',*,*,#5528,.T.);
#7656=ORIENTED_EDGE('',*,*,#5527,.F.);
#7657=ORIENTED_EDGE('',*,*,#5529,.F.);
#7658=ORIENTED_EDGE('',*,*,#5530,.T.);
#7659=ORIENTED_EDGE('',*,*,#5531,.T.);
#7660=ORIENTED_EDGE('',*,*,#5530,.F.);
#7661=ORIENTED_EDGE('',*,*,#5395,.F.);
#7662=ORIENTED_EDGE('',*,*,#5532,.T.);
#7663=ORIENTED_EDGE('',*,*,#5533,.T.);
#7664=ORIENTED_EDGE('',*,*,#5532,.F.);
#7665=ORIENTED_EDGE('',*,*,#5534,.F.);
#7666=ORIENTED_EDGE('',*,*,#5535,.T.);
#7667=ORIENTED_EDGE('',*,*,#5536,.T.);
#7668=ORIENTED_EDGE('',*,*,#5535,.F.);
#7669=ORIENTED_EDGE('',*,*,#5397,.F.);
#7670=ORIENTED_EDGE('',*,*,#5537,.T.);
#7671=ORIENTED_EDGE('',*,*,#5538,.T.);
#7672=ORIENTED_EDGE('',*,*,#5537,.F.);
#7673=ORIENTED_EDGE('',*,*,#5539,.F.);
#7674=ORIENTED_EDGE('',*,*,#5540,.T.);
#7675=ORIENTED_EDGE('',*,*,#5541,.T.);
#7676=ORIENTED_EDGE('',*,*,#5540,.F.);
#7677=ORIENTED_EDGE('',*,*,#5399,.F.);
#7678=ORIENTED_EDGE('',*,*,#5542,.T.);
#7679=ORIENTED_EDGE('',*,*,#5543,.T.);
#7680=ORIENTED_EDGE('',*,*,#5542,.F.);
#7681=ORIENTED_EDGE('',*,*,#5544,.T.);
#7682=ORIENTED_EDGE('',*,*,#5545,.T.);
#7683=ORIENTED_EDGE('',*,*,#5546,.F.);
#7684=ORIENTED_EDGE('',*,*,#5545,.F.);
#7685=ORIENTED_EDGE('',*,*,#5547,.T.);
#7686=ORIENTED_EDGE('',*,*,#5548,.F.);
#7687=ORIENTED_EDGE('',*,*,#5549,.F.);
#7688=ORIENTED_EDGE('',*,*,#5550,.T.);
#7689=ORIENTED_EDGE('',*,*,#5551,.T.);
#7690=ORIENTED_EDGE('',*,*,#5550,.F.);
#7691=ORIENTED_EDGE('',*,*,#5552,.F.);
#7692=ORIENTED_EDGE('',*,*,#5553,.T.);
#7693=ORIENTED_EDGE('',*,*,#5554,.T.);
#7694=ORIENTED_EDGE('',*,*,#5553,.F.);
#7695=ORIENTED_EDGE('',*,*,#5555,.F.);
#7696=ORIENTED_EDGE('',*,*,#5556,.T.);
#7697=ORIENTED_EDGE('',*,*,#5557,.T.);
#7698=ORIENTED_EDGE('',*,*,#5556,.F.);
#7699=ORIENTED_EDGE('',*,*,#5558,.F.);
#7700=ORIENTED_EDGE('',*,*,#5559,.T.);
#7701=ORIENTED_EDGE('',*,*,#5560,.T.);
#7702=ORIENTED_EDGE('',*,*,#5559,.F.);
#7703=ORIENTED_EDGE('',*,*,#5561,.F.);
#7704=ORIENTED_EDGE('',*,*,#5562,.T.);
#7705=ORIENTED_EDGE('',*,*,#5563,.T.);
#7706=ORIENTED_EDGE('',*,*,#5562,.F.);
#7707=ORIENTED_EDGE('',*,*,#5564,.F.);
#7708=ORIENTED_EDGE('',*,*,#5565,.T.);
#7709=ORIENTED_EDGE('',*,*,#5566,.T.);
#7710=ORIENTED_EDGE('',*,*,#5565,.F.);
#7711=ORIENTED_EDGE('',*,*,#5567,.F.);
#7712=ORIENTED_EDGE('',*,*,#5568,.T.);
#7713=ORIENTED_EDGE('',*,*,#5569,.T.);
#7714=ORIENTED_EDGE('',*,*,#5568,.F.);
#7715=ORIENTED_EDGE('',*,*,#5570,.F.);
#7716=ORIENTED_EDGE('',*,*,#5571,.T.);
#7717=ORIENTED_EDGE('',*,*,#5572,.T.);
#7718=ORIENTED_EDGE('',*,*,#5571,.F.);
#7719=ORIENTED_EDGE('',*,*,#5573,.F.);
#7720=ORIENTED_EDGE('',*,*,#5574,.T.);
#7721=ORIENTED_EDGE('',*,*,#5575,.T.);
#7722=ORIENTED_EDGE('',*,*,#5574,.F.);
#7723=ORIENTED_EDGE('',*,*,#5576,.F.);
#7724=ORIENTED_EDGE('',*,*,#5577,.T.);
#7725=ORIENTED_EDGE('',*,*,#5578,.T.);
#7726=ORIENTED_EDGE('',*,*,#5577,.F.);
#7727=ORIENTED_EDGE('',*,*,#5579,.F.);
#7728=ORIENTED_EDGE('',*,*,#5580,.T.);
#7729=ORIENTED_EDGE('',*,*,#5581,.T.);
#7730=ORIENTED_EDGE('',*,*,#5580,.F.);
#7731=ORIENTED_EDGE('',*,*,#5582,.F.);
#7732=ORIENTED_EDGE('',*,*,#5548,.T.);
#7733=ORIENTED_EDGE('',*,*,#5581,.F.);
#7734=ORIENTED_EDGE('',*,*,#5547,.F.);
#7735=ORIENTED_EDGE('',*,*,#5551,.F.);
#7736=ORIENTED_EDGE('',*,*,#5554,.F.);
#7737=ORIENTED_EDGE('',*,*,#5557,.F.);
#7738=ORIENTED_EDGE('',*,*,#5560,.F.);
#7739=ORIENTED_EDGE('',*,*,#5563,.F.);
#7740=ORIENTED_EDGE('',*,*,#5566,.F.);
#7741=ORIENTED_EDGE('',*,*,#5569,.F.);
#7742=ORIENTED_EDGE('',*,*,#5572,.F.);
#7743=ORIENTED_EDGE('',*,*,#5575,.F.);
#7744=ORIENTED_EDGE('',*,*,#5578,.F.);
#7745=ORIENTED_EDGE('',*,*,#5546,.T.);
#7746=ORIENTED_EDGE('',*,*,#5518,.F.);
#7747=ORIENTED_EDGE('',*,*,#5523,.F.);
#7748=ORIENTED_EDGE('',*,*,#5528,.F.);
#7749=ORIENTED_EDGE('',*,*,#5533,.F.);
#7750=ORIENTED_EDGE('',*,*,#5538,.F.);
#7751=ORIENTED_EDGE('',*,*,#5543,.F.);
#7752=ORIENTED_EDGE('',*,*,#5582,.T.);
#7753=ORIENTED_EDGE('',*,*,#5579,.T.);
#7754=ORIENTED_EDGE('',*,*,#5576,.T.);
#7755=ORIENTED_EDGE('',*,*,#5573,.T.);
#7756=ORIENTED_EDGE('',*,*,#5570,.T.);
#7757=ORIENTED_EDGE('',*,*,#5567,.T.);
#7758=ORIENTED_EDGE('',*,*,#5564,.T.);
#7759=ORIENTED_EDGE('',*,*,#5561,.T.);
#7760=ORIENTED_EDGE('',*,*,#5558,.T.);
#7761=ORIENTED_EDGE('',*,*,#5555,.T.);
#7762=ORIENTED_EDGE('',*,*,#5552,.T.);
#7763=ORIENTED_EDGE('',*,*,#5549,.T.);
#7764=ORIENTED_EDGE('',*,*,#5514,.T.);
#7765=ORIENTED_EDGE('',*,*,#5519,.T.);
#7766=ORIENTED_EDGE('',*,*,#5524,.T.);
#7767=ORIENTED_EDGE('',*,*,#5529,.T.);
#7768=ORIENTED_EDGE('',*,*,#5534,.T.);
#7769=ORIENTED_EDGE('',*,*,#5539,.T.);
#7770=ORIENTED_EDGE('',*,*,#5544,.F.);
#7771=ORIENTED_EDGE('',*,*,#5583,.F.);
#7772=ORIENTED_EDGE('',*,*,#5584,.F.);
#7773=ORIENTED_EDGE('',*,*,#5585,.T.);
#7774=ORIENTED_EDGE('',*,*,#5583,.T.);
#7775=ORIENTED_EDGE('',*,*,#5585,.F.);
#7776=ORIENTED_EDGE('',*,*,#5586,.F.);
#7777=ORIENTED_EDGE('',*,*,#5584,.T.);
#7778=ORIENTED_EDGE('',*,*,#5587,.F.);
#7779=ORIENTED_EDGE('',*,*,#5588,.T.);
#7780=ORIENTED_EDGE('',*,*,#5586,.T.);
#7781=ORIENTED_EDGE('',*,*,#5588,.F.);
#7782=ORIENTED_EDGE('',*,*,#5589,.T.);
#7783=ORIENTED_EDGE('',*,*,#5590,.T.);
#7784=ORIENTED_EDGE('',*,*,#5587,.T.);
#7785=ORIENTED_EDGE('',*,*,#5590,.F.);
#7786=ORIENTED_EDGE('',*,*,#5591,.T.);
#7787=ORIENTED_EDGE('',*,*,#5589,.F.);
#7788=ORIENTED_EDGE('',*,*,#5592,.T.);
#7789=ORIENTED_EDGE('',*,*,#5593,.F.);
#7790=ORIENTED_EDGE('',*,*,#5592,.F.);
#7791=ORIENTED_EDGE('',*,*,#5591,.F.);
#7792=ORIENTED_EDGE('',*,*,#5594,.T.);
#7793=ORIENTED_EDGE('',*,*,#5595,.T.);
#7794=ORIENTED_EDGE('',*,*,#5596,.T.);
#7795=ORIENTED_EDGE('',*,*,#5597,.T.);
#7796=ORIENTED_EDGE('',*,*,#5598,.T.);
#7797=ORIENTED_EDGE('',*,*,#5599,.T.);
#7798=ORIENTED_EDGE('',*,*,#5600,.T.);
#7799=ORIENTED_EDGE('',*,*,#5601,.F.);
#7800=ORIENTED_EDGE('',*,*,#5602,.T.);
#7801=ORIENTED_EDGE('',*,*,#5603,.T.);
#7802=ORIENTED_EDGE('',*,*,#5604,.T.);
#7803=ORIENTED_EDGE('',*,*,#5605,.T.);
#7804=ORIENTED_EDGE('',*,*,#5596,.F.);
#7805=ORIENTED_EDGE('',*,*,#5606,.T.);
#7806=ORIENTED_EDGE('',*,*,#5607,.F.);
#7807=ORIENTED_EDGE('',*,*,#5608,.T.);
#7808=ORIENTED_EDGE('',*,*,#5609,.F.);
#7809=ORIENTED_EDGE('',*,*,#5610,.T.);
#7810=ORIENTED_EDGE('',*,*,#5605,.F.);
#7811=ORIENTED_EDGE('',*,*,#5611,.T.);
#7812=ORIENTED_EDGE('',*,*,#5601,.T.);
#7813=ORIENTED_EDGE('',*,*,#5612,.T.);
#7814=ORIENTED_EDGE('',*,*,#5599,.F.);
#7815=ORIENTED_EDGE('',*,*,#5613,.T.);
#7816=ORIENTED_EDGE('',*,*,#5593,.T.);
#7817=ORIENTED_EDGE('',*,*,#5614,.T.);
#7818=ORIENTED_EDGE('',*,*,#5615,.T.);
#7819=ORIENTED_EDGE('',*,*,#5609,.T.);
#7820=ORIENTED_EDGE('',*,*,#5616,.T.);
#7821=ORIENTED_EDGE('',*,*,#5617,.T.);
#7822=ORIENTED_EDGE('',*,*,#5607,.T.);
#7823=ORIENTED_EDGE('',*,*,#5618,.T.);
#7824=ORIENTED_EDGE('',*,*,#5438,.F.);
#7825=ORIENTED_EDGE('',*,*,#5619,.T.);
#7826=ORIENTED_EDGE('',*,*,#5617,.F.);
#7827=ORIENTED_EDGE('',*,*,#5620,.T.);
#7828=ORIENTED_EDGE('',*,*,#5619,.F.);
#7829=ORIENTED_EDGE('',*,*,#5437,.T.);
#7830=ORIENTED_EDGE('',*,*,#5621,.F.);
#7831=ORIENTED_EDGE('',*,*,#5622,.F.);
#7832=ORIENTED_EDGE('',*,*,#5614,.F.);
#7833=ORIENTED_EDGE('',*,*,#5608,.F.);
#7834=ORIENTED_EDGE('',*,*,#5621,.T.);
#7835=ORIENTED_EDGE('',*,*,#5436,.F.);
#7836=ORIENTED_EDGE('',*,*,#5623,.T.);
#7837=ORIENTED_EDGE('',*,*,#5615,.F.);
#7838=ORIENTED_EDGE('',*,*,#5622,.T.);
#7839=ORIENTED_EDGE('',*,*,#5623,.F.);
#7840=ORIENTED_EDGE('',*,*,#5435,.T.);
#7841=ORIENTED_EDGE('',*,*,#5624,.F.);
#7842=ORIENTED_EDGE('',*,*,#5625,.F.);
#7843=ORIENTED_EDGE('',*,*,#5603,.F.);
#7844=ORIENTED_EDGE('',*,*,#5610,.F.);
#7845=ORIENTED_EDGE('',*,*,#5624,.T.);
#7846=ORIENTED_EDGE('',*,*,#5434,.F.);
#7847=ORIENTED_EDGE('',*,*,#5626,.T.);
#7848=ORIENTED_EDGE('',*,*,#5604,.F.);
#7849=ORIENTED_EDGE('',*,*,#5625,.T.);
#7850=ORIENTED_EDGE('',*,*,#5626,.F.);
#7851=ORIENTED_EDGE('',*,*,#5433,.T.);
#7852=ORIENTED_EDGE('',*,*,#5627,.F.);
#7853=ORIENTED_EDGE('',*,*,#5628,.F.);
#7854=ORIENTED_EDGE('',*,*,#5602,.F.);
#7855=ORIENTED_EDGE('',*,*,#5611,.F.);
#7856=ORIENTED_EDGE('',*,*,#5629,.T.);
#7857=ORIENTED_EDGE('',*,*,#5627,.T.);
#7858=ORIENTED_EDGE('',*,*,#5432,.F.);
#7859=ORIENTED_EDGE('',*,*,#5600,.F.);
#7860=ORIENTED_EDGE('',*,*,#5628,.T.);
#7861=ORIENTED_EDGE('',*,*,#5629,.F.);
#7862=ORIENTED_EDGE('',*,*,#5431,.T.);
#7863=ORIENTED_EDGE('',*,*,#5630,.F.);
#7864=ORIENTED_EDGE('',*,*,#5631,.F.);
#7865=ORIENTED_EDGE('',*,*,#5597,.F.);
#7866=ORIENTED_EDGE('',*,*,#5612,.F.);
#7867=ORIENTED_EDGE('',*,*,#5630,.T.);
#7868=ORIENTED_EDGE('',*,*,#5430,.F.);
#7869=ORIENTED_EDGE('',*,*,#5632,.T.);
#7870=ORIENTED_EDGE('',*,*,#5598,.F.);
#7871=ORIENTED_EDGE('',*,*,#5631,.T.);
#7872=ORIENTED_EDGE('',*,*,#5632,.F.);
#7873=ORIENTED_EDGE('',*,*,#5429,.T.);
#7874=ORIENTED_EDGE('',*,*,#5633,.F.);
#7875=ORIENTED_EDGE('',*,*,#5634,.F.);
#7876=ORIENTED_EDGE('',*,*,#5594,.F.);
#7877=ORIENTED_EDGE('',*,*,#5613,.F.);
#7878=ORIENTED_EDGE('',*,*,#5633,.T.);
#7879=ORIENTED_EDGE('',*,*,#5428,.F.);
#7880=ORIENTED_EDGE('',*,*,#5635,.T.);
#7881=ORIENTED_EDGE('',*,*,#5595,.F.);
#7882=ORIENTED_EDGE('',*,*,#5634,.T.);
#7883=ORIENTED_EDGE('',*,*,#5635,.F.);
#7884=ORIENTED_EDGE('',*,*,#5427,.T.);
#7885=ORIENTED_EDGE('',*,*,#5618,.F.);
#7886=ORIENTED_EDGE('',*,*,#5620,.F.);
#7887=ORIENTED_EDGE('',*,*,#5616,.F.);
#7888=ORIENTED_EDGE('',*,*,#5606,.F.);
#7889=ORIENTED_EDGE('',*,*,#5636,.F.);
#7890=ORIENTED_EDGE('',*,*,#5637,.F.);
#7891=ORIENTED_EDGE('',*,*,#5638,.T.);
#7892=ORIENTED_EDGE('',*,*,#5636,.T.);
#7893=ORIENTED_EDGE('',*,*,#5638,.F.);
#7894=ORIENTED_EDGE('',*,*,#5639,.F.);
#7895=ORIENTED_EDGE('',*,*,#5637,.T.);
#7896=ORIENTED_EDGE('',*,*,#5640,.F.);
#7897=ORIENTED_EDGE('',*,*,#5641,.T.);
#7898=ORIENTED_EDGE('',*,*,#5639,.T.);
#7899=ORIENTED_EDGE('',*,*,#5641,.F.);
#7900=ORIENTED_EDGE('',*,*,#5642,.T.);
#7901=ORIENTED_EDGE('',*,*,#5643,.T.);
#7902=ORIENTED_EDGE('',*,*,#5640,.T.);
#7903=ORIENTED_EDGE('',*,*,#5643,.F.);
#7904=ORIENTED_EDGE('',*,*,#5644,.T.);
#7905=ORIENTED_EDGE('',*,*,#5642,.F.);
#7906=ORIENTED_EDGE('',*,*,#5645,.T.);
#7907=ORIENTED_EDGE('',*,*,#5646,.F.);
#7908=ORIENTED_EDGE('',*,*,#5645,.F.);
#7909=ORIENTED_EDGE('',*,*,#5644,.F.);
#7910=ORIENTED_EDGE('',*,*,#5647,.T.);
#7911=ORIENTED_EDGE('',*,*,#5648,.T.);
#7912=ORIENTED_EDGE('',*,*,#5649,.T.);
#7913=ORIENTED_EDGE('',*,*,#5650,.T.);
#7914=ORIENTED_EDGE('',*,*,#5651,.T.);
#7915=ORIENTED_EDGE('',*,*,#5652,.T.);
#7916=ORIENTED_EDGE('',*,*,#5653,.T.);
#7917=ORIENTED_EDGE('',*,*,#5654,.F.);
#7918=ORIENTED_EDGE('',*,*,#5655,.T.);
#7919=ORIENTED_EDGE('',*,*,#5656,.T.);
#7920=ORIENTED_EDGE('',*,*,#5657,.T.);
#7921=ORIENTED_EDGE('',*,*,#5658,.T.);
#7922=ORIENTED_EDGE('',*,*,#5649,.F.);
#7923=ORIENTED_EDGE('',*,*,#5659,.T.);
#7924=ORIENTED_EDGE('',*,*,#5660,.F.);
#7925=ORIENTED_EDGE('',*,*,#5661,.T.);
#7926=ORIENTED_EDGE('',*,*,#5662,.F.);
#7927=ORIENTED_EDGE('',*,*,#5663,.T.);
#7928=ORIENTED_EDGE('',*,*,#5658,.F.);
#7929=ORIENTED_EDGE('',*,*,#5664,.T.);
#7930=ORIENTED_EDGE('',*,*,#5654,.T.);
#7931=ORIENTED_EDGE('',*,*,#5665,.T.);
#7932=ORIENTED_EDGE('',*,*,#5652,.F.);
#7933=ORIENTED_EDGE('',*,*,#5666,.T.);
#7934=ORIENTED_EDGE('',*,*,#5646,.T.);
#7935=ORIENTED_EDGE('',*,*,#5667,.T.);
#7936=ORIENTED_EDGE('',*,*,#5668,.T.);
#7937=ORIENTED_EDGE('',*,*,#5662,.T.);
#7938=ORIENTED_EDGE('',*,*,#5669,.T.);
#7939=ORIENTED_EDGE('',*,*,#5670,.T.);
#7940=ORIENTED_EDGE('',*,*,#5660,.T.);
#7941=ORIENTED_EDGE('',*,*,#5671,.T.);
#7942=ORIENTED_EDGE('',*,*,#5426,.F.);
#7943=ORIENTED_EDGE('',*,*,#5672,.T.);
#7944=ORIENTED_EDGE('',*,*,#5670,.F.);
#7945=ORIENTED_EDGE('',*,*,#5673,.T.);
#7946=ORIENTED_EDGE('',*,*,#5672,.F.);
#7947=ORIENTED_EDGE('',*,*,#5425,.T.);
#7948=ORIENTED_EDGE('',*,*,#5674,.F.);
#7949=ORIENTED_EDGE('',*,*,#5675,.F.);
#7950=ORIENTED_EDGE('',*,*,#5667,.F.);
#7951=ORIENTED_EDGE('',*,*,#5661,.F.);
#7952=ORIENTED_EDGE('',*,*,#5674,.T.);
#7953=ORIENTED_EDGE('',*,*,#5424,.F.);
#7954=ORIENTED_EDGE('',*,*,#5676,.T.);
#7955=ORIENTED_EDGE('',*,*,#5668,.F.);
#7956=ORIENTED_EDGE('',*,*,#5675,.T.);
#7957=ORIENTED_EDGE('',*,*,#5676,.F.);
#7958=ORIENTED_EDGE('',*,*,#5423,.T.);
#7959=ORIENTED_EDGE('',*,*,#5677,.F.);
#7960=ORIENTED_EDGE('',*,*,#5678,.F.);
#7961=ORIENTED_EDGE('',*,*,#5656,.F.);
#7962=ORIENTED_EDGE('',*,*,#5663,.F.);
#7963=ORIENTED_EDGE('',*,*,#5677,.T.);
#7964=ORIENTED_EDGE('',*,*,#5422,.F.);
#7965=ORIENTED_EDGE('',*,*,#5679,.T.);
#7966=ORIENTED_EDGE('',*,*,#5657,.F.);
#7967=ORIENTED_EDGE('',*,*,#5678,.T.);
#7968=ORIENTED_EDGE('',*,*,#5679,.F.);
#7969=ORIENTED_EDGE('',*,*,#5421,.T.);
#7970=ORIENTED_EDGE('',*,*,#5680,.F.);
#7971=ORIENTED_EDGE('',*,*,#5681,.F.);
#7972=ORIENTED_EDGE('',*,*,#5655,.F.);
#7973=ORIENTED_EDGE('',*,*,#5664,.F.);
#7974=ORIENTED_EDGE('',*,*,#5682,.T.);
#7975=ORIENTED_EDGE('',*,*,#5680,.T.);
#7976=ORIENTED_EDGE('',*,*,#5420,.F.);
#7977=ORIENTED_EDGE('',*,*,#5653,.F.);
#7978=ORIENTED_EDGE('',*,*,#5681,.T.);
#7979=ORIENTED_EDGE('',*,*,#5682,.F.);
#7980=ORIENTED_EDGE('',*,*,#5419,.T.);
#7981=ORIENTED_EDGE('',*,*,#5683,.F.);
#7982=ORIENTED_EDGE('',*,*,#5684,.F.);
#7983=ORIENTED_EDGE('',*,*,#5650,.F.);
#7984=ORIENTED_EDGE('',*,*,#5665,.F.);
#7985=ORIENTED_EDGE('',*,*,#5683,.T.);
#7986=ORIENTED_EDGE('',*,*,#5418,.F.);
#7987=ORIENTED_EDGE('',*,*,#5685,.T.);
#7988=ORIENTED_EDGE('',*,*,#5651,.F.);
#7989=ORIENTED_EDGE('',*,*,#5684,.T.);
#7990=ORIENTED_EDGE('',*,*,#5685,.F.);
#7991=ORIENTED_EDGE('',*,*,#5417,.T.);
#7992=ORIENTED_EDGE('',*,*,#5686,.F.);
#7993=ORIENTED_EDGE('',*,*,#5687,.F.);
#7994=ORIENTED_EDGE('',*,*,#5647,.F.);
#7995=ORIENTED_EDGE('',*,*,#5666,.F.);
#7996=ORIENTED_EDGE('',*,*,#5686,.T.);
#7997=ORIENTED_EDGE('',*,*,#5416,.F.);
#7998=ORIENTED_EDGE('',*,*,#5688,.T.);
#7999=ORIENTED_EDGE('',*,*,#5648,.F.);
#8000=ORIENTED_EDGE('',*,*,#5687,.T.);
#8001=ORIENTED_EDGE('',*,*,#5688,.F.);
#8002=ORIENTED_EDGE('',*,*,#5415,.T.);
#8003=ORIENTED_EDGE('',*,*,#5671,.F.);
#8004=ORIENTED_EDGE('',*,*,#5673,.F.);
#8005=ORIENTED_EDGE('',*,*,#5669,.F.);
#8006=ORIENTED_EDGE('',*,*,#5659,.F.);
#8007=ORIENTED_EDGE('',*,*,#5689,.F.);
#8008=ORIENTED_EDGE('',*,*,#5690,.T.);
#8009=ORIENTED_EDGE('',*,*,#5691,.F.);
#8010=ORIENTED_EDGE('',*,*,#5407,.T.);
#8011=ORIENTED_EDGE('',*,*,#5692,.F.);
#8012=ORIENTED_EDGE('',*,*,#5693,.F.);
#8013=ORIENTED_EDGE('',*,*,#5694,.F.);
#8014=ORIENTED_EDGE('',*,*,#5695,.F.);
#8015=ORIENTED_EDGE('',*,*,#5696,.F.);
#8016=ORIENTED_EDGE('',*,*,#5693,.T.);
#8017=ORIENTED_EDGE('',*,*,#5697,.F.);
#8018=ORIENTED_EDGE('',*,*,#5405,.T.);
#8019=ORIENTED_EDGE('',*,*,#5698,.F.);
#8020=ORIENTED_EDGE('',*,*,#5699,.F.);
#8021=ORIENTED_EDGE('',*,*,#5700,.F.);
#8022=ORIENTED_EDGE('',*,*,#5701,.F.);
#8023=ORIENTED_EDGE('',*,*,#5702,.F.);
#8024=ORIENTED_EDGE('',*,*,#5699,.T.);
#8025=ORIENTED_EDGE('',*,*,#5703,.F.);
#8026=ORIENTED_EDGE('',*,*,#5403,.T.);
#8027=ORIENTED_EDGE('',*,*,#5704,.F.);
#8028=ORIENTED_EDGE('',*,*,#5705,.F.);
#8029=ORIENTED_EDGE('',*,*,#5706,.F.);
#8030=ORIENTED_EDGE('',*,*,#5707,.F.);
#8031=ORIENTED_EDGE('',*,*,#5708,.F.);
#8032=ORIENTED_EDGE('',*,*,#5705,.T.);
#8033=ORIENTED_EDGE('',*,*,#5709,.F.);
#8034=ORIENTED_EDGE('',*,*,#5413,.T.);
#8035=ORIENTED_EDGE('',*,*,#5710,.F.);
#8036=ORIENTED_EDGE('',*,*,#5711,.F.);
#8037=ORIENTED_EDGE('',*,*,#5712,.F.);
#8038=ORIENTED_EDGE('',*,*,#5713,.F.);
#8039=ORIENTED_EDGE('',*,*,#5714,.F.);
#8040=ORIENTED_EDGE('',*,*,#5711,.T.);
#8041=ORIENTED_EDGE('',*,*,#5715,.F.);
#8042=ORIENTED_EDGE('',*,*,#5411,.T.);
#8043=ORIENTED_EDGE('',*,*,#5716,.F.);
#8044=ORIENTED_EDGE('',*,*,#5717,.F.);
#8045=ORIENTED_EDGE('',*,*,#5718,.F.);
#8046=ORIENTED_EDGE('',*,*,#5719,.F.);
#8047=ORIENTED_EDGE('',*,*,#5720,.F.);
#8048=ORIENTED_EDGE('',*,*,#5717,.T.);
#8049=ORIENTED_EDGE('',*,*,#5721,.F.);
#8050=ORIENTED_EDGE('',*,*,#5409,.T.);
#8051=ORIENTED_EDGE('',*,*,#5722,.F.);
#8052=ORIENTED_EDGE('',*,*,#5690,.F.);
#8053=ORIENTED_EDGE('',*,*,#5723,.F.);
#8054=ORIENTED_EDGE('',*,*,#5724,.F.);
#8055=ORIENTED_EDGE('',*,*,#5725,.F.);
#8056=ORIENTED_EDGE('',*,*,#5707,.T.);
#8057=ORIENTED_EDGE('',*,*,#5726,.F.);
#8058=ORIENTED_EDGE('',*,*,#5713,.T.);
#8059=ORIENTED_EDGE('',*,*,#5727,.F.);
#8060=ORIENTED_EDGE('',*,*,#5719,.T.);
#8061=ORIENTED_EDGE('',*,*,#5728,.F.);
#8062=ORIENTED_EDGE('',*,*,#5724,.T.);
#8063=ORIENTED_EDGE('',*,*,#5729,.T.);
#8064=ORIENTED_EDGE('',*,*,#5695,.T.);
#8065=ORIENTED_EDGE('',*,*,#5730,.F.);
#8066=ORIENTED_EDGE('',*,*,#5701,.T.);
#8067=ORIENTED_EDGE('',*,*,#5731,.T.);
#8068=ORIENTED_EDGE('',*,*,#5716,.T.);
#8069=ORIENTED_EDGE('',*,*,#5410,.F.);
#8070=ORIENTED_EDGE('',*,*,#5721,.T.);
#8071=ORIENTED_EDGE('',*,*,#5691,.T.);
#8072=ORIENTED_EDGE('',*,*,#5722,.T.);
#8073=ORIENTED_EDGE('',*,*,#5408,.F.);
#8074=ORIENTED_EDGE('',*,*,#5710,.T.);
#8075=ORIENTED_EDGE('',*,*,#5412,.F.);
#8076=ORIENTED_EDGE('',*,*,#5715,.T.);
#8077=ORIENTED_EDGE('',*,*,#5704,.T.);
#8078=ORIENTED_EDGE('',*,*,#5414,.F.);
#8079=ORIENTED_EDGE('',*,*,#5709,.T.);
#8080=ORIENTED_EDGE('',*,*,#5698,.T.);
#8081=ORIENTED_EDGE('',*,*,#5404,.F.);
#8082=ORIENTED_EDGE('',*,*,#5703,.T.);
#8083=ORIENTED_EDGE('',*,*,#5692,.T.);
#8084=ORIENTED_EDGE('',*,*,#5406,.F.);
#8085=ORIENTED_EDGE('',*,*,#5697,.T.);
#8086=ORIENTED_EDGE('',*,*,#5706,.T.);
#8087=ORIENTED_EDGE('',*,*,#5708,.T.);
#8088=ORIENTED_EDGE('',*,*,#5726,.T.);
#8089=ORIENTED_EDGE('',*,*,#5712,.T.);
#8090=ORIENTED_EDGE('',*,*,#5714,.T.);
#8091=ORIENTED_EDGE('',*,*,#5727,.T.);
#8092=ORIENTED_EDGE('',*,*,#5718,.T.);
#8093=ORIENTED_EDGE('',*,*,#5720,.T.);
#8094=ORIENTED_EDGE('',*,*,#5728,.T.);
#8095=ORIENTED_EDGE('',*,*,#5689,.T.);
#8096=ORIENTED_EDGE('',*,*,#5729,.F.);
#8097=ORIENTED_EDGE('',*,*,#5723,.T.);
#8098=ORIENTED_EDGE('',*,*,#5694,.T.);
#8099=ORIENTED_EDGE('',*,*,#5696,.T.);
#8100=ORIENTED_EDGE('',*,*,#5730,.T.);
#8101=ORIENTED_EDGE('',*,*,#5700,.T.);
#8102=ORIENTED_EDGE('',*,*,#5702,.T.);
#8103=ORIENTED_EDGE('',*,*,#5725,.T.);
#8104=ORIENTED_EDGE('',*,*,#5732,.F.);
#8105=ORIENTED_EDGE('',*,*,#5733,.T.);
#8106=ORIENTED_EDGE('',*,*,#5731,.F.);
#8107=ORIENTED_EDGE('',*,*,#5733,.F.);
#8108=ORIENTED_EDGE('',*,*,#5734,.F.);
#8109=ORIENTED_EDGE('',*,*,#5735,.F.);
#8110=ORIENTED_EDGE('',*,*,#5736,.F.);
#8111=ORIENTED_EDGE('',*,*,#5737,.T.);
#8112=ORIENTED_EDGE('',*,*,#5735,.T.);
#8113=ORIENTED_EDGE('',*,*,#5737,.F.);
#8114=ORIENTED_EDGE('',*,*,#5738,.F.);
#8115=ORIENTED_EDGE('',*,*,#5736,.T.);
#8116=ORIENTED_EDGE('',*,*,#5739,.F.);
#8117=ORIENTED_EDGE('',*,*,#5740,.T.);
#8118=ORIENTED_EDGE('',*,*,#5738,.T.);
#8119=ORIENTED_EDGE('',*,*,#5740,.F.);
#8120=ORIENTED_EDGE('',*,*,#5732,.T.);
#8121=ORIENTED_EDGE('',*,*,#5741,.T.);
#8122=ORIENTED_EDGE('',*,*,#5739,.T.);
#8123=ORIENTED_EDGE('',*,*,#5741,.F.);
#8124=ORIENTED_EDGE('',*,*,#5734,.T.);
#8125=ORIENTED_EDGE('',*,*,#5742,.T.);
#8126=ORIENTED_EDGE('',*,*,#5743,.T.);
#8127=ORIENTED_EDGE('',*,*,#5744,.F.);
#8128=ORIENTED_EDGE('',*,*,#5745,.F.);
#8129=ORIENTED_EDGE('',*,*,#5744,.T.);
#8130=ORIENTED_EDGE('',*,*,#5746,.T.);
#8131=ORIENTED_EDGE('',*,*,#5747,.F.);
#8132=ORIENTED_EDGE('',*,*,#5748,.F.);
#8133=ORIENTED_EDGE('',*,*,#5747,.T.);
#8134=ORIENTED_EDGE('',*,*,#5749,.T.);
#8135=ORIENTED_EDGE('',*,*,#5750,.F.);
#8136=ORIENTED_EDGE('',*,*,#5751,.F.);
#8137=ORIENTED_EDGE('',*,*,#5750,.T.);
#8138=ORIENTED_EDGE('',*,*,#5752,.T.);
#8139=ORIENTED_EDGE('',*,*,#5753,.F.);
#8140=ORIENTED_EDGE('',*,*,#5754,.F.);
#8141=ORIENTED_EDGE('',*,*,#5753,.T.);
#8142=ORIENTED_EDGE('',*,*,#5755,.T.);
#8143=ORIENTED_EDGE('',*,*,#5756,.F.);
#8144=ORIENTED_EDGE('',*,*,#5757,.F.);
#8145=ORIENTED_EDGE('',*,*,#5756,.T.);
#8146=ORIENTED_EDGE('',*,*,#5758,.T.);
#8147=ORIENTED_EDGE('',*,*,#5742,.F.);
#8148=ORIENTED_EDGE('',*,*,#5759,.F.);
#8149=ORIENTED_EDGE('',*,*,#5758,.F.);
#8150=ORIENTED_EDGE('',*,*,#5755,.F.);
#8151=ORIENTED_EDGE('',*,*,#5760,.T.);
#8152=ORIENTED_EDGE('',*,*,#5761,.F.);
#8153=ORIENTED_EDGE('',*,*,#5760,.F.);
#8154=ORIENTED_EDGE('',*,*,#5752,.F.);
#8155=ORIENTED_EDGE('',*,*,#5749,.F.);
#8156=ORIENTED_EDGE('',*,*,#5746,.F.);
#8157=ORIENTED_EDGE('',*,*,#5743,.F.);
#8158=ORIENTED_EDGE('',*,*,#5761,.T.);
#8159=ORIENTED_EDGE('',*,*,#5762,.T.);
#8160=ORIENTED_EDGE('',*,*,#5763,.T.);
#8161=ORIENTED_EDGE('',*,*,#5764,.F.);
#8162=ORIENTED_EDGE('',*,*,#5765,.F.);
#8163=ORIENTED_EDGE('',*,*,#5764,.T.);
#8164=ORIENTED_EDGE('',*,*,#5766,.T.);
#8165=ORIENTED_EDGE('',*,*,#5767,.F.);
#8166=ORIENTED_EDGE('',*,*,#5768,.F.);
#8167=ORIENTED_EDGE('',*,*,#5767,.T.);
#8168=ORIENTED_EDGE('',*,*,#5769,.T.);
#8169=ORIENTED_EDGE('',*,*,#5770,.F.);
#8170=ORIENTED_EDGE('',*,*,#5771,.F.);
#8171=ORIENTED_EDGE('',*,*,#5770,.T.);
#8172=ORIENTED_EDGE('',*,*,#5772,.T.);
#8173=ORIENTED_EDGE('',*,*,#5773,.F.);
#8174=ORIENTED_EDGE('',*,*,#5774,.F.);
#8175=ORIENTED_EDGE('',*,*,#5773,.T.);
#8176=ORIENTED_EDGE('',*,*,#5775,.T.);
#8177=ORIENTED_EDGE('',*,*,#5776,.F.);
#8178=ORIENTED_EDGE('',*,*,#5777,.F.);
#8179=ORIENTED_EDGE('',*,*,#5776,.T.);
#8180=ORIENTED_EDGE('',*,*,#5778,.T.);
#8181=ORIENTED_EDGE('',*,*,#5762,.F.);
#8182=ORIENTED_EDGE('',*,*,#5779,.F.);
#8183=ORIENTED_EDGE('',*,*,#5778,.F.);
#8184=ORIENTED_EDGE('',*,*,#5775,.F.);
#8185=ORIENTED_EDGE('',*,*,#5780,.T.);
#8186=ORIENTED_EDGE('',*,*,#5781,.F.);
#8187=ORIENTED_EDGE('',*,*,#5780,.F.);
#8188=ORIENTED_EDGE('',*,*,#5772,.F.);
#8189=ORIENTED_EDGE('',*,*,#5769,.F.);
#8190=ORIENTED_EDGE('',*,*,#5766,.F.);
#8191=ORIENTED_EDGE('',*,*,#5763,.F.);
#8192=ORIENTED_EDGE('',*,*,#5781,.T.);
#8193=ORIENTED_EDGE('',*,*,#5782,.T.);
#8194=ORIENTED_EDGE('',*,*,#5783,.T.);
#8195=ORIENTED_EDGE('',*,*,#5784,.F.);
#8196=ORIENTED_EDGE('',*,*,#5785,.F.);
#8197=ORIENTED_EDGE('',*,*,#5784,.T.);
#8198=ORIENTED_EDGE('',*,*,#5786,.T.);
#8199=ORIENTED_EDGE('',*,*,#5787,.F.);
#8200=ORIENTED_EDGE('',*,*,#5788,.F.);
#8201=ORIENTED_EDGE('',*,*,#5787,.T.);
#8202=ORIENTED_EDGE('',*,*,#5789,.T.);
#8203=ORIENTED_EDGE('',*,*,#5790,.F.);
#8204=ORIENTED_EDGE('',*,*,#5791,.F.);
#8205=ORIENTED_EDGE('',*,*,#5790,.T.);
#8206=ORIENTED_EDGE('',*,*,#5792,.T.);
#8207=ORIENTED_EDGE('',*,*,#5793,.F.);
#8208=ORIENTED_EDGE('',*,*,#5794,.F.);
#8209=ORIENTED_EDGE('',*,*,#5793,.T.);
#8210=ORIENTED_EDGE('',*,*,#5795,.T.);
#8211=ORIENTED_EDGE('',*,*,#5796,.F.);
#8212=ORIENTED_EDGE('',*,*,#5797,.F.);
#8213=ORIENTED_EDGE('',*,*,#5796,.T.);
#8214=ORIENTED_EDGE('',*,*,#5798,.T.);
#8215=ORIENTED_EDGE('',*,*,#5782,.F.);
#8216=ORIENTED_EDGE('',*,*,#5799,.F.);
#8217=ORIENTED_EDGE('',*,*,#5798,.F.);
#8218=ORIENTED_EDGE('',*,*,#5795,.F.);
#8219=ORIENTED_EDGE('',*,*,#5800,.T.);
#8220=ORIENTED_EDGE('',*,*,#5801,.F.);
#8221=ORIENTED_EDGE('',*,*,#5800,.F.);
#8222=ORIENTED_EDGE('',*,*,#5792,.F.);
#8223=ORIENTED_EDGE('',*,*,#5789,.F.);
#8224=ORIENTED_EDGE('',*,*,#5786,.F.);
#8225=ORIENTED_EDGE('',*,*,#5783,.F.);
#8226=ORIENTED_EDGE('',*,*,#5801,.T.);
#8227=ORIENTED_EDGE('',*,*,#5802,.F.);
#8228=ORIENTED_EDGE('',*,*,#5803,.T.);
#8229=ORIENTED_EDGE('',*,*,#5804,.T.);
#8230=ORIENTED_EDGE('',*,*,#5803,.F.);
#8231=ORIENTED_EDGE('',*,*,#5805,.T.);
#8232=ORIENTED_EDGE('',*,*,#5806,.T.);
#8233=ORIENTED_EDGE('',*,*,#5807,.F.);
#8234=ORIENTED_EDGE('',*,*,#5806,.F.);
#8235=ORIENTED_EDGE('',*,*,#5808,.F.);
#8236=ORIENTED_EDGE('',*,*,#5809,.T.);
#8237=ORIENTED_EDGE('',*,*,#5810,.T.);
#8238=ORIENTED_EDGE('',*,*,#5809,.F.);
#8239=ORIENTED_EDGE('',*,*,#5811,.F.);
#8240=ORIENTED_EDGE('',*,*,#5812,.T.);
#8241=ORIENTED_EDGE('',*,*,#5813,.T.);
#8242=ORIENTED_EDGE('',*,*,#5812,.F.);
#8243=ORIENTED_EDGE('',*,*,#5804,.F.);
#8244=ORIENTED_EDGE('',*,*,#5805,.F.);
#8245=ORIENTED_EDGE('',*,*,#5765,.T.);
#8246=ORIENTED_EDGE('',*,*,#5768,.T.);
#8247=ORIENTED_EDGE('',*,*,#5771,.T.);
#8248=ORIENTED_EDGE('',*,*,#5774,.T.);
#8249=ORIENTED_EDGE('',*,*,#5777,.T.);
#8250=ORIENTED_EDGE('',*,*,#5779,.T.);
#8251=ORIENTED_EDGE('',*,*,#5328,.F.);
#8252=ORIENTED_EDGE('',*,*,#5334,.T.);
#8253=ORIENTED_EDGE('',*,*,#5338,.F.);
#8254=ORIENTED_EDGE('',*,*,#5342,.T.);
#8255=ORIENTED_EDGE('',*,*,#5346,.F.);
#8256=ORIENTED_EDGE('',*,*,#5350,.T.);
#8257=ORIENTED_EDGE('',*,*,#5354,.F.);
#8258=ORIENTED_EDGE('',*,*,#5358,.T.);
#8259=ORIENTED_EDGE('',*,*,#5362,.F.);
#8260=ORIENTED_EDGE('',*,*,#5366,.T.);
#8261=ORIENTED_EDGE('',*,*,#5369,.F.);
#8262=ORIENTED_EDGE('',*,*,#5372,.T.);
#8263=ORIENTED_EDGE('',*,*,#5256,.F.);
#8264=ORIENTED_EDGE('',*,*,#5228,.T.);
#8265=ORIENTED_EDGE('',*,*,#5258,.F.);
#8266=ORIENTED_EDGE('',*,*,#5225,.T.);
#8267=ORIENTED_EDGE('',*,*,#5259,.F.);
#8268=ORIENTED_EDGE('',*,*,#5238,.T.);
#8269=ORIENTED_EDGE('',*,*,#5249,.F.);
#8270=ORIENTED_EDGE('',*,*,#5240,.T.);
#8271=ORIENTED_EDGE('',*,*,#5252,.F.);
#8272=ORIENTED_EDGE('',*,*,#5234,.T.);
#8273=ORIENTED_EDGE('',*,*,#5254,.F.);
#8274=ORIENTED_EDGE('',*,*,#5231,.T.);
#8275=ORIENTED_EDGE('',*,*,#5263,.F.);
#8276=ORIENTED_EDGE('',*,*,#5269,.T.);
#8277=ORIENTED_EDGE('',*,*,#5273,.F.);
#8278=ORIENTED_EDGE('',*,*,#5277,.T.);
#8279=ORIENTED_EDGE('',*,*,#5281,.F.);
#8280=ORIENTED_EDGE('',*,*,#5285,.T.);
#8281=ORIENTED_EDGE('',*,*,#5289,.F.);
#8282=ORIENTED_EDGE('',*,*,#5293,.T.);
#8283=ORIENTED_EDGE('',*,*,#5297,.F.);
#8284=ORIENTED_EDGE('',*,*,#5301,.T.);
#8285=ORIENTED_EDGE('',*,*,#5304,.F.);
#8286=ORIENTED_EDGE('',*,*,#5307,.T.);
#8287=ORIENTED_EDGE('',*,*,#5745,.T.);
#8288=ORIENTED_EDGE('',*,*,#5748,.T.);
#8289=ORIENTED_EDGE('',*,*,#5751,.T.);
#8290=ORIENTED_EDGE('',*,*,#5754,.T.);
#8291=ORIENTED_EDGE('',*,*,#5757,.T.);
#8292=ORIENTED_EDGE('',*,*,#5759,.T.);
#8293=ORIENTED_EDGE('',*,*,#5785,.T.);
#8294=ORIENTED_EDGE('',*,*,#5788,.T.);
#8295=ORIENTED_EDGE('',*,*,#5791,.T.);
#8296=ORIENTED_EDGE('',*,*,#5794,.T.);
#8297=ORIENTED_EDGE('',*,*,#5797,.T.);
#8298=ORIENTED_EDGE('',*,*,#5799,.T.);
#8299=ORIENTED_EDGE('',*,*,#5802,.T.);
#8300=ORIENTED_EDGE('',*,*,#5536,.F.);
#8301=ORIENTED_EDGE('',*,*,#5526,.F.);
#8302=ORIENTED_EDGE('',*,*,#5516,.F.);
#8303=ORIENTED_EDGE('',*,*,#5521,.F.);
#8304=ORIENTED_EDGE('',*,*,#5531,.F.);
#8305=ORIENTED_EDGE('',*,*,#5541,.F.);
#8306=ORIENTED_EDGE('',*,*,#5810,.F.);
#8307=ORIENTED_EDGE('',*,*,#5811,.T.);
#8308=ORIENTED_EDGE('',*,*,#5807,.T.);
#8309=ORIENTED_EDGE('',*,*,#4932,.F.);
#8310=ORIENTED_EDGE('',*,*,#4904,.T.);
#8311=ORIENTED_EDGE('',*,*,#4934,.F.);
#8312=ORIENTED_EDGE('',*,*,#4901,.T.);
#8313=ORIENTED_EDGE('',*,*,#4935,.F.);
#8314=ORIENTED_EDGE('',*,*,#4914,.T.);
#8315=ORIENTED_EDGE('',*,*,#4925,.F.);
#8316=ORIENTED_EDGE('',*,*,#4916,.T.);
#8317=ORIENTED_EDGE('',*,*,#4928,.F.);
#8318=ORIENTED_EDGE('',*,*,#4910,.T.);
#8319=ORIENTED_EDGE('',*,*,#4930,.F.);
#8320=ORIENTED_EDGE('',*,*,#4907,.T.);
#8321=ORIENTED_EDGE('',*,*,#4939,.F.);
#8322=ORIENTED_EDGE('',*,*,#4945,.T.);
#8323=ORIENTED_EDGE('',*,*,#4949,.F.);
#8324=ORIENTED_EDGE('',*,*,#4953,.T.);
#8325=ORIENTED_EDGE('',*,*,#4957,.F.);
#8326=ORIENTED_EDGE('',*,*,#4961,.T.);
#8327=ORIENTED_EDGE('',*,*,#4965,.F.);
#8328=ORIENTED_EDGE('',*,*,#4969,.T.);
#8329=ORIENTED_EDGE('',*,*,#4973,.F.);
#8330=ORIENTED_EDGE('',*,*,#4977,.T.);
#8331=ORIENTED_EDGE('',*,*,#4980,.F.);
#8332=ORIENTED_EDGE('',*,*,#4983,.T.);
#8333=ORIENTED_EDGE('',*,*,#5004,.F.);
#8334=ORIENTED_EDGE('',*,*,#5010,.T.);
#8335=ORIENTED_EDGE('',*,*,#5014,.F.);
#8336=ORIENTED_EDGE('',*,*,#5018,.T.);
#8337=ORIENTED_EDGE('',*,*,#5022,.F.);
#8338=ORIENTED_EDGE('',*,*,#5026,.T.);
#8339=ORIENTED_EDGE('',*,*,#5030,.F.);
#8340=ORIENTED_EDGE('',*,*,#5034,.T.);
#8341=ORIENTED_EDGE('',*,*,#5038,.F.);
#8342=ORIENTED_EDGE('',*,*,#5042,.T.);
#8343=ORIENTED_EDGE('',*,*,#5045,.F.);
#8344=ORIENTED_EDGE('',*,*,#5048,.T.);
#8345=ORIENTED_EDGE('',*,*,#5152,.T.);
#8346=ORIENTED_EDGE('',*,*,#5138,.T.);
#8347=ORIENTED_EDGE('',*,*,#5141,.T.);
#8348=ORIENTED_EDGE('',*,*,#5144,.T.);
#8349=ORIENTED_EDGE('',*,*,#5147,.T.);
#8350=ORIENTED_EDGE('',*,*,#5150,.T.);
#8351=ORIENTED_EDGE('',*,*,#5172,.T.);
#8352=ORIENTED_EDGE('',*,*,#5158,.T.);
#8353=ORIENTED_EDGE('',*,*,#5161,.T.);
#8354=ORIENTED_EDGE('',*,*,#5164,.T.);
#8355=ORIENTED_EDGE('',*,*,#5167,.T.);
#8356=ORIENTED_EDGE('',*,*,#5170,.T.);
#8357=ORIENTED_EDGE('',*,*,#5192,.T.);
#8358=ORIENTED_EDGE('',*,*,#5178,.T.);
#8359=ORIENTED_EDGE('',*,*,#5181,.T.);
#8360=ORIENTED_EDGE('',*,*,#5184,.T.);
#8361=ORIENTED_EDGE('',*,*,#5187,.T.);
#8362=ORIENTED_EDGE('',*,*,#5190,.T.);
#8363=ORIENTED_EDGE('',*,*,#5813,.F.);
#8364=ORIENTED_EDGE('',*,*,#5808,.T.);
#8365=ORIENTED_EDGE('',*,*,#5123,.T.);
#8366=ORIENTED_EDGE('',*,*,#5132,.T.);
#8367=ORIENTED_EDGE('',*,*,#5120,.T.);
#8368=ORIENTED_EDGE('',*,*,#5126,.T.);
#8369=ORIENTED_EDGE('',*,*,#5117,.T.);
#8370=ORIENTED_EDGE('',*,*,#5129,.T.);
#8371=ORIENTED_EDGE('',*,*,#5814,.F.);
#8372=ORIENTED_EDGE('',*,*,#5815,.F.);
#8373=ORIENTED_EDGE('',*,*,#5816,.T.);
#8374=ORIENTED_EDGE('',*,*,#5814,.T.);
#8375=ORIENTED_EDGE('',*,*,#5816,.F.);
#8376=ORIENTED_EDGE('',*,*,#5817,.F.);
#8377=ORIENTED_EDGE('',*,*,#5815,.T.);
#8378=ORIENTED_EDGE('',*,*,#5818,.F.);
#8379=ORIENTED_EDGE('',*,*,#5819,.T.);
#8380=ORIENTED_EDGE('',*,*,#5817,.T.);
#8381=ORIENTED_EDGE('',*,*,#5819,.F.);
#8382=ORIENTED_EDGE('',*,*,#5820,.T.);
#8383=ORIENTED_EDGE('',*,*,#5821,.T.);
#8384=ORIENTED_EDGE('',*,*,#5818,.T.);
#8385=ORIENTED_EDGE('',*,*,#5821,.F.);
#8386=ORIENTED_EDGE('',*,*,#5822,.T.);
#8387=ORIENTED_EDGE('',*,*,#5820,.F.);
#8388=ORIENTED_EDGE('',*,*,#5823,.T.);
#8389=ORIENTED_EDGE('',*,*,#5824,.F.);
#8390=ORIENTED_EDGE('',*,*,#5823,.F.);
#8391=ORIENTED_EDGE('',*,*,#5822,.F.);
#8392=ORIENTED_EDGE('',*,*,#5825,.T.);
#8393=ORIENTED_EDGE('',*,*,#5826,.T.);
#8394=ORIENTED_EDGE('',*,*,#5827,.T.);
#8395=ORIENTED_EDGE('',*,*,#5828,.T.);
#8396=ORIENTED_EDGE('',*,*,#5829,.T.);
#8397=ORIENTED_EDGE('',*,*,#5830,.T.);
#8398=ORIENTED_EDGE('',*,*,#5831,.T.);
#8399=ORIENTED_EDGE('',*,*,#5832,.F.);
#8400=ORIENTED_EDGE('',*,*,#5833,.T.);
#8401=ORIENTED_EDGE('',*,*,#5834,.T.);
#8402=ORIENTED_EDGE('',*,*,#5835,.T.);
#8403=ORIENTED_EDGE('',*,*,#5836,.T.);
#8404=ORIENTED_EDGE('',*,*,#5827,.F.);
#8405=ORIENTED_EDGE('',*,*,#5837,.T.);
#8406=ORIENTED_EDGE('',*,*,#5838,.F.);
#8407=ORIENTED_EDGE('',*,*,#5839,.T.);
#8408=ORIENTED_EDGE('',*,*,#5840,.F.);
#8409=ORIENTED_EDGE('',*,*,#5841,.T.);
#8410=ORIENTED_EDGE('',*,*,#5836,.F.);
#8411=ORIENTED_EDGE('',*,*,#5842,.T.);
#8412=ORIENTED_EDGE('',*,*,#5832,.T.);
#8413=ORIENTED_EDGE('',*,*,#5843,.T.);
#8414=ORIENTED_EDGE('',*,*,#5830,.F.);
#8415=ORIENTED_EDGE('',*,*,#5844,.T.);
#8416=ORIENTED_EDGE('',*,*,#5824,.T.);
#8417=ORIENTED_EDGE('',*,*,#5845,.T.);
#8418=ORIENTED_EDGE('',*,*,#5846,.T.);
#8419=ORIENTED_EDGE('',*,*,#5840,.T.);
#8420=ORIENTED_EDGE('',*,*,#5847,.T.);
#8421=ORIENTED_EDGE('',*,*,#5848,.T.);
#8422=ORIENTED_EDGE('',*,*,#5838,.T.);
#8423=ORIENTED_EDGE('',*,*,#5849,.T.);
#8424=ORIENTED_EDGE('',*,*,#4776,.F.);
#8425=ORIENTED_EDGE('',*,*,#5850,.T.);
#8426=ORIENTED_EDGE('',*,*,#5848,.F.);
#8427=ORIENTED_EDGE('',*,*,#5851,.T.);
#8428=ORIENTED_EDGE('',*,*,#5850,.F.);
#8429=ORIENTED_EDGE('',*,*,#4775,.T.);
#8430=ORIENTED_EDGE('',*,*,#5852,.F.);
#8431=ORIENTED_EDGE('',*,*,#5853,.F.);
#8432=ORIENTED_EDGE('',*,*,#5845,.F.);
#8433=ORIENTED_EDGE('',*,*,#5839,.F.);
#8434=ORIENTED_EDGE('',*,*,#5852,.T.);
#8435=ORIENTED_EDGE('',*,*,#4774,.F.);
#8436=ORIENTED_EDGE('',*,*,#5854,.T.);
#8437=ORIENTED_EDGE('',*,*,#5846,.F.);
#8438=ORIENTED_EDGE('',*,*,#5853,.T.);
#8439=ORIENTED_EDGE('',*,*,#5854,.F.);
#8440=ORIENTED_EDGE('',*,*,#4773,.T.);
#8441=ORIENTED_EDGE('',*,*,#5855,.F.);
#8442=ORIENTED_EDGE('',*,*,#5856,.F.);
#8443=ORIENTED_EDGE('',*,*,#5834,.F.);
#8444=ORIENTED_EDGE('',*,*,#5841,.F.);
#8445=ORIENTED_EDGE('',*,*,#5855,.T.);
#8446=ORIENTED_EDGE('',*,*,#4772,.F.);
#8447=ORIENTED_EDGE('',*,*,#5857,.T.);
#8448=ORIENTED_EDGE('',*,*,#5835,.F.);
#8449=ORIENTED_EDGE('',*,*,#5856,.T.);
#8450=ORIENTED_EDGE('',*,*,#5857,.F.);
#8451=ORIENTED_EDGE('',*,*,#4771,.T.);
#8452=ORIENTED_EDGE('',*,*,#5858,.F.);
#8453=ORIENTED_EDGE('',*,*,#5859,.F.);
#8454=ORIENTED_EDGE('',*,*,#5833,.F.);
#8455=ORIENTED_EDGE('',*,*,#5842,.F.);
#8456=ORIENTED_EDGE('',*,*,#5860,.T.);
#8457=ORIENTED_EDGE('',*,*,#5858,.T.);
#8458=ORIENTED_EDGE('',*,*,#4770,.F.);
#8459=ORIENTED_EDGE('',*,*,#5831,.F.);
#8460=ORIENTED_EDGE('',*,*,#5859,.T.);
#8461=ORIENTED_EDGE('',*,*,#5860,.F.);
#8462=ORIENTED_EDGE('',*,*,#4769,.T.);
#8463=ORIENTED_EDGE('',*,*,#5861,.F.);
#8464=ORIENTED_EDGE('',*,*,#5862,.F.);
#8465=ORIENTED_EDGE('',*,*,#5828,.F.);
#8466=ORIENTED_EDGE('',*,*,#5843,.F.);
#8467=ORIENTED_EDGE('',*,*,#5861,.T.);
#8468=ORIENTED_EDGE('',*,*,#4768,.F.);
#8469=ORIENTED_EDGE('',*,*,#5863,.T.);
#8470=ORIENTED_EDGE('',*,*,#5829,.F.);
#8471=ORIENTED_EDGE('',*,*,#5862,.T.);
#8472=ORIENTED_EDGE('',*,*,#5863,.F.);
#8473=ORIENTED_EDGE('',*,*,#4767,.T.);
#8474=ORIENTED_EDGE('',*,*,#5864,.F.);
#8475=ORIENTED_EDGE('',*,*,#5865,.F.);
#8476=ORIENTED_EDGE('',*,*,#5825,.F.);
#8477=ORIENTED_EDGE('',*,*,#5844,.F.);
#8478=ORIENTED_EDGE('',*,*,#5864,.T.);
#8479=ORIENTED_EDGE('',*,*,#4766,.F.);
#8480=ORIENTED_EDGE('',*,*,#5866,.T.);
#8481=ORIENTED_EDGE('',*,*,#5826,.F.);
#8482=ORIENTED_EDGE('',*,*,#5865,.T.);
#8483=ORIENTED_EDGE('',*,*,#5866,.F.);
#8484=ORIENTED_EDGE('',*,*,#4765,.T.);
#8485=ORIENTED_EDGE('',*,*,#5849,.F.);
#8486=ORIENTED_EDGE('',*,*,#5851,.F.);
#8487=ORIENTED_EDGE('',*,*,#5847,.F.);
#8488=ORIENTED_EDGE('',*,*,#5837,.F.);
#8489=ORIENTED_EDGE('',*,*,#5867,.F.);
#8490=ORIENTED_EDGE('',*,*,#5868,.F.);
#8491=ORIENTED_EDGE('',*,*,#5869,.T.);
#8492=ORIENTED_EDGE('',*,*,#5867,.T.);
#8493=ORIENTED_EDGE('',*,*,#5869,.F.);
#8494=ORIENTED_EDGE('',*,*,#5870,.F.);
#8495=ORIENTED_EDGE('',*,*,#5868,.T.);
#8496=ORIENTED_EDGE('',*,*,#5871,.F.);
#8497=ORIENTED_EDGE('',*,*,#5872,.T.);
#8498=ORIENTED_EDGE('',*,*,#5870,.T.);
#8499=ORIENTED_EDGE('',*,*,#5872,.F.);
#8500=ORIENTED_EDGE('',*,*,#5873,.T.);
#8501=ORIENTED_EDGE('',*,*,#5874,.T.);
#8502=ORIENTED_EDGE('',*,*,#5871,.T.);
#8503=ORIENTED_EDGE('',*,*,#5874,.F.);
#8504=ORIENTED_EDGE('',*,*,#5875,.T.);
#8505=ORIENTED_EDGE('',*,*,#5873,.F.);
#8506=ORIENTED_EDGE('',*,*,#5876,.T.);
#8507=ORIENTED_EDGE('',*,*,#5877,.F.);
#8508=ORIENTED_EDGE('',*,*,#5876,.F.);
#8509=ORIENTED_EDGE('',*,*,#5875,.F.);
#8510=ORIENTED_EDGE('',*,*,#5878,.T.);
#8511=ORIENTED_EDGE('',*,*,#5879,.T.);
#8512=ORIENTED_EDGE('',*,*,#5880,.T.);
#8513=ORIENTED_EDGE('',*,*,#5881,.T.);
#8514=ORIENTED_EDGE('',*,*,#5882,.T.);
#8515=ORIENTED_EDGE('',*,*,#5883,.T.);
#8516=ORIENTED_EDGE('',*,*,#5884,.T.);
#8517=ORIENTED_EDGE('',*,*,#5885,.F.);
#8518=ORIENTED_EDGE('',*,*,#5886,.T.);
#8519=ORIENTED_EDGE('',*,*,#5887,.T.);
#8520=ORIENTED_EDGE('',*,*,#5888,.T.);
#8521=ORIENTED_EDGE('',*,*,#5889,.T.);
#8522=ORIENTED_EDGE('',*,*,#5880,.F.);
#8523=ORIENTED_EDGE('',*,*,#5890,.T.);
#8524=ORIENTED_EDGE('',*,*,#5891,.F.);
#8525=ORIENTED_EDGE('',*,*,#5892,.T.);
#8526=ORIENTED_EDGE('',*,*,#5893,.F.);
#8527=ORIENTED_EDGE('',*,*,#5894,.T.);
#8528=ORIENTED_EDGE('',*,*,#5889,.F.);
#8529=ORIENTED_EDGE('',*,*,#5895,.T.);
#8530=ORIENTED_EDGE('',*,*,#5885,.T.);
#8531=ORIENTED_EDGE('',*,*,#5896,.T.);
#8532=ORIENTED_EDGE('',*,*,#5883,.F.);
#8533=ORIENTED_EDGE('',*,*,#5897,.T.);
#8534=ORIENTED_EDGE('',*,*,#5877,.T.);
#8535=ORIENTED_EDGE('',*,*,#5898,.T.);
#8536=ORIENTED_EDGE('',*,*,#5899,.T.);
#8537=ORIENTED_EDGE('',*,*,#5893,.T.);
#8538=ORIENTED_EDGE('',*,*,#5900,.T.);
#8539=ORIENTED_EDGE('',*,*,#5901,.T.);
#8540=ORIENTED_EDGE('',*,*,#5891,.T.);
#8541=ORIENTED_EDGE('',*,*,#5902,.T.);
#8542=ORIENTED_EDGE('',*,*,#4800,.F.);
#8543=ORIENTED_EDGE('',*,*,#5903,.T.);
#8544=ORIENTED_EDGE('',*,*,#5901,.F.);
#8545=ORIENTED_EDGE('',*,*,#5904,.T.);
#8546=ORIENTED_EDGE('',*,*,#5903,.F.);
#8547=ORIENTED_EDGE('',*,*,#4799,.T.);
#8548=ORIENTED_EDGE('',*,*,#5905,.F.);
#8549=ORIENTED_EDGE('',*,*,#5906,.F.);
#8550=ORIENTED_EDGE('',*,*,#5898,.F.);
#8551=ORIENTED_EDGE('',*,*,#5892,.F.);
#8552=ORIENTED_EDGE('',*,*,#5905,.T.);
#8553=ORIENTED_EDGE('',*,*,#4798,.F.);
#8554=ORIENTED_EDGE('',*,*,#5907,.T.);
#8555=ORIENTED_EDGE('',*,*,#5899,.F.);
#8556=ORIENTED_EDGE('',*,*,#5906,.T.);
#8557=ORIENTED_EDGE('',*,*,#5907,.F.);
#8558=ORIENTED_EDGE('',*,*,#4797,.T.);
#8559=ORIENTED_EDGE('',*,*,#5908,.F.);
#8560=ORIENTED_EDGE('',*,*,#5909,.F.);
#8561=ORIENTED_EDGE('',*,*,#5887,.F.);
#8562=ORIENTED_EDGE('',*,*,#5894,.F.);
#8563=ORIENTED_EDGE('',*,*,#5908,.T.);
#8564=ORIENTED_EDGE('',*,*,#4796,.F.);
#8565=ORIENTED_EDGE('',*,*,#5910,.T.);
#8566=ORIENTED_EDGE('',*,*,#5888,.F.);
#8567=ORIENTED_EDGE('',*,*,#5909,.T.);
#8568=ORIENTED_EDGE('',*,*,#5910,.F.);
#8569=ORIENTED_EDGE('',*,*,#4795,.T.);
#8570=ORIENTED_EDGE('',*,*,#5911,.F.);
#8571=ORIENTED_EDGE('',*,*,#5912,.F.);
#8572=ORIENTED_EDGE('',*,*,#5886,.F.);
#8573=ORIENTED_EDGE('',*,*,#5895,.F.);
#8574=ORIENTED_EDGE('',*,*,#5913,.T.);
#8575=ORIENTED_EDGE('',*,*,#5911,.T.);
#8576=ORIENTED_EDGE('',*,*,#4794,.F.);
#8577=ORIENTED_EDGE('',*,*,#5884,.F.);
#8578=ORIENTED_EDGE('',*,*,#5912,.T.);
#8579=ORIENTED_EDGE('',*,*,#5913,.F.);
#8580=ORIENTED_EDGE('',*,*,#4793,.T.);
#8581=ORIENTED_EDGE('',*,*,#5914,.F.);
#8582=ORIENTED_EDGE('',*,*,#5915,.F.);
#8583=ORIENTED_EDGE('',*,*,#5881,.F.);
#8584=ORIENTED_EDGE('',*,*,#5896,.F.);
#8585=ORIENTED_EDGE('',*,*,#5914,.T.);
#8586=ORIENTED_EDGE('',*,*,#4792,.F.);
#8587=ORIENTED_EDGE('',*,*,#5916,.T.);
#8588=ORIENTED_EDGE('',*,*,#5882,.F.);
#8589=ORIENTED_EDGE('',*,*,#5915,.T.);
#8590=ORIENTED_EDGE('',*,*,#5916,.F.);
#8591=ORIENTED_EDGE('',*,*,#4791,.T.);
#8592=ORIENTED_EDGE('',*,*,#5917,.F.);
#8593=ORIENTED_EDGE('',*,*,#5918,.F.);
#8594=ORIENTED_EDGE('',*,*,#5878,.F.);
#8595=ORIENTED_EDGE('',*,*,#5897,.F.);
#8596=ORIENTED_EDGE('',*,*,#5917,.T.);
#8597=ORIENTED_EDGE('',*,*,#4790,.F.);
#8598=ORIENTED_EDGE('',*,*,#5919,.T.);
#8599=ORIENTED_EDGE('',*,*,#5879,.F.);
#8600=ORIENTED_EDGE('',*,*,#5918,.T.);
#8601=ORIENTED_EDGE('',*,*,#5919,.F.);
#8602=ORIENTED_EDGE('',*,*,#4789,.T.);
#8603=ORIENTED_EDGE('',*,*,#5902,.F.);
#8604=ORIENTED_EDGE('',*,*,#5904,.F.);
#8605=ORIENTED_EDGE('',*,*,#5900,.F.);
#8606=ORIENTED_EDGE('',*,*,#5890,.F.);
#8607=ORIENTED_EDGE('',*,*,#5920,.F.);
#8608=ORIENTED_EDGE('',*,*,#5921,.T.);
#8609=ORIENTED_EDGE('',*,*,#5922,.F.);
#8610=ORIENTED_EDGE('',*,*,#4781,.T.);
#8611=ORIENTED_EDGE('',*,*,#5923,.F.);
#8612=ORIENTED_EDGE('',*,*,#5924,.F.);
#8613=ORIENTED_EDGE('',*,*,#5925,.F.);
#8614=ORIENTED_EDGE('',*,*,#5926,.F.);
#8615=ORIENTED_EDGE('',*,*,#5927,.F.);
#8616=ORIENTED_EDGE('',*,*,#5924,.T.);
#8617=ORIENTED_EDGE('',*,*,#5928,.F.);
#8618=ORIENTED_EDGE('',*,*,#4779,.T.);
#8619=ORIENTED_EDGE('',*,*,#5929,.F.);
#8620=ORIENTED_EDGE('',*,*,#5930,.F.);
#8621=ORIENTED_EDGE('',*,*,#5931,.F.);
#8622=ORIENTED_EDGE('',*,*,#5932,.F.);
#8623=ORIENTED_EDGE('',*,*,#5933,.F.);
#8624=ORIENTED_EDGE('',*,*,#5930,.T.);
#8625=ORIENTED_EDGE('',*,*,#5934,.F.);
#8626=ORIENTED_EDGE('',*,*,#4777,.T.);
#8627=ORIENTED_EDGE('',*,*,#5935,.F.);
#8628=ORIENTED_EDGE('',*,*,#5936,.F.);
#8629=ORIENTED_EDGE('',*,*,#5937,.F.);
#8630=ORIENTED_EDGE('',*,*,#5938,.F.);
#8631=ORIENTED_EDGE('',*,*,#5939,.F.);
#8632=ORIENTED_EDGE('',*,*,#5936,.T.);
#8633=ORIENTED_EDGE('',*,*,#5940,.F.);
#8634=ORIENTED_EDGE('',*,*,#4787,.T.);
#8635=ORIENTED_EDGE('',*,*,#5941,.F.);
#8636=ORIENTED_EDGE('',*,*,#5942,.F.);
#8637=ORIENTED_EDGE('',*,*,#5943,.F.);
#8638=ORIENTED_EDGE('',*,*,#5944,.F.);
#8639=ORIENTED_EDGE('',*,*,#5945,.F.);
#8640=ORIENTED_EDGE('',*,*,#5942,.T.);
#8641=ORIENTED_EDGE('',*,*,#5946,.F.);
#8642=ORIENTED_EDGE('',*,*,#4785,.T.);
#8643=ORIENTED_EDGE('',*,*,#5947,.F.);
#8644=ORIENTED_EDGE('',*,*,#5948,.F.);
#8645=ORIENTED_EDGE('',*,*,#5949,.F.);
#8646=ORIENTED_EDGE('',*,*,#5950,.F.);
#8647=ORIENTED_EDGE('',*,*,#5951,.F.);
#8648=ORIENTED_EDGE('',*,*,#5948,.T.);
#8649=ORIENTED_EDGE('',*,*,#5952,.F.);
#8650=ORIENTED_EDGE('',*,*,#4783,.T.);
#8651=ORIENTED_EDGE('',*,*,#5953,.F.);
#8652=ORIENTED_EDGE('',*,*,#5921,.F.);
#8653=ORIENTED_EDGE('',*,*,#5954,.F.);
#8654=ORIENTED_EDGE('',*,*,#5955,.F.);
#8655=ORIENTED_EDGE('',*,*,#5956,.F.);
#8656=ORIENTED_EDGE('',*,*,#5938,.T.);
#8657=ORIENTED_EDGE('',*,*,#5957,.F.);
#8658=ORIENTED_EDGE('',*,*,#5944,.T.);
#8659=ORIENTED_EDGE('',*,*,#5958,.F.);
#8660=ORIENTED_EDGE('',*,*,#5950,.T.);
#8661=ORIENTED_EDGE('',*,*,#5959,.F.);
#8662=ORIENTED_EDGE('',*,*,#5955,.T.);
#8663=ORIENTED_EDGE('',*,*,#5960,.T.);
#8664=ORIENTED_EDGE('',*,*,#5926,.T.);
#8665=ORIENTED_EDGE('',*,*,#5961,.F.);
#8666=ORIENTED_EDGE('',*,*,#5932,.T.);
#8667=ORIENTED_EDGE('',*,*,#5962,.T.);
#8668=ORIENTED_EDGE('',*,*,#5947,.T.);
#8669=ORIENTED_EDGE('',*,*,#4784,.F.);
#8670=ORIENTED_EDGE('',*,*,#5952,.T.);
#8671=ORIENTED_EDGE('',*,*,#5922,.T.);
#8672=ORIENTED_EDGE('',*,*,#5953,.T.);
#8673=ORIENTED_EDGE('',*,*,#4782,.F.);
#8674=ORIENTED_EDGE('',*,*,#5941,.T.);
#8675=ORIENTED_EDGE('',*,*,#4786,.F.);
#8676=ORIENTED_EDGE('',*,*,#5946,.T.);
#8677=ORIENTED_EDGE('',*,*,#5935,.T.);
#8678=ORIENTED_EDGE('',*,*,#4788,.F.);
#8679=ORIENTED_EDGE('',*,*,#5940,.T.);
#8680=ORIENTED_EDGE('',*,*,#5929,.T.);
#8681=ORIENTED_EDGE('',*,*,#4778,.F.);
#8682=ORIENTED_EDGE('',*,*,#5934,.T.);
#8683=ORIENTED_EDGE('',*,*,#5923,.T.);
#8684=ORIENTED_EDGE('',*,*,#4780,.F.);
#8685=ORIENTED_EDGE('',*,*,#5928,.T.);
#8686=ORIENTED_EDGE('',*,*,#5937,.T.);
#8687=ORIENTED_EDGE('',*,*,#5939,.T.);
#8688=ORIENTED_EDGE('',*,*,#5957,.T.);
#8689=ORIENTED_EDGE('',*,*,#5943,.T.);
#8690=ORIENTED_EDGE('',*,*,#5945,.T.);
#8691=ORIENTED_EDGE('',*,*,#5958,.T.);
#8692=ORIENTED_EDGE('',*,*,#5949,.T.);
#8693=ORIENTED_EDGE('',*,*,#5951,.T.);
#8694=ORIENTED_EDGE('',*,*,#5959,.T.);
#8695=ORIENTED_EDGE('',*,*,#5920,.T.);
#8696=ORIENTED_EDGE('',*,*,#5960,.F.);
#8697=ORIENTED_EDGE('',*,*,#5954,.T.);
#8698=ORIENTED_EDGE('',*,*,#5925,.T.);
#8699=ORIENTED_EDGE('',*,*,#5927,.T.);
#8700=ORIENTED_EDGE('',*,*,#5961,.T.);
#8701=ORIENTED_EDGE('',*,*,#5931,.T.);
#8702=ORIENTED_EDGE('',*,*,#5933,.T.);
#8703=ORIENTED_EDGE('',*,*,#5956,.T.);
#8704=ORIENTED_EDGE('',*,*,#5963,.F.);
#8705=ORIENTED_EDGE('',*,*,#5964,.T.);
#8706=ORIENTED_EDGE('',*,*,#5962,.F.);
#8707=ORIENTED_EDGE('',*,*,#5964,.F.);
#8708=ORIENTED_EDGE('',*,*,#5965,.F.);
#8709=ORIENTED_EDGE('',*,*,#5966,.F.);
#8710=ORIENTED_EDGE('',*,*,#5967,.F.);
#8711=ORIENTED_EDGE('',*,*,#5968,.T.);
#8712=ORIENTED_EDGE('',*,*,#5966,.T.);
#8713=ORIENTED_EDGE('',*,*,#5968,.F.);
#8714=ORIENTED_EDGE('',*,*,#5969,.F.);
#8715=ORIENTED_EDGE('',*,*,#5967,.T.);
#8716=ORIENTED_EDGE('',*,*,#5970,.F.);
#8717=ORIENTED_EDGE('',*,*,#5971,.T.);
#8718=ORIENTED_EDGE('',*,*,#5969,.T.);
#8719=ORIENTED_EDGE('',*,*,#5971,.F.);
#8720=ORIENTED_EDGE('',*,*,#5963,.T.);
#8721=ORIENTED_EDGE('',*,*,#5972,.T.);
#8722=ORIENTED_EDGE('',*,*,#5970,.T.);
#8723=ORIENTED_EDGE('',*,*,#5972,.F.);
#8724=ORIENTED_EDGE('',*,*,#5965,.T.);
#8725=PLANE('',#9547);
#8726=PLANE('',#9553);
#8727=PLANE('',#9559);
#8728=PLANE('',#9573);
#8729=PLANE('',#9581);
#8730=PLANE('',#9590);
#8731=PLANE('',#9596);
#8732=PLANE('',#9602);
#8733=PLANE('',#9608);
#8734=PLANE('',#9609);
#8735=PLANE('',#9618);
#8736=PLANE('',#9626);
#8737=PLANE('',#9635);
#8738=PLANE('',#9641);
#8739=PLANE('',#9647);
#8740=PLANE('',#9661);
#8741=PLANE('',#9670);
#8742=PLANE('',#9678);
#8743=PLANE('',#9684);
#8744=PLANE('',#9690);
#8745=PLANE('',#9699);
#8746=PLANE('',#9708);
#8747=PLANE('',#9709);
#8748=PLANE('',#9720);
#8749=PLANE('',#9729);
#8750=PLANE('',#9752);
#8751=PLANE('',#9755);
#8752=PLANE('',#9756);
#8753=PLANE('',#9759);
#8754=PLANE('',#9761);
#8755=PLANE('',#9764);
#8756=PLANE('',#9765);
#8757=PLANE('',#9766);
#8758=PLANE('',#9767);
#8759=PLANE('',#9768);
#8760=PLANE('',#9769);
#8761=PLANE('',#9770);
#8762=PLANE('',#9773);
#8763=PLANE('',#9774);
#8764=PLANE('',#9775);
#8765=PLANE('',#9776);
#8766=PLANE('',#9777);
#8767=PLANE('',#9778);
#8768=PLANE('',#9779);
#8769=PLANE('',#9782);
#8770=PLANE('',#9783);
#8771=PLANE('',#9784);
#8772=PLANE('',#9785);
#8773=PLANE('',#9786);
#8774=PLANE('',#9787);
#8775=PLANE('',#9794);
#8776=PLANE('',#9798);
#8777=PLANE('',#9825);
#8778=PLANE('',#9826);
#8779=PLANE('',#9827);
#8780=PLANE('',#9828);
#8781=PLANE('',#9829);
#8782=PLANE('',#9830);
#8783=PLANE('',#9831);
#8784=PLANE('',#9832);
#8785=PLANE('',#9835);
#8786=PLANE('',#9838);
#8787=PLANE('',#9841);
#8788=PLANE('',#9844);
#8789=PLANE('',#9847);
#8790=PLANE('',#9854);
#8791=PLANE('',#9871);
#8792=PLANE('',#9875);
#8793=PLANE('',#9876);
#8794=PLANE('',#9879);
#8795=PLANE('',#9882);
#8796=PLANE('',#9885);
#8797=PLANE('',#9888);
#8798=PLANE('',#9891);
#8799=PLANE('',#9898);
#8800=PLANE('',#9915);
#8801=PLANE('',#9919);
#8802=PLANE('',#9920);
#8803=PLANE('',#9940);
#8804=PLANE('',#9991);
#8805=PLANE('',#9992);
#8806=PLANE('',#9993);
#8807=PLANE('',#9994);
#8808=PLANE('',#9995);
#8809=PLANE('',#9996);
#8810=PLANE('',#9999);
#8811=PLANE('',#10000);
#8812=PLANE('',#10001);
#8813=PLANE('',#10002);
#8814=PLANE('',#10003);
#8815=PLANE('',#10004);
#8816=PLANE('',#10005);
#8817=PLANE('',#10008);
#8818=PLANE('',#10009);
#8819=PLANE('',#10010);
#8820=PLANE('',#10011);
#8821=PLANE('',#10012);
#8822=PLANE('',#10013);
#8823=PLANE('',#10014);
#8824=PLANE('',#10017);
#8825=PLANE('',#10024);
#8826=PLANE('',#10028);
#8827=PLANE('',#10055);
#8828=PLANE('',#10056);
#8829=PLANE('',#10057);
#8830=PLANE('',#10058);
#8831=PLANE('',#10059);
#8832=PLANE('',#10060);
#8833=PLANE('',#10061);
#8834=PLANE('',#10062);
#8835=PLANE('',#10065);
#8836=PLANE('',#10068);
#8837=PLANE('',#10071);
#8838=PLANE('',#10074);
#8839=PLANE('',#10077);
#8840=PLANE('',#10084);
#8841=PLANE('',#10101);
#8842=PLANE('',#10105);
#8843=PLANE('',#10106);
#8844=PLANE('',#10109);
#8845=PLANE('',#10112);
#8846=PLANE('',#10115);
#8847=PLANE('',#10118);
#8848=PLANE('',#10121);
#8849=PLANE('',#10128);
#8850=PLANE('',#10145);
#8851=PLANE('',#10149);
#8852=PLANE('',#10150);
#8853=PLANE('',#10159);
#8854=PLANE('',#10181);
#8855=PLANE('',#10185);
#8856=PLANE('',#10186);
#8857=PLANE('',#10188);
#8858=PLANE('',#10191);
#8859=PLANE('',#10194);
#8860=PLANE('',#10195);
#8861=PLANE('',#10196);
#8862=PLANE('',#10197);
#8863=PLANE('',#10198);
#8864=PLANE('',#10199);
#8865=PLANE('',#10200);
#8866=PLANE('',#10203);
#8867=PLANE('',#10204);
#8868=PLANE('',#10205);
#8869=PLANE('',#10206);
#8870=PLANE('',#10207);
#8871=PLANE('',#10208);
#8872=PLANE('',#10209);
#8873=PLANE('',#10212);
#8874=PLANE('',#10213);
#8875=PLANE('',#10214);
#8876=PLANE('',#10215);
#8877=PLANE('',#10216);
#8878=PLANE('',#10217);
#8879=PLANE('',#10287);
#8880=PLANE('',#10288);
#8881=PLANE('',#10289);
#8882=PLANE('',#10293);
#8883=PLANE('',#10310);
#8884=PLANE('',#10316);
#8885=PLANE('',#10318);
#8886=PLANE('',#10320);
#8887=PLANE('',#10322);
#8888=PLANE('',#10324);
#8889=PLANE('',#10326);
#8890=PLANE('',#10327);
#8891=PLANE('',#10331);
#8892=PLANE('',#10348);
#8893=PLANE('',#10354);
#8894=PLANE('',#10356);
#8895=PLANE('',#10358);
#8896=PLANE('',#10360);
#8897=PLANE('',#10362);
#8898=PLANE('',#10364);
#8899=PLANE('',#10365);
#8900=PLANE('',#10366);
#8901=PLANE('',#10367);
#8902=PLANE('',#10368);
#8903=PLANE('',#10369);
#8904=PLANE('',#10370);
#8905=PLANE('',#10371);
#8906=PLANE('',#10394);
#8907=PLANE('',#10398);
#8908=PLANE('',#10403);
#8909=PLANE('',#10404);
#8910=PLANE('',#10405);
#8911=PLANE('',#10406);
#8912=PLANE('',#10407);
#8913=PLANE('',#10408);
#8914=PLANE('',#10411);
#8915=PLANE('',#10412);
#8916=PLANE('',#10413);
#8917=PLANE('',#10414);
#8918=PLANE('',#10415);
#8919=PLANE('',#10416);
#8920=PLANE('',#10417);
#8921=PLANE('',#10420);
#8922=PLANE('',#10421);
#8923=PLANE('',#10422);
#8924=PLANE('',#10423);
#8925=PLANE('',#10424);
#8926=PLANE('',#10425);
#8927=PLANE('',#10426);
#8928=PLANE('',#10429);
#8929=PLANE('',#10442);
#8930=PLANE('',#10443);
#8931=PLANE('',#10444);
#8932=PLANE('',#10445);
#8933=PLANE('',#10446);
#8934=PLANE('',#10450);
#8935=PLANE('',#10467);
#8936=PLANE('',#10473);
#8937=PLANE('',#10475);
#8938=PLANE('',#10477);
#8939=PLANE('',#10479);
#8940=PLANE('',#10481);
#8941=PLANE('',#10483);
#8942=PLANE('',#10484);
#8943=PLANE('',#10488);
#8944=PLANE('',#10505);
#8945=PLANE('',#10511);
#8946=PLANE('',#10513);
#8947=PLANE('',#10515);
#8948=PLANE('',#10517);
#8949=PLANE('',#10519);
#8950=PLANE('',#10521);
#8951=PLANE('',#10522);
#8952=PLANE('',#10523);
#8953=PLANE('',#10524);
#8954=PLANE('',#10525);
#8955=PLANE('',#10526);
#8956=PLANE('',#10527);
#8957=PLANE('',#10528);
#8958=PLANE('',#10551);
#8959=PLANE('',#10555);
#8960=ADVANCED_FACE('',(#1986,#1849),#8725,.T.);
#8961=ADVANCED_FACE('',(#1987),#1728,.T.);
#8962=ADVANCED_FACE('',(#1988),#406,.F.);
#8963=ADVANCED_FACE('',(#1989,#1850),#8726,.T.);
#8964=ADVANCED_FACE('',(#1990),#1729,.T.);
#8965=ADVANCED_FACE('',(#1991),#407,.F.);
#8966=ADVANCED_FACE('',(#1992,#1851),#8727,.T.);
#8967=ADVANCED_FACE('',(#1993),#1730,.T.);
#8968=ADVANCED_FACE('',(#1994),#408,.F.);
#8969=ADVANCED_FACE('',(#1995),#1731,.F.);
#8970=ADVANCED_FACE('',(#1996),#409,.T.);
#8971=ADVANCED_FACE('',(#1997),#1732,.T.);
#8972=ADVANCED_FACE('',(#1998,#1852),#8728,.F.);
#8973=ADVANCED_FACE('',(#1999),#1733,.F.);
#8974=ADVANCED_FACE('',(#2000),#410,.T.);
#8975=ADVANCED_FACE('',(#2001),#1734,.T.);
#8976=ADVANCED_FACE('',(#2002,#1853),#8729,.F.);
#8977=ADVANCED_FACE('',(#2003),#1735,.F.);
#8978=ADVANCED_FACE('',(#2004),#411,.T.);
#8979=ADVANCED_FACE('',(#2005),#1736,.T.);
#8980=ADVANCED_FACE('',(#2006,#1854),#8730,.F.);
#8981=ADVANCED_FACE('',(#2007),#1737,.T.);
#8982=ADVANCED_FACE('',(#2008),#412,.F.);
#8983=ADVANCED_FACE('',(#2009,#1855),#8731,.F.);
#8984=ADVANCED_FACE('',(#2010),#1738,.T.);
#8985=ADVANCED_FACE('',(#2011),#413,.F.);
#8986=ADVANCED_FACE('',(#2012,#1856),#8732,.F.);
#8987=ADVANCED_FACE('',(#2013),#1739,.T.);
#8988=ADVANCED_FACE('',(#2014),#414,.F.);
#8989=ADVANCED_FACE('',(#2015,#1857),#8733,.F.);
#8990=ADVANCED_FACE('',(#2016,#1858),#8734,.T.);
#8991=ADVANCED_FACE('',(#2017),#1740,.F.);
#8992=ADVANCED_FACE('',(#2018),#415,.T.);
#8993=ADVANCED_FACE('',(#2019),#1741,.T.);
#8994=ADVANCED_FACE('',(#2020,#1859),#8735,.T.);
#8995=ADVANCED_FACE('',(#2021),#1742,.F.);
#8996=ADVANCED_FACE('',(#2022),#416,.T.);
#8997=ADVANCED_FACE('',(#2023),#1743,.T.);
#8998=ADVANCED_FACE('',(#2024,#1860),#8736,.T.);
#8999=ADVANCED_FACE('',(#2025),#1744,.F.);
#9000=ADVANCED_FACE('',(#2026),#417,.T.);
#9001=ADVANCED_FACE('',(#2027),#1745,.T.);
#9002=ADVANCED_FACE('',(#2028,#1861),#8737,.T.);
#9003=ADVANCED_FACE('',(#2029),#1746,.T.);
#9004=ADVANCED_FACE('',(#2030),#418,.F.);
#9005=ADVANCED_FACE('',(#2031,#1862),#8738,.T.);
#9006=ADVANCED_FACE('',(#2032),#1747,.T.);
#9007=ADVANCED_FACE('',(#2033),#419,.F.);
#9008=ADVANCED_FACE('',(#2034,#1863),#8739,.T.);
#9009=ADVANCED_FACE('',(#2035),#1748,.T.);
#9010=ADVANCED_FACE('',(#2036),#420,.F.);
#9011=ADVANCED_FACE('',(#2037),#1749,.F.);
#9012=ADVANCED_FACE('',(#2038),#421,.T.);
#9013=ADVANCED_FACE('',(#2039),#1750,.T.);
#9014=ADVANCED_FACE('',(#2040,#1864),#8740,.F.);
#9015=ADVANCED_FACE('',(#2041),#1751,.F.);
#9016=ADVANCED_FACE('',(#2042),#422,.T.);
#9017=ADVANCED_FACE('',(#2043),#1752,.T.);
#9018=ADVANCED_FACE('',(#2044,#1865),#8741,.F.);
#9019=ADVANCED_FACE('',(#2045),#1753,.F.);
#9020=ADVANCED_FACE('',(#2046),#423,.T.);
#9021=ADVANCED_FACE('',(#2047),#1754,.T.);
#9022=ADVANCED_FACE('',(#2048,#1866),#8742,.F.);
#9023=ADVANCED_FACE('',(#2049),#1755,.T.);
#9024=ADVANCED_FACE('',(#2050),#424,.F.);
#9025=ADVANCED_FACE('',(#2051,#1867),#8743,.F.);
#9026=ADVANCED_FACE('',(#2052),#1756,.T.);
#9027=ADVANCED_FACE('',(#2053),#425,.F.);
#9028=ADVANCED_FACE('',(#2054,#1868),#8744,.F.);
#9029=ADVANCED_FACE('',(#2055),#1757,.F.);
#9030=ADVANCED_FACE('',(#2056),#426,.T.);
#9031=ADVANCED_FACE('',(#2057),#1758,.T.);
#9032=ADVANCED_FACE('',(#2058,#1869),#8745,.F.);
#9033=ADVANCED_FACE('',(#2059),#1759,.F.);
#9034=ADVANCED_FACE('',(#2060),#427,.T.);
#9035=ADVANCED_FACE('',(#2061),#1760,.T.);
#9036=ADVANCED_FACE('',(#2062,#1870),#8746,.F.);
#9037=ADVANCED_FACE('',(#2063,#1871),#8747,.F.);
#9038=ADVANCED_FACE('',(#2064),#1761,.F.);
#9039=ADVANCED_FACE('',(#2065),#1762,.T.);
#9040=ADVANCED_FACE('',(#2066),#428,.F.);
#9041=ADVANCED_FACE('',(#2067),#429,.T.);
#9042=ADVANCED_FACE('',(#2068,#1872,#1873,#1874,#1875,#1876,#1877,#1878),
#8748,.F.);
#9043=ADVANCED_FACE('',(#2069,#1879,#1880,#1881,#1882,#1883,#1884,#1885),
#8749,.F.);
#9044=ADVANCED_FACE('',(#2070,#1886),#1763,.T.);
#9045=ADVANCED_FACE('',(#2071,#1887),#8750,.T.);
#9046=ADVANCED_FACE('',(#2072),#1764,.F.);
#9047=ADVANCED_FACE('',(#2073),#8751,.F.);
#9048=ADVANCED_FACE('',(#2074,#1888),#8752,.F.);
#9049=ADVANCED_FACE('',(#2075),#1765,.T.);
#9050=ADVANCED_FACE('',(#2076),#8753,.F.);
#9051=ADVANCED_FACE('',(#2077),#1766,.F.);
#9052=ADVANCED_FACE('',(#2078),#8754,.T.);
#9053=ADVANCED_FACE('',(#2079),#430,.T.);
#9054=ADVANCED_FACE('',(#2080),#8755,.F.);
#9055=ADVANCED_FACE('',(#2081),#8756,.F.);
#9056=ADVANCED_FACE('',(#2082),#8757,.F.);
#9057=ADVANCED_FACE('',(#2083),#8758,.F.);
#9058=ADVANCED_FACE('',(#2084),#8759,.F.);
#9059=ADVANCED_FACE('',(#2085),#8760,.F.);
#9060=ADVANCED_FACE('',(#2086),#8761,.T.);
#9061=ADVANCED_FACE('',(#2087),#431,.T.);
#9062=ADVANCED_FACE('',(#2088),#8762,.F.);
#9063=ADVANCED_FACE('',(#2089),#8763,.F.);
#9064=ADVANCED_FACE('',(#2090),#8764,.F.);
#9065=ADVANCED_FACE('',(#2091),#8765,.F.);
#9066=ADVANCED_FACE('',(#2092),#8766,.F.);
#9067=ADVANCED_FACE('',(#2093),#8767,.F.);
#9068=ADVANCED_FACE('',(#2094),#8768,.T.);
#9069=ADVANCED_FACE('',(#2095),#432,.T.);
#9070=ADVANCED_FACE('',(#2096),#8769,.F.);
#9071=ADVANCED_FACE('',(#2097),#8770,.F.);
#9072=ADVANCED_FACE('',(#2098),#8771,.F.);
#9073=ADVANCED_FACE('',(#2099),#8772,.F.);
#9074=ADVANCED_FACE('',(#2100),#8773,.F.);
#9075=ADVANCED_FACE('',(#2101),#8774,.F.);
#9076=ADVANCED_FACE('',(#2102),#1767,.T.);
#9077=ADVANCED_FACE('',(#2103),#433,.T.);
#9078=ADVANCED_FACE('',(#2104,#1889),#8775,.F.);
#9079=ADVANCED_FACE('',(#2105),#1768,.T.);
#9080=ADVANCED_FACE('',(#2106),#8776,.F.);
#9081=ADVANCED_FACE('',(#2107),#434,.F.);
#9082=ADVANCED_FACE('',(#2108),#435,.T.);
#9083=ADVANCED_FACE('',(#2109),#436,.T.);
#9084=ADVANCED_FACE('',(#2110),#437,.T.);
#9085=ADVANCED_FACE('',(#2111),#438,.T.);
#9086=ADVANCED_FACE('',(#2112),#439,.T.);
#9087=ADVANCED_FACE('',(#2113),#440,.T.);
#9088=ADVANCED_FACE('',(#2114),#441,.T.);
#9089=ADVANCED_FACE('',(#2115),#442,.T.);
#9090=ADVANCED_FACE('',(#2116),#443,.T.);
#9091=ADVANCED_FACE('',(#2117),#444,.T.);
#9092=ADVANCED_FACE('',(#2118),#445,.T.);
#9093=ADVANCED_FACE('',(#2119),#446,.T.);
#9094=ADVANCED_FACE('',(#2120,#1890),#8777,.F.);
#9095=ADVANCED_FACE('',(#2121),#8778,.F.);
#9096=ADVANCED_FACE('',(#2122),#8779,.F.);
#9097=ADVANCED_FACE('',(#2123),#8780,.F.);
#9098=ADVANCED_FACE('',(#2124),#8781,.F.);
#9099=ADVANCED_FACE('',(#2125),#8782,.F.);
#9100=ADVANCED_FACE('',(#2126),#8783,.F.);
#9101=ADVANCED_FACE('',(#2127),#8784,.F.);
#9102=ADVANCED_FACE('',(#2128),#447,.T.);
#9103=ADVANCED_FACE('',(#2129),#8785,.F.);
#9104=ADVANCED_FACE('',(#2130),#448,.T.);
#9105=ADVANCED_FACE('',(#2131),#8786,.F.);
#9106=ADVANCED_FACE('',(#2132),#449,.T.);
#9107=ADVANCED_FACE('',(#2133),#8787,.F.);
#9108=ADVANCED_FACE('',(#2134),#450,.T.);
#9109=ADVANCED_FACE('',(#2135),#8788,.F.);
#9110=ADVANCED_FACE('',(#2136),#451,.T.);
#9111=ADVANCED_FACE('',(#2137),#8789,.F.);
#9112=ADVANCED_FACE('',(#2138),#452,.T.);
#9113=ADVANCED_FACE('',(#2139),#453,.T.);
#9114=ADVANCED_FACE('',(#2140),#454,.T.);
#9115=ADVANCED_FACE('',(#2141,#1891),#8790,.F.);
#9116=ADVANCED_FACE('',(#2142),#455,.T.);
#9117=ADVANCED_FACE('',(#2143),#456,.T.);
#9118=ADVANCED_FACE('',(#2144),#457,.T.);
#9119=ADVANCED_FACE('',(#2145),#458,.T.);
#9120=ADVANCED_FACE('',(#2146),#459,.F.);
#9121=ADVANCED_FACE('',(#2147),#1769,.T.);
#9122=ADVANCED_FACE('',(#2148),#460,.T.);
#9123=ADVANCED_FACE('',(#2149,#1892),#8791,.F.);
#9124=ADVANCED_FACE('',(#2150),#1770,.T.);
#9125=ADVANCED_FACE('',(#2151),#8792,.F.);
#9126=ADVANCED_FACE('',(#2152),#8793,.F.);
#9127=ADVANCED_FACE('',(#2153),#461,.T.);
#9128=ADVANCED_FACE('',(#2154),#8794,.F.);
#9129=ADVANCED_FACE('',(#2155),#462,.T.);
#9130=ADVANCED_FACE('',(#2156),#8795,.F.);
#9131=ADVANCED_FACE('',(#2157),#463,.T.);
#9132=ADVANCED_FACE('',(#2158),#8796,.F.);
#9133=ADVANCED_FACE('',(#2159),#464,.T.);
#9134=ADVANCED_FACE('',(#2160),#8797,.F.);
#9135=ADVANCED_FACE('',(#2161),#465,.T.);
#9136=ADVANCED_FACE('',(#2162),#8798,.F.);
#9137=ADVANCED_FACE('',(#2163),#466,.T.);
#9138=ADVANCED_FACE('',(#2164),#467,.T.);
#9139=ADVANCED_FACE('',(#2165),#468,.T.);
#9140=ADVANCED_FACE('',(#2166,#1893),#8799,.F.);
#9141=ADVANCED_FACE('',(#2167),#469,.T.);
#9142=ADVANCED_FACE('',(#2168),#470,.T.);
#9143=ADVANCED_FACE('',(#2169),#471,.T.);
#9144=ADVANCED_FACE('',(#2170),#472,.T.);
#9145=ADVANCED_FACE('',(#2171),#473,.F.);
#9146=ADVANCED_FACE('',(#2172),#1771,.T.);
#9147=ADVANCED_FACE('',(#2173),#474,.T.);
#9148=ADVANCED_FACE('',(#2174,#1894),#8800,.F.);
#9149=ADVANCED_FACE('',(#2175),#1772,.T.);
#9150=ADVANCED_FACE('',(#2176),#8801,.F.);
#9151=ADVANCED_FACE('',(#2177,#1895,#1896,#1897,#1898,#1899,#1900,#1901),
#8802,.F.);
#9152=ADVANCED_FACE('',(#2178,#1902,#1903,#1904,#1905,#1906,#1907,#1908),
#8803,.T.);
#9153=ADVANCED_FACE('',(#2179),#1773,.F.);
#9154=ADVANCED_FACE('',(#2180),#1774,.T.);
#9155=ADVANCED_FACE('',(#2181),#1775,.F.);
#9156=ADVANCED_FACE('',(#2182),#1776,.T.);
#9157=ADVANCED_FACE('',(#2183),#1777,.F.);
#9158=ADVANCED_FACE('',(#2184),#1778,.T.);
#9159=ADVANCED_FACE('',(#2185),#1779,.F.);
#9160=ADVANCED_FACE('',(#2186),#1780,.T.);
#9161=ADVANCED_FACE('',(#2187),#1781,.F.);
#9162=ADVANCED_FACE('',(#2188),#1782,.T.);
#9163=ADVANCED_FACE('',(#2189),#1783,.F.);
#9164=ADVANCED_FACE('',(#2190),#1784,.T.);
#9165=ADVANCED_FACE('',(#2191),#1785,.F.);
#9166=ADVANCED_FACE('',(#2192),#1786,.T.);
#9167=ADVANCED_FACE('',(#2193),#1787,.T.);
#9168=ADVANCED_FACE('',(#2194),#1788,.T.);
#9169=ADVANCED_FACE('',(#2195),#1789,.T.);
#9170=ADVANCED_FACE('',(#2196),#1790,.T.);
#9171=ADVANCED_FACE('',(#2197),#1791,.T.);
#9172=ADVANCED_FACE('',(#2198),#1792,.T.);
#9173=ADVANCED_FACE('',(#2199),#1793,.T.);
#9174=ADVANCED_FACE('',(#2200),#1794,.T.);
#9175=ADVANCED_FACE('',(#2201),#1795,.T.);
#9176=ADVANCED_FACE('',(#2202),#1796,.T.);
#9177=ADVANCED_FACE('',(#2203),#1797,.T.);
#9178=ADVANCED_FACE('',(#2204),#8804,.F.);
#9179=ADVANCED_FACE('',(#2205),#8805,.F.);
#9180=ADVANCED_FACE('',(#2206),#8806,.F.);
#9181=ADVANCED_FACE('',(#2207),#8807,.F.);
#9182=ADVANCED_FACE('',(#2208),#8808,.F.);
#9183=ADVANCED_FACE('',(#2209),#8809,.F.);
#9184=ADVANCED_FACE('',(#2210),#475,.T.);
#9185=ADVANCED_FACE('',(#2211),#8810,.T.);
#9186=ADVANCED_FACE('',(#2212),#8811,.F.);
#9187=ADVANCED_FACE('',(#2213),#8812,.F.);
#9188=ADVANCED_FACE('',(#2214),#8813,.F.);
#9189=ADVANCED_FACE('',(#2215),#8814,.F.);
#9190=ADVANCED_FACE('',(#2216),#8815,.F.);
#9191=ADVANCED_FACE('',(#2217),#8816,.F.);
#9192=ADVANCED_FACE('',(#2218),#476,.T.);
#9193=ADVANCED_FACE('',(#2219),#8817,.T.);
#9194=ADVANCED_FACE('',(#2220),#8818,.F.);
#9195=ADVANCED_FACE('',(#2221),#8819,.F.);
#9196=ADVANCED_FACE('',(#2222),#8820,.F.);
#9197=ADVANCED_FACE('',(#2223),#8821,.F.);
#9198=ADVANCED_FACE('',(#2224),#8822,.F.);
#9199=ADVANCED_FACE('',(#2225),#8823,.F.);
#9200=ADVANCED_FACE('',(#2226),#477,.T.);
#9201=ADVANCED_FACE('',(#2227),#8824,.T.);
#9202=ADVANCED_FACE('',(#2228),#1798,.T.);
#9203=ADVANCED_FACE('',(#2229),#478,.T.);
#9204=ADVANCED_FACE('',(#2230,#1909),#8825,.F.);
#9205=ADVANCED_FACE('',(#2231),#1799,.T.);
#9206=ADVANCED_FACE('',(#2232),#8826,.F.);
#9207=ADVANCED_FACE('',(#2233),#479,.F.);
#9208=ADVANCED_FACE('',(#2234),#480,.T.);
#9209=ADVANCED_FACE('',(#2235),#481,.T.);
#9210=ADVANCED_FACE('',(#2236),#482,.T.);
#9211=ADVANCED_FACE('',(#2237),#483,.T.);
#9212=ADVANCED_FACE('',(#2238),#484,.T.);
#9213=ADVANCED_FACE('',(#2239),#485,.T.);
#9214=ADVANCED_FACE('',(#2240),#486,.T.);
#9215=ADVANCED_FACE('',(#2241),#487,.T.);
#9216=ADVANCED_FACE('',(#2242),#488,.T.);
#9217=ADVANCED_FACE('',(#2243),#489,.T.);
#9218=ADVANCED_FACE('',(#2244),#490,.T.);
#9219=ADVANCED_FACE('',(#2245),#491,.T.);
#9220=ADVANCED_FACE('',(#2246,#1910),#8827,.F.);
#9221=ADVANCED_FACE('',(#2247),#8828,.F.);
#9222=ADVANCED_FACE('',(#2248),#8829,.F.);
#9223=ADVANCED_FACE('',(#2249),#8830,.F.);
#9224=ADVANCED_FACE('',(#2250),#8831,.F.);
#9225=ADVANCED_FACE('',(#2251),#8832,.F.);
#9226=ADVANCED_FACE('',(#2252),#8833,.F.);
#9227=ADVANCED_FACE('',(#2253),#8834,.F.);
#9228=ADVANCED_FACE('',(#2254),#492,.T.);
#9229=ADVANCED_FACE('',(#2255),#8835,.F.);
#9230=ADVANCED_FACE('',(#2256),#493,.T.);
#9231=ADVANCED_FACE('',(#2257),#8836,.F.);
#9232=ADVANCED_FACE('',(#2258),#494,.T.);
#9233=ADVANCED_FACE('',(#2259),#8837,.F.);
#9234=ADVANCED_FACE('',(#2260),#495,.T.);
#9235=ADVANCED_FACE('',(#2261),#8838,.F.);
#9236=ADVANCED_FACE('',(#2262),#496,.T.);
#9237=ADVANCED_FACE('',(#2263),#8839,.F.);
#9238=ADVANCED_FACE('',(#2264),#497,.T.);
#9239=ADVANCED_FACE('',(#2265),#498,.T.);
#9240=ADVANCED_FACE('',(#2266),#499,.T.);
#9241=ADVANCED_FACE('',(#2267,#1911),#8840,.F.);
#9242=ADVANCED_FACE('',(#2268),#500,.T.);
#9243=ADVANCED_FACE('',(#2269),#501,.T.);
#9244=ADVANCED_FACE('',(#2270),#502,.T.);
#9245=ADVANCED_FACE('',(#2271),#503,.T.);
#9246=ADVANCED_FACE('',(#2272),#504,.F.);
#9247=ADVANCED_FACE('',(#2273),#1800,.T.);
#9248=ADVANCED_FACE('',(#2274),#505,.T.);
#9249=ADVANCED_FACE('',(#2275,#1912),#8841,.F.);
#9250=ADVANCED_FACE('',(#2276),#1801,.T.);
#9251=ADVANCED_FACE('',(#2277),#8842,.F.);
#9252=ADVANCED_FACE('',(#2278),#8843,.F.);
#9253=ADVANCED_FACE('',(#2279),#506,.T.);
#9254=ADVANCED_FACE('',(#2280),#8844,.F.);
#9255=ADVANCED_FACE('',(#2281),#507,.T.);
#9256=ADVANCED_FACE('',(#2282),#8845,.F.);
#9257=ADVANCED_FACE('',(#2283),#508,.T.);
#9258=ADVANCED_FACE('',(#2284),#8846,.F.);
#9259=ADVANCED_FACE('',(#2285),#509,.T.);
#9260=ADVANCED_FACE('',(#2286),#8847,.F.);
#9261=ADVANCED_FACE('',(#2287),#510,.T.);
#9262=ADVANCED_FACE('',(#2288),#8848,.F.);
#9263=ADVANCED_FACE('',(#2289),#511,.T.);
#9264=ADVANCED_FACE('',(#2290),#512,.T.);
#9265=ADVANCED_FACE('',(#2291),#513,.T.);
#9266=ADVANCED_FACE('',(#2292,#1913),#8849,.F.);
#9267=ADVANCED_FACE('',(#2293),#514,.T.);
#9268=ADVANCED_FACE('',(#2294),#515,.T.);
#9269=ADVANCED_FACE('',(#2295),#516,.T.);
#9270=ADVANCED_FACE('',(#2296),#517,.T.);
#9271=ADVANCED_FACE('',(#2297),#518,.F.);
#9272=ADVANCED_FACE('',(#2298),#1802,.T.);
#9273=ADVANCED_FACE('',(#2299),#519,.T.);
#9274=ADVANCED_FACE('',(#2300,#1914),#8850,.F.);
#9275=ADVANCED_FACE('',(#2301),#1803,.T.);
#9276=ADVANCED_FACE('',(#2302),#8851,.F.);
#9277=ADVANCED_FACE('',(#2303,#1915,#1916,#1917,#1918,#1919,#1920,#1921),
#8852,.F.);
#9278=ADVANCED_FACE('',(#2304,#1922,#1923,#1924,#1925,#1926,#1927,#1928),
#8853,.T.);
#9279=ADVANCED_FACE('',(#2305),#1804,.T.);
#9280=ADVANCED_FACE('',(#2306,#1929),#8854,.T.);
#9281=ADVANCED_FACE('',(#2307),#1805,.F.);
#9282=ADVANCED_FACE('',(#2308),#8855,.F.);
#9283=ADVANCED_FACE('',(#2309,#1930),#8856,.F.);
#9284=ADVANCED_FACE('',(#2310),#8857,.F.);
#9285=ADVANCED_FACE('',(#2311,#1931),#1806,.T.);
#9286=ADVANCED_FACE('',(#2312),#1807,.F.);
#9287=ADVANCED_FACE('',(#2313),#8858,.T.);
#9288=ADVANCED_FACE('',(#2314),#520,.T.);
#9289=ADVANCED_FACE('',(#2315),#8859,.F.);
#9290=ADVANCED_FACE('',(#2316),#8860,.F.);
#9291=ADVANCED_FACE('',(#2317),#8861,.F.);
#9292=ADVANCED_FACE('',(#2318),#8862,.F.);
#9293=ADVANCED_FACE('',(#2319),#8863,.F.);
#9294=ADVANCED_FACE('',(#2320),#8864,.F.);
#9295=ADVANCED_FACE('',(#2321),#8865,.T.);
#9296=ADVANCED_FACE('',(#2322),#521,.T.);
#9297=ADVANCED_FACE('',(#2323),#8866,.F.);
#9298=ADVANCED_FACE('',(#2324),#8867,.F.);
#9299=ADVANCED_FACE('',(#2325),#8868,.F.);
#9300=ADVANCED_FACE('',(#2326),#8869,.F.);
#9301=ADVANCED_FACE('',(#2327),#8870,.F.);
#9302=ADVANCED_FACE('',(#2328),#8871,.F.);
#9303=ADVANCED_FACE('',(#2329),#8872,.T.);
#9304=ADVANCED_FACE('',(#2330),#522,.T.);
#9305=ADVANCED_FACE('',(#2331),#8873,.F.);
#9306=ADVANCED_FACE('',(#2332),#8874,.F.);
#9307=ADVANCED_FACE('',(#2333),#8875,.F.);
#9308=ADVANCED_FACE('',(#2334),#8876,.F.);
#9309=ADVANCED_FACE('',(#2335),#8877,.F.);
#9310=ADVANCED_FACE('',(#2336),#8878,.F.);
#9311=ADVANCED_FACE('',(#2337),#1808,.T.);
#9312=ADVANCED_FACE('',(#2338),#1809,.T.);
#9313=ADVANCED_FACE('',(#2339),#1810,.T.);
#9314=ADVANCED_FACE('',(#2340),#1811,.T.);
#9315=ADVANCED_FACE('',(#2341),#1812,.T.);
#9316=ADVANCED_FACE('',(#2342),#1813,.T.);
#9317=ADVANCED_FACE('',(#2343),#1814,.T.);
#9318=ADVANCED_FACE('',(#2344),#1815,.T.);
#9319=ADVANCED_FACE('',(#2345),#1816,.T.);
#9320=ADVANCED_FACE('',(#2346),#1817,.T.);
#9321=ADVANCED_FACE('',(#2347),#1818,.T.);
#9322=ADVANCED_FACE('',(#2348),#1819,.T.);
#9323=ADVANCED_FACE('',(#2349),#1820,.F.);
#9324=ADVANCED_FACE('',(#2350),#1821,.T.);
#9325=ADVANCED_FACE('',(#2351),#1822,.F.);
#9326=ADVANCED_FACE('',(#2352),#1823,.T.);
#9327=ADVANCED_FACE('',(#2353),#1824,.F.);
#9328=ADVANCED_FACE('',(#2354),#1825,.T.);
#9329=ADVANCED_FACE('',(#2355),#1826,.F.);
#9330=ADVANCED_FACE('',(#2356),#1827,.T.);
#9331=ADVANCED_FACE('',(#2357),#1828,.F.);
#9332=ADVANCED_FACE('',(#2358),#1829,.T.);
#9333=ADVANCED_FACE('',(#2359),#1830,.F.);
#9334=ADVANCED_FACE('',(#2360),#1831,.T.);
#9335=ADVANCED_FACE('',(#2361),#1832,.F.);
#9336=ADVANCED_FACE('',(#2362,#1932,#1933,#1934,#1935,#1936,#1937,#1938),
#8879,.T.);
#9337=ADVANCED_FACE('',(#2363,#1939,#1940,#1941,#1942,#1943,#1944,#1945),
#8880,.F.);
#9338=ADVANCED_FACE('',(#2364),#8881,.F.);
#9339=ADVANCED_FACE('',(#2365),#1833,.T.);
#9340=ADVANCED_FACE('',(#2366,#1946),#8882,.F.);
#9341=ADVANCED_FACE('',(#2367),#523,.T.);
#9342=ADVANCED_FACE('',(#2368),#1834,.T.);
#9343=ADVANCED_FACE('',(#2369),#524,.F.);
#9344=ADVANCED_FACE('',(#2370),#525,.T.);
#9345=ADVANCED_FACE('',(#2371),#526,.T.);
#9346=ADVANCED_FACE('',(#2372),#527,.T.);
#9347=ADVANCED_FACE('',(#2373),#528,.T.);
#9348=ADVANCED_FACE('',(#2374,#1947),#8883,.F.);
#9349=ADVANCED_FACE('',(#2375),#529,.T.);
#9350=ADVANCED_FACE('',(#2376),#530,.T.);
#9351=ADVANCED_FACE('',(#2377),#531,.T.);
#9352=ADVANCED_FACE('',(#2378),#8884,.F.);
#9353=ADVANCED_FACE('',(#2379),#532,.T.);
#9354=ADVANCED_FACE('',(#2380),#8885,.F.);
#9355=ADVANCED_FACE('',(#2381),#533,.T.);
#9356=ADVANCED_FACE('',(#2382),#8886,.F.);
#9357=ADVANCED_FACE('',(#2383),#534,.T.);
#9358=ADVANCED_FACE('',(#2384),#8887,.F.);
#9359=ADVANCED_FACE('',(#2385),#535,.T.);
#9360=ADVANCED_FACE('',(#2386),#8888,.F.);
#9361=ADVANCED_FACE('',(#2387),#536,.T.);
#9362=ADVANCED_FACE('',(#2388),#8889,.F.);
#9363=ADVANCED_FACE('',(#2389),#8890,.F.);
#9364=ADVANCED_FACE('',(#2390),#1835,.T.);
#9365=ADVANCED_FACE('',(#2391,#1948),#8891,.F.);
#9366=ADVANCED_FACE('',(#2392),#537,.T.);
#9367=ADVANCED_FACE('',(#2393),#1836,.T.);
#9368=ADVANCED_FACE('',(#2394),#538,.F.);
#9369=ADVANCED_FACE('',(#2395),#539,.T.);
#9370=ADVANCED_FACE('',(#2396),#540,.T.);
#9371=ADVANCED_FACE('',(#2397),#541,.T.);
#9372=ADVANCED_FACE('',(#2398),#542,.T.);
#9373=ADVANCED_FACE('',(#2399,#1949),#8892,.F.);
#9374=ADVANCED_FACE('',(#2400),#543,.T.);
#9375=ADVANCED_FACE('',(#2401),#544,.T.);
#9376=ADVANCED_FACE('',(#2402),#545,.T.);
#9377=ADVANCED_FACE('',(#2403),#8893,.F.);
#9378=ADVANCED_FACE('',(#2404),#546,.T.);
#9379=ADVANCED_FACE('',(#2405),#8894,.F.);
#9380=ADVANCED_FACE('',(#2406),#547,.T.);
#9381=ADVANCED_FACE('',(#2407),#8895,.F.);
#9382=ADVANCED_FACE('',(#2408),#548,.T.);
#9383=ADVANCED_FACE('',(#2409),#8896,.F.);
#9384=ADVANCED_FACE('',(#2410),#549,.T.);
#9385=ADVANCED_FACE('',(#2411),#8897,.F.);
#9386=ADVANCED_FACE('',(#2412),#550,.T.);
#9387=ADVANCED_FACE('',(#2413),#8898,.F.);
#9388=ADVANCED_FACE('',(#2414),#8899,.F.);
#9389=ADVANCED_FACE('',(#2415),#8900,.F.);
#9390=ADVANCED_FACE('',(#2416),#8901,.F.);
#9391=ADVANCED_FACE('',(#2417),#8902,.F.);
#9392=ADVANCED_FACE('',(#2418),#8903,.F.);
#9393=ADVANCED_FACE('',(#2419),#8904,.F.);
#9394=ADVANCED_FACE('',(#2420,#1950),#8905,.F.);
#9395=ADVANCED_FACE('',(#2421),#551,.T.);
#9396=ADVANCED_FACE('',(#2422),#552,.T.);
#9397=ADVANCED_FACE('',(#2423),#553,.T.);
#9398=ADVANCED_FACE('',(#2424),#554,.T.);
#9399=ADVANCED_FACE('',(#2425),#555,.T.);
#9400=ADVANCED_FACE('',(#2426),#556,.T.);
#9401=ADVANCED_FACE('',(#2427),#557,.T.);
#9402=ADVANCED_FACE('',(#2428),#558,.T.);
#9403=ADVANCED_FACE('',(#2429),#559,.T.);
#9404=ADVANCED_FACE('',(#2430),#560,.T.);
#9405=ADVANCED_FACE('',(#2431),#561,.T.);
#9406=ADVANCED_FACE('',(#2432),#562,.T.);
#9407=ADVANCED_FACE('',(#2433),#563,.F.);
#9408=ADVANCED_FACE('',(#2434),#8906,.F.);
#9409=ADVANCED_FACE('',(#2435),#1837,.T.);
#9410=ADVANCED_FACE('',(#2436,#1951),#8907,.F.);
#9411=ADVANCED_FACE('',(#2437),#564,.T.);
#9412=ADVANCED_FACE('',(#2438),#1838,.T.);
#9413=ADVANCED_FACE('',(#2439),#8908,.F.);
#9414=ADVANCED_FACE('',(#2440),#8909,.F.);
#9415=ADVANCED_FACE('',(#2441),#8910,.F.);
#9416=ADVANCED_FACE('',(#2442),#8911,.F.);
#9417=ADVANCED_FACE('',(#2443),#8912,.F.);
#9418=ADVANCED_FACE('',(#2444),#8913,.F.);
#9419=ADVANCED_FACE('',(#2445),#565,.T.);
#9420=ADVANCED_FACE('',(#2446),#8914,.T.);
#9421=ADVANCED_FACE('',(#2447),#8915,.F.);
#9422=ADVANCED_FACE('',(#2448),#8916,.F.);
#9423=ADVANCED_FACE('',(#2449),#8917,.F.);
#9424=ADVANCED_FACE('',(#2450),#8918,.F.);
#9425=ADVANCED_FACE('',(#2451),#8919,.F.);
#9426=ADVANCED_FACE('',(#2452),#8920,.F.);
#9427=ADVANCED_FACE('',(#2453),#566,.T.);
#9428=ADVANCED_FACE('',(#2454),#8921,.T.);
#9429=ADVANCED_FACE('',(#2455),#8922,.F.);
#9430=ADVANCED_FACE('',(#2456),#8923,.F.);
#9431=ADVANCED_FACE('',(#2457),#8924,.F.);
#9432=ADVANCED_FACE('',(#2458),#8925,.F.);
#9433=ADVANCED_FACE('',(#2459),#8926,.F.);
#9434=ADVANCED_FACE('',(#2460),#8927,.F.);
#9435=ADVANCED_FACE('',(#2461),#567,.T.);
#9436=ADVANCED_FACE('',(#2462),#8928,.T.);
#9437=ADVANCED_FACE('',(#2463),#1839,.T.);
#9438=ADVANCED_FACE('',(#2464),#1840,.T.);
#9439=ADVANCED_FACE('',(#2465),#1841,.F.);
#9440=ADVANCED_FACE('',(#2466),#1842,.T.);
#9441=ADVANCED_FACE('',(#2467,#1952,#1953,#1954,#1955,#1956,#1957,#1958),
#8929,.F.);
#9442=ADVANCED_FACE('',(#2468,#1959,#1960,#1961,#1962,#1963,#1964,#1965),
#8930,.T.);
#9443=ADVANCED_FACE('',(#2469,#1966,#1967,#1968,#1969,#1970,#1971,#1972),
#8931,.T.);
#9444=ADVANCED_FACE('',(#2470,#1973,#1974,#1975,#1976,#1977,#1978,#1979),
#8932,.F.);
#9445=ADVANCED_FACE('',(#2471),#8933,.F.);
#9446=ADVANCED_FACE('',(#2472),#1843,.T.);
#9447=ADVANCED_FACE('',(#2473,#1980),#8934,.F.);
#9448=ADVANCED_FACE('',(#2474),#568,.T.);
#9449=ADVANCED_FACE('',(#2475),#1844,.T.);
#9450=ADVANCED_FACE('',(#2476),#569,.F.);
#9451=ADVANCED_FACE('',(#2477),#570,.T.);
#9452=ADVANCED_FACE('',(#2478),#571,.T.);
#9453=ADVANCED_FACE('',(#2479),#572,.T.);
#9454=ADVANCED_FACE('',(#2480),#573,.T.);
#9455=ADVANCED_FACE('',(#2481,#1981),#8935,.F.);
#9456=ADVANCED_FACE('',(#2482),#574,.T.);
#9457=ADVANCED_FACE('',(#2483),#575,.T.);
#9458=ADVANCED_FACE('',(#2484),#576,.T.);
#9459=ADVANCED_FACE('',(#2485),#8936,.F.);
#9460=ADVANCED_FACE('',(#2486),#577,.T.);
#9461=ADVANCED_FACE('',(#2487),#8937,.F.);
#9462=ADVANCED_FACE('',(#2488),#578,.T.);
#9463=ADVANCED_FACE('',(#2489),#8938,.F.);
#9464=ADVANCED_FACE('',(#2490),#579,.T.);
#9465=ADVANCED_FACE('',(#2491),#8939,.F.);
#9466=ADVANCED_FACE('',(#2492),#580,.T.);
#9467=ADVANCED_FACE('',(#2493),#8940,.F.);
#9468=ADVANCED_FACE('',(#2494),#581,.T.);
#9469=ADVANCED_FACE('',(#2495),#8941,.F.);
#9470=ADVANCED_FACE('',(#2496),#8942,.F.);
#9471=ADVANCED_FACE('',(#2497),#1845,.T.);
#9472=ADVANCED_FACE('',(#2498,#1982),#8943,.F.);
#9473=ADVANCED_FACE('',(#2499),#582,.T.);
#9474=ADVANCED_FACE('',(#2500),#1846,.T.);
#9475=ADVANCED_FACE('',(#2501),#583,.F.);
#9476=ADVANCED_FACE('',(#2502),#584,.T.);
#9477=ADVANCED_FACE('',(#2503),#585,.T.);
#9478=ADVANCED_FACE('',(#2504),#586,.T.);
#9479=ADVANCED_FACE('',(#2505),#587,.T.);
#9480=ADVANCED_FACE('',(#2506,#1983),#8944,.F.);
#9481=ADVANCED_FACE('',(#2507),#588,.T.);
#9482=ADVANCED_FACE('',(#2508),#589,.T.);
#9483=ADVANCED_FACE('',(#2509),#590,.T.);
#9484=ADVANCED_FACE('',(#2510),#8945,.F.);
#9485=ADVANCED_FACE('',(#2511),#591,.T.);
#9486=ADVANCED_FACE('',(#2512),#8946,.F.);
#9487=ADVANCED_FACE('',(#2513),#592,.T.);
#9488=ADVANCED_FACE('',(#2514),#8947,.F.);
#9489=ADVANCED_FACE('',(#2515),#593,.T.);
#9490=ADVANCED_FACE('',(#2516),#8948,.F.);
#9491=ADVANCED_FACE('',(#2517),#594,.T.);
#9492=ADVANCED_FACE('',(#2518),#8949,.F.);
#9493=ADVANCED_FACE('',(#2519),#595,.T.);
#9494=ADVANCED_FACE('',(#2520),#8950,.F.);
#9495=ADVANCED_FACE('',(#2521),#8951,.F.);
#9496=ADVANCED_FACE('',(#2522),#8952,.F.);
#9497=ADVANCED_FACE('',(#2523),#8953,.F.);
#9498=ADVANCED_FACE('',(#2524),#8954,.F.);
#9499=ADVANCED_FACE('',(#2525),#8955,.F.);
#9500=ADVANCED_FACE('',(#2526),#8956,.F.);
#9501=ADVANCED_FACE('',(#2527,#1984),#8957,.F.);
#9502=ADVANCED_FACE('',(#2528),#596,.T.);
#9503=ADVANCED_FACE('',(#2529),#597,.T.);
#9504=ADVANCED_FACE('',(#2530),#598,.T.);
#9505=ADVANCED_FACE('',(#2531),#599,.T.);
#9506=ADVANCED_FACE('',(#2532),#600,.T.);
#9507=ADVANCED_FACE('',(#2533),#601,.T.);
#9508=ADVANCED_FACE('',(#2534),#602,.T.);
#9509=ADVANCED_FACE('',(#2535),#603,.T.);
#9510=ADVANCED_FACE('',(#2536),#604,.T.);
#9511=ADVANCED_FACE('',(#2537),#605,.T.);
#9512=ADVANCED_FACE('',(#2538),#606,.T.);
#9513=ADVANCED_FACE('',(#2539),#607,.T.);
#9514=ADVANCED_FACE('',(#2540),#608,.F.);
#9515=ADVANCED_FACE('',(#2541),#8958,.F.);
#9516=ADVANCED_FACE('',(#2542),#1847,.T.);
#9517=ADVANCED_FACE('',(#2543,#1985),#8959,.F.);
#9518=ADVANCED_FACE('',(#2544),#609,.T.);
#9519=ADVANCED_FACE('',(#2545),#1848,.T.);
#9520=CLOSED_SHELL('',(#8960,#8961,#8962));
#9521=CLOSED_SHELL('',(#8963,#8964,#8965));
#9522=CLOSED_SHELL('',(#8966,#8967,#8968));
#9523=CLOSED_SHELL('',(#8969,#8970,#8971,#8972));
#9524=CLOSED_SHELL('',(#8973,#8974,#8975,#8976));
#9525=CLOSED_SHELL('',(#8977,#8978,#8979,#8980));
#9526=CLOSED_SHELL('',(#8981,#8982,#8983));
#9527=CLOSED_SHELL('',(#8984,#8985,#8986));
#9528=CLOSED_SHELL('',(#8987,#8988,#8989));
#9529=CLOSED_SHELL('',(#8990,#8991,#8992,#8993));
#9530=CLOSED_SHELL('',(#8994,#8995,#8996,#8997));
#9531=CLOSED_SHELL('',(#8998,#8999,#9000,#9001));
#9532=CLOSED_SHELL('',(#9002,#9003,#9004));
#9533=CLOSED_SHELL('',(#9005,#9006,#9007));
#9534=CLOSED_SHELL('',(#9008,#9009,#9010));
#9535=CLOSED_SHELL('',(#9011,#9012,#9013,#9014));
#9536=CLOSED_SHELL('',(#9015,#9016,#9017,#9018));
#9537=CLOSED_SHELL('',(#9019,#9020,#9021,#9022));
#9538=CLOSED_SHELL('',(#9023,#9024,#9025));
#9539=CLOSED_SHELL('',(#9026,#9027,#9028));
#9540=CLOSED_SHELL('',(#9029,#9030,#9031,#9032));
#9541=CLOSED_SHELL('',(#9033,#9034,#9035,#9036));
#9542=CLOSED_SHELL('',(#9037,#9038,#9039,#9040,#9041));
#9543=CLOSED_SHELL('',(#9042,#9043,#9044,#9045,#9046,#9047,#9048,#9049,
#9050,#9051,#9052,#9053,#9054,#9055,#9056,#9057,#9058,#9059,#9060,#9061,
#9062,#9063,#9064,#9065,#9066,#9067,#9068,#9069,#9070,#9071,#9072,#9073,
#9074,#9075,#9076,#9077,#9078,#9079,#9080,#9081,#9082,#9083,#9084,#9085,
#9086,#9087,#9088,#9089,#9090,#9091,#9092,#9093,#9094,#9095,#9096,#9097,
#9098,#9099,#9100,#9101,#9102,#9103,#9104,#9105,#9106,#9107,#9108,#9109,
#9110,#9111,#9112,#9113,#9114,#9115,#9116,#9117,#9118,#9119,#9120,#9121,
#9122,#9123,#9124,#9125,#9126,#9127,#9128,#9129,#9130,#9131,#9132,#9133,
#9134,#9135,#9136,#9137,#9138,#9139,#9140,#9141,#9142,#9143,#9144,#9145,
#9146,#9147,#9148,#9149,#9150,#9151,#9152,#9153,#9154,#9155,#9156,#9157,
#9158,#9159,#9160,#9161,#9162,#9163,#9164,#9165,#9166,#9167,#9168,#9169,
#9170,#9171,#9172,#9173,#9174,#9175,#9176,#9177,#9178,#9179,#9180,#9181,
#9182,#9183,#9184,#9185,#9186,#9187,#9188,#9189,#9190,#9191,#9192,#9193,
#9194,#9195,#9196,#9197,#9198,#9199,#9200,#9201,#9202,#9203,#9204,#9205,
#9206,#9207,#9208,#9209,#9210,#9211,#9212,#9213,#9214,#9215,#9216,#9217,
#9218,#9219,#9220,#9221,#9222,#9223,#9224,#9225,#9226,#9227,#9228,#9229,
#9230,#9231,#9232,#9233,#9234,#9235,#9236,#9237,#9238,#9239,#9240,#9241,
#9242,#9243,#9244,#9245,#9246,#9247,#9248,#9249,#9250,#9251,#9252,#9253,
#9254,#9255,#9256,#9257,#9258,#9259,#9260,#9261,#9262,#9263,#9264,#9265,
#9266,#9267,#9268,#9269,#9270,#9271,#9272,#9273,#9274,#9275,#9276,#9277,
#9278,#9279,#9280,#9281,#9282,#9283,#9284,#9285,#9286,#9287,#9288,#9289,
#9290,#9291,#9292,#9293,#9294,#9295,#9296,#9297,#9298,#9299,#9300,#9301,
#9302,#9303,#9304,#9305,#9306,#9307,#9308,#9309,#9310,#9311,#9312,#9313,
#9314,#9315,#9316,#9317,#9318,#9319,#9320,#9321,#9322,#9323,#9324,#9325,
#9326,#9327,#9328,#9329,#9330,#9331,#9332,#9333,#9334,#9335,#9336,#9337,
#9338,#9339,#9340,#9341,#9342,#9343,#9344,#9345,#9346,#9347,#9348,#9349,
#9350,#9351,#9352,#9353,#9354,#9355,#9356,#9357,#9358,#9359,#9360,#9361,
#9362,#9363,#9364,#9365,#9366,#9367,#9368,#9369,#9370,#9371,#9372,#9373,
#9374,#9375,#9376,#9377,#9378,#9379,#9380,#9381,#9382,#9383,#9384,#9385,
#9386,#9387,#9388,#9389,#9390,#9391,#9392,#9393,#9394,#9395,#9396,#9397,
#9398,#9399,#9400,#9401,#9402,#9403,#9404,#9405,#9406,#9407,#9408,#9409,
#9410,#9411,#9412,#9413,#9414,#9415,#9416,#9417,#9418,#9419,#9420,#9421,
#9422,#9423,#9424,#9425,#9426,#9427,#9428,#9429,#9430,#9431,#9432,#9433,
#9434,#9435,#9436,#9437,#9438,#9439,#9440,#9441,#9442,#9443,#9444,#9445,
#9446,#9447,#9448,#9449,#9450,#9451,#9452,#9453,#9454,#9455,#9456,#9457,
#9458,#9459,#9460,#9461,#9462,#9463,#9464,#9465,#9466,#9467,#9468,#9469,
#9470,#9471,#9472,#9473,#9474,#9475,#9476,#9477,#9478,#9479,#9480,#9481,
#9482,#9483,#9484,#9485,#9486,#9487,#9488,#9489,#9490,#9491,#9492,#9493,
#9494,#9495,#9496,#9497,#9498,#9499,#9500,#9501,#9502,#9503,#9504,#9505,
#9506,#9507,#9508,#9509,#9510,#9511,#9512,#9513,#9514,#9515,#9516,#9517,
#9518,#9519));
#9544=BREP_WITH_VOIDS('33F',#9543,(#383,#384,#385,#386,#387,#388,#389,#390,
#391,#392,#393,#394,#395,#396,#397,#398,#399,#400,#401,#402,#403,#404,#405));
#9545=AXIS2_PLACEMENT_3D('',#13152,#10561,#10562);
#9546=AXIS2_PLACEMENT_3D('',#13153,#10563,#10564);
#9547=AXIS2_PLACEMENT_3D('',#13154,#10565,#10566);
#9548=AXIS2_PLACEMENT_3D('',#13156,#10567,#10568);
#9549=AXIS2_PLACEMENT_3D('',#13158,#10569,#10570);
#9550=AXIS2_PLACEMENT_3D('',#13159,#10571,#10572);
#9551=AXIS2_PLACEMENT_3D('',#13162,#10574,#10575);
#9552=AXIS2_PLACEMENT_3D('',#13163,#10576,#10577);
#9553=AXIS2_PLACEMENT_3D('',#13165,#10579,#10580);
#9554=AXIS2_PLACEMENT_3D('',#13167,#10581,#10582);
#9555=AXIS2_PLACEMENT_3D('',#13169,#10583,#10584);
#9556=AXIS2_PLACEMENT_3D('',#13170,#10585,#10586);
#9557=AXIS2_PLACEMENT_3D('',#13173,#10588,#10589);
#9558=AXIS2_PLACEMENT_3D('',#13174,#10590,#10591);
#9559=AXIS2_PLACEMENT_3D('',#13176,#10593,#10594);
#9560=AXIS2_PLACEMENT_3D('',#13178,#10595,#10596);
#9561=AXIS2_PLACEMENT_3D('',#13180,#10597,#10598);
#9562=AXIS2_PLACEMENT_3D('',#13181,#10599,#10600);
#9563=AXIS2_PLACEMENT_3D('',#13184,#10602,#10603);
#9564=AXIS2_PLACEMENT_3D('',#13185,#10604,#10605);
#9565=AXIS2_PLACEMENT_3D('',#13187,#10607,#10608);
#9566=AXIS2_PLACEMENT_3D('',#13189,#10609,#10610);
#9567=AXIS2_PLACEMENT_3D('',#13193,#10612,#10613);
#9568=AXIS2_PLACEMENT_3D('',#13194,#10614,#10615);
#9569=AXIS2_PLACEMENT_3D('',#13195,#10616,#10617);
#9570=AXIS2_PLACEMENT_3D('',#13198,#10619,#10620);
#9571=AXIS2_PLACEMENT_3D('',#13199,#10621,#10622);
#9572=AXIS2_PLACEMENT_3D('',#13202,#10624,#10625);
#9573=AXIS2_PLACEMENT_3D('',#13203,#10626,#10627);
#9574=AXIS2_PLACEMENT_3D('',#13204,#10628,#10629);
#9575=AXIS2_PLACEMENT_3D('',#13206,#10630,#10631);
#9576=AXIS2_PLACEMENT_3D('',#13209,#10633,#10634);
#9577=AXIS2_PLACEMENT_3D('',#13210,#10635,#10636);
#9578=AXIS2_PLACEMENT_3D('',#13213,#10638,#10639);
#9579=AXIS2_PLACEMENT_3D('',#13214,#10640,#10641);
#9580=AXIS2_PLACEMENT_3D('',#13217,#10643,#10644);
#9581=AXIS2_PLACEMENT_3D('',#13218,#10645,#10646);
#9582=AXIS2_PLACEMENT_3D('',#13219,#10647,#10648);
#9583=AXIS2_PLACEMENT_3D('',#13221,#10649,#10650);
#9584=AXIS2_PLACEMENT_3D('',#13225,#10652,#10653);
#9585=AXIS2_PLACEMENT_3D('',#13226,#10654,#10655);
#9586=AXIS2_PLACEMENT_3D('',#13227,#10656,#10657);
#9587=AXIS2_PLACEMENT_3D('',#13230,#10659,#10660);
#9588=AXIS2_PLACEMENT_3D('',#13231,#10661,#10662);
#9589=AXIS2_PLACEMENT_3D('',#13234,#10664,#10665);
#9590=AXIS2_PLACEMENT_3D('',#13235,#10666,#10667);
#9591=AXIS2_PLACEMENT_3D('',#13236,#10668,#10669);
#9592=AXIS2_PLACEMENT_3D('',#13238,#10670,#10671);
#9593=AXIS2_PLACEMENT_3D('',#13241,#10673,#10674);
#9594=AXIS2_PLACEMENT_3D('',#13242,#10675,#10676);
#9595=AXIS2_PLACEMENT_3D('',#13245,#10678,#10679);
#9596=AXIS2_PLACEMENT_3D('',#13246,#10680,#10681);
#9597=AXIS2_PLACEMENT_3D('',#13247,#10682,#10683);
#9598=AXIS2_PLACEMENT_3D('',#13249,#10684,#10685);
#9599=AXIS2_PLACEMENT_3D('',#13252,#10687,#10688);
#9600=AXIS2_PLACEMENT_3D('',#13253,#10689,#10690);
#9601=AXIS2_PLACEMENT_3D('',#13256,#10692,#10693);
#9602=AXIS2_PLACEMENT_3D('',#13257,#10694,#10695);
#9603=AXIS2_PLACEMENT_3D('',#13258,#10696,#10697);
#9604=AXIS2_PLACEMENT_3D('',#13260,#10698,#10699);
#9605=AXIS2_PLACEMENT_3D('',#13263,#10701,#10702);
#9606=AXIS2_PLACEMENT_3D('',#13264,#10703,#10704);
#9607=AXIS2_PLACEMENT_3D('',#13267,#10706,#10707);
#9608=AXIS2_PLACEMENT_3D('',#13268,#10708,#10709);
#9609=AXIS2_PLACEMENT_3D('',#13269,#10710,#10711);
#9610=AXIS2_PLACEMENT_3D('',#13271,#10712,#10713);
#9611=AXIS2_PLACEMENT_3D('',#13273,#10714,#10715);
#9612=AXIS2_PLACEMENT_3D('',#13274,#10716,#10717);
#9613=AXIS2_PLACEMENT_3D('',#13277,#10718,#10719);
#9614=AXIS2_PLACEMENT_3D('',#13279,#10721,#10722);
#9615=AXIS2_PLACEMENT_3D('',#13280,#10723,#10724);
#9616=AXIS2_PLACEMENT_3D('',#13283,#10726,#10727);
#9617=AXIS2_PLACEMENT_3D('',#13284,#10728,#10729);
#9618=AXIS2_PLACEMENT_3D('',#13286,#10731,#10732);
#9619=AXIS2_PLACEMENT_3D('',#13288,#10733,#10734);
#9620=AXIS2_PLACEMENT_3D('',#13290,#10735,#10736);
#9621=AXIS2_PLACEMENT_3D('',#13291,#10737,#10738);
#9622=AXIS2_PLACEMENT_3D('',#13293,#10739,#10740);
#9623=AXIS2_PLACEMENT_3D('',#13295,#10742,#10743);
#9624=AXIS2_PLACEMENT_3D('',#13298,#10745,#10746);
#9625=AXIS2_PLACEMENT_3D('',#13299,#10747,#10748);
#9626=AXIS2_PLACEMENT_3D('',#13301,#10750,#10751);
#9627=AXIS2_PLACEMENT_3D('',#13303,#10752,#10753);
#9628=AXIS2_PLACEMENT_3D('',#13305,#10754,#10755);
#9629=AXIS2_PLACEMENT_3D('',#13306,#10756,#10757);
#9630=AXIS2_PLACEMENT_3D('',#13309,#10758,#10759);
#9631=AXIS2_PLACEMENT_3D('',#13311,#10761,#10762);
#9632=AXIS2_PLACEMENT_3D('',#13312,#10763,#10764);
#9633=AXIS2_PLACEMENT_3D('',#13315,#10766,#10767);
#9634=AXIS2_PLACEMENT_3D('',#13316,#10768,#10769);
#9635=AXIS2_PLACEMENT_3D('',#13318,#10771,#10772);
#9636=AXIS2_PLACEMENT_3D('',#13320,#10773,#10774);
#9637=AXIS2_PLACEMENT_3D('',#13322,#10775,#10776);
#9638=AXIS2_PLACEMENT_3D('',#13323,#10777,#10778);
#9639=AXIS2_PLACEMENT_3D('',#13326,#10780,#10781);
#9640=AXIS2_PLACEMENT_3D('',#13327,#10782,#10783);
#9641=AXIS2_PLACEMENT_3D('',#13329,#10785,#10786);
#9642=AXIS2_PLACEMENT_3D('',#13331,#10787,#10788);
#9643=AXIS2_PLACEMENT_3D('',#13333,#10789,#10790);
#9644=AXIS2_PLACEMENT_3D('',#13334,#10791,#10792);
#9645=AXIS2_PLACEMENT_3D('',#13337,#10794,#10795);
#9646=AXIS2_PLACEMENT_3D('',#13338,#10796,#10797);
#9647=AXIS2_PLACEMENT_3D('',#13340,#10799,#10800);
#9648=AXIS2_PLACEMENT_3D('',#13342,#10801,#10802);
#9649=AXIS2_PLACEMENT_3D('',#13344,#10803,#10804);
#9650=AXIS2_PLACEMENT_3D('',#13345,#10805,#10806);
#9651=AXIS2_PLACEMENT_3D('',#13348,#10808,#10809);
#9652=AXIS2_PLACEMENT_3D('',#13349,#10810,#10811);
#9653=AXIS2_PLACEMENT_3D('',#13351,#10813,#10814);
#9654=AXIS2_PLACEMENT_3D('',#13353,#10815,#10816);
#9655=AXIS2_PLACEMENT_3D('',#13357,#10818,#10819);
#9656=AXIS2_PLACEMENT_3D('',#13358,#10820,#10821);
#9657=AXIS2_PLACEMENT_3D('',#13359,#10822,#10823);
#9658=AXIS2_PLACEMENT_3D('',#13362,#10825,#10826);
#9659=AXIS2_PLACEMENT_3D('',#13363,#10827,#10828);
#9660=AXIS2_PLACEMENT_3D('',#13366,#10830,#10831);
#9661=AXIS2_PLACEMENT_3D('',#13367,#10832,#10833);
#9662=AXIS2_PLACEMENT_3D('',#13368,#10834,#10835);
#9663=AXIS2_PLACEMENT_3D('',#13370,#10836,#10837);
#9664=AXIS2_PLACEMENT_3D('',#13374,#10839,#10840);
#9665=AXIS2_PLACEMENT_3D('',#13375,#10841,#10842);
#9666=AXIS2_PLACEMENT_3D('',#13376,#10843,#10844);
#9667=AXIS2_PLACEMENT_3D('',#13379,#10846,#10847);
#9668=AXIS2_PLACEMENT_3D('',#13380,#10848,#10849);
#9669=AXIS2_PLACEMENT_3D('',#13383,#10851,#10852);
#9670=AXIS2_PLACEMENT_3D('',#13384,#10853,#10854);
#9671=AXIS2_PLACEMENT_3D('',#13385,#10855,#10856);
#9672=AXIS2_PLACEMENT_3D('',#13387,#10857,#10858);
#9673=AXIS2_PLACEMENT_3D('',#13390,#10860,#10861);
#9674=AXIS2_PLACEMENT_3D('',#13391,#10862,#10863);
#9675=AXIS2_PLACEMENT_3D('',#13394,#10865,#10866);
#9676=AXIS2_PLACEMENT_3D('',#13395,#10867,#10868);
#9677=AXIS2_PLACEMENT_3D('',#13398,#10870,#10871);
#9678=AXIS2_PLACEMENT_3D('',#13399,#10872,#10873);
#9679=AXIS2_PLACEMENT_3D('',#13400,#10874,#10875);
#9680=AXIS2_PLACEMENT_3D('',#13402,#10876,#10877);
#9681=AXIS2_PLACEMENT_3D('',#13405,#10879,#10880);
#9682=AXIS2_PLACEMENT_3D('',#13406,#10881,#10882);
#9683=AXIS2_PLACEMENT_3D('',#13409,#10884,#10885);
#9684=AXIS2_PLACEMENT_3D('',#13410,#10886,#10887);
#9685=AXIS2_PLACEMENT_3D('',#13411,#10888,#10889);
#9686=AXIS2_PLACEMENT_3D('',#13413,#10890,#10891);
#9687=AXIS2_PLACEMENT_3D('',#13416,#10893,#10894);
#9688=AXIS2_PLACEMENT_3D('',#13417,#10895,#10896);
#9689=AXIS2_PLACEMENT_3D('',#13420,#10898,#10899);
#9690=AXIS2_PLACEMENT_3D('',#13421,#10900,#10901);
#9691=AXIS2_PLACEMENT_3D('',#13422,#10902,#10903);
#9692=AXIS2_PLACEMENT_3D('',#13425,#10904,#10905);
#9693=AXIS2_PLACEMENT_3D('',#13428,#10907,#10908);
#9694=AXIS2_PLACEMENT_3D('',#13429,#10909,#10910);
#9695=AXIS2_PLACEMENT_3D('',#13430,#10911,#10912);
#9696=AXIS2_PLACEMENT_3D('',#13433,#10914,#10915);
#9697=AXIS2_PLACEMENT_3D('',#13434,#10916,#10917);
#9698=AXIS2_PLACEMENT_3D('',#13437,#10919,#10920);
#9699=AXIS2_PLACEMENT_3D('',#13438,#10921,#10922);
#9700=AXIS2_PLACEMENT_3D('',#13439,#10923,#10924);
#9701=AXIS2_PLACEMENT_3D('',#13442,#10925,#10926);
#9702=AXIS2_PLACEMENT_3D('',#13445,#10928,#10929);
#9703=AXIS2_PLACEMENT_3D('',#13446,#10930,#10931);
#9704=AXIS2_PLACEMENT_3D('',#13447,#10932,#10933);
#9705=AXIS2_PLACEMENT_3D('',#13450,#10935,#10936);
#9706=AXIS2_PLACEMENT_3D('',#13451,#10937,#10938);
#9707=AXIS2_PLACEMENT_3D('',#13454,#10940,#10941);
#9708=AXIS2_PLACEMENT_3D('',#13455,#10942,#10943);
#9709=AXIS2_PLACEMENT_3D('',#13456,#10944,#10945);
#9710=AXIS2_PLACEMENT_3D('',#13458,#10946,#10947);
#9711=AXIS2_PLACEMENT_3D('',#13460,#10948,#10949);
#9712=AXIS2_PLACEMENT_3D('',#13461,#10950,#10951);
#9713=AXIS2_PLACEMENT_3D('',#13465,#10953,#10954);
#9714=AXIS2_PLACEMENT_3D('',#13466,#10955,#10956);
#9715=AXIS2_PLACEMENT_3D('',#13467,#10957,#10958);
#9716=AXIS2_PLACEMENT_3D('',#13469,#10959,#10960);
#9717=AXIS2_PLACEMENT_3D('',#13472,#10962,#10963);
#9718=AXIS2_PLACEMENT_3D('',#13473,#10964,#10965);
#9719=AXIS2_PLACEMENT_3D('',#13475,#10967,#10968);
#9720=AXIS2_PLACEMENT_3D('',#13477,#10970,#10971);
#9721=AXIS2_PLACEMENT_3D('',#13479,#10972,#10973);
#9722=AXIS2_PLACEMENT_3D('',#13482,#10974,#10975);
#9723=AXIS2_PLACEMENT_3D('',#13489,#10979,#10980);
#9724=AXIS2_PLACEMENT_3D('',#13491,#10981,#10982);
#9725=AXIS2_PLACEMENT_3D('',#13493,#10983,#10984);
#9726=AXIS2_PLACEMENT_3D('',#13495,#10985,#10986);
#9727=AXIS2_PLACEMENT_3D('',#13497,#10987,#10988);
#9728=AXIS2_PLACEMENT_3D('',#13499,#10989,#10990);
#9729=AXIS2_PLACEMENT_3D('',#13500,#10991,#10992);
#9730=AXIS2_PLACEMENT_3D('',#13502,#10993,#10994);
#9731=AXIS2_PLACEMENT_3D('',#13519,#11002,#11003);
#9732=AXIS2_PLACEMENT_3D('',#13523,#11005,#11006);
#9733=AXIS2_PLACEMENT_3D('',#13527,#11008,#11009);
#9734=AXIS2_PLACEMENT_3D('',#13531,#11011,#11012);
#9735=AXIS2_PLACEMENT_3D('',#13535,#11014,#11015);
#9736=AXIS2_PLACEMENT_3D('',#13538,#11017,#11018);
#9737=AXIS2_PLACEMENT_3D('',#13543,#11020,#11021);
#9738=AXIS2_PLACEMENT_3D('',#13547,#11023,#11024);
#9739=AXIS2_PLACEMENT_3D('',#13551,#11026,#11027);
#9740=AXIS2_PLACEMENT_3D('',#13555,#11029,#11030);
#9741=AXIS2_PLACEMENT_3D('',#13559,#11032,#11033);
#9742=AXIS2_PLACEMENT_3D('',#13562,#11035,#11036);
#9743=AXIS2_PLACEMENT_3D('',#13567,#11038,#11039);
#9744=AXIS2_PLACEMENT_3D('',#13571,#11041,#11042);
#9745=AXIS2_PLACEMENT_3D('',#13575,#11044,#11045);
#9746=AXIS2_PLACEMENT_3D('',#13579,#11047,#11048);
#9747=AXIS2_PLACEMENT_3D('',#13583,#11050,#11051);
#9748=AXIS2_PLACEMENT_3D('',#13586,#11053,#11054);
#9749=AXIS2_PLACEMENT_3D('',#13612,#11067,#11068);
#9750=AXIS2_PLACEMENT_3D('',#13613,#11069,#11070);
#9751=AXIS2_PLACEMENT_3D('',#13616,#11072,#11073);
#9752=AXIS2_PLACEMENT_3D('',#13687,#11074,#11075);
#9753=AXIS2_PLACEMENT_3D('',#13690,#11076,#11077);
#9754=AXIS2_PLACEMENT_3D('',#13696,#11081,#11082);
#9755=AXIS2_PLACEMENT_3D('',#13699,#11085,#11086);
#9756=AXIS2_PLACEMENT_3D('',#13701,#11088,#11089);
#9757=AXIS2_PLACEMENT_3D('',#13704,#11091,#11092);
#9758=AXIS2_PLACEMENT_3D('',#13705,#11093,#11094);
#9759=AXIS2_PLACEMENT_3D('',#13707,#11096,#11097);
#9760=AXIS2_PLACEMENT_3D('',#13708,#11098,#11099);
#9761=AXIS2_PLACEMENT_3D('',#13710,#11101,#11102);
#9762=AXIS2_PLACEMENT_3D('',#13712,#11103,#11104);
#9763=AXIS2_PLACEMENT_3D('',#13713,#11105,#11106);
#9764=AXIS2_PLACEMENT_3D('',#13739,#11108,#11109);
#9765=AXIS2_PLACEMENT_3D('',#13742,#11112,#11113);
#9766=AXIS2_PLACEMENT_3D('',#13744,#11115,#11116);
#9767=AXIS2_PLACEMENT_3D('',#13746,#11118,#11119);
#9768=AXIS2_PLACEMENT_3D('',#13748,#11121,#11122);
#9769=AXIS2_PLACEMENT_3D('',#13750,#11124,#11125);
#9770=AXIS2_PLACEMENT_3D('',#13751,#11126,#11127);
#9771=AXIS2_PLACEMENT_3D('',#13753,#11128,#11129);
#9772=AXIS2_PLACEMENT_3D('',#13754,#11130,#11131);
#9773=AXIS2_PLACEMENT_3D('',#13780,#11133,#11134);
#9774=AXIS2_PLACEMENT_3D('',#13783,#11137,#11138);
#9775=AXIS2_PLACEMENT_3D('',#13785,#11140,#11141);
#9776=AXIS2_PLACEMENT_3D('',#13787,#11143,#11144);
#9777=AXIS2_PLACEMENT_3D('',#13789,#11146,#11147);
#9778=AXIS2_PLACEMENT_3D('',#13791,#11149,#11150);
#9779=AXIS2_PLACEMENT_3D('',#13792,#11151,#11152);
#9780=AXIS2_PLACEMENT_3D('',#13794,#11153,#11154);
#9781=AXIS2_PLACEMENT_3D('',#13795,#11155,#11156);
#9782=AXIS2_PLACEMENT_3D('',#13821,#11158,#11159);
#9783=AXIS2_PLACEMENT_3D('',#13824,#11162,#11163);
#9784=AXIS2_PLACEMENT_3D('',#13826,#11165,#11166);
#9785=AXIS2_PLACEMENT_3D('',#13828,#11168,#11169);
#9786=AXIS2_PLACEMENT_3D('',#13830,#11171,#11172);
#9787=AXIS2_PLACEMENT_3D('',#13832,#11174,#11175);
#9788=AXIS2_PLACEMENT_3D('',#13833,#11176,#11177);
#9789=AXIS2_PLACEMENT_3D('',#13836,#11178,#11179);
#9790=AXIS2_PLACEMENT_3D('',#13839,#11181,#11182);
#9791=AXIS2_PLACEMENT_3D('',#13840,#11183,#11184);
#9792=AXIS2_PLACEMENT_3D('',#13841,#11185,#11186);
#9793=AXIS2_PLACEMENT_3D('',#13844,#11188,#11189);
#9794=AXIS2_PLACEMENT_3D('',#13845,#11190,#11191);
#9795=AXIS2_PLACEMENT_3D('',#13847,#11192,#11193);
#9796=AXIS2_PLACEMENT_3D('',#13848,#11194,#11195);
#9797=AXIS2_PLACEMENT_3D('',#13851,#11197,#11198);
#9798=AXIS2_PLACEMENT_3D('',#13852,#11199,#11200);
#9799=AXIS2_PLACEMENT_3D('',#13853,#11201,#11202);
#9800=AXIS2_PLACEMENT_3D('',#13856,#11204,#11205);
#9801=AXIS2_PLACEMENT_3D('',#13857,#11206,#11207);
#9802=AXIS2_PLACEMENT_3D('',#13867,#11208,#11209);
#9803=AXIS2_PLACEMENT_3D('',#13868,#11210,#11211);
#9804=AXIS2_PLACEMENT_3D('',#13878,#11212,#11213);
#9805=AXIS2_PLACEMENT_3D('',#13879,#11214,#11215);
#9806=AXIS2_PLACEMENT_3D('',#13886,#11216,#11217);
#9807=AXIS2_PLACEMENT_3D('',#13890,#11218,#11219);
#9808=AXIS2_PLACEMENT_3D('',#13900,#11220,#11221);
#9809=AXIS2_PLACEMENT_3D('',#13901,#11222,#11223);
#9810=AXIS2_PLACEMENT_3D('',#13911,#11224,#11225);
#9811=AXIS2_PLACEMENT_3D('',#13912,#11226,#11227);
#9812=AXIS2_PLACEMENT_3D('',#13922,#11228,#11229);
#9813=AXIS2_PLACEMENT_3D('',#13923,#11230,#11231);
#9814=AXIS2_PLACEMENT_3D('',#13930,#11232,#11233);
#9815=AXIS2_PLACEMENT_3D('',#13934,#11234,#11235);
#9816=AXIS2_PLACEMENT_3D('',#13941,#11236,#11237);
#9817=AXIS2_PLACEMENT_3D('',#13945,#11238,#11239);
#9818=AXIS2_PLACEMENT_3D('',#13952,#11240,#11241);
#9819=AXIS2_PLACEMENT_3D('',#13956,#11242,#11243);
#9820=AXIS2_PLACEMENT_3D('',#13963,#11244,#11245);
#9821=AXIS2_PLACEMENT_3D('',#13967,#11246,#11247);
#9822=AXIS2_PLACEMENT_3D('',#13977,#11248,#11249);
#9823=AXIS2_PLACEMENT_3D('',#13978,#11250,#11251);
#9824=AXIS2_PLACEMENT_3D('',#13985,#11252,#11253);
#9825=AXIS2_PLACEMENT_3D('',#13989,#11254,#11255);
#9826=AXIS2_PLACEMENT_3D('',#13996,#11262,#11263);
#9827=AXIS2_PLACEMENT_3D('',#14000,#11267,#11268);
#9828=AXIS2_PLACEMENT_3D('',#14003,#11271,#11272);
#9829=AXIS2_PLACEMENT_3D('',#14006,#11275,#11276);
#9830=AXIS2_PLACEMENT_3D('',#14009,#11279,#11280);
#9831=AXIS2_PLACEMENT_3D('',#14012,#11283,#11284);
#9832=AXIS2_PLACEMENT_3D('',#14014,#11286,#11287);
#9833=AXIS2_PLACEMENT_3D('',#14039,#11292,#11293);
#9834=AXIS2_PLACEMENT_3D('',#14044,#11294,#11295);
#9835=AXIS2_PLACEMENT_3D('',#14045,#11296,#11297);
#9836=AXIS2_PLACEMENT_3D('',#14063,#11301,#11302);
#9837=AXIS2_PLACEMENT_3D('',#14068,#11303,#11304);
#9838=AXIS2_PLACEMENT_3D('',#14069,#11305,#11306);
#9839=AXIS2_PLACEMENT_3D('',#14087,#11310,#11311);
#9840=AXIS2_PLACEMENT_3D('',#14092,#11312,#11313);
#9841=AXIS2_PLACEMENT_3D('',#14093,#11314,#11315);
#9842=AXIS2_PLACEMENT_3D('',#14111,#11319,#11320);
#9843=AXIS2_PLACEMENT_3D('',#14116,#11321,#11322);
#9844=AXIS2_PLACEMENT_3D('',#14117,#11323,#11324);
#9845=AXIS2_PLACEMENT_3D('',#14135,#11328,#11329);
#9846=AXIS2_PLACEMENT_3D('',#14140,#11330,#11331);
#9847=AXIS2_PLACEMENT_3D('',#14141,#11332,#11333);
#9848=AXIS2_PLACEMENT_3D('',#14156,#11336,#11337);
#9849=AXIS2_PLACEMENT_3D('',#14157,#11338,#11339);
#9850=AXIS2_PLACEMENT_3D('',#14158,#11340,#11341);
#9851=AXIS2_PLACEMENT_3D('',#14159,#11342,#11343);
#9852=AXIS2_PLACEMENT_3D('',#14160,#11344,#11345);
#9853=AXIS2_PLACEMENT_3D('',#14161,#11346,#11347);
#9854=AXIS2_PLACEMENT_3D('',#14162,#11348,#11349);
#9855=AXIS2_PLACEMENT_3D('',#14163,#11350,#11351);
#9856=AXIS2_PLACEMENT_3D('',#14164,#11352,#11353);
#9857=AXIS2_PLACEMENT_3D('',#14165,#11354,#11355);
#9858=AXIS2_PLACEMENT_3D('',#14166,#11356,#11357);
#9859=AXIS2_PLACEMENT_3D('',#14168,#11358,#11359);
#9860=AXIS2_PLACEMENT_3D('',#14169,#11360,#11361);
#9861=AXIS2_PLACEMENT_3D('',#14170,#11362,#11363);
#9862=AXIS2_PLACEMENT_3D('',#14171,#11364,#11365);
#9863=AXIS2_PLACEMENT_3D('',#14172,#11366,#11367);
#9864=AXIS2_PLACEMENT_3D('',#14173,#11368,#11369);
#9865=AXIS2_PLACEMENT_3D('',#14176,#11370,#11371);
#9866=AXIS2_PLACEMENT_3D('',#14178,#11373,#11374);
#9867=AXIS2_PLACEMENT_3D('',#14179,#11375,#11376);
#9868=AXIS2_PLACEMENT_3D('',#14182,#11378,#11379);
#9869=AXIS2_PLACEMENT_3D('',#14183,#11380,#11381);
#9870=AXIS2_PLACEMENT_3D('',#14186,#11383,#11384);
#9871=AXIS2_PLACEMENT_3D('',#14187,#11385,#11386);
#9872=AXIS2_PLACEMENT_3D('',#14189,#11387,#11388);
#9873=AXIS2_PLACEMENT_3D('',#14190,#11389,#11390);
#9874=AXIS2_PLACEMENT_3D('',#14193,#11392,#11393);
#9875=AXIS2_PLACEMENT_3D('',#14194,#11394,#11395);
#9876=AXIS2_PLACEMENT_3D('',#14195,#11396,#11397);
#9877=AXIS2_PLACEMENT_3D('',#14220,#11402,#11403);
#9878=AXIS2_PLACEMENT_3D('',#14225,#11404,#11405);
#9879=AXIS2_PLACEMENT_3D('',#14226,#11406,#11407);
#9880=AXIS2_PLACEMENT_3D('',#14244,#11411,#11412);
#9881=AXIS2_PLACEMENT_3D('',#14249,#11413,#11414);
#9882=AXIS2_PLACEMENT_3D('',#14250,#11415,#11416);
#9883=AXIS2_PLACEMENT_3D('',#14268,#11420,#11421);
#9884=AXIS2_PLACEMENT_3D('',#14273,#11422,#11423);
#9885=AXIS2_PLACEMENT_3D('',#14274,#11424,#11425);
#9886=AXIS2_PLACEMENT_3D('',#14292,#11429,#11430);
#9887=AXIS2_PLACEMENT_3D('',#14297,#11431,#11432);
#9888=AXIS2_PLACEMENT_3D('',#14298,#11433,#11434);
#9889=AXIS2_PLACEMENT_3D('',#14316,#11438,#11439);
#9890=AXIS2_PLACEMENT_3D('',#14321,#11440,#11441);
#9891=AXIS2_PLACEMENT_3D('',#14322,#11442,#11443);
#9892=AXIS2_PLACEMENT_3D('',#14337,#11446,#11447);
#9893=AXIS2_PLACEMENT_3D('',#14338,#11448,#11449);
#9894=AXIS2_PLACEMENT_3D('',#14339,#11450,#11451);
#9895=AXIS2_PLACEMENT_3D('',#14340,#11452,#11453);
#9896=AXIS2_PLACEMENT_3D('',#14341,#11454,#11455);
#9897=AXIS2_PLACEMENT_3D('',#14342,#11456,#11457);
#9898=AXIS2_PLACEMENT_3D('',#14343,#11458,#11459);
#9899=AXIS2_PLACEMENT_3D('',#14344,#11460,#11461);
#9900=AXIS2_PLACEMENT_3D('',#14345,#11462,#11463);
#9901=AXIS2_PLACEMENT_3D('',#14346,#11464,#11465);
#9902=AXIS2_PLACEMENT_3D('',#14347,#11466,#11467);
#9903=AXIS2_PLACEMENT_3D('',#14349,#11468,#11469);
#9904=AXIS2_PLACEMENT_3D('',#14350,#11470,#11471);
#9905=AXIS2_PLACEMENT_3D('',#14351,#11472,#11473);
#9906=AXIS2_PLACEMENT_3D('',#14352,#11474,#11475);
#9907=AXIS2_PLACEMENT_3D('',#14353,#11476,#11477);
#9908=AXIS2_PLACEMENT_3D('',#14354,#11478,#11479);
#9909=AXIS2_PLACEMENT_3D('',#14357,#11480,#11481);
#9910=AXIS2_PLACEMENT_3D('',#14359,#11483,#11484);
#9911=AXIS2_PLACEMENT_3D('',#14360,#11485,#11486);
#9912=AXIS2_PLACEMENT_3D('',#14363,#11488,#11489);
#9913=AXIS2_PLACEMENT_3D('',#14364,#11490,#11491);
#9914=AXIS2_PLACEMENT_3D('',#14367,#11493,#11494);
#9915=AXIS2_PLACEMENT_3D('',#14368,#11495,#11496);
#9916=AXIS2_PLACEMENT_3D('',#14370,#11497,#11498);
#9917=AXIS2_PLACEMENT_3D('',#14371,#11499,#11500);
#9918=AXIS2_PLACEMENT_3D('',#14374,#11502,#11503);
#9919=AXIS2_PLACEMENT_3D('',#14375,#11504,#11505);
#9920=AXIS2_PLACEMENT_3D('',#14376,#11506,#11507);
#9921=AXIS2_PLACEMENT_3D('',#14379,#11508,#11509);
#9922=AXIS2_PLACEMENT_3D('',#14381,#11510,#11511);
#9923=AXIS2_PLACEMENT_3D('',#14383,#11512,#11513);
#9924=AXIS2_PLACEMENT_3D('',#14385,#11514,#11515);
#9925=AXIS2_PLACEMENT_3D('',#14387,#11516,#11517);
#9926=AXIS2_PLACEMENT_3D('',#14389,#11518,#11519);
#9927=AXIS2_PLACEMENT_3D('',#14391,#11520,#11521);
#9928=AXIS2_PLACEMENT_3D('',#14393,#11522,#11523);
#9929=AXIS2_PLACEMENT_3D('',#14395,#11524,#11525);
#9930=AXIS2_PLACEMENT_3D('',#14397,#11526,#11527);
#9931=AXIS2_PLACEMENT_3D('',#14399,#11528,#11529);
#9932=AXIS2_PLACEMENT_3D('',#14400,#11530,#11531);
#9933=AXIS2_PLACEMENT_3D('',#14402,#11532,#11533);
#9934=AXIS2_PLACEMENT_3D('',#14404,#11534,#11535);
#9935=AXIS2_PLACEMENT_3D('',#14406,#11536,#11537);
#9936=AXIS2_PLACEMENT_3D('',#14408,#11538,#11539);
#9937=AXIS2_PLACEMENT_3D('',#14410,#11540,#11541);
#9938=AXIS2_PLACEMENT_3D('',#14412,#11542,#11543);
#9939=AXIS2_PLACEMENT_3D('',#14414,#11544,#11545);
#9940=AXIS2_PLACEMENT_3D('',#14415,#11546,#11547);
#9941=AXIS2_PLACEMENT_3D('',#14418,#11548,#11549);
#9942=AXIS2_PLACEMENT_3D('',#14420,#11550,#11551);
#9943=AXIS2_PLACEMENT_3D('',#14422,#11552,#11553);
#9944=AXIS2_PLACEMENT_3D('',#14424,#11554,#11555);
#9945=AXIS2_PLACEMENT_3D('',#14426,#11556,#11557);
#9946=AXIS2_PLACEMENT_3D('',#14428,#11558,#11559);
#9947=AXIS2_PLACEMENT_3D('',#14430,#11560,#11561);
#9948=AXIS2_PLACEMENT_3D('',#14432,#11562,#11563);
#9949=AXIS2_PLACEMENT_3D('',#14434,#11564,#11565);
#9950=AXIS2_PLACEMENT_3D('',#14436,#11566,#11567);
#9951=AXIS2_PLACEMENT_3D('',#14438,#11568,#11569);
#9952=AXIS2_PLACEMENT_3D('',#14439,#11570,#11571);
#9953=AXIS2_PLACEMENT_3D('',#14441,#11572,#11573);
#9954=AXIS2_PLACEMENT_3D('',#14443,#11574,#11575);
#9955=AXIS2_PLACEMENT_3D('',#14445,#11576,#11577);
#9956=AXIS2_PLACEMENT_3D('',#14447,#11578,#11579);
#9957=AXIS2_PLACEMENT_3D('',#14449,#11580,#11581);
#9958=AXIS2_PLACEMENT_3D('',#14451,#11582,#11583);
#9959=AXIS2_PLACEMENT_3D('',#14453,#11584,#11585);
#9960=AXIS2_PLACEMENT_3D('',#14454,#11586,#11587);
#9961=AXIS2_PLACEMENT_3D('',#14457,#11590,#11591);
#9962=AXIS2_PLACEMENT_3D('',#14459,#11593,#11594);
#9963=AXIS2_PLACEMENT_3D('',#14461,#11596,#11597);
#9964=AXIS2_PLACEMENT_3D('',#14463,#11599,#11600);
#9965=AXIS2_PLACEMENT_3D('',#14465,#11602,#11603);
#9966=AXIS2_PLACEMENT_3D('',#14467,#11605,#11606);
#9967=AXIS2_PLACEMENT_3D('',#14469,#11608,#11609);
#9968=AXIS2_PLACEMENT_3D('',#14471,#11611,#11612);
#9969=AXIS2_PLACEMENT_3D('',#14473,#11614,#11615);
#9970=AXIS2_PLACEMENT_3D('',#14475,#11617,#11618);
#9971=AXIS2_PLACEMENT_3D('',#14477,#11620,#11621);
#9972=AXIS2_PLACEMENT_3D('',#14478,#11622,#11623);
#9973=AXIS2_PLACEMENT_3D('',#14480,#11625,#11626);
#9974=AXIS2_PLACEMENT_3D('',#14482,#11627,#11628);
#9975=AXIS2_PLACEMENT_3D('',#14484,#11630,#11631);
#9976=AXIS2_PLACEMENT_3D('',#14486,#11633,#11634);
#9977=AXIS2_PLACEMENT_3D('',#14488,#11635,#11636);
#9978=AXIS2_PLACEMENT_3D('',#14490,#11638,#11639);
#9979=AXIS2_PLACEMENT_3D('',#14492,#11641,#11642);
#9980=AXIS2_PLACEMENT_3D('',#14494,#11643,#11644);
#9981=AXIS2_PLACEMENT_3D('',#14496,#11646,#11647);
#9982=AXIS2_PLACEMENT_3D('',#14498,#11649,#11650);
#9983=AXIS2_PLACEMENT_3D('',#14500,#11651,#11652);
#9984=AXIS2_PLACEMENT_3D('',#14502,#11654,#11655);
#9985=AXIS2_PLACEMENT_3D('',#14504,#11657,#11658);
#9986=AXIS2_PLACEMENT_3D('',#14506,#11659,#11660);
#9987=AXIS2_PLACEMENT_3D('',#14508,#11662,#11663);
#9988=AXIS2_PLACEMENT_3D('',#14510,#11665,#11666);
#9989=AXIS2_PLACEMENT_3D('',#14512,#11667,#11668);
#9990=AXIS2_PLACEMENT_3D('',#14514,#11670,#11671);
#9991=AXIS2_PLACEMENT_3D('',#14516,#11673,#11674);
#9992=AXIS2_PLACEMENT_3D('',#14527,#11678,#11679);
#9993=AXIS2_PLACEMENT_3D('',#14535,#11682,#11683);
#9994=AXIS2_PLACEMENT_3D('',#14543,#11686,#11687);
#9995=AXIS2_PLACEMENT_3D('',#14551,#11690,#11691);
#9996=AXIS2_PLACEMENT_3D('',#14559,#11694,#11695);
#9997=AXIS2_PLACEMENT_3D('',#14564,#11697,#11698);
#9998=AXIS2_PLACEMENT_3D('',#14567,#11700,#11701);
#9999=AXIS2_PLACEMENT_3D('',#14568,#11702,#11703);
#10000=AXIS2_PLACEMENT_3D('',#14569,#11704,#11705);
#10001=AXIS2_PLACEMENT_3D('',#14580,#11709,#11710);
#10002=AXIS2_PLACEMENT_3D('',#14588,#11713,#11714);
#10003=AXIS2_PLACEMENT_3D('',#14596,#11717,#11718);
#10004=AXIS2_PLACEMENT_3D('',#14604,#11721,#11722);
#10005=AXIS2_PLACEMENT_3D('',#14612,#11725,#11726);
#10006=AXIS2_PLACEMENT_3D('',#14617,#11728,#11729);
#10007=AXIS2_PLACEMENT_3D('',#14620,#11731,#11732);
#10008=AXIS2_PLACEMENT_3D('',#14621,#11733,#11734);
#10009=AXIS2_PLACEMENT_3D('',#14622,#11735,#11736);
#10010=AXIS2_PLACEMENT_3D('',#14633,#11740,#11741);
#10011=AXIS2_PLACEMENT_3D('',#14641,#11744,#11745);
#10012=AXIS2_PLACEMENT_3D('',#14649,#11748,#11749);
#10013=AXIS2_PLACEMENT_3D('',#14657,#11752,#11753);
#10014=AXIS2_PLACEMENT_3D('',#14665,#11756,#11757);
#10015=AXIS2_PLACEMENT_3D('',#14670,#11759,#11760);
#10016=AXIS2_PLACEMENT_3D('',#14673,#11762,#11763);
#10017=AXIS2_PLACEMENT_3D('',#14674,#11764,#11765);
#10018=AXIS2_PLACEMENT_3D('',#14675,#11766,#11767);
#10019=AXIS2_PLACEMENT_3D('',#14678,#11768,#11769);
#10020=AXIS2_PLACEMENT_3D('',#14681,#11771,#11772);
#10021=AXIS2_PLACEMENT_3D('',#14682,#11773,#11774);
#10022=AXIS2_PLACEMENT_3D('',#14683,#11775,#11776);
#10023=AXIS2_PLACEMENT_3D('',#14686,#11778,#11779);
#10024=AXIS2_PLACEMENT_3D('',#14687,#11780,#11781);
#10025=AXIS2_PLACEMENT_3D('',#14689,#11782,#11783);
#10026=AXIS2_PLACEMENT_3D('',#14690,#11784,#11785);
#10027=AXIS2_PLACEMENT_3D('',#14693,#11787,#11788);
#10028=AXIS2_PLACEMENT_3D('',#14694,#11789,#11790);
#10029=AXIS2_PLACEMENT_3D('',#14695,#11791,#11792);
#10030=AXIS2_PLACEMENT_3D('',#14698,#11794,#11795);
#10031=AXIS2_PLACEMENT_3D('',#14699,#11796,#11797);
#10032=AXIS2_PLACEMENT_3D('',#14709,#11798,#11799);
#10033=AXIS2_PLACEMENT_3D('',#14710,#11800,#11801);
#10034=AXIS2_PLACEMENT_3D('',#14720,#11802,#11803);
#10035=AXIS2_PLACEMENT_3D('',#14721,#11804,#11805);
#10036=AXIS2_PLACEMENT_3D('',#14728,#11806,#11807);
#10037=AXIS2_PLACEMENT_3D('',#14732,#11808,#11809);
#10038=AXIS2_PLACEMENT_3D('',#14742,#11810,#11811);
#10039=AXIS2_PLACEMENT_3D('',#14743,#11812,#11813);
#10040=AXIS2_PLACEMENT_3D('',#14753,#11814,#11815);
#10041=AXIS2_PLACEMENT_3D('',#14754,#11816,#11817);
#10042=AXIS2_PLACEMENT_3D('',#14764,#11818,#11819);
#10043=AXIS2_PLACEMENT_3D('',#14765,#11820,#11821);
#10044=AXIS2_PLACEMENT_3D('',#14772,#11822,#11823);
#10045=AXIS2_PLACEMENT_3D('',#14776,#11824,#11825);
#10046=AXIS2_PLACEMENT_3D('',#14783,#11826,#11827);
#10047=AXIS2_PLACEMENT_3D('',#14787,#11828,#11829);
#10048=AXIS2_PLACEMENT_3D('',#14794,#11830,#11831);
#10049=AXIS2_PLACEMENT_3D('',#14798,#11832,#11833);
#10050=AXIS2_PLACEMENT_3D('',#14805,#11834,#11835);
#10051=AXIS2_PLACEMENT_3D('',#14809,#11836,#11837);
#10052=AXIS2_PLACEMENT_3D('',#14819,#11838,#11839);
#10053=AXIS2_PLACEMENT_3D('',#14820,#11840,#11841);
#10054=AXIS2_PLACEMENT_3D('',#14827,#11842,#11843);
#10055=AXIS2_PLACEMENT_3D('',#14831,#11844,#11845);
#10056=AXIS2_PLACEMENT_3D('',#14838,#11852,#11853);
#10057=AXIS2_PLACEMENT_3D('',#14842,#11857,#11858);
#10058=AXIS2_PLACEMENT_3D('',#14845,#11861,#11862);
#10059=AXIS2_PLACEMENT_3D('',#14848,#11865,#11866);
#10060=AXIS2_PLACEMENT_3D('',#14851,#11869,#11870);
#10061=AXIS2_PLACEMENT_3D('',#14854,#11873,#11874);
#10062=AXIS2_PLACEMENT_3D('',#14856,#11876,#11877);
#10063=AXIS2_PLACEMENT_3D('',#14881,#11882,#11883);
#10064=AXIS2_PLACEMENT_3D('',#14886,#11884,#11885);
#10065=AXIS2_PLACEMENT_3D('',#14887,#11886,#11887);
#10066=AXIS2_PLACEMENT_3D('',#14905,#11891,#11892);
#10067=AXIS2_PLACEMENT_3D('',#14910,#11893,#11894);
#10068=AXIS2_PLACEMENT_3D('',#14911,#11895,#11896);
#10069=AXIS2_PLACEMENT_3D('',#14929,#11900,#11901);
#10070=AXIS2_PLACEMENT_3D('',#14934,#11902,#11903);
#10071=AXIS2_PLACEMENT_3D('',#14935,#11904,#11905);
#10072=AXIS2_PLACEMENT_3D('',#14953,#11909,#11910);
#10073=AXIS2_PLACEMENT_3D('',#14958,#11911,#11912);
#10074=AXIS2_PLACEMENT_3D('',#14959,#11913,#11914);
#10075=AXIS2_PLACEMENT_3D('',#14977,#11918,#11919);
#10076=AXIS2_PLACEMENT_3D('',#14982,#11920,#11921);
#10077=AXIS2_PLACEMENT_3D('',#14983,#11922,#11923);
#10078=AXIS2_PLACEMENT_3D('',#14998,#11926,#11927);
#10079=AXIS2_PLACEMENT_3D('',#14999,#11928,#11929);
#10080=AXIS2_PLACEMENT_3D('',#15000,#11930,#11931);
#10081=AXIS2_PLACEMENT_3D('',#15001,#11932,#11933);
#10082=AXIS2_PLACEMENT_3D('',#15002,#11934,#11935);
#10083=AXIS2_PLACEMENT_3D('',#15003,#11936,#11937);
#10084=AXIS2_PLACEMENT_3D('',#15004,#11938,#11939);
#10085=AXIS2_PLACEMENT_3D('',#15005,#11940,#11941);
#10086=AXIS2_PLACEMENT_3D('',#15006,#11942,#11943);
#10087=AXIS2_PLACEMENT_3D('',#15007,#11944,#11945);
#10088=AXIS2_PLACEMENT_3D('',#15008,#11946,#11947);
#10089=AXIS2_PLACEMENT_3D('',#15010,#11948,#11949);
#10090=AXIS2_PLACEMENT_3D('',#15011,#11950,#11951);
#10091=AXIS2_PLACEMENT_3D('',#15012,#11952,#11953);
#10092=AXIS2_PLACEMENT_3D('',#15013,#11954,#11955);
#10093=AXIS2_PLACEMENT_3D('',#15014,#11956,#11957);
#10094=AXIS2_PLACEMENT_3D('',#15015,#11958,#11959);
#10095=AXIS2_PLACEMENT_3D('',#15018,#11960,#11961);
#10096=AXIS2_PLACEMENT_3D('',#15020,#11963,#11964);
#10097=AXIS2_PLACEMENT_3D('',#15021,#11965,#11966);
#10098=AXIS2_PLACEMENT_3D('',#15024,#11968,#11969);
#10099=AXIS2_PLACEMENT_3D('',#15025,#11970,#11971);
#10100=AXIS2_PLACEMENT_3D('',#15028,#11973,#11974);
#10101=AXIS2_PLACEMENT_3D('',#15029,#11975,#11976);
#10102=AXIS2_PLACEMENT_3D('',#15031,#11977,#11978);
#10103=AXIS2_PLACEMENT_3D('',#15032,#11979,#11980);
#10104=AXIS2_PLACEMENT_3D('',#15035,#11982,#11983);
#10105=AXIS2_PLACEMENT_3D('',#15036,#11984,#11985);
#10106=AXIS2_PLACEMENT_3D('',#15037,#11986,#11987);
#10107=AXIS2_PLACEMENT_3D('',#15062,#11992,#11993);
#10108=AXIS2_PLACEMENT_3D('',#15067,#11994,#11995);
#10109=AXIS2_PLACEMENT_3D('',#15068,#11996,#11997);
#10110=AXIS2_PLACEMENT_3D('',#15086,#12001,#12002);
#10111=AXIS2_PLACEMENT_3D('',#15091,#12003,#12004);
#10112=AXIS2_PLACEMENT_3D('',#15092,#12005,#12006);
#10113=AXIS2_PLACEMENT_3D('',#15110,#12010,#12011);
#10114=AXIS2_PLACEMENT_3D('',#15115,#12012,#12013);
#10115=AXIS2_PLACEMENT_3D('',#15116,#12014,#12015);
#10116=AXIS2_PLACEMENT_3D('',#15134,#12019,#12020);
#10117=AXIS2_PLACEMENT_3D('',#15139,#12021,#12022);
#10118=AXIS2_PLACEMENT_3D('',#15140,#12023,#12024);
#10119=AXIS2_PLACEMENT_3D('',#15158,#12028,#12029);
#10120=AXIS2_PLACEMENT_3D('',#15163,#12030,#12031);
#10121=AXIS2_PLACEMENT_3D('',#15164,#12032,#12033);
#10122=AXIS2_PLACEMENT_3D('',#15179,#12036,#12037);
#10123=AXIS2_PLACEMENT_3D('',#15180,#12038,#12039);
#10124=AXIS2_PLACEMENT_3D('',#15181,#12040,#12041);
#10125=AXIS2_PLACEMENT_3D('',#15182,#12042,#12043);
#10126=AXIS2_PLACEMENT_3D('',#15183,#12044,#12045);
#10127=AXIS2_PLACEMENT_3D('',#15184,#12046,#12047);
#10128=AXIS2_PLACEMENT_3D('',#15185,#12048,#12049);
#10129=AXIS2_PLACEMENT_3D('',#15186,#12050,#12051);
#10130=AXIS2_PLACEMENT_3D('',#15187,#12052,#12053);
#10131=AXIS2_PLACEMENT_3D('',#15188,#12054,#12055);
#10132=AXIS2_PLACEMENT_3D('',#15189,#12056,#12057);
#10133=AXIS2_PLACEMENT_3D('',#15191,#12058,#12059);
#10134=AXIS2_PLACEMENT_3D('',#15192,#12060,#12061);
#10135=AXIS2_PLACEMENT_3D('',#15193,#12062,#12063);
#10136=AXIS2_PLACEMENT_3D('',#15194,#12064,#12065);
#10137=AXIS2_PLACEMENT_3D('',#15195,#12066,#12067);
#10138=AXIS2_PLACEMENT_3D('',#15196,#12068,#12069);
#10139=AXIS2_PLACEMENT_3D('',#15199,#12070,#12071);
#10140=AXIS2_PLACEMENT_3D('',#15201,#12073,#12074);
#10141=AXIS2_PLACEMENT_3D('',#15202,#12075,#12076);
#10142=AXIS2_PLACEMENT_3D('',#15205,#12078,#12079);
#10143=AXIS2_PLACEMENT_3D('',#15206,#12080,#12081);
#10144=AXIS2_PLACEMENT_3D('',#15209,#12083,#12084);
#10145=AXIS2_PLACEMENT_3D('',#15210,#12085,#12086);
#10146=AXIS2_PLACEMENT_3D('',#15212,#12087,#12088);
#10147=AXIS2_PLACEMENT_3D('',#15213,#12089,#12090);
#10148=AXIS2_PLACEMENT_3D('',#15216,#12092,#12093);
#10149=AXIS2_PLACEMENT_3D('',#15217,#12094,#12095);
#10150=AXIS2_PLACEMENT_3D('',#15218,#12096,#12097);
#10151=AXIS2_PLACEMENT_3D('',#15220,#12098,#12099);
#10152=AXIS2_PLACEMENT_3D('',#15223,#12100,#12101);
#10153=AXIS2_PLACEMENT_3D('',#15230,#12105,#12106);
#10154=AXIS2_PLACEMENT_3D('',#15232,#12107,#12108);
#10155=AXIS2_PLACEMENT_3D('',#15234,#12109,#12110);
#10156=AXIS2_PLACEMENT_3D('',#15236,#12111,#12112);
#10157=AXIS2_PLACEMENT_3D('',#15238,#12113,#12114);
#10158=AXIS2_PLACEMENT_3D('',#15240,#12115,#12116);
#10159=AXIS2_PLACEMENT_3D('',#15241,#12117,#12118);
#10160=AXIS2_PLACEMENT_3D('',#15243,#12119,#12120);
#10161=AXIS2_PLACEMENT_3D('',#15245,#12121,#12122);
#10162=AXIS2_PLACEMENT_3D('',#15250,#12124,#12125);
#10163=AXIS2_PLACEMENT_3D('',#15254,#12127,#12128);
#10164=AXIS2_PLACEMENT_3D('',#15258,#12130,#12131);
#10165=AXIS2_PLACEMENT_3D('',#15262,#12133,#12134);
#10166=AXIS2_PLACEMENT_3D('',#15266,#12136,#12137);
#10167=AXIS2_PLACEMENT_3D('',#15269,#12139,#12140);
#10168=AXIS2_PLACEMENT_3D('',#15274,#12142,#12143);
#10169=AXIS2_PLACEMENT_3D('',#15278,#12145,#12146);
#10170=AXIS2_PLACEMENT_3D('',#15282,#12148,#12149);
#10171=AXIS2_PLACEMENT_3D('',#15286,#12151,#12152);
#10172=AXIS2_PLACEMENT_3D('',#15290,#12154,#12155);
#10173=AXIS2_PLACEMENT_3D('',#15293,#12157,#12158);
#10174=AXIS2_PLACEMENT_3D('',#15298,#12160,#12161);
#10175=AXIS2_PLACEMENT_3D('',#15302,#12163,#12164);
#10176=AXIS2_PLACEMENT_3D('',#15306,#12166,#12167);
#10177=AXIS2_PLACEMENT_3D('',#15310,#12169,#12170);
#10178=AXIS2_PLACEMENT_3D('',#15314,#12172,#12173);
#10179=AXIS2_PLACEMENT_3D('',#15317,#12175,#12176);
#10180=AXIS2_PLACEMENT_3D('',#15354,#12195,#12196);
#10181=AXIS2_PLACEMENT_3D('',#15356,#12198,#12199);
#10182=AXIS2_PLACEMENT_3D('',#15358,#12200,#12201);
#10183=AXIS2_PLACEMENT_3D('',#15361,#12202,#12203);
#10184=AXIS2_PLACEMENT_3D('',#15367,#12207,#12208);
#10185=AXIS2_PLACEMENT_3D('',#15370,#12211,#12212);
#10186=AXIS2_PLACEMENT_3D('',#15372,#12214,#12215);
#10187=AXIS2_PLACEMENT_3D('',#15375,#12217,#12218);
#10188=AXIS2_PLACEMENT_3D('',#15376,#12219,#12220);
#10189=AXIS2_PLACEMENT_3D('',#15377,#12221,#12222);
#10190=AXIS2_PLACEMENT_3D('',#15449,#12224,#12225);
#10191=AXIS2_PLACEMENT_3D('',#15451,#12227,#12228);
#10192=AXIS2_PLACEMENT_3D('',#15453,#12229,#12230);
#10193=AXIS2_PLACEMENT_3D('',#15454,#12231,#12232);
#10194=AXIS2_PLACEMENT_3D('',#15480,#12234,#12235);
#10195=AXIS2_PLACEMENT_3D('',#15483,#12238,#12239);
#10196=AXIS2_PLACEMENT_3D('',#15485,#12241,#12242);
#10197=AXIS2_PLACEMENT_3D('',#15487,#12244,#12245);
#10198=AXIS2_PLACEMENT_3D('',#15489,#12247,#12248);
#10199=AXIS2_PLACEMENT_3D('',#15491,#12250,#12251);
#10200=AXIS2_PLACEMENT_3D('',#15492,#12252,#12253);
#10201=AXIS2_PLACEMENT_3D('',#15494,#12254,#12255);
#10202=AXIS2_PLACEMENT_3D('',#15495,#12256,#12257);
#10203=AXIS2_PLACEMENT_3D('',#15521,#12259,#12260);
#10204=AXIS2_PLACEMENT_3D('',#15524,#12263,#12264);
#10205=AXIS2_PLACEMENT_3D('',#15526,#12266,#12267);
#10206=AXIS2_PLACEMENT_3D('',#15528,#12269,#12270);
#10207=AXIS2_PLACEMENT_3D('',#15530,#12272,#12273);
#10208=AXIS2_PLACEMENT_3D('',#15532,#12275,#12276);
#10209=AXIS2_PLACEMENT_3D('',#15533,#12277,#12278);
#10210=AXIS2_PLACEMENT_3D('',#15535,#12279,#12280);
#10211=AXIS2_PLACEMENT_3D('',#15536,#12281,#12282);
#10212=AXIS2_PLACEMENT_3D('',#15562,#12284,#12285);
#10213=AXIS2_PLACEMENT_3D('',#15565,#12288,#12289);
#10214=AXIS2_PLACEMENT_3D('',#15567,#12291,#12292);
#10215=AXIS2_PLACEMENT_3D('',#15569,#12294,#12295);
#10216=AXIS2_PLACEMENT_3D('',#15571,#12297,#12298);
#10217=AXIS2_PLACEMENT_3D('',#15573,#12300,#12301);
#10218=AXIS2_PLACEMENT_3D('',#15574,#12302,#12303);
#10219=AXIS2_PLACEMENT_3D('',#15576,#12304,#12305);
#10220=AXIS2_PLACEMENT_3D('',#15579,#12307,#12308);
#10221=AXIS2_PLACEMENT_3D('',#15580,#12309,#12310);
#10222=AXIS2_PLACEMENT_3D('',#15583,#12312,#12313);
#10223=AXIS2_PLACEMENT_3D('',#15584,#12314,#12315);
#10224=AXIS2_PLACEMENT_3D('',#15586,#12316,#12317);
#10225=AXIS2_PLACEMENT_3D('',#15589,#12319,#12320);
#10226=AXIS2_PLACEMENT_3D('',#15590,#12321,#12322);
#10227=AXIS2_PLACEMENT_3D('',#15593,#12324,#12325);
#10228=AXIS2_PLACEMENT_3D('',#15594,#12326,#12327);
#10229=AXIS2_PLACEMENT_3D('',#15596,#12328,#12329);
#10230=AXIS2_PLACEMENT_3D('',#15599,#12331,#12332);
#10231=AXIS2_PLACEMENT_3D('',#15600,#12333,#12334);
#10232=AXIS2_PLACEMENT_3D('',#15603,#12336,#12337);
#10233=AXIS2_PLACEMENT_3D('',#15604,#12338,#12339);
#10234=AXIS2_PLACEMENT_3D('',#15606,#12340,#12341);
#10235=AXIS2_PLACEMENT_3D('',#15609,#12343,#12344);
#10236=AXIS2_PLACEMENT_3D('',#15610,#12345,#12346);
#10237=AXIS2_PLACEMENT_3D('',#15613,#12348,#12349);
#10238=AXIS2_PLACEMENT_3D('',#15614,#12350,#12351);
#10239=AXIS2_PLACEMENT_3D('',#15616,#12352,#12353);
#10240=AXIS2_PLACEMENT_3D('',#15619,#12355,#12356);
#10241=AXIS2_PLACEMENT_3D('',#15620,#12357,#12358);
#10242=AXIS2_PLACEMENT_3D('',#15623,#12360,#12361);
#10243=AXIS2_PLACEMENT_3D('',#15624,#12362,#12363);
#10244=AXIS2_PLACEMENT_3D('',#15626,#12364,#12365);
#10245=AXIS2_PLACEMENT_3D('',#15629,#12367,#12368);
#10246=AXIS2_PLACEMENT_3D('',#15630,#12369,#12370);
#10247=AXIS2_PLACEMENT_3D('',#15633,#12372,#12373);
#10248=AXIS2_PLACEMENT_3D('',#15634,#12374,#12375);
#10249=AXIS2_PLACEMENT_3D('',#15636,#12376,#12377);
#10250=AXIS2_PLACEMENT_3D('',#15639,#12379,#12380);
#10251=AXIS2_PLACEMENT_3D('',#15640,#12381,#12382);
#10252=AXIS2_PLACEMENT_3D('',#15643,#12383,#12384);
#10253=AXIS2_PLACEMENT_3D('',#15647,#12386,#12387);
#10254=AXIS2_PLACEMENT_3D('',#15649,#12389,#12390);
#10255=AXIS2_PLACEMENT_3D('',#15651,#12391,#12392);
#10256=AXIS2_PLACEMENT_3D('',#15653,#12393,#12394);
#10257=AXIS2_PLACEMENT_3D('',#15655,#12396,#12397);
#10258=AXIS2_PLACEMENT_3D('',#15657,#12398,#12399);
#10259=AXIS2_PLACEMENT_3D('',#15659,#12400,#12401);
#10260=AXIS2_PLACEMENT_3D('',#15661,#12403,#12404);
#10261=AXIS2_PLACEMENT_3D('',#15663,#12405,#12406);
#10262=AXIS2_PLACEMENT_3D('',#15665,#12407,#12408);
#10263=AXIS2_PLACEMENT_3D('',#15667,#12410,#12411);
#10264=AXIS2_PLACEMENT_3D('',#15669,#12412,#12413);
#10265=AXIS2_PLACEMENT_3D('',#15671,#12414,#12415);
#10266=AXIS2_PLACEMENT_3D('',#15673,#12417,#12418);
#10267=AXIS2_PLACEMENT_3D('',#15675,#12419,#12420);
#10268=AXIS2_PLACEMENT_3D('',#15677,#12421,#12422);
#10269=AXIS2_PLACEMENT_3D('',#15679,#12424,#12425);
#10270=AXIS2_PLACEMENT_3D('',#15681,#12426,#12427);
#10271=AXIS2_PLACEMENT_3D('',#15683,#12428,#12429);
#10272=AXIS2_PLACEMENT_3D('',#15685,#12431,#12432);
#10273=AXIS2_PLACEMENT_3D('',#15687,#12433,#12434);
#10274=AXIS2_PLACEMENT_3D('',#15689,#12435,#12436);
#10275=AXIS2_PLACEMENT_3D('',#15691,#12438,#12439);
#10276=AXIS2_PLACEMENT_3D('',#15693,#12440,#12441);
#10277=AXIS2_PLACEMENT_3D('',#15695,#12442,#12443);
#10278=AXIS2_PLACEMENT_3D('',#15697,#12445,#12446);
#10279=AXIS2_PLACEMENT_3D('',#15699,#12447,#12448);
#10280=AXIS2_PLACEMENT_3D('',#15701,#12449,#12450);
#10281=AXIS2_PLACEMENT_3D('',#15703,#12452,#12453);
#10282=AXIS2_PLACEMENT_3D('',#15705,#12454,#12455);
#10283=AXIS2_PLACEMENT_3D('',#15707,#12456,#12457);
#10284=AXIS2_PLACEMENT_3D('',#15709,#12459,#12460);
#10285=AXIS2_PLACEMENT_3D('',#15710,#12461,#12462);
#10286=AXIS2_PLACEMENT_3D('',#15711,#12463,#12464);
#10287=AXIS2_PLACEMENT_3D('',#15712,#12465,#12466);
#10288=AXIS2_PLACEMENT_3D('',#15713,#12467,#12468);
#10289=AXIS2_PLACEMENT_3D('',#15714,#12469,#12470);
#10290=AXIS2_PLACEMENT_3D('',#15716,#12471,#12472);
#10291=AXIS2_PLACEMENT_3D('',#15717,#12473,#12474);
#10292=AXIS2_PLACEMENT_3D('',#15719,#12475,#12476);
#10293=AXIS2_PLACEMENT_3D('',#15721,#12478,#12479);
#10294=AXIS2_PLACEMENT_3D('',#15723,#12480,#12481);
#10295=AXIS2_PLACEMENT_3D('',#15724,#12482,#12483);
#10296=AXIS2_PLACEMENT_3D('',#15726,#12484,#12485);
#10297=AXIS2_PLACEMENT_3D('',#15728,#12487,#12488);
#10298=AXIS2_PLACEMENT_3D('',#15731,#12489,#12490);
#10299=AXIS2_PLACEMENT_3D('',#15733,#12492,#12493);
#10300=AXIS2_PLACEMENT_3D('',#15734,#12494,#12495);
#10301=AXIS2_PLACEMENT_3D('',#15737,#12497,#12498);
#10302=AXIS2_PLACEMENT_3D('',#15738,#12499,#12500);
#10303=AXIS2_PLACEMENT_3D('',#15748,#12501,#12502);
#10304=AXIS2_PLACEMENT_3D('',#15749,#12503,#12504);
#10305=AXIS2_PLACEMENT_3D('',#15759,#12505,#12506);
#10306=AXIS2_PLACEMENT_3D('',#15760,#12507,#12508);
#10307=AXIS2_PLACEMENT_3D('',#15767,#12509,#12510);
#10308=AXIS2_PLACEMENT_3D('',#15771,#12511,#12512);
#10309=AXIS2_PLACEMENT_3D('',#15781,#12513,#12514);
#10310=AXIS2_PLACEMENT_3D('',#15782,#12515,#12516);
#10311=AXIS2_PLACEMENT_3D('',#15786,#12518,#12519);
#10312=AXIS2_PLACEMENT_3D('',#15790,#12521,#12522);
#10313=AXIS2_PLACEMENT_3D('',#15795,#12527,#12528);
#10314=AXIS2_PLACEMENT_3D('',#15803,#12529,#12530);
#10315=AXIS2_PLACEMENT_3D('',#15811,#12531,#12532);
#10316=AXIS2_PLACEMENT_3D('',#15819,#12533,#12534);
#10317=AXIS2_PLACEMENT_3D('',#15826,#12537,#12538);
#10318=AXIS2_PLACEMENT_3D('',#15830,#12539,#12540);
#10319=AXIS2_PLACEMENT_3D('',#15836,#12542,#12543);
#10320=AXIS2_PLACEMENT_3D('',#15840,#12544,#12545);
#10321=AXIS2_PLACEMENT_3D('',#15846,#12547,#12548);
#10322=AXIS2_PLACEMENT_3D('',#15850,#12549,#12550);
#10323=AXIS2_PLACEMENT_3D('',#15856,#12552,#12553);
#10324=AXIS2_PLACEMENT_3D('',#15860,#12554,#12555);
#10325=AXIS2_PLACEMENT_3D('',#15866,#12557,#12558);
#10326=AXIS2_PLACEMENT_3D('',#15870,#12559,#12560);
#10327=AXIS2_PLACEMENT_3D('',#15871,#12561,#12562);
#10328=AXIS2_PLACEMENT_3D('',#15873,#12563,#12564);
#10329=AXIS2_PLACEMENT_3D('',#15874,#12565,#12566);
#10330=AXIS2_PLACEMENT_3D('',#15876,#12567,#12568);
#10331=AXIS2_PLACEMENT_3D('',#15878,#12570,#12571);
#10332=AXIS2_PLACEMENT_3D('',#15880,#12572,#12573);
#10333=AXIS2_PLACEMENT_3D('',#15881,#12574,#12575);
#10334=AXIS2_PLACEMENT_3D('',#15883,#12576,#12577);
#10335=AXIS2_PLACEMENT_3D('',#15885,#12579,#12580);
#10336=AXIS2_PLACEMENT_3D('',#15888,#12581,#12582);
#10337=AXIS2_PLACEMENT_3D('',#15890,#12584,#12585);
#10338=AXIS2_PLACEMENT_3D('',#15891,#12586,#12587);
#10339=AXIS2_PLACEMENT_3D('',#15894,#12589,#12590);
#10340=AXIS2_PLACEMENT_3D('',#15895,#12591,#12592);
#10341=AXIS2_PLACEMENT_3D('',#15905,#12593,#12594);
#10342=AXIS2_PLACEMENT_3D('',#15906,#12595,#12596);
#10343=AXIS2_PLACEMENT_3D('',#15916,#12597,#12598);
#10344=AXIS2_PLACEMENT_3D('',#15917,#12599,#12600);
#10345=AXIS2_PLACEMENT_3D('',#15924,#12601,#12602);
#10346=AXIS2_PLACEMENT_3D('',#15928,#12603,#12604);
#10347=AXIS2_PLACEMENT_3D('',#15938,#12605,#12606);
#10348=AXIS2_PLACEMENT_3D('',#15939,#12607,#12608);
#10349=AXIS2_PLACEMENT_3D('',#15943,#12610,#12611);
#10350=AXIS2_PLACEMENT_3D('',#15947,#12613,#12614);
#10351=AXIS2_PLACEMENT_3D('',#15952,#12619,#12620);
#10352=AXIS2_PLACEMENT_3D('',#15960,#12621,#12622);
#10353=AXIS2_PLACEMENT_3D('',#15968,#12623,#12624);
#10354=AXIS2_PLACEMENT_3D('',#15976,#12625,#12626);
#10355=AXIS2_PLACEMENT_3D('',#15983,#12629,#12630);
#10356=AXIS2_PLACEMENT_3D('',#15987,#12631,#12632);
#10357=AXIS2_PLACEMENT_3D('',#15993,#12634,#12635);
#10358=AXIS2_PLACEMENT_3D('',#15997,#12636,#12637);
#10359=AXIS2_PLACEMENT_3D('',#16003,#12639,#12640);
#10360=AXIS2_PLACEMENT_3D('',#16007,#12641,#12642);
#10361=AXIS2_PLACEMENT_3D('',#16013,#12644,#12645);
#10362=AXIS2_PLACEMENT_3D('',#16017,#12646,#12647);
#10363=AXIS2_PLACEMENT_3D('',#16023,#12649,#12650);
#10364=AXIS2_PLACEMENT_3D('',#16027,#12651,#12652);
#10365=AXIS2_PLACEMENT_3D('',#16028,#12653,#12654);
#10366=AXIS2_PLACEMENT_3D('',#16050,#12658,#12659);
#10367=AXIS2_PLACEMENT_3D('',#16069,#12662,#12663);
#10368=AXIS2_PLACEMENT_3D('',#16088,#12666,#12667);
#10369=AXIS2_PLACEMENT_3D('',#16107,#12670,#12671);
#10370=AXIS2_PLACEMENT_3D('',#16126,#12674,#12675);
#10371=AXIS2_PLACEMENT_3D('',#16142,#12677,#12678);
#10372=AXIS2_PLACEMENT_3D('',#16143,#12679,#12680);
#10373=AXIS2_PLACEMENT_3D('',#16144,#12681,#12682);
#10374=AXIS2_PLACEMENT_3D('',#16145,#12683,#12684);
#10375=AXIS2_PLACEMENT_3D('',#16146,#12685,#12686);
#10376=AXIS2_PLACEMENT_3D('',#16147,#12687,#12688);
#10377=AXIS2_PLACEMENT_3D('',#16148,#12689,#12690);
#10378=AXIS2_PLACEMENT_3D('',#16150,#12691,#12692);
#10379=AXIS2_PLACEMENT_3D('',#16151,#12693,#12694);
#10380=AXIS2_PLACEMENT_3D('',#16152,#12695,#12696);
#10381=AXIS2_PLACEMENT_3D('',#16153,#12697,#12698);
#10382=AXIS2_PLACEMENT_3D('',#16154,#12699,#12700);
#10383=AXIS2_PLACEMENT_3D('',#16155,#12701,#12702);
#10384=AXIS2_PLACEMENT_3D('',#16156,#12703,#12704);
#10385=AXIS2_PLACEMENT_3D('',#16157,#12705,#12706);
#10386=AXIS2_PLACEMENT_3D('',#16158,#12707,#12708);
#10387=AXIS2_PLACEMENT_3D('',#16159,#12709,#12710);
#10388=AXIS2_PLACEMENT_3D('',#16160,#12711,#12712);
#10389=AXIS2_PLACEMENT_3D('',#16161,#12713,#12714);
#10390=AXIS2_PLACEMENT_3D('',#16162,#12715,#12716);
#10391=AXIS2_PLACEMENT_3D('',#16163,#12717,#12718);
#10392=AXIS2_PLACEMENT_3D('',#16166,#12719,#12720);
#10393=AXIS2_PLACEMENT_3D('',#16168,#12722,#12723);
#10394=AXIS2_PLACEMENT_3D('',#16169,#12724,#12725);
#10395=AXIS2_PLACEMENT_3D('',#16171,#12726,#12727);
#10396=AXIS2_PLACEMENT_3D('',#16172,#12728,#12729);
#10397=AXIS2_PLACEMENT_3D('',#16174,#12730,#12731);
#10398=AXIS2_PLACEMENT_3D('',#16176,#12733,#12734);
#10399=AXIS2_PLACEMENT_3D('',#16178,#12735,#12736);
#10400=AXIS2_PLACEMENT_3D('',#16179,#12737,#12738);
#10401=AXIS2_PLACEMENT_3D('',#16181,#12739,#12740);
#10402=AXIS2_PLACEMENT_3D('',#16183,#12742,#12743);
#10403=AXIS2_PLACEMENT_3D('',#16185,#12745,#12746);
#10404=AXIS2_PLACEMENT_3D('',#16196,#12750,#12751);
#10405=AXIS2_PLACEMENT_3D('',#16204,#12754,#12755);
#10406=AXIS2_PLACEMENT_3D('',#16212,#12758,#12759);
#10407=AXIS2_PLACEMENT_3D('',#16220,#12762,#12763);
#10408=AXIS2_PLACEMENT_3D('',#16228,#12766,#12767);
#10409=AXIS2_PLACEMENT_3D('',#16233,#12769,#12770);
#10410=AXIS2_PLACEMENT_3D('',#16236,#12772,#12773);
#10411=AXIS2_PLACEMENT_3D('',#16237,#12774,#12775);
#10412=AXIS2_PLACEMENT_3D('',#16238,#12776,#12777);
#10413=AXIS2_PLACEMENT_3D('',#16249,#12781,#12782);
#10414=AXIS2_PLACEMENT_3D('',#16257,#12785,#12786);
#10415=AXIS2_PLACEMENT_3D('',#16265,#12789,#12790);
#10416=AXIS2_PLACEMENT_3D('',#16273,#12793,#12794);
#10417=AXIS2_PLACEMENT_3D('',#16281,#12797,#12798);
#10418=AXIS2_PLACEMENT_3D('',#16286,#12800,#12801);
#10419=AXIS2_PLACEMENT_3D('',#16289,#12803,#12804);
#10420=AXIS2_PLACEMENT_3D('',#16290,#12805,#12806);
#10421=AXIS2_PLACEMENT_3D('',#16291,#12807,#12808);
#10422=AXIS2_PLACEMENT_3D('',#16302,#12812,#12813);
#10423=AXIS2_PLACEMENT_3D('',#16310,#12816,#12817);
#10424=AXIS2_PLACEMENT_3D('',#16318,#12820,#12821);
#10425=AXIS2_PLACEMENT_3D('',#16326,#12824,#12825);
#10426=AXIS2_PLACEMENT_3D('',#16334,#12828,#12829);
#10427=AXIS2_PLACEMENT_3D('',#16339,#12831,#12832);
#10428=AXIS2_PLACEMENT_3D('',#16342,#12834,#12835);
#10429=AXIS2_PLACEMENT_3D('',#16343,#12836,#12837);
#10430=AXIS2_PLACEMENT_3D('',#16344,#12838,#12839);
#10431=AXIS2_PLACEMENT_3D('',#16346,#12840,#12841);
#10432=AXIS2_PLACEMENT_3D('',#16349,#12843,#12844);
#10433=AXIS2_PLACEMENT_3D('',#16350,#12845,#12846);
#10434=AXIS2_PLACEMENT_3D('',#16352,#12847,#12848);
#10435=AXIS2_PLACEMENT_3D('',#16355,#12850,#12851);
#10436=AXIS2_PLACEMENT_3D('',#16356,#12852,#12853);
#10437=AXIS2_PLACEMENT_3D('',#16358,#12854,#12855);
#10438=AXIS2_PLACEMENT_3D('',#16361,#12857,#12858);
#10439=AXIS2_PLACEMENT_3D('',#16362,#12859,#12860);
#10440=AXIS2_PLACEMENT_3D('',#16364,#12861,#12862);
#10441=AXIS2_PLACEMENT_3D('',#16367,#12864,#12865);
#10442=AXIS2_PLACEMENT_3D('',#16368,#12866,#12867);
#10443=AXIS2_PLACEMENT_3D('',#16369,#12868,#12869);
#10444=AXIS2_PLACEMENT_3D('',#16370,#12870,#12871);
#10445=AXIS2_PLACEMENT_3D('',#16371,#12872,#12873);
#10446=AXIS2_PLACEMENT_3D('',#16372,#12874,#12875);
#10447=AXIS2_PLACEMENT_3D('',#16374,#12876,#12877);
#10448=AXIS2_PLACEMENT_3D('',#16375,#12878,#12879);
#10449=AXIS2_PLACEMENT_3D('',#16377,#12880,#12881);
#10450=AXIS2_PLACEMENT_3D('',#16379,#12883,#12884);
#10451=AXIS2_PLACEMENT_3D('',#16381,#12885,#12886);
#10452=AXIS2_PLACEMENT_3D('',#16382,#12887,#12888);
#10453=AXIS2_PLACEMENT_3D('',#16384,#12889,#12890);
#10454=AXIS2_PLACEMENT_3D('',#16386,#12892,#12893);
#10455=AXIS2_PLACEMENT_3D('',#16389,#12894,#12895);
#10456=AXIS2_PLACEMENT_3D('',#16391,#12897,#12898);
#10457=AXIS2_PLACEMENT_3D('',#16392,#12899,#12900);
#10458=AXIS2_PLACEMENT_3D('',#16395,#12902,#12903);
#10459=AXIS2_PLACEMENT_3D('',#16396,#12904,#12905);
#10460=AXIS2_PLACEMENT_3D('',#16406,#12906,#12907);
#10461=AXIS2_PLACEMENT_3D('',#16407,#12908,#12909);
#10462=AXIS2_PLACEMENT_3D('',#16417,#12910,#12911);
#10463=AXIS2_PLACEMENT_3D('',#16418,#12912,#12913);
#10464=AXIS2_PLACEMENT_3D('',#16425,#12914,#12915);
#10465=AXIS2_PLACEMENT_3D('',#16429,#12916,#12917);
#10466=AXIS2_PLACEMENT_3D('',#16439,#12918,#12919);
#10467=AXIS2_PLACEMENT_3D('',#16440,#12920,#12921);
#10468=AXIS2_PLACEMENT_3D('',#16444,#12923,#12924);
#10469=AXIS2_PLACEMENT_3D('',#16448,#12926,#12927);
#10470=AXIS2_PLACEMENT_3D('',#16453,#12932,#12933);
#10471=AXIS2_PLACEMENT_3D('',#16461,#12934,#12935);
#10472=AXIS2_PLACEMENT_3D('',#16469,#12936,#12937);
#10473=AXIS2_PLACEMENT_3D('',#16477,#12938,#12939);
#10474=AXIS2_PLACEMENT_3D('',#16484,#12942,#12943);
#10475=AXIS2_PLACEMENT_3D('',#16488,#12944,#12945);
#10476=AXIS2_PLACEMENT_3D('',#16494,#12947,#12948);
#10477=AXIS2_PLACEMENT_3D('',#16498,#12949,#12950);
#10478=AXIS2_PLACEMENT_3D('',#16504,#12952,#12953);
#10479=AXIS2_PLACEMENT_3D('',#16508,#12954,#12955);
#10480=AXIS2_PLACEMENT_3D('',#16514,#12957,#12958);
#10481=AXIS2_PLACEMENT_3D('',#16518,#12959,#12960);
#10482=AXIS2_PLACEMENT_3D('',#16524,#12962,#12963);
#10483=AXIS2_PLACEMENT_3D('',#16528,#12964,#12965);
#10484=AXIS2_PLACEMENT_3D('',#16529,#12966,#12967);
#10485=AXIS2_PLACEMENT_3D('',#16531,#12968,#12969);
#10486=AXIS2_PLACEMENT_3D('',#16532,#12970,#12971);
#10487=AXIS2_PLACEMENT_3D('',#16534,#12972,#12973);
#10488=AXIS2_PLACEMENT_3D('',#16536,#12975,#12976);
#10489=AXIS2_PLACEMENT_3D('',#16538,#12977,#12978);
#10490=AXIS2_PLACEMENT_3D('',#16539,#12979,#12980);
#10491=AXIS2_PLACEMENT_3D('',#16541,#12981,#12982);
#10492=AXIS2_PLACEMENT_3D('',#16543,#12984,#12985);
#10493=AXIS2_PLACEMENT_3D('',#16546,#12986,#12987);
#10494=AXIS2_PLACEMENT_3D('',#16548,#12989,#12990);
#10495=AXIS2_PLACEMENT_3D('',#16549,#12991,#12992);
#10496=AXIS2_PLACEMENT_3D('',#16552,#12994,#12995);
#10497=AXIS2_PLACEMENT_3D('',#16553,#12996,#12997);
#10498=AXIS2_PLACEMENT_3D('',#16563,#12998,#12999);
#10499=AXIS2_PLACEMENT_3D('',#16564,#13000,#13001);
#10500=AXIS2_PLACEMENT_3D('',#16574,#13002,#13003);
#10501=AXIS2_PLACEMENT_3D('',#16575,#13004,#13005);
#10502=AXIS2_PLACEMENT_3D('',#16582,#13006,#13007);
#10503=AXIS2_PLACEMENT_3D('',#16586,#13008,#13009);
#10504=AXIS2_PLACEMENT_3D('',#16596,#13010,#13011);
#10505=AXIS2_PLACEMENT_3D('',#16597,#13012,#13013);
#10506=AXIS2_PLACEMENT_3D('',#16601,#13015,#13016);
#10507=AXIS2_PLACEMENT_3D('',#16605,#13018,#13019);
#10508=AXIS2_PLACEMENT_3D('',#16610,#13024,#13025);
#10509=AXIS2_PLACEMENT_3D('',#16618,#13026,#13027);
#10510=AXIS2_PLACEMENT_3D('',#16626,#13028,#13029);
#10511=AXIS2_PLACEMENT_3D('',#16634,#13030,#13031);
#10512=AXIS2_PLACEMENT_3D('',#16641,#13034,#13035);
#10513=AXIS2_PLACEMENT_3D('',#16645,#13036,#13037);
#10514=AXIS2_PLACEMENT_3D('',#16651,#13039,#13040);
#10515=AXIS2_PLACEMENT_3D('',#16655,#13041,#13042);
#10516=AXIS2_PLACEMENT_3D('',#16661,#13044,#13045);
#10517=AXIS2_PLACEMENT_3D('',#16665,#13046,#13047);
#10518=AXIS2_PLACEMENT_3D('',#16671,#13049,#13050);
#10519=AXIS2_PLACEMENT_3D('',#16675,#13051,#13052);
#10520=AXIS2_PLACEMENT_3D('',#16681,#13054,#13055);
#10521=AXIS2_PLACEMENT_3D('',#16685,#13056,#13057);
#10522=AXIS2_PLACEMENT_3D('',#16686,#13058,#13059);
#10523=AXIS2_PLACEMENT_3D('',#16708,#13063,#13064);
#10524=AXIS2_PLACEMENT_3D('',#16727,#13067,#13068);
#10525=AXIS2_PLACEMENT_3D('',#16746,#13071,#13072);
#10526=AXIS2_PLACEMENT_3D('',#16765,#13075,#13076);
#10527=AXIS2_PLACEMENT_3D('',#16784,#13079,#13080);
#10528=AXIS2_PLACEMENT_3D('',#16800,#13082,#13083);
#10529=AXIS2_PLACEMENT_3D('',#16801,#13084,#13085);
#10530=AXIS2_PLACEMENT_3D('',#16802,#13086,#13087);
#10531=AXIS2_PLACEMENT_3D('',#16803,#13088,#13089);
#10532=AXIS2_PLACEMENT_3D('',#16804,#13090,#13091);
#10533=AXIS2_PLACEMENT_3D('',#16805,#13092,#13093);
#10534=AXIS2_PLACEMENT_3D('',#16806,#13094,#13095);
#10535=AXIS2_PLACEMENT_3D('',#16808,#13096,#13097);
#10536=AXIS2_PLACEMENT_3D('',#16809,#13098,#13099);
#10537=AXIS2_PLACEMENT_3D('',#16810,#13100,#13101);
#10538=AXIS2_PLACEMENT_3D('',#16811,#13102,#13103);
#10539=AXIS2_PLACEMENT_3D('',#16812,#13104,#13105);
#10540=AXIS2_PLACEMENT_3D('',#16813,#13106,#13107);
#10541=AXIS2_PLACEMENT_3D('',#16814,#13108,#13109);
#10542=AXIS2_PLACEMENT_3D('',#16815,#13110,#13111);
#10543=AXIS2_PLACEMENT_3D('',#16816,#13112,#13113);
#10544=AXIS2_PLACEMENT_3D('',#16817,#13114,#13115);
#10545=AXIS2_PLACEMENT_3D('',#16818,#13116,#13117);
#10546=AXIS2_PLACEMENT_3D('',#16819,#13118,#13119);
#10547=AXIS2_PLACEMENT_3D('',#16820,#13120,#13121);
#10548=AXIS2_PLACEMENT_3D('',#16821,#13122,#13123);
#10549=AXIS2_PLACEMENT_3D('',#16824,#13124,#13125);
#10550=AXIS2_PLACEMENT_3D('',#16826,#13127,#13128);
#10551=AXIS2_PLACEMENT_3D('',#16827,#13129,#13130);
#10552=AXIS2_PLACEMENT_3D('',#16829,#13131,#13132);
#10553=AXIS2_PLACEMENT_3D('',#16830,#13133,#13134);
#10554=AXIS2_PLACEMENT_3D('',#16832,#13135,#13136);
#10555=AXIS2_PLACEMENT_3D('',#16834,#13138,#13139);
#10556=AXIS2_PLACEMENT_3D('',#16836,#13140,#13141);
#10557=AXIS2_PLACEMENT_3D('',#16837,#13142,#13143);
#10558=AXIS2_PLACEMENT_3D('',#16839,#13144,#13145);
#10559=AXIS2_PLACEMENT_3D('',#16841,#13147,#13148);
#10560=AXIS2_PLACEMENT_3D('',#16843,#13150,#13151);
#10561=DIRECTION('axis',(0.,0.,1.));
#10562=DIRECTION('refdir',(1.,0.,0.));
#10563=DIRECTION('axis',(0.,0.,1.));
#10564=DIRECTION('refdir',(1.,0.,0.));
#10565=DIRECTION('center_axis',(0.,0.,1.));
#10566=DIRECTION('ref_axis',(1.,0.,0.));
#10567=DIRECTION('center_axis',(0.,0.,1.));
#10568=DIRECTION('ref_axis',(0.500000000000003,0.866025403784437,0.));
#10569=DIRECTION('center_axis',(0.,0.,-1.));
#10570=DIRECTION('ref_axis',(1.,0.,0.));
#10571=DIRECTION('center_axis',(0.,0.,-1.));
#10572=DIRECTION('ref_axis',(0.500000000000003,0.866025403784437,0.));
#10573=DIRECTION('',(0.,0.,1.));
#10574=DIRECTION('center_axis',(0.,0.,-1.));
#10575=DIRECTION('ref_axis',(0.500000000000003,0.866025403784437,0.));
#10576=DIRECTION('center_axis',(0.,0.,-1.));
#10577=DIRECTION('ref_axis',(0.500000000000003,0.866025403784437,0.));
#10578=DIRECTION('',(-0.353553390593275,-0.612372435695791,-0.70710678118655));
#10579=DIRECTION('center_axis',(0.,0.,1.));
#10580=DIRECTION('ref_axis',(1.,0.,0.));
#10581=DIRECTION('center_axis',(0.,0.,1.));
#10582=DIRECTION('ref_axis',(-1.,0.,0.));
#10583=DIRECTION('center_axis',(0.,0.,-1.));
#10584=DIRECTION('ref_axis',(1.,0.,0.));
#10585=DIRECTION('center_axis',(0.,0.,-1.));
#10586=DIRECTION('ref_axis',(-1.,0.,0.));
#10587=DIRECTION('',(0.,0.,1.));
#10588=DIRECTION('center_axis',(0.,0.,-1.));
#10589=DIRECTION('ref_axis',(-1.,0.,0.));
#10590=DIRECTION('center_axis',(0.,0.,-1.));
#10591=DIRECTION('ref_axis',(-1.,0.,0.));
#10592=DIRECTION('',(0.707106781186545,-8.6595605623549E-17,-0.70710678118655));
#10593=DIRECTION('center_axis',(0.,0.,1.));
#10594=DIRECTION('ref_axis',(1.,0.,0.));
#10595=DIRECTION('center_axis',(0.,0.,1.));
#10596=DIRECTION('ref_axis',(0.499999999999999,-0.866025403784439,0.));
#10597=DIRECTION('center_axis',(0.,0.,-1.));
#10598=DIRECTION('ref_axis',(1.,0.,0.));
#10599=DIRECTION('center_axis',(0.,0.,-1.));
#10600=DIRECTION('ref_axis',(0.499999999999999,-0.866025403784439,0.));
#10601=DIRECTION('',(0.,0.,1.));
#10602=DIRECTION('center_axis',(0.,0.,-1.));
#10603=DIRECTION('ref_axis',(0.499999999999999,-0.866025403784439,0.));
#10604=DIRECTION('center_axis',(0.,0.,-1.));
#10605=DIRECTION('ref_axis',(0.499999999999999,-0.866025403784439,0.));
#10606=DIRECTION('',(-0.353553390593271,0.612372435695793,-0.70710678118655));
#10607=DIRECTION('center_axis',(0.,0.,-1.));
#10608=DIRECTION('ref_axis',(-1.,0.,0.));
#10609=DIRECTION('center_axis',(0.,0.,1.));
#10610=DIRECTION('ref_axis',(0.499999999999996,-0.866025403784441,0.));
#10611=DIRECTION('',(0.,0.,-1.));
#10612=DIRECTION('center_axis',(0.,0.,1.));
#10613=DIRECTION('ref_axis',(-1.,0.,0.));
#10614=DIRECTION('center_axis',(0.,0.,1.));
#10615=DIRECTION('ref_axis',(-1.,0.,0.));
#10616=DIRECTION('center_axis',(0.,0.,-1.));
#10617=DIRECTION('ref_axis',(0.500000000000003,0.866025403784437,0.));
#10618=DIRECTION('',(0.353553390593275,0.612372435695792,0.707106781186549));
#10619=DIRECTION('center_axis',(0.,0.,-1.));
#10620=DIRECTION('ref_axis',(0.500000000000003,0.866025403784437,0.));
#10621=DIRECTION('center_axis',(0.,0.,-1.));
#10622=DIRECTION('ref_axis',(0.500000000000003,0.866025403784437,0.));
#10623=DIRECTION('',(0.,0.,1.));
#10624=DIRECTION('center_axis',(0.,0.,-1.));
#10625=DIRECTION('ref_axis',(1.,0.,0.));
#10626=DIRECTION('center_axis',(0.,0.,1.));
#10627=DIRECTION('ref_axis',(1.,0.,0.));
#10628=DIRECTION('center_axis',(0.,0.,-1.));
#10629=DIRECTION('ref_axis',(-1.,0.,0.));
#10630=DIRECTION('center_axis',(0.,0.,1.));
#10631=DIRECTION('ref_axis',(0.5,0.866025403784438,0.));
#10632=DIRECTION('',(0.,0.,-1.));
#10633=DIRECTION('center_axis',(0.,0.,1.));
#10634=DIRECTION('ref_axis',(-1.,0.,0.));
#10635=DIRECTION('center_axis',(0.,0.,-1.));
#10636=DIRECTION('ref_axis',(-1.,0.,0.));
#10637=DIRECTION('',(-0.707106781186546,8.65956056235492E-17,0.707106781186549));
#10638=DIRECTION('center_axis',(0.,0.,-1.));
#10639=DIRECTION('ref_axis',(-1.,0.,0.));
#10640=DIRECTION('center_axis',(0.,0.,-1.));
#10641=DIRECTION('ref_axis',(-1.,0.,0.));
#10642=DIRECTION('',(0.,0.,1.));
#10643=DIRECTION('center_axis',(0.,0.,-1.));
#10644=DIRECTION('ref_axis',(1.,0.,0.));
#10645=DIRECTION('center_axis',(0.,0.,1.));
#10646=DIRECTION('ref_axis',(1.,0.,0.));
#10647=DIRECTION('center_axis',(0.,0.,-1.));
#10648=DIRECTION('ref_axis',(-1.,0.,0.));
#10649=DIRECTION('center_axis',(0.,0.,1.));
#10650=DIRECTION('ref_axis',(-1.,0.,0.));
#10651=DIRECTION('',(0.,0.,-1.));
#10652=DIRECTION('center_axis',(0.,0.,1.));
#10653=DIRECTION('ref_axis',(-1.,0.,0.));
#10654=DIRECTION('center_axis',(0.,0.,1.));
#10655=DIRECTION('ref_axis',(-1.,0.,0.));
#10656=DIRECTION('center_axis',(0.,0.,-1.));
#10657=DIRECTION('ref_axis',(0.499999999999999,-0.866025403784439,0.));
#10658=DIRECTION('',(0.353553390593272,-0.612372435695794,0.707106781186549));
#10659=DIRECTION('center_axis',(0.,0.,-1.));
#10660=DIRECTION('ref_axis',(0.499999999999999,-0.866025403784439,0.));
#10661=DIRECTION('center_axis',(0.,0.,-1.));
#10662=DIRECTION('ref_axis',(0.499999999999999,-0.866025403784439,0.));
#10663=DIRECTION('',(0.,0.,1.));
#10664=DIRECTION('center_axis',(0.,0.,-1.));
#10665=DIRECTION('ref_axis',(1.,0.,0.));
#10666=DIRECTION('center_axis',(0.,0.,1.));
#10667=DIRECTION('ref_axis',(1.,0.,0.));
#10668=DIRECTION('center_axis',(0.,0.,1.));
#10669=DIRECTION('ref_axis',(0.499999999999999,-0.866025403784439,0.));
#10670=DIRECTION('center_axis',(0.,0.,-1.));
#10671=DIRECTION('ref_axis',(1.,0.,0.));
#10672=DIRECTION('',(0.,0.,-1.));
#10673=DIRECTION('center_axis',(0.,0.,1.));
#10674=DIRECTION('ref_axis',(0.499999999999999,-0.866025403784439,0.));
#10675=DIRECTION('center_axis',(0.,0.,1.));
#10676=DIRECTION('ref_axis',(0.499999999999999,-0.866025403784439,0.));
#10677=DIRECTION('',(-0.353553390593272,0.612372435695793,0.70710678118655));
#10678=DIRECTION('center_axis',(0.,0.,-1.));
#10679=DIRECTION('ref_axis',(0.499999999999999,-0.866025403784439,0.));
#10680=DIRECTION('center_axis',(0.,0.,1.));
#10681=DIRECTION('ref_axis',(1.,0.,0.));
#10682=DIRECTION('center_axis',(0.,0.,1.));
#10683=DIRECTION('ref_axis',(-1.,0.,0.));
#10684=DIRECTION('center_axis',(0.,0.,-1.));
#10685=DIRECTION('ref_axis',(1.,0.,0.));
#10686=DIRECTION('',(0.,0.,-1.));
#10687=DIRECTION('center_axis',(0.,0.,1.));
#10688=DIRECTION('ref_axis',(-1.,0.,0.));
#10689=DIRECTION('center_axis',(0.,0.,1.));
#10690=DIRECTION('ref_axis',(-1.,0.,0.));
#10691=DIRECTION('',(0.707106781186545,8.6595605623549E-17,0.70710678118655));
#10692=DIRECTION('center_axis',(0.,0.,-1.));
#10693=DIRECTION('ref_axis',(-1.,0.,0.));
#10694=DIRECTION('center_axis',(0.,0.,1.));
#10695=DIRECTION('ref_axis',(1.,0.,0.));
#10696=DIRECTION('center_axis',(0.,0.,1.));
#10697=DIRECTION('ref_axis',(0.500000000000003,0.866025403784437,0.));
#10698=DIRECTION('center_axis',(0.,0.,-1.));
#10699=DIRECTION('ref_axis',(1.,0.,0.));
#10700=DIRECTION('',(0.,0.,-1.));
#10701=DIRECTION('center_axis',(0.,0.,1.));
#10702=DIRECTION('ref_axis',(0.500000000000003,0.866025403784437,0.));
#10703=DIRECTION('center_axis',(0.,0.,1.));
#10704=DIRECTION('ref_axis',(0.500000000000003,0.866025403784437,0.));
#10705=DIRECTION('',(-0.353553390593275,-0.612372435695791,0.70710678118655));
#10706=DIRECTION('center_axis',(0.,0.,-1.));
#10707=DIRECTION('ref_axis',(0.500000000000003,0.866025403784437,0.));
#10708=DIRECTION('center_axis',(0.,0.,1.));
#10709=DIRECTION('ref_axis',(1.,0.,0.));
#10710=DIRECTION('center_axis',(0.,0.,1.));
#10711=DIRECTION('ref_axis',(1.,0.,0.));
#10712=DIRECTION('center_axis',(0.,0.,1.));
#10713=DIRECTION('ref_axis',(-0.499999999999998,0.866025403784439,0.));
#10714=DIRECTION('center_axis',(0.,0.,-1.));
#10715=DIRECTION('ref_axis',(1.,0.,0.));
#10716=DIRECTION('center_axis',(0.,0.,-1.));
#10717=DIRECTION('ref_axis',(-1.,0.,0.));
#10718=DIRECTION('center_axis',(0.,0.,-1.));
#10719=DIRECTION('ref_axis',(1.,0.,0.));
#10720=DIRECTION('',(0.,0.,-1.));
#10721=DIRECTION('center_axis',(0.,0.,-1.));
#10722=DIRECTION('ref_axis',(1.,0.,0.));
#10723=DIRECTION('center_axis',(0.,0.,1.));
#10724=DIRECTION('ref_axis',(0.499999999999999,-0.866025403784439,0.));
#10725=DIRECTION('',(0.353553390593272,-0.612372435695794,-0.707106781186549));
#10726=DIRECTION('center_axis',(0.,0.,1.));
#10727=DIRECTION('ref_axis',(0.499999999999999,-0.866025403784439,0.));
#10728=DIRECTION('center_axis',(0.,0.,1.));
#10729=DIRECTION('ref_axis',(0.499999999999999,-0.866025403784439,0.));
#10730=DIRECTION('',(0.,0.,-1.));
#10731=DIRECTION('center_axis',(0.,0.,1.));
#10732=DIRECTION('ref_axis',(1.,0.,0.));
#10733=DIRECTION('center_axis',(0.,0.,1.));
#10734=DIRECTION('ref_axis',(1.,0.,0.));
#10735=DIRECTION('center_axis',(0.,0.,-1.));
#10736=DIRECTION('ref_axis',(1.,0.,0.));
#10737=DIRECTION('center_axis',(0.,0.,-1.));
#10738=DIRECTION('ref_axis',(-1.,0.,0.));
#10739=DIRECTION('center_axis',(0.,0.,1.));
#10740=DIRECTION('ref_axis',(-1.,0.,0.));
#10741=DIRECTION('',(0.,0.,-1.));
#10742=DIRECTION('center_axis',(0.,0.,1.));
#10743=DIRECTION('ref_axis',(-1.,0.,0.));
#10744=DIRECTION('',(-0.707106781186546,-8.65956056235492E-17,-0.707106781186549));
#10745=DIRECTION('center_axis',(0.,0.,1.));
#10746=DIRECTION('ref_axis',(-1.,0.,0.));
#10747=DIRECTION('center_axis',(0.,0.,1.));
#10748=DIRECTION('ref_axis',(-1.,0.,0.));
#10749=DIRECTION('',(0.,0.,-1.));
#10750=DIRECTION('center_axis',(0.,0.,1.));
#10751=DIRECTION('ref_axis',(1.,0.,0.));
#10752=DIRECTION('center_axis',(0.,0.,1.));
#10753=DIRECTION('ref_axis',(-0.500000000000003,-0.866025403784437,0.));
#10754=DIRECTION('center_axis',(0.,0.,-1.));
#10755=DIRECTION('ref_axis',(1.,0.,0.));
#10756=DIRECTION('center_axis',(0.,0.,-1.));
#10757=DIRECTION('ref_axis',(-1.,0.,0.));
#10758=DIRECTION('center_axis',(0.,0.,-1.));
#10759=DIRECTION('ref_axis',(1.,0.,0.));
#10760=DIRECTION('',(0.,0.,-1.));
#10761=DIRECTION('center_axis',(0.,0.,-1.));
#10762=DIRECTION('ref_axis',(1.,0.,0.));
#10763=DIRECTION('center_axis',(0.,0.,1.));
#10764=DIRECTION('ref_axis',(0.500000000000003,0.866025403784437,0.));
#10765=DIRECTION('',(0.353553390593275,0.612372435695792,-0.707106781186549));
#10766=DIRECTION('center_axis',(0.,0.,1.));
#10767=DIRECTION('ref_axis',(0.500000000000003,0.866025403784437,0.));
#10768=DIRECTION('center_axis',(0.,0.,1.));
#10769=DIRECTION('ref_axis',(0.500000000000003,0.866025403784437,0.));
#10770=DIRECTION('',(0.,0.,-1.));
#10771=DIRECTION('center_axis',(0.,0.,1.));
#10772=DIRECTION('ref_axis',(1.,0.,0.));
#10773=DIRECTION('center_axis',(0.,0.,1.));
#10774=DIRECTION('ref_axis',(0.500000000000003,0.866025403784437,0.));
#10775=DIRECTION('center_axis',(0.,0.,-1.));
#10776=DIRECTION('ref_axis',(1.,0.,0.));
#10777=DIRECTION('center_axis',(0.,0.,-1.));
#10778=DIRECTION('ref_axis',(0.500000000000003,0.866025403784437,0.));
#10779=DIRECTION('',(0.,0.,1.));
#10780=DIRECTION('center_axis',(0.,0.,-1.));
#10781=DIRECTION('ref_axis',(0.500000000000003,0.866025403784437,0.));
#10782=DIRECTION('center_axis',(0.,0.,-1.));
#10783=DIRECTION('ref_axis',(0.500000000000003,0.866025403784437,0.));
#10784=DIRECTION('',(-0.353553390593275,-0.612372435695791,-0.70710678118655));
#10785=DIRECTION('center_axis',(0.,0.,1.));
#10786=DIRECTION('ref_axis',(1.,0.,0.));
#10787=DIRECTION('center_axis',(0.,0.,1.));
#10788=DIRECTION('ref_axis',(0.499999999999999,-0.866025403784439,0.));
#10789=DIRECTION('center_axis',(0.,0.,-1.));
#10790=DIRECTION('ref_axis',(1.,0.,0.));
#10791=DIRECTION('center_axis',(0.,0.,-1.));
#10792=DIRECTION('ref_axis',(0.499999999999999,-0.866025403784439,0.));
#10793=DIRECTION('',(0.,0.,1.));
#10794=DIRECTION('center_axis',(0.,0.,-1.));
#10795=DIRECTION('ref_axis',(0.499999999999999,-0.866025403784439,0.));
#10796=DIRECTION('center_axis',(0.,0.,-1.));
#10797=DIRECTION('ref_axis',(0.499999999999999,-0.866025403784439,0.));
#10798=DIRECTION('',(-0.353553390593271,0.612372435695793,-0.70710678118655));
#10799=DIRECTION('center_axis',(0.,0.,1.));
#10800=DIRECTION('ref_axis',(1.,0.,0.));
#10801=DIRECTION('center_axis',(0.,0.,1.));
#10802=DIRECTION('ref_axis',(-1.,0.,0.));
#10803=DIRECTION('center_axis',(0.,0.,-1.));
#10804=DIRECTION('ref_axis',(1.,0.,0.));
#10805=DIRECTION('center_axis',(0.,0.,-1.));
#10806=DIRECTION('ref_axis',(-1.,0.,0.));
#10807=DIRECTION('',(0.,0.,1.));
#10808=DIRECTION('center_axis',(0.,0.,-1.));
#10809=DIRECTION('ref_axis',(-1.,0.,0.));
#10810=DIRECTION('center_axis',(0.,0.,-1.));
#10811=DIRECTION('ref_axis',(-1.,0.,0.));
#10812=DIRECTION('',(0.707106781186545,-8.6595605623549E-17,-0.70710678118655));
#10813=DIRECTION('center_axis',(0.,0.,-1.));
#10814=DIRECTION('ref_axis',(-1.,0.,0.));
#10815=DIRECTION('center_axis',(0.,0.,1.));
#10816=DIRECTION('ref_axis',(0.499999999999996,-0.866025403784441,0.));
#10817=DIRECTION('',(0.,0.,-1.));
#10818=DIRECTION('center_axis',(0.,0.,1.));
#10819=DIRECTION('ref_axis',(-1.,0.,0.));
#10820=DIRECTION('center_axis',(0.,0.,1.));
#10821=DIRECTION('ref_axis',(-1.,0.,0.));
#10822=DIRECTION('center_axis',(0.,0.,-1.));
#10823=DIRECTION('ref_axis',(0.500000000000003,0.866025403784437,0.));
#10824=DIRECTION('',(0.353553390593275,0.612372435695792,0.707106781186549));
#10825=DIRECTION('center_axis',(0.,0.,-1.));
#10826=DIRECTION('ref_axis',(0.500000000000003,0.866025403784437,0.));
#10827=DIRECTION('center_axis',(0.,0.,-1.));
#10828=DIRECTION('ref_axis',(0.500000000000003,0.866025403784437,0.));
#10829=DIRECTION('',(0.,0.,1.));
#10830=DIRECTION('center_axis',(0.,0.,-1.));
#10831=DIRECTION('ref_axis',(1.,0.,0.));
#10832=DIRECTION('center_axis',(0.,0.,1.));
#10833=DIRECTION('ref_axis',(1.,0.,0.));
#10834=DIRECTION('center_axis',(0.,0.,-1.));
#10835=DIRECTION('ref_axis',(-1.,0.,0.));
#10836=DIRECTION('center_axis',(0.,0.,1.));
#10837=DIRECTION('ref_axis',(-1.,0.,0.));
#10838=DIRECTION('',(0.,0.,-1.));
#10839=DIRECTION('center_axis',(0.,0.,1.));
#10840=DIRECTION('ref_axis',(-1.,0.,0.));
#10841=DIRECTION('center_axis',(0.,0.,1.));
#10842=DIRECTION('ref_axis',(-1.,0.,0.));
#10843=DIRECTION('center_axis',(0.,0.,-1.));
#10844=DIRECTION('ref_axis',(0.499999999999999,-0.866025403784439,0.));
#10845=DIRECTION('',(0.353553390593272,-0.612372435695794,0.707106781186549));
#10846=DIRECTION('center_axis',(0.,0.,-1.));
#10847=DIRECTION('ref_axis',(0.499999999999999,-0.866025403784439,0.));
#10848=DIRECTION('center_axis',(0.,0.,-1.));
#10849=DIRECTION('ref_axis',(0.499999999999999,-0.866025403784439,0.));
#10850=DIRECTION('',(0.,0.,1.));
#10851=DIRECTION('center_axis',(0.,0.,-1.));
#10852=DIRECTION('ref_axis',(1.,0.,0.));
#10853=DIRECTION('center_axis',(0.,0.,1.));
#10854=DIRECTION('ref_axis',(1.,0.,0.));
#10855=DIRECTION('center_axis',(0.,0.,-1.));
#10856=DIRECTION('ref_axis',(-1.,0.,0.));
#10857=DIRECTION('center_axis',(0.,0.,1.));
#10858=DIRECTION('ref_axis',(0.5,0.866025403784438,0.));
#10859=DIRECTION('',(0.,0.,-1.));
#10860=DIRECTION('center_axis',(0.,0.,1.));
#10861=DIRECTION('ref_axis',(-1.,0.,0.));
#10862=DIRECTION('center_axis',(0.,0.,-1.));
#10863=DIRECTION('ref_axis',(-1.,0.,0.));
#10864=DIRECTION('',(-0.707106781186546,8.65956056235492E-17,0.707106781186549));
#10865=DIRECTION('center_axis',(0.,0.,-1.));
#10866=DIRECTION('ref_axis',(-1.,0.,0.));
#10867=DIRECTION('center_axis',(0.,0.,-1.));
#10868=DIRECTION('ref_axis',(-1.,0.,0.));
#10869=DIRECTION('',(0.,0.,1.));
#10870=DIRECTION('center_axis',(0.,0.,-1.));
#10871=DIRECTION('ref_axis',(1.,0.,0.));
#10872=DIRECTION('center_axis',(0.,0.,1.));
#10873=DIRECTION('ref_axis',(1.,0.,0.));
#10874=DIRECTION('center_axis',(0.,0.,1.));
#10875=DIRECTION('ref_axis',(0.499999999999999,-0.866025403784439,0.));
#10876=DIRECTION('center_axis',(0.,0.,-1.));
#10877=DIRECTION('ref_axis',(1.,0.,0.));
#10878=DIRECTION('',(0.,0.,-1.));
#10879=DIRECTION('center_axis',(0.,0.,1.));
#10880=DIRECTION('ref_axis',(0.499999999999999,-0.866025403784439,0.));
#10881=DIRECTION('center_axis',(0.,0.,1.));
#10882=DIRECTION('ref_axis',(0.499999999999999,-0.866025403784439,0.));
#10883=DIRECTION('',(-0.353553390593272,0.612372435695793,0.70710678118655));
#10884=DIRECTION('center_axis',(0.,0.,-1.));
#10885=DIRECTION('ref_axis',(0.499999999999999,-0.866025403784439,0.));
#10886=DIRECTION('center_axis',(0.,0.,1.));
#10887=DIRECTION('ref_axis',(1.,0.,0.));
#10888=DIRECTION('center_axis',(0.,0.,1.));
#10889=DIRECTION('ref_axis',(0.500000000000003,0.866025403784437,0.));
#10890=DIRECTION('center_axis',(0.,0.,-1.));
#10891=DIRECTION('ref_axis',(1.,0.,0.));
#10892=DIRECTION('',(0.,0.,-1.));
#10893=DIRECTION('center_axis',(0.,0.,1.));
#10894=DIRECTION('ref_axis',(0.500000000000003,0.866025403784437,0.));
#10895=DIRECTION('center_axis',(0.,0.,1.));
#10896=DIRECTION('ref_axis',(0.500000000000003,0.866025403784437,0.));
#10897=DIRECTION('',(-0.353553390593275,-0.612372435695791,0.70710678118655));
#10898=DIRECTION('center_axis',(0.,0.,-1.));
#10899=DIRECTION('ref_axis',(0.500000000000003,0.866025403784437,0.));
#10900=DIRECTION('center_axis',(0.,0.,1.));
#10901=DIRECTION('ref_axis',(1.,0.,0.));
#10902=DIRECTION('center_axis',(0.,0.,-1.));
#10903=DIRECTION('ref_axis',(-1.,0.,0.));
#10904=DIRECTION('center_axis',(0.,0.,-1.));
#10905=DIRECTION('ref_axis',(1.,0.,0.));
#10906=DIRECTION('',(0.,0.,-1.));
#10907=DIRECTION('center_axis',(0.,0.,1.));
#10908=DIRECTION('ref_axis',(-0.499999999999998,0.866025403784439,0.));
#10909=DIRECTION('center_axis',(0.,0.,-1.));
#10910=DIRECTION('ref_axis',(1.,0.,0.));
#10911=DIRECTION('center_axis',(0.,0.,1.));
#10912=DIRECTION('ref_axis',(0.499999999999999,-0.866025403784439,0.));
#10913=DIRECTION('',(0.353553390593272,-0.612372435695794,-0.707106781186549));
#10914=DIRECTION('center_axis',(0.,0.,1.));
#10915=DIRECTION('ref_axis',(0.499999999999999,-0.866025403784439,0.));
#10916=DIRECTION('center_axis',(0.,0.,1.));
#10917=DIRECTION('ref_axis',(0.499999999999999,-0.866025403784439,0.));
#10918=DIRECTION('',(0.,0.,-1.));
#10919=DIRECTION('center_axis',(0.,0.,1.));
#10920=DIRECTION('ref_axis',(-1.,0.,0.));
#10921=DIRECTION('center_axis',(0.,0.,-1.));
#10922=DIRECTION('ref_axis',(-1.,0.,0.));
#10923=DIRECTION('center_axis',(0.,0.,-1.));
#10924=DIRECTION('ref_axis',(-1.,0.,0.));
#10925=DIRECTION('center_axis',(0.,0.,-1.));
#10926=DIRECTION('ref_axis',(1.,0.,0.));
#10927=DIRECTION('',(0.,0.,-1.));
#10928=DIRECTION('center_axis',(0.,0.,1.));
#10929=DIRECTION('ref_axis',(-0.500000000000003,-0.866025403784437,0.));
#10930=DIRECTION('center_axis',(0.,0.,-1.));
#10931=DIRECTION('ref_axis',(1.,0.,0.));
#10932=DIRECTION('center_axis',(0.,0.,1.));
#10933=DIRECTION('ref_axis',(0.500000000000003,0.866025403784437,0.));
#10934=DIRECTION('',(0.353553390593275,0.612372435695792,-0.707106781186549));
#10935=DIRECTION('center_axis',(0.,0.,1.));
#10936=DIRECTION('ref_axis',(0.500000000000003,0.866025403784437,0.));
#10937=DIRECTION('center_axis',(0.,0.,1.));
#10938=DIRECTION('ref_axis',(0.500000000000003,0.866025403784437,0.));
#10939=DIRECTION('',(0.,0.,-1.));
#10940=DIRECTION('center_axis',(0.,0.,1.));
#10941=DIRECTION('ref_axis',(-1.,0.,0.));
#10942=DIRECTION('center_axis',(0.,0.,-1.));
#10943=DIRECTION('ref_axis',(-1.,0.,0.));
#10944=DIRECTION('center_axis',(0.,0.,1.));
#10945=DIRECTION('ref_axis',(1.,0.,0.));
#10946=DIRECTION('center_axis',(0.,0.,-1.));
#10947=DIRECTION('ref_axis',(-1.,0.,0.));
#10948=DIRECTION('center_axis',(0.,0.,1.));
#10949=DIRECTION('ref_axis',(1.,0.,0.));
#10950=DIRECTION('center_axis',(0.,0.,1.));
#10951=DIRECTION('ref_axis',(1.,0.,0.));
#10952=DIRECTION('',(0.,0.,1.));
#10953=DIRECTION('center_axis',(0.,0.,1.));
#10954=DIRECTION('ref_axis',(-1.,0.,0.));
#10955=DIRECTION('center_axis',(0.,0.,1.));
#10956=DIRECTION('ref_axis',(-1.,0.,0.));
#10957=DIRECTION('center_axis',(0.,0.,1.));
#10958=DIRECTION('ref_axis',(-1.,0.,0.));
#10959=DIRECTION('center_axis',(0.,0.,1.));
#10960=DIRECTION('ref_axis',(-1.,0.,0.));
#10961=DIRECTION('',(0.,0.,-1.));
#10962=DIRECTION('center_axis',(0.,0.,1.));
#10963=DIRECTION('ref_axis',(-1.,0.,0.));
#10964=DIRECTION('center_axis',(0.,0.,1.));
#10965=DIRECTION('ref_axis',(-1.,0.,0.));
#10966=DIRECTION('',(0.707106781186545,8.6595605623549E-17,0.70710678118655));
#10967=DIRECTION('center_axis',(0.,0.,1.));
#10968=DIRECTION('ref_axis',(-1.,0.,0.));
#10969=DIRECTION('',(-0.707106781186546,-8.65956056235492E-17,-0.707106781186549));
#10970=DIRECTION('center_axis',(0.,0.,-1.));
#10971=DIRECTION('ref_axis',(-1.,0.,0.));
#10972=DIRECTION('center_axis',(0.,0.,-1.));
#10973=DIRECTION('ref_axis',(1.,1.22464679914735E-16,0.));
#10974=DIRECTION('center_axis',(0.,0.,1.));
#10975=DIRECTION('ref_axis',(1.,0.,0.));
#10976=DIRECTION('',(-1.,1.23490584330497E-15,0.));
#10977=DIRECTION('',(0.,1.,0.));
#10978=DIRECTION('',(1.,3.52830240944278E-16,0.));
#10979=DIRECTION('center_axis',(0.,0.,1.));
#10980=DIRECTION('ref_axis',(0.5,0.866025403784439,0.));
#10981=DIRECTION('center_axis',(0.,0.,1.));
#10982=DIRECTION('ref_axis',(-1.,0.,0.));
#10983=DIRECTION('center_axis',(0.,0.,1.));
#10984=DIRECTION('ref_axis',(0.499999999999997,-0.86602540378444,0.));
#10985=DIRECTION('center_axis',(0.,0.,1.));
#10986=DIRECTION('ref_axis',(1.,0.,0.));
#10987=DIRECTION('center_axis',(0.,0.,1.));
#10988=DIRECTION('ref_axis',(-0.500000000000003,-0.866025403784437,0.));
#10989=DIRECTION('center_axis',(0.,0.,1.));
#10990=DIRECTION('ref_axis',(-0.499999999999998,0.86602540378444,0.));
#10991=DIRECTION('center_axis',(0.,0.,1.));
#10992=DIRECTION('ref_axis',(1.,0.,0.));
#10993=DIRECTION('center_axis',(0.,0.,1.));
#10994=DIRECTION('ref_axis',(1.,0.,0.));
#10995=DIRECTION('',(-1.,1.4432899320127E-15,0.));
#10996=DIRECTION('',(-0.500000000000002,-0.866025403784438,0.));
#10997=DIRECTION('',(0.499999999999999,-0.866025403784439,0.));
#10998=DIRECTION('',(1.,-1.4432899320127E-15,0.));
#10999=DIRECTION('',(0.500000000000002,0.866025403784438,0.));
#11000=DIRECTION('',(-0.499999999999999,0.866025403784439,0.));
#11001=DIRECTION('',(-0.00393363397935182,0.99999226323193,0.));
#11002=DIRECTION('center_axis',(0.,0.,1.));
#11003=DIRECTION('ref_axis',(-0.710320846057082,-0.703878040328544,0.));
#11004=DIRECTION('',(-0.867985520536422,0.496589504660656,0.));
#11005=DIRECTION('center_axis',(7.63242353072328E-15,6.18649098514212E-14,
1.));
#11006=DIRECTION('ref_axis',(0.254415841061946,-0.967094917687371,5.92119368632058E-14));
#11007=DIRECTION('',(-0.86405188655707,-0.503402758571273,0.));
#11008=DIRECTION('center_axis',(0.,0.,1.));
#11009=DIRECTION('ref_axis',(0.964736687119066,-0.263216877358821,0.));
#11010=DIRECTION('',(0.003933633979352,-0.99999226323193,0.));
#11011=DIRECTION('center_axis',(-5.73927952988941E-14,-2.43225822552941E-14,
1.));
#11012=DIRECTION('ref_axis',(0.710320846057093,0.703878040328532,5.92119368632108E-14));
#11013=DIRECTION('',(0.867985520536422,-0.496589504660656,0.));
#11014=DIRECTION('center_axis',(-7.63242353072332E-15,-6.18649098514215E-14,
1.));
#11015=DIRECTION('ref_axis',(-0.254415841061946,0.967094917687371,5.92119368632064E-14));
#11016=DIRECTION('',(0.86405188655707,0.503402758571273,0.));
#11017=DIRECTION('center_axis',(5.76087517059004E-14,-2.38854019926346E-14,
1.));
#11018=DIRECTION('ref_axis',(-0.964736687119066,0.263216877358822,6.31593993207594E-14));
#11019=DIRECTION('',(0.867985520536421,-0.496589504660659,0.));
#11020=DIRECTION('center_axis',(0.,0.,1.));
#11021=DIRECTION('ref_axis',(-0.254415841061951,0.96709491768737,0.));
#11022=DIRECTION('',(0.864051886557072,0.503402758571271,0.));
#11023=DIRECTION('center_axis',(4.97603717679924E-14,-3.75423275952962E-14,
1.));
#11024=DIRECTION('ref_axis',(-0.964736687119056,0.263216877358859,5.92119368632093E-14));
#11025=DIRECTION('',(-0.00393363397934887,0.99999226323193,0.));
#11026=DIRECTION('center_axis',(0.,0.,1.));
#11027=DIRECTION('ref_axis',(-0.710320846057105,-0.703878040328521,0.));
#11028=DIRECTION('',(-0.867985520536421,0.496589504660659,0.));
#11029=DIRECTION('center_axis',(0.,0.,1.));
#11030=DIRECTION('ref_axis',(0.254415841062005,-0.967094917687355,0.));
#11031=DIRECTION('',(-0.864051886557072,-0.503402758571271,0.));
#11032=DIRECTION('center_axis',(4.97603717679899E-14,-3.75423275952925E-14,
1.));
#11033=DIRECTION('ref_axis',(0.964736687119067,-0.263216877358817,-5.92119368632128E-14));
#11034=DIRECTION('',(0.00393363397934887,-0.99999226323193,0.));
#11035=DIRECTION('center_axis',(0.,0.,1.));
#11036=DIRECTION('ref_axis',(0.71032084605709,0.703878040328536,0.));
#11037=DIRECTION('',(-0.864051886557071,-0.503402758571272,0.));
#11038=DIRECTION('center_axis',(4.97603717667948E-14,-3.75423275946088E-14,
1.));
#11039=DIRECTION('ref_axis',(0.964736687119072,-0.263216877358802,-5.92119368632158E-14));
#11040=DIRECTION('',(0.00393363397935043,-0.999992263231929,0.));
#11041=DIRECTION('center_axis',(5.73927952990158E-14,2.43225822553658E-14,
1.));
#11042=DIRECTION('ref_axis',(0.710320846057074,0.703878040328552,-5.92119368632146E-14));
#11043=DIRECTION('',(0.867985520536422,-0.496589504660658,0.));
#11044=DIRECTION('center_axis',(0.,0.,1.));
#11045=DIRECTION('ref_axis',(-0.254415841062,0.967094917687357,0.));
#11046=DIRECTION('',(0.864051886557071,0.503402758571272,0.));
#11047=DIRECTION('center_axis',(0.,0.,1.));
#11048=DIRECTION('ref_axis',(-0.964736687119066,0.263216877358823,0.));
#11049=DIRECTION('',(-0.00393363397935043,0.999992263231929,0.));
#11050=DIRECTION('center_axis',(5.7392795299192E-14,2.43225822554666E-14,
1.));
#11051=DIRECTION('ref_axis',(-0.710320846057102,-0.703878040328523,5.921193686321E-14));
#11052=DIRECTION('',(-0.867985520536422,0.496589504660658,0.));
#11053=DIRECTION('center_axis',(0.,0.,1.));
#11054=DIRECTION('ref_axis',(0.254415841061971,-0.967094917687364,0.));
#11055=DIRECTION('',(0.499999999999998,-0.86602540378444,0.));
#11056=DIRECTION('',(1.,-3.27515792264421E-15,0.));
#11057=DIRECTION('',(0.500000000000002,0.866025403784437,0.));
#11058=DIRECTION('',(-0.499999999999998,0.86602540378444,0.));
#11059=DIRECTION('',(-1.,3.27515792264421E-15,0.));
#11060=DIRECTION('',(-0.500000000000003,-0.866025403784437,0.));
#11061=DIRECTION('',(0.5,0.866025403784439,0.));
#11062=DIRECTION('',(-0.5,0.866025403784439,0.));
#11063=DIRECTION('',(-1.,-3.33847688608258E-16,0.));
#11064=DIRECTION('',(-0.5,-0.866025403784439,0.));
#11065=DIRECTION('',(0.5,-0.866025403784439,0.));
#11066=DIRECTION('',(1.,0.,0.));
#11067=DIRECTION('center_axis',(0.,0.,1.));
#11068=DIRECTION('ref_axis',(1.,1.22464679914735E-16,0.));
#11069=DIRECTION('center_axis',(0.,0.,1.));
#11070=DIRECTION('ref_axis',(1.,0.,0.));
#11071=DIRECTION('',(0.,0.,-1.));
#11072=DIRECTION('center_axis',(0.,0.,-1.));
#11073=DIRECTION('ref_axis',(1.,1.22464679914735E-16,0.));
#11074=DIRECTION('center_axis',(0.,0.,-1.));
#11075=DIRECTION('ref_axis',(-1.,0.,0.));
#11076=DIRECTION('center_axis',(0.,0.,1.));
#11077=DIRECTION('ref_axis',(1.,0.,0.));
#11078=DIRECTION('',(1.,3.52830240944278E-16,0.));
#11079=DIRECTION('',(0.,1.,0.));
#11080=DIRECTION('',(-1.,1.23490584330497E-15,0.));
#11081=DIRECTION('center_axis',(0.,0.,1.));
#11082=DIRECTION('ref_axis',(-1.,1.22464679914735E-16,0.));
#11083=DIRECTION('',(0.,0.,1.));
#11084=DIRECTION('',(0.,0.,1.));
#11085=DIRECTION('center_axis',(3.52830240944278E-16,-1.,0.));
#11086=DIRECTION('ref_axis',(1.,3.52830240944278E-16,0.));
#11087=DIRECTION('',(0.,0.,1.));
#11088=DIRECTION('center_axis',(1.,0.,0.));
#11089=DIRECTION('ref_axis',(0.,0.,-1.));
#11090=DIRECTION('',(0.,0.,1.));
#11091=DIRECTION('center_axis',(-1.,0.,0.));
#11092=DIRECTION('ref_axis',(0.,0.,-1.));
#11093=DIRECTION('center_axis',(0.,0.,1.));
#11094=DIRECTION('ref_axis',(1.,0.,0.));
#11095=DIRECTION('',(0.,0.,-1.));
#11096=DIRECTION('center_axis',(1.23490584330497E-15,1.,0.));
#11097=DIRECTION('ref_axis',(-1.,1.23490584330497E-15,0.));
#11098=DIRECTION('center_axis',(1.,0.,0.));
#11099=DIRECTION('ref_axis',(0.,0.,-1.));
#11100=DIRECTION('',(1.,0.,0.));
#11101=DIRECTION('center_axis',(0.,0.,-1.));
#11102=DIRECTION('ref_axis',(-1.,0.,0.));
#11103=DIRECTION('center_axis',(0.,0.,-1.));
#11104=DIRECTION('ref_axis',(-1.,0.,0.));
#11105=DIRECTION('center_axis',(0.,0.,1.));
#11106=DIRECTION('ref_axis',(1.,0.,0.));
#11107=DIRECTION('',(0.866025403784439,1.06057523872491E-16,-0.5));
#11108=DIRECTION('center_axis',(0.,1.,0.));
#11109=DIRECTION('ref_axis',(0.,0.,1.));
#11110=DIRECTION('',(0.,0.,-1.));
#11111=DIRECTION('',(0.,0.,-1.));
#11112=DIRECTION('center_axis',(0.866025403784439,0.5,0.));
#11113=DIRECTION('ref_axis',(-0.5,0.866025403784439,0.));
#11114=DIRECTION('',(0.,0.,-1.));
#11115=DIRECTION('center_axis',(0.866025403784439,-0.5,0.));
#11116=DIRECTION('ref_axis',(0.5,0.866025403784439,0.));
#11117=DIRECTION('',(0.,0.,-1.));
#11118=DIRECTION('center_axis',(3.33847688608258E-16,-1.,0.));
#11119=DIRECTION('ref_axis',(1.,3.33847688608258E-16,0.));
#11120=DIRECTION('',(0.,0.,-1.));
#11121=DIRECTION('center_axis',(-0.866025403784439,-0.5,0.));
#11122=DIRECTION('ref_axis',(0.5,-0.866025403784439,0.));
#11123=DIRECTION('',(0.,0.,-1.));
#11124=DIRECTION('center_axis',(-0.866025403784439,0.5,0.));
#11125=DIRECTION('ref_axis',(-0.5,-0.866025403784439,0.));
#11126=DIRECTION('center_axis',(0.,0.,-1.));
#11127=DIRECTION('ref_axis',(0.499999999999999,-0.866025403784439,0.));
#11128=DIRECTION('center_axis',(0.,0.,-1.));
#11129=DIRECTION('ref_axis',(0.499999999999999,-0.866025403784439,0.));
#11130=DIRECTION('center_axis',(0.,0.,1.));
#11131=DIRECTION('ref_axis',(-0.499999999999999,0.866025403784439,0.));
#11132=DIRECTION('',(-0.433012701892218,0.750000000000001,-0.5));
#11133=DIRECTION('center_axis',(-0.866025403784439,-0.499999999999999,0.));
#11134=DIRECTION('ref_axis',(0.,0.,1.));
#11135=DIRECTION('',(0.,0.,-1.));
#11136=DIRECTION('',(0.,0.,-1.));
#11137=DIRECTION('center_axis',(-0.866025403784438,0.500000000000002,0.));
#11138=DIRECTION('ref_axis',(-0.500000000000002,-0.866025403784438,0.));
#11139=DIRECTION('',(0.,0.,-1.));
#11140=DIRECTION('center_axis',(1.4432899320127E-15,1.,0.));
#11141=DIRECTION('ref_axis',(-1.,1.4432899320127E-15,0.));
#11142=DIRECTION('',(0.,0.,-1.));
#11143=DIRECTION('center_axis',(0.866025403784439,0.499999999999999,0.));
#11144=DIRECTION('ref_axis',(-0.499999999999999,0.866025403784439,0.));
#11145=DIRECTION('',(0.,0.,-1.));
#11146=DIRECTION('center_axis',(0.866025403784438,-0.500000000000002,0.));
#11147=DIRECTION('ref_axis',(0.500000000000002,0.866025403784438,0.));
#11148=DIRECTION('',(0.,0.,-1.));
#11149=DIRECTION('center_axis',(-1.4432899320127E-15,-1.,0.));
#11150=DIRECTION('ref_axis',(1.,-1.4432899320127E-15,0.));
#11151=DIRECTION('center_axis',(0.,0.,-1.));
#11152=DIRECTION('ref_axis',(0.500000000000003,0.866025403784437,0.));
#11153=DIRECTION('center_axis',(0.,0.,-1.));
#11154=DIRECTION('ref_axis',(0.500000000000003,0.866025403784437,0.));
#11155=DIRECTION('center_axis',(0.,0.,1.));
#11156=DIRECTION('ref_axis',(-0.500000000000003,-0.866025403784437,0.));
#11157=DIRECTION('',(-0.433012701892222,-0.749999999999998,-0.5));
#11158=DIRECTION('center_axis',(0.866025403784437,-0.500000000000003,0.));
#11159=DIRECTION('ref_axis',(0.,0.,1.));
#11160=DIRECTION('',(0.,0.,-1.));
#11161=DIRECTION('',(0.,0.,-1.));
#11162=DIRECTION('center_axis',(-3.27515792264421E-15,-1.,0.));
#11163=DIRECTION('ref_axis',(1.,-3.27515792264421E-15,0.));
#11164=DIRECTION('',(0.,0.,-1.));
#11165=DIRECTION('center_axis',(-0.86602540378444,-0.499999999999998,0.));
#11166=DIRECTION('ref_axis',(0.499999999999998,-0.86602540378444,0.));
#11167=DIRECTION('',(0.,0.,-1.));
#11168=DIRECTION('center_axis',(-0.866025403784437,0.500000000000002,0.));
#11169=DIRECTION('ref_axis',(-0.500000000000002,-0.866025403784437,0.));
#11170=DIRECTION('',(0.,0.,-1.));
#11171=DIRECTION('center_axis',(3.27515792264421E-15,1.,0.));
#11172=DIRECTION('ref_axis',(-1.,3.27515792264421E-15,0.));
#11173=DIRECTION('',(0.,0.,-1.));
#11174=DIRECTION('center_axis',(0.86602540378444,0.499999999999998,0.));
#11175=DIRECTION('ref_axis',(-0.499999999999998,0.86602540378444,0.));
#11176=DIRECTION('center_axis',(0.,0.,-1.));
#11177=DIRECTION('ref_axis',(-1.,0.,0.));
#11178=DIRECTION('center_axis',(0.,0.,1.));
#11179=DIRECTION('ref_axis',(-1.,0.,0.));
#11180=DIRECTION('',(0.,0.,1.));
#11181=DIRECTION('center_axis',(0.,0.,-1.));
#11182=DIRECTION('ref_axis',(-1.,0.,0.));
#11183=DIRECTION('center_axis',(0.,0.,1.));
#11184=DIRECTION('ref_axis',(-1.,0.,0.));
#11185=DIRECTION('center_axis',(0.,0.,-1.));
#11186=DIRECTION('ref_axis',(-1.,0.,0.));
#11187=DIRECTION('',(-0.866025403784439,1.06057523872491E-16,0.5));
#11188=DIRECTION('center_axis',(0.,0.,-1.));
#11189=DIRECTION('ref_axis',(-1.,0.,0.));
#11190=DIRECTION('center_axis',(0.,0.,-1.));
#11191=DIRECTION('ref_axis',(-1.,0.,0.));
#11192=DIRECTION('center_axis',(0.,0.,-1.));
#11193=DIRECTION('ref_axis',(-1.,0.,0.));
#11194=DIRECTION('center_axis',(0.,0.,-1.));
#11195=DIRECTION('ref_axis',(-1.,0.,0.));
#11196=DIRECTION('',(0.,0.,1.));
#11197=DIRECTION('center_axis',(0.,0.,-1.));
#11198=DIRECTION('ref_axis',(-1.,0.,0.));
#11199=DIRECTION('center_axis',(0.,0.,-1.));
#11200=DIRECTION('ref_axis',(-1.,0.,0.));
#11201=DIRECTION('center_axis',(0.,0.,1.));
#11202=DIRECTION('ref_axis',(1.,0.,0.));
#11203=DIRECTION('',(-0.707106781186549,-8.65956056235495E-17,0.707106781186546));
#11204=DIRECTION('center_axis',(0.,0.,-1.));
#11205=DIRECTION('ref_axis',(-1.,0.,0.));
#11206=DIRECTION('center_axis',(0.,0.,-1.));
#11207=DIRECTION('ref_axis',(1.,0.,0.));
#11208=DIRECTION('center_axis',(0.,0.,-1.));
#11209=DIRECTION('ref_axis',(-1.,0.,0.));
#11210=DIRECTION('center_axis',(0.,0.,-1.));
#11211=DIRECTION('ref_axis',(1.,0.,0.));
#11212=DIRECTION('center_axis',(0.,0.,-1.));
#11213=DIRECTION('ref_axis',(-1.,0.,0.));
#11214=DIRECTION('center_axis',(0.,0.,-1.));
#11215=DIRECTION('ref_axis',(1.,0.,0.));
#11216=DIRECTION('center_axis',(0.,0.,1.));
#11217=DIRECTION('ref_axis',(1.,0.,0.));
#11218=DIRECTION('center_axis',(0.,0.,-1.));
#11219=DIRECTION('ref_axis',(1.,0.,0.));
#11220=DIRECTION('center_axis',(0.,0.,-1.));
#11221=DIRECTION('ref_axis',(-1.,0.,0.));
#11222=DIRECTION('center_axis',(0.,0.,-1.));
#11223=DIRECTION('ref_axis',(1.,0.,0.));
#11224=DIRECTION('center_axis',(0.,0.,-1.));
#11225=DIRECTION('ref_axis',(-1.,0.,0.));
#11226=DIRECTION('center_axis',(0.,0.,-1.));
#11227=DIRECTION('ref_axis',(1.,0.,0.));
#11228=DIRECTION('center_axis',(0.,0.,-1.));
#11229=DIRECTION('ref_axis',(-1.,0.,0.));
#11230=DIRECTION('center_axis',(0.,0.,1.));
#11231=DIRECTION('ref_axis',(-1.,0.,0.));
#11232=DIRECTION('center_axis',(-4.05950547386095E-15,-3.0916671726528E-14,
-1.));
#11233=DIRECTION('ref_axis',(0.254415841061981,0.967094917687362,-3.15796996603792E-14));
#11234=DIRECTION('center_axis',(0.,0.,1.));
#11235=DIRECTION('ref_axis',(-1.,0.,0.));
#11236=DIRECTION('center_axis',(0.,0.,-1.));
#11237=DIRECTION('ref_axis',(-0.710320846057086,0.70387804032854,0.));
#11238=DIRECTION('center_axis',(0.,0.,1.));
#11239=DIRECTION('ref_axis',(-1.,0.,0.));
#11240=DIRECTION('center_axis',(0.,0.,-1.));
#11241=DIRECTION('ref_axis',(-0.964736687119072,-0.263216877358801,0.));
#11242=DIRECTION('center_axis',(0.,0.,1.));
#11243=DIRECTION('ref_axis',(-1.,0.,0.));
#11244=DIRECTION('center_axis',(4.05950547386344E-15,3.09166717271249E-14,
-1.));
#11245=DIRECTION('ref_axis',(-0.254415841061953,-0.967094917687369,-3.15796996603752E-14));
#11246=DIRECTION('center_axis',(0.,0.,1.));
#11247=DIRECTION('ref_axis',(-1.,0.,0.));
#11248=DIRECTION('center_axis',(-5.36845617369767E-14,-3.07138647939816E-14,
-1.));
#11249=DIRECTION('ref_axis',(0.964736687119054,0.263216877358867,-5.92119368632012E-14));
#11250=DIRECTION('center_axis',(0.,0.,1.));
#11251=DIRECTION('ref_axis',(-1.,0.,0.));
#11252=DIRECTION('center_axis',(-2.86963976490439E-14,1.2161291127412E-14,
-1.));
#11253=DIRECTION('ref_axis',(0.710320846057104,-0.703878040328522,-2.96059684316045E-14));
#11254=DIRECTION('center_axis',(0.,0.,-1.));
#11255=DIRECTION('ref_axis',(-1.,0.,0.));
#11256=DIRECTION('',(-0.00393363397935183,-0.999992263231929,0.));
#11257=DIRECTION('',(0.86405188655707,-0.503402758571273,0.));
#11258=DIRECTION('',(0.867985520536422,0.496589504660656,0.));
#11259=DIRECTION('',(0.003933633979352,0.999992263231929,0.));
#11260=DIRECTION('',(-0.86405188655707,0.503402758571273,0.));
#11261=DIRECTION('',(-0.867985520536422,-0.496589504660656,0.));
#11262=DIRECTION('center_axis',(-0.999992263231929,0.003933633979352,0.));
#11263=DIRECTION('ref_axis',(-0.003933633979352,-0.99999226323193,0.));
#11264=DIRECTION('',(0.,0.,-1.));
#11265=DIRECTION('',(0.003933633979352,0.99999226323193,0.));
#11266=DIRECTION('',(0.,0.,-1.));
#11267=DIRECTION('center_axis',(-0.496589504660656,0.867985520536422,0.));
#11268=DIRECTION('ref_axis',(-0.867985520536422,-0.496589504660656,0.));
#11269=DIRECTION('',(0.,0.,-1.));
#11270=DIRECTION('',(0.867985520536422,0.496589504660656,0.));
#11271=DIRECTION('center_axis',(0.503402758571273,0.86405188655707,0.));
#11272=DIRECTION('ref_axis',(-0.86405188655707,0.503402758571273,0.));
#11273=DIRECTION('',(0.,0.,-1.));
#11274=DIRECTION('',(0.86405188655707,-0.503402758571273,0.));
#11275=DIRECTION('center_axis',(0.999992263231929,-0.00393363397935183,
0.));
#11276=DIRECTION('ref_axis',(0.00393363397935183,0.99999226323193,0.));
#11277=DIRECTION('',(0.,0.,-1.));
#11278=DIRECTION('',(-0.00393363397935182,-0.99999226323193,0.));
#11279=DIRECTION('center_axis',(0.496589504660656,-0.867985520536422,0.));
#11280=DIRECTION('ref_axis',(0.867985520536422,0.496589504660656,0.));
#11281=DIRECTION('',(0.,0.,-1.));
#11282=DIRECTION('',(-0.867985520536422,-0.496589504660656,0.));
#11283=DIRECTION('center_axis',(-0.503402758571273,-0.86405188655707,0.));
#11284=DIRECTION('ref_axis',(0.86405188655707,-0.503402758571273,0.));
#11285=DIRECTION('',(-0.86405188655707,0.503402758571273,0.));
#11286=DIRECTION('center_axis',(-0.496589504660655,0.867985520536423,0.));
#11287=DIRECTION('ref_axis',(-0.867985520536423,-0.496589504660655,0.));
#11288=DIRECTION('',(0.,0.,-1.));
#11289=DIRECTION('',(0.867985520536423,0.496589504660655,0.));
#11290=DIRECTION('',(0.,0.,-1.));
#11291=DIRECTION('',(0.867985520536423,0.496589504660655,0.));
#11292=DIRECTION('center_axis',(0.,0.,1.));
#11293=DIRECTION('ref_axis',(0.499999999999999,-0.866025403784439,0.));
#11294=DIRECTION('center_axis',(-2.43293708499935E-16,-6.18491266522306E-14,
-1.));
#11295=DIRECTION('ref_axis',(-0.254415841062006,-0.967094917687355,5.92119368632164E-14));
#11296=DIRECTION('center_axis',(0.503402758571274,0.86405188655707,0.));
#11297=DIRECTION('ref_axis',(-0.86405188655707,0.503402758571274,0.));
#11298=DIRECTION('',(0.,0.,-1.));
#11299=DIRECTION('',(0.86405188655707,-0.503402758571275,0.));
#11300=DIRECTION('',(0.86405188655707,-0.503402758571274,0.));
#11301=DIRECTION('center_axis',(0.,0.,1.));
#11302=DIRECTION('ref_axis',(0.499999999999999,-0.866025403784439,0.));
#11303=DIRECTION('center_axis',(-2.88043758536631E-14,-1.19427009967255E-14,
-1.));
#11304=DIRECTION('ref_axis',(-0.964736687119066,-0.263216877358822,3.15796996603812E-14));
#11305=DIRECTION('center_axis',(0.999992263231929,-0.00393363397935359,
0.));
#11306=DIRECTION('ref_axis',(0.00393363397935359,0.999992263231929,0.));
#11307=DIRECTION('',(0.,0.,-1.));
#11308=DIRECTION('',(-0.00393363397935359,-0.99999226323193,0.));
#11309=DIRECTION('',(-0.00393363397935359,-0.999992263231929,0.));
#11310=DIRECTION('center_axis',(0.,0.,1.));
#11311=DIRECTION('ref_axis',(0.499999999999999,-0.866025403784439,0.));
#11312=DIRECTION('center_axis',(0.,0.,-1.));
#11313=DIRECTION('ref_axis',(-0.710320846057086,0.70387804032854,0.));
#11314=DIRECTION('center_axis',(0.496589504660655,-0.867985520536423,0.));
#11315=DIRECTION('ref_axis',(0.867985520536423,0.496589504660655,0.));
#11316=DIRECTION('',(0.,0.,-1.));
#11317=DIRECTION('',(-0.867985520536423,-0.496589504660655,0.));
#11318=DIRECTION('',(-0.867985520536423,-0.496589504660655,0.));
#11319=DIRECTION('center_axis',(0.,0.,1.));
#11320=DIRECTION('ref_axis',(0.499999999999999,-0.866025403784439,0.));
#11321=DIRECTION('center_axis',(0.,0.,-1.));
#11322=DIRECTION('ref_axis',(0.254415841061971,0.967094917687364,0.));
#11323=DIRECTION('center_axis',(-0.503402758571274,-0.86405188655707,0.));
#11324=DIRECTION('ref_axis',(0.86405188655707,-0.503402758571274,0.));
#11325=DIRECTION('',(0.,0.,-1.));
#11326=DIRECTION('',(-0.86405188655707,0.503402758571275,0.));
#11327=DIRECTION('',(-0.86405188655707,0.503402758571274,0.));
#11328=DIRECTION('center_axis',(0.,0.,1.));
#11329=DIRECTION('ref_axis',(0.499999999999999,-0.866025403784439,0.));
#11330=DIRECTION('center_axis',(0.,0.,-1.));
#11331=DIRECTION('ref_axis',(0.964736687119065,0.263216877358825,0.));
#11332=DIRECTION('center_axis',(-0.999992263231929,0.00393363397935359,
0.));
#11333=DIRECTION('ref_axis',(-0.00393363397935359,-0.999992263231929,0.));
#11334=DIRECTION('',(0.00393363397935359,0.99999226323193,0.));
#11335=DIRECTION('',(0.00393363397935359,0.999992263231929,0.));
#11336=DIRECTION('center_axis',(0.,0.,1.));
#11337=DIRECTION('ref_axis',(0.499999999999999,-0.866025403784439,0.));
#11338=DIRECTION('center_axis',(2.86963976494463E-14,-1.21612911276469E-14,
-1.));
#11339=DIRECTION('ref_axis',(0.710320846057074,-0.703878040328552,2.96059684316075E-14));
#11340=DIRECTION('center_axis',(0.,0.,-1.));
#11341=DIRECTION('ref_axis',(-0.499999999999999,0.866025403784439,0.));
#11342=DIRECTION('center_axis',(0.,0.,-1.));
#11343=DIRECTION('ref_axis',(0.499999999999999,-0.86602540378444,0.));
#11344=DIRECTION('center_axis',(0.,0.,-1.));
#11345=DIRECTION('ref_axis',(-0.499999999999999,0.866025403784439,0.));
#11346=DIRECTION('center_axis',(0.,0.,-1.));
#11347=DIRECTION('ref_axis',(0.499999999999999,-0.86602540378444,0.));
#11348=DIRECTION('center_axis',(0.,0.,-1.));
#11349=DIRECTION('ref_axis',(0.499999999999999,-0.866025403784439,0.));
#11350=DIRECTION('center_axis',(0.,0.,-1.));
#11351=DIRECTION('ref_axis',(0.499999999999999,-0.86602540378444,0.));
#11352=DIRECTION('center_axis',(0.,0.,-1.));
#11353=DIRECTION('ref_axis',(0.499999999999999,-0.86602540378444,0.));
#11354=DIRECTION('center_axis',(0.,0.,1.));
#11355=DIRECTION('ref_axis',(-0.499999999999999,0.86602540378444,0.));
#11356=DIRECTION('center_axis',(0.,0.,-1.));
#11357=DIRECTION('ref_axis',(0.499999999999999,-0.86602540378444,0.));
#11358=DIRECTION('center_axis',(0.,0.,-1.));
#11359=DIRECTION('ref_axis',(0.499999999999999,-0.866025403784439,0.));
#11360=DIRECTION('center_axis',(0.,0.,-1.));
#11361=DIRECTION('ref_axis',(-0.499999999999999,0.866025403784439,0.));
#11362=DIRECTION('center_axis',(0.,0.,-1.));
#11363=DIRECTION('ref_axis',(-0.499999999999999,0.866025403784439,0.));
#11364=DIRECTION('center_axis',(0.,0.,-1.));
#11365=DIRECTION('ref_axis',(-0.499999999999999,0.866025403784439,0.));
#11366=DIRECTION('center_axis',(0.,0.,-1.));
#11367=DIRECTION('ref_axis',(-0.499999999999999,0.866025403784439,0.));
#11368=DIRECTION('center_axis',(0.,0.,1.));
#11369=DIRECTION('ref_axis',(-0.499999999999999,0.866025403784439,0.));
#11370=DIRECTION('center_axis',(0.,0.,1.));
#11371=DIRECTION('ref_axis',(0.499999999999999,-0.866025403784439,0.));
#11372=DIRECTION('',(0.353553390593273,-0.612372435695796,0.707106781186546));
#11373=DIRECTION('center_axis',(0.,0.,1.));
#11374=DIRECTION('ref_axis',(0.499999999999999,-0.866025403784439,0.));
#11375=DIRECTION('center_axis',(0.,0.,-1.));
#11376=DIRECTION('ref_axis',(0.499999999999999,-0.866025403784439,0.));
#11377=DIRECTION('',(0.,0.,1.));
#11378=DIRECTION('center_axis',(0.,0.,-1.));
#11379=DIRECTION('ref_axis',(0.499999999999999,-0.866025403784439,0.));
#11380=DIRECTION('center_axis',(0.,0.,-1.));
#11381=DIRECTION('ref_axis',(0.499999999999999,-0.866025403784439,0.));
#11382=DIRECTION('',(0.433012701892218,-0.75,0.5));
#11383=DIRECTION('center_axis',(0.,0.,-1.));
#11384=DIRECTION('ref_axis',(0.499999999999999,-0.866025403784439,0.));
#11385=DIRECTION('center_axis',(0.,0.,-1.));
#11386=DIRECTION('ref_axis',(0.499999999999999,-0.866025403784439,0.));
#11387=DIRECTION('center_axis',(0.,0.,-1.));
#11388=DIRECTION('ref_axis',(0.499999999999999,-0.866025403784439,0.));
#11389=DIRECTION('center_axis',(0.,0.,-1.));
#11390=DIRECTION('ref_axis',(0.499999999999999,-0.866025403784439,0.));
#11391=DIRECTION('',(0.,0.,1.));
#11392=DIRECTION('center_axis',(0.,0.,-1.));
#11393=DIRECTION('ref_axis',(0.499999999999999,-0.866025403784439,0.));
#11394=DIRECTION('center_axis',(0.,0.,-1.));
#11395=DIRECTION('ref_axis',(0.499999999999999,-0.866025403784439,0.));
#11396=DIRECTION('center_axis',(-0.503402758571276,-0.864051886557069,0.));
#11397=DIRECTION('ref_axis',(0.864051886557069,-0.503402758571276,0.));
#11398=DIRECTION('',(0.,0.,-1.));
#11399=DIRECTION('',(-0.864051886557069,0.503402758571276,0.));
#11400=DIRECTION('',(0.,0.,-1.));
#11401=DIRECTION('',(-0.864051886557069,0.503402758571276,0.));
#11402=DIRECTION('center_axis',(0.,0.,1.));
#11403=DIRECTION('ref_axis',(0.500000000000003,0.866025403784437,0.));
#11404=DIRECTION('center_axis',(0.,0.,-1.));
#11405=DIRECTION('ref_axis',(0.964736687119063,0.263216877358836,0.));
#11406=DIRECTION('center_axis',(-0.999992263231929,0.00393363397935514,
0.));
#11407=DIRECTION('ref_axis',(-0.00393363397935514,-0.999992263231929,0.));
#11408=DIRECTION('',(0.,0.,-1.));
#11409=DIRECTION('',(0.00393363397935515,0.99999226323193,0.));
#11410=DIRECTION('',(0.00393363397935514,0.999992263231929,0.));
#11411=DIRECTION('center_axis',(0.,0.,1.));
#11412=DIRECTION('ref_axis',(0.500000000000003,0.866025403784437,0.));
#11413=DIRECTION('center_axis',(0.,0.,-1.));
#11414=DIRECTION('ref_axis',(0.710320846057064,-0.703878040328562,0.));
#11415=DIRECTION('center_axis',(-0.496589504660653,0.867985520536424,0.));
#11416=DIRECTION('ref_axis',(-0.867985520536424,-0.496589504660653,0.));
#11417=DIRECTION('',(0.,0.,-1.));
#11418=DIRECTION('',(0.867985520536424,0.496589504660653,0.));
#11419=DIRECTION('',(0.867985520536424,0.496589504660653,0.));
#11420=DIRECTION('center_axis',(0.,0.,1.));
#11421=DIRECTION('ref_axis',(0.500000000000003,0.866025403784437,0.));
#11422=DIRECTION('center_axis',(-2.43293708499755E-16,-6.18491266522302E-14,
-1.));
#11423=DIRECTION('ref_axis',(-0.254415841062006,-0.967094917687355,5.9211936863219E-14));
#11424=DIRECTION('center_axis',(0.503402758571276,0.864051886557069,0.));
#11425=DIRECTION('ref_axis',(-0.864051886557069,0.503402758571276,0.));
#11426=DIRECTION('',(0.,0.,-1.));
#11427=DIRECTION('',(0.864051886557069,-0.503402758571276,0.));
#11428=DIRECTION('',(0.864051886557069,-0.503402758571276,0.));
#11429=DIRECTION('center_axis',(0.,0.,1.));
#11430=DIRECTION('ref_axis',(0.500000000000003,0.866025403784437,0.));
#11431=DIRECTION('center_axis',(0.,0.,-1.));
#11432=DIRECTION('ref_axis',(-0.964736687119063,-0.263216877358835,0.));
#11433=DIRECTION('center_axis',(0.999992263231929,-0.00393363397935514,
0.));
#11434=DIRECTION('ref_axis',(0.00393363397935514,0.999992263231929,0.));
#11435=DIRECTION('',(0.,0.,-1.));
#11436=DIRECTION('',(-0.00393363397935515,-0.99999226323193,0.));
#11437=DIRECTION('',(-0.00393363397935514,-0.999992263231929,0.));
#11438=DIRECTION('center_axis',(0.,0.,1.));
#11439=DIRECTION('ref_axis',(0.500000000000003,0.866025403784437,0.));
#11440=DIRECTION('center_axis',(2.47448703796375E-14,-1.89739707309719E-14,
-1.));
#11441=DIRECTION('ref_axis',(-0.7103208460571,0.703878040328526,-3.1579699660376E-14));
#11442=DIRECTION('center_axis',(0.496589504660653,-0.867985520536424,0.));
#11443=DIRECTION('ref_axis',(0.867985520536424,0.496589504660653,0.));
#11444=DIRECTION('',(-0.867985520536424,-0.496589504660653,0.));
#11445=DIRECTION('',(-0.867985520536424,-0.496589504660653,0.));
#11446=DIRECTION('center_axis',(0.,0.,1.));
#11447=DIRECTION('ref_axis',(0.500000000000003,0.866025403784437,0.));
#11448=DIRECTION('center_axis',(-4.05950547386419E-15,-3.09166717273201E-14,
-1.));
#11449=DIRECTION('ref_axis',(0.254415841061972,0.967094917687364,-3.15796996603782E-14));
#11450=DIRECTION('center_axis',(0.,0.,-1.));
#11451=DIRECTION('ref_axis',(-0.500000000000003,-0.866025403784437,0.));
#11452=DIRECTION('center_axis',(0.,0.,-1.));
#11453=DIRECTION('ref_axis',(0.500000000000003,0.866025403784437,0.));
#11454=DIRECTION('center_axis',(0.,0.,-1.));
#11455=DIRECTION('ref_axis',(-0.500000000000003,-0.866025403784437,0.));
#11456=DIRECTION('center_axis',(0.,0.,-1.));
#11457=DIRECTION('ref_axis',(0.500000000000003,0.866025403784437,0.));
#11458=DIRECTION('center_axis',(0.,0.,-1.));
#11459=DIRECTION('ref_axis',(0.500000000000003,0.866025403784437,0.));
#11460=DIRECTION('center_axis',(0.,0.,-1.));
#11461=DIRECTION('ref_axis',(0.500000000000003,0.866025403784437,0.));
#11462=DIRECTION('center_axis',(0.,0.,-1.));
#11463=DIRECTION('ref_axis',(0.500000000000003,0.866025403784437,0.));
#11464=DIRECTION('center_axis',(0.,0.,1.));
#11465=DIRECTION('ref_axis',(-0.500000000000003,-0.866025403784437,0.));
#11466=DIRECTION('center_axis',(0.,0.,-1.));
#11467=DIRECTION('ref_axis',(0.500000000000003,0.866025403784437,0.));
#11468=DIRECTION('center_axis',(0.,0.,-1.));
#11469=DIRECTION('ref_axis',(0.500000000000003,0.866025403784437,0.));
#11470=DIRECTION('center_axis',(0.,0.,-1.));
#11471=DIRECTION('ref_axis',(-0.500000000000003,-0.866025403784437,0.));
#11472=DIRECTION('center_axis',(0.,0.,-1.));
#11473=DIRECTION('ref_axis',(-0.500000000000003,-0.866025403784437,0.));
#11474=DIRECTION('center_axis',(0.,0.,-1.));
#11475=DIRECTION('ref_axis',(-0.500000000000003,-0.866025403784437,0.));
#11476=DIRECTION('center_axis',(0.,0.,-1.));
#11477=DIRECTION('ref_axis',(-0.500000000000003,-0.866025403784437,0.));
#11478=DIRECTION('center_axis',(0.,0.,1.));
#11479=DIRECTION('ref_axis',(-0.500000000000003,-0.866025403784437,0.));
#11480=DIRECTION('center_axis',(0.,0.,1.));
#11481=DIRECTION('ref_axis',(0.500000000000003,0.866025403784437,0.));
#11482=DIRECTION('',(0.353553390593276,0.612372435695794,0.707106781186546));
#11483=DIRECTION('center_axis',(0.,0.,1.));
#11484=DIRECTION('ref_axis',(0.500000000000003,0.866025403784437,0.));
#11485=DIRECTION('center_axis',(0.,0.,-1.));
#11486=DIRECTION('ref_axis',(0.500000000000003,0.866025403784437,0.));
#11487=DIRECTION('',(0.,0.,1.));
#11488=DIRECTION('center_axis',(0.,0.,-1.));
#11489=DIRECTION('ref_axis',(0.500000000000003,0.866025403784437,0.));
#11490=DIRECTION('center_axis',(0.,0.,-1.));
#11491=DIRECTION('ref_axis',(0.500000000000003,0.866025403784437,0.));
#11492=DIRECTION('',(0.433012701892222,0.749999999999998,0.5));
#11493=DIRECTION('center_axis',(0.,0.,-1.));
#11494=DIRECTION('ref_axis',(0.500000000000003,0.866025403784437,0.));
#11495=DIRECTION('center_axis',(0.,0.,-1.));
#11496=DIRECTION('ref_axis',(0.500000000000003,0.866025403784437,0.));
#11497=DIRECTION('center_axis',(0.,0.,-1.));
#11498=DIRECTION('ref_axis',(0.500000000000002,0.866025403784437,0.));
#11499=DIRECTION('center_axis',(0.,0.,-1.));
#11500=DIRECTION('ref_axis',(0.500000000000002,0.866025403784437,0.));
#11501=DIRECTION('',(0.,0.,1.));
#11502=DIRECTION('center_axis',(0.,0.,-1.));
#11503=DIRECTION('ref_axis',(0.500000000000002,0.866025403784437,0.));
#11504=DIRECTION('center_axis',(0.,0.,-1.));
#11505=DIRECTION('ref_axis',(0.500000000000003,0.866025403784437,0.));
#11506=DIRECTION('center_axis',(0.,0.,1.));
#11507=DIRECTION('ref_axis',(1.,0.,0.));
#11508=DIRECTION('center_axis',(0.,0.,1.));
#11509=DIRECTION('ref_axis',(0.500000000000001,-0.866025403784438,0.));
#11510=DIRECTION('center_axis',(0.,0.,-1.));
#11511=DIRECTION('ref_axis',(-0.499999999999999,-0.866025403784439,0.));
#11512=DIRECTION('center_axis',(0.,0.,1.));
#11513=DIRECTION('ref_axis',(-0.499999999999999,-0.866025403784439,0.));
#11514=DIRECTION('center_axis',(0.,0.,-1.));
#11515=DIRECTION('ref_axis',(-1.,0.,0.));
#11516=DIRECTION('center_axis',(0.,0.,1.));
#11517=DIRECTION('ref_axis',(-1.,2.31296463463574E-16,0.));
#11518=DIRECTION('center_axis',(0.,0.,-1.));
#11519=DIRECTION('ref_axis',(-0.500000000000003,0.866025403784437,0.));
#11520=DIRECTION('center_axis',(0.,0.,1.));
#11521=DIRECTION('ref_axis',(-0.500000000000002,0.866025403784437,0.));
#11522=DIRECTION('center_axis',(0.,0.,-1.));
#11523=DIRECTION('ref_axis',(0.5,0.866025403784438,0.));
#11524=DIRECTION('center_axis',(0.,0.,1.));
#11525=DIRECTION('ref_axis',(0.500000000000001,0.866025403784438,0.));
#11526=DIRECTION('center_axis',(0.,0.,-1.));
#11527=DIRECTION('ref_axis',(1.,0.,0.));
#11528=DIRECTION('center_axis',(0.,0.,1.));
#11529=DIRECTION('ref_axis',(1.,0.,0.));
#11530=DIRECTION('center_axis',(0.,0.,-1.));
#11531=DIRECTION('ref_axis',(1.,0.,0.));
#11532=DIRECTION('center_axis',(0.,0.,1.));
#11533=DIRECTION('ref_axis',(1.,0.,0.));
#11534=DIRECTION('center_axis',(0.,0.,1.));
#11535=DIRECTION('ref_axis',(1.,0.,0.));
#11536=DIRECTION('center_axis',(0.,0.,1.));
#11537=DIRECTION('ref_axis',(1.,0.,0.));
#11538=DIRECTION('center_axis',(0.,0.,1.));
#11539=DIRECTION('ref_axis',(1.,0.,0.));
#11540=DIRECTION('center_axis',(0.,0.,1.));
#11541=DIRECTION('ref_axis',(1.,0.,0.));
#11542=DIRECTION('center_axis',(0.,0.,1.));
#11543=DIRECTION('ref_axis',(1.,0.,0.));
#11544=DIRECTION('center_axis',(0.,0.,-1.));
#11545=DIRECTION('ref_axis',(1.,0.,0.));
#11546=DIRECTION('center_axis',(0.,0.,1.));
#11547=DIRECTION('ref_axis',(1.,0.,0.));
#11548=DIRECTION('center_axis',(0.,0.,1.));
#11549=DIRECTION('ref_axis',(0.500000000000001,-0.866025403784438,0.));
#11550=DIRECTION('center_axis',(0.,0.,-1.));
#11551=DIRECTION('ref_axis',(1.,0.,0.));
#11552=DIRECTION('center_axis',(0.,0.,1.));
#11553=DIRECTION('ref_axis',(1.,0.,0.));
#11554=DIRECTION('center_axis',(0.,0.,-1.));
#11555=DIRECTION('ref_axis',(1.,0.,0.));
#11556=DIRECTION('center_axis',(0.,0.,1.));
#11557=DIRECTION('ref_axis',(0.500000000000001,0.866025403784438,0.));
#11558=DIRECTION('center_axis',(0.,0.,-1.));
#11559=DIRECTION('ref_axis',(0.5,0.866025403784438,0.));
#11560=DIRECTION('center_axis',(0.,0.,1.));
#11561=DIRECTION('ref_axis',(-0.500000000000002,0.866025403784437,0.));
#11562=DIRECTION('center_axis',(0.,0.,-1.));
#11563=DIRECTION('ref_axis',(-0.500000000000003,0.866025403784437,0.));
#11564=DIRECTION('center_axis',(0.,0.,1.));
#11565=DIRECTION('ref_axis',(-1.,2.31296463463574E-16,0.));
#11566=DIRECTION('center_axis',(0.,0.,-1.));
#11567=DIRECTION('ref_axis',(-1.,0.,0.));
#11568=DIRECTION('center_axis',(0.,0.,1.));
#11569=DIRECTION('ref_axis',(-0.499999999999999,-0.866025403784439,0.));
#11570=DIRECTION('center_axis',(0.,0.,-1.));
#11571=DIRECTION('ref_axis',(-0.499999999999999,-0.866025403784439,0.));
#11572=DIRECTION('center_axis',(0.,0.,-1.));
#11573=DIRECTION('ref_axis',(1.,0.,0.));
#11574=DIRECTION('center_axis',(0.,0.,1.));
#11575=DIRECTION('ref_axis',(1.,0.,0.));
#11576=DIRECTION('center_axis',(0.,0.,1.));
#11577=DIRECTION('ref_axis',(1.,0.,0.));
#11578=DIRECTION('center_axis',(0.,0.,1.));
#11579=DIRECTION('ref_axis',(1.,0.,0.));
#11580=DIRECTION('center_axis',(0.,0.,1.));
#11581=DIRECTION('ref_axis',(1.,0.,0.));
#11582=DIRECTION('center_axis',(0.,0.,1.));
#11583=DIRECTION('ref_axis',(1.,0.,0.));
#11584=DIRECTION('center_axis',(0.,0.,1.));
#11585=DIRECTION('ref_axis',(1.,0.,0.));
#11586=DIRECTION('center_axis',(0.,0.,1.));
#11587=DIRECTION('ref_axis',(1.,0.,0.));
#11588=DIRECTION('',(0.,0.,1.));
#11589=DIRECTION('',(0.,0.,1.));
#11590=DIRECTION('center_axis',(0.,0.,1.));
#11591=DIRECTION('ref_axis',(1.,0.,0.));
#11592=DIRECTION('',(0.,0.,1.));
#11593=DIRECTION('center_axis',(0.,0.,1.));
#11594=DIRECTION('ref_axis',(-1.,-9.7577161487099E-14,0.));
#11595=DIRECTION('',(0.,0.,1.));
#11596=DIRECTION('center_axis',(0.,0.,1.));
#11597=DIRECTION('ref_axis',(1.,0.,0.));
#11598=DIRECTION('',(0.,0.,1.));
#11599=DIRECTION('center_axis',(0.,0.,1.));
#11600=DIRECTION('ref_axis',(1.,0.,0.));
#11601=DIRECTION('',(0.,0.,1.));
#11602=DIRECTION('center_axis',(0.,0.,1.));
#11603=DIRECTION('ref_axis',(1.,0.,0.));
#11604=DIRECTION('',(0.,0.,1.));
#11605=DIRECTION('center_axis',(0.,0.,1.));
#11606=DIRECTION('ref_axis',(1.,0.,0.));
#11607=DIRECTION('',(0.,0.,1.));
#11608=DIRECTION('center_axis',(0.,0.,1.));
#11609=DIRECTION('ref_axis',(-0.866025403784959,-0.499999999999099,0.));
#11610=DIRECTION('',(0.,0.,1.));
#11611=DIRECTION('center_axis',(0.,0.,1.));
#11612=DIRECTION('ref_axis',(1.,0.,0.));
#11613=DIRECTION('',(0.,0.,1.));
#11614=DIRECTION('center_axis',(0.,0.,1.));
#11615=DIRECTION('ref_axis',(-0.866025403783912,0.500000000000913,0.));
#11616=DIRECTION('',(0.,0.,1.));
#11617=DIRECTION('center_axis',(0.,0.,1.));
#11618=DIRECTION('ref_axis',(1.,0.,0.));
#11619=DIRECTION('',(0.,0.,1.));
#11620=DIRECTION('center_axis',(0.,0.,1.));
#11621=DIRECTION('ref_axis',(1.,0.,0.));
#11622=DIRECTION('center_axis',(0.,0.,1.));
#11623=DIRECTION('ref_axis',(1.,0.,0.));
#11624=DIRECTION('',(0.,0.,1.));
#11625=DIRECTION('center_axis',(0.,0.,1.));
#11626=DIRECTION('ref_axis',(1.,0.,0.));
#11627=DIRECTION('center_axis',(0.,0.,1.));
#11628=DIRECTION('ref_axis',(1.,0.,0.));
#11629=DIRECTION('',(0.,0.,-1.));
#11630=DIRECTION('center_axis',(0.,0.,1.));
#11631=DIRECTION('ref_axis',(1.,0.,0.));
#11632=DIRECTION('',(0.,0.,-1.));
#11633=DIRECTION('center_axis',(0.,0.,1.));
#11634=DIRECTION('ref_axis',(0.5,0.866025403784439,0.));
#11635=DIRECTION('center_axis',(0.,0.,1.));
#11636=DIRECTION('ref_axis',(0.5,0.866025403784439,0.));
#11637=DIRECTION('',(0.,0.,-1.));
#11638=DIRECTION('center_axis',(0.,0.,1.));
#11639=DIRECTION('ref_axis',(0.5,0.866025403784439,0.));
#11640=DIRECTION('',(0.,0.,-1.));
#11641=DIRECTION('center_axis',(0.,0.,1.));
#11642=DIRECTION('ref_axis',(-0.499999999999998,0.86602540378444,0.));
#11643=DIRECTION('center_axis',(0.,0.,1.));
#11644=DIRECTION('ref_axis',(-0.499999999999998,0.86602540378444,0.));
#11645=DIRECTION('',(0.,0.,-1.));
#11646=DIRECTION('center_axis',(0.,0.,1.));
#11647=DIRECTION('ref_axis',(-0.499999999999998,0.86602540378444,0.));
#11648=DIRECTION('',(0.,0.,-1.));
#11649=DIRECTION('center_axis',(0.,0.,1.));
#11650=DIRECTION('ref_axis',(-1.,0.,0.));
#11651=DIRECTION('center_axis',(0.,0.,1.));
#11652=DIRECTION('ref_axis',(-1.,0.,0.));
#11653=DIRECTION('',(0.,0.,-1.));
#11654=DIRECTION('center_axis',(0.,0.,1.));
#11655=DIRECTION('ref_axis',(-1.,0.,0.));
#11656=DIRECTION('',(0.,0.,-1.));
#11657=DIRECTION('center_axis',(0.,0.,1.));
#11658=DIRECTION('ref_axis',(-0.500000000000003,-0.866025403784437,0.));
#11659=DIRECTION('center_axis',(0.,0.,1.));
#11660=DIRECTION('ref_axis',(-0.500000000000003,-0.866025403784437,0.));
#11661=DIRECTION('',(0.,0.,-1.));
#11662=DIRECTION('center_axis',(0.,0.,1.));
#11663=DIRECTION('ref_axis',(-0.500000000000003,-0.866025403784437,0.));
#11664=DIRECTION('',(0.,0.,-1.));
#11665=DIRECTION('center_axis',(0.,0.,1.));
#11666=DIRECTION('ref_axis',(0.499999999999997,-0.86602540378444,0.));
#11667=DIRECTION('center_axis',(0.,0.,1.));
#11668=DIRECTION('ref_axis',(0.499999999999997,-0.86602540378444,0.));
#11669=DIRECTION('',(0.,0.,-1.));
#11670=DIRECTION('center_axis',(0.,0.,1.));
#11671=DIRECTION('ref_axis',(0.499999999999997,-0.86602540378444,0.));
#11672=DIRECTION('',(0.,0.,-1.));
#11673=DIRECTION('center_axis',(-0.866025403784439,-0.5,0.));
#11674=DIRECTION('ref_axis',(-0.5,0.866025403784439,0.));
#11675=DIRECTION('',(0.,0.,1.));
#11676=DIRECTION('',(0.,0.,1.));
#11677=DIRECTION('',(0.5,-0.866025403784439,0.));
#11678=DIRECTION('center_axis',(-0.866025403784439,0.5,0.));
#11679=DIRECTION('ref_axis',(0.5,0.866025403784439,0.));
#11680=DIRECTION('',(0.,0.,1.));
#11681=DIRECTION('',(-0.5,-0.866025403784439,0.));
#11682=DIRECTION('center_axis',(3.33847688608258E-16,1.,0.));
#11683=DIRECTION('ref_axis',(1.,-3.33847688608258E-16,0.));
#11684=DIRECTION('',(0.,0.,1.));
#11685=DIRECTION('',(-1.,3.33847688608258E-16,0.));
#11686=DIRECTION('center_axis',(0.866025403784439,0.5,0.));
#11687=DIRECTION('ref_axis',(0.5,-0.866025403784439,0.));
#11688=DIRECTION('',(0.,0.,1.));
#11689=DIRECTION('',(-0.5,0.866025403784439,0.));
#11690=DIRECTION('center_axis',(0.866025403784439,-0.5,0.));
#11691=DIRECTION('ref_axis',(-0.5,-0.866025403784439,0.));
#11692=DIRECTION('',(0.,0.,1.));
#11693=DIRECTION('',(0.5,0.866025403784439,0.));
#11694=DIRECTION('center_axis',(0.,-1.,0.));
#11695=DIRECTION('ref_axis',(0.,0.,-1.));
#11696=DIRECTION('',(1.,0.,0.));
#11697=DIRECTION('center_axis',(0.,0.,-1.));
#11698=DIRECTION('ref_axis',(1.,0.,0.));
#11699=DIRECTION('',(0.866025403784439,-1.06057523872491E-16,0.5));
#11700=DIRECTION('center_axis',(0.,0.,1.));
#11701=DIRECTION('ref_axis',(-1.,0.,0.));
#11702=DIRECTION('center_axis',(0.,0.,1.));
#11703=DIRECTION('ref_axis',(-1.,0.,0.));
#11704=DIRECTION('center_axis',(0.866025403784438,-0.500000000000002,0.));
#11705=DIRECTION('ref_axis',(-0.500000000000002,-0.866025403784438,0.));
#11706=DIRECTION('',(0.,0.,1.));
#11707=DIRECTION('',(0.,0.,1.));
#11708=DIRECTION('',(0.500000000000002,0.866025403784438,0.));
#11709=DIRECTION('center_axis',(-1.4432899320127E-15,-1.,0.));
#11710=DIRECTION('ref_axis',(-1.,1.4432899320127E-15,0.));
#11711=DIRECTION('',(0.,0.,1.));
#11712=DIRECTION('',(1.,-1.4432899320127E-15,0.));
#11713=DIRECTION('center_axis',(-0.86602540378444,-0.499999999999998,0.));
#11714=DIRECTION('ref_axis',(-0.499999999999998,0.86602540378444,0.));
#11715=DIRECTION('',(0.,0.,1.));
#11716=DIRECTION('',(0.499999999999998,-0.86602540378444,0.));
#11717=DIRECTION('center_axis',(-0.866025403784438,0.500000000000002,0.));
#11718=DIRECTION('ref_axis',(0.500000000000002,0.866025403784438,0.));
#11719=DIRECTION('',(0.,0.,1.));
#11720=DIRECTION('',(-0.500000000000002,-0.866025403784438,0.));
#11721=DIRECTION('center_axis',(1.4432899320127E-15,1.,0.));
#11722=DIRECTION('ref_axis',(1.,-1.4432899320127E-15,0.));
#11723=DIRECTION('',(0.,0.,1.));
#11724=DIRECTION('',(-1.,1.4432899320127E-15,0.));
#11725=DIRECTION('center_axis',(0.866025403784439,0.499999999999999,0.));
#11726=DIRECTION('ref_axis',(0.,0.,-1.));
#11727=DIRECTION('',(-0.499999999999999,0.866025403784439,0.));
#11728=DIRECTION('center_axis',(0.,0.,-1.));
#11729=DIRECTION('ref_axis',(-0.499999999999999,0.866025403784439,0.));
#11730=DIRECTION('',(-0.433012701892218,0.750000000000001,0.5));
#11731=DIRECTION('center_axis',(0.,0.,1.));
#11732=DIRECTION('ref_axis',(0.499999999999999,-0.866025403784439,0.));
#11733=DIRECTION('center_axis',(0.,0.,1.));
#11734=DIRECTION('ref_axis',(0.499999999999999,-0.866025403784439,0.));
#11735=DIRECTION('center_axis',(3.27515792264421E-15,1.,0.));
#11736=DIRECTION('ref_axis',(1.,-3.27515792264421E-15,0.));
#11737=DIRECTION('',(0.,0.,1.));
#11738=DIRECTION('',(0.,0.,1.));
#11739=DIRECTION('',(-1.,3.27515792264421E-15,0.));
#11740=DIRECTION('center_axis',(0.86602540378444,0.499999999999998,0.));
#11741=DIRECTION('ref_axis',(0.499999999999998,-0.86602540378444,0.));
#11742=DIRECTION('',(0.,0.,1.));
#11743=DIRECTION('',(-0.499999999999998,0.86602540378444,0.));
#11744=DIRECTION('center_axis',(0.866025403784437,-0.500000000000003,0.));
#11745=DIRECTION('ref_axis',(-0.500000000000003,-0.866025403784437,0.));
#11746=DIRECTION('',(0.,0.,1.));
#11747=DIRECTION('',(0.500000000000003,0.866025403784437,0.));
#11748=DIRECTION('center_axis',(-3.27515792264421E-15,-1.,0.));
#11749=DIRECTION('ref_axis',(-1.,3.27515792264421E-15,0.));
#11750=DIRECTION('',(0.,0.,1.));
#11751=DIRECTION('',(1.,-3.27515792264421E-15,0.));
#11752=DIRECTION('center_axis',(-0.86602540378444,-0.499999999999998,0.));
#11753=DIRECTION('ref_axis',(-0.499999999999998,0.86602540378444,0.));
#11754=DIRECTION('',(0.,0.,1.));
#11755=DIRECTION('',(0.499999999999998,-0.86602540378444,0.));
#11756=DIRECTION('center_axis',(-0.866025403784437,0.500000000000003,0.));
#11757=DIRECTION('ref_axis',(0.,0.,-1.));
#11758=DIRECTION('',(-0.500000000000003,-0.866025403784437,0.));
#11759=DIRECTION('center_axis',(0.,0.,-1.));
#11760=DIRECTION('ref_axis',(-0.500000000000003,-0.866025403784437,0.));
#11761=DIRECTION('',(-0.433012701892222,-0.749999999999998,0.5));
#11762=DIRECTION('center_axis',(0.,0.,1.));
#11763=DIRECTION('ref_axis',(0.500000000000003,0.866025403784437,0.));
#11764=DIRECTION('center_axis',(0.,0.,1.));
#11765=DIRECTION('ref_axis',(0.500000000000003,0.866025403784437,0.));
#11766=DIRECTION('center_axis',(0.,0.,1.));
#11767=DIRECTION('ref_axis',(0.500000000000003,0.866025403784437,0.));
#11768=DIRECTION('center_axis',(0.,0.,-1.));
#11769=DIRECTION('ref_axis',(0.500000000000003,0.866025403784437,0.));
#11770=DIRECTION('',(0.,0.,-1.));
#11771=DIRECTION('center_axis',(0.,0.,1.));
#11772=DIRECTION('ref_axis',(0.500000000000003,0.866025403784437,0.));
#11773=DIRECTION('center_axis',(0.,0.,-1.));
#11774=DIRECTION('ref_axis',(0.500000000000003,0.866025403784437,0.));
#11775=DIRECTION('center_axis',(0.,0.,1.));
#11776=DIRECTION('ref_axis',(0.500000000000003,0.866025403784437,0.));
#11777=DIRECTION('',(0.433012701892222,0.749999999999998,-0.5));
#11778=DIRECTION('center_axis',(0.,0.,1.));
#11779=DIRECTION('ref_axis',(0.500000000000003,0.866025403784437,0.));
#11780=DIRECTION('center_axis',(0.,0.,1.));
#11781=DIRECTION('ref_axis',(0.500000000000003,0.866025403784437,0.));
#11782=DIRECTION('center_axis',(0.,0.,1.));
#11783=DIRECTION('ref_axis',(0.500000000000002,0.866025403784437,0.));
#11784=DIRECTION('center_axis',(0.,0.,1.));
#11785=DIRECTION('ref_axis',(0.500000000000002,0.866025403784437,0.));
#11786=DIRECTION('',(0.,0.,-1.));
#11787=DIRECTION('center_axis',(0.,0.,1.));
#11788=DIRECTION('ref_axis',(0.500000000000002,0.866025403784437,0.));
#11789=DIRECTION('center_axis',(0.,0.,1.));
#11790=DIRECTION('ref_axis',(0.500000000000003,0.866025403784437,0.));
#11791=DIRECTION('center_axis',(0.,0.,-1.));
#11792=DIRECTION('ref_axis',(-0.500000000000003,-0.866025403784437,0.));
#11793=DIRECTION('',(0.353553390593277,0.612372435695794,-0.707106781186546));
#11794=DIRECTION('center_axis',(0.,0.,1.));
#11795=DIRECTION('ref_axis',(0.500000000000003,0.866025403784437,0.));
#11796=DIRECTION('center_axis',(0.,0.,1.));
#11797=DIRECTION('ref_axis',(-0.500000000000003,-0.866025403784437,0.));
#11798=DIRECTION('center_axis',(0.,0.,1.));
#11799=DIRECTION('ref_axis',(0.500000000000003,0.866025403784437,0.));
#11800=DIRECTION('center_axis',(0.,0.,1.));
#11801=DIRECTION('ref_axis',(-0.500000000000003,-0.866025403784437,0.));
#11802=DIRECTION('center_axis',(0.,0.,1.));
#11803=DIRECTION('ref_axis',(0.500000000000003,0.866025403784437,0.));
#11804=DIRECTION('center_axis',(0.,0.,1.));
#11805=DIRECTION('ref_axis',(-0.500000000000003,-0.866025403784437,0.));
#11806=DIRECTION('center_axis',(0.,0.,-1.));
#11807=DIRECTION('ref_axis',(-0.500000000000003,-0.866025403784437,0.));
#11808=DIRECTION('center_axis',(0.,0.,1.));
#11809=DIRECTION('ref_axis',(-0.500000000000003,-0.866025403784437,0.));
#11810=DIRECTION('center_axis',(0.,0.,1.));
#11811=DIRECTION('ref_axis',(0.500000000000003,0.866025403784437,0.));
#11812=DIRECTION('center_axis',(0.,0.,1.));
#11813=DIRECTION('ref_axis',(-0.500000000000003,-0.866025403784437,0.));
#11814=DIRECTION('center_axis',(0.,0.,1.));
#11815=DIRECTION('ref_axis',(0.500000000000003,0.866025403784437,0.));
#11816=DIRECTION('center_axis',(0.,0.,1.));
#11817=DIRECTION('ref_axis',(-0.500000000000003,-0.866025403784437,0.));
#11818=DIRECTION('center_axis',(0.,0.,1.));
#11819=DIRECTION('ref_axis',(0.500000000000003,0.866025403784437,0.));
#11820=DIRECTION('center_axis',(0.,0.,-1.));
#11821=DIRECTION('ref_axis',(0.500000000000003,0.866025403784437,0.));
#11822=DIRECTION('center_axis',(2.48801858839967E-14,-1.87711637976484E-14,
1.));
#11823=DIRECTION('ref_axis',(-0.964736687119055,0.263216877358862,2.96059684316043E-14));
#11824=DIRECTION('center_axis',(0.,0.,-1.));
#11825=DIRECTION('ref_axis',(0.500000000000003,0.866025403784437,0.));
#11826=DIRECTION('center_axis',(0.,0.,1.));
#11827=DIRECTION('ref_axis',(-0.254415841061951,0.96709491768737,0.));
#11828=DIRECTION('center_axis',(0.,0.,-1.));
#11829=DIRECTION('ref_axis',(0.500000000000003,0.866025403784437,0.));
#11830=DIRECTION('center_axis',(0.,0.,1.));
#11831=DIRECTION('ref_axis',(0.71032084605709,0.703878040328536,0.));
#11832=DIRECTION('center_axis',(0.,0.,-1.));
#11833=DIRECTION('ref_axis',(0.500000000000003,0.866025403784437,0.));
#11834=DIRECTION('center_axis',(0.,0.,1.));
#11835=DIRECTION('ref_axis',(0.964736687119068,-0.263216877358816,0.));
#11836=DIRECTION('center_axis',(0.,0.,-1.));
#11837=DIRECTION('ref_axis',(0.500000000000003,0.866025403784437,0.));
#11838=DIRECTION('center_axis',(0.,0.,1.));
#11839=DIRECTION('ref_axis',(-0.710320846057103,-0.703878040328523,0.));
#11840=DIRECTION('center_axis',(0.,0.,-1.));
#11841=DIRECTION('ref_axis',(0.500000000000003,0.866025403784437,0.));
#11842=DIRECTION('center_axis',(0.,0.,1.));
#11843=DIRECTION('ref_axis',(0.254415841062006,-0.967094917687355,0.));
#11844=DIRECTION('center_axis',(0.,0.,1.));
#11845=DIRECTION('ref_axis',(0.500000000000003,0.866025403784437,0.));
#11846=DIRECTION('',(0.867985520536421,-0.496589504660659,0.));
#11847=DIRECTION('',(0.00393363397934887,-0.999992263231929,0.));
#11848=DIRECTION('',(-0.864051886557072,-0.50340275857127,0.));
#11849=DIRECTION('',(-0.867985520536421,0.496589504660659,0.));
#11850=DIRECTION('',(-0.00393363397934887,0.999992263231929,0.));
#11851=DIRECTION('',(0.864051886557072,0.50340275857127,0.));
#11852=DIRECTION('center_axis',(0.496589504660659,0.867985520536421,0.));
#11853=DIRECTION('ref_axis',(0.867985520536421,-0.496589504660659,0.));
#11854=DIRECTION('',(0.,0.,1.));
#11855=DIRECTION('',(-0.867985520536421,0.496589504660659,0.));
#11856=DIRECTION('',(0.,0.,1.));
#11857=DIRECTION('center_axis',(-0.50340275857127,0.864051886557072,0.));
#11858=DIRECTION('ref_axis',(0.864051886557072,0.50340275857127,0.));
#11859=DIRECTION('',(0.,0.,1.));
#11860=DIRECTION('',(-0.864051886557072,-0.503402758571271,0.));
#11861=DIRECTION('center_axis',(-0.999992263231929,-0.00393363397934887,
0.));
#11862=DIRECTION('ref_axis',(-0.00393363397934887,0.999992263231929,0.));
#11863=DIRECTION('',(0.,0.,1.));
#11864=DIRECTION('',(0.00393363397934887,-0.99999226323193,0.));
#11865=DIRECTION('center_axis',(-0.496589504660659,-0.867985520536421,0.));
#11866=DIRECTION('ref_axis',(-0.867985520536421,0.496589504660659,0.));
#11867=DIRECTION('',(0.,0.,1.));
#11868=DIRECTION('',(0.867985520536421,-0.496589504660659,0.));
#11869=DIRECTION('center_axis',(0.50340275857127,-0.864051886557072,0.));
#11870=DIRECTION('ref_axis',(-0.864051886557072,-0.50340275857127,0.));
#11871=DIRECTION('',(0.,0.,1.));
#11872=DIRECTION('',(0.864051886557072,0.503402758571271,0.));
#11873=DIRECTION('center_axis',(0.999992263231929,0.00393363397934887,0.));
#11874=DIRECTION('ref_axis',(0.00393363397934887,-0.999992263231929,0.));
#11875=DIRECTION('',(-0.00393363397934887,0.99999226323193,0.));
#11876=DIRECTION('center_axis',(0.999992263231929,0.00393363397935183,0.));
#11877=DIRECTION('ref_axis',(0.00393363397935183,-0.99999226323193,0.));
#11878=DIRECTION('',(0.,0.,1.));
#11879=DIRECTION('',(-0.00393363397935182,0.99999226323193,0.));
#11880=DIRECTION('',(0.,0.,1.));
#11881=DIRECTION('',(-0.00393363397935183,0.999992263231929,0.));
#11882=DIRECTION('center_axis',(0.,0.,-1.));
#11883=DIRECTION('ref_axis',(-1.,0.,0.));
#11884=DIRECTION('center_axis',(0.,0.,1.));
#11885=DIRECTION('ref_axis',(-0.710320846057081,-0.703878040328545,0.));
#11886=DIRECTION('center_axis',(0.496589504660656,0.867985520536422,0.));
#11887=DIRECTION('ref_axis',(0.867985520536422,-0.496589504660656,0.));
#11888=DIRECTION('',(0.,0.,1.));
#11889=DIRECTION('',(-0.867985520536422,0.496589504660656,0.));
#11890=DIRECTION('',(-0.867985520536422,0.496589504660656,0.));
#11891=DIRECTION('center_axis',(0.,0.,-1.));
#11892=DIRECTION('ref_axis',(-1.,0.,0.));
#11893=DIRECTION('center_axis',(3.81621176536165E-15,3.09324549257106E-14,
1.));
#11894=DIRECTION('ref_axis',(0.254415841061946,-0.967094917687371,2.96059684316031E-14));
#11895=DIRECTION('center_axis',(-0.503402758571273,0.86405188655707,0.));
#11896=DIRECTION('ref_axis',(0.86405188655707,0.503402758571273,0.));
#11897=DIRECTION('',(0.,0.,1.));
#11898=DIRECTION('',(-0.86405188655707,-0.503402758571273,0.));
#11899=DIRECTION('',(-0.86405188655707,-0.503402758571273,0.));
#11900=DIRECTION('center_axis',(0.,0.,-1.));
#11901=DIRECTION('ref_axis',(-1.,0.,0.));
#11902=DIRECTION('center_axis',(0.,0.,1.));
#11903=DIRECTION('ref_axis',(0.964736687119065,-0.263216877358827,0.));
#11904=DIRECTION('center_axis',(-0.999992263231929,-0.003933633979352,0.));
#11905=DIRECTION('ref_axis',(-0.003933633979352,0.99999226323193,0.));
#11906=DIRECTION('',(0.,0.,1.));
#11907=DIRECTION('',(0.003933633979352,-0.99999226323193,0.));
#11908=DIRECTION('',(0.003933633979352,-0.999992263231929,0.));
#11909=DIRECTION('center_axis',(0.,0.,-1.));
#11910=DIRECTION('ref_axis',(-1.,0.,0.));
#11911=DIRECTION('center_axis',(2.47448703790195E-14,1.89739707306111E-14,
1.));
#11912=DIRECTION('ref_axis',(0.710320846057093,0.703878040328532,-3.15796996603789E-14));
#11913=DIRECTION('center_axis',(-0.496589504660656,-0.867985520536422,0.));
#11914=DIRECTION('ref_axis',(-0.867985520536422,0.496589504660656,0.));
#11915=DIRECTION('',(0.,0.,1.));
#11916=DIRECTION('',(0.867985520536422,-0.496589504660656,0.));
#11917=DIRECTION('',(0.867985520536422,-0.496589504660656,0.));
#11918=DIRECTION('center_axis',(0.,0.,-1.));
#11919=DIRECTION('ref_axis',(-1.,0.,0.));
#11920=DIRECTION('center_axis',(-3.81621176536173E-15,-3.09324549257112E-14,
1.));
#11921=DIRECTION('ref_axis',(-0.254415841061936,0.967094917687374,2.9605968431603E-14));
#11922=DIRECTION('center_axis',(0.503402758571273,-0.86405188655707,0.));
#11923=DIRECTION('ref_axis',(-0.86405188655707,-0.503402758571273,0.));
#11924=DIRECTION('',(0.86405188655707,0.503402758571273,0.));
#11925=DIRECTION('',(0.86405188655707,0.503402758571273,0.));
#11926=DIRECTION('center_axis',(0.,0.,-1.));
#11927=DIRECTION('ref_axis',(-1.,0.,0.));
#11928=DIRECTION('center_axis',(-2.48801858840169E-14,1.87711637976589E-14,
1.));
#11929=DIRECTION('ref_axis',(-0.964736687119067,0.26321687735882,-2.9605968431606E-14));
#11930=DIRECTION('center_axis',(0.,0.,1.));
#11931=DIRECTION('ref_axis',(1.,0.,0.));
#11932=DIRECTION('center_axis',(0.,0.,1.));
#11933=DIRECTION('ref_axis',(-1.,0.,0.));
#11934=DIRECTION('center_axis',(0.,0.,1.));
#11935=DIRECTION('ref_axis',(1.,0.,0.));
#11936=DIRECTION('center_axis',(0.,0.,1.));
#11937=DIRECTION('ref_axis',(-1.,0.,0.));
#11938=DIRECTION('center_axis',(0.,0.,1.));
#11939=DIRECTION('ref_axis',(-1.,0.,0.));
#11940=DIRECTION('center_axis',(0.,0.,1.));
#11941=DIRECTION('ref_axis',(-1.,0.,0.));
#11942=DIRECTION('center_axis',(0.,0.,1.));
#11943=DIRECTION('ref_axis',(-1.,0.,0.));
#11944=DIRECTION('center_axis',(0.,0.,-1.));
#11945=DIRECTION('ref_axis',(1.,0.,0.));
#11946=DIRECTION('center_axis',(0.,0.,1.));
#11947=DIRECTION('ref_axis',(-1.,0.,0.));
#11948=DIRECTION('center_axis',(0.,0.,1.));
#11949=DIRECTION('ref_axis',(-1.,0.,0.));
#11950=DIRECTION('center_axis',(0.,0.,1.));
#11951=DIRECTION('ref_axis',(1.,0.,0.));
#11952=DIRECTION('center_axis',(0.,0.,1.));
#11953=DIRECTION('ref_axis',(1.,0.,0.));
#11954=DIRECTION('center_axis',(0.,0.,1.));
#11955=DIRECTION('ref_axis',(1.,0.,0.));
#11956=DIRECTION('center_axis',(0.,0.,1.));
#11957=DIRECTION('ref_axis',(1.,0.,0.));
#11958=DIRECTION('center_axis',(0.,0.,-1.));
#11959=DIRECTION('ref_axis',(1.,0.,0.));
#11960=DIRECTION('center_axis',(0.,0.,-1.));
#11961=DIRECTION('ref_axis',(-1.,0.,0.));
#11962=DIRECTION('',(-0.707106781186549,8.65956056235495E-17,-0.707106781186546));
#11963=DIRECTION('center_axis',(0.,0.,-1.));
#11964=DIRECTION('ref_axis',(-1.,0.,0.));
#11965=DIRECTION('center_axis',(0.,0.,1.));
#11966=DIRECTION('ref_axis',(-1.,0.,0.));
#11967=DIRECTION('',(0.,0.,-1.));
#11968=DIRECTION('center_axis',(0.,0.,1.));
#11969=DIRECTION('ref_axis',(-1.,0.,0.));
#11970=DIRECTION('center_axis',(0.,0.,1.));
#11971=DIRECTION('ref_axis',(-1.,0.,0.));
#11972=DIRECTION('',(-0.866025403784439,-1.06057523872491E-16,-0.5));
#11973=DIRECTION('center_axis',(0.,0.,1.));
#11974=DIRECTION('ref_axis',(-1.,0.,0.));
#11975=DIRECTION('center_axis',(0.,0.,1.));
#11976=DIRECTION('ref_axis',(-1.,0.,0.));
#11977=DIRECTION('center_axis',(0.,0.,1.));
#11978=DIRECTION('ref_axis',(-1.,0.,0.));
#11979=DIRECTION('center_axis',(0.,0.,1.));
#11980=DIRECTION('ref_axis',(-1.,0.,0.));
#11981=DIRECTION('',(0.,0.,-1.));
#11982=DIRECTION('center_axis',(0.,0.,1.));
#11983=DIRECTION('ref_axis',(-1.,0.,0.));
#11984=DIRECTION('center_axis',(0.,0.,1.));
#11985=DIRECTION('ref_axis',(-1.,0.,0.));
#11986=DIRECTION('center_axis',(-0.503402758571272,0.864051886557071,0.));
#11987=DIRECTION('ref_axis',(0.864051886557071,0.503402758571272,0.));
#11988=DIRECTION('',(0.,0.,1.));
#11989=DIRECTION('',(-0.864051886557071,-0.503402758571272,0.));
#11990=DIRECTION('',(0.,0.,1.));
#11991=DIRECTION('',(-0.864051886557071,-0.503402758571272,0.));
#11992=DIRECTION('center_axis',(0.,0.,-1.));
#11993=DIRECTION('ref_axis',(0.499999999999999,-0.866025403784439,0.));
#11994=DIRECTION('center_axis',(2.48801858833971E-14,-1.87711637973042E-14,
1.));
#11995=DIRECTION('ref_axis',(0.964736687119072,-0.263216877358799,-2.96059684316084E-14));
#11996=DIRECTION('center_axis',(-0.999992263231929,-0.00393363397935043,
0.));
#11997=DIRECTION('ref_axis',(-0.00393363397935043,0.999992263231929,0.));
#11998=DIRECTION('',(0.,0.,1.));
#11999=DIRECTION('',(0.00393363397935043,-0.999992263231929,0.));
#12000=DIRECTION('',(0.00393363397935043,-0.999992263231929,0.));
#12001=DIRECTION('center_axis',(0.,0.,-1.));
#12002=DIRECTION('ref_axis',(0.499999999999999,-0.866025403784439,0.));
#12003=DIRECTION('center_axis',(2.86963976495082E-14,1.21612911276831E-14,
1.));
#12004=DIRECTION('ref_axis',(0.710320846057078,0.703878040328548,-2.96059684316073E-14));
#12005=DIRECTION('center_axis',(-0.496589504660657,-0.867985520536422,0.));
#12006=DIRECTION('ref_axis',(-0.867985520536422,0.496589504660657,0.));
#12007=DIRECTION('',(0.,0.,1.));
#12008=DIRECTION('',(0.867985520536422,-0.496589504660658,0.));
#12009=DIRECTION('',(0.867985520536422,-0.496589504660657,0.));
#12010=DIRECTION('center_axis',(0.,0.,-1.));
#12011=DIRECTION('ref_axis',(0.499999999999999,-0.866025403784439,0.));
#12012=DIRECTION('center_axis',(0.,0.,1.));
#12013=DIRECTION('ref_axis',(-0.254415841062003,0.967094917687356,0.));
#12014=DIRECTION('center_axis',(0.503402758571272,-0.864051886557071,0.));
#12015=DIRECTION('ref_axis',(-0.864051886557071,-0.503402758571272,0.));
#12016=DIRECTION('',(0.,0.,1.));
#12017=DIRECTION('',(0.864051886557071,0.503402758571272,0.));
#12018=DIRECTION('',(0.864051886557071,0.503402758571272,0.));
#12019=DIRECTION('center_axis',(0.,0.,-1.));
#12020=DIRECTION('ref_axis',(0.499999999999999,-0.866025403784439,0.));
#12021=DIRECTION('center_axis',(2.48801858837809E-14,-1.87711637975244E-14,
1.));
#12022=DIRECTION('ref_axis',(-0.964736687119066,0.263216877358824,2.9605968431607E-14));
#12023=DIRECTION('center_axis',(0.999992263231929,0.00393363397935043,0.));
#12024=DIRECTION('ref_axis',(0.00393363397935043,-0.999992263231929,0.));
#12025=DIRECTION('',(0.,0.,1.));
#12026=DIRECTION('',(-0.00393363397935043,0.999992263231929,0.));
#12027=DIRECTION('',(-0.00393363397935043,0.999992263231929,0.));
#12028=DIRECTION('center_axis',(0.,0.,-1.));
#12029=DIRECTION('ref_axis',(0.499999999999999,-0.866025403784439,0.));
#12030=DIRECTION('center_axis',(2.8696397649597E-14,1.21612911277339E-14,
1.));
#12031=DIRECTION('ref_axis',(-0.710320846057111,-0.703878040328514,2.96059684316042E-14));
#12032=DIRECTION('center_axis',(0.496589504660657,0.867985520536422,0.));
#12033=DIRECTION('ref_axis',(0.867985520536422,-0.496589504660657,0.));
#12034=DIRECTION('',(-0.867985520536422,0.496589504660658,0.));
#12035=DIRECTION('',(-0.867985520536422,0.496589504660657,0.));
#12036=DIRECTION('center_axis',(0.,0.,-1.));
#12037=DIRECTION('ref_axis',(0.499999999999999,-0.866025403784439,0.));
#12038=DIRECTION('center_axis',(0.,0.,1.));
#12039=DIRECTION('ref_axis',(0.25441584106197,-0.967094917687365,0.));
#12040=DIRECTION('center_axis',(0.,0.,1.));
#12041=DIRECTION('ref_axis',(-0.499999999999999,0.866025403784439,0.));
#12042=DIRECTION('center_axis',(0.,0.,1.));
#12043=DIRECTION('ref_axis',(0.499999999999999,-0.866025403784439,0.));
#12044=DIRECTION('center_axis',(0.,0.,1.));
#12045=DIRECTION('ref_axis',(-0.499999999999999,0.866025403784439,0.));
#12046=DIRECTION('center_axis',(0.,0.,1.));
#12047=DIRECTION('ref_axis',(0.499999999999999,-0.866025403784439,0.));
#12048=DIRECTION('center_axis',(0.,0.,1.));
#12049=DIRECTION('ref_axis',(0.499999999999999,-0.866025403784439,0.));
#12050=DIRECTION('center_axis',(0.,0.,1.));
#12051=DIRECTION('ref_axis',(0.499999999999999,-0.866025403784439,0.));
#12052=DIRECTION('center_axis',(0.,0.,1.));
#12053=DIRECTION('ref_axis',(0.499999999999999,-0.866025403784439,0.));
#12054=DIRECTION('center_axis',(0.,0.,-1.));
#12055=DIRECTION('ref_axis',(-0.499999999999999,0.866025403784439,0.));
#12056=DIRECTION('center_axis',(0.,0.,1.));
#12057=DIRECTION('ref_axis',(0.499999999999999,-0.866025403784439,0.));
#12058=DIRECTION('center_axis',(0.,0.,1.));
#12059=DIRECTION('ref_axis',(0.499999999999999,-0.866025403784439,0.));
#12060=DIRECTION('center_axis',(0.,0.,1.));
#12061=DIRECTION('ref_axis',(-0.499999999999999,0.866025403784439,0.));
#12062=DIRECTION('center_axis',(0.,0.,1.));
#12063=DIRECTION('ref_axis',(-0.499999999999999,0.866025403784439,0.));
#12064=DIRECTION('center_axis',(0.,0.,1.));
#12065=DIRECTION('ref_axis',(-0.499999999999999,0.866025403784439,0.));
#12066=DIRECTION('center_axis',(0.,0.,1.));
#12067=DIRECTION('ref_axis',(-0.499999999999999,0.866025403784439,0.));
#12068=DIRECTION('center_axis',(0.,0.,-1.));
#12069=DIRECTION('ref_axis',(-0.499999999999999,0.866025403784439,0.));
#12070=DIRECTION('center_axis',(0.,0.,-1.));
#12071=DIRECTION('ref_axis',(0.499999999999999,-0.866025403784439,0.));
#12072=DIRECTION('',(0.353553390593273,-0.612372435695796,-0.707106781186546));
#12073=DIRECTION('center_axis',(0.,0.,-1.));
#12074=DIRECTION('ref_axis',(0.499999999999999,-0.866025403784439,0.));
#12075=DIRECTION('center_axis',(0.,0.,1.));
#12076=DIRECTION('ref_axis',(0.499999999999999,-0.866025403784439,0.));
#12077=DIRECTION('',(0.,0.,-1.));
#12078=DIRECTION('center_axis',(0.,0.,1.));
#12079=DIRECTION('ref_axis',(0.499999999999999,-0.866025403784439,0.));
#12080=DIRECTION('center_axis',(0.,0.,1.));
#12081=DIRECTION('ref_axis',(0.499999999999999,-0.866025403784439,0.));
#12082=DIRECTION('',(0.433012701892219,-0.75,-0.5));
#12083=DIRECTION('center_axis',(0.,0.,1.));
#12084=DIRECTION('ref_axis',(0.499999999999999,-0.866025403784439,0.));
#12085=DIRECTION('center_axis',(0.,0.,1.));
#12086=DIRECTION('ref_axis',(0.499999999999999,-0.866025403784439,0.));
#12087=DIRECTION('center_axis',(0.,0.,1.));
#12088=DIRECTION('ref_axis',(0.499999999999999,-0.866025403784439,0.));
#12089=DIRECTION('center_axis',(0.,0.,1.));
#12090=DIRECTION('ref_axis',(0.499999999999999,-0.866025403784439,0.));
#12091=DIRECTION('',(0.,0.,-1.));
#12092=DIRECTION('center_axis',(0.,0.,1.));
#12093=DIRECTION('ref_axis',(0.499999999999999,-0.866025403784439,0.));
#12094=DIRECTION('center_axis',(0.,0.,1.));
#12095=DIRECTION('ref_axis',(0.499999999999999,-0.866025403784439,0.));
#12096=DIRECTION('center_axis',(0.,0.,1.));
#12097=DIRECTION('ref_axis',(1.,0.,0.));
#12098=DIRECTION('center_axis',(0.,0.,1.));
#12099=DIRECTION('ref_axis',(1.,0.,0.));
#12100=DIRECTION('center_axis',(0.,0.,1.));
#12101=DIRECTION('ref_axis',(1.,0.,0.));
#12102=DIRECTION('',(1.,-2.72798999824859E-16,0.));
#12103=DIRECTION('',(0.,1.,0.));
#12104=DIRECTION('',(-1.,1.63679399894916E-15,0.));
#12105=DIRECTION('center_axis',(0.,0.,1.));
#12106=DIRECTION('ref_axis',(-0.499999999999998,0.86602540378444,0.));
#12107=DIRECTION('center_axis',(0.,0.,1.));
#12108=DIRECTION('ref_axis',(0.499999999999997,-0.86602540378444,0.));
#12109=DIRECTION('center_axis',(0.,0.,1.));
#12110=DIRECTION('ref_axis',(0.5,0.866025403784439,0.));
#12111=DIRECTION('center_axis',(0.,0.,1.));
#12112=DIRECTION('ref_axis',(-1.,0.,0.));
#12113=DIRECTION('center_axis',(0.,0.,1.));
#12114=DIRECTION('ref_axis',(1.,0.,0.));
#12115=DIRECTION('center_axis',(0.,0.,1.));
#12116=DIRECTION('ref_axis',(-0.500000000000003,-0.866025403784437,0.));
#12117=DIRECTION('center_axis',(0.,0.,1.));
#12118=DIRECTION('ref_axis',(1.,0.,0.));
#12119=DIRECTION('center_axis',(0.,0.,1.));
#12120=DIRECTION('ref_axis',(1.,0.,0.));
#12121=DIRECTION('center_axis',(0.,0.,-1.));
#12122=DIRECTION('ref_axis',(1.,0.,0.));
#12123=DIRECTION('',(0.867985520536423,0.496589504660655,0.));
#12124=DIRECTION('center_axis',(1.90810588268212E-15,-1.54662274624574E-14,
-1.));
#12125=DIRECTION('ref_axis',(-0.254415841062,-0.967094917687357,1.48029842158039E-14));
#12126=DIRECTION('',(0.86405188655707,-0.503402758571275,0.));
#12127=DIRECTION('center_axis',(-1.44021879268317E-14,-5.97135049836281E-15,
-1.));
#12128=DIRECTION('ref_axis',(-0.964736687119066,-0.263216877358823,1.57898498301905E-14));
#12129=DIRECTION('',(-0.00393363397935359,-0.99999226323193,0.));
#12130=DIRECTION('center_axis',(-1.2372435189528E-14,9.48698536531641E-15,
-1.));
#12131=DIRECTION('ref_axis',(-0.710320846057088,0.703878040328537,1.57898498301902E-14));
#12132=DIRECTION('',(-0.867985520536423,-0.496589504660655,0.));
#12133=DIRECTION('center_axis',(-2.02975273693129E-15,-1.54583358634623E-14,
-1.));
#12134=DIRECTION('ref_axis',(0.254415841061973,0.967094917687364,-1.5789849830189E-14));
#12135=DIRECTION('',(-0.86405188655707,0.503402758571275,0.));
#12136=DIRECTION('center_axis',(0.,0.,-1.));
#12137=DIRECTION('ref_axis',(0.964736687119064,0.26321687735883,0.));
#12138=DIRECTION('',(0.00393363397935359,0.99999226323193,0.));
#12139=DIRECTION('center_axis',(1.43481988247233E-14,-6.08064556382352E-15,
-1.));
#12140=DIRECTION('ref_axis',(0.710320846057076,-0.70387804032855,1.48029842158038E-14));
#12141=DIRECTION('',(-0.00393363397935182,-0.99999226323193,0.));
#12142=DIRECTION('center_axis',(-1.97576363518994E-15,-3.40633980149603E-15,
-1.));
#12143=DIRECTION('ref_axis',(-0.710320846057084,0.703878040328542,-9.86865614386874E-16));
#12144=DIRECTION('',(-0.867985520536422,-0.496589504660656,0.));
#12145=DIRECTION('center_axis',(-1.90810588268054E-15,1.54662274628534E-14,
-1.));
#12146=DIRECTION('ref_axis',(0.254415841061982,0.967094917687361,1.48029842158029E-14));
#12147=DIRECTION('',(-0.86405188655707,0.503402758571273,0.));
#12148=DIRECTION('center_axis',(-4.12444687948929E-14,-2.13282828951092E-14,
-1.));
#12149=DIRECTION('ref_axis',(0.964736687119052,0.263216877358873,-4.5395818261787E-14));
#12150=DIRECTION('',(0.003933633979352,0.99999226323193,0.));
#12151=DIRECTION('center_axis',(-1.97576363480841E-15,-3.40633980171834E-15,
-1.));
#12152=DIRECTION('ref_axis',(0.710320846057105,-0.703878040328521,9.86865614386828E-16));
#12153=DIRECTION('',(0.867985520536422,0.496589504660656,0.));
#12154=DIRECTION('center_axis',(2.15139959118179E-15,4.6382899189685E-14,
-1.));
#12155=DIRECTION('ref_axis',(-0.254415841061955,-0.967094917687369,-4.53958182617897E-14));
#12156=DIRECTION('',(0.86405188655707,-0.503402758571273,0.));
#12157=DIRECTION('center_axis',(-2.68422808684815E-14,-1.53569323969869E-14,
-1.));
#12158=DIRECTION('ref_axis',(-0.964736687119072,-0.2632168773588,2.96059684316084E-14));
#12159=DIRECTION('',(-0.864051886557069,0.503402758571276,0.));
#12160=DIRECTION('center_axis',(-1.44021879267844E-14,-5.97135049833559E-15,
-1.));
#12161=DIRECTION('ref_axis',(0.964736687119065,0.263216877358828,-1.57898498301894E-14));
#12162=DIRECTION('',(0.00393363397935515,0.99999226323193,0.));
#12163=DIRECTION('center_axis',(2.67206340142303E-14,-1.5567630929128E-14,
-1.));
#12164=DIRECTION('ref_axis',(0.710320846057061,-0.703878040328565,2.9605968431609E-14));
#12165=DIRECTION('',(0.867985520536424,0.496589504660653,0.));
#12166=DIRECTION('center_axis',(1.78645902843225E-15,-4.6390790788572E-14,
-1.));
#12167=DIRECTION('ref_axis',(-0.254415841062007,-0.967094917687355,4.44089526474143E-14));
#12168=DIRECTION('',(0.864051886557069,-0.503402758571276,0.));
#12169=DIRECTION('center_axis',(1.44021879264439E-14,5.97135049814076E-15,
-1.));
#12170=DIRECTION('ref_axis',(-0.964736687119064,-0.26321687735883,-1.57898498301891E-14));
#12171=DIRECTION('',(-0.00393363397935515,-0.99999226323193,0.));
#12172=DIRECTION('center_axis',(1.23724351898184E-14,-9.48698536548572E-15,
-1.));
#12173=DIRECTION('ref_axis',(-0.710320846057097,0.703878040328529,-1.57898498301885E-14));
#12174=DIRECTION('',(-0.867985520536424,-0.496589504660653,0.));
#12175=DIRECTION('center_axis',(-2.0297527369321E-15,-1.54583358636601E-14,
-1.));
#12176=DIRECTION('ref_axis',(0.254415841061969,0.967094917687365,-1.57898498301892E-14));
#12177=DIRECTION('',(-0.499999999999999,0.866025403784439,0.));
#12178=DIRECTION('',(0.500000000000002,0.866025403784438,0.));
#12179=DIRECTION('',(1.,-1.4432899320127E-15,0.));
#12180=DIRECTION('',(0.499999999999998,-0.86602540378444,0.));
#12181=DIRECTION('',(-0.500000000000002,-0.866025403784438,0.));
#12182=DIRECTION('',(-1.,1.4432899320127E-15,0.));
#12183=DIRECTION('',(1.,0.,0.));
#12184=DIRECTION('',(0.5,-0.866025403784439,0.));
#12185=DIRECTION('',(-0.5,-0.866025403784439,0.));
#12186=DIRECTION('',(-1.,3.33847688608258E-16,0.));
#12187=DIRECTION('',(-0.5,0.866025403784439,0.));
#12188=DIRECTION('',(0.5,0.866025403784439,0.));
#12189=DIRECTION('',(-0.500000000000003,-0.866025403784437,0.));
#12190=DIRECTION('',(-1.,3.27515792264421E-15,0.));
#12191=DIRECTION('',(-0.499999999999998,0.86602540378444,0.));
#12192=DIRECTION('',(0.500000000000003,0.866025403784437,0.));
#12193=DIRECTION('',(1.,-3.27515792264421E-15,0.));
#12194=DIRECTION('',(0.499999999999998,-0.86602540378444,0.));
#12195=DIRECTION('center_axis',(0.,0.,1.));
#12196=DIRECTION('ref_axis',(1.,0.,0.));
#12197=DIRECTION('',(0.,0.,-1.));
#12198=DIRECTION('center_axis',(0.,0.,1.));
#12199=DIRECTION('ref_axis',(1.,0.,0.));
#12200=DIRECTION('center_axis',(0.,0.,1.));
#12201=DIRECTION('ref_axis',(1.,0.,0.));
#12202=DIRECTION('center_axis',(0.,0.,1.));
#12203=DIRECTION('ref_axis',(1.,0.,0.));
#12204=DIRECTION('',(-1.,1.63679399894916E-15,0.));
#12205=DIRECTION('',(0.,1.,0.));
#12206=DIRECTION('',(1.,-2.72798999824859E-16,0.));
#12207=DIRECTION('center_axis',(0.,0.,1.));
#12208=DIRECTION('ref_axis',(-1.,1.22464679914735E-16,0.));
#12209=DIRECTION('',(0.,0.,1.));
#12210=DIRECTION('',(0.,0.,1.));
#12211=DIRECTION('center_axis',(1.63679399894916E-15,1.,0.));
#12212=DIRECTION('ref_axis',(-1.,1.63679399894916E-15,0.));
#12213=DIRECTION('',(0.,0.,1.));
#12214=DIRECTION('center_axis',(1.,0.,0.));
#12215=DIRECTION('ref_axis',(0.,0.,-1.));
#12216=DIRECTION('',(0.,0.,1.));
#12217=DIRECTION('center_axis',(1.,0.,0.));
#12218=DIRECTION('ref_axis',(0.,0.,-1.));
#12219=DIRECTION('center_axis',(-2.72798999824859E-16,-1.,0.));
#12220=DIRECTION('ref_axis',(1.,-2.72798999824859E-16,0.));
#12221=DIRECTION('center_axis',(0.,0.,1.));
#12222=DIRECTION('ref_axis',(1.,0.,0.));
#12223=DIRECTION('',(0.,0.,-1.));
#12224=DIRECTION('center_axis',(1.,0.,0.));
#12225=DIRECTION('ref_axis',(0.,0.,-1.));
#12226=DIRECTION('',(1.,0.,0.));
#12227=DIRECTION('center_axis',(0.,0.,1.));
#12228=DIRECTION('ref_axis',(0.500000000000003,0.866025403784437,0.));
#12229=DIRECTION('center_axis',(0.,0.,1.));
#12230=DIRECTION('ref_axis',(0.500000000000003,0.866025403784437,0.));
#12231=DIRECTION('center_axis',(0.,0.,-1.));
#12232=DIRECTION('ref_axis',(-0.500000000000003,-0.866025403784437,0.));
#12233=DIRECTION('',(-0.433012701892222,-0.749999999999998,0.5));
#12234=DIRECTION('center_axis',(-0.866025403784437,0.500000000000003,0.));
#12235=DIRECTION('ref_axis',(0.,0.,-1.));
#12236=DIRECTION('',(0.,0.,1.));
#12237=DIRECTION('',(0.,0.,1.));
#12238=DIRECTION('center_axis',(-0.86602540378444,-0.499999999999998,0.));
#12239=DIRECTION('ref_axis',(-0.499999999999998,0.86602540378444,0.));
#12240=DIRECTION('',(0.,0.,1.));
#12241=DIRECTION('center_axis',(-3.27515792264421E-15,-1.,0.));
#12242=DIRECTION('ref_axis',(-1.,3.27515792264421E-15,0.));
#12243=DIRECTION('',(0.,0.,1.));
#12244=DIRECTION('center_axis',(0.866025403784437,-0.500000000000003,0.));
#12245=DIRECTION('ref_axis',(-0.500000000000003,-0.866025403784437,0.));
#12246=DIRECTION('',(0.,0.,1.));
#12247=DIRECTION('center_axis',(0.86602540378444,0.499999999999998,0.));
#12248=DIRECTION('ref_axis',(0.499999999999998,-0.86602540378444,0.));
#12249=DIRECTION('',(0.,0.,1.));
#12250=DIRECTION('center_axis',(3.27515792264421E-15,1.,0.));
#12251=DIRECTION('ref_axis',(1.,-3.27515792264421E-15,0.));
#12252=DIRECTION('center_axis',(0.,0.,1.));
#12253=DIRECTION('ref_axis',(-1.,0.,0.));
#12254=DIRECTION('center_axis',(0.,0.,1.));
#12255=DIRECTION('ref_axis',(-1.,0.,0.));
#12256=DIRECTION('center_axis',(0.,0.,-1.));
#12257=DIRECTION('ref_axis',(1.,0.,0.));
#12258=DIRECTION('',(0.866025403784439,-1.06057523872491E-16,0.5));
#12259=DIRECTION('center_axis',(0.,-1.,0.));
#12260=DIRECTION('ref_axis',(0.,0.,-1.));
#12261=DIRECTION('',(0.,0.,1.));
#12262=DIRECTION('',(0.,0.,1.));
#12263=DIRECTION('center_axis',(0.866025403784439,-0.5,0.));
#12264=DIRECTION('ref_axis',(-0.5,-0.866025403784439,0.));
#12265=DIRECTION('',(0.,0.,1.));
#12266=DIRECTION('center_axis',(0.866025403784439,0.5,0.));
#12267=DIRECTION('ref_axis',(0.5,-0.866025403784439,0.));
#12268=DIRECTION('',(0.,0.,1.));
#12269=DIRECTION('center_axis',(3.33847688608258E-16,1.,0.));
#12270=DIRECTION('ref_axis',(1.,-3.33847688608258E-16,0.));
#12271=DIRECTION('',(0.,0.,1.));
#12272=DIRECTION('center_axis',(-0.866025403784439,0.5,0.));
#12273=DIRECTION('ref_axis',(0.5,0.866025403784439,0.));
#12274=DIRECTION('',(0.,0.,1.));
#12275=DIRECTION('center_axis',(-0.866025403784439,-0.5,0.));
#12276=DIRECTION('ref_axis',(-0.5,0.866025403784439,0.));
#12277=DIRECTION('center_axis',(0.,0.,1.));
#12278=DIRECTION('ref_axis',(0.499999999999999,-0.866025403784439,0.));
#12279=DIRECTION('center_axis',(0.,0.,1.));
#12280=DIRECTION('ref_axis',(0.499999999999999,-0.866025403784439,0.));
#12281=DIRECTION('center_axis',(0.,0.,-1.));
#12282=DIRECTION('ref_axis',(-0.499999999999999,0.866025403784439,0.));
#12283=DIRECTION('',(-0.433012701892218,0.750000000000001,0.5));
#12284=DIRECTION('center_axis',(0.866025403784439,0.499999999999999,0.));
#12285=DIRECTION('ref_axis',(0.,0.,-1.));
#12286=DIRECTION('',(0.,0.,1.));
#12287=DIRECTION('',(0.,0.,1.));
#12288=DIRECTION('center_axis',(1.4432899320127E-15,1.,0.));
#12289=DIRECTION('ref_axis',(1.,-1.4432899320127E-15,0.));
#12290=DIRECTION('',(0.,0.,1.));
#12291=DIRECTION('center_axis',(-0.866025403784438,0.500000000000002,0.));
#12292=DIRECTION('ref_axis',(0.500000000000002,0.866025403784438,0.));
#12293=DIRECTION('',(0.,0.,1.));
#12294=DIRECTION('center_axis',(-0.86602540378444,-0.499999999999998,0.));
#12295=DIRECTION('ref_axis',(-0.499999999999998,0.86602540378444,0.));
#12296=DIRECTION('',(0.,0.,1.));
#12297=DIRECTION('center_axis',(-1.4432899320127E-15,-1.,0.));
#12298=DIRECTION('ref_axis',(-1.,1.4432899320127E-15,0.));
#12299=DIRECTION('',(0.,0.,1.));
#12300=DIRECTION('center_axis',(0.866025403784438,-0.500000000000002,0.));
#12301=DIRECTION('ref_axis',(-0.500000000000002,-0.866025403784438,0.));
#12302=DIRECTION('center_axis',(0.,0.,1.));
#12303=DIRECTION('ref_axis',(0.499999999999997,-0.86602540378444,0.));
#12304=DIRECTION('center_axis',(0.,0.,1.));
#12305=DIRECTION('ref_axis',(1.,0.,0.));
#12306=DIRECTION('',(0.,0.,-1.));
#12307=DIRECTION('center_axis',(0.,0.,1.));
#12308=DIRECTION('ref_axis',(1.,0.,0.));
#12309=DIRECTION('center_axis',(0.,0.,1.));
#12310=DIRECTION('ref_axis',(0.499999999999997,-0.86602540378444,0.));
#12311=DIRECTION('',(0.,0.,-1.));
#12312=DIRECTION('center_axis',(0.,0.,1.));
#12313=DIRECTION('ref_axis',(1.,0.,0.));
#12314=DIRECTION('center_axis',(0.,0.,1.));
#12315=DIRECTION('ref_axis',(-0.500000000000003,-0.866025403784437,0.));
#12316=DIRECTION('center_axis',(0.,0.,1.));
#12317=DIRECTION('ref_axis',(1.,0.,0.));
#12318=DIRECTION('',(0.,0.,-1.));
#12319=DIRECTION('center_axis',(0.,0.,1.));
#12320=DIRECTION('ref_axis',(-0.500000000000003,-0.866025403784437,0.));
#12321=DIRECTION('center_axis',(0.,0.,1.));
#12322=DIRECTION('ref_axis',(-0.500000000000003,-0.866025403784437,0.));
#12323=DIRECTION('',(0.,0.,-1.));
#12324=DIRECTION('center_axis',(0.,0.,1.));
#12325=DIRECTION('ref_axis',(1.,0.,0.));
#12326=DIRECTION('center_axis',(0.,0.,1.));
#12327=DIRECTION('ref_axis',(-1.,0.,0.));
#12328=DIRECTION('center_axis',(0.,0.,1.));
#12329=DIRECTION('ref_axis',(1.,0.,0.));
#12330=DIRECTION('',(0.,0.,-1.));
#12331=DIRECTION('center_axis',(0.,0.,1.));
#12332=DIRECTION('ref_axis',(1.,0.,0.));
#12333=DIRECTION('center_axis',(0.,0.,1.));
#12334=DIRECTION('ref_axis',(-1.,0.,0.));
#12335=DIRECTION('',(0.,0.,-1.));
#12336=DIRECTION('center_axis',(0.,0.,1.));
#12337=DIRECTION('ref_axis',(1.,0.,0.));
#12338=DIRECTION('center_axis',(0.,0.,1.));
#12339=DIRECTION('ref_axis',(-0.499999999999998,0.86602540378444,0.));
#12340=DIRECTION('center_axis',(0.,0.,1.));
#12341=DIRECTION('ref_axis',(1.,0.,0.));
#12342=DIRECTION('',(0.,0.,-1.));
#12343=DIRECTION('center_axis',(0.,0.,1.));
#12344=DIRECTION('ref_axis',(-0.499999999999998,0.86602540378444,0.));
#12345=DIRECTION('center_axis',(0.,0.,1.));
#12346=DIRECTION('ref_axis',(-0.499999999999998,0.86602540378444,0.));
#12347=DIRECTION('',(0.,0.,-1.));
#12348=DIRECTION('center_axis',(0.,0.,1.));
#12349=DIRECTION('ref_axis',(1.,0.,0.));
#12350=DIRECTION('center_axis',(0.,0.,1.));
#12351=DIRECTION('ref_axis',(0.5,0.866025403784439,0.));
#12352=DIRECTION('center_axis',(0.,0.,1.));
#12353=DIRECTION('ref_axis',(1.,0.,0.));
#12354=DIRECTION('',(0.,0.,-1.));
#12355=DIRECTION('center_axis',(0.,0.,1.));
#12356=DIRECTION('ref_axis',(1.,0.,0.));
#12357=DIRECTION('center_axis',(0.,0.,1.));
#12358=DIRECTION('ref_axis',(0.5,0.866025403784439,0.));
#12359=DIRECTION('',(0.,0.,-1.));
#12360=DIRECTION('center_axis',(0.,0.,1.));
#12361=DIRECTION('ref_axis',(1.,0.,0.));
#12362=DIRECTION('center_axis',(0.,0.,1.));
#12363=DIRECTION('ref_axis',(1.,0.,0.));
#12364=DIRECTION('center_axis',(0.,0.,1.));
#12365=DIRECTION('ref_axis',(1.,0.,0.));
#12366=DIRECTION('',(0.,0.,-1.));
#12367=DIRECTION('center_axis',(0.,0.,1.));
#12368=DIRECTION('ref_axis',(1.,0.,0.));
#12369=DIRECTION('center_axis',(0.,0.,1.));
#12370=DIRECTION('ref_axis',(1.,0.,0.));
#12371=DIRECTION('',(0.,0.,-1.));
#12372=DIRECTION('center_axis',(0.,0.,1.));
#12373=DIRECTION('ref_axis',(1.,0.,0.));
#12374=DIRECTION('center_axis',(0.,0.,1.));
#12375=DIRECTION('ref_axis',(1.,0.,0.));
#12376=DIRECTION('center_axis',(0.,0.,-1.));
#12377=DIRECTION('ref_axis',(1.,0.,0.));
#12378=DIRECTION('',(0.,0.,1.));
#12379=DIRECTION('center_axis',(0.,0.,-1.));
#12380=DIRECTION('ref_axis',(1.,0.,0.));
#12381=DIRECTION('center_axis',(0.,0.,1.));
#12382=DIRECTION('ref_axis',(1.,0.,0.));
#12383=DIRECTION('center_axis',(0.,0.,-1.));
#12384=DIRECTION('ref_axis',(1.,0.,0.));
#12385=DIRECTION('',(0.,0.,1.));
#12386=DIRECTION('center_axis',(0.,0.,-1.));
#12387=DIRECTION('ref_axis',(1.,0.,0.));
#12388=DIRECTION('',(0.,0.,1.));
#12389=DIRECTION('center_axis',(0.,0.,1.));
#12390=DIRECTION('ref_axis',(1.,0.,0.));
#12391=DIRECTION('center_axis',(0.,0.,1.));
#12392=DIRECTION('ref_axis',(1.,0.,0.));
#12393=DIRECTION('center_axis',(0.,0.,1.));
#12394=DIRECTION('ref_axis',(1.,0.,0.));
#12395=DIRECTION('',(0.,0.,1.));
#12396=DIRECTION('center_axis',(0.,0.,1.));
#12397=DIRECTION('ref_axis',(-0.866025403783912,0.500000000000913,0.));
#12398=DIRECTION('center_axis',(0.,0.,-1.));
#12399=DIRECTION('ref_axis',(1.,0.,0.));
#12400=DIRECTION('center_axis',(0.,0.,-1.));
#12401=DIRECTION('ref_axis',(1.,0.,0.));
#12402=DIRECTION('',(0.,0.,1.));
#12403=DIRECTION('center_axis',(0.,0.,1.));
#12404=DIRECTION('ref_axis',(1.,0.,0.));
#12405=DIRECTION('center_axis',(0.,0.,1.));
#12406=DIRECTION('ref_axis',(0.500000000000001,0.866025403784438,0.));
#12407=DIRECTION('center_axis',(0.,0.,1.));
#12408=DIRECTION('ref_axis',(0.500000000000001,0.866025403784438,0.));
#12409=DIRECTION('',(0.,0.,1.));
#12410=DIRECTION('center_axis',(0.,0.,1.));
#12411=DIRECTION('ref_axis',(-0.866025403784959,-0.499999999999099,0.));
#12412=DIRECTION('center_axis',(0.,0.,-1.));
#12413=DIRECTION('ref_axis',(0.5,0.866025403784438,0.));
#12414=DIRECTION('center_axis',(0.,0.,-1.));
#12415=DIRECTION('ref_axis',(0.5,0.866025403784438,0.));
#12416=DIRECTION('',(0.,0.,1.));
#12417=DIRECTION('center_axis',(0.,0.,1.));
#12418=DIRECTION('ref_axis',(1.,0.,0.));
#12419=DIRECTION('center_axis',(0.,0.,1.));
#12420=DIRECTION('ref_axis',(-0.500000000000002,0.866025403784437,0.));
#12421=DIRECTION('center_axis',(0.,0.,1.));
#12422=DIRECTION('ref_axis',(-0.500000000000002,0.866025403784437,0.));
#12423=DIRECTION('',(0.,0.,1.));
#12424=DIRECTION('center_axis',(0.,0.,1.));
#12425=DIRECTION('ref_axis',(1.,0.,0.));
#12426=DIRECTION('center_axis',(0.,0.,-1.));
#12427=DIRECTION('ref_axis',(-0.500000000000003,0.866025403784437,0.));
#12428=DIRECTION('center_axis',(0.,0.,-1.));
#12429=DIRECTION('ref_axis',(-0.500000000000003,0.866025403784437,0.));
#12430=DIRECTION('',(0.,0.,1.));
#12431=DIRECTION('center_axis',(0.,0.,1.));
#12432=DIRECTION('ref_axis',(1.,0.,0.));
#12433=DIRECTION('center_axis',(0.,0.,1.));
#12434=DIRECTION('ref_axis',(-1.,2.31296463463574E-16,0.));
#12435=DIRECTION('center_axis',(0.,0.,1.));
#12436=DIRECTION('ref_axis',(-1.,2.31296463463574E-16,0.));
#12437=DIRECTION('',(0.,0.,1.));
#12438=DIRECTION('center_axis',(0.,0.,1.));
#12439=DIRECTION('ref_axis',(1.,0.,0.));
#12440=DIRECTION('center_axis',(0.,0.,-1.));
#12441=DIRECTION('ref_axis',(-1.,0.,0.));
#12442=DIRECTION('center_axis',(0.,0.,-1.));
#12443=DIRECTION('ref_axis',(-1.,0.,0.));
#12444=DIRECTION('',(0.,0.,1.));
#12445=DIRECTION('center_axis',(0.,0.,1.));
#12446=DIRECTION('ref_axis',(-1.,-9.7577161487099E-14,0.));
#12447=DIRECTION('center_axis',(0.,0.,1.));
#12448=DIRECTION('ref_axis',(-0.499999999999999,-0.866025403784439,0.));
#12449=DIRECTION('center_axis',(0.,0.,1.));
#12450=DIRECTION('ref_axis',(-0.499999999999999,-0.866025403784439,0.));
#12451=DIRECTION('',(0.,0.,1.));
#12452=DIRECTION('center_axis',(0.,0.,1.));
#12453=DIRECTION('ref_axis',(1.,0.,0.));
#12454=DIRECTION('center_axis',(0.,0.,-1.));
#12455=DIRECTION('ref_axis',(-0.499999999999999,-0.866025403784439,0.));
#12456=DIRECTION('center_axis',(0.,0.,-1.));
#12457=DIRECTION('ref_axis',(-0.499999999999999,-0.866025403784439,0.));
#12458=DIRECTION('',(0.,0.,1.));
#12459=DIRECTION('center_axis',(0.,0.,1.));
#12460=DIRECTION('ref_axis',(1.,0.,0.));
#12461=DIRECTION('center_axis',(0.,0.,1.));
#12462=DIRECTION('ref_axis',(0.500000000000001,-0.866025403784438,0.));
#12463=DIRECTION('center_axis',(0.,0.,1.));
#12464=DIRECTION('ref_axis',(0.500000000000001,-0.866025403784438,0.));
#12465=DIRECTION('center_axis',(0.,0.,1.));
#12466=DIRECTION('ref_axis',(1.,0.,0.));
#12467=DIRECTION('center_axis',(0.,0.,1.));
#12468=DIRECTION('ref_axis',(1.,0.,0.));
#12469=DIRECTION('center_axis',(0.,0.,-1.));
#12470=DIRECTION('ref_axis',(0.500000000000003,0.866025403784437,0.));
#12471=DIRECTION('center_axis',(0.,0.,-1.));
#12472=DIRECTION('ref_axis',(0.500000000000002,0.866025403784437,0.));
#12473=DIRECTION('center_axis',(0.,0.,-1.));
#12474=DIRECTION('ref_axis',(0.500000000000002,0.866025403784437,0.));
#12475=DIRECTION('center_axis',(0.,0.,-1.));
#12476=DIRECTION('ref_axis',(0.500000000000002,0.866025403784437,0.));
#12477=DIRECTION('',(0.,0.,1.));
#12478=DIRECTION('center_axis',(0.,0.,-1.));
#12479=DIRECTION('ref_axis',(0.500000000000003,0.866025403784437,0.));
#12480=DIRECTION('center_axis',(0.,0.,-1.));
#12481=DIRECTION('ref_axis',(0.500000000000003,0.866025403784437,0.));
#12482=DIRECTION('center_axis',(0.,0.,-1.));
#12483=DIRECTION('ref_axis',(0.500000000000003,0.866025403784437,0.));
#12484=DIRECTION('center_axis',(0.,0.,-1.));
#12485=DIRECTION('ref_axis',(0.500000000000003,0.866025403784437,0.));
#12486=DIRECTION('',(0.433012701892222,0.749999999999998,0.5));
#12487=DIRECTION('center_axis',(0.,0.,-1.));
#12488=DIRECTION('ref_axis',(0.500000000000003,0.866025403784437,0.));
#12489=DIRECTION('center_axis',(0.,0.,1.));
#12490=DIRECTION('ref_axis',(0.500000000000003,0.866025403784437,0.));
#12491=DIRECTION('',(0.,0.,1.));
#12492=DIRECTION('center_axis',(0.,0.,1.));
#12493=DIRECTION('ref_axis',(0.500000000000003,0.866025403784437,0.));
#12494=DIRECTION('center_axis',(0.,0.,1.));
#12495=DIRECTION('ref_axis',(-0.500000000000003,-0.866025403784437,0.));
#12496=DIRECTION('',(0.353553390593276,0.612372435695794,0.707106781186546));
#12497=DIRECTION('center_axis',(0.,0.,-1.));
#12498=DIRECTION('ref_axis',(0.500000000000003,0.866025403784437,0.));
#12499=DIRECTION('center_axis',(0.,0.,-1.));
#12500=DIRECTION('ref_axis',(-0.500000000000003,-0.866025403784437,0.));
#12501=DIRECTION('center_axis',(0.,0.,-1.));
#12502=DIRECTION('ref_axis',(0.500000000000003,0.866025403784437,0.));
#12503=DIRECTION('center_axis',(0.,0.,-1.));
#12504=DIRECTION('ref_axis',(-0.500000000000003,-0.866025403784437,0.));
#12505=DIRECTION('center_axis',(0.,0.,-1.));
#12506=DIRECTION('ref_axis',(0.500000000000003,0.866025403784437,0.));
#12507=DIRECTION('center_axis',(0.,0.,-1.));
#12508=DIRECTION('ref_axis',(-0.500000000000003,-0.866025403784437,0.));
#12509=DIRECTION('center_axis',(0.,0.,1.));
#12510=DIRECTION('ref_axis',(-0.500000000000003,-0.866025403784437,0.));
#12511=DIRECTION('center_axis',(0.,0.,-1.));
#12512=DIRECTION('ref_axis',(-0.500000000000003,-0.866025403784437,0.));
#12513=DIRECTION('center_axis',(0.,0.,-1.));
#12514=DIRECTION('ref_axis',(0.500000000000003,0.866025403784437,0.));
#12515=DIRECTION('center_axis',(0.,0.,-1.));
#12516=DIRECTION('ref_axis',(0.500000000000003,0.866025403784437,0.));
#12517=DIRECTION('',(-0.864051886557069,0.503402758571276,0.));
#12518=DIRECTION('center_axis',(0.,0.,-1.));
#12519=DIRECTION('ref_axis',(0.500000000000003,0.866025403784437,0.));
#12520=DIRECTION('',(-0.867985520536424,-0.496589504660653,0.));
#12521=DIRECTION('center_axis',(0.,0.,-1.));
#12522=DIRECTION('ref_axis',(0.500000000000003,0.866025403784437,0.));
#12523=DIRECTION('',(-0.00393363397935514,-0.999992263231929,0.));
#12524=DIRECTION('',(0.864051886557069,-0.503402758571276,0.));
#12525=DIRECTION('',(0.867985520536424,0.496589504660653,0.));
#12526=DIRECTION('',(0.00393363397935514,0.999992263231929,0.));
#12527=DIRECTION('center_axis',(0.,0.,-1.));
#12528=DIRECTION('ref_axis',(-0.500000000000003,-0.866025403784437,0.));
#12529=DIRECTION('center_axis',(0.,0.,-1.));
#12530=DIRECTION('ref_axis',(-0.500000000000003,-0.866025403784437,0.));
#12531=DIRECTION('center_axis',(0.,0.,1.));
#12532=DIRECTION('ref_axis',(0.500000000000003,0.866025403784437,0.));
#12533=DIRECTION('center_axis',(0.496589504660653,-0.867985520536424,0.));
#12534=DIRECTION('ref_axis',(0.867985520536424,0.496589504660653,0.));
#12535=DIRECTION('',(0.,0.,-1.));
#12536=DIRECTION('',(0.,0.,-1.));
#12537=DIRECTION('center_axis',(0.,0.,1.));
#12538=DIRECTION('ref_axis',(0.500000000000003,0.866025403784437,0.));
#12539=DIRECTION('center_axis',(0.999992263231929,-0.00393363397935514,
0.));
#12540=DIRECTION('ref_axis',(0.00393363397935514,0.999992263231929,0.));
#12541=DIRECTION('',(0.,0.,-1.));
#12542=DIRECTION('center_axis',(0.,0.,1.));
#12543=DIRECTION('ref_axis',(0.500000000000003,0.866025403784437,0.));
#12544=DIRECTION('center_axis',(0.503402758571276,0.864051886557069,0.));
#12545=DIRECTION('ref_axis',(-0.864051886557069,0.503402758571276,0.));
#12546=DIRECTION('',(0.,0.,-1.));
#12547=DIRECTION('center_axis',(0.,0.,1.));
#12548=DIRECTION('ref_axis',(0.500000000000003,0.866025403784437,0.));
#12549=DIRECTION('center_axis',(-0.496589504660653,0.867985520536424,0.));
#12550=DIRECTION('ref_axis',(-0.867985520536424,-0.496589504660653,0.));
#12551=DIRECTION('',(0.,0.,-1.));
#12552=DIRECTION('center_axis',(0.,0.,1.));
#12553=DIRECTION('ref_axis',(0.500000000000003,0.866025403784437,0.));
#12554=DIRECTION('center_axis',(-0.999992263231929,0.00393363397935514,
0.));
#12555=DIRECTION('ref_axis',(-0.00393363397935514,-0.999992263231929,0.));
#12556=DIRECTION('',(0.,0.,-1.));
#12557=DIRECTION('center_axis',(0.,0.,1.));
#12558=DIRECTION('ref_axis',(0.500000000000003,0.866025403784437,0.));
#12559=DIRECTION('center_axis',(-0.503402758571276,-0.864051886557069,0.));
#12560=DIRECTION('ref_axis',(0.864051886557069,-0.503402758571276,0.));
#12561=DIRECTION('center_axis',(0.,0.,-1.));
#12562=DIRECTION('ref_axis',(-1.,0.,0.));
#12563=DIRECTION('center_axis',(0.,0.,-1.));
#12564=DIRECTION('ref_axis',(-1.,0.,0.));
#12565=DIRECTION('center_axis',(0.,0.,-1.));
#12566=DIRECTION('ref_axis',(-1.,0.,0.));
#12567=DIRECTION('center_axis',(0.,0.,-1.));
#12568=DIRECTION('ref_axis',(-1.,0.,0.));
#12569=DIRECTION('',(0.,0.,1.));
#12570=DIRECTION('center_axis',(0.,0.,-1.));
#12571=DIRECTION('ref_axis',(-1.,0.,0.));
#12572=DIRECTION('center_axis',(0.,0.,-1.));
#12573=DIRECTION('ref_axis',(-1.,0.,0.));
#12574=DIRECTION('center_axis',(0.,0.,-1.));
#12575=DIRECTION('ref_axis',(-1.,0.,0.));
#12576=DIRECTION('center_axis',(0.,0.,-1.));
#12577=DIRECTION('ref_axis',(-1.,0.,0.));
#12578=DIRECTION('',(-0.866025403784439,1.06057523872491E-16,0.5));
#12579=DIRECTION('center_axis',(0.,0.,-1.));
#12580=DIRECTION('ref_axis',(-1.,0.,0.));
#12581=DIRECTION('center_axis',(0.,0.,1.));
#12582=DIRECTION('ref_axis',(-1.,0.,0.));
#12583=DIRECTION('',(0.,0.,1.));
#12584=DIRECTION('center_axis',(0.,0.,1.));
#12585=DIRECTION('ref_axis',(-1.,0.,0.));
#12586=DIRECTION('center_axis',(0.,0.,1.));
#12587=DIRECTION('ref_axis',(1.,0.,0.));
#12588=DIRECTION('',(-0.707106781186549,-8.65956056235495E-17,0.707106781186546));
#12589=DIRECTION('center_axis',(0.,0.,-1.));
#12590=DIRECTION('ref_axis',(-1.,0.,0.));
#12591=DIRECTION('center_axis',(0.,0.,-1.));
#12592=DIRECTION('ref_axis',(1.,0.,0.));
#12593=DIRECTION('center_axis',(0.,0.,-1.));
#12594=DIRECTION('ref_axis',(-1.,0.,0.));
#12595=DIRECTION('center_axis',(0.,0.,-1.));
#12596=DIRECTION('ref_axis',(1.,0.,0.));
#12597=DIRECTION('center_axis',(0.,0.,-1.));
#12598=DIRECTION('ref_axis',(-1.,0.,0.));
#12599=DIRECTION('center_axis',(0.,0.,-1.));
#12600=DIRECTION('ref_axis',(1.,0.,0.));
#12601=DIRECTION('center_axis',(0.,0.,1.));
#12602=DIRECTION('ref_axis',(1.,0.,0.));
#12603=DIRECTION('center_axis',(0.,0.,-1.));
#12604=DIRECTION('ref_axis',(1.,0.,0.));
#12605=DIRECTION('center_axis',(0.,0.,-1.));
#12606=DIRECTION('ref_axis',(-1.,0.,0.));
#12607=DIRECTION('center_axis',(0.,0.,-1.));
#12608=DIRECTION('ref_axis',(-1.,0.,0.));
#12609=DIRECTION('',(-0.00393363397935183,-0.999992263231929,0.));
#12610=DIRECTION('center_axis',(0.,0.,-1.));
#12611=DIRECTION('ref_axis',(-1.,0.,0.));
#12612=DIRECTION('',(0.86405188655707,-0.503402758571273,0.));
#12613=DIRECTION('center_axis',(0.,0.,-1.));
#12614=DIRECTION('ref_axis',(-1.,0.,0.));
#12615=DIRECTION('',(0.867985520536422,0.496589504660656,0.));
#12616=DIRECTION('',(0.003933633979352,0.999992263231929,0.));
#12617=DIRECTION('',(-0.86405188655707,0.503402758571273,0.));
#12618=DIRECTION('',(-0.867985520536422,-0.496589504660656,0.));
#12619=DIRECTION('center_axis',(0.,0.,-1.));
#12620=DIRECTION('ref_axis',(1.,0.,0.));
#12621=DIRECTION('center_axis',(0.,0.,-1.));
#12622=DIRECTION('ref_axis',(1.,0.,0.));
#12623=DIRECTION('center_axis',(0.,0.,1.));
#12624=DIRECTION('ref_axis',(-1.,0.,0.));
#12625=DIRECTION('center_axis',(0.503402758571273,0.86405188655707,0.));
#12626=DIRECTION('ref_axis',(-0.86405188655707,0.503402758571273,0.));
#12627=DIRECTION('',(0.,0.,-1.));
#12628=DIRECTION('',(0.,0.,-1.));
#12629=DIRECTION('center_axis',(0.,0.,1.));
#12630=DIRECTION('ref_axis',(-1.,0.,0.));
#12631=DIRECTION('center_axis',(-0.496589504660656,0.867985520536422,0.));
#12632=DIRECTION('ref_axis',(-0.867985520536422,-0.496589504660656,0.));
#12633=DIRECTION('',(0.,0.,-1.));
#12634=DIRECTION('center_axis',(0.,0.,1.));
#12635=DIRECTION('ref_axis',(-1.,0.,0.));
#12636=DIRECTION('center_axis',(-0.999992263231929,0.003933633979352,0.));
#12637=DIRECTION('ref_axis',(-0.003933633979352,-0.99999226323193,0.));
#12638=DIRECTION('',(0.,0.,-1.));
#12639=DIRECTION('center_axis',(0.,0.,1.));
#12640=DIRECTION('ref_axis',(-1.,0.,0.));
#12641=DIRECTION('center_axis',(-0.503402758571273,-0.86405188655707,0.));
#12642=DIRECTION('ref_axis',(0.86405188655707,-0.503402758571273,0.));
#12643=DIRECTION('',(0.,0.,-1.));
#12644=DIRECTION('center_axis',(0.,0.,1.));
#12645=DIRECTION('ref_axis',(-1.,0.,0.));
#12646=DIRECTION('center_axis',(0.496589504660656,-0.867985520536422,0.));
#12647=DIRECTION('ref_axis',(0.867985520536422,0.496589504660656,0.));
#12648=DIRECTION('',(0.,0.,-1.));
#12649=DIRECTION('center_axis',(0.,0.,1.));
#12650=DIRECTION('ref_axis',(-1.,0.,0.));
#12651=DIRECTION('center_axis',(0.999992263231929,-0.00393363397935183,
0.));
#12652=DIRECTION('ref_axis',(0.00393363397935183,0.99999226323193,0.));
#12653=DIRECTION('center_axis',(0.999992263231929,-0.00393363397935359,
0.));
#12654=DIRECTION('ref_axis',(0.00393363397935359,0.999992263231929,0.));
#12655=DIRECTION('',(0.,0.,-1.));
#12656=DIRECTION('',(0.,0.,-1.));
#12657=DIRECTION('',(-0.00393363397935359,-0.999992263231929,0.));
#12658=DIRECTION('center_axis',(0.503402758571274,0.86405188655707,0.));
#12659=DIRECTION('ref_axis',(-0.86405188655707,0.503402758571274,0.));
#12660=DIRECTION('',(0.,0.,-1.));
#12661=DIRECTION('',(0.86405188655707,-0.503402758571274,0.));
#12662=DIRECTION('center_axis',(-0.496589504660655,0.867985520536423,0.));
#12663=DIRECTION('ref_axis',(-0.867985520536423,-0.496589504660655,0.));
#12664=DIRECTION('',(0.,0.,-1.));
#12665=DIRECTION('',(0.867985520536423,0.496589504660655,0.));
#12666=DIRECTION('center_axis',(-0.999992263231929,0.00393363397935359,
0.));
#12667=DIRECTION('ref_axis',(-0.00393363397935359,-0.999992263231929,0.));
#12668=DIRECTION('',(0.,0.,-1.));
#12669=DIRECTION('',(0.00393363397935359,0.999992263231929,0.));
#12670=DIRECTION('center_axis',(-0.503402758571274,-0.86405188655707,0.));
#12671=DIRECTION('ref_axis',(0.86405188655707,-0.503402758571274,0.));
#12672=DIRECTION('',(0.,0.,-1.));
#12673=DIRECTION('',(-0.86405188655707,0.503402758571274,0.));
#12674=DIRECTION('center_axis',(0.496589504660655,-0.867985520536423,0.));
#12675=DIRECTION('ref_axis',(0.867985520536423,0.496589504660655,0.));
#12676=DIRECTION('',(-0.867985520536423,-0.496589504660655,0.));
#12677=DIRECTION('center_axis',(0.,0.,-1.));
#12678=DIRECTION('ref_axis',(0.499999999999999,-0.866025403784439,0.));
#12679=DIRECTION('center_axis',(0.,0.,-1.));
#12680=DIRECTION('ref_axis',(0.499999999999999,-0.86602540378444,0.));
#12681=DIRECTION('center_axis',(0.,0.,-1.));
#12682=DIRECTION('ref_axis',(0.499999999999999,-0.86602540378444,0.));
#12683=DIRECTION('center_axis',(0.,0.,-1.));
#12684=DIRECTION('ref_axis',(0.499999999999999,-0.86602540378444,0.));
#12685=DIRECTION('center_axis',(0.,0.,-1.));
#12686=DIRECTION('ref_axis',(0.499999999999999,-0.86602540378444,0.));
#12687=DIRECTION('center_axis',(0.,0.,1.));
#12688=DIRECTION('ref_axis',(-0.499999999999999,0.86602540378444,0.));
#12689=DIRECTION('center_axis',(0.,0.,-1.));
#12690=DIRECTION('ref_axis',(0.499999999999999,-0.86602540378444,0.));
#12691=DIRECTION('center_axis',(0.,0.,-1.));
#12692=DIRECTION('ref_axis',(0.499999999999999,-0.866025403784439,0.));
#12693=DIRECTION('center_axis',(0.,0.,1.));
#12694=DIRECTION('ref_axis',(0.499999999999999,-0.866025403784439,0.));
#12695=DIRECTION('center_axis',(0.,0.,1.));
#12696=DIRECTION('ref_axis',(0.499999999999999,-0.866025403784439,0.));
#12697=DIRECTION('center_axis',(0.,0.,1.));
#12698=DIRECTION('ref_axis',(0.499999999999999,-0.866025403784439,0.));
#12699=DIRECTION('center_axis',(0.,0.,1.));
#12700=DIRECTION('ref_axis',(0.499999999999999,-0.866025403784439,0.));
#12701=DIRECTION('center_axis',(0.,0.,1.));
#12702=DIRECTION('ref_axis',(0.499999999999999,-0.866025403784439,0.));
#12703=DIRECTION('center_axis',(0.,0.,1.));
#12704=DIRECTION('ref_axis',(0.499999999999999,-0.866025403784439,0.));
#12705=DIRECTION('center_axis',(0.,0.,-1.));
#12706=DIRECTION('ref_axis',(-0.499999999999999,0.866025403784439,0.));
#12707=DIRECTION('center_axis',(0.,0.,-1.));
#12708=DIRECTION('ref_axis',(-0.499999999999999,0.866025403784439,0.));
#12709=DIRECTION('center_axis',(0.,0.,-1.));
#12710=DIRECTION('ref_axis',(-0.499999999999999,0.866025403784439,0.));
#12711=DIRECTION('center_axis',(0.,0.,-1.));
#12712=DIRECTION('ref_axis',(-0.499999999999999,0.866025403784439,0.));
#12713=DIRECTION('center_axis',(0.,0.,-1.));
#12714=DIRECTION('ref_axis',(-0.499999999999999,0.866025403784439,0.));
#12715=DIRECTION('center_axis',(0.,0.,-1.));
#12716=DIRECTION('ref_axis',(-0.499999999999999,0.866025403784439,0.));
#12717=DIRECTION('center_axis',(0.,0.,1.));
#12718=DIRECTION('ref_axis',(-0.499999999999999,0.866025403784439,0.));
#12719=DIRECTION('center_axis',(0.,0.,1.));
#12720=DIRECTION('ref_axis',(0.499999999999999,-0.866025403784439,0.));
#12721=DIRECTION('',(0.353553390593273,-0.612372435695796,0.707106781186546));
#12722=DIRECTION('center_axis',(0.,0.,1.));
#12723=DIRECTION('ref_axis',(0.499999999999999,-0.866025403784439,0.));
#12724=DIRECTION('center_axis',(0.,0.,-1.));
#12725=DIRECTION('ref_axis',(0.499999999999999,-0.866025403784439,0.));
#12726=DIRECTION('center_axis',(0.,0.,-1.));
#12727=DIRECTION('ref_axis',(0.499999999999999,-0.866025403784439,0.));
#12728=DIRECTION('center_axis',(0.,0.,-1.));
#12729=DIRECTION('ref_axis',(0.499999999999999,-0.866025403784439,0.));
#12730=DIRECTION('center_axis',(0.,0.,-1.));
#12731=DIRECTION('ref_axis',(0.499999999999999,-0.866025403784439,0.));
#12732=DIRECTION('',(0.,0.,1.));
#12733=DIRECTION('center_axis',(0.,0.,-1.));
#12734=DIRECTION('ref_axis',(0.499999999999999,-0.866025403784439,0.));
#12735=DIRECTION('center_axis',(0.,0.,-1.));
#12736=DIRECTION('ref_axis',(0.499999999999999,-0.866025403784439,0.));
#12737=DIRECTION('center_axis',(0.,0.,-1.));
#12738=DIRECTION('ref_axis',(0.499999999999999,-0.866025403784439,0.));
#12739=DIRECTION('center_axis',(0.,0.,-1.));
#12740=DIRECTION('ref_axis',(0.499999999999999,-0.866025403784439,0.));
#12741=DIRECTION('',(0.433012701892218,-0.75,0.5));
#12742=DIRECTION('center_axis',(0.,0.,-1.));
#12743=DIRECTION('ref_axis',(0.499999999999999,-0.866025403784439,0.));
#12744=DIRECTION('',(0.,0.,1.));
#12745=DIRECTION('center_axis',(0.86602540378444,0.499999999999998,0.));
#12746=DIRECTION('ref_axis',(-0.499999999999998,0.86602540378444,0.));
#12747=DIRECTION('',(0.,0.,-1.));
#12748=DIRECTION('',(0.,0.,-1.));
#12749=DIRECTION('',(0.499999999999998,-0.86602540378444,0.));
#12750=DIRECTION('center_axis',(3.27515792264421E-15,1.,0.));
#12751=DIRECTION('ref_axis',(-1.,3.27515792264421E-15,0.));
#12752=DIRECTION('',(0.,0.,-1.));
#12753=DIRECTION('',(1.,-3.27515792264421E-15,0.));
#12754=DIRECTION('center_axis',(-0.866025403784437,0.500000000000002,0.));
#12755=DIRECTION('ref_axis',(-0.500000000000002,-0.866025403784437,0.));
#12756=DIRECTION('',(0.,0.,-1.));
#12757=DIRECTION('',(0.500000000000002,0.866025403784437,0.));
#12758=DIRECTION('center_axis',(-0.86602540378444,-0.499999999999998,0.));
#12759=DIRECTION('ref_axis',(0.499999999999998,-0.86602540378444,0.));
#12760=DIRECTION('',(0.,0.,-1.));
#12761=DIRECTION('',(-0.499999999999998,0.86602540378444,0.));
#12762=DIRECTION('center_axis',(-3.27515792264421E-15,-1.,0.));
#12763=DIRECTION('ref_axis',(1.,-3.27515792264421E-15,0.));
#12764=DIRECTION('',(0.,0.,-1.));
#12765=DIRECTION('',(-1.,3.27515792264421E-15,0.));
#12766=DIRECTION('center_axis',(0.866025403784437,-0.500000000000003,0.));
#12767=DIRECTION('ref_axis',(0.,0.,1.));
#12768=DIRECTION('',(-0.500000000000003,-0.866025403784437,0.));
#12769=DIRECTION('center_axis',(0.,0.,1.));
#12770=DIRECTION('ref_axis',(-0.500000000000003,-0.866025403784437,0.));
#12771=DIRECTION('',(-0.433012701892222,-0.749999999999998,-0.5));
#12772=DIRECTION('center_axis',(0.,0.,-1.));
#12773=DIRECTION('ref_axis',(0.500000000000003,0.866025403784437,0.));
#12774=DIRECTION('center_axis',(0.,0.,-1.));
#12775=DIRECTION('ref_axis',(0.500000000000003,0.866025403784437,0.));
#12776=DIRECTION('center_axis',(-0.866025403784439,0.5,0.));
#12777=DIRECTION('ref_axis',(-0.5,-0.866025403784439,0.));
#12778=DIRECTION('',(0.,0.,-1.));
#12779=DIRECTION('',(0.,0.,-1.));
#12780=DIRECTION('',(0.5,0.866025403784439,0.));
#12781=DIRECTION('center_axis',(-0.866025403784439,-0.5,0.));
#12782=DIRECTION('ref_axis',(0.5,-0.866025403784439,0.));
#12783=DIRECTION('',(0.,0.,-1.));
#12784=DIRECTION('',(-0.5,0.866025403784439,0.));
#12785=DIRECTION('center_axis',(3.33847688608258E-16,-1.,0.));
#12786=DIRECTION('ref_axis',(1.,3.33847688608258E-16,0.));
#12787=DIRECTION('',(0.,0.,-1.));
#12788=DIRECTION('',(-1.,-3.33847688608258E-16,0.));
#12789=DIRECTION('center_axis',(0.866025403784439,-0.5,0.));
#12790=DIRECTION('ref_axis',(0.5,0.866025403784439,0.));
#12791=DIRECTION('',(0.,0.,-1.));
#12792=DIRECTION('',(-0.5,-0.866025403784439,0.));
#12793=DIRECTION('center_axis',(0.866025403784439,0.5,0.));
#12794=DIRECTION('ref_axis',(-0.5,0.866025403784439,0.));
#12795=DIRECTION('',(0.,0.,-1.));
#12796=DIRECTION('',(0.5,-0.866025403784439,0.));
#12797=DIRECTION('center_axis',(0.,1.,0.));
#12798=DIRECTION('ref_axis',(0.,0.,1.));
#12799=DIRECTION('',(1.,0.,0.));
#12800=DIRECTION('center_axis',(0.,0.,1.));
#12801=DIRECTION('ref_axis',(1.,0.,0.));
#12802=DIRECTION('',(0.866025403784439,1.06057523872491E-16,-0.5));
#12803=DIRECTION('center_axis',(0.,0.,-1.));
#12804=DIRECTION('ref_axis',(-1.,0.,0.));
#12805=DIRECTION('center_axis',(0.,0.,-1.));
#12806=DIRECTION('ref_axis',(-1.,0.,0.));
#12807=DIRECTION('center_axis',(-1.4432899320127E-15,-1.,0.));
#12808=DIRECTION('ref_axis',(1.,-1.4432899320127E-15,0.));
#12809=DIRECTION('',(0.,0.,-1.));
#12810=DIRECTION('',(0.,0.,-1.));
#12811=DIRECTION('',(-1.,1.4432899320127E-15,0.));
#12812=DIRECTION('center_axis',(0.866025403784438,-0.500000000000002,0.));
#12813=DIRECTION('ref_axis',(0.500000000000002,0.866025403784438,0.));
#12814=DIRECTION('',(0.,0.,-1.));
#12815=DIRECTION('',(-0.500000000000002,-0.866025403784438,0.));
#12816=DIRECTION('center_axis',(0.866025403784439,0.499999999999999,0.));
#12817=DIRECTION('ref_axis',(-0.499999999999999,0.866025403784439,0.));
#12818=DIRECTION('',(0.,0.,-1.));
#12819=DIRECTION('',(0.499999999999999,-0.866025403784439,0.));
#12820=DIRECTION('center_axis',(1.4432899320127E-15,1.,0.));
#12821=DIRECTION('ref_axis',(-1.,1.4432899320127E-15,0.));
#12822=DIRECTION('',(0.,0.,-1.));
#12823=DIRECTION('',(1.,-1.4432899320127E-15,0.));
#12824=DIRECTION('center_axis',(-0.866025403784438,0.500000000000002,0.));
#12825=DIRECTION('ref_axis',(-0.500000000000002,-0.866025403784438,0.));
#12826=DIRECTION('',(0.,0.,-1.));
#12827=DIRECTION('',(0.500000000000002,0.866025403784438,0.));
#12828=DIRECTION('center_axis',(-0.866025403784439,-0.499999999999999,0.));
#12829=DIRECTION('ref_axis',(0.,0.,1.));
#12830=DIRECTION('',(-0.499999999999999,0.866025403784439,0.));
#12831=DIRECTION('center_axis',(0.,0.,1.));
#12832=DIRECTION('ref_axis',(-0.499999999999999,0.866025403784439,0.));
#12833=DIRECTION('',(-0.433012701892218,0.750000000000001,-0.5));
#12834=DIRECTION('center_axis',(0.,0.,-1.));
#12835=DIRECTION('ref_axis',(0.499999999999999,-0.866025403784439,0.));
#12836=DIRECTION('center_axis',(0.,0.,-1.));
#12837=DIRECTION('ref_axis',(0.499999999999999,-0.866025403784439,0.));
#12838=DIRECTION('center_axis',(0.,0.,1.));
#12839=DIRECTION('ref_axis',(1.,0.,0.));
#12840=DIRECTION('center_axis',(0.,0.,1.));
#12841=DIRECTION('ref_axis',(1.,0.,0.));
#12842=DIRECTION('',(0.,0.,-1.));
#12843=DIRECTION('center_axis',(0.,0.,1.));
#12844=DIRECTION('ref_axis',(1.,0.,0.));
#12845=DIRECTION('center_axis',(0.,0.,1.));
#12846=DIRECTION('ref_axis',(1.,0.,0.));
#12847=DIRECTION('center_axis',(0.,0.,-1.));
#12848=DIRECTION('ref_axis',(1.,0.,0.));
#12849=DIRECTION('',(0.,0.,-1.));
#12850=DIRECTION('center_axis',(0.,0.,-1.));
#12851=DIRECTION('ref_axis',(1.,0.,0.));
#12852=DIRECTION('center_axis',(0.,0.,1.));
#12853=DIRECTION('ref_axis',(1.,0.,0.));
#12854=DIRECTION('center_axis',(0.,0.,1.));
#12855=DIRECTION('ref_axis',(1.,0.,0.));
#12856=DIRECTION('',(0.,0.,1.));
#12857=DIRECTION('center_axis',(0.,0.,1.));
#12858=DIRECTION('ref_axis',(1.,0.,0.));
#12859=DIRECTION('center_axis',(0.,0.,1.));
#12860=DIRECTION('ref_axis',(1.,0.,0.));
#12861=DIRECTION('center_axis',(0.,0.,1.));
#12862=DIRECTION('ref_axis',(1.,0.,0.));
#12863=DIRECTION('',(0.,0.,-1.));
#12864=DIRECTION('center_axis',(0.,0.,1.));
#12865=DIRECTION('ref_axis',(1.,0.,0.));
#12866=DIRECTION('center_axis',(0.,0.,1.));
#12867=DIRECTION('ref_axis',(1.,0.,0.));
#12868=DIRECTION('center_axis',(0.,0.,1.));
#12869=DIRECTION('ref_axis',(1.,0.,0.));
#12870=DIRECTION('center_axis',(0.,0.,1.));
#12871=DIRECTION('ref_axis',(1.,0.,0.));
#12872=DIRECTION('center_axis',(0.,0.,1.));
#12873=DIRECTION('ref_axis',(1.,0.,0.));
#12874=DIRECTION('center_axis',(0.,0.,1.));
#12875=DIRECTION('ref_axis',(-1.,0.,0.));
#12876=DIRECTION('center_axis',(0.,0.,1.));
#12877=DIRECTION('ref_axis',(-1.,0.,0.));
#12878=DIRECTION('center_axis',(0.,0.,1.));
#12879=DIRECTION('ref_axis',(-1.,0.,0.));
#12880=DIRECTION('center_axis',(0.,0.,1.));
#12881=DIRECTION('ref_axis',(-1.,0.,0.));
#12882=DIRECTION('',(0.,0.,-1.));
#12883=DIRECTION('center_axis',(0.,0.,1.));
#12884=DIRECTION('ref_axis',(-1.,0.,0.));
#12885=DIRECTION('center_axis',(0.,0.,1.));
#12886=DIRECTION('ref_axis',(-1.,0.,0.));
#12887=DIRECTION('center_axis',(0.,0.,1.));
#12888=DIRECTION('ref_axis',(-1.,0.,0.));
#12889=DIRECTION('center_axis',(0.,0.,1.));
#12890=DIRECTION('ref_axis',(-1.,0.,0.));
#12891=DIRECTION('',(-0.866025403784439,-1.06057523872491E-16,-0.5));
#12892=DIRECTION('center_axis',(0.,0.,1.));
#12893=DIRECTION('ref_axis',(-1.,0.,0.));
#12894=DIRECTION('center_axis',(0.,0.,-1.));
#12895=DIRECTION('ref_axis',(-1.,0.,0.));
#12896=DIRECTION('',(0.,0.,-1.));
#12897=DIRECTION('center_axis',(0.,0.,-1.));
#12898=DIRECTION('ref_axis',(-1.,0.,0.));
#12899=DIRECTION('center_axis',(0.,0.,-1.));
#12900=DIRECTION('ref_axis',(1.,0.,0.));
#12901=DIRECTION('',(-0.707106781186549,8.65956056235495E-17,-0.707106781186546));
#12902=DIRECTION('center_axis',(0.,0.,1.));
#12903=DIRECTION('ref_axis',(-1.,0.,0.));
#12904=DIRECTION('center_axis',(0.,0.,1.));
#12905=DIRECTION('ref_axis',(1.,0.,0.));
#12906=DIRECTION('center_axis',(0.,0.,1.));
#12907=DIRECTION('ref_axis',(-1.,0.,0.));
#12908=DIRECTION('center_axis',(0.,0.,1.));
#12909=DIRECTION('ref_axis',(1.,0.,0.));
#12910=DIRECTION('center_axis',(0.,0.,1.));
#12911=DIRECTION('ref_axis',(-1.,0.,0.));
#12912=DIRECTION('center_axis',(0.,0.,1.));
#12913=DIRECTION('ref_axis',(1.,0.,0.));
#12914=DIRECTION('center_axis',(0.,0.,-1.));
#12915=DIRECTION('ref_axis',(1.,0.,0.));
#12916=DIRECTION('center_axis',(0.,0.,1.));
#12917=DIRECTION('ref_axis',(1.,0.,0.));
#12918=DIRECTION('center_axis',(0.,0.,1.));
#12919=DIRECTION('ref_axis',(-1.,0.,0.));
#12920=DIRECTION('center_axis',(0.,0.,1.));
#12921=DIRECTION('ref_axis',(-1.,0.,0.));
#12922=DIRECTION('',(-0.00393363397935183,0.999992263231929,0.));
#12923=DIRECTION('center_axis',(0.,0.,1.));
#12924=DIRECTION('ref_axis',(-1.,0.,0.));
#12925=DIRECTION('',(0.86405188655707,0.503402758571273,0.));
#12926=DIRECTION('center_axis',(0.,0.,1.));
#12927=DIRECTION('ref_axis',(-1.,0.,0.));
#12928=DIRECTION('',(0.867985520536422,-0.496589504660656,0.));
#12929=DIRECTION('',(0.003933633979352,-0.999992263231929,0.));
#12930=DIRECTION('',(-0.86405188655707,-0.503402758571273,0.));
#12931=DIRECTION('',(-0.867985520536422,0.496589504660656,0.));
#12932=DIRECTION('center_axis',(0.,0.,1.));
#12933=DIRECTION('ref_axis',(1.,0.,0.));
#12934=DIRECTION('center_axis',(0.,0.,1.));
#12935=DIRECTION('ref_axis',(1.,0.,0.));
#12936=DIRECTION('center_axis',(0.,0.,-1.));
#12937=DIRECTION('ref_axis',(-1.,0.,0.));
#12938=DIRECTION('center_axis',(0.503402758571273,-0.86405188655707,0.));
#12939=DIRECTION('ref_axis',(-0.86405188655707,-0.503402758571273,0.));
#12940=DIRECTION('',(0.,0.,1.));
#12941=DIRECTION('',(0.,0.,1.));
#12942=DIRECTION('center_axis',(0.,0.,-1.));
#12943=DIRECTION('ref_axis',(-1.,0.,0.));
#12944=DIRECTION('center_axis',(-0.496589504660656,-0.867985520536422,0.));
#12945=DIRECTION('ref_axis',(-0.867985520536422,0.496589504660656,0.));
#12946=DIRECTION('',(0.,0.,1.));
#12947=DIRECTION('center_axis',(0.,0.,-1.));
#12948=DIRECTION('ref_axis',(-1.,0.,0.));
#12949=DIRECTION('center_axis',(-0.999992263231929,-0.003933633979352,0.));
#12950=DIRECTION('ref_axis',(-0.003933633979352,0.99999226323193,0.));
#12951=DIRECTION('',(0.,0.,1.));
#12952=DIRECTION('center_axis',(0.,0.,-1.));
#12953=DIRECTION('ref_axis',(-1.,0.,0.));
#12954=DIRECTION('center_axis',(-0.503402758571273,0.86405188655707,0.));
#12955=DIRECTION('ref_axis',(0.86405188655707,0.503402758571273,0.));
#12956=DIRECTION('',(0.,0.,1.));
#12957=DIRECTION('center_axis',(0.,0.,-1.));
#12958=DIRECTION('ref_axis',(-1.,0.,0.));
#12959=DIRECTION('center_axis',(0.496589504660656,0.867985520536422,0.));
#12960=DIRECTION('ref_axis',(0.867985520536422,-0.496589504660656,0.));
#12961=DIRECTION('',(0.,0.,1.));
#12962=DIRECTION('center_axis',(0.,0.,-1.));
#12963=DIRECTION('ref_axis',(-1.,0.,0.));
#12964=DIRECTION('center_axis',(0.999992263231929,0.00393363397935183,0.));
#12965=DIRECTION('ref_axis',(0.00393363397935183,-0.99999226323193,0.));
#12966=DIRECTION('center_axis',(0.,0.,1.));
#12967=DIRECTION('ref_axis',(0.499999999999999,-0.866025403784439,0.));
#12968=DIRECTION('center_axis',(0.,0.,1.));
#12969=DIRECTION('ref_axis',(0.499999999999999,-0.866025403784439,0.));
#12970=DIRECTION('center_axis',(0.,0.,1.));
#12971=DIRECTION('ref_axis',(0.499999999999999,-0.866025403784439,0.));
#12972=DIRECTION('center_axis',(0.,0.,1.));
#12973=DIRECTION('ref_axis',(0.499999999999999,-0.866025403784439,0.));
#12974=DIRECTION('',(0.,0.,-1.));
#12975=DIRECTION('center_axis',(0.,0.,1.));
#12976=DIRECTION('ref_axis',(0.499999999999999,-0.866025403784439,0.));
#12977=DIRECTION('center_axis',(0.,0.,1.));
#12978=DIRECTION('ref_axis',(0.499999999999999,-0.866025403784439,0.));
#12979=DIRECTION('center_axis',(0.,0.,1.));
#12980=DIRECTION('ref_axis',(0.499999999999999,-0.866025403784439,0.));
#12981=DIRECTION('center_axis',(0.,0.,1.));
#12982=DIRECTION('ref_axis',(0.499999999999999,-0.866025403784439,0.));
#12983=DIRECTION('',(0.433012701892219,-0.75,-0.5));
#12984=DIRECTION('center_axis',(0.,0.,1.));
#12985=DIRECTION('ref_axis',(0.499999999999999,-0.866025403784439,0.));
#12986=DIRECTION('center_axis',(0.,0.,-1.));
#12987=DIRECTION('ref_axis',(0.499999999999999,-0.866025403784439,0.));
#12988=DIRECTION('',(0.,0.,-1.));
#12989=DIRECTION('center_axis',(0.,0.,-1.));
#12990=DIRECTION('ref_axis',(0.499999999999999,-0.866025403784439,0.));
#12991=DIRECTION('center_axis',(0.,0.,-1.));
#12992=DIRECTION('ref_axis',(-0.499999999999999,0.866025403784439,0.));
#12993=DIRECTION('',(0.353553390593273,-0.612372435695796,-0.707106781186546));
#12994=DIRECTION('center_axis',(0.,0.,1.));
#12995=DIRECTION('ref_axis',(0.499999999999999,-0.866025403784439,0.));
#12996=DIRECTION('center_axis',(0.,0.,1.));
#12997=DIRECTION('ref_axis',(-0.499999999999999,0.866025403784439,0.));
#12998=DIRECTION('center_axis',(0.,0.,1.));
#12999=DIRECTION('ref_axis',(0.499999999999999,-0.866025403784439,0.));
#13000=DIRECTION('center_axis',(0.,0.,1.));
#13001=DIRECTION('ref_axis',(-0.499999999999999,0.866025403784439,0.));
#13002=DIRECTION('center_axis',(0.,0.,1.));
#13003=DIRECTION('ref_axis',(0.499999999999999,-0.866025403784439,0.));
#13004=DIRECTION('center_axis',(0.,0.,1.));
#13005=DIRECTION('ref_axis',(-0.499999999999999,0.866025403784439,0.));
#13006=DIRECTION('center_axis',(0.,0.,-1.));
#13007=DIRECTION('ref_axis',(-0.499999999999999,0.866025403784439,0.));
#13008=DIRECTION('center_axis',(0.,0.,1.));
#13009=DIRECTION('ref_axis',(-0.499999999999999,0.866025403784439,0.));
#13010=DIRECTION('center_axis',(0.,0.,1.));
#13011=DIRECTION('ref_axis',(0.499999999999999,-0.866025403784439,0.));
#13012=DIRECTION('center_axis',(0.,0.,1.));
#13013=DIRECTION('ref_axis',(0.499999999999999,-0.866025403784439,0.));
#13014=DIRECTION('',(-0.864051886557071,-0.503402758571272,0.));
#13015=DIRECTION('center_axis',(0.,0.,1.));
#13016=DIRECTION('ref_axis',(0.499999999999999,-0.866025403784439,0.));
#13017=DIRECTION('',(-0.867985520536422,0.496589504660657,0.));
#13018=DIRECTION('center_axis',(0.,0.,1.));
#13019=DIRECTION('ref_axis',(0.499999999999999,-0.866025403784439,0.));
#13020=DIRECTION('',(-0.00393363397935043,0.999992263231929,0.));
#13021=DIRECTION('',(0.864051886557071,0.503402758571272,0.));
#13022=DIRECTION('',(0.867985520536422,-0.496589504660657,0.));
#13023=DIRECTION('',(0.00393363397935043,-0.999992263231929,0.));
#13024=DIRECTION('center_axis',(0.,0.,1.));
#13025=DIRECTION('ref_axis',(-0.499999999999999,0.866025403784439,0.));
#13026=DIRECTION('center_axis',(0.,0.,1.));
#13027=DIRECTION('ref_axis',(-0.499999999999999,0.866025403784439,0.));
#13028=DIRECTION('center_axis',(0.,0.,-1.));
#13029=DIRECTION('ref_axis',(0.499999999999999,-0.866025403784439,0.));
#13030=DIRECTION('center_axis',(0.496589504660657,0.867985520536422,0.));
#13031=DIRECTION('ref_axis',(0.867985520536422,-0.496589504660657,0.));
#13032=DIRECTION('',(0.,0.,1.));
#13033=DIRECTION('',(0.,0.,1.));
#13034=DIRECTION('center_axis',(0.,0.,-1.));
#13035=DIRECTION('ref_axis',(0.499999999999999,-0.866025403784439,0.));
#13036=DIRECTION('center_axis',(0.999992263231929,0.00393363397935043,0.));
#13037=DIRECTION('ref_axis',(0.00393363397935043,-0.999992263231929,0.));
#13038=DIRECTION('',(0.,0.,1.));
#13039=DIRECTION('center_axis',(0.,0.,-1.));
#13040=DIRECTION('ref_axis',(0.499999999999999,-0.866025403784439,0.));
#13041=DIRECTION('center_axis',(0.503402758571272,-0.864051886557071,0.));
#13042=DIRECTION('ref_axis',(-0.864051886557071,-0.503402758571272,0.));
#13043=DIRECTION('',(0.,0.,1.));
#13044=DIRECTION('center_axis',(0.,0.,-1.));
#13045=DIRECTION('ref_axis',(0.499999999999999,-0.866025403784439,0.));
#13046=DIRECTION('center_axis',(-0.496589504660657,-0.867985520536422,0.));
#13047=DIRECTION('ref_axis',(-0.867985520536422,0.496589504660657,0.));
#13048=DIRECTION('',(0.,0.,1.));
#13049=DIRECTION('center_axis',(0.,0.,-1.));
#13050=DIRECTION('ref_axis',(0.499999999999999,-0.866025403784439,0.));
#13051=DIRECTION('center_axis',(-0.999992263231929,-0.00393363397935043,
0.));
#13052=DIRECTION('ref_axis',(-0.00393363397935043,0.999992263231929,0.));
#13053=DIRECTION('',(0.,0.,1.));
#13054=DIRECTION('center_axis',(0.,0.,-1.));
#13055=DIRECTION('ref_axis',(0.499999999999999,-0.866025403784439,0.));
#13056=DIRECTION('center_axis',(-0.503402758571272,0.864051886557071,0.));
#13057=DIRECTION('ref_axis',(0.864051886557071,0.503402758571272,0.));
#13058=DIRECTION('center_axis',(0.999992263231929,0.00393363397934887,0.));
#13059=DIRECTION('ref_axis',(0.00393363397934887,-0.999992263231929,0.));
#13060=DIRECTION('',(0.,0.,1.));
#13061=DIRECTION('',(0.,0.,1.));
#13062=DIRECTION('',(-0.00393363397934887,0.999992263231929,0.));
#13063=DIRECTION('center_axis',(0.50340275857127,-0.864051886557072,0.));
#13064=DIRECTION('ref_axis',(-0.864051886557072,-0.50340275857127,0.));
#13065=DIRECTION('',(0.,0.,1.));
#13066=DIRECTION('',(0.864051886557072,0.50340275857127,0.));
#13067=DIRECTION('center_axis',(-0.496589504660659,-0.867985520536421,0.));
#13068=DIRECTION('ref_axis',(-0.867985520536421,0.496589504660659,0.));
#13069=DIRECTION('',(0.,0.,1.));
#13070=DIRECTION('',(0.867985520536421,-0.496589504660659,0.));
#13071=DIRECTION('center_axis',(-0.999992263231929,-0.00393363397934887,
0.));
#13072=DIRECTION('ref_axis',(-0.00393363397934887,0.999992263231929,0.));
#13073=DIRECTION('',(0.,0.,1.));
#13074=DIRECTION('',(0.00393363397934887,-0.999992263231929,0.));
#13075=DIRECTION('center_axis',(-0.50340275857127,0.864051886557072,0.));
#13076=DIRECTION('ref_axis',(0.864051886557072,0.50340275857127,0.));
#13077=DIRECTION('',(0.,0.,1.));
#13078=DIRECTION('',(-0.864051886557072,-0.50340275857127,0.));
#13079=DIRECTION('center_axis',(0.496589504660659,0.867985520536421,0.));
#13080=DIRECTION('ref_axis',(0.867985520536421,-0.496589504660659,0.));
#13081=DIRECTION('',(-0.867985520536421,0.496589504660659,0.));
#13082=DIRECTION('center_axis',(0.,0.,1.));
#13083=DIRECTION('ref_axis',(0.500000000000003,0.866025403784437,0.));
#13084=DIRECTION('center_axis',(0.,0.,1.));
#13085=DIRECTION('ref_axis',(0.500000000000003,0.866025403784437,0.));
#13086=DIRECTION('center_axis',(0.,0.,1.));
#13087=DIRECTION('ref_axis',(0.500000000000003,0.866025403784437,0.));
#13088=DIRECTION('center_axis',(0.,0.,1.));
#13089=DIRECTION('ref_axis',(0.500000000000003,0.866025403784437,0.));
#13090=DIRECTION('center_axis',(0.,0.,1.));
#13091=DIRECTION('ref_axis',(0.500000000000003,0.866025403784437,0.));
#13092=DIRECTION('center_axis',(0.,0.,-1.));
#13093=DIRECTION('ref_axis',(-0.500000000000003,-0.866025403784437,0.));
#13094=DIRECTION('center_axis',(0.,0.,1.));
#13095=DIRECTION('ref_axis',(0.500000000000003,0.866025403784437,0.));
#13096=DIRECTION('center_axis',(0.,0.,1.));
#13097=DIRECTION('ref_axis',(0.500000000000003,0.866025403784437,0.));
#13098=DIRECTION('center_axis',(0.,0.,-1.));
#13099=DIRECTION('ref_axis',(0.500000000000003,0.866025403784437,0.));
#13100=DIRECTION('center_axis',(0.,0.,-1.));
#13101=DIRECTION('ref_axis',(0.500000000000003,0.866025403784437,0.));
#13102=DIRECTION('center_axis',(0.,0.,-1.));
#13103=DIRECTION('ref_axis',(0.500000000000003,0.866025403784437,0.));
#13104=DIRECTION('center_axis',(0.,0.,-1.));
#13105=DIRECTION('ref_axis',(0.500000000000003,0.866025403784437,0.));
#13106=DIRECTION('center_axis',(0.,0.,-1.));
#13107=DIRECTION('ref_axis',(0.500000000000003,0.866025403784437,0.));
#13108=DIRECTION('center_axis',(0.,0.,-1.));
#13109=DIRECTION('ref_axis',(0.500000000000003,0.866025403784437,0.));
#13110=DIRECTION('center_axis',(0.,0.,1.));
#13111=DIRECTION('ref_axis',(-0.500000000000003,-0.866025403784437,0.));
#13112=DIRECTION('center_axis',(0.,0.,1.));
#13113=DIRECTION('ref_axis',(-0.500000000000003,-0.866025403784437,0.));
#13114=DIRECTION('center_axis',(0.,0.,1.));
#13115=DIRECTION('ref_axis',(-0.500000000000003,-0.866025403784437,0.));
#13116=DIRECTION('center_axis',(0.,0.,1.));
#13117=DIRECTION('ref_axis',(-0.500000000000003,-0.866025403784437,0.));
#13118=DIRECTION('center_axis',(0.,0.,1.));
#13119=DIRECTION('ref_axis',(-0.500000000000003,-0.866025403784437,0.));
#13120=DIRECTION('center_axis',(0.,0.,1.));
#13121=DIRECTION('ref_axis',(-0.500000000000003,-0.866025403784437,0.));
#13122=DIRECTION('center_axis',(0.,0.,-1.));
#13123=DIRECTION('ref_axis',(-0.500000000000003,-0.866025403784437,0.));
#13124=DIRECTION('center_axis',(0.,0.,-1.));
#13125=DIRECTION('ref_axis',(0.500000000000003,0.866025403784437,0.));
#13126=DIRECTION('',(0.353553390593277,0.612372435695794,-0.707106781186546));
#13127=DIRECTION('center_axis',(0.,0.,-1.));
#13128=DIRECTION('ref_axis',(0.500000000000003,0.866025403784437,0.));
#13129=DIRECTION('center_axis',(0.,0.,1.));
#13130=DIRECTION('ref_axis',(0.500000000000003,0.866025403784437,0.));
#13131=DIRECTION('center_axis',(0.,0.,1.));
#13132=DIRECTION('ref_axis',(0.500000000000002,0.866025403784437,0.));
#13133=DIRECTION('center_axis',(0.,0.,1.));
#13134=DIRECTION('ref_axis',(0.500000000000002,0.866025403784437,0.));
#13135=DIRECTION('center_axis',(0.,0.,1.));
#13136=DIRECTION('ref_axis',(0.500000000000002,0.866025403784437,0.));
#13137=DIRECTION('',(0.,0.,-1.));
#13138=DIRECTION('center_axis',(0.,0.,1.));
#13139=DIRECTION('ref_axis',(0.500000000000003,0.866025403784437,0.));
#13140=DIRECTION('center_axis',(0.,0.,1.));
#13141=DIRECTION('ref_axis',(0.500000000000003,0.866025403784437,0.));
#13142=DIRECTION('center_axis',(0.,0.,1.));
#13143=DIRECTION('ref_axis',(0.500000000000003,0.866025403784437,0.));
#13144=DIRECTION('center_axis',(0.,0.,1.));
#13145=DIRECTION('ref_axis',(0.500000000000003,0.866025403784437,0.));
#13146=DIRECTION('',(0.433012701892222,0.749999999999998,-0.5));
#13147=DIRECTION('center_axis',(0.,0.,1.));
#13148=DIRECTION('ref_axis',(0.500000000000003,0.866025403784437,0.));
#13149=DIRECTION('',(0.,0.,-1.));
#13150=DIRECTION('',(1.83697019872103E-16,1.,-1.12481983699639E-32));
#13151=DIRECTION('',(2.22044604925031E-16,-2.95407338334428E-32,1.));
#13152=CARTESIAN_POINT('',(0.,0.,0.));
#13153=CARTESIAN_POINT('',(0.,0.,0.));
#13154=CARTESIAN_POINT('Origin',(0.,0.,-50.));
#13155=CARTESIAN_POINT('',(50.7337177601488,25.3733768174367,-50.));
#13156=CARTESIAN_POINT('Origin',(54.1265877365276,31.2499999999998,-50.));
#13157=CARTESIAN_POINT('',(51.1265877365276,26.0538475772932,-50.));
#13158=CARTESIAN_POINT('Origin',(54.1265877365276,31.2499999999998,-50.));
#13159=CARTESIAN_POINT('Origin',(54.1265877365276,31.2499999999998,-97.));
#13160=CARTESIAN_POINT('',(51.1265877365276,26.0538475772932,-49.2142600472424));
#13161=CARTESIAN_POINT('',(51.1265877365276,26.0538475772932,-97.));
#13162=CARTESIAN_POINT('Origin',(54.1265877365276,31.2499999999998,-49.2142600472424));
#13163=CARTESIAN_POINT('Origin',(54.1265877365276,31.2499999999998,-49.9999743329569));
#13164=CARTESIAN_POINT('',(50.7337305936703,25.3733990457481,-49.9999743329569));
#13165=CARTESIAN_POINT('Origin',(0.,0.,-50.));
#13166=CARTESIAN_POINT('',(-47.3408477837698,31.2500000000001,-50.));
#13167=CARTESIAN_POINT('Origin',(-54.1265877365274,31.2500000000001,-50.));
#13168=CARTESIAN_POINT('',(-48.1265877365274,31.2500000000001,-50.));
#13169=CARTESIAN_POINT('Origin',(-54.1265877365274,31.2500000000001,-50.));
#13170=CARTESIAN_POINT('Origin',(-54.1265877365274,31.2500000000001,-97.));
#13171=CARTESIAN_POINT('',(-48.1265877365274,31.2500000000001,-49.2142600472424));
#13172=CARTESIAN_POINT('',(-48.1265877365274,31.2500000000001,-97.));
#13173=CARTESIAN_POINT('Origin',(-54.1265877365274,31.2500000000001,-49.2142600472424));
#13174=CARTESIAN_POINT('Origin',(-54.1265877365274,31.2500000000001,-49.9999743329569));
#13175=CARTESIAN_POINT('',(-47.3408734508129,31.2500000000001,-49.9999743329569));
#13176=CARTESIAN_POINT('Origin',(0.,0.,-50.));
#13177=CARTESIAN_POINT('',(-3.39286997637894,-56.623376817437,-50.));
#13178=CARTESIAN_POINT('Origin',(-1.52655665885959E-13,-62.5000000000001,
-50.));
#13179=CARTESIAN_POINT('',(-3.00000000000014,-57.3038475772935,-50.));
#13180=CARTESIAN_POINT('Origin',(-1.52655665885959E-13,-62.5000000000001,
-50.));
#13181=CARTESIAN_POINT('Origin',(-1.52655665885959E-13,-62.5000000000001,
-97.));
#13182=CARTESIAN_POINT('',(-3.00000000000014,-57.3038475772935,-49.2142600472424));
#13183=CARTESIAN_POINT('',(-3.00000000000014,-57.3038475772935,-97.));
#13184=CARTESIAN_POINT('Origin',(-1.52655665885959E-13,-62.5000000000001,
-49.2142600472424));
#13185=CARTESIAN_POINT('Origin',(-1.52655665885959E-13,-62.5000000000001,
-49.9999743329569));
#13186=CARTESIAN_POINT('',(-3.39285714285739,-56.6233990457484,-49.9999743329569));
#13187=CARTESIAN_POINT('Origin',(54.1265877365274,31.2500000000001,-60.));
#13188=CARTESIAN_POINT('',(60.6265877365274,31.2500000000001,-60.));
#13189=CARTESIAN_POINT('Origin',(54.1265877365275,31.2499999999998,-60.));
#13190=CARTESIAN_POINT('',(60.6265877365274,31.2500000000001,-62.5));
#13191=CARTESIAN_POINT('',(60.6265877365274,31.2500000000001,-60.));
#13192=CARTESIAN_POINT('',(50.8765877365276,25.620834875401,-62.5));
#13193=CARTESIAN_POINT('Origin',(54.1265877365276,31.2499999999998,-62.5));
#13194=CARTESIAN_POINT('Origin',(54.1265877365276,31.2499999999998,-62.5));
#13195=CARTESIAN_POINT('Origin',(54.1265877365276,31.2499999999998,-62.5));
#13196=CARTESIAN_POINT('',(51.1265877365276,26.0538475772932,-62.));
#13197=CARTESIAN_POINT('',(50.8765877365276,25.620834875401,-62.5));
#13198=CARTESIAN_POINT('Origin',(54.1265877365276,31.2499999999998,-62.));
#13199=CARTESIAN_POINT('Origin',(54.1265877365276,31.2499999999998,-97.));
#13200=CARTESIAN_POINT('',(51.1265877365276,26.0538475772932,-60.));
#13201=CARTESIAN_POINT('',(51.1265877365276,26.0538475772932,-97.));
#13202=CARTESIAN_POINT('Origin',(54.1265877365276,31.2499999999998,-60.));
#13203=CARTESIAN_POINT('Origin',(0.,0.,-60.));
#13204=CARTESIAN_POINT('Origin',(-54.1265877365274,31.2500000000001,-60.));
#13205=CARTESIAN_POINT('',(-47.6265877365274,31.2500000000001,-60.));
#13206=CARTESIAN_POINT('Origin',(-54.1265877365274,31.25,-60.));
#13207=CARTESIAN_POINT('',(-47.6265877365274,31.2500000000001,-62.5));
#13208=CARTESIAN_POINT('',(-47.6265877365274,31.2500000000001,-60.));
#13209=CARTESIAN_POINT('Origin',(-54.1265877365274,31.2500000000001,-62.5));
#13210=CARTESIAN_POINT('Origin',(-54.1265877365274,31.2500000000001,-62.5));
#13211=CARTESIAN_POINT('',(-48.1265877365274,31.2500000000001,-62.));
#13212=CARTESIAN_POINT('',(-47.6265877365274,31.2500000000001,-62.5));
#13213=CARTESIAN_POINT('Origin',(-54.1265877365274,31.2500000000001,-62.));
#13214=CARTESIAN_POINT('Origin',(-54.1265877365274,31.2500000000001,-97.));
#13215=CARTESIAN_POINT('',(-48.1265877365274,31.2500000000001,-60.));
#13216=CARTESIAN_POINT('',(-48.1265877365274,31.2500000000001,-97.));
#13217=CARTESIAN_POINT('Origin',(-54.1265877365274,31.2500000000001,-60.));
#13218=CARTESIAN_POINT('Origin',(0.,0.,-60.));
#13219=CARTESIAN_POINT('Origin',(-1.46957615897682E-15,-62.5,-60.));
#13220=CARTESIAN_POINT('',(6.5,-62.5,-60.));
#13221=CARTESIAN_POINT('Origin',(-1.46957615897682E-15,-62.5,-60.));
#13222=CARTESIAN_POINT('',(6.5,-62.5,-62.5));
#13223=CARTESIAN_POINT('',(6.5,-62.5,-60.));
#13224=CARTESIAN_POINT('',(-3.25000000000014,-56.8708348754013,-62.5));
#13225=CARTESIAN_POINT('Origin',(-1.52655665885959E-13,-62.5000000000001,
-62.5));
#13226=CARTESIAN_POINT('Origin',(-1.52655665885959E-13,-62.5000000000001,
-62.5));
#13227=CARTESIAN_POINT('Origin',(-1.52655665885959E-13,-62.5000000000001,
-62.5));
#13228=CARTESIAN_POINT('',(-3.00000000000014,-57.3038475772935,-62.));
#13229=CARTESIAN_POINT('',(-3.25000000000014,-56.8708348754013,-62.5));
#13230=CARTESIAN_POINT('Origin',(-1.52655665885959E-13,-62.5000000000001,
-62.));
#13231=CARTESIAN_POINT('Origin',(-1.52655665885959E-13,-62.5000000000001,
-97.));
#13232=CARTESIAN_POINT('',(-3.00000000000014,-57.3038475772935,-60.));
#13233=CARTESIAN_POINT('',(-3.00000000000014,-57.3038475772935,-97.));
#13234=CARTESIAN_POINT('Origin',(-1.52655665885959E-13,-62.5000000000001,
-60.));
#13235=CARTESIAN_POINT('Origin',(0.,0.,-60.));
#13236=CARTESIAN_POINT('Origin',(-54.1265877365275,-31.2499999999999,-43.));
#13237=CARTESIAN_POINT('',(-57.1265877365275,-26.0538475772933,-90.));
#13238=CARTESIAN_POINT('Origin',(-54.1265877365275,-31.2499999999999,-90.));
#13239=CARTESIAN_POINT('',(-57.1265877365275,-26.0538475772933,-90.7857399527576));
#13240=CARTESIAN_POINT('',(-57.1265877365275,-26.0538475772933,-43.));
#13241=CARTESIAN_POINT('Origin',(-54.1265877365275,-31.2499999999999,-90.7857399527576));
#13242=CARTESIAN_POINT('Origin',(-54.1265877365275,-31.2499999999999,-90.0000256670431));
#13243=CARTESIAN_POINT('',(-57.5194577129063,-25.3733768174368,-90.));
#13244=CARTESIAN_POINT('',(-57.5194448793848,-25.3733990457482,-90.0000256670431));
#13245=CARTESIAN_POINT('Origin',(-54.1265877365275,-31.2499999999999,-90.));
#13246=CARTESIAN_POINT('Origin',(0.,0.,-90.));
#13247=CARTESIAN_POINT('Origin',(0.,62.5,-43.));
#13248=CARTESIAN_POINT('',(6.,62.5,-90.));
#13249=CARTESIAN_POINT('Origin',(0.,62.5,-90.));
#13250=CARTESIAN_POINT('',(6.,62.5,-90.7857399527576));
#13251=CARTESIAN_POINT('',(6.,62.5,-43.));
#13252=CARTESIAN_POINT('Origin',(0.,62.5,-90.7857399527576));
#13253=CARTESIAN_POINT('Origin',(0.,62.5,-90.0000256670431));
#13254=CARTESIAN_POINT('',(6.78573995275761,62.5,-90.));
#13255=CARTESIAN_POINT('',(6.7857142857145,62.5,-90.0000256670431));
#13256=CARTESIAN_POINT('Origin',(0.,62.5,-90.));
#13257=CARTESIAN_POINT('Origin',(0.,0.,-90.));
#13258=CARTESIAN_POINT('Origin',(54.1265877365273,-31.2500000000002,-43.));
#13259=CARTESIAN_POINT('',(51.1265877365273,-36.4461524227068,-90.));
#13260=CARTESIAN_POINT('Origin',(54.1265877365273,-31.2500000000002,-90.));
#13261=CARTESIAN_POINT('',(51.1265877365273,-36.4461524227068,-90.7857399527576));
#13262=CARTESIAN_POINT('',(51.1265877365273,-36.4461524227068,-43.));
#13263=CARTESIAN_POINT('Origin',(54.1265877365273,-31.2500000000002,-90.7857399527576));
#13264=CARTESIAN_POINT('Origin',(54.1265877365273,-31.2500000000002,-90.0000256670431));
#13265=CARTESIAN_POINT('',(50.7337177601485,-37.1266231825633,-90.));
#13266=CARTESIAN_POINT('',(50.73373059367,-37.1266009542519,-90.0000256670431));
#13267=CARTESIAN_POINT('Origin',(54.1265877365273,-31.2500000000002,-90.));
#13268=CARTESIAN_POINT('Origin',(0.,0.,-90.));
#13269=CARTESIAN_POINT('Origin',(0.,0.,-80.));
#13270=CARTESIAN_POINT('',(-47.6265877365273,-31.2500000000002,-80.));
#13271=CARTESIAN_POINT('Origin',(-54.1265877365275,-31.2499999999999,-80.));
#13272=CARTESIAN_POINT('',(-57.1265877365275,-26.0538475772933,-80.));
#13273=CARTESIAN_POINT('Origin',(-54.1265877365275,-31.2499999999999,-80.));
#13274=CARTESIAN_POINT('Origin',(-54.1265877365273,-31.2500000000002,-60.));
#13275=CARTESIAN_POINT('',(-47.6265877365275,-31.2499999999999,-77.5));
#13276=CARTESIAN_POINT('',(-57.3765877365275,-25.620834875401,-77.5));
#13277=CARTESIAN_POINT('Origin',(-54.1265877365275,-31.2499999999999,-77.5));
#13278=CARTESIAN_POINT('',(-47.6265877365273,-31.2500000000002,-60.));
#13279=CARTESIAN_POINT('Origin',(-54.1265877365275,-31.2499999999999,-77.5));
#13280=CARTESIAN_POINT('Origin',(-54.1265877365275,-31.2499999999999,-77.5));
#13281=CARTESIAN_POINT('',(-57.1265877365275,-26.0538475772933,-78.));
#13282=CARTESIAN_POINT('',(-57.3765877365275,-25.620834875401,-77.5));
#13283=CARTESIAN_POINT('Origin',(-54.1265877365275,-31.2499999999999,-78.));
#13284=CARTESIAN_POINT('Origin',(-54.1265877365275,-31.2499999999999,-43.));
#13285=CARTESIAN_POINT('',(-57.1265877365275,-26.0538475772933,-43.));
#13286=CARTESIAN_POINT('Origin',(0.,0.,-80.));
#13287=CARTESIAN_POINT('',(6.5,62.5,-80.));
#13288=CARTESIAN_POINT('Origin',(1.46957615897682E-15,62.5,-80.));
#13289=CARTESIAN_POINT('',(6.,62.5,-80.));
#13290=CARTESIAN_POINT('Origin',(0.,62.5,-80.));
#13291=CARTESIAN_POINT('Origin',(1.46957615897682E-15,62.5,-60.));
#13292=CARTESIAN_POINT('',(6.5,62.5,-77.5));
#13293=CARTESIAN_POINT('Origin',(0.,62.5,-77.5));
#13294=CARTESIAN_POINT('',(6.5,62.5,-60.));
#13295=CARTESIAN_POINT('Origin',(0.,62.5,-77.5));
#13296=CARTESIAN_POINT('',(6.,62.5,-78.));
#13297=CARTESIAN_POINT('',(6.5,62.5,-77.5));
#13298=CARTESIAN_POINT('Origin',(0.,62.5,-78.));
#13299=CARTESIAN_POINT('Origin',(0.,62.5,-43.));
#13300=CARTESIAN_POINT('',(6.,62.5,-43.));
#13301=CARTESIAN_POINT('Origin',(0.,0.,-80.));
#13302=CARTESIAN_POINT('',(60.6265877365275,-31.2499999999999,-80.));
#13303=CARTESIAN_POINT('Origin',(54.1265877365273,-31.2500000000002,-80.));
#13304=CARTESIAN_POINT('',(51.1265877365273,-36.4461524227068,-80.));
#13305=CARTESIAN_POINT('Origin',(54.1265877365273,-31.2500000000002,-80.));
#13306=CARTESIAN_POINT('Origin',(54.1265877365275,-31.2499999999999,-60.));
#13307=CARTESIAN_POINT('',(60.6265877365273,-31.2500000000002,-77.5));
#13308=CARTESIAN_POINT('',(50.8765877365273,-36.879165124599,-77.5));
#13309=CARTESIAN_POINT('Origin',(54.1265877365273,-31.2500000000002,-77.5));
#13310=CARTESIAN_POINT('',(60.6265877365275,-31.2499999999999,-60.));
#13311=CARTESIAN_POINT('Origin',(54.1265877365273,-31.2500000000002,-77.5));
#13312=CARTESIAN_POINT('Origin',(54.1265877365273,-31.2500000000002,-77.5));
#13313=CARTESIAN_POINT('',(51.1265877365273,-36.4461524227068,-78.));
#13314=CARTESIAN_POINT('',(50.8765877365273,-36.879165124599,-77.5));
#13315=CARTESIAN_POINT('Origin',(54.1265877365273,-31.2500000000002,-78.));
#13316=CARTESIAN_POINT('Origin',(54.1265877365273,-31.2500000000002,-43.));
#13317=CARTESIAN_POINT('',(51.1265877365273,-36.4461524227068,-43.));
#13318=CARTESIAN_POINT('Origin',(0.,0.,-130.));
#13319=CARTESIAN_POINT('',(50.7337177601488,25.3733768174368,-130.));
#13320=CARTESIAN_POINT('Origin',(54.1265877365276,31.2499999999998,-130.));
#13321=CARTESIAN_POINT('',(51.1265877365276,26.0538475772932,-130.));
#13322=CARTESIAN_POINT('Origin',(54.1265877365276,31.2499999999998,-130.));
#13323=CARTESIAN_POINT('Origin',(54.1265877365276,31.2499999999998,-177.));
#13324=CARTESIAN_POINT('',(51.1265877365276,26.0538475772932,-129.214260047242));
#13325=CARTESIAN_POINT('',(51.1265877365276,26.0538475772932,-177.));
#13326=CARTESIAN_POINT('Origin',(54.1265877365276,31.2499999999998,-129.214260047242));
#13327=CARTESIAN_POINT('Origin',(54.1265877365276,31.2499999999998,-129.999974332957));
#13328=CARTESIAN_POINT('',(50.7337305936703,25.3733990457481,-129.999974332957));
#13329=CARTESIAN_POINT('Origin',(0.,0.,-130.));
#13330=CARTESIAN_POINT('',(-3.39286997637889,-56.6233768174371,-130.));
#13331=CARTESIAN_POINT('Origin',(-1.52655665885959E-13,-62.5000000000001,
-130.));
#13332=CARTESIAN_POINT('',(-3.00000000000014,-57.3038475772935,-130.));
#13333=CARTESIAN_POINT('Origin',(-1.52655665885959E-13,-62.5000000000001,
-130.));
#13334=CARTESIAN_POINT('Origin',(-1.52655665885959E-13,-62.5000000000001,
-177.));
#13335=CARTESIAN_POINT('',(-3.00000000000014,-57.3038475772935,-129.214260047242));
#13336=CARTESIAN_POINT('',(-3.00000000000014,-57.3038475772935,-177.));
#13337=CARTESIAN_POINT('Origin',(-1.52655665885959E-13,-62.5000000000001,
-129.214260047242));
#13338=CARTESIAN_POINT('Origin',(-1.52655665885959E-13,-62.5000000000001,
-129.999974332957));
#13339=CARTESIAN_POINT('',(-3.39285714285739,-56.6233990457484,-129.999974332957));
#13340=CARTESIAN_POINT('Origin',(0.,0.,-130.));
#13341=CARTESIAN_POINT('',(-47.3408477837699,31.2500000000001,-130.));
#13342=CARTESIAN_POINT('Origin',(-54.1265877365274,31.2500000000001,-130.));
#13343=CARTESIAN_POINT('',(-48.1265877365274,31.2500000000001,-130.));
#13344=CARTESIAN_POINT('Origin',(-54.1265877365274,31.2500000000001,-130.));
#13345=CARTESIAN_POINT('Origin',(-54.1265877365274,31.2500000000001,-177.));
#13346=CARTESIAN_POINT('',(-48.1265877365274,31.2500000000001,-129.214260047242));
#13347=CARTESIAN_POINT('',(-48.1265877365274,31.2500000000001,-177.));
#13348=CARTESIAN_POINT('Origin',(-54.1265877365274,31.2500000000001,-129.214260047242));
#13349=CARTESIAN_POINT('Origin',(-54.1265877365274,31.2500000000001,-129.999974332957));
#13350=CARTESIAN_POINT('',(-47.3408734508129,31.2500000000001,-129.999974332957));
#13351=CARTESIAN_POINT('Origin',(54.1265877365274,31.2500000000001,-140.));
#13352=CARTESIAN_POINT('',(60.6265877365274,31.2500000000001,-140.));
#13353=CARTESIAN_POINT('Origin',(54.1265877365275,31.2499999999998,-140.));
#13354=CARTESIAN_POINT('',(60.6265877365274,31.2500000000001,-142.5));
#13355=CARTESIAN_POINT('',(60.6265877365274,31.2500000000001,-140.));
#13356=CARTESIAN_POINT('',(50.8765877365276,25.620834875401,-142.5));
#13357=CARTESIAN_POINT('Origin',(54.1265877365276,31.2499999999998,-142.5));
#13358=CARTESIAN_POINT('Origin',(54.1265877365276,31.2499999999998,-142.5));
#13359=CARTESIAN_POINT('Origin',(54.1265877365276,31.2499999999998,-142.5));
#13360=CARTESIAN_POINT('',(51.1265877365276,26.0538475772932,-142.));
#13361=CARTESIAN_POINT('',(50.8765877365276,25.620834875401,-142.5));
#13362=CARTESIAN_POINT('Origin',(54.1265877365276,31.2499999999998,-142.));
#13363=CARTESIAN_POINT('Origin',(54.1265877365276,31.2499999999998,-177.));
#13364=CARTESIAN_POINT('',(51.1265877365276,26.0538475772932,-140.));
#13365=CARTESIAN_POINT('',(51.1265877365276,26.0538475772932,-177.));
#13366=CARTESIAN_POINT('Origin',(54.1265877365276,31.2499999999998,-140.));
#13367=CARTESIAN_POINT('Origin',(0.,0.,-140.));
#13368=CARTESIAN_POINT('Origin',(-1.46957615897682E-15,-62.5,-140.));
#13369=CARTESIAN_POINT('',(6.5,-62.5,-140.));
#13370=CARTESIAN_POINT('Origin',(-1.46957615897682E-15,-62.5,-140.));
#13371=CARTESIAN_POINT('',(6.5,-62.5,-142.5));
#13372=CARTESIAN_POINT('',(6.5,-62.5,-140.));
#13373=CARTESIAN_POINT('',(-3.25000000000014,-56.8708348754013,-142.5));
#13374=CARTESIAN_POINT('Origin',(-1.52655665885959E-13,-62.5000000000001,
-142.5));
#13375=CARTESIAN_POINT('Origin',(-1.52655665885959E-13,-62.5000000000001,
-142.5));
#13376=CARTESIAN_POINT('Origin',(-1.52655665885959E-13,-62.5000000000001,
-142.5));
#13377=CARTESIAN_POINT('',(-3.00000000000014,-57.3038475772935,-142.));
#13378=CARTESIAN_POINT('',(-3.25000000000014,-56.8708348754013,-142.5));
#13379=CARTESIAN_POINT('Origin',(-1.52655665885959E-13,-62.5000000000001,
-142.));
#13380=CARTESIAN_POINT('Origin',(-1.52655665885959E-13,-62.5000000000001,
-177.));
#13381=CARTESIAN_POINT('',(-3.00000000000014,-57.3038475772935,-140.));
#13382=CARTESIAN_POINT('',(-3.00000000000014,-57.3038475772935,-177.));
#13383=CARTESIAN_POINT('Origin',(-1.52655665885959E-13,-62.5000000000001,
-140.));
#13384=CARTESIAN_POINT('Origin',(0.,0.,-140.));
#13385=CARTESIAN_POINT('Origin',(-54.1265877365274,31.2500000000001,-140.));
#13386=CARTESIAN_POINT('',(-47.6265877365274,31.2500000000001,-140.));
#13387=CARTESIAN_POINT('Origin',(-54.1265877365274,31.25,-140.));
#13388=CARTESIAN_POINT('',(-47.6265877365274,31.2500000000001,-142.5));
#13389=CARTESIAN_POINT('',(-47.6265877365274,31.2500000000001,-140.));
#13390=CARTESIAN_POINT('Origin',(-54.1265877365274,31.2500000000001,-142.5));
#13391=CARTESIAN_POINT('Origin',(-54.1265877365274,31.2500000000001,-142.5));
#13392=CARTESIAN_POINT('',(-48.1265877365274,31.2500000000001,-142.));
#13393=CARTESIAN_POINT('',(-47.6265877365274,31.2500000000001,-142.5));
#13394=CARTESIAN_POINT('Origin',(-54.1265877365274,31.2500000000001,-142.));
#13395=CARTESIAN_POINT('Origin',(-54.1265877365274,31.2500000000001,-177.));
#13396=CARTESIAN_POINT('',(-48.1265877365274,31.2500000000001,-140.));
#13397=CARTESIAN_POINT('',(-48.1265877365274,31.2500000000001,-177.));
#13398=CARTESIAN_POINT('Origin',(-54.1265877365274,31.2500000000001,-140.));
#13399=CARTESIAN_POINT('Origin',(0.,0.,-140.));
#13400=CARTESIAN_POINT('Origin',(-54.1265877365275,-31.2499999999999,-123.));
#13401=CARTESIAN_POINT('',(-57.1265877365275,-26.0538475772933,-170.));
#13402=CARTESIAN_POINT('Origin',(-54.1265877365275,-31.2499999999999,-170.));
#13403=CARTESIAN_POINT('',(-57.1265877365275,-26.0538475772933,-170.785739952758));
#13404=CARTESIAN_POINT('',(-57.1265877365275,-26.0538475772933,-123.));
#13405=CARTESIAN_POINT('Origin',(-54.1265877365275,-31.2499999999999,-170.785739952758));
#13406=CARTESIAN_POINT('Origin',(-54.1265877365275,-31.2499999999999,-170.000025667043));
#13407=CARTESIAN_POINT('',(-57.5194577129063,-25.3733768174369,-170.));
#13408=CARTESIAN_POINT('',(-57.5194448793848,-25.3733990457482,-170.000025667043));
#13409=CARTESIAN_POINT('Origin',(-54.1265877365275,-31.2499999999999,-170.));
#13410=CARTESIAN_POINT('Origin',(0.,0.,-170.));
#13411=CARTESIAN_POINT('Origin',(54.1265877365273,-31.2500000000002,-123.));
#13412=CARTESIAN_POINT('',(51.1265877365273,-36.4461524227068,-170.));
#13413=CARTESIAN_POINT('Origin',(54.1265877365273,-31.2500000000002,-170.));
#13414=CARTESIAN_POINT('',(51.1265877365273,-36.4461524227068,-170.785739952758));
#13415=CARTESIAN_POINT('',(51.1265877365273,-36.4461524227068,-123.));
#13416=CARTESIAN_POINT('Origin',(54.1265877365273,-31.2500000000002,-170.785739952758));
#13417=CARTESIAN_POINT('Origin',(54.1265877365273,-31.2500000000002,-170.000025667043));
#13418=CARTESIAN_POINT('',(50.7337177601485,-37.1266231825632,-170.));
#13419=CARTESIAN_POINT('',(50.73373059367,-37.1266009542519,-170.000025667043));
#13420=CARTESIAN_POINT('Origin',(54.1265877365273,-31.2500000000002,-170.));
#13421=CARTESIAN_POINT('Origin',(0.,0.,-170.));
#13422=CARTESIAN_POINT('Origin',(-54.1265877365273,-31.2500000000002,-140.));
#13423=CARTESIAN_POINT('',(-47.6265877365275,-31.2499999999999,-157.5));
#13424=CARTESIAN_POINT('',(-57.3765877365275,-25.620834875401,-157.5));
#13425=CARTESIAN_POINT('Origin',(-54.1265877365275,-31.2499999999999,-157.5));
#13426=CARTESIAN_POINT('',(-47.6265877365273,-31.2500000000002,-160.));
#13427=CARTESIAN_POINT('',(-47.6265877365273,-31.2500000000002,-140.));
#13428=CARTESIAN_POINT('Origin',(-54.1265877365275,-31.2499999999999,-160.));
#13429=CARTESIAN_POINT('Origin',(-54.1265877365275,-31.2499999999999,-157.5));
#13430=CARTESIAN_POINT('Origin',(-54.1265877365275,-31.2499999999999,-157.5));
#13431=CARTESIAN_POINT('',(-57.1265877365275,-26.0538475772933,-158.));
#13432=CARTESIAN_POINT('',(-57.3765877365275,-25.620834875401,-157.5));
#13433=CARTESIAN_POINT('Origin',(-54.1265877365275,-31.2499999999999,-158.));
#13434=CARTESIAN_POINT('Origin',(-54.1265877365275,-31.2499999999999,-123.));
#13435=CARTESIAN_POINT('',(-57.1265877365275,-26.0538475772933,-160.));
#13436=CARTESIAN_POINT('',(-57.1265877365275,-26.0538475772933,-123.));
#13437=CARTESIAN_POINT('Origin',(-54.1265877365275,-31.2499999999999,-160.));
#13438=CARTESIAN_POINT('Origin',(0.,0.,-160.));
#13439=CARTESIAN_POINT('Origin',(54.1265877365275,-31.2499999999999,-140.));
#13440=CARTESIAN_POINT('',(60.6265877365273,-31.2500000000002,-157.5));
#13441=CARTESIAN_POINT('',(50.8765877365273,-36.879165124599,-157.5));
#13442=CARTESIAN_POINT('Origin',(54.1265877365273,-31.2500000000002,-157.5));
#13443=CARTESIAN_POINT('',(60.6265877365275,-31.2499999999999,-160.));
#13444=CARTESIAN_POINT('',(60.6265877365275,-31.2499999999999,-140.));
#13445=CARTESIAN_POINT('Origin',(54.1265877365273,-31.2500000000002,-160.));
#13446=CARTESIAN_POINT('Origin',(54.1265877365273,-31.2500000000002,-157.5));
#13447=CARTESIAN_POINT('Origin',(54.1265877365273,-31.2500000000002,-157.5));
#13448=CARTESIAN_POINT('',(51.1265877365273,-36.4461524227068,-158.));
#13449=CARTESIAN_POINT('',(50.8765877365273,-36.879165124599,-157.5));
#13450=CARTESIAN_POINT('Origin',(54.1265877365273,-31.2500000000002,-158.));
#13451=CARTESIAN_POINT('Origin',(54.1265877365273,-31.2500000000002,-123.));
#13452=CARTESIAN_POINT('',(51.1265877365273,-36.4461524227068,-160.));
#13453=CARTESIAN_POINT('',(51.1265877365273,-36.4461524227068,-123.));
#13454=CARTESIAN_POINT('Origin',(54.1265877365273,-31.2500000000002,-160.));
#13455=CARTESIAN_POINT('Origin',(0.,0.,-160.));
#13456=CARTESIAN_POINT('Origin',(0.,0.,-170.));
#13457=CARTESIAN_POINT('',(6.7857399527575,62.5,-170.));
#13458=CARTESIAN_POINT('Origin',(0.,62.5,-170.));
#13459=CARTESIAN_POINT('',(-6.5,62.5,-170.));
#13460=CARTESIAN_POINT('Origin',(1.46957615897682E-15,62.5,-170.));
#13461=CARTESIAN_POINT('Origin',(1.46957615897682E-15,62.5,-180.));
#13462=CARTESIAN_POINT('',(-6.5,62.5,-157.5));
#13463=CARTESIAN_POINT('',(-6.5,62.5,-180.));
#13464=CARTESIAN_POINT('',(6.5,62.5,-157.5));
#13465=CARTESIAN_POINT('Origin',(0.,62.5,-157.5));
#13466=CARTESIAN_POINT('Origin',(0.,62.5,-157.5));
#13467=CARTESIAN_POINT('Origin',(0.,62.5,-123.));
#13468=CARTESIAN_POINT('',(6.,62.5,-158.));
#13469=CARTESIAN_POINT('Origin',(0.,62.5,-158.));
#13470=CARTESIAN_POINT('',(6.,62.5,-170.785739952758));
#13471=CARTESIAN_POINT('',(6.,62.5,-123.));
#13472=CARTESIAN_POINT('Origin',(0.,62.5,-170.785739952758));
#13473=CARTESIAN_POINT('Origin',(0.,62.5,-170.000025667043));
#13474=CARTESIAN_POINT('',(6.7857142857145,62.5,-170.000025667043));
#13475=CARTESIAN_POINT('Origin',(0.,62.5,-157.5));
#13476=CARTESIAN_POINT('',(6.5,62.5,-157.5));
#13477=CARTESIAN_POINT('Origin',(0.,0.,-160.));
#13478=CARTESIAN_POINT('',(-75.,-9.18485099360515E-15,-160.));
#13479=CARTESIAN_POINT('Origin',(0.,0.,-160.));
#13480=CARTESIAN_POINT('',(21.3834047803443,6.9999999999982,-160.));
#13481=CARTESIAN_POINT('',(21.3834047803443,-6.99999999999818,-160.));
#13482=CARTESIAN_POINT('Origin',(0.,0.,-160.));
#13483=CARTESIAN_POINT('',(26.3,7.,-160.));
#13484=CARTESIAN_POINT('',(26.3,7.,-160.));
#13485=CARTESIAN_POINT('',(26.3,-7.,-160.));
#13486=CARTESIAN_POINT('',(26.3,-7.,-160.));
#13487=CARTESIAN_POINT('',(21.3834047803437,-7.,-160.));
#13488=CARTESIAN_POINT('',(-59.1265877365274,22.5897459621556,-160.));
#13489=CARTESIAN_POINT('Origin',(-54.1265877365274,31.25,-160.));
#13490=CARTESIAN_POINT('',(10.,-62.5,-160.));
#13491=CARTESIAN_POINT('Origin',(-1.46957615897682E-15,-62.5,-160.));
#13492=CARTESIAN_POINT('',(49.1265877365275,39.9102540378442,-160.));
#13493=CARTESIAN_POINT('Origin',(54.1265877365275,31.2499999999998,-160.));
#13494=CARTESIAN_POINT('',(-10.,62.5,-160.));
#13495=CARTESIAN_POINT('Origin',(1.46957615897682E-15,62.5,-160.));
#13496=CARTESIAN_POINT('',(59.1265877365273,-22.5897459621558,-160.));
#13497=CARTESIAN_POINT('Origin',(54.1265877365273,-31.2500000000002,-160.));
#13498=CARTESIAN_POINT('',(-49.1265877365275,-39.9102540378443,-160.));
#13499=CARTESIAN_POINT('Origin',(-54.1265877365275,-31.2499999999999,-160.));
#13500=CARTESIAN_POINT('Origin',(0.,0.,-170.));
#13501=CARTESIAN_POINT('',(-75.,-9.18485099360515E-15,-170.));
#13502=CARTESIAN_POINT('Origin',(0.,0.,-170.));
#13503=CARTESIAN_POINT('',(5.19615242270649,-53.5,-170.));
#13504=CARTESIAN_POINT('',(-5.19615242270676,-53.5,-170.));
#13505=CARTESIAN_POINT('',(5.1961524227065,-53.5000000000001,-170.));
#13506=CARTESIAN_POINT('',(-10.3923048454134,-62.5,-170.));
#13507=CARTESIAN_POINT('',(-5.19615242270677,-53.5,-170.));
#13508=CARTESIAN_POINT('',(-5.1961524227068,-71.5,-170.));
#13509=CARTESIAN_POINT('',(-10.3923048454134,-62.5,-170.));
#13510=CARTESIAN_POINT('',(5.19615242270646,-71.5000000000001,-170.));
#13511=CARTESIAN_POINT('',(-5.1961524227068,-71.5,-170.));
#13512=CARTESIAN_POINT('',(10.3923048454131,-62.5000000000001,-170.));
#13513=CARTESIAN_POINT('',(5.19615242270646,-71.5000000000001,-170.));
#13514=CARTESIAN_POINT('',(10.3923048454131,-62.5000000000001,-170.));
#13515=CARTESIAN_POINT('',(-8.66371827096454,60.0628151035051,-170.000023947677));
#13516=CARTESIAN_POINT('',(-8.68262399358708,64.8689502072297,-170.000023947677));
#13517=CARTESIAN_POINT('',(-8.42732709441204,-0.0331502766896937,-170.));
#13518=CARTESIAN_POINT('',(-6.39288305655486,56.1651021536602,-170.000023947677));
#13519=CARTESIAN_POINT('Origin',(-1.11022302462516E-13,62.5,-170.000023947677));
#13520=CARTESIAN_POINT('',(-2.22119510139787,53.7784074378659,-170.000023947677));
#13521=CARTESIAN_POINT('',(22.6324890812048,39.5591784196257,-170.));
#13522=CARTESIAN_POINT('',(2.28974093703224,53.7961519464304,-170.000023947677));
#13523=CARTESIAN_POINT('Origin',(7.04991620636974E-14,62.500000000001,-170.000023947678));
#13524=CARTESIAN_POINT('',(6.44252316956667,56.2155923343608,-170.000023947677));
#13525=CARTESIAN_POINT('',(-22.8192462863586,39.1674707137049,-170.));
#13526=CARTESIAN_POINT('',(8.68262399358708,60.1310497927703,-170.000023947677));
#13527=CARTESIAN_POINT('Origin',(-7.105427357601E-14,62.5,-170.000023947677));
#13528=CARTESIAN_POINT('',(8.66371827096453,64.9371848964949,-170.000023947677));
#13529=CARTESIAN_POINT('',(8.91902753762931,0.0350844612251342,-170.));
#13530=CARTESIAN_POINT('',(6.39288305655486,68.8348978463399,-170.000023947677));
#13531=CARTESIAN_POINT('Origin',(-1.85407245112401E-13,62.5,-170.000023947678));
#13532=CARTESIAN_POINT('',(2.22119510139787,71.2215925621342,-170.000023947677));
#13533=CARTESIAN_POINT('',(31.2465733807707,54.6156795629848,-170.));
#13534=CARTESIAN_POINT('',(-2.28974093703222,71.2038480535696,-170.000023947677));
#13535=CARTESIAN_POINT('Origin',(-7.02216063075412E-14,62.4999999999992,
-170.000023947678));
#13536=CARTESIAN_POINT('',(-6.44252316956666,68.7844076656392,-170.000023947677));
#13537=CARTESIAN_POINT('',(-31.5515166188341,54.1557371191492,-170.));
#13538=CARTESIAN_POINT('Origin',(1.4432899320127E-14,62.5,-170.000023947678));
#13539=CARTESIAN_POINT('',(56.3477828379252,-22.528407437866,-170.000023947677));
#13540=CARTESIAN_POINT('',(60.5194707930822,-24.9151021536603,-170.000023947677));
#13541=CARTESIAN_POINT('',(4.18495456545028,7.31485448810655,-170.));
#13542=CARTESIAN_POINT('',(51.8368467994952,-22.5461519464306,-170.000023947677));
#13543=CARTESIAN_POINT('Origin',(54.1265877365274,-31.250000000001,-170.000023947677));
#13544=CARTESIAN_POINT('',(47.6840645669607,-24.965592334361,-170.000023947677));
#13545=CARTESIAN_POINT('',(22.9430089236345,-39.3798997050102,-170.));
#13546=CARTESIAN_POINT('',(45.4439637429402,-28.8810497927704,-170.000023947677));
#13547=CARTESIAN_POINT('Origin',(54.1265877365276,-31.2500000000005,-170.000023947678));
#13548=CARTESIAN_POINT('',(45.4628694655628,-33.6871848964951,-170.000023947677));
#13549=CARTESIAN_POINT('',(45.3296477832308,0.178311622347699,-170.));
#13550=CARTESIAN_POINT('',(47.7337046799724,-37.58489784634,-170.000023947677));
#13551=CARTESIAN_POINT('Origin',(54.1265877365278,-31.2499999999999,-170.000023947677));
#13552=CARTESIAN_POINT('',(51.9053926351294,-39.9715925621343,-170.000023947677));
#13553=CARTESIAN_POINT('',(-4.42912973411562,-7.7416466552525,-170.));
#13554=CARTESIAN_POINT('',(56.4163286735595,-39.9538480535697,-170.000023947677));
#13555=CARTESIAN_POINT('Origin',(54.1265877365272,-31.2500000000009,-170.000023947677));
#13556=CARTESIAN_POINT('',(60.569110906094,-37.5344076656394,-170.000023947677));
#13557=CARTESIAN_POINT('',(31.6752792561099,-54.3681661104545,-170.));
#13558=CARTESIAN_POINT('',(62.8092117301144,-33.6189502072299,-170.000023947677));
#13559=CARTESIAN_POINT('Origin',(54.1265877365274,-31.2500000000003,-170.000023947677));
#13560=CARTESIAN_POINT('',(62.7903060074919,-28.8128151035053,-170.000023947677));
#13561=CARTESIAN_POINT('',(62.6760024152721,0.246546360262474,-170.));
#13562=CARTESIAN_POINT('Origin',(54.1265877365272,-31.2500000000002,-170.000023947677));
#13563=CARTESIAN_POINT('',(-47.6840645669608,-37.5344076656391,-170.000023947677));
#13564=CARTESIAN_POINT('',(-51.8368467994953,-39.9538480535695,-170.000023947677));
#13565=CARTESIAN_POINT('',(4.24237252896176,-7.28170421141688,-170.));
#13566=CARTESIAN_POINT('',(-45.4439637429404,-33.6189502072296,-170.000023947677));
#13567=CARTESIAN_POINT('Origin',(-54.126587736527,-31.2500000000003,-170.000023947677));
#13568=CARTESIAN_POINT('',(-45.4628694655629,-28.812815103505,-170.000023947677));
#13569=CARTESIAN_POINT('',(-45.5754980048394,-0.179278714615489,-170.));
#13570=CARTESIAN_POINT('',(-47.7337046799726,-24.9151021536601,-170.000023947677));
#13571=CARTESIAN_POINT('Origin',(-54.1265877365271,-31.2499999999998,-170.000023947677));
#13572=CARTESIAN_POINT('',(-51.9053926351296,-22.5284074378658,-170.000023947677));
#13573=CARTESIAN_POINT('',(-22.5104014968722,-39.3457823360527,-170.));
#13574=CARTESIAN_POINT('',(-56.4163286735597,-22.5461519464304,-170.000023947677));
#13575=CARTESIAN_POINT('Origin',(-54.1265877365274,-31.2499999999995,-170.000023947677));
#13576=CARTESIAN_POINT('',(-60.5691109060941,-24.9655923343607,-170.000023947677));
#13577=CARTESIAN_POINT('',(-4.4898978035137,7.70656219402738,-170.));
#13578=CARTESIAN_POINT('',(-62.8092117301146,-28.8810497927702,-170.000023947677));
#13579=CARTESIAN_POINT('Origin',(-54.1265877365279,-31.2499999999998,-170.000023947677));
#13580=CARTESIAN_POINT('',(-62.790306007492,-33.6871848964948,-170.000023947677));
#13581=CARTESIAN_POINT('',(-62.9218526368808,-0.247513452530291,-170.));
#13582=CARTESIAN_POINT('',(-60.5194707930824,-37.5848978463398,-170.000023947677));
#13583=CARTESIAN_POINT('Origin',(-54.1265877365272,-31.2499999999999,-170.000023947678));
#13584=CARTESIAN_POINT('',(-56.3477828379254,-39.9715925621341,-170.000023947677));
#13585=CARTESIAN_POINT('',(-31.1244857964381,-54.4022834794118,-170.));
#13586=CARTESIAN_POINT('Origin',(-54.1265877365276,-31.2499999999994,-170.000023947677));
#13587=CARTESIAN_POINT('',(43.7342828911143,31.2499999999998,-170.));
#13588=CARTESIAN_POINT('',(48.9304353138209,22.2499999999998,-170.));
#13589=CARTESIAN_POINT('',(43.7342828911143,31.2499999999998,-170.));
#13590=CARTESIAN_POINT('',(59.3227401592342,22.2499999999998,-170.));
#13591=CARTESIAN_POINT('',(48.9304353138209,22.2499999999998,-170.));
#13592=CARTESIAN_POINT('',(64.5188925819408,31.2499999999998,-170.));
#13593=CARTESIAN_POINT('',(59.3227401592342,22.2499999999998,-170.));
#13594=CARTESIAN_POINT('',(59.3227401592342,40.2499999999998,-170.));
#13595=CARTESIAN_POINT('',(64.5188925819408,31.2499999999998,-170.));
#13596=CARTESIAN_POINT('',(48.930435313821,40.2499999999998,-170.));
#13597=CARTESIAN_POINT('',(59.3227401592342,40.2499999999998,-170.));
#13598=CARTESIAN_POINT('',(48.930435313821,40.2499999999998,-170.));
#13599=CARTESIAN_POINT('',(-48.9304353138208,22.2500000000001,-170.));
#13600=CARTESIAN_POINT('',(-43.7342828911142,31.2500000000001,-170.));
#13601=CARTESIAN_POINT('',(-48.9304353138208,22.2500000000001,-170.));
#13602=CARTESIAN_POINT('',(-48.9304353138208,40.2500000000001,-170.));
#13603=CARTESIAN_POINT('',(-43.7342828911142,31.2500000000001,-170.));
#13604=CARTESIAN_POINT('',(-59.3227401592341,40.2500000000001,-170.));
#13605=CARTESIAN_POINT('',(-48.9304353138208,40.2500000000001,-170.));
#13606=CARTESIAN_POINT('',(-64.5188925819407,31.2500000000001,-170.));
#13607=CARTESIAN_POINT('',(-59.3227401592341,40.2500000000001,-170.));
#13608=CARTESIAN_POINT('',(-59.3227401592341,22.2500000000001,-170.));
#13609=CARTESIAN_POINT('',(-64.5188925819407,31.2500000000001,-170.));
#13610=CARTESIAN_POINT('',(-59.3227401592341,22.2500000000001,-170.));
#13611=CARTESIAN_POINT('',(-40.,-4.89858719658941E-15,-170.));
#13612=CARTESIAN_POINT('Origin',(0.,0.,-170.));
#13613=CARTESIAN_POINT('Origin',(0.,0.,-220.));
#13614=CARTESIAN_POINT('',(-40.,-4.89858719658941E-15,-220.));
#13615=CARTESIAN_POINT('',(-40.,-4.89858719658941E-15,-220.));
#13616=CARTESIAN_POINT('Origin',(0.,0.,-220.));
#13617=CARTESIAN_POINT('',(40.,0.,-200.15));
#13618=CARTESIAN_POINT('',(40.,-6.94520083492284E-13,-189.85));
#13619=CARTESIAN_POINT('Ctrl Pts',(40.,-6.94999613415348E-13,-200.15));
#13620=CARTESIAN_POINT('Ctrl Pts',(40.,0.567591304853896,-200.15));
#13621=CARTESIAN_POINT('Ctrl Pts',(39.9869530503798,1.16839294303667,-200.05167256426));
#13622=CARTESIAN_POINT('Ctrl Pts',(39.9623580033404,1.73491867615024,-199.848974859405));
#13623=CARTESIAN_POINT('Ctrl Pts',(39.9374526622923,2.30859176460092,-199.643719896446));
#13624=CARTESIAN_POINT('Ctrl Pts',(39.9011117088284,2.84735754514389,-199.331562211958));
#13625=CARTESIAN_POINT('Ctrl Pts',(39.863654258603,3.29985895919217,-198.953913358868));
#13626=CARTESIAN_POINT('Ctrl Pts',(39.8436071635047,3.54203611820759,-198.751797026173));
#13627=CARTESIAN_POINT('Ctrl Pts',(39.8236604140404,3.75728662925289,-198.536223300615));
#13628=CARTESIAN_POINT('Ctrl Pts',(39.8035868626111,3.95910000764956,-198.293634334504));
#13629=CARTESIAN_POINT('Ctrl Pts',(39.7661394276676,4.33558512464019,-197.841081902091));
#13630=CARTESIAN_POINT('Ctrl Pts',(39.7297426813648,4.64649482095575,-197.302739994961));
#13631=CARTESIAN_POINT('Ctrl Pts',(39.7047811384163,4.85080970049943,-196.729781850273));
#13632=CARTESIAN_POINT('Ctrl Pts',(39.6830301850974,5.02884530576991,-196.230518407924));
#13633=CARTESIAN_POINT('Ctrl Pts',(39.670116898435,5.12661815233837,-195.704774257658));
#13634=CARTESIAN_POINT('Ctrl Pts',(39.6675813510725,5.14616262432927,-195.198771838924));
#13635=CARTESIAN_POINT('Ctrl Pts',(39.6664445228122,5.15492550859702,-194.971902541221));
#13636=CARTESIAN_POINT('Ctrl Pts',(39.6672193318044,5.14899817529506,-194.748137509149));
#13637=CARTESIAN_POINT('Ctrl Pts',(39.6700034479002,5.12745808794007,-194.518675206944));
#13638=CARTESIAN_POINT('Ctrl Pts',(39.6770937319839,5.072602136078,-193.934305571088));
#13639=CARTESIAN_POINT('Ctrl Pts',(39.6981880227912,4.91143506111703,-193.336749993421));
#13640=CARTESIAN_POINT('Ctrl Pts',(39.7285868982446,4.65181502949411,-192.790222424911));
#13641=CARTESIAN_POINT('Ctrl Pts',(39.7496449432498,4.47196987967764,-192.41162940255));
#13642=CARTESIAN_POINT('Ctrl Pts',(39.7748895139514,4.2455869161857,-192.056730350912));
#13643=CARTESIAN_POINT('Ctrl Pts',(39.8006683317003,3.98833302897151,-191.741825718288));
#13644=CARTESIAN_POINT('Ctrl Pts',(39.8220046608415,3.77541195307522,-191.481188905725));
#13645=CARTESIAN_POINT('Ctrl Pts',(39.8432723907514,3.54696176467983,-191.251078728484));
#13646=CARTESIAN_POINT('Ctrl Pts',(39.8645985368908,3.28843176795982,-191.036577677377));
#13647=CARTESIAN_POINT('Ctrl Pts',(39.9019585438495,2.83552844387189,-190.6608060443));
#13648=CARTESIAN_POINT('Ctrl Pts',(39.9381026465396,2.29710210544579,-190.350768098564));
#13649=CARTESIAN_POINT('Ctrl Pts',(39.9628178882778,1.7242930227608,-190.147236501574));
#13650=CARTESIAN_POINT('Ctrl Pts',(39.9871269454236,1.16089781618762,-189.947049860691));
#13651=CARTESIAN_POINT('Ctrl Pts',(40.,0.564044052690283,-189.85));
#13652=CARTESIAN_POINT('Ctrl Pts',(40.,-6.95776769532586E-13,-189.85));
#13653=CARTESIAN_POINT('Ctrl Pts',(40.,-6.95332680322736E-13,-189.85));
#13654=CARTESIAN_POINT('Ctrl Pts',(40.,-0.567591304858756,-189.85));
#13655=CARTESIAN_POINT('Ctrl Pts',(39.9869530503796,-1.1683929430454,-189.948327435742));
#13656=CARTESIAN_POINT('Ctrl Pts',(39.9623580033399,-1.73491867616202,-190.151025140599));
#13657=CARTESIAN_POINT('Ctrl Pts',(39.9374526622914,-2.30859176461852,-190.356280103561));
#13658=CARTESIAN_POINT('Ctrl Pts',(39.9011117088269,-2.84735754516618,-190.668437788055));
#13659=CARTESIAN_POINT('Ctrl Pts',(39.863654258601,-3.29985895921651,-191.046086641151));
#13660=CARTESIAN_POINT('Ctrl Pts',(39.8436071635033,-3.542036118223,-191.248202973841));
#13661=CARTESIAN_POINT('Ctrl Pts',(39.8236604140395,-3.7572866292611,-191.463776699393));
#13662=CARTESIAN_POINT('Ctrl Pts',(39.8035868626109,-3.95910000765156,-191.706365665497));
#13663=CARTESIAN_POINT('Ctrl Pts',(39.7661394276674,-4.33558512464158,-192.158918097909));
#13664=CARTESIAN_POINT('Ctrl Pts',(39.7297426813647,-4.64649482095675,-192.697260005039));
#13665=CARTESIAN_POINT('Ctrl Pts',(39.7047811384162,-4.85080970050029,-193.270218149726));
#13666=CARTESIAN_POINT('Ctrl Pts',(39.6830301850973,-5.02884530577093,-193.769481592075));
#13667=CARTESIAN_POINT('Ctrl Pts',(39.6701168984349,-5.12661815233958,-194.295225742341));
#13668=CARTESIAN_POINT('Ctrl Pts',(39.6675813510723,-5.14616262433061,-194.801228161074));
#13669=CARTESIAN_POINT('Ctrl Pts',(39.666444522812,-5.15492550859832,-195.028097458776));
#13670=CARTESIAN_POINT('Ctrl Pts',(39.6672193318041,-5.14899817529664,-195.251862490845));
#13671=CARTESIAN_POINT('Ctrl Pts',(39.6700034479,-5.12745808794229,-195.481324793048));
#13672=CARTESIAN_POINT('Ctrl Pts',(39.6770937319835,-5.07260213608128,-196.065694428903));
#13673=CARTESIAN_POINT('Ctrl Pts',(39.6981880227906,-4.91143506112164,-196.663250006569));
#13674=CARTESIAN_POINT('Ctrl Pts',(39.7285868982439,-4.65181502950002,-197.20977757508));
#13675=CARTESIAN_POINT('Ctrl Pts',(39.7496449432488,-4.47196987968651,-197.588370597436));
#13676=CARTESIAN_POINT('Ctrl Pts',(39.77488951395,-4.24558691619859,-197.943269649071));
#13677=CARTESIAN_POINT('Ctrl Pts',(39.8006683316986,-3.98833302898877,-198.258174281693));
#13678=CARTESIAN_POINT('Ctrl Pts',(39.8220046608403,-3.77541195308792,-198.518811094264));
#13679=CARTESIAN_POINT('Ctrl Pts',(39.8432723907508,-3.54696176468702,-198.748921271511));
#13680=CARTESIAN_POINT('Ctrl Pts',(39.8645985368907,-3.28843176796017,-198.963422322624));
#13681=CARTESIAN_POINT('Ctrl Pts',(39.9019585438495,-2.83552844387214,-199.339193955701));
#13682=CARTESIAN_POINT('Ctrl Pts',(39.9381026465396,-2.29710210544598,-199.649231901437));
#13683=CARTESIAN_POINT('Ctrl Pts',(39.9628178882778,-1.72429302276095,-199.852763498426));
#13684=CARTESIAN_POINT('Ctrl Pts',(39.9871269454235,-1.16089781618814,-200.05295013931));
#13685=CARTESIAN_POINT('Ctrl Pts',(40.,-0.564044052691253,-200.15));
#13686=CARTESIAN_POINT('Ctrl Pts',(40.,-6.93556323483335E-13,-200.15));
#13687=CARTESIAN_POINT('Origin',(0.,0.,-220.));
#13688=CARTESIAN_POINT('',(21.3834047803443,6.9999999999982,-220.));
#13689=CARTESIAN_POINT('',(21.3834047803443,-6.99999999999818,-220.));
#13690=CARTESIAN_POINT('Origin',(0.,0.,-220.));
#13691=CARTESIAN_POINT('',(26.3,-7.,-220.));
#13692=CARTESIAN_POINT('',(21.3834047803437,-7.,-220.));
#13693=CARTESIAN_POINT('',(26.3,7.,-220.));
#13694=CARTESIAN_POINT('',(26.3,-7.,-220.));
#13695=CARTESIAN_POINT('',(26.3,7.,-220.));
#13696=CARTESIAN_POINT('Origin',(0.,0.,-220.));
#13697=CARTESIAN_POINT('',(21.3834047803443,-6.99999999999818,-220.));
#13698=CARTESIAN_POINT('',(21.3834047803443,6.9999999999982,-220.));
#13699=CARTESIAN_POINT('Origin',(21.3834047803437,-7.,-220.));
#13700=CARTESIAN_POINT('',(26.3,-7.,-220.));
#13701=CARTESIAN_POINT('Origin',(26.3,-7.,-220.));
#13702=CARTESIAN_POINT('',(26.3,7.,-220.));
#13703=CARTESIAN_POINT('',(26.3,-6.94520083492284E-13,-189.85));
#13704=CARTESIAN_POINT('Origin',(26.3,-6.93889390390723E-13,-195.));
#13705=CARTESIAN_POINT('Origin',(0.,0.,-220.));
#13706=CARTESIAN_POINT('',(-75.,-9.18485099360515E-15,-220.));
#13707=CARTESIAN_POINT('Origin',(26.3,7.,-220.));
#13708=CARTESIAN_POINT('Origin',(-10.,-6.93889390390723E-13,-195.));
#13709=CARTESIAN_POINT('',(-10.,-6.94520083492284E-13,-189.85));
#13710=CARTESIAN_POINT('Origin',(-54.1265877365274,13.2500000000001,-177.));
#13711=CARTESIAN_POINT('',(-62.498166639777,31.2500000000001,-177.));
#13712=CARTESIAN_POINT('Origin',(-54.1265877365274,31.2500000000001,-177.));
#13713=CARTESIAN_POINT('Origin',(-54.1265877365274,31.2500000000001,-175.833333333333));
#13714=CARTESIAN_POINT('',(-59.3227401592341,22.2500000000001,-175.833333333333));
#13715=CARTESIAN_POINT('',(-48.9304353138208,22.2500000000001,-175.833333333333));
#13716=CARTESIAN_POINT('Ctrl Pts',(-59.3227401592376,22.2500000000001,-175.833333333332));
#13717=CARTESIAN_POINT('Ctrl Pts',(-54.1265877365274,22.2500000000001,-177.333333333334));
#13718=CARTESIAN_POINT('Ctrl Pts',(-48.9304353138173,22.2500000000001,-175.833333333332));
#13719=CARTESIAN_POINT('',(-64.5188925819407,31.2500000000001,-175.833333333333));
#13720=CARTESIAN_POINT('Ctrl Pts',(-64.5188925819425,31.2500000000032,-175.833333333332));
#13721=CARTESIAN_POINT('Ctrl Pts',(-61.9208163705874,26.7500000000001,-177.333333333334));
#13722=CARTESIAN_POINT('Ctrl Pts',(-59.3227401592323,22.2499999999971,-175.833333333332));
#13723=CARTESIAN_POINT('',(-64.5188925819407,31.2500000000001,-175.833333333333));
#13724=CARTESIAN_POINT('',(-59.3227401592341,40.2500000000001,-175.833333333333));
#13725=CARTESIAN_POINT('Ctrl Pts',(-59.3227401592323,40.2500000000032,-175.833333333332));
#13726=CARTESIAN_POINT('Ctrl Pts',(-61.9208163705874,35.7500000000001,-177.333333333334));
#13727=CARTESIAN_POINT('Ctrl Pts',(-64.5188925819424,31.2499999999972,-175.833333333332));
#13728=CARTESIAN_POINT('',(-48.9304353138208,40.2500000000001,-175.833333333333));
#13729=CARTESIAN_POINT('Ctrl Pts',(-48.9304353138173,40.2500000000001,-175.833333333332));
#13730=CARTESIAN_POINT('Ctrl Pts',(-54.1265877365275,40.2500000000001,-177.333333333334));
#13731=CARTESIAN_POINT('Ctrl Pts',(-59.3227401592377,40.2500000000001,-175.833333333332));
#13732=CARTESIAN_POINT('',(-43.7342828911142,31.2500000000001,-175.833333333333));
#13733=CARTESIAN_POINT('Ctrl Pts',(-43.7342828911124,31.249999999997,-175.833333333332));
#13734=CARTESIAN_POINT('Ctrl Pts',(-46.3323591024675,35.7500000000001,-177.333333333334));
#13735=CARTESIAN_POINT('Ctrl Pts',(-48.9304353138226,40.2500000000032,-175.833333333332));
#13736=CARTESIAN_POINT('Ctrl Pts',(-48.9304353138226,22.249999999997,-175.833333333332));
#13737=CARTESIAN_POINT('Ctrl Pts',(-46.3323591024675,26.7500000000001,-177.333333333334));
#13738=CARTESIAN_POINT('Ctrl Pts',(-43.7342828911123,31.2500000000033,-175.833333333332));
#13739=CARTESIAN_POINT('Origin',(-59.3227401592341,22.2500000000001,-170.));
#13740=CARTESIAN_POINT('',(-59.3227401592341,22.2500000000001,-170.));
#13741=CARTESIAN_POINT('',(-48.9304353138208,22.2500000000001,-170.));
#13742=CARTESIAN_POINT('Origin',(-64.5188925819407,31.2500000000001,-170.));
#13743=CARTESIAN_POINT('',(-64.5188925819407,31.2500000000001,-170.));
#13744=CARTESIAN_POINT('Origin',(-59.3227401592341,40.2500000000001,-170.));
#13745=CARTESIAN_POINT('',(-59.3227401592341,40.2500000000001,-170.));
#13746=CARTESIAN_POINT('Origin',(-48.9304353138208,40.2500000000001,-170.));
#13747=CARTESIAN_POINT('',(-48.9304353138208,40.2500000000001,-170.));
#13748=CARTESIAN_POINT('Origin',(-43.7342828911142,31.2500000000001,-170.));
#13749=CARTESIAN_POINT('',(-43.7342828911142,31.2500000000001,-170.));
#13750=CARTESIAN_POINT('Origin',(-48.9304353138208,22.2500000000001,-170.));
#13751=CARTESIAN_POINT('Origin',(15.5884572681198,-53.5000000000001,-177.));
#13752=CARTESIAN_POINT('',(4.18578945162462,-69.7500000000001,-177.));
#13753=CARTESIAN_POINT('Origin',(-1.52655665885959E-13,-62.5000000000001,
-177.));
#13754=CARTESIAN_POINT('Origin',(-1.52655665885959E-13,-62.5000000000001,
-175.833333333333));
#13755=CARTESIAN_POINT('',(10.3923048454131,-62.5000000000001,-175.833333333333));
#13756=CARTESIAN_POINT('',(5.1961524227065,-53.5000000000001,-175.833333333333));
#13757=CARTESIAN_POINT('Ctrl Pts',(10.3923048454149,-62.5000000000032,-175.833333333332));
#13758=CARTESIAN_POINT('Ctrl Pts',(7.7942286340598,-58.0000000000001,-177.333333333334));
#13759=CARTESIAN_POINT('Ctrl Pts',(5.19615242270471,-53.499999999997,-175.833333333332));
#13760=CARTESIAN_POINT('',(5.19615242270646,-71.5000000000001,-175.833333333333));
#13761=CARTESIAN_POINT('Ctrl Pts',(5.19615242270469,-71.5000000000032,-175.833333333332));
#13762=CARTESIAN_POINT('Ctrl Pts',(7.79422863405979,-67.0000000000001,-177.333333333334));
#13763=CARTESIAN_POINT('Ctrl Pts',(10.3923048454149,-62.499999999997,-175.833333333332));
#13764=CARTESIAN_POINT('',(5.19615242270648,-71.5000000000001,-175.833333333333));
#13765=CARTESIAN_POINT('',(-5.1961524227068,-71.5,-175.833333333333));
#13766=CARTESIAN_POINT('Ctrl Pts',(-5.19615242271036,-71.5,-175.833333333332));
#13767=CARTESIAN_POINT('Ctrl Pts',(-1.71196390397199E-13,-71.5,-177.333333333334));
#13768=CARTESIAN_POINT('Ctrl Pts',(5.19615242271002,-71.5,-175.833333333332));
#13769=CARTESIAN_POINT('',(-10.3923048454134,-62.5,-175.833333333333));
#13770=CARTESIAN_POINT('Ctrl Pts',(-10.3923048454152,-62.4999999999969,
-175.833333333332));
#13771=CARTESIAN_POINT('Ctrl Pts',(-7.79422863406007,-67.,-177.333333333334));
#13772=CARTESIAN_POINT('Ctrl Pts',(-5.19615242270498,-71.5000000000031,
-175.833333333332));
#13773=CARTESIAN_POINT('',(-5.19615242270677,-53.5,-175.833333333333));
#13774=CARTESIAN_POINT('Ctrl Pts',(-5.19615242270501,-53.499999999997,-175.833333333332));
#13775=CARTESIAN_POINT('Ctrl Pts',(-7.79422863406014,-58.0000000000001,
-177.333333333334));
#13776=CARTESIAN_POINT('Ctrl Pts',(-10.3923048454153,-62.5000000000032,
-175.833333333332));
#13777=CARTESIAN_POINT('Ctrl Pts',(5.19615242271004,-53.5000000000001,-175.833333333332));
#13778=CARTESIAN_POINT('Ctrl Pts',(-1.4388490399142E-13,-53.5000000000001,
-177.333333333334));
#13779=CARTESIAN_POINT('Ctrl Pts',(-5.19615242271034,-53.5000000000001,
-175.833333333332));
#13780=CARTESIAN_POINT('Origin',(10.3923048454131,-62.5000000000001,-170.));
#13781=CARTESIAN_POINT('',(10.3923048454131,-62.5000000000001,-170.));
#13782=CARTESIAN_POINT('',(5.1961524227065,-53.5000000000001,-170.));
#13783=CARTESIAN_POINT('Origin',(5.19615242270646,-71.5000000000001,-170.));
#13784=CARTESIAN_POINT('',(5.19615242270646,-71.5000000000001,-170.));
#13785=CARTESIAN_POINT('Origin',(-5.1961524227068,-71.5,-170.));
#13786=CARTESIAN_POINT('',(-5.1961524227068,-71.5,-170.));
#13787=CARTESIAN_POINT('Origin',(-10.3923048454134,-62.5,-170.));
#13788=CARTESIAN_POINT('',(-10.3923048454134,-62.5,-170.));
#13789=CARTESIAN_POINT('Origin',(-5.19615242270677,-53.5,-170.));
#13790=CARTESIAN_POINT('',(-5.19615242270677,-53.5,-170.));
#13791=CARTESIAN_POINT('Origin',(5.1961524227065,-53.5000000000001,-170.));
#13792=CARTESIAN_POINT('Origin',(38.5381304684077,40.2499999999999,-177.));
#13793=CARTESIAN_POINT('',(58.3123771881524,38.4999999999998,-177.));
#13794=CARTESIAN_POINT('Origin',(54.1265877365276,31.2499999999998,-177.));
#13795=CARTESIAN_POINT('Origin',(54.1265877365276,31.2499999999998,-175.833333333333));
#13796=CARTESIAN_POINT('',(48.930435313821,40.2499999999998,-175.833333333333));
#13797=CARTESIAN_POINT('',(43.7342828911143,31.2499999999998,-175.833333333333));
#13798=CARTESIAN_POINT('Ctrl Pts',(48.9304353138228,40.2500000000029,-175.833333333332));
#13799=CARTESIAN_POINT('Ctrl Pts',(46.3323591024676,35.7499999999998,-177.333333333334));
#13800=CARTESIAN_POINT('Ctrl Pts',(43.7342828911125,31.2499999999967,-175.833333333332));
#13801=CARTESIAN_POINT('',(59.3227401592342,40.2499999999998,-175.833333333333));
#13802=CARTESIAN_POINT('Ctrl Pts',(59.3227401592378,40.2499999999998,-175.833333333332));
#13803=CARTESIAN_POINT('Ctrl Pts',(54.1265877365277,40.2499999999998,-177.333333333334));
#13804=CARTESIAN_POINT('Ctrl Pts',(48.9304353138176,40.2499999999998,-175.833333333332));
#13805=CARTESIAN_POINT('',(59.3227401592343,40.2499999999998,-175.833333333333));
#13806=CARTESIAN_POINT('',(64.5188925819408,31.2499999999998,-175.833333333333));
#13807=CARTESIAN_POINT('Ctrl Pts',(64.5188925819426,31.2499999999967,-175.833333333332));
#13808=CARTESIAN_POINT('Ctrl Pts',(61.9208163705875,35.7499999999998,-177.333333333334));
#13809=CARTESIAN_POINT('Ctrl Pts',(59.3227401592324,40.2500000000029,-175.833333333332));
#13810=CARTESIAN_POINT('',(59.3227401592342,22.2499999999998,-175.833333333333));
#13811=CARTESIAN_POINT('Ctrl Pts',(59.3227401592325,22.2499999999968,-175.833333333332));
#13812=CARTESIAN_POINT('Ctrl Pts',(61.9208163705875,26.7499999999998,-177.333333333334));
#13813=CARTESIAN_POINT('Ctrl Pts',(64.5188925819426,31.2500000000028,-175.833333333332));
#13814=CARTESIAN_POINT('',(48.9304353138209,22.2499999999998,-175.833333333333));
#13815=CARTESIAN_POINT('Ctrl Pts',(48.9304353138174,22.2499999999998,-175.833333333332));
#13816=CARTESIAN_POINT('Ctrl Pts',(54.1265877365276,22.2499999999998,-177.333333333334));
#13817=CARTESIAN_POINT('Ctrl Pts',(59.3227401592378,22.2499999999998,-175.833333333332));
#13818=CARTESIAN_POINT('Ctrl Pts',(43.7342828911125,31.2500000000029,-175.833333333332));
#13819=CARTESIAN_POINT('Ctrl Pts',(46.3323591024676,26.7499999999998,-177.333333333334));
#13820=CARTESIAN_POINT('Ctrl Pts',(48.9304353138226,22.2499999999968,-175.833333333332));
#13821=CARTESIAN_POINT('Origin',(48.930435313821,40.2499999999998,-170.));
#13822=CARTESIAN_POINT('',(48.930435313821,40.2499999999998,-170.));
#13823=CARTESIAN_POINT('',(43.7342828911143,31.2499999999998,-170.));
#13824=CARTESIAN_POINT('Origin',(59.3227401592342,40.2499999999998,-170.));
#13825=CARTESIAN_POINT('',(59.3227401592342,40.2499999999998,-170.));
#13826=CARTESIAN_POINT('Origin',(64.5188925819408,31.2499999999998,-170.));
#13827=CARTESIAN_POINT('',(64.5188925819408,31.2499999999998,-170.));
#13828=CARTESIAN_POINT('Origin',(59.3227401592342,22.2499999999998,-170.));
#13829=CARTESIAN_POINT('',(59.3227401592342,22.2499999999998,-170.));
#13830=CARTESIAN_POINT('Origin',(48.9304353138209,22.2499999999998,-170.));
#13831=CARTESIAN_POINT('',(48.9304353138209,22.2499999999998,-170.));
#13832=CARTESIAN_POINT('Origin',(43.7342828911143,31.2499999999998,-170.));
#13833=CARTESIAN_POINT('Origin',(-54.1265877365274,31.2500000000001,-177.));
#13834=CARTESIAN_POINT('',(-60.1265877365274,31.2500000000001,-119.985688618671));
#13835=CARTESIAN_POINT('',(-48.1265877365274,31.2500000000001,-119.985688618671));
#13836=CARTESIAN_POINT('Origin',(-54.1265877365274,31.2500000000001,-119.985688618671));
#13837=CARTESIAN_POINT('',(-48.1265877365274,31.2500000000001,-112.874974332957));
#13838=CARTESIAN_POINT('',(-48.1265877365274,31.2500000000001,-177.));
#13839=CARTESIAN_POINT('Origin',(-54.1265877365274,31.2500000000001,-112.874974332957));
#13840=CARTESIAN_POINT('Origin',(-54.1265877365274,31.2500000000001,-119.985688618671));
#13841=CARTESIAN_POINT('Origin',(-54.1265877365274,31.2500000000001,-112.));
#13842=CARTESIAN_POINT('',(-49.6420877365274,31.2500000000001,-112.));
#13843=CARTESIAN_POINT('',(-49.6420877365274,31.2500000000001,-112.));
#13844=CARTESIAN_POINT('Origin',(-54.1265877365274,31.2500000000001,-112.));
#13845=CARTESIAN_POINT('Origin',(-48.1265877365274,31.2500000000001,-112.));
#13846=CARTESIAN_POINT('',(-49.8765877365274,31.2500000000001,-112.));
#13847=CARTESIAN_POINT('Origin',(-54.1265877365274,31.2500000000001,-112.));
#13848=CARTESIAN_POINT('Origin',(-54.1265877365274,31.2500000000001,-177.));
#13849=CARTESIAN_POINT('',(-49.8765877365274,31.2500000000001,-110.));
#13850=CARTESIAN_POINT('',(-49.8765877365274,31.2500000000001,-177.));
#13851=CARTESIAN_POINT('Origin',(-54.1265877365274,31.2500000000001,-110.));
#13852=CARTESIAN_POINT('Origin',(-49.8765877365274,31.2500000000001,-110.));
#13853=CARTESIAN_POINT('Origin',(-54.1265877365274,31.2500000000001,-119.985688618671));
#13854=CARTESIAN_POINT('',(-60.9123020222419,31.2500000000001,-119.199974332957));
#13855=CARTESIAN_POINT('',(-60.1265877365274,31.2500000000001,-119.985688618671));
#13856=CARTESIAN_POINT('Origin',(-54.1265877365274,31.2500000000001,-119.199974332957));
#13857=CARTESIAN_POINT('Origin',(-54.1265877365274,31.2500000000001,-119.199974332957));
#13858=CARTESIAN_POINT('',(-60.5194753510412,37.5849023629569,-119.199974332957));
#13859=CARTESIAN_POINT('',(-62.7800673803965,36.2915786270914,-119.471942763275));
#13860=CARTESIAN_POINT('Ctrl Pts',(-60.5194753510412,37.584902362957,-119.199974332957));
#13861=CARTESIAN_POINT('Ctrl Pts',(-61.5894373949133,36.9727586015682,-119.28816761061));
#13862=CARTESIAN_POINT('Ctrl Pts',(-62.7800673804002,36.2915786270893,-119.471942763275));
#13863=CARTESIAN_POINT('',(-62.7903121844972,33.6871866341443,-119.199974332957));
#13864=CARTESIAN_POINT('Ctrl Pts',(-62.7800673803965,36.2915786270957,-119.471942763275));
#13865=CARTESIAN_POINT('Ctrl Pts',(-62.785463210692,34.9198728259171,-119.28816761061));
#13866=CARTESIAN_POINT('Ctrl Pts',(-62.7903121844972,33.6871866341443,-119.199974332957));
#13867=CARTESIAN_POINT('Origin',(-54.1265877365274,31.2500000000001,-119.199974332957));
#13868=CARTESIAN_POINT('Origin',(-54.1265877365274,31.2500000000001,-119.199974332957));
#13869=CARTESIAN_POINT('',(-51.8368451669696,39.9538542591863,-119.199974332957));
#13870=CARTESIAN_POINT('',(-54.0871923922242,41.2649225162679,-119.471942763275));
#13871=CARTESIAN_POINT('Ctrl Pts',(-51.8368451669697,39.9538542591863,-119.199974332957));
#13872=CARTESIAN_POINT('Ctrl Pts',(-52.9019582370365,40.5743966895702,-119.28816761061));
#13873=CARTESIAN_POINT('Ctrl Pts',(-54.0871923922279,41.2649225162699,-119.471942763275));
#13874=CARTESIAN_POINT('',(-56.3477844215795,39.9715987804023,-119.199974332957));
#13875=CARTESIAN_POINT('Ctrl Pts',(-54.0871923922205,41.26492251627,-119.471942763275));
#13876=CARTESIAN_POINT('Ctrl Pts',(-55.2778223777074,40.5837425417911,-119.28816761061));
#13877=CARTESIAN_POINT('Ctrl Pts',(-56.3477844215795,39.9715987804023,-119.199974332957));
#13878=CARTESIAN_POINT('Origin',(-54.1265877365274,31.2500000000001,-119.199974332957));
#13879=CARTESIAN_POINT('Origin',(-54.1265877365274,31.2500000000001,-119.199974332957));
#13880=CARTESIAN_POINT('',(-45.4337127483552,36.2233438891765,-119.471942763275));
#13881=CARTESIAN_POINT('',(-47.6840599736097,37.5344121462581,-119.199974332957));
#13882=CARTESIAN_POINT('Ctrl Pts',(-45.4337127483516,36.2233438891744,-119.471942763275));
#13883=CARTESIAN_POINT('Ctrl Pts',(-46.6189469035429,36.913869715874,-119.28816761061));
#13884=CARTESIAN_POINT('Ctrl Pts',(-47.6840599736098,37.534412146258,-119.199974332957));
#13885=CARTESIAN_POINT('',(-45.4439575524558,33.6189518962295,-119.199974332957));
#13886=CARTESIAN_POINT('Origin',(-54.1265877365274,31.2500000000001,-119.199974332957));
#13887=CARTESIAN_POINT('Ctrl Pts',(-45.4439575524559,33.6189518962295,-119.199974332957));
#13888=CARTESIAN_POINT('Ctrl Pts',(-45.4391085786506,34.8516380880022,-119.28816761061));
#13889=CARTESIAN_POINT('Ctrl Pts',(-45.4337127483552,36.2233438891808,-119.471942763275));
#13890=CARTESIAN_POINT('Origin',(-54.1265877365274,31.2500000000001,-119.199974332957));
#13891=CARTESIAN_POINT('',(-47.7337001220136,24.9150976370432,-119.199974332957));
#13892=CARTESIAN_POINT('',(-45.4731080926584,26.2084213729088,-119.471942763275));
#13893=CARTESIAN_POINT('Ctrl Pts',(-47.7337001220136,24.9150976370432,-119.199974332957));
#13894=CARTESIAN_POINT('Ctrl Pts',(-46.6637380781415,25.527241398432,-119.28816761061));
#13895=CARTESIAN_POINT('Ctrl Pts',(-45.4731080926547,26.2084213729108,-119.471942763275));
#13896=CARTESIAN_POINT('',(-45.4628632885577,28.8128133658558,-119.199974332957));
#13897=CARTESIAN_POINT('Ctrl Pts',(-45.4731080926584,26.2084213729046,-119.471942763275));
#13898=CARTESIAN_POINT('Ctrl Pts',(-45.4677122623629,27.580127174083,-119.28816761061));
#13899=CARTESIAN_POINT('Ctrl Pts',(-45.4628632885577,28.8128133658557,-119.199974332957));
#13900=CARTESIAN_POINT('Origin',(-54.1265877365274,31.2500000000001,-119.199974332957));
#13901=CARTESIAN_POINT('Origin',(-54.1265877365274,31.2500000000001,-119.199974332957));
#13902=CARTESIAN_POINT('',(-56.4163303060852,22.5461457408138,-119.199974332957));
#13903=CARTESIAN_POINT('',(-54.1659830808306,21.2350774837323,-119.471942763275));
#13904=CARTESIAN_POINT('Ctrl Pts',(-56.4163303060852,22.5461457408138,-119.199974332957));
#13905=CARTESIAN_POINT('Ctrl Pts',(-55.3512172360183,21.9256033104298,-119.28816761061));
#13906=CARTESIAN_POINT('Ctrl Pts',(-54.165983080827,21.2350774837301,-119.471942763275));
#13907=CARTESIAN_POINT('',(-51.9053910514754,22.5284012195978,-119.199974332957));
#13908=CARTESIAN_POINT('Ctrl Pts',(-54.1659830808343,21.2350774837302,-119.471942763275));
#13909=CARTESIAN_POINT('Ctrl Pts',(-52.9753530953475,21.9162574582091,-119.28816761061));
#13910=CARTESIAN_POINT('Ctrl Pts',(-51.9053910514754,22.5284012195978,-119.199974332957));
#13911=CARTESIAN_POINT('Origin',(-54.1265877365274,31.2500000000001,-119.199974332957));
#13912=CARTESIAN_POINT('Origin',(-54.1265877365274,31.2500000000001,-119.199974332957));
#13913=CARTESIAN_POINT('',(-62.809217920599,28.8810481037706,-119.199974332957));
#13914=CARTESIAN_POINT('',(-62.8194627246997,26.2766561108236,-119.471942763275));
#13915=CARTESIAN_POINT('Ctrl Pts',(-62.809217920599,28.8810481037706,-119.199974332957));
#13916=CARTESIAN_POINT('Ctrl Pts',(-62.8140668944043,27.6483619119979,-119.28816761061));
#13917=CARTESIAN_POINT('Ctrl Pts',(-62.8194627246997,26.2766561108194,-119.471942763275));
#13918=CARTESIAN_POINT('',(-60.5691154994451,24.9655878537421,-119.199974332957));
#13919=CARTESIAN_POINT('Ctrl Pts',(-62.8194627247033,26.2766561108257,-119.471942763275));
#13920=CARTESIAN_POINT('Ctrl Pts',(-61.634228569512,25.5861302841261,-119.28816761061));
#13921=CARTESIAN_POINT('Ctrl Pts',(-60.5691154994451,24.9655878537421,-119.199974332957));
#13922=CARTESIAN_POINT('Origin',(-54.1265877365274,31.2500000000001,-119.199974332957));
#13923=CARTESIAN_POINT('Origin',(-54.1265877365274,31.2500000000001,-129.999974332957));
#13924=CARTESIAN_POINT('',(-54.0871923922242,41.2649225162679,-129.728005902639));
#13925=CARTESIAN_POINT('',(-51.8368467994952,39.9538480535696,-129.999976052323));
#13926=CARTESIAN_POINT('Ctrl Pts',(-54.0871923922277,41.2649225162698,-129.728005902639));
#13927=CARTESIAN_POINT('Ctrl Pts',(-52.9019570667452,40.5743960077502,-129.911781236762));
#13928=CARTESIAN_POINT('Ctrl Pts',(-51.8368430233875,39.9538530103201,-129.999974510449));
#13929=CARTESIAN_POINT('',(-56.3477828379253,39.9715925621342,-129.999976052323));
#13930=CARTESIAN_POINT('Origin',(-54.1265877365275,31.2499999999999,-129.999976052323));
#13931=CARTESIAN_POINT('Ctrl Pts',(-56.3477865749205,39.9715975484388,-129.999974510449));
#13932=CARTESIAN_POINT('Ctrl Pts',(-55.2778235533265,40.5837418691991,-129.911781236762));
#13933=CARTESIAN_POINT('Ctrl Pts',(-54.0871923922206,41.26492251627,-129.728005902639));
#13934=CARTESIAN_POINT('Origin',(-54.1265877365274,31.2500000000001,-129.999974332957));
#13935=CARTESIAN_POINT('',(-62.7800673803965,36.2915786270914,-129.728005902639));
#13936=CARTESIAN_POINT('',(-60.5194707930823,37.5848978463399,-129.999976052323));
#13937=CARTESIAN_POINT('Ctrl Pts',(-62.7800673804001,36.2915786270893,-129.728005902639));
#13938=CARTESIAN_POINT('Ctrl Pts',(-61.5894362192943,36.9727592741601,-129.911781236762));
#13939=CARTESIAN_POINT('Ctrl Pts',(-60.5194731977003,37.5849035949205,-129.999974510449));
#13940=CARTESIAN_POINT('',(-62.790306007492,33.687184896495,-129.999976052323));
#13941=CARTESIAN_POINT('Origin',(-54.1265877365274,31.25,-129.999976052323));
#13942=CARTESIAN_POINT('Ctrl Pts',(-62.790312194256,33.6871841533145,-129.999974510449));
#13943=CARTESIAN_POINT('Ctrl Pts',(-62.7854632160198,34.9198714715051,-129.911781236762));
#13944=CARTESIAN_POINT('Ctrl Pts',(-62.7800673803965,36.2915786270956,-129.728005902639));
#13945=CARTESIAN_POINT('Origin',(-54.1265877365274,31.2500000000001,-129.999974332957));
#13946=CARTESIAN_POINT('',(-62.8194627246997,26.2766561108236,-129.728005902639));
#13947=CARTESIAN_POINT('',(-62.8092117301145,28.8810497927704,-129.999976052323));
#13948=CARTESIAN_POINT('Ctrl Pts',(-62.8194627246998,26.2766561108194,-129.728005902639));
#13949=CARTESIAN_POINT('Ctrl Pts',(-62.8140668890765,27.6483632664099,-129.911781236762));
#13950=CARTESIAN_POINT('Ctrl Pts',(-62.8092179108403,28.8810505846004,-129.999974510449));
#13951=CARTESIAN_POINT('',(-60.5691109060941,24.9655923343609,-129.999976052323));
#13952=CARTESIAN_POINT('Origin',(-54.1265877365281,31.2499999999997,-129.999976052323));
#13953=CARTESIAN_POINT('Ctrl Pts',(-60.5691133558629,24.9655866048759,-129.999974510449));
#13954=CARTESIAN_POINT('Ctrl Pts',(-61.6342273992207,25.5861296023061,-129.911781236762));
#13955=CARTESIAN_POINT('Ctrl Pts',(-62.8194627247034,26.2766561108257,-129.728005902639));
#13956=CARTESIAN_POINT('Origin',(-54.1265877365274,31.2500000000001,-129.999974332957));
#13957=CARTESIAN_POINT('',(-54.1659830808306,21.2350774837323,-129.728005902639));
#13958=CARTESIAN_POINT('',(-56.4163286735596,22.5461519464305,-129.999976052323));
#13959=CARTESIAN_POINT('Ctrl Pts',(-54.165983080827,21.2350774837302,-129.728005902639));
#13960=CARTESIAN_POINT('Ctrl Pts',(-55.3512184063096,21.9256039922498,-129.911781236762));
#13961=CARTESIAN_POINT('Ctrl Pts',(-56.4163324496674,22.54614698968,-129.999974510449));
#13962=CARTESIAN_POINT('',(-51.9053926351296,22.5284074378659,-129.999976052323));
#13963=CARTESIAN_POINT('Origin',(-54.1265877365273,31.2500000000014,-129.999976052323));
#13964=CARTESIAN_POINT('Ctrl Pts',(-51.9053888981344,22.5284024515614,-129.999974510449));
#13965=CARTESIAN_POINT('Ctrl Pts',(-52.9753519197284,21.916258130801,-129.911781236762));
#13966=CARTESIAN_POINT('Ctrl Pts',(-54.1659830808343,21.2350774837302,-129.728005902639));
#13967=CARTESIAN_POINT('Origin',(-54.1265877365274,31.2500000000001,-129.999974332957));
#13968=CARTESIAN_POINT('',(-47.6840645669607,37.5344076656393,-129.999976052323));
#13969=CARTESIAN_POINT('',(-45.4337127483552,36.2233438891765,-129.728005902639));
#13970=CARTESIAN_POINT('Ctrl Pts',(-47.684062117192,37.5344133951242,-129.999974510449));
#13971=CARTESIAN_POINT('Ctrl Pts',(-46.6189480738342,36.913870397694,-129.911781236762));
#13972=CARTESIAN_POINT('Ctrl Pts',(-45.4337127483516,36.2233438891744,-129.728005902639));
#13973=CARTESIAN_POINT('',(-45.4439637429403,33.6189502072298,-129.999976052323));
#13974=CARTESIAN_POINT('Ctrl Pts',(-45.4337127483552,36.2233438891809,-129.728005902639));
#13975=CARTESIAN_POINT('Ctrl Pts',(-45.4391085839785,34.8516367335904,-129.911781236762));
#13976=CARTESIAN_POINT('Ctrl Pts',(-45.4439575622146,33.6189494153998,-129.999974510449));
#13977=CARTESIAN_POINT('Origin',(-54.1265877365289,31.2499999999993,-129.999976052322));
#13978=CARTESIAN_POINT('Origin',(-54.1265877365274,31.2500000000001,-129.999974332957));
#13979=CARTESIAN_POINT('',(-45.4731080926584,26.2084213729088,-129.728005902639));
#13980=CARTESIAN_POINT('',(-47.7337046799725,24.9151021536602,-129.999976052323));
#13981=CARTESIAN_POINT('Ctrl Pts',(-45.4731080926546,26.2084213729109,-129.728005902639));
#13982=CARTESIAN_POINT('Ctrl Pts',(-46.6637392537606,25.52724072584,-129.911781236762));
#13983=CARTESIAN_POINT('Ctrl Pts',(-47.7337022753546,24.9150964050797,-129.999974510449));
#13984=CARTESIAN_POINT('',(-45.4628694655629,28.8128151035051,-129.999976052323));
#13985=CARTESIAN_POINT('Origin',(-54.1265877365279,31.2500000000002,-129.999976052323));
#13986=CARTESIAN_POINT('Ctrl Pts',(-45.462863278799,28.8128158466855,-129.999974510449));
#13987=CARTESIAN_POINT('Ctrl Pts',(-45.4677122570352,27.580128528495,-129.911781236762));
#13988=CARTESIAN_POINT('Ctrl Pts',(-45.4731080926584,26.2084213729046,-129.728005902639));
#13989=CARTESIAN_POINT('Origin',(-36.7802331044861,31.1817652620852,-119.199974332957));
#13990=CARTESIAN_POINT('',(-62.7800673803965,36.2915786270914,-119.199974332957));
#13991=CARTESIAN_POINT('',(-62.8194627246997,26.2766561108236,-119.199974332957));
#13992=CARTESIAN_POINT('',(-54.1659830808306,21.2350774837323,-119.199974332957));
#13993=CARTESIAN_POINT('',(-45.4731080926584,26.2084213729088,-119.199974332957));
#13994=CARTESIAN_POINT('',(-45.4337127483552,36.2233438891765,-119.199974332957));
#13995=CARTESIAN_POINT('',(-54.0871923922242,41.2649225162679,-119.199974332957));
#13996=CARTESIAN_POINT('Origin',(-45.4731080926584,26.2084213729088,-119.199974332957));
#13997=CARTESIAN_POINT('',(-45.4731080926584,26.2084213729088,-119.199974332957));
#13998=CARTESIAN_POINT('',(-45.4731080926584,26.2084213729088,-130.));
#13999=CARTESIAN_POINT('',(-45.4337127483552,36.2233438891765,-119.199974332957));
#14000=CARTESIAN_POINT('Origin',(-54.1659830808306,21.2350774837323,-119.199974332957));
#14001=CARTESIAN_POINT('',(-54.1659830808306,21.2350774837323,-119.199974332957));
#14002=CARTESIAN_POINT('',(-54.1659830808306,21.2350774837323,-130.));
#14003=CARTESIAN_POINT('Origin',(-62.8194627246997,26.2766561108236,-119.199974332957));
#14004=CARTESIAN_POINT('',(-62.8194627246997,26.2766561108236,-119.199974332957));
#14005=CARTESIAN_POINT('',(-62.8194627246997,26.2766561108236,-130.));
#14006=CARTESIAN_POINT('Origin',(-62.7800673803965,36.2915786270914,-119.199974332957));
#14007=CARTESIAN_POINT('',(-62.7800673803965,36.2915786270914,-119.199974332957));
#14008=CARTESIAN_POINT('',(-62.7800673803965,36.2915786270914,-130.));
#14009=CARTESIAN_POINT('Origin',(-54.0871923922242,41.2649225162679,-119.199974332957));
#14010=CARTESIAN_POINT('',(-54.0871923922242,41.2649225162679,-119.199974332957));
#14011=CARTESIAN_POINT('',(-54.0871923922242,41.2649225162679,-130.));
#14012=CARTESIAN_POINT('Origin',(-45.4337127483552,36.2233438891765,-119.199974332957));
#14013=CARTESIAN_POINT('',(-45.4337127483552,36.2233438891765,-130.));
#14014=CARTESIAN_POINT('Origin',(-0.039395344303389,-72.5149225162678,-119.199974332957));
#14015=CARTESIAN_POINT('',(-0.039395344303389,-72.5149225162678,-119.471942763275));
#14016=CARTESIAN_POINT('',(2.22119668505189,-71.2215987804023,-119.199974332957));
#14017=CARTESIAN_POINT('Ctrl Pts',(-0.0393953443070752,-72.5149225162699,
-119.471942763275));
#14018=CARTESIAN_POINT('Ctrl Pts',(1.15123464117977,-71.833742541791,-119.28816761061));
#14019=CARTESIAN_POINT('Ctrl Pts',(2.22119668505189,-71.2215987804022,-119.199974332957));
#14020=CARTESIAN_POINT('',(-0.039395344303389,-72.5149225162678,-129.728005902639));
#14021=CARTESIAN_POINT('',(-0.039395344303389,-72.5149225162678,-119.199974332957));
#14022=CARTESIAN_POINT('',(2.2211951013977,-71.2215925621342,-129.999976052323));
#14023=CARTESIAN_POINT('Ctrl Pts',(2.22119883839288,-71.2215975484387,-129.999974510449));
#14024=CARTESIAN_POINT('Ctrl Pts',(1.15123581679887,-71.8337418691991,-129.911781236762));
#14025=CARTESIAN_POINT('Ctrl Pts',(-0.0393953443069848,-72.5149225162699,
-129.728005902639));
#14026=CARTESIAN_POINT('',(6.39288305655472,-68.8348978463399,-129.999976052323));
#14027=CARTESIAN_POINT('',(-0.039395344303389,-72.5149225162678,-130.));
#14028=CARTESIAN_POINT('',(8.6534796438689,-67.5415786270914,-129.728005902639));
#14029=CARTESIAN_POINT('Ctrl Pts',(8.65347964387254,-67.5415786270893,-129.728005902639));
#14030=CARTESIAN_POINT('Ctrl Pts',(7.46284848276667,-68.2227592741601,-129.911781236762));
#14031=CARTESIAN_POINT('Ctrl Pts',(6.39288546117267,-68.8349035949204,-129.999974510449));
#14032=CARTESIAN_POINT('',(8.6534796438689,-67.5415786270914,-119.471942763275));
#14033=CARTESIAN_POINT('',(8.6534796438689,-67.5415786270914,-119.199974332957));
#14034=CARTESIAN_POINT('',(6.39288761451363,-68.8349023629569,-119.199974332957));
#14035=CARTESIAN_POINT('Ctrl Pts',(6.3928876145135,-68.8349023629569,-119.199974332957));
#14036=CARTESIAN_POINT('Ctrl Pts',(7.46284965838573,-68.2227586015681,-119.28816761061));
#14037=CARTESIAN_POINT('Ctrl Pts',(8.6534796438727,-67.5415786270891,-119.471942763275));
#14038=CARTESIAN_POINT('',(-0.039395344303389,-72.5149225162678,-119.199974332957));
#14039=CARTESIAN_POINT('Origin',(-1.52655665885959E-13,-62.5000000000001,
-129.999974332957));
#14040=CARTESIAN_POINT('',(-2.2897409370324,-71.2038480535696,-129.999976052323));
#14041=CARTESIAN_POINT('Ctrl Pts',(-0.0393953442998907,-72.5149225162698,
-129.728005902639));
#14042=CARTESIAN_POINT('Ctrl Pts',(-1.22463066978247,-71.8243960077502,
-129.911781236762));
#14043=CARTESIAN_POINT('Ctrl Pts',(-2.28974471314029,-71.20385301032,-129.999974510449));
#14044=CARTESIAN_POINT('Origin',(-1.05193631583234E-13,-62.5000000000008,
-129.999976052323));
#14045=CARTESIAN_POINT('Origin',(-8.69287498817244,-67.4733438891765,-119.199974332957));
#14046=CARTESIAN_POINT('',(-8.69287498817244,-67.4733438891765,-119.471942763275));
#14047=CARTESIAN_POINT('',(-6.44252776291784,-68.784412146258,-119.199974332957));
#14048=CARTESIAN_POINT('Ctrl Pts',(-8.69287498817609,-67.4733438891744,
-119.471942763275));
#14049=CARTESIAN_POINT('Ctrl Pts',(-7.50764083298474,-68.1638697158741,
-119.28816761061));
#14050=CARTESIAN_POINT('Ctrl Pts',(-6.44252776291784,-68.784412146258,-119.199974332957));
#14051=CARTESIAN_POINT('',(-8.69287498817244,-67.4733438891765,-129.728005902639));
#14052=CARTESIAN_POINT('',(-8.69287498817244,-67.4733438891765,-119.199974332957));
#14053=CARTESIAN_POINT('',(-6.44252316956681,-68.7844076656392,-129.999976052323));
#14054=CARTESIAN_POINT('Ctrl Pts',(-6.44252561933562,-68.7844133951242,
-129.999974510449));
#14055=CARTESIAN_POINT('Ctrl Pts',(-7.50763966269345,-68.163870397694,-129.911781236762));
#14056=CARTESIAN_POINT('Ctrl Pts',(-8.69287498817606,-67.4733438891744,
-129.728005902639));
#14057=CARTESIAN_POINT('',(-8.69287498817244,-67.4733438891765,-130.));
#14058=CARTESIAN_POINT('',(-2.28974256955798,-71.2038542591863,-119.199974332957));
#14059=CARTESIAN_POINT('Ctrl Pts',(-2.289742569558,-71.2038542591863,-119.199974332957));
#14060=CARTESIAN_POINT('Ctrl Pts',(-1.22462949949114,-71.8243966895703,
-119.28816761061));
#14061=CARTESIAN_POINT('Ctrl Pts',(-0.039395344299823,-72.5149225162699,
-119.471942763275));
#14062=CARTESIAN_POINT('',(-8.69287498817244,-67.4733438891765,-119.199974332957));
#14063=CARTESIAN_POINT('Origin',(-1.52655665885959E-13,-62.5000000000001,
-129.999974332957));
#14064=CARTESIAN_POINT('',(-8.68262399358725,-64.8689502072298,-129.999976052323));
#14065=CARTESIAN_POINT('Ctrl Pts',(-8.69287498817244,-67.4733438891806,
-129.728005902639));
#14066=CARTESIAN_POINT('Ctrl Pts',(-8.68747915254916,-66.1016367335901,
-129.911781236762));
#14067=CARTESIAN_POINT('Ctrl Pts',(-8.68263017431299,-64.8689494153995,
-129.999974510449));
#14068=CARTESIAN_POINT('Origin',(-5.80646641878957E-13,-62.5000000000002,
-129.999976052323));
#14069=CARTESIAN_POINT('Origin',(-8.65347964386921,-57.4584213729087,-119.199974332957));
#14070=CARTESIAN_POINT('',(-8.65347964386921,-57.4584213729087,-119.471942763275));
#14071=CARTESIAN_POINT('',(-8.66372444796989,-60.0628133658558,-119.199974332957));
#14072=CARTESIAN_POINT('Ctrl Pts',(-8.65347964386919,-57.4584213729045,
-119.471942763275));
#14073=CARTESIAN_POINT('Ctrl Pts',(-8.65887547416467,-58.8301271740831,
-119.28816761061));
#14074=CARTESIAN_POINT('Ctrl Pts',(-8.66372444796989,-60.0628133658558,
-119.199974332957));
#14075=CARTESIAN_POINT('',(-8.65347964386921,-57.4584213729087,-129.728005902639));
#14076=CARTESIAN_POINT('',(-8.65347964386921,-57.4584213729087,-119.199974332957));
#14077=CARTESIAN_POINT('',(-8.66371827096467,-60.0628151035051,-129.999976052323));
#14078=CARTESIAN_POINT('Ctrl Pts',(-8.66372445772864,-60.0628158466856,
-129.999974510449));
#14079=CARTESIAN_POINT('Ctrl Pts',(-8.65887547949247,-58.830128528495,-129.911781236762));
#14080=CARTESIAN_POINT('Ctrl Pts',(-8.65347964386919,-57.4584213729045,
-129.728005902639));
#14081=CARTESIAN_POINT('',(-8.65347964386921,-57.4584213729087,-130.));
#14082=CARTESIAN_POINT('',(-8.68263018407175,-64.8689518962295,-119.199974332957));
#14083=CARTESIAN_POINT('Ctrl Pts',(-8.68263018407175,-64.8689518962295,
-119.199974332957));
#14084=CARTESIAN_POINT('Ctrl Pts',(-8.68747915787697,-66.1016380880022,
-119.28816761061));
#14085=CARTESIAN_POINT('Ctrl Pts',(-8.69287498817245,-67.4733438891807,
-119.471942763275));
#14086=CARTESIAN_POINT('',(-8.65347964386921,-57.4584213729087,-119.199974332957));
#14087=CARTESIAN_POINT('Origin',(-1.52655665885959E-13,-62.5000000000001,
-129.999974332957));
#14088=CARTESIAN_POINT('',(-6.39288305655502,-56.1651021536602,-129.999976052323));
#14089=CARTESIAN_POINT('Ctrl Pts',(-8.6534796438731,-57.458421372911,-129.728005902639));
#14090=CARTESIAN_POINT('Ctrl Pts',(-7.46284848276709,-56.7772407258401,
-129.911781236762));
#14091=CARTESIAN_POINT('Ctrl Pts',(-6.392885461173,-56.1650964050797,-129.999974510449));
#14092=CARTESIAN_POINT('Origin',(-2.76445533131664E-13,-62.5,-129.999976052323));
#14093=CARTESIAN_POINT('Origin',(0.0393953443030802,-52.4850774837323,-119.199974332957));
#14094=CARTESIAN_POINT('',(0.0393953443030802,-52.4850774837323,-119.471942763275));
#14095=CARTESIAN_POINT('',(-2.2211966850522,-53.7784012195978,-119.199974332957));
#14096=CARTESIAN_POINT('Ctrl Pts',(0.03939534430676,-52.4850774837303,-119.471942763275));
#14097=CARTESIAN_POINT('Ctrl Pts',(-1.15123464118006,-53.1662574582091,
-119.28816761061));
#14098=CARTESIAN_POINT('Ctrl Pts',(-2.22119668505216,-53.7784012195979,
-119.199974332957));
#14099=CARTESIAN_POINT('',(0.0393953443030802,-52.4850774837323,-129.728005902639));
#14100=CARTESIAN_POINT('',(0.0393953443030802,-52.4850774837323,-119.199974332957));
#14101=CARTESIAN_POINT('',(-2.22119510139802,-53.7784074378659,-129.999976052323));
#14102=CARTESIAN_POINT('Ctrl Pts',(-2.22119883839315,-53.7784024515614,
-129.999974510449));
#14103=CARTESIAN_POINT('Ctrl Pts',(-1.15123581679912,-53.1662581308011,
-129.911781236762));
#14104=CARTESIAN_POINT('Ctrl Pts',(0.0393953443067869,-52.4850774837302,
-129.728005902639));
#14105=CARTESIAN_POINT('',(0.0393953443030802,-52.4850774837323,-130.));
#14106=CARTESIAN_POINT('',(-6.39288761451393,-56.1650976370432,-119.199974332957));
#14107=CARTESIAN_POINT('Ctrl Pts',(-6.39288761451389,-56.1650976370432,
-119.199974332957));
#14108=CARTESIAN_POINT('Ctrl Pts',(-7.46284965838602,-56.777241398432,-119.28816761061));
#14109=CARTESIAN_POINT('Ctrl Pts',(-8.65347964387289,-57.4584213729109,
-119.471942763275));
#14110=CARTESIAN_POINT('',(0.0393953443030802,-52.4850774837323,-119.199974332957));
#14111=CARTESIAN_POINT('Origin',(-1.52655665885959E-13,-62.5000000000001,
-129.999974332957));
#14112=CARTESIAN_POINT('',(2.28974093703209,-53.7961519464305,-129.999976052323));
#14113=CARTESIAN_POINT('Ctrl Pts',(0.0393953442995286,-52.4850774837302,
-129.728005902639));
#14114=CARTESIAN_POINT('Ctrl Pts',(1.22463066978207,-53.1756039922498,-129.911781236762));
#14115=CARTESIAN_POINT('Ctrl Pts',(2.28974471313986,-53.79614698968,-129.999974510449));
#14116=CARTESIAN_POINT('Origin',(-2.12607709215718E-13,-62.5000000000006,
-129.999976052323));
#14117=CARTESIAN_POINT('Origin',(8.69287498817213,-57.5266561108236,-119.199974332957));
#14118=CARTESIAN_POINT('',(8.69287498817213,-57.5266561108236,-119.471942763275));
#14119=CARTESIAN_POINT('',(6.44252776291753,-56.2155878537421,-119.199974332957));
#14120=CARTESIAN_POINT('Ctrl Pts',(8.69287498817573,-57.5266561108257,-119.471942763275));
#14121=CARTESIAN_POINT('Ctrl Pts',(7.50764083298442,-56.8361302841261,-119.28816761061));
#14122=CARTESIAN_POINT('Ctrl Pts',(6.44252776291757,-56.2155878537421,-119.199974332957));
#14123=CARTESIAN_POINT('',(8.69287498817213,-57.5266561108236,-129.728005902639));
#14124=CARTESIAN_POINT('',(8.69287498817213,-57.5266561108236,-119.199974332957));
#14125=CARTESIAN_POINT('',(6.44252316956651,-56.2155923343609,-129.999976052323));
#14126=CARTESIAN_POINT('Ctrl Pts',(6.44252561933534,-56.2155866048759,-129.999974510449));
#14127=CARTESIAN_POINT('Ctrl Pts',(7.50763966269317,-56.8361296023061,-129.911781236762));
#14128=CARTESIAN_POINT('Ctrl Pts',(8.69287498817579,-57.5266561108257,-129.728005902639));
#14129=CARTESIAN_POINT('',(8.69287498817213,-57.5266561108236,-130.));
#14130=CARTESIAN_POINT('',(2.28974256955767,-53.7961457408138,-119.199974332957));
#14131=CARTESIAN_POINT('Ctrl Pts',(2.28974256955763,-53.7961457408138,-119.199974332957));
#14132=CARTESIAN_POINT('Ctrl Pts',(1.22462949949083,-53.1756033104299,-119.28816761061));
#14133=CARTESIAN_POINT('Ctrl Pts',(0.0393953442995854,-52.4850774837303,
-119.471942763275));
#14134=CARTESIAN_POINT('',(8.69287498817213,-57.5266561108236,-119.199974332957));
#14135=CARTESIAN_POINT('Origin',(-1.52655665885959E-13,-62.5000000000001,
-129.999974332957));
#14136=CARTESIAN_POINT('',(8.68262399358694,-60.1310497927704,-129.999976052323));
#14137=CARTESIAN_POINT('Ctrl Pts',(8.69287498817215,-57.5266561108194,-129.728005902639));
#14138=CARTESIAN_POINT('Ctrl Pts',(8.68747915254887,-58.8983632664099,-129.911781236762));
#14139=CARTESIAN_POINT('Ctrl Pts',(8.68263017431269,-60.1310505846005,-129.999974510449));
#14140=CARTESIAN_POINT('Origin',(-2.65343302885412E-13,-62.5000000000001,
-129.999976052323));
#14141=CARTESIAN_POINT('Origin',(8.6534796438689,-67.5415786270914,-119.199974332957));
#14142=CARTESIAN_POINT('',(8.66372444796959,-64.9371866341443,-119.199974332957));
#14143=CARTESIAN_POINT('Ctrl Pts',(8.65347964386888,-67.5415786270956,-119.471942763275));
#14144=CARTESIAN_POINT('Ctrl Pts',(8.65887547416436,-66.1698728259171,-119.28816761061));
#14145=CARTESIAN_POINT('Ctrl Pts',(8.66372444796959,-64.9371866341443,-119.199974332957));
#14146=CARTESIAN_POINT('',(8.6637182709644,-64.937184896495,-129.999976052323));
#14147=CARTESIAN_POINT('Ctrl Pts',(8.66372445772835,-64.9371841533145,-129.999974510449));
#14148=CARTESIAN_POINT('Ctrl Pts',(8.65887547949218,-66.1698714715051,-129.911781236762));
#14149=CARTESIAN_POINT('Ctrl Pts',(8.65347964386889,-67.5415786270957,-129.728005902639));
#14150=CARTESIAN_POINT('',(8.6534796438689,-67.5415786270914,-130.));
#14151=CARTESIAN_POINT('',(8.68263018407144,-60.1310481037707,-119.199974332957));
#14152=CARTESIAN_POINT('Ctrl Pts',(8.68263018407144,-60.1310481037707,-119.199974332957));
#14153=CARTESIAN_POINT('Ctrl Pts',(8.68747915787666,-58.8983619119979,-119.28816761061));
#14154=CARTESIAN_POINT('Ctrl Pts',(8.69287498817214,-57.5266561108193,-119.471942763275));
#14155=CARTESIAN_POINT('',(8.6534796438689,-67.5415786270914,-119.199974332957));
#14156=CARTESIAN_POINT('Origin',(-1.52655665885959E-13,-62.5000000000001,
-129.999974332957));
#14157=CARTESIAN_POINT('Origin',(2.98649993624167E-13,-62.5000000000003,
-129.999976052323));
#14158=CARTESIAN_POINT('Origin',(-1.52655665885959E-13,-62.5000000000001,
-119.199974332957));
#14159=CARTESIAN_POINT('Origin',(-1.52655665885959E-13,-62.5000000000001,
-119.199974332957));
#14160=CARTESIAN_POINT('Origin',(-1.52655665885959E-13,-62.5000000000001,
-119.199974332957));
#14161=CARTESIAN_POINT('Origin',(-1.52655665885959E-13,-62.5000000000001,
-119.199974332957));
#14162=CARTESIAN_POINT('Origin',(-8.61408429956599,-47.4434988566409,-119.199974332957));
#14163=CARTESIAN_POINT('Origin',(-1.52655665885959E-13,-62.5000000000001,
-119.199974332957));
#14164=CARTESIAN_POINT('Origin',(-1.52655665885959E-13,-62.5000000000001,
-119.199974332957));
#14165=CARTESIAN_POINT('Origin',(-1.52655665885959E-13,-62.5000000000001,
-119.199974332957));
#14166=CARTESIAN_POINT('Origin',(-1.52655665885959E-13,-62.5000000000001,
-119.199974332957));
#14167=CARTESIAN_POINT('',(3.39285714285709,-68.3766009542518,-119.199974332957));
#14168=CARTESIAN_POINT('Origin',(-1.52655665885959E-13,-62.5000000000001,
-119.199974332957));
#14169=CARTESIAN_POINT('Origin',(-1.52655665885959E-13,-62.5000000000001,
-119.199974332957));
#14170=CARTESIAN_POINT('Origin',(-1.52655665885959E-13,-62.5000000000001,
-119.199974332957));
#14171=CARTESIAN_POINT('Origin',(-1.52655665885959E-13,-62.5000000000001,
-119.199974332957));
#14172=CARTESIAN_POINT('Origin',(-1.52655665885959E-13,-62.5000000000001,
-119.199974332957));
#14173=CARTESIAN_POINT('Origin',(-1.52655665885959E-13,-62.5000000000001,
-119.985688618671));
#14174=CARTESIAN_POINT('',(2.99999999999984,-67.6961524227067,-119.985688618671));
#14175=CARTESIAN_POINT('',(-3.00000000000014,-57.3038475772935,-119.985688618671));
#14176=CARTESIAN_POINT('Origin',(-1.52655665885959E-13,-62.5000000000001,
-119.985688618671));
#14177=CARTESIAN_POINT('',(2.99999999999984,-67.6961524227067,-119.985688618671));
#14178=CARTESIAN_POINT('Origin',(-1.52655665885959E-13,-62.5000000000001,
-119.985688618671));
#14179=CARTESIAN_POINT('Origin',(-1.52655665885959E-13,-62.5000000000001,
-177.));
#14180=CARTESIAN_POINT('',(-3.00000000000014,-57.3038475772935,-112.874974332957));
#14181=CARTESIAN_POINT('',(-3.00000000000014,-57.3038475772935,-177.));
#14182=CARTESIAN_POINT('Origin',(-1.52655665885959E-13,-62.5000000000001,
-112.874974332957));
#14183=CARTESIAN_POINT('Origin',(-1.52655665885959E-13,-62.5000000000001,
-112.));
#14184=CARTESIAN_POINT('',(-2.24225000000014,-58.6163090767288,-112.));
#14185=CARTESIAN_POINT('',(-2.24225000000015,-58.6163090767288,-112.));
#14186=CARTESIAN_POINT('Origin',(-1.52655665885959E-13,-62.5000000000001,
-112.));
#14187=CARTESIAN_POINT('Origin',(-3.00000000000014,-57.3038475772934,-112.));
#14188=CARTESIAN_POINT('',(-2.12500000000015,-58.8193920339162,-112.));
#14189=CARTESIAN_POINT('Origin',(-1.52655665885959E-13,-62.5000000000001,
-112.));
#14190=CARTESIAN_POINT('Origin',(-1.52655665885959E-13,-62.5000000000001,
-177.));
#14191=CARTESIAN_POINT('',(-2.12500000000015,-58.8193920339162,-110.));
#14192=CARTESIAN_POINT('',(-2.12500000000015,-58.8193920339162,-177.));
#14193=CARTESIAN_POINT('Origin',(-1.52655665885959E-13,-62.5000000000001,
-110.));
#14194=CARTESIAN_POINT('Origin',(-2.12500000000015,-58.8193920339162,-110.));
#14195=CARTESIAN_POINT('Origin',(62.8194627246999,36.2233438891762,-119.199974332957));
#14196=CARTESIAN_POINT('',(62.8194627246999,36.2233438891762,-119.471942763275));
#14197=CARTESIAN_POINT('',(60.5691154994453,37.5344121462578,-119.199974332957));
#14198=CARTESIAN_POINT('Ctrl Pts',(62.8194627247036,36.2233438891741,-119.471942763275));
#14199=CARTESIAN_POINT('Ctrl Pts',(61.6342285695122,36.9138697158738,-119.28816761061));
#14200=CARTESIAN_POINT('Ctrl Pts',(60.5691154994453,37.5344121462578,-119.199974332957));
#14201=CARTESIAN_POINT('',(62.8194627246999,36.2233438891762,-129.728005902639));
#14202=CARTESIAN_POINT('',(62.8194627246999,36.2233438891762,-119.199974332957));
#14203=CARTESIAN_POINT('',(60.5691109060943,37.534407665639,-129.999976052323));
#14204=CARTESIAN_POINT('Ctrl Pts',(60.5691133558631,37.534413395124,-129.999974510449));
#14205=CARTESIAN_POINT('Ctrl Pts',(61.634227399221,36.9138703976937,-129.911781236762));
#14206=CARTESIAN_POINT('Ctrl Pts',(62.8194627247036,36.2233438891741,-129.728005902639));
#14207=CARTESIAN_POINT('',(56.4163286735598,39.9538480535694,-129.999976052323));
#14208=CARTESIAN_POINT('',(62.8194627246999,36.2233438891762,-130.));
#14209=CARTESIAN_POINT('',(54.1659830808308,41.2649225162676,-129.728005902639));
#14210=CARTESIAN_POINT('Ctrl Pts',(54.1659830808271,41.2649225162697,-129.728005902639));
#14211=CARTESIAN_POINT('Ctrl Pts',(55.3512184063098,40.5743960077501,-129.911781236762));
#14212=CARTESIAN_POINT('Ctrl Pts',(56.4163324496676,39.9538530103198,-129.999974510449));
#14213=CARTESIAN_POINT('',(54.1659830808308,41.2649225162676,-119.471942763275));
#14214=CARTESIAN_POINT('',(54.1659830808308,41.2649225162676,-119.199974332957));
#14215=CARTESIAN_POINT('',(56.4163303060854,39.9538542591861,-119.199974332957));
#14216=CARTESIAN_POINT('Ctrl Pts',(56.4163303060854,39.953854259186,-119.199974332957));
#14217=CARTESIAN_POINT('Ctrl Pts',(55.3512172360185,40.5743966895701,-119.28816761061));
#14218=CARTESIAN_POINT('Ctrl Pts',(54.1659830808271,41.2649225162697,-119.471942763275));
#14219=CARTESIAN_POINT('',(62.8194627246999,36.2233438891762,-119.199974332957));
#14220=CARTESIAN_POINT('Origin',(54.1265877365276,31.2499999999998,-129.999974332957));
#14221=CARTESIAN_POINT('',(62.8092117301147,33.6189502072295,-129.999976052323));
#14222=CARTESIAN_POINT('Ctrl Pts',(62.8194627246999,36.2233438891804,-129.728005902639));
#14223=CARTESIAN_POINT('Ctrl Pts',(62.8140668890766,34.85163673359,-129.911781236762));
#14224=CARTESIAN_POINT('Ctrl Pts',(62.8092179108404,33.6189494153995,-129.999974510449));
#14225=CARTESIAN_POINT('Origin',(54.1265877365271,31.2499999999996,-129.999976052323));
#14226=CARTESIAN_POINT('Origin',(62.7800673803966,26.2084213729085,-119.199974332957));
#14227=CARTESIAN_POINT('',(62.7800673803966,26.2084213729085,-119.471942763275));
#14228=CARTESIAN_POINT('',(62.7903121844973,28.8128133658555,-119.199974332957));
#14229=CARTESIAN_POINT('Ctrl Pts',(62.7800673803966,26.2084213729043,-119.471942763275));
#14230=CARTESIAN_POINT('Ctrl Pts',(62.7854632106921,27.5801271740828,-119.28816761061));
#14231=CARTESIAN_POINT('Ctrl Pts',(62.7903121844973,28.8128133658555,-119.199974332957));
#14232=CARTESIAN_POINT('',(62.7800673803966,26.2084213729085,-129.728005902639));
#14233=CARTESIAN_POINT('',(62.7800673803966,26.2084213729085,-119.199974332957));
#14234=CARTESIAN_POINT('',(62.7903060074921,28.8128151035048,-129.999976052323));
#14235=CARTESIAN_POINT('Ctrl Pts',(62.790312194256,28.8128158466853,-129.999974510449));
#14236=CARTESIAN_POINT('Ctrl Pts',(62.7854632160199,27.5801285284947,-129.911781236762));
#14237=CARTESIAN_POINT('Ctrl Pts',(62.7800673803966,26.2084213729043,-129.728005902639));
#14238=CARTESIAN_POINT('',(62.7800673803966,26.2084213729085,-130.));
#14239=CARTESIAN_POINT('',(62.8092179205992,33.6189518962292,-119.199974332957));
#14240=CARTESIAN_POINT('Ctrl Pts',(62.8092179205991,33.6189518962292,-119.199974332957));
#14241=CARTESIAN_POINT('Ctrl Pts',(62.8140668944044,34.8516380880019,-119.28816761061));
#14242=CARTESIAN_POINT('Ctrl Pts',(62.8194627246999,36.2233438891804,-119.471942763275));
#14243=CARTESIAN_POINT('',(62.7800673803966,26.2084213729085,-119.199974332957));
#14244=CARTESIAN_POINT('Origin',(54.1265877365276,31.2499999999998,-129.999974332957));
#14245=CARTESIAN_POINT('',(60.5194707930824,24.9151021536599,-129.999976052323));
#14246=CARTESIAN_POINT('Ctrl Pts',(62.7800673804002,26.2084213729105,-129.728005902639));
#14247=CARTESIAN_POINT('Ctrl Pts',(61.5894362192943,25.5272407258397,-129.911781236762));
#14248=CARTESIAN_POINT('Ctrl Pts',(60.5194731977003,24.9150964050794,-129.999974510449));
#14249=CARTESIAN_POINT('Origin',(54.1265877365283,31.2499999999994,-129.999976052323));
#14250=CARTESIAN_POINT('Origin',(54.0871923922243,21.235077483732,-119.199974332957));
#14251=CARTESIAN_POINT('',(54.0871923922243,21.235077483732,-119.471942763275));
#14252=CARTESIAN_POINT('',(56.3477844215796,22.5284012195976,-119.199974332957));
#14253=CARTESIAN_POINT('Ctrl Pts',(54.0871923922206,21.2350774837299,-119.471942763275));
#14254=CARTESIAN_POINT('Ctrl Pts',(55.2778223777075,21.9162574582088,-119.28816761061));
#14255=CARTESIAN_POINT('Ctrl Pts',(56.3477844215797,22.5284012195976,-119.199974332957));
#14256=CARTESIAN_POINT('',(54.0871923922243,21.235077483732,-129.728005902639));
#14257=CARTESIAN_POINT('',(54.0871923922243,21.235077483732,-119.199974332957));
#14258=CARTESIAN_POINT('',(56.3477828379254,22.5284074378657,-129.999976052323));
#14259=CARTESIAN_POINT('Ctrl Pts',(56.3477865749206,22.5284024515611,-129.999974510449));
#14260=CARTESIAN_POINT('Ctrl Pts',(55.2778235533266,21.9162581308007,-129.911781236762));
#14261=CARTESIAN_POINT('Ctrl Pts',(54.0871923922208,21.2350774837299,-129.728005902639));
#14262=CARTESIAN_POINT('',(54.0871923922243,21.235077483732,-130.));
#14263=CARTESIAN_POINT('',(60.5194753510413,24.9150976370429,-119.199974332957));
#14264=CARTESIAN_POINT('Ctrl Pts',(60.5194753510413,24.9150976370429,-119.199974332957));
#14265=CARTESIAN_POINT('Ctrl Pts',(61.5894373949135,25.5272413984317,-119.28816761061));
#14266=CARTESIAN_POINT('Ctrl Pts',(62.7800673804004,26.2084213729106,-119.471942763275));
#14267=CARTESIAN_POINT('',(54.0871923922243,21.235077483732,-119.199974332957));
#14268=CARTESIAN_POINT('Origin',(54.1265877365276,31.2499999999998,-129.999974332957));
#14269=CARTESIAN_POINT('',(51.8368467994954,22.5461519464303,-129.999976052323));
#14270=CARTESIAN_POINT('Ctrl Pts',(54.0871923922283,21.2350774837298,-129.728005902639));
#14271=CARTESIAN_POINT('Ctrl Pts',(52.9019570667456,21.9256039922495,-129.911781236762));
#14272=CARTESIAN_POINT('Ctrl Pts',(51.8368430233876,22.5461469896797,-129.999974510449));
#14273=CARTESIAN_POINT('Origin',(54.1265877365276,31.2499999999987,-129.999976052323));
#14274=CARTESIAN_POINT('Origin',(45.4337127483553,26.2766561108234,-119.199974332957));
#14275=CARTESIAN_POINT('',(45.4337127483553,26.2766561108234,-119.471942763275));
#14276=CARTESIAN_POINT('',(47.6840599736099,24.9655878537418,-119.199974332957));
#14277=CARTESIAN_POINT('Ctrl Pts',(45.4337127483517,26.2766561108255,-119.471942763275));
#14278=CARTESIAN_POINT('Ctrl Pts',(46.618946903543,25.5861302841258,-119.28816761061));
#14279=CARTESIAN_POINT('Ctrl Pts',(47.68405997361,24.9655878537418,-119.199974332957));
#14280=CARTESIAN_POINT('',(45.4337127483553,26.2766561108234,-129.728005902639));
#14281=CARTESIAN_POINT('',(45.4337127483553,26.2766561108234,-119.199974332957));
#14282=CARTESIAN_POINT('',(47.6840645669609,24.9655923343606,-129.999976052323));
#14283=CARTESIAN_POINT('Ctrl Pts',(47.6840621171921,24.9655866048757,-129.999974510449));
#14284=CARTESIAN_POINT('Ctrl Pts',(46.6189480738342,25.5861296023059,-129.911781236762));
#14285=CARTESIAN_POINT('Ctrl Pts',(45.4337127483516,26.2766561108255,-129.728005902639));
#14286=CARTESIAN_POINT('',(45.4337127483553,26.2766561108234,-130.));
#14287=CARTESIAN_POINT('',(51.8368451669698,22.5461457408136,-119.199974332957));
#14288=CARTESIAN_POINT('Ctrl Pts',(51.8368451669698,22.5461457408136,-119.199974332957));
#14289=CARTESIAN_POINT('Ctrl Pts',(52.9019582370367,21.9256033104296,-119.28816761061));
#14290=CARTESIAN_POINT('Ctrl Pts',(54.0871923922281,21.2350774837299,-119.471942763275));
#14291=CARTESIAN_POINT('',(45.4337127483553,26.2766561108234,-119.199974332957));
#14292=CARTESIAN_POINT('Origin',(54.1265877365276,31.2499999999998,-129.999974332957));
#14293=CARTESIAN_POINT('',(45.4439637429405,28.8810497927701,-129.999976052323));
#14294=CARTESIAN_POINT('Ctrl Pts',(45.4337127483553,26.2766561108192,-129.728005902639));
#14295=CARTESIAN_POINT('Ctrl Pts',(45.4391085839785,27.6483632664097,-129.911781236762));
#14296=CARTESIAN_POINT('Ctrl Pts',(45.4439575622147,28.8810505846002,-129.999974510449));
#14297=CARTESIAN_POINT('Origin',(54.1265877365281,31.25,-129.999976052323));
#14298=CARTESIAN_POINT('Origin',(45.4731080926585,36.2915786270911,-119.199974332957));
#14299=CARTESIAN_POINT('',(45.4731080926585,36.2915786270911,-119.471942763275));
#14300=CARTESIAN_POINT('',(45.4628632885578,33.6871866341441,-119.199974332957));
#14301=CARTESIAN_POINT('Ctrl Pts',(45.4731080926585,36.2915786270953,-119.471942763275));
#14302=CARTESIAN_POINT('Ctrl Pts',(45.467712262363,34.9198728259168,-119.28816761061));
#14303=CARTESIAN_POINT('Ctrl Pts',(45.4628632885578,33.6871866341441,-119.199974332957));
#14304=CARTESIAN_POINT('',(45.4731080926585,36.2915786270911,-129.728005902639));
#14305=CARTESIAN_POINT('',(45.4731080926585,36.2915786270911,-119.199974332957));
#14306=CARTESIAN_POINT('',(45.462869465563,33.6871848964948,-129.999976052323));
#14307=CARTESIAN_POINT('Ctrl Pts',(45.4628632787991,33.6871841533144,-129.999974510449));
#14308=CARTESIAN_POINT('Ctrl Pts',(45.4677122570352,34.9198714715049,-129.911781236762));
#14309=CARTESIAN_POINT('Ctrl Pts',(45.4731080926585,36.2915786270954,-129.728005902639));
#14310=CARTESIAN_POINT('',(45.4731080926585,36.2915786270911,-130.));
#14311=CARTESIAN_POINT('',(45.443957552456,28.8810481037704,-119.199974332957));
#14312=CARTESIAN_POINT('Ctrl Pts',(45.443957552456,28.8810481037704,-119.199974332957));
#14313=CARTESIAN_POINT('Ctrl Pts',(45.4391085786507,27.6483619119977,-119.28816761061));
#14314=CARTESIAN_POINT('Ctrl Pts',(45.4337127483552,26.2766561108193,-119.471942763275));
#14315=CARTESIAN_POINT('',(45.4731080926585,36.2915786270911,-119.199974332957));
#14316=CARTESIAN_POINT('Origin',(54.1265877365276,31.2499999999998,-129.999974332957));
#14317=CARTESIAN_POINT('',(47.7337046799727,37.5848978463397,-129.999976052323));
#14318=CARTESIAN_POINT('Ctrl Pts',(45.4731080926549,36.2915786270891,-129.728005902639));
#14319=CARTESIAN_POINT('Ctrl Pts',(46.6637392537608,36.9727592741599,-129.911781236762));
#14320=CARTESIAN_POINT('Ctrl Pts',(47.7337022753548,37.5849035949203,-129.999974510449));
#14321=CARTESIAN_POINT('Origin',(54.1265877365284,31.2499999999992,-129.999976052323));
#14322=CARTESIAN_POINT('Origin',(54.1659830808308,41.2649225162676,-119.199974332957));
#14323=CARTESIAN_POINT('',(51.9053910514755,39.971598780402,-119.199974332957));
#14324=CARTESIAN_POINT('Ctrl Pts',(54.1659830808344,41.2649225162696,-119.471942763275));
#14325=CARTESIAN_POINT('Ctrl Pts',(52.9753530953476,40.5837425417908,-119.28816761061));
#14326=CARTESIAN_POINT('Ctrl Pts',(51.9053910514755,39.971598780402,-119.199974332957));
#14327=CARTESIAN_POINT('',(51.9053926351298,39.971592562134,-129.999976052323));
#14328=CARTESIAN_POINT('Ctrl Pts',(51.9053888981345,39.9715975484385,-129.999974510449));
#14329=CARTESIAN_POINT('Ctrl Pts',(52.9753519197285,40.5837418691988,-129.911781236762));
#14330=CARTESIAN_POINT('Ctrl Pts',(54.1659830808344,41.2649225162697,-129.728005902639));
#14331=CARTESIAN_POINT('',(54.1659830808308,41.2649225162676,-130.));
#14332=CARTESIAN_POINT('',(47.7337001220138,37.5849023629567,-119.199974332957));
#14333=CARTESIAN_POINT('Ctrl Pts',(47.7337001220138,37.5849023629567,-119.199974332957));
#14334=CARTESIAN_POINT('Ctrl Pts',(46.6637380781417,36.9727586015679,-119.28816761061));
#14335=CARTESIAN_POINT('Ctrl Pts',(45.4731080926549,36.291578627089,-119.471942763275));
#14336=CARTESIAN_POINT('',(54.1659830808308,41.2649225162676,-119.199974332957));
#14337=CARTESIAN_POINT('Origin',(54.1265877365276,31.2499999999998,-129.999974332957));
#14338=CARTESIAN_POINT('Origin',(54.1265877365276,31.2499999999994,-129.999976052323));
#14339=CARTESIAN_POINT('Origin',(54.1265877365276,31.2499999999998,-119.199974332957));
#14340=CARTESIAN_POINT('Origin',(54.1265877365276,31.2499999999998,-119.199974332957));
#14341=CARTESIAN_POINT('Origin',(54.1265877365276,31.2499999999998,-119.199974332957));
#14342=CARTESIAN_POINT('Origin',(54.1265877365276,31.2499999999998,-119.199974332957));
#14343=CARTESIAN_POINT('Origin',(45.394317404052,16.2617335945556,-119.199974332957));
#14344=CARTESIAN_POINT('Origin',(54.1265877365276,31.2499999999998,-119.199974332957));
#14345=CARTESIAN_POINT('Origin',(54.1265877365276,31.2499999999998,-119.199974332957));
#14346=CARTESIAN_POINT('Origin',(54.1265877365276,31.2499999999998,-119.199974332957));
#14347=CARTESIAN_POINT('Origin',(54.1265877365276,31.2499999999998,-119.199974332957));
#14348=CARTESIAN_POINT('',(57.5194448793848,37.1266009542515,-119.199974332957));
#14349=CARTESIAN_POINT('Origin',(54.1265877365276,31.2499999999998,-119.199974332957));
#14350=CARTESIAN_POINT('Origin',(54.1265877365276,31.2499999999998,-119.199974332957));
#14351=CARTESIAN_POINT('Origin',(54.1265877365276,31.2499999999998,-119.199974332957));
#14352=CARTESIAN_POINT('Origin',(54.1265877365276,31.2499999999998,-119.199974332957));
#14353=CARTESIAN_POINT('Origin',(54.1265877365276,31.2499999999998,-119.199974332957));
#14354=CARTESIAN_POINT('Origin',(54.1265877365276,31.2499999999998,-119.985688618671));
#14355=CARTESIAN_POINT('',(57.1265877365276,36.4461524227064,-119.985688618671));
#14356=CARTESIAN_POINT('',(51.1265877365276,26.0538475772932,-119.985688618671));
#14357=CARTESIAN_POINT('Origin',(54.1265877365276,31.2499999999998,-119.985688618671));
#14358=CARTESIAN_POINT('',(57.1265877365276,36.4461524227064,-119.985688618671));
#14359=CARTESIAN_POINT('Origin',(54.1265877365276,31.2499999999998,-119.985688618671));
#14360=CARTESIAN_POINT('Origin',(54.1265877365276,31.2499999999998,-177.));
#14361=CARTESIAN_POINT('',(51.1265877365276,26.0538475772932,-112.874974332957));
#14362=CARTESIAN_POINT('',(51.1265877365276,26.0538475772932,-177.));
#14363=CARTESIAN_POINT('Origin',(54.1265877365276,31.2499999999998,-112.874974332957));
#14364=CARTESIAN_POINT('Origin',(54.1265877365276,31.2499999999998,-112.));
#14365=CARTESIAN_POINT('',(51.8843377365276,27.3663090767285,-112.));
#14366=CARTESIAN_POINT('',(51.8843377365276,27.3663090767285,-112.));
#14367=CARTESIAN_POINT('Origin',(54.1265877365276,31.2499999999998,-112.));
#14368=CARTESIAN_POINT('Origin',(51.1265877365276,26.0538475772932,-112.));
#14369=CARTESIAN_POINT('',(52.0015877365276,27.5693920339159,-112.));
#14370=CARTESIAN_POINT('Origin',(54.1265877365276,31.2499999999998,-112.));
#14371=CARTESIAN_POINT('Origin',(54.1265877365276,31.2499999999998,-177.));
#14372=CARTESIAN_POINT('',(52.0015877365276,27.5693920339159,-110.));
#14373=CARTESIAN_POINT('',(52.0015877365276,27.5693920339159,-177.));
#14374=CARTESIAN_POINT('Origin',(54.1265877365276,31.2499999999998,-110.));
#14375=CARTESIAN_POINT('Origin',(52.0015877365276,27.5693920339159,-110.));
#14376=CARTESIAN_POINT('Origin',(72.3994584649855,94.1495405018277,-156.));
#14377=CARTESIAN_POINT('',(7.61370703151053,70.4392358094672,-156.));
#14378=CARTESIAN_POINT('',(57.1953141184058,41.813281610994,-156.));
#14379=CARTESIAN_POINT('Origin',(90.6723291934436,157.049081003655,-156.));
#14380=CARTESIAN_POINT('',(64.8090211499109,28.6259541984509,-156.));
#14381=CARTESIAN_POINT('Origin',(54.1265877365274,31.2500000000001,-156.));
#14382=CARTESIAN_POINT('',(64.8090211499165,-28.6259541984732,-156.));
#14383=CARTESIAN_POINT('Origin',(181.344658386888,2.22044604925031E-13,
-156.));
#14384=CARTESIAN_POINT('',(57.1953141183836,-41.8132816110004,-156.));
#14385=CARTESIAN_POINT('Origin',(54.1265877365274,-31.25,-156.));
#14386=CARTESIAN_POINT('',(7.61370703151053,-70.4392358094672,-156.));
#14387=CARTESIAN_POINT('Origin',(90.6723291934437,-157.049081003655,-156.));
#14388=CARTESIAN_POINT('',(-7.61370703152708,-70.4392358094513,-156.));
#14389=CARTESIAN_POINT('Origin',(1.80411241501588E-13,-62.5000000000001,
-156.));
#14390=CARTESIAN_POINT('',(-57.1953141184058,-41.8132816109943,-156.));
#14391=CARTESIAN_POINT('Origin',(-90.6723291934433,-157.049081003656,-156.));
#14392=CARTESIAN_POINT('',(-64.8090211499109,-28.6259541984507,-156.));
#14393=CARTESIAN_POINT('Origin',(-54.1265877365275,-31.2499999999999,-156.));
#14394=CARTESIAN_POINT('',(-64.8090211499164,28.6259541984733,-156.));
#14395=CARTESIAN_POINT('Origin',(-181.344658386887,1.66533453693773E-13,
-156.));
#14396=CARTESIAN_POINT('',(-57.1953141183836,41.8132816110004,-156.));
#14397=CARTESIAN_POINT('Origin',(-54.1265877365274,31.25,-156.));
#14398=CARTESIAN_POINT('',(-7.61370703151053,70.4392358094672,-156.));
#14399=CARTESIAN_POINT('Origin',(-90.6723291934437,157.049081003655,-156.));
#14400=CARTESIAN_POINT('Origin',(1.46957615897682E-15,62.5,-156.));
#14401=CARTESIAN_POINT('',(49.1265877365275,39.9102540378442,-156.));
#14402=CARTESIAN_POINT('Origin',(54.1265877365275,31.2499999999998,-156.));
#14403=CARTESIAN_POINT('',(59.1265877365273,-22.5897459621558,-156.));
#14404=CARTESIAN_POINT('Origin',(54.1265877365273,-31.2500000000002,-156.));
#14405=CARTESIAN_POINT('',(10.,-62.5,-156.));
#14406=CARTESIAN_POINT('Origin',(-1.46957615897682E-15,-62.5,-156.));
#14407=CARTESIAN_POINT('',(-49.1265877365275,-39.9102540378443,-156.));
#14408=CARTESIAN_POINT('Origin',(-54.1265877365275,-31.2499999999999,-156.));
#14409=CARTESIAN_POINT('',(-59.1265877365274,22.5897459621556,-156.));
#14410=CARTESIAN_POINT('Origin',(-54.1265877365274,31.25,-156.));
#14411=CARTESIAN_POINT('',(-10.,62.5,-156.));
#14412=CARTESIAN_POINT('Origin',(1.46957615897682E-15,62.5,-156.));
#14413=CARTESIAN_POINT('',(-42.5,-5.20474889637625E-15,-156.));
#14414=CARTESIAN_POINT('Origin',(0.,0.,-156.));
#14415=CARTESIAN_POINT('Origin',(72.3994584649855,94.1495405018277,-144.));
#14416=CARTESIAN_POINT('',(7.61370703151053,70.4392358094672,-144.));
#14417=CARTESIAN_POINT('',(57.1953141184058,41.813281610994,-144.));
#14418=CARTESIAN_POINT('Origin',(90.6723291934436,157.049081003655,-144.));
#14419=CARTESIAN_POINT('',(-7.61370703151053,70.4392358094672,-144.));
#14420=CARTESIAN_POINT('Origin',(1.46957615897682E-15,62.5,-144.));
#14421=CARTESIAN_POINT('',(-57.1953141183836,41.8132816110004,-144.));
#14422=CARTESIAN_POINT('Origin',(-90.6723291934437,157.049081003655,-144.));
#14423=CARTESIAN_POINT('',(-64.8090211499164,28.6259541984733,-144.));
#14424=CARTESIAN_POINT('Origin',(-54.1265877365274,31.25,-144.));
#14425=CARTESIAN_POINT('',(-64.8090211499109,-28.6259541984507,-144.));
#14426=CARTESIAN_POINT('Origin',(-181.344658386887,1.66533453693773E-13,
-144.));
#14427=CARTESIAN_POINT('',(-57.1953141184058,-41.8132816109943,-144.));
#14428=CARTESIAN_POINT('Origin',(-54.1265877365275,-31.2499999999999,-144.));
#14429=CARTESIAN_POINT('',(-7.61370703152708,-70.4392358094513,-144.));
#14430=CARTESIAN_POINT('Origin',(-90.6723291934433,-157.049081003656,-144.));
#14431=CARTESIAN_POINT('',(7.61370703151053,-70.4392358094672,-144.));
#14432=CARTESIAN_POINT('Origin',(1.80411241501588E-13,-62.5000000000001,
-144.));
#14433=CARTESIAN_POINT('',(57.1953141183836,-41.8132816110004,-144.));
#14434=CARTESIAN_POINT('Origin',(90.6723291934437,-157.049081003655,-144.));
#14435=CARTESIAN_POINT('',(64.8090211499165,-28.6259541984732,-144.));
#14436=CARTESIAN_POINT('Origin',(54.1265877365274,-31.25,-144.));
#14437=CARTESIAN_POINT('',(64.8090211499109,28.6259541984509,-144.));
#14438=CARTESIAN_POINT('Origin',(181.344658386888,2.22044604925031E-13,
-144.));
#14439=CARTESIAN_POINT('Origin',(54.1265877365274,31.2500000000001,-144.));
#14440=CARTESIAN_POINT('',(-42.5,-5.20474889637625E-15,-144.));
#14441=CARTESIAN_POINT('Origin',(0.,0.,-144.));
#14442=CARTESIAN_POINT('',(49.1265877365275,39.9102540378442,-144.));
#14443=CARTESIAN_POINT('Origin',(54.1265877365275,31.2499999999998,-144.));
#14444=CARTESIAN_POINT('',(59.1265877365273,-22.5897459621558,-144.));
#14445=CARTESIAN_POINT('Origin',(54.1265877365273,-31.2500000000002,-144.));
#14446=CARTESIAN_POINT('',(10.,-62.5,-144.));
#14447=CARTESIAN_POINT('Origin',(-1.46957615897682E-15,-62.5,-144.));
#14448=CARTESIAN_POINT('',(-49.1265877365275,-39.9102540378443,-144.));
#14449=CARTESIAN_POINT('Origin',(-54.1265877365275,-31.2499999999999,-144.));
#14450=CARTESIAN_POINT('',(-59.1265877365274,22.5897459621556,-144.));
#14451=CARTESIAN_POINT('Origin',(-54.1265877365274,31.25,-144.));
#14452=CARTESIAN_POINT('',(-10.,62.5,-144.));
#14453=CARTESIAN_POINT('Origin',(1.46957615897682E-15,62.5,-144.));
#14454=CARTESIAN_POINT('Origin',(90.6723291934436,157.049081003655,-156.));
#14455=CARTESIAN_POINT('',(57.1953141184058,41.813281610994,-156.));
#14456=CARTESIAN_POINT('',(7.61370703151053,70.4392358094672,-156.));
#14457=CARTESIAN_POINT('Origin',(54.1265877365274,31.2500000000001,-156.));
#14458=CARTESIAN_POINT('',(64.8090211499109,28.6259541984509,-156.));
#14459=CARTESIAN_POINT('Origin',(181.344658386888,2.22044604925031E-13,
-156.));
#14460=CARTESIAN_POINT('',(64.8090211499165,-28.6259541984732,-156.));
#14461=CARTESIAN_POINT('Origin',(54.1265877365274,-31.25,-156.));
#14462=CARTESIAN_POINT('',(57.1953141183836,-41.8132816110004,-156.));
#14463=CARTESIAN_POINT('Origin',(90.6723291934437,-157.049081003655,-156.));
#14464=CARTESIAN_POINT('',(7.61370703151053,-70.4392358094672,-156.));
#14465=CARTESIAN_POINT('Origin',(1.80411241501588E-13,-62.5000000000001,
-156.));
#14466=CARTESIAN_POINT('',(-7.61370703152708,-70.4392358094513,-156.));
#14467=CARTESIAN_POINT('Origin',(-90.6723291934433,-157.049081003656,-156.));
#14468=CARTESIAN_POINT('',(-57.1953141184058,-41.8132816109943,-156.));
#14469=CARTESIAN_POINT('Origin',(-54.1265877365275,-31.2499999999999,-156.));
#14470=CARTESIAN_POINT('',(-64.8090211499109,-28.6259541984507,-156.));
#14471=CARTESIAN_POINT('Origin',(-181.344658386887,1.66533453693773E-13,
-156.));
#14472=CARTESIAN_POINT('',(-64.8090211499164,28.6259541984733,-156.));
#14473=CARTESIAN_POINT('Origin',(-54.1265877365274,31.25,-156.));
#14474=CARTESIAN_POINT('',(-57.1953141183836,41.8132816110004,-156.));
#14475=CARTESIAN_POINT('Origin',(-90.6723291934437,157.049081003655,-156.));
#14476=CARTESIAN_POINT('',(-7.61370703151053,70.4392358094672,-156.));
#14477=CARTESIAN_POINT('Origin',(1.46957615897682E-15,62.5,-156.));
#14478=CARTESIAN_POINT('Origin',(0.,0.,-156.));
#14479=CARTESIAN_POINT('',(-42.5,-5.20474889637625E-15,-156.));
#14480=CARTESIAN_POINT('Origin',(1.46957615897682E-15,62.5,-160.));
#14481=CARTESIAN_POINT('',(-10.,62.5,-140.));
#14482=CARTESIAN_POINT('Origin',(1.46957615897682E-15,62.5,-140.));
#14483=CARTESIAN_POINT('',(-10.,62.5,-160.));
#14484=CARTESIAN_POINT('Origin',(1.46957615897682E-15,62.5,-160.));
#14485=CARTESIAN_POINT('',(-10.,62.5,-160.));
#14486=CARTESIAN_POINT('Origin',(-54.1265877365274,31.25,-160.));
#14487=CARTESIAN_POINT('',(-59.1265877365274,22.5897459621556,-140.));
#14488=CARTESIAN_POINT('Origin',(-54.1265877365274,31.25,-140.));
#14489=CARTESIAN_POINT('',(-59.1265877365274,22.5897459621556,-160.));
#14490=CARTESIAN_POINT('Origin',(-54.1265877365274,31.25,-160.));
#14491=CARTESIAN_POINT('',(-59.1265877365274,22.5897459621556,-160.));
#14492=CARTESIAN_POINT('Origin',(-54.1265877365275,-31.2499999999999,-160.));
#14493=CARTESIAN_POINT('',(-49.1265877365275,-39.9102540378443,-140.));
#14494=CARTESIAN_POINT('Origin',(-54.1265877365275,-31.2499999999999,-140.));
#14495=CARTESIAN_POINT('',(-49.1265877365275,-39.9102540378443,-160.));
#14496=CARTESIAN_POINT('Origin',(-54.1265877365275,-31.2499999999999,-160.));
#14497=CARTESIAN_POINT('',(-49.1265877365275,-39.9102540378443,-160.));
#14498=CARTESIAN_POINT('Origin',(-1.46957615897682E-15,-62.5,-160.));
#14499=CARTESIAN_POINT('',(10.,-62.5,-140.));
#14500=CARTESIAN_POINT('Origin',(-1.46957615897682E-15,-62.5,-140.));
#14501=CARTESIAN_POINT('',(10.,-62.5,-160.));
#14502=CARTESIAN_POINT('Origin',(-1.46957615897682E-15,-62.5,-160.));
#14503=CARTESIAN_POINT('',(10.,-62.5,-160.));
#14504=CARTESIAN_POINT('Origin',(54.1265877365273,-31.2500000000002,-160.));
#14505=CARTESIAN_POINT('',(59.1265877365273,-22.5897459621558,-140.));
#14506=CARTESIAN_POINT('Origin',(54.1265877365273,-31.2500000000002,-140.));
#14507=CARTESIAN_POINT('',(59.1265877365273,-22.5897459621558,-160.));
#14508=CARTESIAN_POINT('Origin',(54.1265877365273,-31.2500000000002,-160.));
#14509=CARTESIAN_POINT('',(59.1265877365273,-22.5897459621558,-160.));
#14510=CARTESIAN_POINT('Origin',(54.1265877365275,31.2499999999998,-160.));
#14511=CARTESIAN_POINT('',(49.1265877365275,39.9102540378442,-140.));
#14512=CARTESIAN_POINT('Origin',(54.1265877365275,31.2499999999998,-140.));
#14513=CARTESIAN_POINT('',(49.1265877365275,39.9102540378442,-160.));
#14514=CARTESIAN_POINT('Origin',(54.1265877365275,31.2499999999998,-160.));
#14515=CARTESIAN_POINT('',(49.1265877365275,39.9102540378442,-160.));
#14516=CARTESIAN_POINT('Origin',(5.19615242270663,71.5,-130.));
#14517=CARTESIAN_POINT('',(5.19615242270663,71.5,-130.));
#14518=CARTESIAN_POINT('',(5.19615242270663,71.5,-124.166666666667));
#14519=CARTESIAN_POINT('',(5.19615242270663,71.5,-130.));
#14520=CARTESIAN_POINT('',(10.3923048454133,62.5,-124.166666666667));
#14521=CARTESIAN_POINT('Ctrl Pts',(5.19615242270487,71.5000000000031,-124.166666666668));
#14522=CARTESIAN_POINT('Ctrl Pts',(7.79422863405995,67.,-122.666666666666));
#14523=CARTESIAN_POINT('Ctrl Pts',(10.392304845415,62.4999999999969,-124.166666666668));
#14524=CARTESIAN_POINT('',(10.3923048454133,62.5,-130.));
#14525=CARTESIAN_POINT('',(10.3923048454133,62.5,-130.));
#14526=CARTESIAN_POINT('',(5.19615242270663,71.5,-130.));
#14527=CARTESIAN_POINT('Origin',(10.3923048454133,62.5,-130.));
#14528=CARTESIAN_POINT('',(5.19615242270663,53.5,-124.166666666667));
#14529=CARTESIAN_POINT('Ctrl Pts',(10.3923048454151,62.5000000000031,-124.166666666668));
#14530=CARTESIAN_POINT('Ctrl Pts',(7.79422863405998,58.,-122.666666666666));
#14531=CARTESIAN_POINT('Ctrl Pts',(5.1961524227049,53.4999999999969,-124.166666666668));
#14532=CARTESIAN_POINT('',(5.19615242270663,53.5,-130.));
#14533=CARTESIAN_POINT('',(5.19615242270663,53.5,-130.));
#14534=CARTESIAN_POINT('',(10.3923048454133,62.5,-130.));
#14535=CARTESIAN_POINT('Origin',(5.19615242270663,53.5,-130.));
#14536=CARTESIAN_POINT('',(-5.19615242270663,53.5,-124.166666666667));
#14537=CARTESIAN_POINT('Ctrl Pts',(5.19615242271018,53.5,-124.166666666668));
#14538=CARTESIAN_POINT('Ctrl Pts',(2.44249065417534E-15,53.5,-122.666666666666));
#14539=CARTESIAN_POINT('Ctrl Pts',(-5.19615242271017,53.5,-124.166666666668));
#14540=CARTESIAN_POINT('',(-5.19615242270663,53.5,-130.));
#14541=CARTESIAN_POINT('',(-5.19615242270663,53.5,-130.));
#14542=CARTESIAN_POINT('',(5.19615242270663,53.5,-130.));
#14543=CARTESIAN_POINT('Origin',(-5.19615242270663,53.5,-130.));
#14544=CARTESIAN_POINT('',(-10.3923048454133,62.5,-124.166666666667));
#14545=CARTESIAN_POINT('Ctrl Pts',(-5.19615242270487,53.499999999997,-124.166666666668));
#14546=CARTESIAN_POINT('Ctrl Pts',(-7.79422863405995,58.,-122.666666666666));
#14547=CARTESIAN_POINT('Ctrl Pts',(-10.392304845415,62.5000000000031,-124.166666666668));
#14548=CARTESIAN_POINT('',(-10.3923048454133,62.5,-130.));
#14549=CARTESIAN_POINT('',(-10.3923048454133,62.5,-130.));
#14550=CARTESIAN_POINT('',(-5.19615242270663,53.5,-130.));
#14551=CARTESIAN_POINT('Origin',(-10.3923048454133,62.5,-130.));
#14552=CARTESIAN_POINT('',(-5.19615242270664,71.5,-124.166666666667));
#14553=CARTESIAN_POINT('Ctrl Pts',(-10.392304845415,62.499999999997,-124.166666666668));
#14554=CARTESIAN_POINT('Ctrl Pts',(-7.79422863405997,67.,-122.666666666666));
#14555=CARTESIAN_POINT('Ctrl Pts',(-5.1961524227049,71.5000000000031,-124.166666666668));
#14556=CARTESIAN_POINT('',(-5.19615242270663,71.5,-130.));
#14557=CARTESIAN_POINT('',(-5.19615242270663,71.5,-130.));
#14558=CARTESIAN_POINT('',(-10.3923048454133,62.5,-130.));
#14559=CARTESIAN_POINT('Origin',(-5.19615242270663,71.5,-130.));
#14560=CARTESIAN_POINT('Ctrl Pts',(-5.19615242271023,71.5,-124.166666666668));
#14561=CARTESIAN_POINT('Ctrl Pts',(-2.22044604925031E-14,71.5,-122.666666666666));
#14562=CARTESIAN_POINT('Ctrl Pts',(5.19615242271017,71.5,-124.166666666668));
#14563=CARTESIAN_POINT('',(-5.19615242270663,71.5,-130.));
#14564=CARTESIAN_POINT('Origin',(0.,62.5,-124.166666666667));
#14565=CARTESIAN_POINT('',(-8.37157890324957,62.5,-123.));
#14566=CARTESIAN_POINT('',(-10.3923048454133,62.5,-124.166666666667));
#14567=CARTESIAN_POINT('Origin',(0.,62.5,-123.));
#14568=CARTESIAN_POINT('Origin',(6.93889390390723E-15,80.5,-123.));
#14569=CARTESIAN_POINT('Origin',(-64.5188925819407,-31.2499999999999,-130.));
#14570=CARTESIAN_POINT('',(-64.5188925819407,-31.2499999999999,-130.));
#14571=CARTESIAN_POINT('',(-64.5188925819407,-31.2499999999999,-124.166666666667));
#14572=CARTESIAN_POINT('',(-64.5188925819407,-31.2499999999999,-130.));
#14573=CARTESIAN_POINT('',(-59.3227401592341,-22.2499999999999,-124.166666666667));
#14574=CARTESIAN_POINT('Ctrl Pts',(-64.5188925819425,-31.250000000003,-124.166666666668));
#14575=CARTESIAN_POINT('Ctrl Pts',(-61.9208163705874,-26.7499999999999,
-122.666666666666));
#14576=CARTESIAN_POINT('Ctrl Pts',(-59.3227401592323,-22.2499999999969,
-124.166666666668));
#14577=CARTESIAN_POINT('',(-59.3227401592341,-22.2499999999999,-130.));
#14578=CARTESIAN_POINT('',(-59.3227401592341,-22.2499999999999,-130.));
#14579=CARTESIAN_POINT('',(-64.5188925819407,-31.2499999999999,-130.));
#14580=CARTESIAN_POINT('Origin',(-59.3227401592341,-22.2499999999999,-130.));
#14581=CARTESIAN_POINT('',(-48.9304353138208,-22.2499999999999,-124.166666666667));
#14582=CARTESIAN_POINT('Ctrl Pts',(-59.3227401592376,-22.2499999999999,
-124.166666666668));
#14583=CARTESIAN_POINT('Ctrl Pts',(-54.1265877365275,-22.2499999999999,
-122.666666666666));
#14584=CARTESIAN_POINT('Ctrl Pts',(-48.9304353138173,-22.2499999999999,
-124.166666666668));
#14585=CARTESIAN_POINT('',(-48.9304353138208,-22.2499999999999,-130.));
#14586=CARTESIAN_POINT('',(-48.9304353138208,-22.2499999999999,-130.));
#14587=CARTESIAN_POINT('',(-59.3227401592341,-22.2499999999999,-130.));
#14588=CARTESIAN_POINT('Origin',(-48.9304353138208,-22.2499999999999,-130.));
#14589=CARTESIAN_POINT('',(-43.7342828911142,-31.2499999999999,-124.166666666667));
#14590=CARTESIAN_POINT('Ctrl Pts',(-48.9304353138226,-22.2499999999968,
-124.166666666668));
#14591=CARTESIAN_POINT('Ctrl Pts',(-46.3323591024675,-26.7499999999999,
-122.666666666666));
#14592=CARTESIAN_POINT('Ctrl Pts',(-43.7342828911124,-31.250000000003,-124.166666666668));
#14593=CARTESIAN_POINT('',(-43.7342828911142,-31.2499999999999,-130.));
#14594=CARTESIAN_POINT('',(-43.7342828911142,-31.2499999999999,-130.));
#14595=CARTESIAN_POINT('',(-48.9304353138208,-22.2499999999999,-130.));
#14596=CARTESIAN_POINT('Origin',(-43.7342828911142,-31.2499999999999,-130.));
#14597=CARTESIAN_POINT('',(-48.9304353138209,-40.2499999999999,-124.166666666667));
#14598=CARTESIAN_POINT('Ctrl Pts',(-43.7342828911124,-31.2499999999968,
-124.166666666668));
#14599=CARTESIAN_POINT('Ctrl Pts',(-46.3323591024676,-35.7499999999999,
-122.666666666666));
#14600=CARTESIAN_POINT('Ctrl Pts',(-48.9304353138227,-40.250000000003,-124.166666666668));
#14601=CARTESIAN_POINT('',(-48.9304353138209,-40.2499999999999,-130.));
#14602=CARTESIAN_POINT('',(-48.9304353138209,-40.2499999999999,-130.));
#14603=CARTESIAN_POINT('',(-43.7342828911142,-31.2499999999999,-130.));
#14604=CARTESIAN_POINT('Origin',(-48.9304353138209,-40.2499999999999,-130.));
#14605=CARTESIAN_POINT('',(-59.3227401592341,-40.2499999999999,-124.166666666667));
#14606=CARTESIAN_POINT('Ctrl Pts',(-48.9304353138174,-40.2499999999999,
-124.166666666668));
#14607=CARTESIAN_POINT('Ctrl Pts',(-54.1265877365275,-40.2499999999999,
-122.666666666666));
#14608=CARTESIAN_POINT('Ctrl Pts',(-59.3227401592377,-40.2499999999999,
-124.166666666668));
#14609=CARTESIAN_POINT('',(-59.3227401592341,-40.2499999999999,-130.));
#14610=CARTESIAN_POINT('',(-59.3227401592341,-40.2499999999999,-130.));
#14611=CARTESIAN_POINT('',(-48.9304353138209,-40.2499999999999,-130.));
#14612=CARTESIAN_POINT('Origin',(-59.3227401592341,-40.2499999999999,-130.));
#14613=CARTESIAN_POINT('Ctrl Pts',(-59.3227401592324,-40.2500000000029,
-124.166666666668));
#14614=CARTESIAN_POINT('Ctrl Pts',(-61.9208163705874,-35.7499999999999,
-122.666666666666));
#14615=CARTESIAN_POINT('Ctrl Pts',(-64.5188925819425,-31.2499999999968,
-124.166666666668));
#14616=CARTESIAN_POINT('',(-59.3227401592341,-40.2499999999999,-130.));
#14617=CARTESIAN_POINT('Origin',(-54.1265877365275,-31.2499999999999,-124.166666666667));
#14618=CARTESIAN_POINT('',(-49.9407982849027,-38.4999999999999,-123.));
#14619=CARTESIAN_POINT('',(-48.9304353138209,-40.2499999999999,-124.166666666667));
#14620=CARTESIAN_POINT('Origin',(-54.1265877365275,-31.2499999999999,-123.));
#14621=CARTESIAN_POINT('Origin',(-69.7150450046474,-40.2499999999999,-123.));
#14622=CARTESIAN_POINT('Origin',(59.3227401592339,-40.2500000000002,-130.));
#14623=CARTESIAN_POINT('',(59.3227401592339,-40.2500000000002,-130.));
#14624=CARTESIAN_POINT('',(59.3227401592339,-40.2500000000002,-124.166666666667));
#14625=CARTESIAN_POINT('',(59.3227401592339,-40.2500000000002,-130.));
#14626=CARTESIAN_POINT('',(48.9304353138207,-40.2500000000002,-124.166666666667));
#14627=CARTESIAN_POINT('Ctrl Pts',(59.3227401592375,-40.2500000000002,-124.166666666668));
#14628=CARTESIAN_POINT('Ctrl Pts',(54.1265877365273,-40.2500000000002,-122.666666666666));
#14629=CARTESIAN_POINT('Ctrl Pts',(48.9304353138172,-40.2500000000002,-124.166666666668));
#14630=CARTESIAN_POINT('',(48.9304353138207,-40.2500000000002,-130.));
#14631=CARTESIAN_POINT('',(48.9304353138207,-40.2500000000002,-130.));
#14632=CARTESIAN_POINT('',(59.3227401592339,-40.2500000000002,-130.));
#14633=CARTESIAN_POINT('Origin',(48.9304353138207,-40.2500000000002,-130.));
#14634=CARTESIAN_POINT('',(43.7342828911141,-31.2500000000001,-124.166666666667));
#14635=CARTESIAN_POINT('Ctrl Pts',(48.9304353138225,-40.2500000000033,-124.166666666668));
#14636=CARTESIAN_POINT('Ctrl Pts',(46.3323591024674,-35.7500000000002,-122.666666666666));
#14637=CARTESIAN_POINT('Ctrl Pts',(43.7342828911123,-31.2499999999971,-124.166666666668));
#14638=CARTESIAN_POINT('',(43.7342828911141,-31.2500000000001,-130.));
#14639=CARTESIAN_POINT('',(43.7342828911141,-31.2500000000001,-130.));
#14640=CARTESIAN_POINT('',(48.9304353138207,-40.2500000000002,-130.));
#14641=CARTESIAN_POINT('Origin',(43.7342828911141,-31.2500000000001,-130.));
#14642=CARTESIAN_POINT('',(48.9304353138207,-22.2500000000002,-124.166666666667));
#14643=CARTESIAN_POINT('Ctrl Pts',(43.7342828911123,-31.2500000000032,-124.166666666668));
#14644=CARTESIAN_POINT('Ctrl Pts',(46.3323591024674,-26.7500000000002,-122.666666666666));
#14645=CARTESIAN_POINT('Ctrl Pts',(48.9304353138225,-22.2499999999971,-124.166666666668));
#14646=CARTESIAN_POINT('',(48.9304353138207,-22.2500000000002,-130.));
#14647=CARTESIAN_POINT('',(48.9304353138207,-22.2500000000002,-130.));
#14648=CARTESIAN_POINT('',(43.7342828911141,-31.2500000000001,-130.));
#14649=CARTESIAN_POINT('Origin',(48.9304353138207,-22.2500000000002,-130.));
#14650=CARTESIAN_POINT('',(59.322740159234,-22.2500000000002,-124.166666666667));
#14651=CARTESIAN_POINT('Ctrl Pts',(48.9304353138172,-22.2500000000002,-124.166666666668));
#14652=CARTESIAN_POINT('Ctrl Pts',(54.1265877365274,-22.2500000000002,-122.666666666666));
#14653=CARTESIAN_POINT('Ctrl Pts',(59.3227401592375,-22.2500000000002,-124.166666666668));
#14654=CARTESIAN_POINT('',(59.322740159234,-22.2500000000002,-130.));
#14655=CARTESIAN_POINT('',(59.322740159234,-22.2500000000002,-130.));
#14656=CARTESIAN_POINT('',(48.9304353138207,-22.2500000000002,-130.));
#14657=CARTESIAN_POINT('Origin',(59.322740159234,-22.2500000000002,-130.));
#14658=CARTESIAN_POINT('',(64.5188925819406,-31.2500000000002,-124.166666666667));
#14659=CARTESIAN_POINT('Ctrl Pts',(59.3227401592322,-22.2499999999971,-124.166666666668));
#14660=CARTESIAN_POINT('Ctrl Pts',(61.9208163705873,-26.7500000000002,-122.666666666666));
#14661=CARTESIAN_POINT('Ctrl Pts',(64.5188925819424,-31.2500000000033,-124.166666666668));
#14662=CARTESIAN_POINT('',(64.5188925819406,-31.2500000000002,-130.));
#14663=CARTESIAN_POINT('',(64.5188925819406,-31.2500000000002,-130.));
#14664=CARTESIAN_POINT('',(59.322740159234,-22.2500000000002,-130.));
#14665=CARTESIAN_POINT('Origin',(64.5188925819406,-31.2500000000002,-130.));
#14666=CARTESIAN_POINT('Ctrl Pts',(64.5188925819424,-31.2499999999971,-124.166666666668));
#14667=CARTESIAN_POINT('Ctrl Pts',(61.9208163705873,-35.7500000000002,-122.666666666666));
#14668=CARTESIAN_POINT('Ctrl Pts',(59.3227401592322,-40.2500000000033,-124.166666666668));
#14669=CARTESIAN_POINT('',(64.5188925819406,-31.2500000000002,-130.));
#14670=CARTESIAN_POINT('Origin',(54.1265877365273,-31.2500000000002,-124.166666666667));
#14671=CARTESIAN_POINT('',(58.3123771881521,-24.0000000000002,-123.));
#14672=CARTESIAN_POINT('',(59.322740159234,-22.2500000000002,-124.166666666667));
#14673=CARTESIAN_POINT('Origin',(54.1265877365273,-31.2500000000002,-123.));
#14674=CARTESIAN_POINT('Origin',(69.7150450046472,-40.2500000000002,-123.));
#14675=CARTESIAN_POINT('Origin',(54.1265877365273,-31.2500000000002,-43.));
#14676=CARTESIAN_POINT('',(57.1265877365273,-26.0538475772936,-100.014311381329));
#14677=CARTESIAN_POINT('',(51.1265877365273,-36.4461524227068,-100.014311381329));
#14678=CARTESIAN_POINT('Origin',(54.1265877365273,-31.2500000000002,-100.014311381329));
#14679=CARTESIAN_POINT('',(51.1265877365273,-36.4461524227068,-107.125025667043));
#14680=CARTESIAN_POINT('',(51.1265877365273,-36.4461524227068,-43.));
#14681=CARTESIAN_POINT('Origin',(54.1265877365273,-31.2500000000002,-107.125025667043));
#14682=CARTESIAN_POINT('Origin',(54.1265877365273,-31.2500000000002,-100.014311381329));
#14683=CARTESIAN_POINT('Origin',(54.1265877365273,-31.2500000000002,-108.));
#14684=CARTESIAN_POINT('',(51.8843377365273,-35.1336909232715,-108.));
#14685=CARTESIAN_POINT('',(51.8843377365273,-35.1336909232715,-108.));
#14686=CARTESIAN_POINT('Origin',(54.1265877365273,-31.2500000000002,-108.));
#14687=CARTESIAN_POINT('Origin',(51.1265877365273,-36.4461524227068,-108.));
#14688=CARTESIAN_POINT('',(52.0015877365273,-34.9306079660841,-108.));
#14689=CARTESIAN_POINT('Origin',(54.1265877365273,-31.2500000000002,-108.));
#14690=CARTESIAN_POINT('Origin',(54.1265877365273,-31.2500000000002,-43.));
#14691=CARTESIAN_POINT('',(52.0015877365273,-34.9306079660841,-110.));
#14692=CARTESIAN_POINT('',(52.0015877365273,-34.9306079660841,-43.));
#14693=CARTESIAN_POINT('Origin',(54.1265877365273,-31.2500000000002,-110.));
#14694=CARTESIAN_POINT('Origin',(52.0015877365273,-34.930607966084,-110.));
#14695=CARTESIAN_POINT('Origin',(54.1265877365273,-31.2500000000002,-100.014311381329));
#14696=CARTESIAN_POINT('',(57.5194448793846,-25.3733990457484,-100.800025667043));
#14697=CARTESIAN_POINT('',(57.1265877365273,-26.0538475772936,-100.014311381329));
#14698=CARTESIAN_POINT('Origin',(54.1265877365273,-31.2500000000002,-100.800025667043));
#14699=CARTESIAN_POINT('Origin',(54.1265877365273,-31.2500000000002,-100.800025667043));
#14700=CARTESIAN_POINT('',(51.8368451669695,-22.5461457408139,-100.800025667043));
#14701=CARTESIAN_POINT('',(54.0871923922241,-21.2350774837324,-100.528057236725));
#14702=CARTESIAN_POINT('Ctrl Pts',(51.8368451669696,-22.5461457408139,-100.800025667043));
#14703=CARTESIAN_POINT('Ctrl Pts',(52.9019582370364,-21.92560331043,-100.71183238939));
#14704=CARTESIAN_POINT('Ctrl Pts',(54.0871923922278,-21.2350774837303,-100.528057236725));
#14705=CARTESIAN_POINT('',(56.3477844215794,-22.5284012195979,-100.800025667043));
#14706=CARTESIAN_POINT('Ctrl Pts',(54.0871923922205,-21.2350774837303,-100.528057236725));
#14707=CARTESIAN_POINT('Ctrl Pts',(55.2778223777073,-21.9162574582092,-100.71183238939));
#14708=CARTESIAN_POINT('Ctrl Pts',(56.3477844215794,-22.5284012195979,-100.800025667043));
#14709=CARTESIAN_POINT('Origin',(54.1265877365273,-31.2500000000002,-100.800025667043));
#14710=CARTESIAN_POINT('Origin',(54.1265877365273,-31.2500000000002,-100.800025667043));
#14711=CARTESIAN_POINT('',(45.4439575524557,-28.8810481037707,-100.800025667043));
#14712=CARTESIAN_POINT('',(45.4337127483551,-26.2766561108237,-100.528057236725));
#14713=CARTESIAN_POINT('Ctrl Pts',(45.4439575524557,-28.8810481037707,-100.800025667043));
#14714=CARTESIAN_POINT('Ctrl Pts',(45.4391085786505,-27.648361911998,-100.71183238939));
#14715=CARTESIAN_POINT('Ctrl Pts',(45.433712748355,-26.2766561108195,-100.528057236725));
#14716=CARTESIAN_POINT('',(47.6840599736097,-24.9655878537422,-100.800025667043));
#14717=CARTESIAN_POINT('Ctrl Pts',(45.4337127483515,-26.2766561108258,-100.528057236725));
#14718=CARTESIAN_POINT('Ctrl Pts',(46.6189469035428,-25.5861302841262,-100.71183238939));
#14719=CARTESIAN_POINT('Ctrl Pts',(47.6840599736097,-24.9655878537422,-100.800025667043));
#14720=CARTESIAN_POINT('Origin',(54.1265877365273,-31.2500000000002,-100.800025667043));
#14721=CARTESIAN_POINT('Origin',(54.1265877365273,-31.2500000000002,-100.800025667043));
#14722=CARTESIAN_POINT('',(45.4731080926582,-36.2915786270914,-100.528057236725));
#14723=CARTESIAN_POINT('',(45.4628632885576,-33.6871866341444,-100.800025667043));
#14724=CARTESIAN_POINT('Ctrl Pts',(45.4731080926582,-36.2915786270955,-100.528057236725));
#14725=CARTESIAN_POINT('Ctrl Pts',(45.4677122623628,-34.919872825917,-100.71183238939));
#14726=CARTESIAN_POINT('Ctrl Pts',(45.4628632885575,-33.6871866341443,-100.800025667043));
#14727=CARTESIAN_POINT('',(47.7337001220135,-37.584902362957,-100.800025667043));
#14728=CARTESIAN_POINT('Origin',(54.1265877365273,-31.2500000000002,-100.800025667043));
#14729=CARTESIAN_POINT('Ctrl Pts',(47.7337001220135,-37.584902362957,-100.800025667043));
#14730=CARTESIAN_POINT('Ctrl Pts',(46.6637380781414,-36.9727586015683,-100.71183238939));
#14731=CARTESIAN_POINT('Ctrl Pts',(45.4731080926545,-36.2915786270894,-100.528057236725));
#14732=CARTESIAN_POINT('Origin',(54.1265877365273,-31.2500000000002,-100.800025667043));
#14733=CARTESIAN_POINT('',(56.4163303060851,-39.9538542591864,-100.800025667043));
#14734=CARTESIAN_POINT('',(54.1659830808305,-41.264922516268,-100.528057236725));
#14735=CARTESIAN_POINT('Ctrl Pts',(56.4163303060851,-39.9538542591864,-100.800025667043));
#14736=CARTESIAN_POINT('Ctrl Pts',(55.3512172360182,-40.5743966895704,-100.71183238939));
#14737=CARTESIAN_POINT('Ctrl Pts',(54.1659830808268,-41.2649225162701,-100.528057236725));
#14738=CARTESIAN_POINT('',(51.9053910514752,-39.9715987804024,-100.800025667043));
#14739=CARTESIAN_POINT('Ctrl Pts',(54.1659830808342,-41.2649225162701,-100.528057236725));
#14740=CARTESIAN_POINT('Ctrl Pts',(52.9753530953474,-40.5837425417913,-100.71183238939));
#14741=CARTESIAN_POINT('Ctrl Pts',(51.9053910514753,-39.9715987804025,-100.800025667043));
#14742=CARTESIAN_POINT('Origin',(54.1265877365273,-31.2500000000002,-100.800025667043));
#14743=CARTESIAN_POINT('Origin',(54.1265877365273,-31.2500000000002,-100.800025667043));
#14744=CARTESIAN_POINT('',(62.8092179205989,-33.6189518962296,-100.800025667043));
#14745=CARTESIAN_POINT('',(62.8194627246996,-36.2233438891767,-100.528057236725));
#14746=CARTESIAN_POINT('Ctrl Pts',(62.8092179205989,-33.6189518962296,-100.800025667043));
#14747=CARTESIAN_POINT('Ctrl Pts',(62.8140668944041,-34.8516380880024,-100.71183238939));
#14748=CARTESIAN_POINT('Ctrl Pts',(62.8194627246996,-36.2233438891809,-100.528057236725));
#14749=CARTESIAN_POINT('',(60.569115499445,-37.5344121462582,-100.800025667043));
#14750=CARTESIAN_POINT('Ctrl Pts',(62.8194627247032,-36.2233438891746,-100.528057236725));
#14751=CARTESIAN_POINT('Ctrl Pts',(61.6342285695119,-36.9138697158742,-100.71183238939));
#14752=CARTESIAN_POINT('Ctrl Pts',(60.569115499445,-37.5344121462582,-100.800025667043));
#14753=CARTESIAN_POINT('Origin',(54.1265877365273,-31.2500000000002,-100.800025667043));
#14754=CARTESIAN_POINT('Origin',(54.1265877365273,-31.2500000000002,-100.800025667043));
#14755=CARTESIAN_POINT('',(60.5194753510411,-24.9150976370434,-100.800025667043));
#14756=CARTESIAN_POINT('',(62.7800673803964,-26.2084213729089,-100.528057236725));
#14757=CARTESIAN_POINT('Ctrl Pts',(60.5194753510411,-24.9150976370434,-100.800025667043));
#14758=CARTESIAN_POINT('Ctrl Pts',(61.5894373949133,-25.5272413984321,-100.71183238939));
#14759=CARTESIAN_POINT('Ctrl Pts',(62.7800673804001,-26.208421372911,-100.528057236725));
#14760=CARTESIAN_POINT('',(62.7903121844971,-28.812813365856,-100.800025667043));
#14761=CARTESIAN_POINT('Ctrl Pts',(62.7800673803964,-26.2084213729047,-100.528057236725));
#14762=CARTESIAN_POINT('Ctrl Pts',(62.7854632106918,-27.5801271740833,-100.71183238939));
#14763=CARTESIAN_POINT('Ctrl Pts',(62.7903121844971,-28.812813365856,-100.800025667043));
#14764=CARTESIAN_POINT('Origin',(54.1265877365273,-31.2500000000002,-100.800025667043));
#14765=CARTESIAN_POINT('Origin',(54.1265877365273,-31.2500000000002,-90.0000256670431));
#14766=CARTESIAN_POINT('',(45.4337127483551,-26.2766561108237,-90.2719940973607));
#14767=CARTESIAN_POINT('',(45.4439637429402,-28.8810497927704,-90.0000239476772));
#14768=CARTESIAN_POINT('Ctrl Pts',(45.433712748355,-26.2766561108196,-90.2719940973612));
#14769=CARTESIAN_POINT('Ctrl Pts',(45.4391085839783,-27.6483632664101,-90.0882187632378));
#14770=CARTESIAN_POINT('Ctrl Pts',(45.4439575622145,-28.8810505846006,-90.0000254895507));
#14771=CARTESIAN_POINT('',(47.6840645669607,-24.965592334361,-90.0000239476772));
#14772=CARTESIAN_POINT('Origin',(54.1265877365277,-31.2500000000006,-90.0000239476775));
#14773=CARTESIAN_POINT('Ctrl Pts',(47.684062117192,-24.965586604876,-90.0000254895507));
#14774=CARTESIAN_POINT('Ctrl Pts',(46.6189480738341,-25.5861296023061,-90.0882187632378));
#14775=CARTESIAN_POINT('Ctrl Pts',(45.4337127483515,-26.2766561108258,-90.2719940973612));
#14776=CARTESIAN_POINT('Origin',(54.1265877365273,-31.2500000000002,-90.0000256670431));
#14777=CARTESIAN_POINT('',(54.0871923922241,-21.2350774837324,-90.2719940973607));
#14778=CARTESIAN_POINT('',(51.8368467994952,-22.5461519464306,-90.0000239476772));
#14779=CARTESIAN_POINT('Ctrl Pts',(54.0871923922277,-21.2350774837304,-90.2719940973613));
#14780=CARTESIAN_POINT('Ctrl Pts',(52.9019570667452,-21.92560399225,-90.0882187632378));
#14781=CARTESIAN_POINT('Ctrl Pts',(51.8368430233874,-22.5461469896801,-90.0000254895507));
#14782=CARTESIAN_POINT('',(56.3477828379252,-22.528407437866,-90.0000239476772));
#14783=CARTESIAN_POINT('Origin',(54.1265877365274,-31.250000000001,-90.0000239476772));
#14784=CARTESIAN_POINT('Ctrl Pts',(56.3477865749203,-22.5284024515615,-90.0000254895507));
#14785=CARTESIAN_POINT('Ctrl Pts',(55.2778235533264,-21.9162581308012,-90.0882187632378));
#14786=CARTESIAN_POINT('Ctrl Pts',(54.0871923922205,-21.2350774837304,-90.2719940973613));
#14787=CARTESIAN_POINT('Origin',(54.1265877365273,-31.2500000000002,-90.0000256670431));
#14788=CARTESIAN_POINT('',(62.7800673803964,-26.2084213729089,-90.2719940973607));
#14789=CARTESIAN_POINT('',(60.5194707930822,-24.9151021536603,-90.0000239476772));
#14790=CARTESIAN_POINT('Ctrl Pts',(62.7800673804001,-26.2084213729111,-90.2719940973613));
#14791=CARTESIAN_POINT('Ctrl Pts',(61.5894362192942,-25.5272407258402,-90.0882187632378));
#14792=CARTESIAN_POINT('Ctrl Pts',(60.5194731977001,-24.9150964050798,-90.0000254895507));
#14793=CARTESIAN_POINT('',(62.7903060074919,-28.8128151035053,-90.0000239476772));
#14794=CARTESIAN_POINT('Origin',(54.1265877365272,-31.2500000000002,-90.0000239476772));
#14795=CARTESIAN_POINT('Ctrl Pts',(62.7903121942558,-28.8128158466858,-90.0000254895507));
#14796=CARTESIAN_POINT('Ctrl Pts',(62.7854632160196,-27.5801285284952,-90.0882187632378));
#14797=CARTESIAN_POINT('Ctrl Pts',(62.7800673803963,-26.2084213729047,-90.2719940973613));
#14798=CARTESIAN_POINT('Origin',(54.1265877365273,-31.2500000000002,-90.0000256670431));
#14799=CARTESIAN_POINT('',(62.8194627246996,-36.2233438891767,-90.2719940973607));
#14800=CARTESIAN_POINT('',(62.8092117301144,-33.6189502072299,-90.0000239476772));
#14801=CARTESIAN_POINT('Ctrl Pts',(62.8194627246996,-36.2233438891808,-90.2719940973612));
#14802=CARTESIAN_POINT('Ctrl Pts',(62.8140668890763,-34.8516367335904,-90.0882187632378));
#14803=CARTESIAN_POINT('Ctrl Pts',(62.8092179108401,-33.6189494153999,-90.0000254895507));
#14804=CARTESIAN_POINT('',(60.569110906094,-37.5344076656394,-90.0000239476772));
#14805=CARTESIAN_POINT('Origin',(54.1265877365272,-31.2500000000003,-90.0000239476772));
#14806=CARTESIAN_POINT('Ctrl Pts',(60.5691133558627,-37.5344133951244,-90.0000254895507));
#14807=CARTESIAN_POINT('Ctrl Pts',(61.6342273992206,-36.9138703976942,-90.0882187632378));
#14808=CARTESIAN_POINT('Ctrl Pts',(62.8194627247032,-36.2233438891746,-90.2719940973612));
#14809=CARTESIAN_POINT('Origin',(54.1265877365273,-31.2500000000002,-90.0000256670431));
#14810=CARTESIAN_POINT('',(45.4628694655628,-33.6871848964951,-90.0000239476772));
#14811=CARTESIAN_POINT('',(45.4731080926582,-36.2915786270914,-90.2719940973607));
#14812=CARTESIAN_POINT('Ctrl Pts',(45.4628632787988,-33.6871841533146,-90.0000254895507));
#14813=CARTESIAN_POINT('Ctrl Pts',(45.467712257035,-34.9198714715051,-90.0882187632378));
#14814=CARTESIAN_POINT('Ctrl Pts',(45.4731080926582,-36.2915786270956,-90.2719940973612));
#14815=CARTESIAN_POINT('',(47.7337046799724,-37.58489784634,-90.0000239476772));
#14816=CARTESIAN_POINT('Ctrl Pts',(45.4731080926546,-36.2915786270894,-90.2719940973612));
#14817=CARTESIAN_POINT('Ctrl Pts',(46.6637392537605,-36.9727592741602,-90.0882187632378));
#14818=CARTESIAN_POINT('Ctrl Pts',(47.7337022753544,-37.5849035949205,-90.0000254895507));
#14819=CARTESIAN_POINT('Origin',(54.1265877365277,-31.25,-90.0000239476772));
#14820=CARTESIAN_POINT('Origin',(54.1265877365273,-31.2500000000002,-90.0000256670431));
#14821=CARTESIAN_POINT('',(54.1659830808305,-41.264922516268,-90.2719940973607));
#14822=CARTESIAN_POINT('',(56.4163286735595,-39.9538480535697,-90.0000239476772));
#14823=CARTESIAN_POINT('Ctrl Pts',(54.165983080827,-41.26492251627,-90.2719940973612));
#14824=CARTESIAN_POINT('Ctrl Pts',(55.3512184063095,-40.5743960077504,-90.0882187632378));
#14825=CARTESIAN_POINT('Ctrl Pts',(56.4163324496673,-39.9538530103202,-90.0000254895507));
#14826=CARTESIAN_POINT('',(51.9053926351294,-39.9715925621343,-90.0000239476772));
#14827=CARTESIAN_POINT('Origin',(54.1265877365272,-31.2500000000009,-90.0000239476772));
#14828=CARTESIAN_POINT('Ctrl Pts',(51.9053888981342,-39.9715975484389,-90.0000254895507));
#14829=CARTESIAN_POINT('Ctrl Pts',(52.9753519197282,-40.5837418691992,-90.0882187632378));
#14830=CARTESIAN_POINT('Ctrl Pts',(54.1659830808341,-41.26492251627,-90.2719940973612));
#14831=CARTESIAN_POINT('Origin',(45.5125034369614,-46.3065011433592,-100.800025667043));
#14832=CARTESIAN_POINT('',(54.0871923922241,-21.2350774837324,-100.800025667043));
#14833=CARTESIAN_POINT('',(62.7800673803964,-26.2084213729089,-100.800025667043));
#14834=CARTESIAN_POINT('',(62.8194627246996,-36.2233438891767,-100.800025667043));
#14835=CARTESIAN_POINT('',(54.1659830808305,-41.264922516268,-100.800025667043));
#14836=CARTESIAN_POINT('',(45.4731080926582,-36.2915786270914,-100.800025667043));
#14837=CARTESIAN_POINT('',(45.4337127483551,-26.2766561108237,-100.800025667043));
#14838=CARTESIAN_POINT('Origin',(54.1659830808305,-41.264922516268,-100.800025667043));
#14839=CARTESIAN_POINT('',(54.1659830808305,-41.264922516268,-100.800025667043));
#14840=CARTESIAN_POINT('',(-4.42912973411562,-7.7416466552525,-90.));
#14841=CARTESIAN_POINT('',(45.4731080926582,-36.2915786270914,-100.800025667043));
#14842=CARTESIAN_POINT('Origin',(62.8194627246996,-36.2233438891767,-100.800025667043));
#14843=CARTESIAN_POINT('',(62.8194627246996,-36.2233438891767,-100.800025667043));
#14844=CARTESIAN_POINT('',(31.6752792561099,-54.3681661104545,-90.));
#14845=CARTESIAN_POINT('Origin',(62.7800673803964,-26.2084213729089,-100.800025667043));
#14846=CARTESIAN_POINT('',(62.7800673803964,-26.2084213729089,-100.800025667043));
#14847=CARTESIAN_POINT('',(62.6760024152721,0.246546360262474,-90.));
#14848=CARTESIAN_POINT('Origin',(54.0871923922241,-21.2350774837324,-100.800025667043));
#14849=CARTESIAN_POINT('',(54.0871923922241,-21.2350774837324,-100.800025667043));
#14850=CARTESIAN_POINT('',(4.18495456545028,7.31485448810655,-90.));
#14851=CARTESIAN_POINT('Origin',(45.4337127483551,-26.2766561108237,-100.800025667043));
#14852=CARTESIAN_POINT('',(45.4337127483551,-26.2766561108237,-100.800025667043));
#14853=CARTESIAN_POINT('',(22.9430089236345,-39.3798997050102,-90.));
#14854=CARTESIAN_POINT('Origin',(45.4731080926582,-36.2915786270914,-100.800025667043));
#14855=CARTESIAN_POINT('',(45.3296477832308,0.178311622347699,-90.));
#14856=CARTESIAN_POINT('Origin',(-8.65347964386906,57.4584213729087,-100.800025667043));
#14857=CARTESIAN_POINT('',(-8.65347964386906,57.4584213729087,-100.528057236725));
#14858=CARTESIAN_POINT('',(-8.66372444796974,60.0628133658557,-100.800025667043));
#14859=CARTESIAN_POINT('Ctrl Pts',(-8.65347964386905,57.4584213729045,-100.528057236725));
#14860=CARTESIAN_POINT('Ctrl Pts',(-8.65887547416452,58.830127174083,-100.71183238939));
#14861=CARTESIAN_POINT('Ctrl Pts',(-8.66372444796975,60.0628133658557,-100.800025667043));
#14862=CARTESIAN_POINT('',(-8.65347964386906,57.4584213729087,-90.2719940973607));
#14863=CARTESIAN_POINT('',(-8.65347964386906,57.4584213729087,-100.800025667043));
#14864=CARTESIAN_POINT('',(-8.6637182709645,60.0628151035051,-90.0000239476772));
#14865=CARTESIAN_POINT('Ctrl Pts',(-8.6637244577285,60.0628158466856,-90.0000254895507));
#14866=CARTESIAN_POINT('Ctrl Pts',(-8.65887547949233,58.830128528495,-90.0882187632378));
#14867=CARTESIAN_POINT('Ctrl Pts',(-8.65347964386905,57.4584213729045,-90.2719940973612));
#14868=CARTESIAN_POINT('',(-8.68262399358705,64.8689502072297,-90.0000239476772));
#14869=CARTESIAN_POINT('',(-8.42732709441204,-0.0331502766896937,-90.));
#14870=CARTESIAN_POINT('',(-8.69287498817227,67.4733438891765,-90.2719940973607));
#14871=CARTESIAN_POINT('Ctrl Pts',(-8.6928749881723,67.4733438891807,-90.2719940973612));
#14872=CARTESIAN_POINT('Ctrl Pts',(-8.68747915254902,66.1016367335902,-90.0882187632378));
#14873=CARTESIAN_POINT('Ctrl Pts',(-8.68263017431284,64.8689494153997,-90.0000254895507));
#14874=CARTESIAN_POINT('',(-8.69287498817227,67.4733438891765,-100.528057236725));
#14875=CARTESIAN_POINT('',(-8.69287498817227,67.4733438891765,-100.800025667043));
#14876=CARTESIAN_POINT('',(-8.68263018407159,64.8689518962294,-100.800025667043));
#14877=CARTESIAN_POINT('Ctrl Pts',(-8.68263018407159,64.8689518962293,-100.800025667043));
#14878=CARTESIAN_POINT('Ctrl Pts',(-8.68747915787681,66.1016380880022,-100.71183238939));
#14879=CARTESIAN_POINT('Ctrl Pts',(-8.69287498817229,67.4733438891808,-100.528057236725));
#14880=CARTESIAN_POINT('',(-8.65347964386906,57.4584213729087,-100.800025667043));
#14881=CARTESIAN_POINT('Origin',(0.,62.5,-90.0000256670431));
#14882=CARTESIAN_POINT('',(-6.39288305655484,56.1651021536602,-90.0000239476772));
#14883=CARTESIAN_POINT('Ctrl Pts',(-8.65347964387268,57.4584213729108,-90.2719940973612));
#14884=CARTESIAN_POINT('Ctrl Pts',(-7.46284848276679,56.77724072584,-90.0882187632378));
#14885=CARTESIAN_POINT('Ctrl Pts',(-6.39288546117278,56.1650964050796,-90.0000254895507));
#14886=CARTESIAN_POINT('Origin',(-2.64233079860787E-13,62.4999999999999,
-90.0000239476772));
#14887=CARTESIAN_POINT('Origin',(0.0393953443032155,52.4850774837322,-100.800025667043));
#14888=CARTESIAN_POINT('',(0.0393953443032155,52.4850774837322,-100.528057236725));
#14889=CARTESIAN_POINT('',(-2.22119668505207,53.7784012195978,-100.800025667043));
#14890=CARTESIAN_POINT('Ctrl Pts',(0.0393953443068959,52.4850774837301,
-100.528057236725));
#14891=CARTESIAN_POINT('Ctrl Pts',(-1.15123464117994,53.166257458209,-100.71183238939));
#14892=CARTESIAN_POINT('Ctrl Pts',(-2.22119668505206,53.7784012195978,-100.800025667043));
#14893=CARTESIAN_POINT('',(0.0393953443032155,52.4850774837322,-90.2719940973607));
#14894=CARTESIAN_POINT('',(0.0393953443032155,52.4850774837322,-100.800025667043));
#14895=CARTESIAN_POINT('',(-2.22119510139787,53.7784074378659,-90.0000239476772));
#14896=CARTESIAN_POINT('Ctrl Pts',(-2.22119883839297,53.7784024515613,-90.0000254895507));
#14897=CARTESIAN_POINT('Ctrl Pts',(-1.15123581679898,53.1662581308009,-90.0882187632378));
#14898=CARTESIAN_POINT('Ctrl Pts',(0.0393953443068756,52.4850774837301,
-90.2719940973613));
#14899=CARTESIAN_POINT('',(22.6324890812048,39.5591784196257,-90.));
#14900=CARTESIAN_POINT('',(-6.39288761451378,56.1650976370432,-100.800025667043));
#14901=CARTESIAN_POINT('Ctrl Pts',(-6.39288761451381,56.1650976370432,-100.800025667043));
#14902=CARTESIAN_POINT('Ctrl Pts',(-7.46284965838592,56.777241398432,-100.71183238939));
#14903=CARTESIAN_POINT('Ctrl Pts',(-8.65347964387275,57.4584213729108,-100.528057236725));
#14904=CARTESIAN_POINT('',(0.0393953443032155,52.4850774837322,-100.800025667043));
#14905=CARTESIAN_POINT('Origin',(0.,62.5,-90.0000256670431));
#14906=CARTESIAN_POINT('',(2.28974093703223,53.7961519464304,-90.0000239476772));
#14907=CARTESIAN_POINT('Ctrl Pts',(0.0393953442996141,52.4850774837301,
-90.2719940973612));
#14908=CARTESIAN_POINT('Ctrl Pts',(1.2246306697822,53.1756039922497,-90.0882187632378));
#14909=CARTESIAN_POINT('Ctrl Pts',(2.28974471314002,53.7961469896799,-90.0000254895508));
#14910=CARTESIAN_POINT('Origin',(7.7715611723761E-14,62.5000000000009,-90.0000239476775));
#14911=CARTESIAN_POINT('Origin',(8.69287498817227,57.5266561108235,-100.800025667043));
#14912=CARTESIAN_POINT('',(8.69287498817227,57.5266561108235,-100.528057236725));
#14913=CARTESIAN_POINT('',(6.44252776291768,56.215587853742,-100.800025667043));
#14914=CARTESIAN_POINT('Ctrl Pts',(8.69287498817591,57.5266561108256,-100.528057236725));
#14915=CARTESIAN_POINT('Ctrl Pts',(7.50764083298457,56.836130284126,-100.71183238939));
#14916=CARTESIAN_POINT('Ctrl Pts',(6.44252776291768,56.215587853742,-100.800025667043));
#14917=CARTESIAN_POINT('',(8.69287498817227,57.5266561108235,-90.2719940973607));
#14918=CARTESIAN_POINT('',(8.69287498817227,57.5266561108235,-100.800025667043));
#14919=CARTESIAN_POINT('',(6.44252316956665,56.2155923343608,-90.0000239476772));
#14920=CARTESIAN_POINT('Ctrl Pts',(6.4425256193355,56.2155866048758,-90.0000254895507));
#14921=CARTESIAN_POINT('Ctrl Pts',(7.50763966269328,56.836129602306,-90.0882187632378));
#14922=CARTESIAN_POINT('Ctrl Pts',(8.69287498817581,57.5266561108255,-90.2719940973613));
#14923=CARTESIAN_POINT('',(-22.8192462863586,39.1674707137049,-90.));
#14924=CARTESIAN_POINT('',(2.28974256955781,53.7961457408137,-100.800025667043));
#14925=CARTESIAN_POINT('Ctrl Pts',(2.28974256955779,53.7961457408137,-100.800025667043));
#14926=CARTESIAN_POINT('Ctrl Pts',(1.22462949949093,53.1756033104297,-100.71183238939));
#14927=CARTESIAN_POINT('Ctrl Pts',(0.0393953442996022,52.4850774837301,
-100.528057236725));
#14928=CARTESIAN_POINT('',(8.69287498817227,57.5266561108235,-100.800025667043));
#14929=CARTESIAN_POINT('Origin',(0.,62.5,-90.0000256670431));
#14930=CARTESIAN_POINT('',(8.68262399358706,60.1310497927703,-90.0000239476772));
#14931=CARTESIAN_POINT('Ctrl Pts',(8.6928749881723,57.5266561108193,-90.2719940973612));
#14932=CARTESIAN_POINT('Ctrl Pts',(8.68747915254902,58.8983632664098,-90.0882187632378));
#14933=CARTESIAN_POINT('Ctrl Pts',(8.68263017431285,60.1310505846004,-90.0000254895507));
#14934=CARTESIAN_POINT('Origin',(-1.7430501486615E-13,62.5000000000001,
-90.0000239476772));
#14935=CARTESIAN_POINT('Origin',(8.65347964386906,67.5415786270913,-100.800025667043));
#14936=CARTESIAN_POINT('',(8.65347964386906,67.5415786270913,-100.528057236725));
#14937=CARTESIAN_POINT('',(8.66372444796974,64.9371866341442,-100.800025667043));
#14938=CARTESIAN_POINT('Ctrl Pts',(8.65347964386905,67.5415786270955,-100.528057236725));
#14939=CARTESIAN_POINT('Ctrl Pts',(8.65887547416453,66.169872825917,-100.71183238939));
#14940=CARTESIAN_POINT('Ctrl Pts',(8.66372444796975,64.9371866341442,-100.800025667043));
#14941=CARTESIAN_POINT('',(8.65347964386906,67.5415786270913,-90.2719940973607));
#14942=CARTESIAN_POINT('',(8.65347964386906,67.5415786270913,-100.800025667043));
#14943=CARTESIAN_POINT('',(8.66371827096451,64.9371848964949,-90.0000239476772));
#14944=CARTESIAN_POINT('Ctrl Pts',(8.66372445772849,64.9371841533144,-90.0000254895507));
#14945=CARTESIAN_POINT('Ctrl Pts',(8.65887547949232,66.169871471505,-90.0882187632378));
#14946=CARTESIAN_POINT('Ctrl Pts',(8.65347964386904,67.5415786270955,-90.2719940973613));
#14947=CARTESIAN_POINT('',(8.91902753762931,0.0350844612251342,-90.));
#14948=CARTESIAN_POINT('',(8.68263018407159,60.1310481037706,-100.800025667043));
#14949=CARTESIAN_POINT('Ctrl Pts',(8.68263018407159,60.1310481037706,-100.800025667043));
#14950=CARTESIAN_POINT('Ctrl Pts',(8.68747915787682,58.8983619119978,-100.71183238939));
#14951=CARTESIAN_POINT('Ctrl Pts',(8.6928749881723,57.5266561108192,-100.528057236725));
#14952=CARTESIAN_POINT('',(8.65347964386906,67.5415786270913,-100.800025667043));
#14953=CARTESIAN_POINT('Origin',(0.,62.5,-90.0000256670431));
#14954=CARTESIAN_POINT('',(6.39288305655484,68.8348978463399,-90.0000239476772));
#14955=CARTESIAN_POINT('Ctrl Pts',(8.65347964387276,67.5415786270892,-90.2719940973613));
#14956=CARTESIAN_POINT('Ctrl Pts',(7.46284848276682,68.2227592741601,-90.0882187632378));
#14957=CARTESIAN_POINT('Ctrl Pts',(6.39288546117277,68.8349035949205,-90.0000254895508));
#14958=CARTESIAN_POINT('Origin',(-2.48689957516035E-13,62.4999999999999,
-90.000023947677));
#14959=CARTESIAN_POINT('Origin',(-0.0393953443032086,72.5149225162678,-100.800025667043));
#14960=CARTESIAN_POINT('',(-0.0393953443032086,72.5149225162678,-100.528057236725));
#14961=CARTESIAN_POINT('',(2.22119668505207,71.2215987804022,-100.800025667043));
#14962=CARTESIAN_POINT('Ctrl Pts',(-0.0393953443068859,72.5149225162699,
-100.528057236725));
#14963=CARTESIAN_POINT('Ctrl Pts',(1.15123464117996,71.833742541791,-100.71183238939));
#14964=CARTESIAN_POINT('Ctrl Pts',(2.22119668505208,71.2215987804022,-100.800025667043));
#14965=CARTESIAN_POINT('',(-0.0393953443032086,72.5149225162678,-90.2719940973607));
#14966=CARTESIAN_POINT('',(-0.0393953443032086,72.5149225162678,-100.800025667043));
#14967=CARTESIAN_POINT('',(2.22119510139786,71.2215925621341,-90.0000239476772));
#14968=CARTESIAN_POINT('Ctrl Pts',(2.22119883839306,71.2215975484387,-90.0000254895508));
#14969=CARTESIAN_POINT('Ctrl Pts',(1.15123581679904,71.8337418691991,-90.0882187632378));
#14970=CARTESIAN_POINT('Ctrl Pts',(-0.0393953443068572,72.5149225162699,
-90.2719940973613));
#14971=CARTESIAN_POINT('',(31.2465733807707,54.6156795629848,-90.));
#14972=CARTESIAN_POINT('',(6.39288761451378,68.8349023629569,-100.800025667043));
#14973=CARTESIAN_POINT('Ctrl Pts',(6.39288761451372,68.8349023629569,-100.800025667043));
#14974=CARTESIAN_POINT('Ctrl Pts',(7.46284965838587,68.2227586015681,-100.71183238939));
#14975=CARTESIAN_POINT('Ctrl Pts',(8.65347964387273,67.5415786270892,-100.528057236725));
#14976=CARTESIAN_POINT('',(-0.0393953443032086,72.5149225162678,-100.800025667043));
#14977=CARTESIAN_POINT('Origin',(0.,62.5,-90.0000256670431));
#14978=CARTESIAN_POINT('',(-2.28974093703221,71.2038480535696,-90.0000239476772));
#14979=CARTESIAN_POINT('Ctrl Pts',(-0.0393953442996533,72.5149225162699,
-90.2719940973612));
#14980=CARTESIAN_POINT('Ctrl Pts',(-1.22463066978224,71.8243960077503,-90.0882187632378));
#14981=CARTESIAN_POINT('Ctrl Pts',(-2.28974471314006,71.2038530103201,-90.0000254895507));
#14982=CARTESIAN_POINT('Origin',(-1.4432899320127E-13,62.4999999999991,
-90.0000239476775));
#14983=CARTESIAN_POINT('Origin',(-8.69287498817227,67.4733438891765,-100.800025667043));
#14984=CARTESIAN_POINT('',(-6.44252776291768,68.784412146258,-100.800025667043));
#14985=CARTESIAN_POINT('Ctrl Pts',(-8.69287498817593,67.4733438891744,-100.528057236725));
#14986=CARTESIAN_POINT('Ctrl Pts',(-7.5076408329846,68.163869715874,-100.71183238939));
#14987=CARTESIAN_POINT('Ctrl Pts',(-6.44252776291773,68.784412146258,-100.800025667043));
#14988=CARTESIAN_POINT('',(-6.44252316956665,68.7844076656392,-90.0000239476772));
#14989=CARTESIAN_POINT('Ctrl Pts',(-6.44252561933554,68.7844133951242,-90.0000254895508));
#14990=CARTESIAN_POINT('Ctrl Pts',(-7.50763966269332,68.163870397694,-90.0882187632378));
#14991=CARTESIAN_POINT('Ctrl Pts',(-8.69287498817586,67.4733438891744,-90.2719940973613));
#14992=CARTESIAN_POINT('',(-31.5515166188341,54.1557371191492,-90.));
#14993=CARTESIAN_POINT('',(-2.28974256955781,71.2038542591863,-100.800025667043));
#14994=CARTESIAN_POINT('Ctrl Pts',(-2.28974256955784,71.2038542591863,-100.800025667043));
#14995=CARTESIAN_POINT('Ctrl Pts',(-1.22462949949094,71.8243966895702,-100.71183238939));
#14996=CARTESIAN_POINT('Ctrl Pts',(-0.0393953442995708,72.5149225162699,
-100.528057236725));
#14997=CARTESIAN_POINT('',(-8.69287498817227,67.4733438891765,-100.800025667043));
#14998=CARTESIAN_POINT('Origin',(0.,62.5,-90.0000256670431));
#14999=CARTESIAN_POINT('Origin',(1.99840144432528E-14,62.5,-90.000023947677));
#15000=CARTESIAN_POINT('Origin',(0.,62.5,-100.800025667043));
#15001=CARTESIAN_POINT('Origin',(0.,62.5,-100.800025667043));
#15002=CARTESIAN_POINT('Origin',(0.,62.5,-100.800025667043));
#15003=CARTESIAN_POINT('Origin',(0.,62.5,-100.800025667043));
#15004=CARTESIAN_POINT('Origin',(17.3463546320414,62.5682347379148,-100.800025667043));
#15005=CARTESIAN_POINT('Origin',(0.,62.5,-100.800025667043));
#15006=CARTESIAN_POINT('Origin',(0.,62.5,-100.800025667043));
#15007=CARTESIAN_POINT('Origin',(0.,62.5,-100.800025667043));
#15008=CARTESIAN_POINT('Origin',(0.,62.5,-100.800025667043));
#15009=CARTESIAN_POINT('',(-6.78571428571451,62.5,-100.800025667043));
#15010=CARTESIAN_POINT('Origin',(0.,62.5,-100.800025667043));
#15011=CARTESIAN_POINT('Origin',(0.,62.5,-100.800025667043));
#15012=CARTESIAN_POINT('Origin',(0.,62.5,-100.800025667043));
#15013=CARTESIAN_POINT('Origin',(0.,62.5,-100.800025667043));
#15014=CARTESIAN_POINT('Origin',(0.,62.5,-100.800025667043));
#15015=CARTESIAN_POINT('Origin',(0.,62.5,-100.014311381329));
#15016=CARTESIAN_POINT('',(-6.,62.5,-100.014311381329));
#15017=CARTESIAN_POINT('',(6.,62.5,-100.014311381329));
#15018=CARTESIAN_POINT('Origin',(0.,62.5,-100.014311381329));
#15019=CARTESIAN_POINT('',(-6.,62.5,-100.014311381329));
#15020=CARTESIAN_POINT('Origin',(0.,62.5,-100.014311381329));
#15021=CARTESIAN_POINT('Origin',(0.,62.5,-43.));
#15022=CARTESIAN_POINT('',(6.,62.5,-107.125025667043));
#15023=CARTESIAN_POINT('',(6.,62.5,-43.));
#15024=CARTESIAN_POINT('Origin',(0.,62.5,-107.125025667043));
#15025=CARTESIAN_POINT('Origin',(0.,62.5,-108.));
#15026=CARTESIAN_POINT('',(4.4845,62.5,-108.));
#15027=CARTESIAN_POINT('',(4.4845,62.5,-108.));
#15028=CARTESIAN_POINT('Origin',(0.,62.5,-108.));
#15029=CARTESIAN_POINT('Origin',(6.,62.5,-108.));
#15030=CARTESIAN_POINT('',(4.25,62.5,-108.));
#15031=CARTESIAN_POINT('Origin',(0.,62.5,-108.));
#15032=CARTESIAN_POINT('Origin',(0.,62.5,-43.));
#15033=CARTESIAN_POINT('',(4.25,62.5,-110.));
#15034=CARTESIAN_POINT('',(4.25,62.5,-43.));
#15035=CARTESIAN_POINT('Origin',(0.,62.5,-110.));
#15036=CARTESIAN_POINT('Origin',(4.25,62.5,-110.));
#15037=CARTESIAN_POINT('Origin',(-45.4337127483552,-36.2233438891764,-100.800025667043));
#15038=CARTESIAN_POINT('',(-45.4337127483552,-36.2233438891764,-100.528057236725));
#15039=CARTESIAN_POINT('',(-47.6840599736098,-37.5344121462579,-100.800025667043));
#15040=CARTESIAN_POINT('Ctrl Pts',(-45.4337127483515,-36.2233438891742,
-100.528057236725));
#15041=CARTESIAN_POINT('Ctrl Pts',(-46.6189469035429,-36.9138697158739,
-100.71183238939));
#15042=CARTESIAN_POINT('Ctrl Pts',(-47.6840599736098,-37.5344121462579,
-100.800025667043));
#15043=CARTESIAN_POINT('',(-45.4337127483552,-36.2233438891764,-90.2719940973607));
#15044=CARTESIAN_POINT('',(-45.4337127483552,-36.2233438891764,-100.800025667043));
#15045=CARTESIAN_POINT('',(-47.6840645669609,-37.5344076656391,-90.0000239476772));
#15046=CARTESIAN_POINT('Ctrl Pts',(-47.684062117192,-37.5344133951241,-90.0000254895508));
#15047=CARTESIAN_POINT('Ctrl Pts',(-46.6189480738342,-36.913870397694,-90.0882187632378));
#15048=CARTESIAN_POINT('Ctrl Pts',(-45.4337127483517,-36.2233438891744,
-90.2719940973613));
#15049=CARTESIAN_POINT('',(-51.8368467994953,-39.9538480535695,-90.0000239476772));
#15050=CARTESIAN_POINT('',(4.24237252896176,-7.28170421141688,-90.));
#15051=CARTESIAN_POINT('',(-54.0871923922243,-41.2649225162677,-90.2719940973607));
#15052=CARTESIAN_POINT('Ctrl Pts',(-54.0871923922279,-41.2649225162698,
-90.2719940973613));
#15053=CARTESIAN_POINT('Ctrl Pts',(-52.9019570667453,-40.5743960077502,
-90.0882187632378));
#15054=CARTESIAN_POINT('Ctrl Pts',(-51.8368430233875,-39.95385301032,-90.0000254895508));
#15055=CARTESIAN_POINT('',(-54.0871923922243,-41.2649225162677,-100.528057236725));
#15056=CARTESIAN_POINT('',(-54.0871923922243,-41.2649225162677,-100.800025667043));
#15057=CARTESIAN_POINT('',(-51.8368451669697,-39.9538542591862,-100.800025667043));
#15058=CARTESIAN_POINT('Ctrl Pts',(-51.8368451669697,-39.9538542591862,
-100.800025667043));
#15059=CARTESIAN_POINT('Ctrl Pts',(-52.9019582370367,-40.5743966895702,
-100.71183238939));
#15060=CARTESIAN_POINT('Ctrl Pts',(-54.0871923922281,-41.2649225162699,
-100.528057236725));
#15061=CARTESIAN_POINT('',(-45.4337127483552,-36.2233438891764,-100.800025667043));
#15062=CARTESIAN_POINT('Origin',(-54.1265877365275,-31.2499999999999,-90.0000256670431));
#15063=CARTESIAN_POINT('',(-45.4439637429404,-33.6189502072296,-90.0000239476772));
#15064=CARTESIAN_POINT('Ctrl Pts',(-45.4337127483552,-36.2233438891805,
-90.2719940973613));
#15065=CARTESIAN_POINT('Ctrl Pts',(-45.4391085839785,-34.8516367335901,
-90.0882187632378));
#15066=CARTESIAN_POINT('Ctrl Pts',(-45.4439575622146,-33.6189494153995,
-90.0000254895507));
#15067=CARTESIAN_POINT('Origin',(-54.1265877365269,-31.2500000000003,-90.000023947677));
#15068=CARTESIAN_POINT('Origin',(-45.4731080926584,-26.2084213729086,-100.800025667043));
#15069=CARTESIAN_POINT('',(-45.4731080926584,-26.2084213729086,-100.528057236725));
#15070=CARTESIAN_POINT('',(-45.4628632885577,-28.8128133658557,-100.800025667043));
#15071=CARTESIAN_POINT('Ctrl Pts',(-45.4731080926584,-26.2084213729044,
-100.528057236725));
#15072=CARTESIAN_POINT('Ctrl Pts',(-45.4677122623629,-27.580127174083,-100.71183238939));
#15073=CARTESIAN_POINT('Ctrl Pts',(-45.4628632885577,-28.8128133658557,
-100.800025667043));
#15074=CARTESIAN_POINT('',(-45.4731080926584,-26.2084213729086,-90.2719940973607));
#15075=CARTESIAN_POINT('',(-45.4731080926584,-26.2084213729086,-100.800025667043));
#15076=CARTESIAN_POINT('',(-45.462869465563,-28.812815103505,-90.0000239476772));
#15077=CARTESIAN_POINT('Ctrl Pts',(-45.462863278799,-28.8128158466854,-90.0000254895508));
#15078=CARTESIAN_POINT('Ctrl Pts',(-45.4677122570351,-27.5801285284949,
-90.0882187632378));
#15079=CARTESIAN_POINT('Ctrl Pts',(-45.4731080926584,-26.2084213729045,
-90.2719940973613));
#15080=CARTESIAN_POINT('',(-45.5754980048394,-0.179278714615489,-90.));
#15081=CARTESIAN_POINT('',(-45.4439575524559,-33.6189518962293,-100.800025667043));
#15082=CARTESIAN_POINT('Ctrl Pts',(-45.4439575524559,-33.6189518962292,
-100.800025667043));
#15083=CARTESIAN_POINT('Ctrl Pts',(-45.4391085786507,-34.8516380880021,
-100.71183238939));
#15084=CARTESIAN_POINT('Ctrl Pts',(-45.4337127483552,-36.2233438891807,
-100.528057236725));
#15085=CARTESIAN_POINT('',(-45.4731080926584,-26.2084213729086,-100.800025667043));
#15086=CARTESIAN_POINT('Origin',(-54.1265877365275,-31.2499999999999,-90.0000256670431));
#15087=CARTESIAN_POINT('',(-47.7337046799726,-24.9151021536601,-90.0000239476772));
#15088=CARTESIAN_POINT('Ctrl Pts',(-45.4731080926547,-26.2084213729107,
-90.2719940973613));
#15089=CARTESIAN_POINT('Ctrl Pts',(-46.6637392537607,-25.5272407258398,
-90.0882187632378));
#15090=CARTESIAN_POINT('Ctrl Pts',(-47.7337022753547,-24.9150964050795,
-90.0000254895508));
#15091=CARTESIAN_POINT('Origin',(-54.1265877365271,-31.2499999999998,-90.000023947677));
#15092=CARTESIAN_POINT('Origin',(-54.1659830808307,-21.2350774837321,-100.800025667043));
#15093=CARTESIAN_POINT('',(-54.1659830808307,-21.2350774837321,-100.528057236725));
#15094=CARTESIAN_POINT('',(-51.9053910514754,-22.5284012195977,-100.800025667043));
#15095=CARTESIAN_POINT('Ctrl Pts',(-54.1659830808344,-21.23507748373,-100.528057236725));
#15096=CARTESIAN_POINT('Ctrl Pts',(-52.9753530953475,-21.9162574582089,
-100.71183238939));
#15097=CARTESIAN_POINT('Ctrl Pts',(-51.9053910514754,-22.5284012195977,
-100.800025667043));
#15098=CARTESIAN_POINT('',(-54.1659830808307,-21.2350774837321,-90.2719940973607));
#15099=CARTESIAN_POINT('',(-54.1659830808307,-21.2350774837321,-100.800025667043));
#15100=CARTESIAN_POINT('',(-51.9053926351296,-22.5284074378658,-90.0000239476772));
#15101=CARTESIAN_POINT('Ctrl Pts',(-51.9053888981344,-22.5284024515612,
-90.0000254895508));
#15102=CARTESIAN_POINT('Ctrl Pts',(-52.9753519197285,-21.9162581308008,
-90.0882187632378));
#15103=CARTESIAN_POINT('Ctrl Pts',(-54.1659830808344,-21.23507748373,-90.2719940973613));
#15104=CARTESIAN_POINT('',(-22.5104014968722,-39.3457823360527,-90.));
#15105=CARTESIAN_POINT('',(-47.7337001220137,-24.9150976370431,-100.800025667043));
#15106=CARTESIAN_POINT('Ctrl Pts',(-47.7337001220137,-24.9150976370431,
-100.800025667043));
#15107=CARTESIAN_POINT('Ctrl Pts',(-46.6637380781416,-25.5272413984318,
-100.71183238939));
#15108=CARTESIAN_POINT('Ctrl Pts',(-45.4731080926547,-26.2084213729107,
-100.528057236725));
#15109=CARTESIAN_POINT('',(-54.1659830808307,-21.2350774837321,-100.800025667043));
#15110=CARTESIAN_POINT('Origin',(-54.1265877365275,-31.2499999999999,-90.0000256670431));
#15111=CARTESIAN_POINT('',(-56.4163286735597,-22.5461519464304,-90.0000239476772));
#15112=CARTESIAN_POINT('Ctrl Pts',(-54.165983080827,-21.2350774837299,-90.2719940973613));
#15113=CARTESIAN_POINT('Ctrl Pts',(-55.3512184063097,-21.9256039922496,
-90.0882187632378));
#15114=CARTESIAN_POINT('Ctrl Pts',(-56.4163324496676,-22.5461469896798,
-90.0000254895507));
#15115=CARTESIAN_POINT('Origin',(-54.1265877365275,-31.2499999999993,-90.0000239476772));
#15116=CARTESIAN_POINT('Origin',(-62.8194627246998,-26.2766561108234,-100.800025667043));
#15117=CARTESIAN_POINT('',(-62.8194627246998,-26.2766561108234,-100.528057236725));
#15118=CARTESIAN_POINT('',(-60.5691154994451,-24.9655878537419,-100.800025667043));
#15119=CARTESIAN_POINT('Ctrl Pts',(-62.8194627247035,-26.2766561108255,
-100.528057236725));
#15120=CARTESIAN_POINT('Ctrl Pts',(-61.6342285695121,-25.5861302841258,
-100.71183238939));
#15121=CARTESIAN_POINT('Ctrl Pts',(-60.5691154994452,-24.9655878537418,
-100.800025667043));
#15122=CARTESIAN_POINT('',(-62.8194627246998,-26.2766561108234,-90.2719940973607));
#15123=CARTESIAN_POINT('',(-62.8194627246998,-26.2766561108234,-100.800025667043));
#15124=CARTESIAN_POINT('',(-60.5691109060941,-24.9655923343607,-90.0000239476772));
#15125=CARTESIAN_POINT('Ctrl Pts',(-60.569113355863,-24.9655866048757,-90.0000254895507));
#15126=CARTESIAN_POINT('Ctrl Pts',(-61.6342273992208,-25.5861296023059,
-90.0882187632378));
#15127=CARTESIAN_POINT('Ctrl Pts',(-62.8194627247034,-26.2766561108255,
-90.2719940973613));
#15128=CARTESIAN_POINT('',(-4.4898978035137,7.70656219402738,-90.));
#15129=CARTESIAN_POINT('',(-56.4163303060853,-22.5461457408137,-100.800025667043));
#15130=CARTESIAN_POINT('Ctrl Pts',(-56.4163303060853,-22.5461457408136,
-100.800025667043));
#15131=CARTESIAN_POINT('Ctrl Pts',(-55.3512172360184,-21.9256033104296,
-100.71183238939));
#15132=CARTESIAN_POINT('Ctrl Pts',(-54.165983080827,-21.2350774837299,-100.528057236725));
#15133=CARTESIAN_POINT('',(-62.8194627246998,-26.2766561108234,-100.800025667043));
#15134=CARTESIAN_POINT('Origin',(-54.1265877365275,-31.2499999999999,-90.0000256670431));
#15135=CARTESIAN_POINT('',(-62.8092117301146,-28.8810497927702,-90.0000239476772));
#15136=CARTESIAN_POINT('Ctrl Pts',(-62.8194627246998,-26.2766561108191,
-90.2719940973613));
#15137=CARTESIAN_POINT('Ctrl Pts',(-62.8140668890765,-27.6483632664096,
-90.0882187632378));
#15138=CARTESIAN_POINT('Ctrl Pts',(-62.8092179108404,-28.8810505846002,
-90.0000254895508));
#15139=CARTESIAN_POINT('Origin',(-54.1265877365278,-31.2499999999998,-90.0000239476775));
#15140=CARTESIAN_POINT('Origin',(-62.7800673803966,-36.2915786270912,-100.800025667043));
#15141=CARTESIAN_POINT('',(-62.7800673803966,-36.2915786270912,-100.528057236725));
#15142=CARTESIAN_POINT('',(-62.7903121844972,-33.6871866341441,-100.800025667043));
#15143=CARTESIAN_POINT('Ctrl Pts',(-62.7800673803966,-36.2915786270954,
-100.528057236725));
#15144=CARTESIAN_POINT('Ctrl Pts',(-62.7854632106921,-34.9198728259169,
-100.71183238939));
#15145=CARTESIAN_POINT('Ctrl Pts',(-62.7903121844973,-33.6871866341441,
-100.800025667043));
#15146=CARTESIAN_POINT('',(-62.7800673803966,-36.2915786270912,-90.2719940973607));
#15147=CARTESIAN_POINT('',(-62.7800673803966,-36.2915786270912,-100.800025667043));
#15148=CARTESIAN_POINT('',(-62.790306007492,-33.6871848964948,-90.0000239476772));
#15149=CARTESIAN_POINT('Ctrl Pts',(-62.790312194256,-33.6871841533143,-90.0000254895508));
#15150=CARTESIAN_POINT('Ctrl Pts',(-62.7854632160199,-34.9198714715048,
-90.0882187632378));
#15151=CARTESIAN_POINT('Ctrl Pts',(-62.7800673803966,-36.2915786270953,
-90.2719940973613));
#15152=CARTESIAN_POINT('',(-62.9218526368808,-0.247513452530291,-90.));
#15153=CARTESIAN_POINT('',(-62.8092179205991,-28.8810481037705,-100.800025667043));
#15154=CARTESIAN_POINT('Ctrl Pts',(-62.8092179205991,-28.8810481037705,
-100.800025667043));
#15155=CARTESIAN_POINT('Ctrl Pts',(-62.8140668944044,-27.6483619119977,
-100.71183238939));
#15156=CARTESIAN_POINT('Ctrl Pts',(-62.8194627246998,-26.2766561108192,
-100.528057236725));
#15157=CARTESIAN_POINT('',(-62.7800673803966,-36.2915786270912,-100.800025667043));
#15158=CARTESIAN_POINT('Origin',(-54.1265877365275,-31.2499999999999,-90.0000256670431));
#15159=CARTESIAN_POINT('',(-60.5194707930824,-37.5848978463398,-90.0000239476772));
#15160=CARTESIAN_POINT('Ctrl Pts',(-62.7800673804002,-36.2915786270892,
-90.2719940973613));
#15161=CARTESIAN_POINT('Ctrl Pts',(-61.5894362192943,-36.97275927416,-90.0882187632378));
#15162=CARTESIAN_POINT('Ctrl Pts',(-60.5194731977003,-37.5849035949203,
-90.0000254895507));
#15163=CARTESIAN_POINT('Origin',(-54.1265877365269,-31.2499999999998,-90.0000239476775));
#15164=CARTESIAN_POINT('Origin',(-54.0871923922243,-41.2649225162677,-100.800025667043));
#15165=CARTESIAN_POINT('',(-56.3477844215796,-39.9715987804021,-100.800025667043));
#15166=CARTESIAN_POINT('Ctrl Pts',(-54.0871923922206,-41.2649225162698,
-100.528057236725));
#15167=CARTESIAN_POINT('Ctrl Pts',(-55.2778223777075,-40.5837425417909,
-100.71183238939));
#15168=CARTESIAN_POINT('Ctrl Pts',(-56.3477844215796,-39.9715987804022,
-100.800025667043));
#15169=CARTESIAN_POINT('',(-56.3477828379254,-39.9715925621341,-90.0000239476772));
#15170=CARTESIAN_POINT('Ctrl Pts',(-56.3477865749205,-39.9715975484386,
-90.0000254895507));
#15171=CARTESIAN_POINT('Ctrl Pts',(-55.2778235533265,-40.583741869199,-90.0882187632378));
#15172=CARTESIAN_POINT('Ctrl Pts',(-54.0871923922207,-41.2649225162698,
-90.2719940973612));
#15173=CARTESIAN_POINT('',(-31.1244857964381,-54.4022834794118,-90.));
#15174=CARTESIAN_POINT('',(-60.5194753510413,-37.5849023629568,-100.800025667043));
#15175=CARTESIAN_POINT('Ctrl Pts',(-60.5194753510413,-37.5849023629568,
-100.800025667043));
#15176=CARTESIAN_POINT('Ctrl Pts',(-61.5894373949134,-36.972758601568,-100.71183238939));
#15177=CARTESIAN_POINT('Ctrl Pts',(-62.7800673804002,-36.2915786270892,
-100.528057236725));
#15178=CARTESIAN_POINT('',(-54.0871923922243,-41.2649225162677,-100.800025667043));
#15179=CARTESIAN_POINT('Origin',(-54.1265877365275,-31.2499999999999,-90.0000256670431));
#15180=CARTESIAN_POINT('Origin',(-54.1265877365276,-31.2499999999994,-90.0000239476772));
#15181=CARTESIAN_POINT('Origin',(-54.1265877365275,-31.2499999999999,-100.800025667043));
#15182=CARTESIAN_POINT('Origin',(-54.1265877365275,-31.2499999999999,-100.800025667043));
#15183=CARTESIAN_POINT('Origin',(-54.1265877365275,-31.2499999999999,-100.800025667043));
#15184=CARTESIAN_POINT('Origin',(-54.1265877365275,-31.2499999999999,-100.800025667043));
#15185=CARTESIAN_POINT('Origin',(-62.8588580690029,-16.2617335945556,-100.800025667043));
#15186=CARTESIAN_POINT('Origin',(-54.1265877365275,-31.2499999999999,-100.800025667043));
#15187=CARTESIAN_POINT('Origin',(-54.1265877365275,-31.2499999999999,-100.800025667043));
#15188=CARTESIAN_POINT('Origin',(-54.1265877365275,-31.2499999999999,-100.800025667043));
#15189=CARTESIAN_POINT('Origin',(-54.1265877365275,-31.2499999999999,-100.800025667043));
#15190=CARTESIAN_POINT('',(-50.7337305936702,-37.1266009542517,-100.800025667043));
#15191=CARTESIAN_POINT('Origin',(-54.1265877365275,-31.2499999999999,-100.800025667043));
#15192=CARTESIAN_POINT('Origin',(-54.1265877365275,-31.2499999999999,-100.800025667043));
#15193=CARTESIAN_POINT('Origin',(-54.1265877365275,-31.2499999999999,-100.800025667043));
#15194=CARTESIAN_POINT('Origin',(-54.1265877365275,-31.2499999999999,-100.800025667043));
#15195=CARTESIAN_POINT('Origin',(-54.1265877365275,-31.2499999999999,-100.800025667043));
#15196=CARTESIAN_POINT('Origin',(-54.1265877365275,-31.2499999999999,-100.014311381329));
#15197=CARTESIAN_POINT('',(-51.1265877365275,-36.4461524227066,-100.014311381329));
#15198=CARTESIAN_POINT('',(-57.1265877365275,-26.0538475772933,-100.014311381329));
#15199=CARTESIAN_POINT('Origin',(-54.1265877365275,-31.2499999999999,-100.014311381329));
#15200=CARTESIAN_POINT('',(-51.1265877365275,-36.4461524227065,-100.014311381329));
#15201=CARTESIAN_POINT('Origin',(-54.1265877365275,-31.2499999999999,-100.014311381329));
#15202=CARTESIAN_POINT('Origin',(-54.1265877365275,-31.2499999999999,-43.));
#15203=CARTESIAN_POINT('',(-57.1265877365275,-26.0538475772933,-107.125025667043));
#15204=CARTESIAN_POINT('',(-57.1265877365275,-26.0538475772933,-43.));
#15205=CARTESIAN_POINT('Origin',(-54.1265877365275,-31.2499999999999,-107.125025667043));
#15206=CARTESIAN_POINT('Origin',(-54.1265877365275,-31.2499999999999,-108.));
#15207=CARTESIAN_POINT('',(-56.3688377365275,-27.3663090767286,-108.));
#15208=CARTESIAN_POINT('',(-56.3688377365275,-27.3663090767286,-108.));
#15209=CARTESIAN_POINT('Origin',(-54.1265877365275,-31.2499999999999,-108.));
#15210=CARTESIAN_POINT('Origin',(-57.1265877365275,-26.0538475772933,-108.));
#15211=CARTESIAN_POINT('',(-56.2515877365275,-27.569392033916,-108.));
#15212=CARTESIAN_POINT('Origin',(-54.1265877365275,-31.2499999999999,-108.));
#15213=CARTESIAN_POINT('Origin',(-54.1265877365275,-31.2499999999999,-43.));
#15214=CARTESIAN_POINT('',(-56.2515877365275,-27.569392033916,-110.));
#15215=CARTESIAN_POINT('',(-56.2515877365275,-27.569392033916,-43.));
#15216=CARTESIAN_POINT('Origin',(-54.1265877365275,-31.2499999999999,-110.));
#15217=CARTESIAN_POINT('Origin',(-56.2515877365275,-27.569392033916,-110.));
#15218=CARTESIAN_POINT('Origin',(0.,0.,-60.));
#15219=CARTESIAN_POINT('',(-75.,-9.18485099360515E-15,-60.));
#15220=CARTESIAN_POINT('Origin',(0.,0.,-60.));
#15221=CARTESIAN_POINT('',(33.5410196624967,10.0000000000005,-60.));
#15222=CARTESIAN_POINT('',(33.5410196624967,-10.0000000000005,-60.));
#15223=CARTESIAN_POINT('Origin',(0.,0.,-60.));
#15224=CARTESIAN_POINT('',(39.9,-10.,-60.));
#15225=CARTESIAN_POINT('',(33.5410196624969,-10.,-60.));
#15226=CARTESIAN_POINT('',(39.9,10.,-60.));
#15227=CARTESIAN_POINT('',(39.9,-10.,-60.));
#15228=CARTESIAN_POINT('',(39.9,10.,-60.));
#15229=CARTESIAN_POINT('',(-49.1265877365275,-39.9102540378443,-60.));
#15230=CARTESIAN_POINT('Origin',(-54.1265877365275,-31.2499999999999,-60.));
#15231=CARTESIAN_POINT('',(49.1265877365275,39.9102540378442,-60.));
#15232=CARTESIAN_POINT('Origin',(54.1265877365275,31.2499999999998,-60.));
#15233=CARTESIAN_POINT('',(-59.1265877365274,22.5897459621556,-60.));
#15234=CARTESIAN_POINT('Origin',(-54.1265877365274,31.25,-60.));
#15235=CARTESIAN_POINT('',(10.,-62.5,-60.));
#15236=CARTESIAN_POINT('Origin',(-1.46957615897682E-15,-62.5,-60.));
#15237=CARTESIAN_POINT('',(-10.,62.5,-60.));
#15238=CARTESIAN_POINT('Origin',(1.46957615897682E-15,62.5,-60.));
#15239=CARTESIAN_POINT('',(59.1265877365273,-22.5897459621558,-60.));
#15240=CARTESIAN_POINT('Origin',(54.1265877365273,-31.2500000000002,-60.));
#15241=CARTESIAN_POINT('Origin',(0.,0.,-50.));
#15242=CARTESIAN_POINT('',(-75.,-9.18485099360515E-15,-50.));
#15243=CARTESIAN_POINT('Origin',(0.,0.,-50.));
#15244=CARTESIAN_POINT('',(-50.,-6.12323399573677E-15,-50.));
#15245=CARTESIAN_POINT('Origin',(0.,0.,-50.));
#15246=CARTESIAN_POINT('',(2.22119510139771,-71.2215925621342,-49.9999760523228));
#15247=CARTESIAN_POINT('',(6.39288305655469,-68.8348978463399,-49.9999760523228));
#15248=CARTESIAN_POINT('',(-0.039395344303389,-72.5149225162678,-50.));
#15249=CARTESIAN_POINT('',(-2.28974093703239,-71.2038480535696,-49.9999760523228));
#15250=CARTESIAN_POINT('Origin',(-1.16018306073329E-13,-62.5000000000006,
-49.9999760523229));
#15251=CARTESIAN_POINT('',(-6.4425231695668,-68.7844076656392,-49.9999760523228));
#15252=CARTESIAN_POINT('',(-8.69287498817244,-67.4733438891765,-50.));
#15253=CARTESIAN_POINT('',(-8.68262399358722,-64.8689502072298,-49.9999760523228));
#15254=CARTESIAN_POINT('Origin',(-4.81836792687318E-13,-62.5000000000002,
-49.9999760523229));
#15255=CARTESIAN_POINT('',(-8.66371827096462,-60.0628151035051,-49.9999760523228));
#15256=CARTESIAN_POINT('',(-8.65347964386921,-57.4584213729087,-50.));
#15257=CARTESIAN_POINT('',(-6.39288305655499,-56.1651021536602,-49.9999760523228));
#15258=CARTESIAN_POINT('Origin',(-2.75335310107039E-13,-62.4999999999999,
-49.9999760523229));
#15259=CARTESIAN_POINT('',(-2.22119510139802,-53.7784074378659,-49.9999760523228));
#15260=CARTESIAN_POINT('',(0.0393953443030802,-52.4850774837323,-50.));
#15261=CARTESIAN_POINT('',(2.28974093703208,-53.7961519464305,-49.9999760523228));
#15262=CARTESIAN_POINT('Origin',(-2.17881268582687E-13,-62.5000000000006,
-49.9999760523226));
#15263=CARTESIAN_POINT('',(6.44252316956648,-56.2155923343609,-49.9999760523228));
#15264=CARTESIAN_POINT('',(8.69287498817213,-57.5266561108236,-50.));
#15265=CARTESIAN_POINT('',(8.68262399358691,-60.1310497927704,-49.9999760523228));
#15266=CARTESIAN_POINT('Origin',(-2.8199664825479E-13,-62.5000000000002,
-49.9999760523228));
#15267=CARTESIAN_POINT('',(8.66371827096436,-64.937184896495,-49.9999760523228));
#15268=CARTESIAN_POINT('',(8.6534796438689,-67.5415786270914,-50.));
#15269=CARTESIAN_POINT('Origin',(2.67563748934663E-13,-62.5000000000003,
-49.9999760523229));
#15270=CARTESIAN_POINT('',(-62.7903060074919,33.687184896495,-49.9999760523228));
#15271=CARTESIAN_POINT('',(-62.8092117301145,28.8810497927704,-49.9999760523228));
#15272=CARTESIAN_POINT('',(-62.7800673803965,36.2915786270914,-50.));
#15273=CARTESIAN_POINT('',(-60.5194707930823,37.5848978463399,-49.9999760523228));
#15274=CARTESIAN_POINT('Origin',(-54.1265877365275,31.2500000000001,-49.9999760523228));
#15275=CARTESIAN_POINT('',(-56.3477828379253,39.9715925621342,-49.9999760523228));
#15276=CARTESIAN_POINT('',(-54.0871923922242,41.2649225162679,-50.));
#15277=CARTESIAN_POINT('',(-51.8368467994952,39.9538480535696,-49.9999760523228));
#15278=CARTESIAN_POINT('Origin',(-54.1265877365275,31.25,-49.9999760523229));
#15279=CARTESIAN_POINT('',(-47.6840645669608,37.5344076656393,-49.9999760523228));
#15280=CARTESIAN_POINT('',(-45.4337127483552,36.2233438891765,-50.));
#15281=CARTESIAN_POINT('',(-45.4439637429403,33.6189502072298,-49.9999760523228));
#15282=CARTESIAN_POINT('Origin',(-54.126587736529,31.2499999999992,-49.9999760523224));
#15283=CARTESIAN_POINT('',(-45.462869465563,28.8128151035051,-49.9999760523228));
#15284=CARTESIAN_POINT('',(-45.4731080926584,26.2084213729088,-50.));
#15285=CARTESIAN_POINT('',(-47.7337046799725,24.9151021536602,-49.9999760523228));
#15286=CARTESIAN_POINT('Origin',(-54.1265877365278,31.2500000000001,-49.9999760523228));
#15287=CARTESIAN_POINT('',(-51.9053926351296,22.5284074378659,-49.9999760523228));
#15288=CARTESIAN_POINT('',(-54.1659830808306,21.2350774837323,-50.));
#15289=CARTESIAN_POINT('',(-56.4163286735596,22.5461519464305,-49.9999760523228));
#15290=CARTESIAN_POINT('Origin',(-54.1265877365273,31.2500000000013,-49.9999760523224));
#15291=CARTESIAN_POINT('',(-60.5691109060941,24.9655923343609,-49.9999760523228));
#15292=CARTESIAN_POINT('',(-62.8194627246997,26.2766561108236,-50.));
#15293=CARTESIAN_POINT('Origin',(-54.126587736528,31.2499999999997,-49.999976052323));
#15294=CARTESIAN_POINT('',(60.5691109060943,37.534407665639,-49.9999760523228));
#15295=CARTESIAN_POINT('',(56.4163286735598,39.9538480535694,-49.9999760523228));
#15296=CARTESIAN_POINT('',(62.8194627246999,36.2233438891762,-50.));
#15297=CARTESIAN_POINT('',(62.8092117301147,33.6189502072295,-49.9999760523228));
#15298=CARTESIAN_POINT('Origin',(54.1265877365274,31.2499999999997,-49.9999760523226));
#15299=CARTESIAN_POINT('',(62.7903060074921,28.8128151035048,-49.9999760523228));
#15300=CARTESIAN_POINT('',(62.7800673803966,26.2084213729085,-50.));
#15301=CARTESIAN_POINT('',(60.5194707930824,24.9151021536599,-49.9999760523228));
#15302=CARTESIAN_POINT('Origin',(54.1265877365284,31.2499999999994,-49.9999760523231));
#15303=CARTESIAN_POINT('',(56.3477828379254,22.5284074378657,-49.9999760523228));
#15304=CARTESIAN_POINT('',(54.0871923922243,21.235077483732,-50.));
#15305=CARTESIAN_POINT('',(51.8368467994954,22.5461519464303,-49.9999760523228));
#15306=CARTESIAN_POINT('Origin',(54.1265877365276,31.2499999999988,-49.9999760523232));
#15307=CARTESIAN_POINT('',(47.6840645669609,24.9655923343606,-49.9999760523228));
#15308=CARTESIAN_POINT('',(45.4337127483553,26.2766561108234,-50.));
#15309=CARTESIAN_POINT('',(45.4439637429405,28.8810497927701,-49.9999760523228));
#15310=CARTESIAN_POINT('Origin',(54.126587736528,31.25,-49.9999760523226));
#15311=CARTESIAN_POINT('',(45.4628694655631,33.6871848964948,-49.9999760523228));
#15312=CARTESIAN_POINT('',(45.4731080926585,36.2915786270911,-50.));
#15313=CARTESIAN_POINT('',(47.7337046799727,37.5848978463397,-49.9999760523228));
#15314=CARTESIAN_POINT('Origin',(54.1265877365282,31.2499999999994,-49.9999760523226));
#15315=CARTESIAN_POINT('',(51.9053926351298,39.971592562134,-49.9999760523228));
#15316=CARTESIAN_POINT('',(54.1659830808308,41.2649225162676,-50.));
#15317=CARTESIAN_POINT('Origin',(54.1265877365276,31.2499999999995,-49.9999760523226));
#15318=CARTESIAN_POINT('',(-59.3227401592341,-40.2499999999999,-50.));
#15319=CARTESIAN_POINT('',(-64.5188925819407,-31.2499999999999,-50.));
#15320=CARTESIAN_POINT('',(-59.3227401592341,-40.2499999999999,-50.));
#15321=CARTESIAN_POINT('',(-59.3227401592341,-22.2499999999999,-50.));
#15322=CARTESIAN_POINT('',(-64.5188925819407,-31.2499999999999,-50.));
#15323=CARTESIAN_POINT('',(-48.9304353138208,-22.2499999999999,-50.));
#15324=CARTESIAN_POINT('',(-59.3227401592341,-22.2499999999999,-50.));
#15325=CARTESIAN_POINT('',(-43.7342828911142,-31.2499999999999,-50.));
#15326=CARTESIAN_POINT('',(-48.9304353138208,-22.2499999999999,-50.));
#15327=CARTESIAN_POINT('',(-48.9304353138209,-40.2499999999999,-50.));
#15328=CARTESIAN_POINT('',(-43.7342828911142,-31.2499999999999,-50.));
#15329=CARTESIAN_POINT('',(-48.9304353138209,-40.2499999999999,-50.));
#15330=CARTESIAN_POINT('',(-5.19615242270663,71.5,-50.));
#15331=CARTESIAN_POINT('',(5.19615242270663,71.5,-50.));
#15332=CARTESIAN_POINT('',(-5.19615242270663,71.5,-50.));
#15333=CARTESIAN_POINT('',(10.3923048454133,62.5,-50.));
#15334=CARTESIAN_POINT('',(5.19615242270663,71.5,-50.));
#15335=CARTESIAN_POINT('',(5.19615242270663,53.5,-50.));
#15336=CARTESIAN_POINT('',(10.3923048454133,62.5,-50.));
#15337=CARTESIAN_POINT('',(-5.19615242270663,53.5,-50.));
#15338=CARTESIAN_POINT('',(5.19615242270663,53.5,-50.));
#15339=CARTESIAN_POINT('',(-10.3923048454133,62.5,-50.));
#15340=CARTESIAN_POINT('',(-5.19615242270663,53.5,-50.));
#15341=CARTESIAN_POINT('',(-10.3923048454133,62.5,-50.));
#15342=CARTESIAN_POINT('',(64.5188925819406,-31.2500000000002,-50.));
#15343=CARTESIAN_POINT('',(59.3227401592339,-40.2500000000002,-50.));
#15344=CARTESIAN_POINT('',(64.5188925819406,-31.2500000000002,-50.));
#15345=CARTESIAN_POINT('',(48.9304353138207,-40.2500000000002,-50.));
#15346=CARTESIAN_POINT('',(59.3227401592339,-40.2500000000002,-50.));
#15347=CARTESIAN_POINT('',(43.7342828911141,-31.2500000000001,-50.));
#15348=CARTESIAN_POINT('',(48.9304353138207,-40.2500000000002,-50.));
#15349=CARTESIAN_POINT('',(48.9304353138207,-22.2500000000002,-50.));
#15350=CARTESIAN_POINT('',(43.7342828911141,-31.2500000000001,-50.));
#15351=CARTESIAN_POINT('',(59.322740159234,-22.2500000000002,-50.));
#15352=CARTESIAN_POINT('',(48.9304353138207,-22.2500000000002,-50.));
#15353=CARTESIAN_POINT('',(59.322740159234,-22.2500000000002,-50.));
#15354=CARTESIAN_POINT('Origin',(0.,0.,-60.));
#15355=CARTESIAN_POINT('',(-75.,-9.18485099360515E-15,-60.));
#15356=CARTESIAN_POINT('Origin',(0.,0.,0.));
#15357=CARTESIAN_POINT('',(-50.,-6.12323399573677E-15,0.));
#15358=CARTESIAN_POINT('Origin',(0.,0.,0.));
#15359=CARTESIAN_POINT('',(33.5410196624967,10.0000000000005,0.));
#15360=CARTESIAN_POINT('',(33.5410196624967,-10.0000000000005,0.));
#15361=CARTESIAN_POINT('Origin',(0.,0.,0.));
#15362=CARTESIAN_POINT('',(39.9,10.,0.));
#15363=CARTESIAN_POINT('',(39.9,10.,0.));
#15364=CARTESIAN_POINT('',(39.9,-10.,0.));
#15365=CARTESIAN_POINT('',(39.9,-10.,0.));
#15366=CARTESIAN_POINT('',(33.5410196624969,-10.,0.));
#15367=CARTESIAN_POINT('Origin',(0.,0.,-60.));
#15368=CARTESIAN_POINT('',(33.5410196624967,-10.0000000000005,-60.));
#15369=CARTESIAN_POINT('',(33.5410196624967,10.0000000000005,-60.));
#15370=CARTESIAN_POINT('Origin',(39.9,10.,-60.));
#15371=CARTESIAN_POINT('',(39.9,10.,-60.));
#15372=CARTESIAN_POINT('Origin',(39.9,-10.,-60.));
#15373=CARTESIAN_POINT('',(39.9,-10.,-60.));
#15374=CARTESIAN_POINT('',(39.9,-5.20474889637625E-16,-20.75));
#15375=CARTESIAN_POINT('Origin',(39.9,0.,-25.));
#15376=CARTESIAN_POINT('Origin',(33.5410196624969,-10.,-60.));
#15377=CARTESIAN_POINT('Origin',(0.,0.,-50.));
#15378=CARTESIAN_POINT('',(-50.,-6.12323399573677E-15,-50.));
#15379=CARTESIAN_POINT('',(50.,0.,-29.25));
#15380=CARTESIAN_POINT('',(50.,-5.20474889637625E-16,-20.75));
#15381=CARTESIAN_POINT('Ctrl Pts',(50.,-1.11022302462516E-16,-29.25));
#15382=CARTESIAN_POINT('Ctrl Pts',(50.,0.492680027253759,-29.25));
#15383=CARTESIAN_POINT('Ctrl Pts',(49.9920742077709,1.01577381943732,-29.1598111355977));
#15384=CARTESIAN_POINT('Ctrl Pts',(49.977353203176,1.50471485836753,-28.9747117121884));
#15385=CARTESIAN_POINT('Ctrl Pts',(49.9659701096057,1.8827910664569,-28.8315826177782));
#15386=CARTESIAN_POINT('Ctrl Pts',(49.9507517027312,2.241083819941,-28.6326916463898));
#15387=CARTESIAN_POINT('Ctrl Pts',(49.9345757054182,2.55698046919687,-28.3947534343669));
#15388=CARTESIAN_POINT('Ctrl Pts',(49.925198285067,2.74010955918805,-28.2568177888178));
#15389=CARTESIAN_POINT('Ctrl Pts',(49.9156417551114,2.90732318083523,-28.107940476838));
#15390=CARTESIAN_POINT('Ctrl Pts',(49.9061921014489,3.0613705971807,-27.9479671074687));
#15391=CARTESIAN_POINT('Ctrl Pts',(49.884889365899,3.40864590374301,-27.5873326858894));
#15392=CARTESIAN_POINT('Ctrl Pts',(49.8626600718701,3.70913686489114,-27.1410323963342));
#15393=CARTESIAN_POINT('Ctrl Pts',(49.8465063870059,3.91481813245336,-26.6542971286363));
#15394=CARTESIAN_POINT('Ctrl Pts',(49.8334122363592,4.08154303301297,-26.2597503132282));
#15395=CARTESIAN_POINT('Ctrl Pts',(49.8243886194143,4.18712775388039,-25.8385706973428));
#15396=CARTESIAN_POINT('Ctrl Pts',(49.8208606364467,4.22869311297872,-25.4250347706322));
#15397=CARTESIAN_POINT('Ctrl Pts',(49.8184033262087,4.25764421149462,-25.1369987807171));
#15398=CARTESIAN_POINT('Ctrl Pts',(49.8184172941161,4.2574832370596,-24.8579174341394));
#15399=CARTESIAN_POINT('Ctrl Pts',(49.8209046748314,4.22817423734663,-24.5698341963403));
#15400=CARTESIAN_POINT('Ctrl Pts',(49.8253164112048,4.17619040579944,-24.0588761066074));
#15401=CARTESIAN_POINT('Ctrl Pts',(49.8382969703274,4.02519636106558,-23.5373667694635));
#15402=CARTESIAN_POINT('Ctrl Pts',(49.8565356649878,3.78495065830424,-23.0669587396534));
#15403=CARTESIAN_POINT('Ctrl Pts',(49.8719108168199,3.58242442351982,-22.6704065183451));
#15404=CARTESIAN_POINT('Ctrl Pts',(49.8907251525645,3.31713919046131,-22.3100039226964));
#15405=CARTESIAN_POINT('Ctrl Pts',(49.9086367484291,3.02125436091664,-22.0109329069688));
#15406=CARTESIAN_POINT('Ctrl Pts',(49.9173357844737,2.877553441316,-21.8656845681063));
#15407=CARTESIAN_POINT('Ctrl Pts',(49.9262138375362,2.72065956830831,-21.7280827302672));
#15408=CARTESIAN_POINT('Ctrl Pts',(49.9348751471947,2.55112603257454,-21.600844815852));
#15409=CARTESIAN_POINT('Ctrl Pts',(49.9559697527255,2.13822738311173,-21.2909570830495));
#15410=CARTESIAN_POINT('Ctrl Pts',(49.9752333433397,1.65295755949662,-21.049502947624));
#15411=CARTESIAN_POINT('Ctrl Pts',(49.986844186438,1.14691249917853,-20.9076789325338));
#15412=CARTESIAN_POINT('Ctrl Pts',(49.9955828051163,0.766049991714559,-20.8009385367834));
#15413=CARTESIAN_POINT('Ctrl Pts',(50.,0.37415842463002,-20.75));
#15414=CARTESIAN_POINT('Ctrl Pts',(50.,4.44089209850063E-16,-20.75));
#15415=CARTESIAN_POINT('Ctrl Pts',(50.,4.44089209850063E-16,-20.75));
#15416=CARTESIAN_POINT('Ctrl Pts',(50.,-0.492680027253369,-20.75));
#15417=CARTESIAN_POINT('Ctrl Pts',(49.9920742077709,-1.01577381943649,-20.8401888644022));
#15418=CARTESIAN_POINT('Ctrl Pts',(49.9773532031761,-1.50471485836636,-21.0252882878111));
#15419=CARTESIAN_POINT('Ctrl Pts',(49.9659701096058,-1.88279106645526,-21.1684173822211));
#15420=CARTESIAN_POINT('Ctrl Pts',(49.9507517027312,-2.24108381993895,-21.367308353609));
#15421=CARTESIAN_POINT('Ctrl Pts',(49.9345757054184,-2.55698046919459,-21.6052465656314));
#15422=CARTESIAN_POINT('Ctrl Pts',(49.9251982850672,-2.74010955918507,-21.7431822111797));
#15423=CARTESIAN_POINT('Ctrl Pts',(49.9156417551116,-2.90732318083178,-21.8920595231588));
#15424=CARTESIAN_POINT('Ctrl Pts',(49.9061921014491,-3.06137059717671,-22.0520328925271));
#15425=CARTESIAN_POINT('Ctrl Pts',(49.8848893658993,-3.40864590373936,-22.4126673141058));
#15426=CARTESIAN_POINT('Ctrl Pts',(49.8626600718703,-3.70913686488809,-22.8589676036605));
#15427=CARTESIAN_POINT('Ctrl Pts',(49.846506387006,-3.91481813245101,-23.3457028713581));
#15428=CARTESIAN_POINT('Ctrl Pts',(49.8334122363594,-4.08154303301081,-23.7402496867651));
#15429=CARTESIAN_POINT('Ctrl Pts',(49.8243886194145,-4.18712775387876,-24.1614293026494));
#15430=CARTESIAN_POINT('Ctrl Pts',(49.8208606364468,-4.22869311297786,-24.5749652293593));
#15431=CARTESIAN_POINT('Ctrl Pts',(49.8184033262087,-4.25764421149465,-24.8630012192773));
#15432=CARTESIAN_POINT('Ctrl Pts',(49.8184172941161,-4.25748323705989,-25.1420825658578));
#15433=CARTESIAN_POINT('Ctrl Pts',(49.8209046748314,-4.22817423734662,-25.4301658036599));
#15434=CARTESIAN_POINT('Ctrl Pts',(49.8253164112048,-4.17619040579942,-25.9411238933927));
#15435=CARTESIAN_POINT('Ctrl Pts',(49.8382969703274,-4.02519636106554,-26.4626332305366));
#15436=CARTESIAN_POINT('Ctrl Pts',(49.8565356649878,-3.7849506583042,-26.9330412603467));
#15437=CARTESIAN_POINT('Ctrl Pts',(49.8719108168199,-3.58242442351958,-27.3295934816554));
#15438=CARTESIAN_POINT('Ctrl Pts',(49.8907251525645,-3.31713919046075,-27.6899960773043));
#15439=CARTESIAN_POINT('Ctrl Pts',(49.9086367484291,-3.02125436091576,-27.9890670930321));
#15440=CARTESIAN_POINT('Ctrl Pts',(49.9173357844737,-2.87755344131541,-28.1343154318942));
#15441=CARTESIAN_POINT('Ctrl Pts',(49.9262138375363,-2.72065956830803,-28.271917269733));
#15442=CARTESIAN_POINT('Ctrl Pts',(49.9348751471947,-2.55112603257464,-28.399155184148));
#15443=CARTESIAN_POINT('Ctrl Pts',(49.9559697527255,-2.13822738311174,-28.7090429169505));
#15444=CARTESIAN_POINT('Ctrl Pts',(49.9752333433397,-1.65295755949649,-28.9504970523761));
#15445=CARTESIAN_POINT('Ctrl Pts',(49.986844186438,-1.14691249917826,-29.0923210674663));
#15446=CARTESIAN_POINT('Ctrl Pts',(49.9955828051163,-0.76604999171437,-29.1990614632166));
#15447=CARTESIAN_POINT('Ctrl Pts',(50.,-0.374158424629931,-29.25));
#15448=CARTESIAN_POINT('Ctrl Pts',(50.,-5.55111512312578E-16,-29.25));
#15449=CARTESIAN_POINT('Origin',(0.,0.,-25.));
#15450=CARTESIAN_POINT('',(0.,-5.20474889637625E-16,-20.75));
#15451=CARTESIAN_POINT('Origin',(69.7150450046472,-40.2500000000002,-43.));
#15452=CARTESIAN_POINT('',(58.3123771881521,-24.0000000000002,-43.));
#15453=CARTESIAN_POINT('Origin',(54.1265877365273,-31.2500000000002,-43.));
#15454=CARTESIAN_POINT('Origin',(54.1265877365273,-31.2500000000002,-44.1666666666667));
#15455=CARTESIAN_POINT('',(64.5188925819406,-31.2500000000002,-44.1666666666667));
#15456=CARTESIAN_POINT('',(59.3227401592339,-40.2500000000002,-44.1666666666667));
#15457=CARTESIAN_POINT('Ctrl Pts',(64.5188925819424,-31.2499999999972,-44.1666666666677));
#15458=CARTESIAN_POINT('Ctrl Pts',(61.9208163705873,-35.7500000000002,-42.6666666666659));
#15459=CARTESIAN_POINT('Ctrl Pts',(59.3227401592322,-40.2500000000033,-44.1666666666677));
#15460=CARTESIAN_POINT('',(59.322740159234,-22.2500000000002,-44.1666666666667));
#15461=CARTESIAN_POINT('Ctrl Pts',(59.3227401592323,-22.2499999999971,-44.1666666666677));
#15462=CARTESIAN_POINT('Ctrl Pts',(61.9208163705873,-26.7500000000002,-42.666666666666));
#15463=CARTESIAN_POINT('Ctrl Pts',(64.5188925819424,-31.2500000000032,-44.1666666666677));
#15464=CARTESIAN_POINT('',(59.322740159234,-22.2500000000002,-44.1666666666667));
#15465=CARTESIAN_POINT('',(48.9304353138207,-22.2500000000002,-44.1666666666667));
#15466=CARTESIAN_POINT('Ctrl Pts',(48.9304353138172,-22.2500000000002,-44.1666666666677));
#15467=CARTESIAN_POINT('Ctrl Pts',(54.1265877365273,-22.2500000000002,-42.6666666666659));
#15468=CARTESIAN_POINT('Ctrl Pts',(59.3227401592376,-22.2500000000002,-44.1666666666677));
#15469=CARTESIAN_POINT('',(43.7342828911141,-31.2500000000001,-44.1666666666667));
#15470=CARTESIAN_POINT('Ctrl Pts',(43.7342828911123,-31.2500000000032,-44.1666666666677));
#15471=CARTESIAN_POINT('Ctrl Pts',(46.3323591024674,-26.7500000000002,-42.6666666666659));
#15472=CARTESIAN_POINT('Ctrl Pts',(48.9304353138225,-22.2499999999971,-44.1666666666677));
#15473=CARTESIAN_POINT('',(48.9304353138207,-40.2500000000002,-44.1666666666667));
#15474=CARTESIAN_POINT('Ctrl Pts',(48.9304353138225,-40.2500000000033,-44.1666666666677));
#15475=CARTESIAN_POINT('Ctrl Pts',(46.3323591024674,-35.7500000000002,-42.6666666666659));
#15476=CARTESIAN_POINT('Ctrl Pts',(43.7342828911123,-31.2499999999971,-44.1666666666677));
#15477=CARTESIAN_POINT('Ctrl Pts',(59.3227401592374,-40.2500000000002,-44.1666666666677));
#15478=CARTESIAN_POINT('Ctrl Pts',(54.1265877365273,-40.2500000000002,-42.6666666666659));
#15479=CARTESIAN_POINT('Ctrl Pts',(48.9304353138172,-40.2500000000002,-44.1666666666677));
#15480=CARTESIAN_POINT('Origin',(64.5188925819406,-31.2500000000002,-50.));
#15481=CARTESIAN_POINT('',(64.5188925819406,-31.2500000000002,-50.));
#15482=CARTESIAN_POINT('',(59.3227401592339,-40.2500000000002,-50.));
#15483=CARTESIAN_POINT('Origin',(59.322740159234,-22.2500000000002,-50.));
#15484=CARTESIAN_POINT('',(59.322740159234,-22.2500000000002,-50.));
#15485=CARTESIAN_POINT('Origin',(48.9304353138207,-22.2500000000002,-50.));
#15486=CARTESIAN_POINT('',(48.9304353138207,-22.2500000000002,-50.));
#15487=CARTESIAN_POINT('Origin',(43.7342828911141,-31.2500000000001,-50.));
#15488=CARTESIAN_POINT('',(43.7342828911141,-31.2500000000001,-50.));
#15489=CARTESIAN_POINT('Origin',(48.9304353138207,-40.2500000000002,-50.));
#15490=CARTESIAN_POINT('',(48.9304353138207,-40.2500000000002,-50.));
#15491=CARTESIAN_POINT('Origin',(59.3227401592339,-40.2500000000002,-50.));
#15492=CARTESIAN_POINT('Origin',(6.93889390390723E-15,80.5,-43.));
#15493=CARTESIAN_POINT('',(-8.37157890324957,62.5,-43.));
#15494=CARTESIAN_POINT('Origin',(0.,62.5,-43.));
#15495=CARTESIAN_POINT('Origin',(0.,62.5,-44.1666666666667));
#15496=CARTESIAN_POINT('',(-5.19615242270664,71.5,-44.1666666666667));
#15497=CARTESIAN_POINT('',(5.19615242270663,71.5,-44.1666666666667));
#15498=CARTESIAN_POINT('Ctrl Pts',(-5.19615242271018,71.5,-44.1666666666677));
#15499=CARTESIAN_POINT('Ctrl Pts',(-1.15463194561016E-14,71.5,-42.6666666666659));
#15500=CARTESIAN_POINT('Ctrl Pts',(5.19615242271015,71.5,-44.1666666666677));
#15501=CARTESIAN_POINT('',(-10.3923048454133,62.5,-44.1666666666667));
#15502=CARTESIAN_POINT('Ctrl Pts',(-10.3923048454151,62.4999999999969,-44.1666666666677));
#15503=CARTESIAN_POINT('Ctrl Pts',(-7.79422863405998,67.,-42.6666666666659));
#15504=CARTESIAN_POINT('Ctrl Pts',(-5.19615242270489,71.5000000000031,-44.1666666666677));
#15505=CARTESIAN_POINT('',(-10.3923048454133,62.5,-44.1666666666667));
#15506=CARTESIAN_POINT('',(-5.19615242270663,53.5,-44.1666666666667));
#15507=CARTESIAN_POINT('Ctrl Pts',(-5.19615242270486,53.4999999999969,-44.1666666666677));
#15508=CARTESIAN_POINT('Ctrl Pts',(-7.79422863405994,58.,-42.6666666666659));
#15509=CARTESIAN_POINT('Ctrl Pts',(-10.392304845415,62.5000000000031,-44.1666666666677));
#15510=CARTESIAN_POINT('',(5.19615242270663,53.5,-44.1666666666667));
#15511=CARTESIAN_POINT('Ctrl Pts',(5.19615242271018,53.5,-44.1666666666677));
#15512=CARTESIAN_POINT('Ctrl Pts',(3.5527136788005E-15,53.5,-42.6666666666659));
#15513=CARTESIAN_POINT('Ctrl Pts',(-5.19615242271017,53.5,-44.1666666666677));
#15514=CARTESIAN_POINT('',(10.3923048454133,62.5,-44.1666666666667));
#15515=CARTESIAN_POINT('Ctrl Pts',(10.3923048454151,62.5000000000031,-44.1666666666677));
#15516=CARTESIAN_POINT('Ctrl Pts',(7.79422863405998,58.,-42.6666666666659));
#15517=CARTESIAN_POINT('Ctrl Pts',(5.19615242270488,53.4999999999969,-44.1666666666677));
#15518=CARTESIAN_POINT('Ctrl Pts',(5.19615242270486,71.5000000000031,-44.1666666666677));
#15519=CARTESIAN_POINT('Ctrl Pts',(7.79422863405996,67.,-42.6666666666659));
#15520=CARTESIAN_POINT('Ctrl Pts',(10.392304845415,62.4999999999969,-44.1666666666677));
#15521=CARTESIAN_POINT('Origin',(-5.19615242270663,71.5,-50.));
#15522=CARTESIAN_POINT('',(-5.19615242270663,71.5,-50.));
#15523=CARTESIAN_POINT('',(5.19615242270663,71.5,-50.));
#15524=CARTESIAN_POINT('Origin',(-10.3923048454133,62.5,-50.));
#15525=CARTESIAN_POINT('',(-10.3923048454133,62.5,-50.));
#15526=CARTESIAN_POINT('Origin',(-5.19615242270663,53.5,-50.));
#15527=CARTESIAN_POINT('',(-5.19615242270663,53.5,-50.));
#15528=CARTESIAN_POINT('Origin',(5.19615242270663,53.5,-50.));
#15529=CARTESIAN_POINT('',(5.19615242270663,53.5,-50.));
#15530=CARTESIAN_POINT('Origin',(10.3923048454133,62.5,-50.));
#15531=CARTESIAN_POINT('',(10.3923048454133,62.5,-50.));
#15532=CARTESIAN_POINT('Origin',(5.19615242270663,71.5,-50.));
#15533=CARTESIAN_POINT('Origin',(-69.7150450046474,-40.2499999999999,-43.));
#15534=CARTESIAN_POINT('',(-49.9407982849027,-38.4999999999999,-43.));
#15535=CARTESIAN_POINT('Origin',(-54.1265877365275,-31.2499999999999,-43.));
#15536=CARTESIAN_POINT('Origin',(-54.1265877365275,-31.2499999999999,-44.1666666666667));
#15537=CARTESIAN_POINT('',(-59.3227401592341,-40.2499999999999,-44.1666666666667));
#15538=CARTESIAN_POINT('',(-64.5188925819407,-31.2499999999999,-44.1666666666667));
#15539=CARTESIAN_POINT('Ctrl Pts',(-59.3227401592323,-40.250000000003,-44.1666666666677));
#15540=CARTESIAN_POINT('Ctrl Pts',(-61.9208163705874,-35.7499999999999,
-42.6666666666659));
#15541=CARTESIAN_POINT('Ctrl Pts',(-64.5188925819425,-31.2499999999968,
-44.1666666666677));
#15542=CARTESIAN_POINT('',(-48.9304353138209,-40.2499999999999,-44.1666666666667));
#15543=CARTESIAN_POINT('Ctrl Pts',(-48.9304353138174,-40.2499999999999,
-44.1666666666677));
#15544=CARTESIAN_POINT('Ctrl Pts',(-54.1265877365275,-40.2499999999999,
-42.6666666666659));
#15545=CARTESIAN_POINT('Ctrl Pts',(-59.3227401592376,-40.2499999999999,
-44.1666666666677));
#15546=CARTESIAN_POINT('',(-48.9304353138209,-40.2499999999999,-44.1666666666667));
#15547=CARTESIAN_POINT('',(-43.7342828911142,-31.2499999999999,-44.1666666666667));
#15548=CARTESIAN_POINT('Ctrl Pts',(-43.7342828911124,-31.2499999999968,
-44.1666666666677));
#15549=CARTESIAN_POINT('Ctrl Pts',(-46.3323591024675,-35.7499999999999,
-42.6666666666659));
#15550=CARTESIAN_POINT('Ctrl Pts',(-48.9304353138226,-40.250000000003,-44.1666666666677));
#15551=CARTESIAN_POINT('',(-48.9304353138208,-22.2499999999999,-44.1666666666667));
#15552=CARTESIAN_POINT('Ctrl Pts',(-48.9304353138226,-22.2499999999968,
-44.1666666666677));
#15553=CARTESIAN_POINT('Ctrl Pts',(-46.3323591024675,-26.7499999999999,
-42.6666666666659));
#15554=CARTESIAN_POINT('Ctrl Pts',(-43.7342828911124,-31.250000000003,-44.1666666666677));
#15555=CARTESIAN_POINT('',(-59.3227401592341,-22.2499999999999,-44.1666666666667));
#15556=CARTESIAN_POINT('Ctrl Pts',(-59.3227401592376,-22.2499999999999,
-44.1666666666677));
#15557=CARTESIAN_POINT('Ctrl Pts',(-54.1265877365275,-22.2499999999999,
-42.6666666666659));
#15558=CARTESIAN_POINT('Ctrl Pts',(-48.9304353138173,-22.2499999999999,
-44.1666666666677));
#15559=CARTESIAN_POINT('Ctrl Pts',(-64.5188925819425,-31.250000000003,-44.1666666666677));
#15560=CARTESIAN_POINT('Ctrl Pts',(-61.9208163705874,-26.7499999999999,
-42.6666666666659));
#15561=CARTESIAN_POINT('Ctrl Pts',(-59.3227401592323,-22.2499999999968,
-44.1666666666677));
#15562=CARTESIAN_POINT('Origin',(-59.3227401592341,-40.2499999999999,-50.));
#15563=CARTESIAN_POINT('',(-59.3227401592341,-40.2499999999999,-50.));
#15564=CARTESIAN_POINT('',(-64.5188925819407,-31.2499999999999,-50.));
#15565=CARTESIAN_POINT('Origin',(-48.9304353138209,-40.2499999999999,-50.));
#15566=CARTESIAN_POINT('',(-48.9304353138209,-40.2499999999999,-50.));
#15567=CARTESIAN_POINT('Origin',(-43.7342828911142,-31.2499999999999,-50.));
#15568=CARTESIAN_POINT('',(-43.7342828911142,-31.2499999999999,-50.));
#15569=CARTESIAN_POINT('Origin',(-48.9304353138208,-22.2499999999999,-50.));
#15570=CARTESIAN_POINT('',(-48.9304353138208,-22.2499999999999,-50.));
#15571=CARTESIAN_POINT('Origin',(-59.3227401592341,-22.2499999999999,-50.));
#15572=CARTESIAN_POINT('',(-59.3227401592341,-22.2499999999999,-50.));
#15573=CARTESIAN_POINT('Origin',(-64.5188925819407,-31.2499999999999,-50.));
#15574=CARTESIAN_POINT('Origin',(54.1265877365275,31.2499999999998,-80.));
#15575=CARTESIAN_POINT('',(49.1265877365275,39.9102540378442,-76.));
#15576=CARTESIAN_POINT('Origin',(54.1265877365275,31.2499999999998,-76.));
#15577=CARTESIAN_POINT('',(49.1265877365275,39.9102540378442,-80.));
#15578=CARTESIAN_POINT('',(49.1265877365275,39.9102540378442,-80.));
#15579=CARTESIAN_POINT('Origin',(54.1265877365275,31.2499999999998,-80.));
#15580=CARTESIAN_POINT('Origin',(54.1265877365275,31.2499999999998,-80.));
#15581=CARTESIAN_POINT('',(49.1265877365275,39.9102540378442,-64.));
#15582=CARTESIAN_POINT('',(49.1265877365275,39.9102540378442,-80.));
#15583=CARTESIAN_POINT('Origin',(54.1265877365275,31.2499999999998,-64.));
#15584=CARTESIAN_POINT('Origin',(54.1265877365273,-31.2500000000002,-80.));
#15585=CARTESIAN_POINT('',(59.1265877365273,-22.5897459621558,-76.));
#15586=CARTESIAN_POINT('Origin',(54.1265877365273,-31.2500000000002,-76.));
#15587=CARTESIAN_POINT('',(59.1265877365273,-22.5897459621558,-80.));
#15588=CARTESIAN_POINT('',(59.1265877365273,-22.5897459621558,-80.));
#15589=CARTESIAN_POINT('Origin',(54.1265877365273,-31.2500000000002,-80.));
#15590=CARTESIAN_POINT('Origin',(54.1265877365273,-31.2500000000002,-80.));
#15591=CARTESIAN_POINT('',(59.1265877365273,-22.5897459621558,-64.));
#15592=CARTESIAN_POINT('',(59.1265877365273,-22.5897459621558,-80.));
#15593=CARTESIAN_POINT('Origin',(54.1265877365273,-31.2500000000002,-64.));
#15594=CARTESIAN_POINT('Origin',(-1.46957615897682E-15,-62.5,-80.));
#15595=CARTESIAN_POINT('',(10.,-62.5,-76.));
#15596=CARTESIAN_POINT('Origin',(-1.46957615897682E-15,-62.5,-76.));
#15597=CARTESIAN_POINT('',(10.,-62.5,-80.));
#15598=CARTESIAN_POINT('',(10.,-62.5,-80.));
#15599=CARTESIAN_POINT('Origin',(-1.46957615897682E-15,-62.5,-80.));
#15600=CARTESIAN_POINT('Origin',(-1.46957615897682E-15,-62.5,-80.));
#15601=CARTESIAN_POINT('',(10.,-62.5,-64.));
#15602=CARTESIAN_POINT('',(10.,-62.5,-80.));
#15603=CARTESIAN_POINT('Origin',(-1.46957615897682E-15,-62.5,-64.));
#15604=CARTESIAN_POINT('Origin',(-54.1265877365275,-31.2499999999999,-80.));
#15605=CARTESIAN_POINT('',(-49.1265877365275,-39.9102540378443,-76.));
#15606=CARTESIAN_POINT('Origin',(-54.1265877365275,-31.2499999999999,-76.));
#15607=CARTESIAN_POINT('',(-49.1265877365275,-39.9102540378443,-80.));
#15608=CARTESIAN_POINT('',(-49.1265877365275,-39.9102540378443,-80.));
#15609=CARTESIAN_POINT('Origin',(-54.1265877365275,-31.2499999999999,-80.));
#15610=CARTESIAN_POINT('Origin',(-54.1265877365275,-31.2499999999999,-80.));
#15611=CARTESIAN_POINT('',(-49.1265877365275,-39.9102540378443,-64.));
#15612=CARTESIAN_POINT('',(-49.1265877365275,-39.9102540378443,-80.));
#15613=CARTESIAN_POINT('Origin',(-54.1265877365275,-31.2499999999999,-64.));
#15614=CARTESIAN_POINT('Origin',(-54.1265877365274,31.25,-80.));
#15615=CARTESIAN_POINT('',(-59.1265877365274,22.5897459621556,-76.));
#15616=CARTESIAN_POINT('Origin',(-54.1265877365274,31.25,-76.));
#15617=CARTESIAN_POINT('',(-59.1265877365274,22.5897459621556,-80.));
#15618=CARTESIAN_POINT('',(-59.1265877365274,22.5897459621556,-80.));
#15619=CARTESIAN_POINT('Origin',(-54.1265877365274,31.25,-80.));
#15620=CARTESIAN_POINT('Origin',(-54.1265877365274,31.25,-80.));
#15621=CARTESIAN_POINT('',(-59.1265877365274,22.5897459621556,-64.));
#15622=CARTESIAN_POINT('',(-59.1265877365274,22.5897459621556,-80.));
#15623=CARTESIAN_POINT('Origin',(-54.1265877365274,31.25,-64.));
#15624=CARTESIAN_POINT('Origin',(1.46957615897682E-15,62.5,-80.));
#15625=CARTESIAN_POINT('',(-10.,62.5,-76.));
#15626=CARTESIAN_POINT('Origin',(1.46957615897682E-15,62.5,-76.));
#15627=CARTESIAN_POINT('',(-10.,62.5,-80.));
#15628=CARTESIAN_POINT('',(-10.,62.5,-80.));
#15629=CARTESIAN_POINT('Origin',(1.46957615897682E-15,62.5,-80.));
#15630=CARTESIAN_POINT('Origin',(1.46957615897682E-15,62.5,-80.));
#15631=CARTESIAN_POINT('',(-10.,62.5,-64.));
#15632=CARTESIAN_POINT('',(-10.,62.5,-80.));
#15633=CARTESIAN_POINT('Origin',(1.46957615897682E-15,62.5,-64.));
#15634=CARTESIAN_POINT('Origin',(0.,0.,-76.));
#15635=CARTESIAN_POINT('',(-42.5,-5.20474889637625E-15,-76.));
#15636=CARTESIAN_POINT('Origin',(0.,0.,-76.));
#15637=CARTESIAN_POINT('',(-42.5,-5.20474889637625E-15,-64.));
#15638=CARTESIAN_POINT('',(-42.5,-5.20474889637625E-15,-76.));
#15639=CARTESIAN_POINT('Origin',(0.,0.,-64.));
#15640=CARTESIAN_POINT('Origin',(1.46957615897682E-15,62.5,-76.));
#15641=CARTESIAN_POINT('',(-7.61370703151053,70.4392358094672,-64.));
#15642=CARTESIAN_POINT('',(7.61370703151053,70.4392358094672,-64.));
#15643=CARTESIAN_POINT('Origin',(1.46957615897682E-15,62.5,-64.));
#15644=CARTESIAN_POINT('',(7.61370703151053,70.4392358094672,-76.));
#15645=CARTESIAN_POINT('',(7.61370703151053,70.4392358094672,-76.));
#15646=CARTESIAN_POINT('',(-7.61370703151053,70.4392358094672,-76.));
#15647=CARTESIAN_POINT('Origin',(1.46957615897682E-15,62.5,-76.));
#15648=CARTESIAN_POINT('',(-7.61370703151053,70.4392358094672,-76.));
#15649=CARTESIAN_POINT('Origin',(-90.6723291934437,157.049081003655,-76.));
#15650=CARTESIAN_POINT('',(-57.1953141183836,41.8132816110004,-64.));
#15651=CARTESIAN_POINT('Origin',(-90.6723291934437,157.049081003655,-64.));
#15652=CARTESIAN_POINT('',(-57.1953141183836,41.8132816110004,-76.));
#15653=CARTESIAN_POINT('Origin',(-90.6723291934437,157.049081003655,-76.));
#15654=CARTESIAN_POINT('',(-57.1953141183836,41.8132816110004,-76.));
#15655=CARTESIAN_POINT('Origin',(-54.1265877365274,31.25,-76.));
#15656=CARTESIAN_POINT('',(-64.8090211499164,28.6259541984733,-64.));
#15657=CARTESIAN_POINT('Origin',(-54.1265877365274,31.25,-64.));
#15658=CARTESIAN_POINT('',(-64.8090211499164,28.6259541984733,-76.));
#15659=CARTESIAN_POINT('Origin',(-54.1265877365274,31.25,-76.));
#15660=CARTESIAN_POINT('',(-64.8090211499164,28.6259541984733,-76.));
#15661=CARTESIAN_POINT('Origin',(-181.344658386887,1.66533453693773E-13,
-76.));
#15662=CARTESIAN_POINT('',(-64.8090211499109,-28.6259541984507,-64.));
#15663=CARTESIAN_POINT('Origin',(-181.344658386887,1.66533453693773E-13,
-64.));
#15664=CARTESIAN_POINT('',(-64.8090211499109,-28.6259541984507,-76.));
#15665=CARTESIAN_POINT('Origin',(-181.344658386887,1.66533453693773E-13,
-76.));
#15666=CARTESIAN_POINT('',(-64.8090211499109,-28.6259541984507,-76.));
#15667=CARTESIAN_POINT('Origin',(-54.1265877365275,-31.2499999999999,-76.));
#15668=CARTESIAN_POINT('',(-57.1953141184058,-41.8132816109943,-64.));
#15669=CARTESIAN_POINT('Origin',(-54.1265877365275,-31.2499999999999,-64.));
#15670=CARTESIAN_POINT('',(-57.1953141184058,-41.8132816109943,-76.));
#15671=CARTESIAN_POINT('Origin',(-54.1265877365275,-31.2499999999999,-76.));
#15672=CARTESIAN_POINT('',(-57.1953141184058,-41.8132816109943,-76.));
#15673=CARTESIAN_POINT('Origin',(-90.6723291934433,-157.049081003656,-76.));
#15674=CARTESIAN_POINT('',(-7.61370703152708,-70.4392358094513,-64.));
#15675=CARTESIAN_POINT('Origin',(-90.6723291934433,-157.049081003656,-64.));
#15676=CARTESIAN_POINT('',(-7.61370703152708,-70.4392358094513,-76.));
#15677=CARTESIAN_POINT('Origin',(-90.6723291934433,-157.049081003656,-76.));
#15678=CARTESIAN_POINT('',(-7.61370703152708,-70.4392358094513,-76.));
#15679=CARTESIAN_POINT('Origin',(1.80411241501588E-13,-62.5000000000001,
-76.));
#15680=CARTESIAN_POINT('',(7.61370703151053,-70.4392358094672,-64.));
#15681=CARTESIAN_POINT('Origin',(1.80411241501588E-13,-62.5000000000001,
-64.));
#15682=CARTESIAN_POINT('',(7.61370703151053,-70.4392358094672,-76.));
#15683=CARTESIAN_POINT('Origin',(1.80411241501588E-13,-62.5000000000001,
-76.));
#15684=CARTESIAN_POINT('',(7.61370703151053,-70.4392358094672,-76.));
#15685=CARTESIAN_POINT('Origin',(90.6723291934437,-157.049081003655,-76.));
#15686=CARTESIAN_POINT('',(57.1953141183836,-41.8132816110004,-64.));
#15687=CARTESIAN_POINT('Origin',(90.6723291934437,-157.049081003655,-64.));
#15688=CARTESIAN_POINT('',(57.1953141183836,-41.8132816110004,-76.));
#15689=CARTESIAN_POINT('Origin',(90.6723291934437,-157.049081003655,-76.));
#15690=CARTESIAN_POINT('',(57.1953141183836,-41.8132816110004,-76.));
#15691=CARTESIAN_POINT('Origin',(54.1265877365274,-31.25,-76.));
#15692=CARTESIAN_POINT('',(64.8090211499165,-28.6259541984732,-64.));
#15693=CARTESIAN_POINT('Origin',(54.1265877365274,-31.25,-64.));
#15694=CARTESIAN_POINT('',(64.8090211499165,-28.6259541984732,-76.));
#15695=CARTESIAN_POINT('Origin',(54.1265877365274,-31.25,-76.));
#15696=CARTESIAN_POINT('',(64.8090211499165,-28.6259541984732,-76.));
#15697=CARTESIAN_POINT('Origin',(181.344658386888,2.22044604925031E-13,
-76.));
#15698=CARTESIAN_POINT('',(64.8090211499109,28.6259541984509,-64.));
#15699=CARTESIAN_POINT('Origin',(181.344658386888,2.22044604925031E-13,
-64.));
#15700=CARTESIAN_POINT('',(64.8090211499109,28.6259541984509,-76.));
#15701=CARTESIAN_POINT('Origin',(181.344658386888,2.22044604925031E-13,
-76.));
#15702=CARTESIAN_POINT('',(64.8090211499109,28.6259541984509,-76.));
#15703=CARTESIAN_POINT('Origin',(54.1265877365274,31.2500000000001,-76.));
#15704=CARTESIAN_POINT('',(57.1953141184058,41.813281610994,-64.));
#15705=CARTESIAN_POINT('Origin',(54.1265877365274,31.2500000000001,-64.));
#15706=CARTESIAN_POINT('',(57.1953141184058,41.813281610994,-76.));
#15707=CARTESIAN_POINT('Origin',(54.1265877365274,31.2500000000001,-76.));
#15708=CARTESIAN_POINT('',(57.1953141184058,41.813281610994,-76.));
#15709=CARTESIAN_POINT('Origin',(90.6723291934436,157.049081003655,-76.));
#15710=CARTESIAN_POINT('Origin',(90.6723291934436,157.049081003655,-64.));
#15711=CARTESIAN_POINT('Origin',(90.6723291934436,157.049081003655,-76.));
#15712=CARTESIAN_POINT('Origin',(72.3994584649855,94.1495405018277,-64.));
#15713=CARTESIAN_POINT('Origin',(72.3994584649855,94.1495405018277,-76.));
#15714=CARTESIAN_POINT('Origin',(52.0015877365276,27.5693920339159,-30.));
#15715=CARTESIAN_POINT('',(52.0015877365276,27.5693920339159,-30.));
#15716=CARTESIAN_POINT('Origin',(54.1265877365276,31.2499999999998,-30.));
#15717=CARTESIAN_POINT('Origin',(54.1265877365276,31.2499999999998,-97.));
#15718=CARTESIAN_POINT('',(52.0015877365276,27.5693920339159,-32.));
#15719=CARTESIAN_POINT('Origin',(54.1265877365276,31.2499999999998,-32.));
#15720=CARTESIAN_POINT('',(52.0015877365276,27.5693920339159,-97.));
#15721=CARTESIAN_POINT('Origin',(51.1265877365276,26.0538475772932,-32.));
#15722=CARTESIAN_POINT('',(51.8843377365276,27.3663090767285,-32.));
#15723=CARTESIAN_POINT('Origin',(54.1265877365276,31.2499999999998,-32.));
#15724=CARTESIAN_POINT('Origin',(54.1265877365276,31.2499999999998,-32.));
#15725=CARTESIAN_POINT('',(51.1265877365276,26.0538475772932,-32.8749743329569));
#15726=CARTESIAN_POINT('Origin',(54.1265877365276,31.2499999999998,-32.8749743329569));
#15727=CARTESIAN_POINT('',(51.8843377365276,27.3663090767285,-32.));
#15728=CARTESIAN_POINT('Origin',(54.1265877365276,31.2499999999998,-97.));
#15729=CARTESIAN_POINT('',(57.1265877365276,36.4461524227064,-39.9856886186714));
#15730=CARTESIAN_POINT('',(51.1265877365276,26.0538475772932,-39.9856886186714));
#15731=CARTESIAN_POINT('Origin',(54.1265877365276,31.2499999999998,-39.9856886186714));
#15732=CARTESIAN_POINT('',(51.1265877365276,26.0538475772932,-97.));
#15733=CARTESIAN_POINT('Origin',(54.1265877365276,31.2499999999998,-39.9856886186714));
#15734=CARTESIAN_POINT('Origin',(54.1265877365276,31.2499999999998,-39.9856886186714));
#15735=CARTESIAN_POINT('',(57.5194448793848,37.1266009542515,-39.1999743329569));
#15736=CARTESIAN_POINT('',(57.1265877365276,36.4461524227064,-39.9856886186714));
#15737=CARTESIAN_POINT('Origin',(54.1265877365276,31.2499999999998,-39.1999743329569));
#15738=CARTESIAN_POINT('Origin',(54.1265877365276,31.2499999999998,-39.1999743329569));
#15739=CARTESIAN_POINT('',(62.8092179205992,33.6189518962292,-39.1999743329569));
#15740=CARTESIAN_POINT('',(62.8194627246999,36.2233438891762,-39.4719427632745));
#15741=CARTESIAN_POINT('Ctrl Pts',(62.8092179205992,33.6189518962292,-39.1999743329569));
#15742=CARTESIAN_POINT('Ctrl Pts',(62.8140668944044,34.8516380880019,-39.2881676106097));
#15743=CARTESIAN_POINT('Ctrl Pts',(62.8194627246999,36.2233438891803,-39.471942763275));
#15744=CARTESIAN_POINT('',(60.5691154994453,37.5344121462578,-39.1999743329569));
#15745=CARTESIAN_POINT('Ctrl Pts',(62.8194627247035,36.2233438891741,-39.471942763275));
#15746=CARTESIAN_POINT('Ctrl Pts',(61.6342285695122,36.9138697158738,-39.2881676106098));
#15747=CARTESIAN_POINT('Ctrl Pts',(60.5691154994453,37.5344121462578,-39.1999743329569));
#15748=CARTESIAN_POINT('Origin',(54.1265877365276,31.2499999999998,-39.1999743329569));
#15749=CARTESIAN_POINT('Origin',(54.1265877365276,31.2499999999998,-39.1999743329569));
#15750=CARTESIAN_POINT('',(60.5194753510413,24.9150976370429,-39.1999743329569));
#15751=CARTESIAN_POINT('',(62.7800673803966,26.2084213729085,-39.4719427632745));
#15752=CARTESIAN_POINT('Ctrl Pts',(60.5194753510413,24.9150976370429,-39.1999743329569));
#15753=CARTESIAN_POINT('Ctrl Pts',(61.5894373949134,25.5272413984317,-39.2881676106098));
#15754=CARTESIAN_POINT('Ctrl Pts',(62.7800673804003,26.2084213729106,-39.471942763275));
#15755=CARTESIAN_POINT('',(62.7903121844973,28.8128133658555,-39.1999743329569));
#15756=CARTESIAN_POINT('Ctrl Pts',(62.7800673803966,26.2084213729043,-39.471942763275));
#15757=CARTESIAN_POINT('Ctrl Pts',(62.7854632106921,27.5801271740828,-39.2881676106098));
#15758=CARTESIAN_POINT('Ctrl Pts',(62.7903121844973,28.8128133658555,-39.1999743329569));
#15759=CARTESIAN_POINT('Origin',(54.1265877365276,31.2499999999998,-39.1999743329569));
#15760=CARTESIAN_POINT('Origin',(54.1265877365276,31.2499999999998,-39.1999743329569));
#15761=CARTESIAN_POINT('',(54.0871923922243,21.235077483732,-39.4719427632745));
#15762=CARTESIAN_POINT('',(56.3477844215796,22.5284012195976,-39.1999743329569));
#15763=CARTESIAN_POINT('Ctrl Pts',(54.0871923922208,21.23507748373,-39.471942763275));
#15764=CARTESIAN_POINT('Ctrl Pts',(55.2778223777075,21.9162574582088,-39.2881676106098));
#15765=CARTESIAN_POINT('Ctrl Pts',(56.3477844215795,22.5284012195975,-39.1999743329569));
#15766=CARTESIAN_POINT('',(51.8368451669698,22.5461457408136,-39.1999743329569));
#15767=CARTESIAN_POINT('Origin',(54.1265877365276,31.2499999999998,-39.1999743329569));
#15768=CARTESIAN_POINT('Ctrl Pts',(51.8368451669698,22.5461457408136,-39.1999743329569));
#15769=CARTESIAN_POINT('Ctrl Pts',(52.9019582370367,21.9256033104296,-39.2881676106098));
#15770=CARTESIAN_POINT('Ctrl Pts',(54.087192392228,21.23507748373,-39.471942763275));
#15771=CARTESIAN_POINT('Origin',(54.1265877365276,31.2499999999998,-39.1999743329569));
#15772=CARTESIAN_POINT('',(45.443957552456,28.8810481037704,-39.1999743329569));
#15773=CARTESIAN_POINT('',(45.4337127483553,26.2766561108234,-39.4719427632745));
#15774=CARTESIAN_POINT('Ctrl Pts',(45.443957552456,28.8810481037704,-39.1999743329569));
#15775=CARTESIAN_POINT('Ctrl Pts',(45.4391085786508,27.6483619119977,-39.2881676106098));
#15776=CARTESIAN_POINT('Ctrl Pts',(45.4337127483553,26.2766561108192,-39.471942763275));
#15777=CARTESIAN_POINT('',(47.6840599736099,24.9655878537418,-39.1999743329569));
#15778=CARTESIAN_POINT('Ctrl Pts',(45.4337127483517,26.2766561108255,-39.471942763275));
#15779=CARTESIAN_POINT('Ctrl Pts',(46.618946903543,25.5861302841259,-39.2881676106098));
#15780=CARTESIAN_POINT('Ctrl Pts',(47.6840599736099,24.9655878537419,-39.1999743329569));
#15781=CARTESIAN_POINT('Origin',(54.1265877365276,31.2499999999998,-39.1999743329569));
#15782=CARTESIAN_POINT('Origin',(45.394317404052,16.2617335945556,-39.1999743329569));
#15783=CARTESIAN_POINT('',(56.4163303060854,39.9538542591861,-39.1999743329569));
#15784=CARTESIAN_POINT('',(62.8194627246999,36.2233438891762,-39.1999743329569));
#15785=CARTESIAN_POINT('',(51.9053910514755,39.971598780402,-39.1999743329569));
#15786=CARTESIAN_POINT('Origin',(54.1265877365276,31.2499999999998,-39.1999743329569));
#15787=CARTESIAN_POINT('',(47.7337001220138,37.5849023629567,-39.1999743329569));
#15788=CARTESIAN_POINT('',(54.1659830808308,41.2649225162676,-39.1999743329569));
#15789=CARTESIAN_POINT('',(45.4628632885578,33.6871866341441,-39.1999743329569));
#15790=CARTESIAN_POINT('Origin',(54.1265877365276,31.2499999999998,-39.1999743329569));
#15791=CARTESIAN_POINT('',(45.4731080926585,36.2915786270911,-39.1999743329569));
#15792=CARTESIAN_POINT('',(45.4337127483553,26.2766561108234,-39.1999743329569));
#15793=CARTESIAN_POINT('',(54.0871923922243,21.235077483732,-39.1999743329569));
#15794=CARTESIAN_POINT('',(62.7800673803966,26.2084213729085,-39.1999743329569));
#15795=CARTESIAN_POINT('Origin',(54.1265877365276,31.2499999999998,-39.1999743329569));
#15796=CARTESIAN_POINT('',(45.4731080926585,36.2915786270911,-39.4719427632745));
#15797=CARTESIAN_POINT('Ctrl Pts',(47.7337001220138,37.5849023629567,-39.1999743329569));
#15798=CARTESIAN_POINT('Ctrl Pts',(46.6637380781417,36.9727586015679,-39.2881676106098));
#15799=CARTESIAN_POINT('Ctrl Pts',(45.4731080926549,36.2915786270891,-39.4719427632751));
#15800=CARTESIAN_POINT('Ctrl Pts',(45.4731080926586,36.2915786270952,-39.471942763275));
#15801=CARTESIAN_POINT('Ctrl Pts',(45.4677122623631,34.9198728259168,-39.2881676106098));
#15802=CARTESIAN_POINT('Ctrl Pts',(45.4628632885578,33.6871866341441,-39.1999743329569));
#15803=CARTESIAN_POINT('Origin',(54.1265877365276,31.2499999999998,-39.1999743329569));
#15804=CARTESIAN_POINT('',(54.1659830808308,41.2649225162676,-39.4719427632745));
#15805=CARTESIAN_POINT('Ctrl Pts',(56.4163303060854,39.9538542591861,-39.1999743329569));
#15806=CARTESIAN_POINT('Ctrl Pts',(55.3512172360185,40.57439668957,-39.2881676106098));
#15807=CARTESIAN_POINT('Ctrl Pts',(54.1659830808272,41.2649225162697,-39.471942763275));
#15808=CARTESIAN_POINT('Ctrl Pts',(54.1659830808343,41.2649225162696,-39.471942763275));
#15809=CARTESIAN_POINT('Ctrl Pts',(52.9753530953475,40.5837425417908,-39.2881676106098));
#15810=CARTESIAN_POINT('Ctrl Pts',(51.9053910514754,39.971598780402,-39.1999743329569));
#15811=CARTESIAN_POINT('Origin',(54.1265877365276,31.2499999999998,-49.9999743329569));
#15812=CARTESIAN_POINT('',(54.1659830808308,41.2649225162676,-49.7280059026393));
#15813=CARTESIAN_POINT('Ctrl Pts',(54.1659830808272,41.2649225162697,-49.7280059026388));
#15814=CARTESIAN_POINT('Ctrl Pts',(55.3512184063098,40.57439600775,-49.9117812367623));
#15815=CARTESIAN_POINT('Ctrl Pts',(56.4163324496677,39.9538530103198,-49.9999745104493));
#15816=CARTESIAN_POINT('Ctrl Pts',(51.9053888981346,39.9715975484386,-49.9999745104493));
#15817=CARTESIAN_POINT('Ctrl Pts',(52.9753519197286,40.5837418691989,-49.9117812367622));
#15818=CARTESIAN_POINT('Ctrl Pts',(54.1659830808344,41.2649225162697,-49.7280059026387));
#15819=CARTESIAN_POINT('Origin',(54.1659830808308,41.2649225162676,-39.1999743329569));
#15820=CARTESIAN_POINT('',(54.1659830808308,41.2649225162676,-39.1999743329569));
#15821=CARTESIAN_POINT('',(45.4731080926585,36.2915786270911,-49.7280059026393));
#15822=CARTESIAN_POINT('Ctrl Pts',(45.4731080926549,36.2915786270891,-49.7280059026387));
#15823=CARTESIAN_POINT('Ctrl Pts',(46.6637392537608,36.9727592741599,-49.9117812367622));
#15824=CARTESIAN_POINT('Ctrl Pts',(47.7337022753548,37.5849035949203,-49.9999745104493));
#15825=CARTESIAN_POINT('',(45.4731080926585,36.2915786270911,-39.1999743329569));
#15826=CARTESIAN_POINT('Origin',(54.1265877365276,31.2499999999998,-49.9999743329569));
#15827=CARTESIAN_POINT('Ctrl Pts',(45.4628632787991,33.6871841533143,-49.9999745104493));
#15828=CARTESIAN_POINT('Ctrl Pts',(45.4677122570352,34.9198714715048,-49.9117812367622));
#15829=CARTESIAN_POINT('Ctrl Pts',(45.4731080926585,36.2915786270953,-49.7280059026388));
#15830=CARTESIAN_POINT('Origin',(45.4731080926585,36.2915786270911,-39.1999743329569));
#15831=CARTESIAN_POINT('',(45.4337127483553,26.2766561108234,-49.7280059026393));
#15832=CARTESIAN_POINT('Ctrl Pts',(45.4337127483552,26.2766561108192,-49.7280059026387));
#15833=CARTESIAN_POINT('Ctrl Pts',(45.4391085839785,27.6483632664096,-49.9117812367622));
#15834=CARTESIAN_POINT('Ctrl Pts',(45.4439575622147,28.8810505846002,-49.9999745104493));
#15835=CARTESIAN_POINT('',(45.4337127483553,26.2766561108234,-39.1999743329569));
#15836=CARTESIAN_POINT('Origin',(54.1265877365276,31.2499999999998,-49.9999743329569));
#15837=CARTESIAN_POINT('Ctrl Pts',(47.6840621171921,24.9655866048757,-49.9999745104493));
#15838=CARTESIAN_POINT('Ctrl Pts',(46.6189480738343,25.5861296023059,-49.9117812367623));
#15839=CARTESIAN_POINT('Ctrl Pts',(45.4337127483517,26.2766561108255,-49.7280059026388));
#15840=CARTESIAN_POINT('Origin',(45.4337127483553,26.2766561108234,-39.1999743329569));
#15841=CARTESIAN_POINT('',(54.0871923922243,21.235077483732,-49.7280059026393));
#15842=CARTESIAN_POINT('Ctrl Pts',(54.0871923922279,21.23507748373,-49.7280059026388));
#15843=CARTESIAN_POINT('Ctrl Pts',(52.9019570667454,21.9256039922496,-49.9117812367623));
#15844=CARTESIAN_POINT('Ctrl Pts',(51.8368430233876,22.5461469896798,-49.9999745104493));
#15845=CARTESIAN_POINT('',(54.0871923922243,21.235077483732,-39.1999743329569));
#15846=CARTESIAN_POINT('Origin',(54.1265877365276,31.2499999999998,-49.9999743329569));
#15847=CARTESIAN_POINT('Ctrl Pts',(56.3477865749205,22.5284024515611,-49.9999745104493));
#15848=CARTESIAN_POINT('Ctrl Pts',(55.2778235533265,21.9162581308008,-49.9117812367622));
#15849=CARTESIAN_POINT('Ctrl Pts',(54.0871923922207,21.23507748373,-49.7280059026388));
#15850=CARTESIAN_POINT('Origin',(54.0871923922243,21.235077483732,-39.1999743329569));
#15851=CARTESIAN_POINT('',(62.7800673803966,26.2084213729085,-49.7280059026393));
#15852=CARTESIAN_POINT('Ctrl Pts',(62.7800673804002,26.2084213729106,-49.7280059026388));
#15853=CARTESIAN_POINT('Ctrl Pts',(61.5894362192943,25.5272407258397,-49.9117812367622));
#15854=CARTESIAN_POINT('Ctrl Pts',(60.5194731977003,24.9150964050794,-49.9999745104493));
#15855=CARTESIAN_POINT('',(62.7800673803966,26.2084213729085,-39.1999743329569));
#15856=CARTESIAN_POINT('Origin',(54.1265877365276,31.2499999999998,-49.9999743329569));
#15857=CARTESIAN_POINT('Ctrl Pts',(62.790312194256,28.8128158466853,-49.9999745104493));
#15858=CARTESIAN_POINT('Ctrl Pts',(62.7854632160199,27.5801285284948,-49.9117812367623));
#15859=CARTESIAN_POINT('Ctrl Pts',(62.7800673803966,26.2084213729043,-49.7280059026388));
#15860=CARTESIAN_POINT('Origin',(62.7800673803966,26.2084213729085,-39.1999743329569));
#15861=CARTESIAN_POINT('',(62.8194627246999,36.2233438891762,-49.7280059026393));
#15862=CARTESIAN_POINT('Ctrl Pts',(62.8194627246999,36.2233438891804,-49.7280059026388));
#15863=CARTESIAN_POINT('Ctrl Pts',(62.8140668890766,34.85163673359,-49.9117812367623));
#15864=CARTESIAN_POINT('Ctrl Pts',(62.8092179108404,33.6189494153994,-49.9999745104493));
#15865=CARTESIAN_POINT('',(62.8194627246999,36.2233438891762,-39.1999743329569));
#15866=CARTESIAN_POINT('Origin',(54.1265877365276,31.2499999999998,-49.9999743329569));
#15867=CARTESIAN_POINT('Ctrl Pts',(60.5691133558631,37.5344133951239,-49.9999745104493));
#15868=CARTESIAN_POINT('Ctrl Pts',(61.6342273992209,36.9138703976937,-49.9117812367623));
#15869=CARTESIAN_POINT('Ctrl Pts',(62.8194627247035,36.2233438891741,-49.7280059026388));
#15870=CARTESIAN_POINT('Origin',(62.8194627246999,36.2233438891762,-39.1999743329569));
#15871=CARTESIAN_POINT('Origin',(-49.8765877365274,31.2500000000001,-30.));
#15872=CARTESIAN_POINT('',(-49.8765877365274,31.2500000000001,-30.));
#15873=CARTESIAN_POINT('Origin',(-54.1265877365274,31.2500000000001,-30.));
#15874=CARTESIAN_POINT('Origin',(-54.1265877365274,31.2500000000001,-97.));
#15875=CARTESIAN_POINT('',(-49.8765877365274,31.2500000000001,-32.));
#15876=CARTESIAN_POINT('Origin',(-54.1265877365274,31.2500000000001,-32.));
#15877=CARTESIAN_POINT('',(-49.8765877365274,31.2500000000001,-97.));
#15878=CARTESIAN_POINT('Origin',(-48.1265877365274,31.2500000000001,-32.));
#15879=CARTESIAN_POINT('',(-49.6420877365274,31.2500000000001,-32.));
#15880=CARTESIAN_POINT('Origin',(-54.1265877365274,31.2500000000001,-32.));
#15881=CARTESIAN_POINT('Origin',(-54.1265877365274,31.2500000000001,-32.));
#15882=CARTESIAN_POINT('',(-48.1265877365274,31.2500000000001,-32.8749743329569));
#15883=CARTESIAN_POINT('Origin',(-54.1265877365274,31.2500000000001,-32.8749743329569));
#15884=CARTESIAN_POINT('',(-49.6420877365274,31.2500000000001,-32.));
#15885=CARTESIAN_POINT('Origin',(-54.1265877365274,31.2500000000001,-97.));
#15886=CARTESIAN_POINT('',(-60.1265877365274,31.2500000000001,-39.9856886186714));
#15887=CARTESIAN_POINT('',(-48.1265877365274,31.2500000000001,-39.9856886186714));
#15888=CARTESIAN_POINT('Origin',(-54.1265877365274,31.2500000000001,-39.9856886186714));
#15889=CARTESIAN_POINT('',(-48.1265877365274,31.2500000000001,-97.));
#15890=CARTESIAN_POINT('Origin',(-54.1265877365274,31.2500000000001,-39.9856886186714));
#15891=CARTESIAN_POINT('Origin',(-54.1265877365274,31.2500000000001,-39.9856886186714));
#15892=CARTESIAN_POINT('',(-60.9123020222419,31.2500000000001,-39.1999743329569));
#15893=CARTESIAN_POINT('',(-60.1265877365274,31.2500000000001,-39.9856886186714));
#15894=CARTESIAN_POINT('Origin',(-54.1265877365274,31.2500000000001,-39.1999743329569));
#15895=CARTESIAN_POINT('Origin',(-54.1265877365274,31.2500000000001,-39.1999743329569));
#15896=CARTESIAN_POINT('',(-60.5194753510412,37.5849023629569,-39.1999743329569));
#15897=CARTESIAN_POINT('',(-62.7800673803965,36.2915786270914,-39.4719427632745));
#15898=CARTESIAN_POINT('Ctrl Pts',(-60.5194753510412,37.584902362957,-39.1999743329569));
#15899=CARTESIAN_POINT('Ctrl Pts',(-61.5894373949133,36.9727586015682,-39.2881676106098));
#15900=CARTESIAN_POINT('Ctrl Pts',(-62.7800673804002,36.2915786270893,-39.4719427632751));
#15901=CARTESIAN_POINT('',(-62.7903121844972,33.6871866341443,-39.1999743329569));
#15902=CARTESIAN_POINT('Ctrl Pts',(-62.7800673803965,36.2915786270955,-39.4719427632751));
#15903=CARTESIAN_POINT('Ctrl Pts',(-62.785463210692,34.919872825917,-39.2881676106098));
#15904=CARTESIAN_POINT('Ctrl Pts',(-62.7903121844972,33.6871866341443,-39.1999743329569));
#15905=CARTESIAN_POINT('Origin',(-54.1265877365274,31.2500000000001,-39.1999743329569));
#15906=CARTESIAN_POINT('Origin',(-54.1265877365274,31.2500000000001,-39.1999743329569));
#15907=CARTESIAN_POINT('',(-51.8368451669696,39.9538542591863,-39.1999743329569));
#15908=CARTESIAN_POINT('',(-54.0871923922242,41.2649225162679,-39.4719427632745));
#15909=CARTESIAN_POINT('Ctrl Pts',(-51.8368451669696,39.9538542591863,-39.1999743329569));
#15910=CARTESIAN_POINT('Ctrl Pts',(-52.9019582370365,40.5743966895702,-39.2881676106097));
#15911=CARTESIAN_POINT('Ctrl Pts',(-54.0871923922279,41.2649225162699,-39.471942763275));
#15912=CARTESIAN_POINT('',(-56.3477844215795,39.9715987804023,-39.1999743329569));
#15913=CARTESIAN_POINT('Ctrl Pts',(-54.0871923922206,41.2649225162699,-39.471942763275));
#15914=CARTESIAN_POINT('Ctrl Pts',(-55.2778223777074,40.5837425417911,-39.2881676106098));
#15915=CARTESIAN_POINT('Ctrl Pts',(-56.3477844215795,39.9715987804023,-39.1999743329569));
#15916=CARTESIAN_POINT('Origin',(-54.1265877365274,31.2500000000001,-39.1999743329569));
#15917=CARTESIAN_POINT('Origin',(-54.1265877365274,31.2500000000001,-39.1999743329569));
#15918=CARTESIAN_POINT('',(-45.4337127483552,36.2233438891765,-39.4719427632745));
#15919=CARTESIAN_POINT('',(-47.6840599736097,37.5344121462581,-39.1999743329569));
#15920=CARTESIAN_POINT('Ctrl Pts',(-45.4337127483517,36.2233438891745,-39.471942763275));
#15921=CARTESIAN_POINT('Ctrl Pts',(-46.6189469035429,36.913869715874,-39.2881676106097));
#15922=CARTESIAN_POINT('Ctrl Pts',(-47.6840599736097,37.534412146258,-39.1999743329569));
#15923=CARTESIAN_POINT('',(-45.4439575524558,33.6189518962295,-39.1999743329569));
#15924=CARTESIAN_POINT('Origin',(-54.1265877365274,31.2500000000001,-39.1999743329569));
#15925=CARTESIAN_POINT('Ctrl Pts',(-45.4439575524559,33.6189518962295,-39.1999743329569));
#15926=CARTESIAN_POINT('Ctrl Pts',(-45.4391085786506,34.8516380880022,-39.2881676106098));
#15927=CARTESIAN_POINT('Ctrl Pts',(-45.4337127483552,36.2233438891807,-39.471942763275));
#15928=CARTESIAN_POINT('Origin',(-54.1265877365274,31.2500000000001,-39.1999743329569));
#15929=CARTESIAN_POINT('',(-47.7337001220136,24.9150976370432,-39.1999743329569));
#15930=CARTESIAN_POINT('',(-45.4731080926584,26.2084213729088,-39.4719427632745));
#15931=CARTESIAN_POINT('Ctrl Pts',(-47.7337001220136,24.9150976370432,-39.1999743329569));
#15932=CARTESIAN_POINT('Ctrl Pts',(-46.6637380781415,25.527241398432,-39.2881676106098));
#15933=CARTESIAN_POINT('Ctrl Pts',(-45.4731080926548,26.2084213729108,-39.471942763275));
#15934=CARTESIAN_POINT('',(-45.4628632885577,28.8128133658558,-39.1999743329569));
#15935=CARTESIAN_POINT('Ctrl Pts',(-45.4731080926584,26.2084213729046,-39.471942763275));
#15936=CARTESIAN_POINT('Ctrl Pts',(-45.4677122623629,27.5801271740831,-39.2881676106098));
#15937=CARTESIAN_POINT('Ctrl Pts',(-45.4628632885577,28.8128133658557,-39.1999743329569));
#15938=CARTESIAN_POINT('Origin',(-54.1265877365274,31.2500000000001,-39.1999743329569));
#15939=CARTESIAN_POINT('Origin',(-36.7802331044861,31.1817652620852,-39.1999743329569));
#15940=CARTESIAN_POINT('',(-62.809217920599,28.8810481037706,-39.1999743329569));
#15941=CARTESIAN_POINT('',(-62.7800673803965,36.2915786270914,-39.1999743329569));
#15942=CARTESIAN_POINT('',(-60.5691154994451,24.9655878537421,-39.1999743329569));
#15943=CARTESIAN_POINT('Origin',(-54.1265877365274,31.2500000000001,-39.1999743329569));
#15944=CARTESIAN_POINT('',(-56.4163303060852,22.5461457408138,-39.1999743329569));
#15945=CARTESIAN_POINT('',(-62.8194627246997,26.2766561108236,-39.1999743329569));
#15946=CARTESIAN_POINT('',(-51.9053910514754,22.5284012195978,-39.1999743329569));
#15947=CARTESIAN_POINT('Origin',(-54.1265877365274,31.2500000000001,-39.1999743329569));
#15948=CARTESIAN_POINT('',(-54.1659830808306,21.2350774837323,-39.1999743329569));
#15949=CARTESIAN_POINT('',(-45.4731080926584,26.2084213729088,-39.1999743329569));
#15950=CARTESIAN_POINT('',(-45.4337127483552,36.2233438891765,-39.1999743329569));
#15951=CARTESIAN_POINT('',(-54.0871923922242,41.2649225162679,-39.1999743329569));
#15952=CARTESIAN_POINT('Origin',(-54.1265877365274,31.2500000000001,-39.1999743329569));
#15953=CARTESIAN_POINT('',(-54.1659830808306,21.2350774837323,-39.4719427632745));
#15954=CARTESIAN_POINT('Ctrl Pts',(-56.4163303060852,22.5461457408138,-39.1999743329569));
#15955=CARTESIAN_POINT('Ctrl Pts',(-55.3512172360183,21.9256033104298,-39.2881676106098));
#15956=CARTESIAN_POINT('Ctrl Pts',(-54.165983080827,21.2350774837302,-39.4719427632751));
#15957=CARTESIAN_POINT('Ctrl Pts',(-54.1659830808342,21.2350774837303,-39.471942763275));
#15958=CARTESIAN_POINT('Ctrl Pts',(-52.9753530953475,21.9162574582091,-39.2881676106098));
#15959=CARTESIAN_POINT('Ctrl Pts',(-51.9053910514754,22.5284012195978,-39.1999743329569));
#15960=CARTESIAN_POINT('Origin',(-54.1265877365274,31.2500000000001,-39.1999743329569));
#15961=CARTESIAN_POINT('',(-62.8194627246997,26.2766561108236,-39.4719427632745));
#15962=CARTESIAN_POINT('Ctrl Pts',(-62.8092179205991,28.8810481037706,-39.1999743329569));
#15963=CARTESIAN_POINT('Ctrl Pts',(-62.8140668944043,27.6483619119979,-39.2881676106098));
#15964=CARTESIAN_POINT('Ctrl Pts',(-62.8194627246998,26.2766561108194,-39.4719427632751));
#15965=CARTESIAN_POINT('Ctrl Pts',(-62.8194627247034,26.2766561108258,-39.471942763275));
#15966=CARTESIAN_POINT('Ctrl Pts',(-61.634228569512,25.5861302841261,-39.2881676106098));
#15967=CARTESIAN_POINT('Ctrl Pts',(-60.5691154994451,24.9655878537421,-39.1999743329569));
#15968=CARTESIAN_POINT('Origin',(-54.1265877365274,31.2500000000001,-49.9999743329569));
#15969=CARTESIAN_POINT('',(-62.8194627246997,26.2766561108236,-49.7280059026393));
#15970=CARTESIAN_POINT('Ctrl Pts',(-62.8194627246998,26.2766561108195,-49.7280059026387));
#15971=CARTESIAN_POINT('Ctrl Pts',(-62.8140668890765,27.6483632664099,-49.9117812367622));
#15972=CARTESIAN_POINT('Ctrl Pts',(-62.8092179108403,28.8810505846004,-49.9999745104493));
#15973=CARTESIAN_POINT('Ctrl Pts',(-60.5691133558629,24.9655866048759,-49.9999745104493));
#15974=CARTESIAN_POINT('Ctrl Pts',(-61.6342273992207,25.5861296023061,-49.9117812367622));
#15975=CARTESIAN_POINT('Ctrl Pts',(-62.8194627247033,26.2766561108257,-49.7280059026388));
#15976=CARTESIAN_POINT('Origin',(-62.8194627246997,26.2766561108236,-39.1999743329569));
#15977=CARTESIAN_POINT('',(-62.8194627246997,26.2766561108236,-39.1999743329569));
#15978=CARTESIAN_POINT('',(-54.1659830808306,21.2350774837323,-49.7280059026393));
#15979=CARTESIAN_POINT('Ctrl Pts',(-54.1659830808271,21.2350774837302,-49.7280059026387));
#15980=CARTESIAN_POINT('Ctrl Pts',(-55.3512184063097,21.9256039922498,-49.9117812367622));
#15981=CARTESIAN_POINT('Ctrl Pts',(-56.4163324496675,22.54614698968,-49.9999745104493));
#15982=CARTESIAN_POINT('',(-54.1659830808306,21.2350774837323,-39.1999743329569));
#15983=CARTESIAN_POINT('Origin',(-54.1265877365274,31.2500000000001,-49.9999743329569));
#15984=CARTESIAN_POINT('Ctrl Pts',(-51.9053888981344,22.5284024515614,-49.9999745104493));
#15985=CARTESIAN_POINT('Ctrl Pts',(-52.9753519197284,21.9162581308011,-49.9117812367622));
#15986=CARTESIAN_POINT('Ctrl Pts',(-54.1659830808342,21.2350774837302,-49.7280059026387));
#15987=CARTESIAN_POINT('Origin',(-54.1659830808306,21.2350774837323,-39.1999743329569));
#15988=CARTESIAN_POINT('',(-45.4731080926584,26.2084213729088,-49.7280059026393));
#15989=CARTESIAN_POINT('Ctrl Pts',(-45.4731080926548,26.2084213729108,-49.7280059026387));
#15990=CARTESIAN_POINT('Ctrl Pts',(-46.6637392537606,25.52724072584,-49.9117812367622));
#15991=CARTESIAN_POINT('Ctrl Pts',(-47.7337022753546,24.9150964050797,-49.9999745104493));
#15992=CARTESIAN_POINT('',(-45.4731080926584,26.2084213729088,-39.1999743329569));
#15993=CARTESIAN_POINT('Origin',(-54.1265877365274,31.2500000000001,-49.9999743329569));
#15994=CARTESIAN_POINT('Ctrl Pts',(-45.462863278799,28.8128158466856,-49.9999745104493));
#15995=CARTESIAN_POINT('Ctrl Pts',(-45.4677122570351,27.580128528495,-49.9117812367623));
#15996=CARTESIAN_POINT('Ctrl Pts',(-45.4731080926584,26.2084213729046,-49.7280059026388));
#15997=CARTESIAN_POINT('Origin',(-45.4731080926584,26.2084213729088,-39.1999743329569));
#15998=CARTESIAN_POINT('',(-45.4337127483552,36.2233438891765,-49.7280059026393));
#15999=CARTESIAN_POINT('Ctrl Pts',(-45.4337127483552,36.2233438891807,-49.7280059026388));
#16000=CARTESIAN_POINT('Ctrl Pts',(-45.4391085839785,34.8516367335903,-49.9117812367623));
#16001=CARTESIAN_POINT('Ctrl Pts',(-45.4439575622146,33.6189494153998,-49.9999745104493));
#16002=CARTESIAN_POINT('',(-45.4337127483552,36.2233438891765,-39.1999743329569));
#16003=CARTESIAN_POINT('Origin',(-54.1265877365274,31.2500000000001,-49.9999743329569));
#16004=CARTESIAN_POINT('Ctrl Pts',(-47.684062117192,37.5344133951242,-49.9999745104493));
#16005=CARTESIAN_POINT('Ctrl Pts',(-46.6189480738342,36.913870397694,-49.9117812367623));
#16006=CARTESIAN_POINT('Ctrl Pts',(-45.4337127483516,36.2233438891744,-49.7280059026388));
#16007=CARTESIAN_POINT('Origin',(-45.4337127483552,36.2233438891765,-39.1999743329569));
#16008=CARTESIAN_POINT('',(-54.0871923922242,41.2649225162679,-49.7280059026393));
#16009=CARTESIAN_POINT('Ctrl Pts',(-54.0871923922278,41.2649225162699,-49.7280059026388));
#16010=CARTESIAN_POINT('Ctrl Pts',(-52.9019570667453,40.5743960077502,-49.9117812367623));
#16011=CARTESIAN_POINT('Ctrl Pts',(-51.8368430233874,39.9538530103201,-49.9999745104493));
#16012=CARTESIAN_POINT('',(-54.0871923922242,41.2649225162679,-39.1999743329569));
#16013=CARTESIAN_POINT('Origin',(-54.1265877365274,31.2500000000001,-49.9999743329569));
#16014=CARTESIAN_POINT('Ctrl Pts',(-56.3477865749206,39.9715975484387,-49.9999745104493));
#16015=CARTESIAN_POINT('Ctrl Pts',(-55.2778235533265,40.5837418691991,-49.9117812367623));
#16016=CARTESIAN_POINT('Ctrl Pts',(-54.0871923922206,41.26492251627,-49.7280059026388));
#16017=CARTESIAN_POINT('Origin',(-54.0871923922242,41.2649225162679,-39.1999743329569));
#16018=CARTESIAN_POINT('',(-62.7800673803965,36.2915786270914,-49.7280059026393));
#16019=CARTESIAN_POINT('Ctrl Pts',(-62.7800673804001,36.2915786270893,-49.7280059026388));
#16020=CARTESIAN_POINT('Ctrl Pts',(-61.5894362192943,36.9727592741602,-49.9117812367622));
#16021=CARTESIAN_POINT('Ctrl Pts',(-60.5194731977003,37.5849035949205,-49.9999745104493));
#16022=CARTESIAN_POINT('',(-62.7800673803965,36.2915786270914,-39.1999743329569));
#16023=CARTESIAN_POINT('Origin',(-54.1265877365274,31.2500000000001,-49.9999743329569));
#16024=CARTESIAN_POINT('Ctrl Pts',(-62.790312194256,33.6871841533145,-49.9999745104493));
#16025=CARTESIAN_POINT('Ctrl Pts',(-62.7854632160198,34.9198714715051,-49.9117812367622));
#16026=CARTESIAN_POINT('Ctrl Pts',(-62.7800673803965,36.2915786270956,-49.7280059026387));
#16027=CARTESIAN_POINT('Origin',(-62.7800673803965,36.2915786270914,-39.1999743329569));
#16028=CARTESIAN_POINT('Origin',(-8.65347964386921,-57.4584213729087,-39.1999743329569));
#16029=CARTESIAN_POINT('',(-8.65347964386921,-57.4584213729087,-39.4719427632745));
#16030=CARTESIAN_POINT('',(-8.66372444796989,-60.0628133658558,-39.1999743329569));
#16031=CARTESIAN_POINT('Ctrl Pts',(-8.65347964386918,-57.4584213729046,
-39.4719427632751));
#16032=CARTESIAN_POINT('Ctrl Pts',(-8.65887547416466,-58.8301271740831,
-39.2881676106098));
#16033=CARTESIAN_POINT('Ctrl Pts',(-8.66372444796989,-60.0628133658558,
-39.1999743329569));
#16034=CARTESIAN_POINT('',(-8.65347964386921,-57.4584213729087,-49.7280059026393));
#16035=CARTESIAN_POINT('',(-8.65347964386921,-57.4584213729087,-39.1999743329569));
#16036=CARTESIAN_POINT('Ctrl Pts',(-8.66372445772864,-60.0628158466856,
-49.9999745104493));
#16037=CARTESIAN_POINT('Ctrl Pts',(-8.65887547949247,-58.8301285284951,
-49.9117812367622));
#16038=CARTESIAN_POINT('Ctrl Pts',(-8.65347964386918,-57.4584213729046,
-49.7280059026387));
#16039=CARTESIAN_POINT('',(-8.69287498817244,-67.4733438891765,-49.7280059026393));
#16040=CARTESIAN_POINT('Ctrl Pts',(-8.69287498817244,-67.4733438891807,
-49.7280059026388));
#16041=CARTESIAN_POINT('Ctrl Pts',(-8.68747915254916,-66.1016367335902,
-49.9117812367623));
#16042=CARTESIAN_POINT('Ctrl Pts',(-8.68263017431299,-64.8689494153997,
-49.9999745104493));
#16043=CARTESIAN_POINT('',(-8.69287498817244,-67.4733438891765,-39.4719427632745));
#16044=CARTESIAN_POINT('',(-8.69287498817244,-67.4733438891765,-39.1999743329569));
#16045=CARTESIAN_POINT('',(-8.68263018407175,-64.8689518962295,-39.1999743329569));
#16046=CARTESIAN_POINT('Ctrl Pts',(-8.68263018407174,-64.8689518962295,
-39.1999743329569));
#16047=CARTESIAN_POINT('Ctrl Pts',(-8.68747915787696,-66.1016380880022,
-39.2881676106098));
#16048=CARTESIAN_POINT('Ctrl Pts',(-8.69287498817244,-67.4733438891806,
-39.471942763275));
#16049=CARTESIAN_POINT('',(-8.65347964386921,-57.4584213729087,-39.1999743329569));
#16050=CARTESIAN_POINT('Origin',(-8.69287498817244,-67.4733438891765,-39.1999743329569));
#16051=CARTESIAN_POINT('',(-6.44252776291784,-68.784412146258,-39.1999743329569));
#16052=CARTESIAN_POINT('Ctrl Pts',(-8.69287498817604,-67.4733438891744,
-39.471942763275));
#16053=CARTESIAN_POINT('Ctrl Pts',(-7.50764083298472,-68.1638697158741,
-39.2881676106098));
#16054=CARTESIAN_POINT('Ctrl Pts',(-6.44252776291784,-68.784412146258,-39.1999743329569));
#16055=CARTESIAN_POINT('Ctrl Pts',(-6.4425256193356,-68.7844133951243,-49.9999745104493));
#16056=CARTESIAN_POINT('Ctrl Pts',(-7.50763966269345,-68.1638703976941,
-49.9117812367622));
#16057=CARTESIAN_POINT('Ctrl Pts',(-8.69287498817606,-67.4733438891744,
-49.7280059026388));
#16058=CARTESIAN_POINT('',(-0.039395344303389,-72.5149225162678,-49.7280059026393));
#16059=CARTESIAN_POINT('Ctrl Pts',(-0.0393953442997981,-72.5149225162699,
-49.7280059026388));
#16060=CARTESIAN_POINT('Ctrl Pts',(-1.22463066978237,-71.8243960077503,
-49.9117812367623));
#16061=CARTESIAN_POINT('Ctrl Pts',(-2.28974471314018,-71.2038530103201,
-49.9999745104493));
#16062=CARTESIAN_POINT('',(-0.039395344303389,-72.5149225162678,-39.4719427632745));
#16063=CARTESIAN_POINT('',(-0.039395344303389,-72.5149225162678,-39.1999743329569));
#16064=CARTESIAN_POINT('',(-2.28974256955798,-71.2038542591863,-39.1999743329569));
#16065=CARTESIAN_POINT('Ctrl Pts',(-2.28974256955799,-71.2038542591863,
-39.1999743329569));
#16066=CARTESIAN_POINT('Ctrl Pts',(-1.22462949949112,-71.8243966895703,
-39.2881676106098));
#16067=CARTESIAN_POINT('Ctrl Pts',(-0.0393953442997969,-72.5149225162699,
-39.471942763275));
#16068=CARTESIAN_POINT('',(-8.69287498817244,-67.4733438891765,-39.1999743329569));
#16069=CARTESIAN_POINT('Origin',(-0.039395344303389,-72.5149225162678,-39.1999743329569));
#16070=CARTESIAN_POINT('',(2.22119668505189,-71.2215987804023,-39.1999743329569));
#16071=CARTESIAN_POINT('Ctrl Pts',(-0.0393953443069944,-72.5149225162699,
-39.471942763275));
#16072=CARTESIAN_POINT('Ctrl Pts',(1.1512346411798,-71.833742541791,-39.2881676106097));
#16073=CARTESIAN_POINT('Ctrl Pts',(2.22119668505189,-71.2215987804022,-39.1999743329569));
#16074=CARTESIAN_POINT('Ctrl Pts',(2.22119883839296,-71.2215975484387,-49.9999745104493));
#16075=CARTESIAN_POINT('Ctrl Pts',(1.1512358167989,-71.833741869199,-49.9117812367623));
#16076=CARTESIAN_POINT('Ctrl Pts',(-0.0393953443070473,-72.5149225162699,
-49.7280059026388));
#16077=CARTESIAN_POINT('',(8.6534796438689,-67.5415786270914,-49.7280059026393));
#16078=CARTESIAN_POINT('Ctrl Pts',(8.65347964387248,-67.5415786270893,-49.7280059026388));
#16079=CARTESIAN_POINT('Ctrl Pts',(7.46284848276663,-68.2227592741601,-49.9117812367623));
#16080=CARTESIAN_POINT('Ctrl Pts',(6.39288546117265,-68.8349035949204,-49.9999745104493));
#16081=CARTESIAN_POINT('',(8.6534796438689,-67.5415786270914,-39.4719427632745));
#16082=CARTESIAN_POINT('',(8.6534796438689,-67.5415786270914,-39.1999743329569));
#16083=CARTESIAN_POINT('',(6.39288761451363,-68.8349023629569,-39.1999743329569));
#16084=CARTESIAN_POINT('Ctrl Pts',(6.39288761451356,-68.8349023629569,-39.1999743329569));
#16085=CARTESIAN_POINT('Ctrl Pts',(7.4628496583857,-68.2227586015681,-39.2881676106097));
#16086=CARTESIAN_POINT('Ctrl Pts',(8.65347964387256,-67.5415786270892,-39.471942763275));
#16087=CARTESIAN_POINT('',(-0.039395344303389,-72.5149225162678,-39.1999743329569));
#16088=CARTESIAN_POINT('Origin',(8.6534796438689,-67.5415786270914,-39.1999743329569));
#16089=CARTESIAN_POINT('',(8.66372444796959,-64.9371866341443,-39.1999743329569));
#16090=CARTESIAN_POINT('Ctrl Pts',(8.65347964386889,-67.5415786270956,-39.471942763275));
#16091=CARTESIAN_POINT('Ctrl Pts',(8.65887547416437,-66.1698728259171,-39.2881676106098));
#16092=CARTESIAN_POINT('Ctrl Pts',(8.66372444796959,-64.9371866341444,-39.1999743329569));
#16093=CARTESIAN_POINT('Ctrl Pts',(8.66372445772834,-64.9371841533146,-49.9999745104493));
#16094=CARTESIAN_POINT('Ctrl Pts',(8.65887547949217,-66.1698714715052,-49.9117812367623));
#16095=CARTESIAN_POINT('Ctrl Pts',(8.65347964386889,-67.5415786270957,-49.7280059026388));
#16096=CARTESIAN_POINT('',(8.69287498817213,-57.5266561108236,-49.7280059026393));
#16097=CARTESIAN_POINT('Ctrl Pts',(8.69287498817215,-57.5266561108194,-49.7280059026388));
#16098=CARTESIAN_POINT('Ctrl Pts',(8.68747915254886,-58.8983632664099,-49.9117812367623));
#16099=CARTESIAN_POINT('Ctrl Pts',(8.68263017431269,-60.1310505846005,-49.9999745104493));
#16100=CARTESIAN_POINT('',(8.69287498817213,-57.5266561108236,-39.4719427632745));
#16101=CARTESIAN_POINT('',(8.69287498817213,-57.5266561108236,-39.1999743329569));
#16102=CARTESIAN_POINT('',(8.68263018407144,-60.1310481037707,-39.1999743329569));
#16103=CARTESIAN_POINT('Ctrl Pts',(8.68263018407145,-60.1310481037708,-39.1999743329569));
#16104=CARTESIAN_POINT('Ctrl Pts',(8.68747915787667,-58.898361911998,-39.2881676106098));
#16105=CARTESIAN_POINT('Ctrl Pts',(8.69287498817215,-57.5266561108195,-39.471942763275));
#16106=CARTESIAN_POINT('',(8.6534796438689,-67.5415786270914,-39.1999743329569));
#16107=CARTESIAN_POINT('Origin',(8.69287498817213,-57.5266561108236,-39.1999743329569));
#16108=CARTESIAN_POINT('',(6.44252776291753,-56.2155878537421,-39.1999743329569));
#16109=CARTESIAN_POINT('Ctrl Pts',(8.69287498817572,-57.5266561108257,-39.471942763275));
#16110=CARTESIAN_POINT('Ctrl Pts',(7.5076408329844,-56.8361302841261,-39.2881676106098));
#16111=CARTESIAN_POINT('Ctrl Pts',(6.44252776291752,-56.2155878537421,-39.1999743329569));
#16112=CARTESIAN_POINT('Ctrl Pts',(6.44252561933526,-56.2155866048759,-49.9999745104493));
#16113=CARTESIAN_POINT('Ctrl Pts',(7.50763966269316,-56.8361296023061,-49.9117812367622));
#16114=CARTESIAN_POINT('Ctrl Pts',(8.69287498817583,-57.5266561108258,-49.7280059026387));
#16115=CARTESIAN_POINT('',(0.0393953443030802,-52.4850774837323,-49.7280059026393));
#16116=CARTESIAN_POINT('Ctrl Pts',(0.03939534429945,-52.4850774837302,-49.7280059026388));
#16117=CARTESIAN_POINT('Ctrl Pts',(1.22463066978205,-53.1756039922498,-49.9117812367622));
#16118=CARTESIAN_POINT('Ctrl Pts',(2.28974471313988,-53.79614698968,-49.9999745104493));
#16119=CARTESIAN_POINT('',(0.0393953443030802,-52.4850774837323,-39.4719427632745));
#16120=CARTESIAN_POINT('',(0.0393953443030802,-52.4850774837323,-39.1999743329569));
#16121=CARTESIAN_POINT('',(2.28974256955767,-53.7961457408138,-39.1999743329569));
#16122=CARTESIAN_POINT('Ctrl Pts',(2.2897425695577,-53.7961457408138,-39.1999743329569));
#16123=CARTESIAN_POINT('Ctrl Pts',(1.22462949949081,-53.1756033104298,-39.2881676106098));
#16124=CARTESIAN_POINT('Ctrl Pts',(0.0393953442994645,-52.4850774837302,
-39.4719427632751));
#16125=CARTESIAN_POINT('',(8.69287498817213,-57.5266561108236,-39.1999743329569));
#16126=CARTESIAN_POINT('Origin',(0.0393953443030802,-52.4850774837323,-39.1999743329569));
#16127=CARTESIAN_POINT('',(-2.2211966850522,-53.7784012195978,-39.1999743329569));
#16128=CARTESIAN_POINT('Ctrl Pts',(0.0393953443067117,-52.4850774837303,
-39.4719427632751));
#16129=CARTESIAN_POINT('Ctrl Pts',(-1.15123464118009,-53.1662574582091,
-39.2881676106098));
#16130=CARTESIAN_POINT('Ctrl Pts',(-2.22119668505218,-53.7784012195979,
-39.1999743329569));
#16131=CARTESIAN_POINT('Ctrl Pts',(-2.22119883839317,-53.7784024515614,
-49.9999745104493));
#16132=CARTESIAN_POINT('Ctrl Pts',(-1.15123581679918,-53.1662581308011,
-49.9117812367622));
#16133=CARTESIAN_POINT('Ctrl Pts',(0.0393953443066858,-52.4850774837303,
-49.7280059026387));
#16134=CARTESIAN_POINT('Ctrl Pts',(-8.65347964387279,-57.4584213729108,
-49.7280059026388));
#16135=CARTESIAN_POINT('Ctrl Pts',(-7.46284848276693,-56.77724072584,-49.9117812367623));
#16136=CARTESIAN_POINT('Ctrl Pts',(-6.39288546117294,-56.1650964050797,
-49.9999745104493));
#16137=CARTESIAN_POINT('',(-6.39288761451393,-56.1650976370432,-39.1999743329569));
#16138=CARTESIAN_POINT('Ctrl Pts',(-6.39288761451392,-56.1650976370432,
-39.1999743329569));
#16139=CARTESIAN_POINT('Ctrl Pts',(-7.46284965838601,-56.777241398432,-39.2881676106098));
#16140=CARTESIAN_POINT('Ctrl Pts',(-8.65347964387281,-57.4584213729108,
-39.471942763275));
#16141=CARTESIAN_POINT('',(0.0393953443030802,-52.4850774837323,-39.1999743329569));
#16142=CARTESIAN_POINT('Origin',(-8.61408429956599,-47.4434988566409,-39.1999743329569));
#16143=CARTESIAN_POINT('Origin',(-1.52655665885959E-13,-62.5000000000001,
-39.1999743329569));
#16144=CARTESIAN_POINT('Origin',(-1.52655665885959E-13,-62.5000000000001,
-39.1999743329569));
#16145=CARTESIAN_POINT('Origin',(-1.52655665885959E-13,-62.5000000000001,
-39.1999743329569));
#16146=CARTESIAN_POINT('Origin',(-1.52655665885959E-13,-62.5000000000001,
-39.1999743329569));
#16147=CARTESIAN_POINT('Origin',(-1.52655665885959E-13,-62.5000000000001,
-39.1999743329569));
#16148=CARTESIAN_POINT('Origin',(-1.52655665885959E-13,-62.5000000000001,
-39.1999743329569));
#16149=CARTESIAN_POINT('',(3.39285714285709,-68.3766009542518,-39.1999743329569));
#16150=CARTESIAN_POINT('Origin',(-1.52655665885959E-13,-62.5000000000001,
-39.1999743329569));
#16151=CARTESIAN_POINT('Origin',(-1.52655665885959E-13,-62.5000000000001,
-49.9999743329569));
#16152=CARTESIAN_POINT('Origin',(-1.52655665885959E-13,-62.5000000000001,
-49.9999743329569));
#16153=CARTESIAN_POINT('Origin',(-1.52655665885959E-13,-62.5000000000001,
-49.9999743329569));
#16154=CARTESIAN_POINT('Origin',(-1.52655665885959E-13,-62.5000000000001,
-49.9999743329569));
#16155=CARTESIAN_POINT('Origin',(-1.52655665885959E-13,-62.5000000000001,
-49.9999743329569));
#16156=CARTESIAN_POINT('Origin',(-1.52655665885959E-13,-62.5000000000001,
-49.9999743329569));
#16157=CARTESIAN_POINT('Origin',(-1.52655665885959E-13,-62.5000000000001,
-39.1999743329569));
#16158=CARTESIAN_POINT('Origin',(-1.52655665885959E-13,-62.5000000000001,
-39.1999743329569));
#16159=CARTESIAN_POINT('Origin',(-1.52655665885959E-13,-62.5000000000001,
-39.1999743329569));
#16160=CARTESIAN_POINT('Origin',(-1.52655665885959E-13,-62.5000000000001,
-39.1999743329569));
#16161=CARTESIAN_POINT('Origin',(-1.52655665885959E-13,-62.5000000000001,
-39.1999743329569));
#16162=CARTESIAN_POINT('Origin',(-1.52655665885959E-13,-62.5000000000001,
-39.1999743329569));
#16163=CARTESIAN_POINT('Origin',(-1.52655665885959E-13,-62.5000000000001,
-39.9856886186714));
#16164=CARTESIAN_POINT('',(2.99999999999984,-67.6961524227067,-39.9856886186714));
#16165=CARTESIAN_POINT('',(-3.00000000000014,-57.3038475772935,-39.9856886186714));
#16166=CARTESIAN_POINT('Origin',(-1.52655665885959E-13,-62.5000000000001,
-39.9856886186714));
#16167=CARTESIAN_POINT('',(2.99999999999984,-67.6961524227067,-39.9856886186714));
#16168=CARTESIAN_POINT('Origin',(-1.52655665885959E-13,-62.5000000000001,
-39.9856886186714));
#16169=CARTESIAN_POINT('Origin',(-2.12500000000015,-58.8193920339162,-30.));
#16170=CARTESIAN_POINT('',(-2.12500000000015,-58.8193920339162,-30.));
#16171=CARTESIAN_POINT('Origin',(-1.52655665885959E-13,-62.5000000000001,
-30.));
#16172=CARTESIAN_POINT('Origin',(-1.52655665885959E-13,-62.5000000000001,
-97.));
#16173=CARTESIAN_POINT('',(-2.12500000000015,-58.8193920339162,-32.));
#16174=CARTESIAN_POINT('Origin',(-1.52655665885959E-13,-62.5000000000001,
-32.));
#16175=CARTESIAN_POINT('',(-2.12500000000015,-58.8193920339162,-97.));
#16176=CARTESIAN_POINT('Origin',(-3.00000000000014,-57.3038475772934,-32.));
#16177=CARTESIAN_POINT('',(-2.24225000000014,-58.6163090767288,-32.));
#16178=CARTESIAN_POINT('Origin',(-1.52655665885959E-13,-62.5000000000001,
-32.));
#16179=CARTESIAN_POINT('Origin',(-1.52655665885959E-13,-62.5000000000001,
-32.));
#16180=CARTESIAN_POINT('',(-3.00000000000015,-57.3038475772935,-32.8749743329569));
#16181=CARTESIAN_POINT('Origin',(-1.52655665885959E-13,-62.5000000000001,
-32.8749743329569));
#16182=CARTESIAN_POINT('',(-2.24225000000015,-58.6163090767288,-32.));
#16183=CARTESIAN_POINT('Origin',(-1.52655665885959E-13,-62.5000000000001,
-97.));
#16184=CARTESIAN_POINT('',(-3.00000000000014,-57.3038475772935,-97.));
#16185=CARTESIAN_POINT('Origin',(43.7342828911143,31.2499999999998,-90.));
#16186=CARTESIAN_POINT('',(43.7342828911143,31.2499999999998,-90.));
#16187=CARTESIAN_POINT('',(43.7342828911143,31.2499999999998,-95.8333333333333));
#16188=CARTESIAN_POINT('',(43.7342828911143,31.2499999999998,-90.));
#16189=CARTESIAN_POINT('',(48.9304353138209,22.2499999999998,-95.8333333333333));
#16190=CARTESIAN_POINT('Ctrl Pts',(43.7342828911125,31.2500000000029,-95.8333333333323));
#16191=CARTESIAN_POINT('Ctrl Pts',(46.3323591024676,26.7499999999998,-97.3333333333341));
#16192=CARTESIAN_POINT('Ctrl Pts',(48.9304353138227,22.2499999999967,-95.8333333333323));
#16193=CARTESIAN_POINT('',(48.9304353138209,22.2499999999998,-90.));
#16194=CARTESIAN_POINT('',(48.9304353138209,22.2499999999998,-90.));
#16195=CARTESIAN_POINT('',(43.7342828911143,31.2499999999998,-90.));
#16196=CARTESIAN_POINT('Origin',(48.9304353138209,22.2499999999998,-90.));
#16197=CARTESIAN_POINT('',(59.3227401592342,22.2499999999998,-95.8333333333333));
#16198=CARTESIAN_POINT('Ctrl Pts',(48.9304353138173,22.2499999999998,-95.8333333333323));
#16199=CARTESIAN_POINT('Ctrl Pts',(54.1265877365276,22.2499999999998,-97.3333333333341));
#16200=CARTESIAN_POINT('Ctrl Pts',(59.3227401592377,22.2499999999998,-95.8333333333323));
#16201=CARTESIAN_POINT('',(59.3227401592342,22.2499999999998,-90.));
#16202=CARTESIAN_POINT('',(59.3227401592342,22.2499999999998,-90.));
#16203=CARTESIAN_POINT('',(48.9304353138209,22.2499999999998,-90.));
#16204=CARTESIAN_POINT('Origin',(59.3227401592342,22.2499999999998,-90.));
#16205=CARTESIAN_POINT('',(64.5188925819408,31.2499999999998,-95.8333333333333));
#16206=CARTESIAN_POINT('Ctrl Pts',(59.3227401592324,22.2499999999968,-95.8333333333323));
#16207=CARTESIAN_POINT('Ctrl Pts',(61.9208163705875,26.7499999999998,-97.3333333333341));
#16208=CARTESIAN_POINT('Ctrl Pts',(64.5188925819426,31.2500000000029,-95.8333333333323));
#16209=CARTESIAN_POINT('',(64.5188925819408,31.2499999999998,-90.));
#16210=CARTESIAN_POINT('',(64.5188925819408,31.2499999999998,-90.));
#16211=CARTESIAN_POINT('',(59.3227401592342,22.2499999999998,-90.));
#16212=CARTESIAN_POINT('Origin',(64.5188925819408,31.2499999999998,-90.));
#16213=CARTESIAN_POINT('',(59.3227401592342,40.2499999999998,-95.8333333333333));
#16214=CARTESIAN_POINT('Ctrl Pts',(64.5188925819426,31.2499999999967,-95.8333333333323));
#16215=CARTESIAN_POINT('Ctrl Pts',(61.9208163705875,35.7499999999998,-97.3333333333341));
#16216=CARTESIAN_POINT('Ctrl Pts',(59.3227401592324,40.2500000000029,-95.8333333333323));
#16217=CARTESIAN_POINT('',(59.3227401592342,40.2499999999998,-90.));
#16218=CARTESIAN_POINT('',(59.3227401592342,40.2499999999998,-90.));
#16219=CARTESIAN_POINT('',(64.5188925819408,31.2499999999998,-90.));
#16220=CARTESIAN_POINT('Origin',(59.3227401592342,40.2499999999998,-90.));
#16221=CARTESIAN_POINT('',(48.930435313821,40.2499999999998,-95.8333333333333));
#16222=CARTESIAN_POINT('Ctrl Pts',(59.3227401592378,40.2499999999998,-95.8333333333323));
#16223=CARTESIAN_POINT('Ctrl Pts',(54.1265877365276,40.2499999999998,-97.3333333333341));
#16224=CARTESIAN_POINT('Ctrl Pts',(48.9304353138175,40.2499999999998,-95.8333333333323));
#16225=CARTESIAN_POINT('',(48.930435313821,40.2499999999998,-90.));
#16226=CARTESIAN_POINT('',(48.930435313821,40.2499999999998,-90.));
#16227=CARTESIAN_POINT('',(59.3227401592342,40.2499999999998,-90.));
#16228=CARTESIAN_POINT('Origin',(48.930435313821,40.2499999999998,-90.));
#16229=CARTESIAN_POINT('Ctrl Pts',(48.9304353138228,40.2500000000029,-95.8333333333323));
#16230=CARTESIAN_POINT('Ctrl Pts',(46.3323591024677,35.7499999999998,-97.3333333333341));
#16231=CARTESIAN_POINT('Ctrl Pts',(43.7342828911125,31.2499999999967,-95.8333333333323));
#16232=CARTESIAN_POINT('',(48.930435313821,40.2499999999998,-90.));
#16233=CARTESIAN_POINT('Origin',(54.1265877365276,31.2499999999998,-95.8333333333333));
#16234=CARTESIAN_POINT('',(58.3123771881524,38.4999999999998,-97.));
#16235=CARTESIAN_POINT('',(59.3227401592343,40.2499999999998,-95.8333333333333));
#16236=CARTESIAN_POINT('Origin',(54.1265877365276,31.2499999999998,-97.));
#16237=CARTESIAN_POINT('Origin',(38.5381304684077,40.2499999999999,-97.));
#16238=CARTESIAN_POINT('Origin',(-48.9304353138208,22.2500000000001,-90.));
#16239=CARTESIAN_POINT('',(-48.9304353138208,22.2500000000001,-90.));
#16240=CARTESIAN_POINT('',(-48.9304353138208,22.2500000000001,-95.8333333333333));
#16241=CARTESIAN_POINT('',(-48.9304353138208,22.2500000000001,-90.));
#16242=CARTESIAN_POINT('',(-43.7342828911142,31.2500000000001,-95.8333333333333));
#16243=CARTESIAN_POINT('Ctrl Pts',(-48.9304353138226,22.2499999999971,-95.8333333333323));
#16244=CARTESIAN_POINT('Ctrl Pts',(-46.3323591024675,26.7500000000001,-97.3333333333341));
#16245=CARTESIAN_POINT('Ctrl Pts',(-43.7342828911124,31.2500000000032,-95.8333333333323));
#16246=CARTESIAN_POINT('',(-43.7342828911142,31.2500000000001,-90.));
#16247=CARTESIAN_POINT('',(-43.7342828911142,31.2500000000001,-90.));
#16248=CARTESIAN_POINT('',(-48.9304353138208,22.2500000000001,-90.));
#16249=CARTESIAN_POINT('Origin',(-43.7342828911142,31.2500000000001,-90.));
#16250=CARTESIAN_POINT('',(-48.9304353138208,40.2500000000001,-95.8333333333333));
#16251=CARTESIAN_POINT('Ctrl Pts',(-43.7342828911124,31.249999999997,-95.8333333333323));
#16252=CARTESIAN_POINT('Ctrl Pts',(-46.3323591024675,35.7500000000001,-97.3333333333341));
#16253=CARTESIAN_POINT('Ctrl Pts',(-48.9304353138226,40.2500000000032,-95.8333333333323));
#16254=CARTESIAN_POINT('',(-48.9304353138208,40.2500000000001,-90.));
#16255=CARTESIAN_POINT('',(-48.9304353138208,40.2500000000001,-90.));
#16256=CARTESIAN_POINT('',(-43.7342828911142,31.2500000000001,-90.));
#16257=CARTESIAN_POINT('Origin',(-48.9304353138208,40.2500000000001,-90.));
#16258=CARTESIAN_POINT('',(-59.3227401592341,40.2500000000001,-95.8333333333333));
#16259=CARTESIAN_POINT('Ctrl Pts',(-48.9304353138173,40.2500000000001,-95.8333333333323));
#16260=CARTESIAN_POINT('Ctrl Pts',(-54.1265877365274,40.2500000000001,-97.3333333333341));
#16261=CARTESIAN_POINT('Ctrl Pts',(-59.3227401592376,40.2500000000001,-95.8333333333323));
#16262=CARTESIAN_POINT('',(-59.3227401592341,40.2500000000001,-90.));
#16263=CARTESIAN_POINT('',(-59.3227401592341,40.2500000000001,-90.));
#16264=CARTESIAN_POINT('',(-48.9304353138208,40.2500000000001,-90.));
#16265=CARTESIAN_POINT('Origin',(-59.3227401592341,40.2500000000001,-90.));
#16266=CARTESIAN_POINT('',(-64.5188925819407,31.2500000000001,-95.8333333333333));
#16267=CARTESIAN_POINT('Ctrl Pts',(-59.3227401592324,40.2500000000031,-95.8333333333323));
#16268=CARTESIAN_POINT('Ctrl Pts',(-61.9208163705874,35.7500000000001,-97.3333333333341));
#16269=CARTESIAN_POINT('Ctrl Pts',(-64.5188925819425,31.249999999997,-95.8333333333323));
#16270=CARTESIAN_POINT('',(-64.5188925819407,31.2500000000001,-90.));
#16271=CARTESIAN_POINT('',(-64.5188925819407,31.2500000000001,-90.));
#16272=CARTESIAN_POINT('',(-59.3227401592341,40.2500000000001,-90.));
#16273=CARTESIAN_POINT('Origin',(-64.5188925819407,31.2500000000001,-90.));
#16274=CARTESIAN_POINT('',(-59.3227401592341,22.2500000000001,-95.8333333333333));
#16275=CARTESIAN_POINT('Ctrl Pts',(-64.5188925819425,31.2500000000032,-95.8333333333323));
#16276=CARTESIAN_POINT('Ctrl Pts',(-61.9208163705874,26.7500000000001,-97.3333333333341));
#16277=CARTESIAN_POINT('Ctrl Pts',(-59.3227401592323,22.249999999997,-95.8333333333323));
#16278=CARTESIAN_POINT('',(-59.3227401592341,22.2500000000001,-90.));
#16279=CARTESIAN_POINT('',(-59.3227401592341,22.2500000000001,-90.));
#16280=CARTESIAN_POINT('',(-64.5188925819407,31.2500000000001,-90.));
#16281=CARTESIAN_POINT('Origin',(-59.3227401592341,22.2500000000001,-90.));
#16282=CARTESIAN_POINT('Ctrl Pts',(-59.3227401592377,22.2500000000001,-95.8333333333323));
#16283=CARTESIAN_POINT('Ctrl Pts',(-54.1265877365274,22.2500000000001,-97.3333333333341));
#16284=CARTESIAN_POINT('Ctrl Pts',(-48.9304353138173,22.2500000000001,-95.8333333333323));
#16285=CARTESIAN_POINT('',(-59.3227401592341,22.2500000000001,-90.));
#16286=CARTESIAN_POINT('Origin',(-54.1265877365274,31.2500000000001,-95.8333333333333));
#16287=CARTESIAN_POINT('',(-62.498166639777,31.2500000000001,-97.));
#16288=CARTESIAN_POINT('',(-64.5188925819407,31.2500000000001,-95.8333333333333));
#16289=CARTESIAN_POINT('Origin',(-54.1265877365274,31.2500000000001,-97.));
#16290=CARTESIAN_POINT('Origin',(-54.1265877365274,13.2500000000001,-97.));
#16291=CARTESIAN_POINT('Origin',(5.1961524227065,-53.5000000000001,-90.));
#16292=CARTESIAN_POINT('',(5.19615242270649,-53.5,-90.));
#16293=CARTESIAN_POINT('',(5.1961524227065,-53.5000000000001,-95.8333333333333));
#16294=CARTESIAN_POINT('',(5.1961524227065,-53.5000000000001,-90.));
#16295=CARTESIAN_POINT('',(-5.19615242270677,-53.5,-95.8333333333333));
#16296=CARTESIAN_POINT('Ctrl Pts',(5.19615242271002,-53.5000000000001,-95.8333333333323));
#16297=CARTESIAN_POINT('Ctrl Pts',(-1.45883305435746E-13,-53.5000000000001,
-97.3333333333341));
#16298=CARTESIAN_POINT('Ctrl Pts',(-5.19615242271032,-53.5000000000001,
-95.8333333333323));
#16299=CARTESIAN_POINT('',(-5.19615242270676,-53.5,-90.));
#16300=CARTESIAN_POINT('',(-5.19615242270677,-53.5,-90.));
#16301=CARTESIAN_POINT('',(5.1961524227065,-53.5000000000001,-90.));
#16302=CARTESIAN_POINT('Origin',(-5.19615242270677,-53.5,-90.));
#16303=CARTESIAN_POINT('',(-10.3923048454134,-62.5,-95.8333333333333));
#16304=CARTESIAN_POINT('Ctrl Pts',(-5.19615242270498,-53.4999999999969,
-95.8333333333323));
#16305=CARTESIAN_POINT('Ctrl Pts',(-7.7942286340601,-58.,-97.3333333333341));
#16306=CARTESIAN_POINT('Ctrl Pts',(-10.3923048454152,-62.5000000000031,
-95.8333333333323));
#16307=CARTESIAN_POINT('',(-10.3923048454134,-62.5,-90.));
#16308=CARTESIAN_POINT('',(-10.3923048454134,-62.5,-90.));
#16309=CARTESIAN_POINT('',(-5.19615242270677,-53.5,-90.));
#16310=CARTESIAN_POINT('Origin',(-10.3923048454134,-62.5,-90.));
#16311=CARTESIAN_POINT('',(-5.1961524227068,-71.5,-95.8333333333333));
#16312=CARTESIAN_POINT('Ctrl Pts',(-10.3923048454152,-62.499999999997,-95.8333333333323));
#16313=CARTESIAN_POINT('Ctrl Pts',(-7.79422863406007,-67.,-97.3333333333341));
#16314=CARTESIAN_POINT('Ctrl Pts',(-5.19615242270501,-71.5000000000031,
-95.8333333333323));
#16315=CARTESIAN_POINT('',(-5.1961524227068,-71.5,-90.));
#16316=CARTESIAN_POINT('',(-5.1961524227068,-71.5,-90.));
#16317=CARTESIAN_POINT('',(-10.3923048454134,-62.5,-90.));
#16318=CARTESIAN_POINT('Origin',(-5.1961524227068,-71.5,-90.));
#16319=CARTESIAN_POINT('',(5.19615242270646,-71.5000000000001,-95.8333333333333));
#16320=CARTESIAN_POINT('Ctrl Pts',(-5.19615242271033,-71.5,-95.8333333333323));
#16321=CARTESIAN_POINT('Ctrl Pts',(-1.59205981731247E-13,-71.5,-97.3333333333341));
#16322=CARTESIAN_POINT('Ctrl Pts',(5.19615242271001,-71.5,-95.8333333333323));
#16323=CARTESIAN_POINT('',(5.19615242270646,-71.5000000000001,-90.));
#16324=CARTESIAN_POINT('',(5.19615242270646,-71.5000000000001,-90.));
#16325=CARTESIAN_POINT('',(-5.1961524227068,-71.5,-90.));
#16326=CARTESIAN_POINT('Origin',(5.19615242270646,-71.5000000000001,-90.));
#16327=CARTESIAN_POINT('',(10.3923048454131,-62.5000000000001,-95.8333333333333));
#16328=CARTESIAN_POINT('Ctrl Pts',(5.19615242270469,-71.5000000000032,-95.8333333333323));
#16329=CARTESIAN_POINT('Ctrl Pts',(7.79422863405978,-67.0000000000001,-97.3333333333341));
#16330=CARTESIAN_POINT('Ctrl Pts',(10.3923048454149,-62.499999999997,-95.8333333333323));
#16331=CARTESIAN_POINT('',(10.3923048454131,-62.5000000000001,-90.));
#16332=CARTESIAN_POINT('',(10.3923048454131,-62.5000000000001,-90.));
#16333=CARTESIAN_POINT('',(5.19615242270646,-71.5000000000001,-90.));
#16334=CARTESIAN_POINT('Origin',(10.3923048454131,-62.5000000000001,-90.));
#16335=CARTESIAN_POINT('Ctrl Pts',(10.3923048454149,-62.5000000000032,-95.8333333333323));
#16336=CARTESIAN_POINT('Ctrl Pts',(7.7942286340598,-58.0000000000001,-97.3333333333341));
#16337=CARTESIAN_POINT('Ctrl Pts',(5.19615242270471,-53.499999999997,-95.8333333333323));
#16338=CARTESIAN_POINT('',(10.3923048454131,-62.5000000000001,-90.));
#16339=CARTESIAN_POINT('Origin',(-1.52655665885959E-13,-62.5000000000001,
-95.8333333333333));
#16340=CARTESIAN_POINT('',(4.18578945162462,-69.7500000000001,-97.));
#16341=CARTESIAN_POINT('',(5.19615242270648,-71.5000000000001,-95.8333333333333));
#16342=CARTESIAN_POINT('Origin',(-1.52655665885959E-13,-62.5000000000001,
-97.));
#16343=CARTESIAN_POINT('Origin',(15.5884572681198,-53.5000000000001,-97.));
#16344=CARTESIAN_POINT('Origin',(0.,0.,-160.));
#16345=CARTESIAN_POINT('',(-75.,-9.18485099360515E-15,-80.));
#16346=CARTESIAN_POINT('Origin',(0.,0.,-80.));
#16347=CARTESIAN_POINT('',(-75.,-9.18485099360515E-15,-90.));
#16348=CARTESIAN_POINT('',(-75.,-9.18485099360515E-15,-160.));
#16349=CARTESIAN_POINT('Origin',(0.,0.,-90.));
#16350=CARTESIAN_POINT('Origin',(0.,0.,-160.));
#16351=CARTESIAN_POINT('',(-45.,-5.51091059616309E-15,-90.));
#16352=CARTESIAN_POINT('Origin',(0.,0.,-90.));
#16353=CARTESIAN_POINT('',(-45.,-5.51091059616309E-15,-130.));
#16354=CARTESIAN_POINT('',(-45.,-5.51091059616309E-15,-160.));
#16355=CARTESIAN_POINT('Origin',(0.,0.,-130.));
#16356=CARTESIAN_POINT('Origin',(0.,0.,-170.));
#16357=CARTESIAN_POINT('',(-35.,-4.28626379701574E-15,-140.));
#16358=CARTESIAN_POINT('Origin',(0.,0.,-140.));
#16359=CARTESIAN_POINT('',(-35.,-4.28626379701574E-15,-80.));
#16360=CARTESIAN_POINT('',(-35.,-4.28626379701574E-15,-170.));
#16361=CARTESIAN_POINT('Origin',(0.,0.,-80.));
#16362=CARTESIAN_POINT('Origin',(0.,0.,-170.));
#16363=CARTESIAN_POINT('',(-75.,-9.18485099360515E-15,-130.));
#16364=CARTESIAN_POINT('Origin',(0.,0.,-130.));
#16365=CARTESIAN_POINT('',(-75.,-9.18485099360515E-15,-140.));
#16366=CARTESIAN_POINT('',(-75.,-9.18485099360515E-15,-170.));
#16367=CARTESIAN_POINT('Origin',(0.,0.,-140.));
#16368=CARTESIAN_POINT('Origin',(0.,0.,-90.));
#16369=CARTESIAN_POINT('Origin',(0.,0.,-80.));
#16370=CARTESIAN_POINT('Origin',(0.,0.,-130.));
#16371=CARTESIAN_POINT('Origin',(0.,0.,-140.));
#16372=CARTESIAN_POINT('Origin',(4.25,62.5,-190.));
#16373=CARTESIAN_POINT('',(4.25,62.5,-190.));
#16374=CARTESIAN_POINT('Origin',(0.,62.5,-190.));
#16375=CARTESIAN_POINT('Origin',(0.,62.5,-123.));
#16376=CARTESIAN_POINT('',(4.25,62.5,-188.));
#16377=CARTESIAN_POINT('Origin',(0.,62.5,-188.));
#16378=CARTESIAN_POINT('',(4.25,62.5,-123.));
#16379=CARTESIAN_POINT('Origin',(6.,62.5,-188.));
#16380=CARTESIAN_POINT('',(4.4845,62.5,-188.));
#16381=CARTESIAN_POINT('Origin',(0.,62.5,-188.));
#16382=CARTESIAN_POINT('Origin',(0.,62.5,-188.));
#16383=CARTESIAN_POINT('',(6.00000000000006,62.5,-187.125025667043));
#16384=CARTESIAN_POINT('Origin',(0.,62.5,-187.125025667043));
#16385=CARTESIAN_POINT('',(4.4845,62.5,-188.));
#16386=CARTESIAN_POINT('Origin',(0.,62.5,-123.));
#16387=CARTESIAN_POINT('',(-6.,62.5,-180.014311381329));
#16388=CARTESIAN_POINT('',(6.,62.5,-180.014311381329));
#16389=CARTESIAN_POINT('Origin',(0.,62.5,-180.014311381329));
#16390=CARTESIAN_POINT('',(6.,62.5,-123.));
#16391=CARTESIAN_POINT('Origin',(0.,62.5,-180.014311381329));
#16392=CARTESIAN_POINT('Origin',(0.,62.5,-180.014311381329));
#16393=CARTESIAN_POINT('',(-6.78571428571451,62.5,-180.800025667043));
#16394=CARTESIAN_POINT('',(-6.,62.5,-180.014311381329));
#16395=CARTESIAN_POINT('Origin',(0.,62.5,-180.800025667043));
#16396=CARTESIAN_POINT('Origin',(0.,62.5,-180.800025667043));
#16397=CARTESIAN_POINT('',(-6.39288761451378,56.1650976370432,-180.800025667043));
#16398=CARTESIAN_POINT('',(-8.65347964386906,57.4584213729087,-180.528057236725));
#16399=CARTESIAN_POINT('Ctrl Pts',(-6.39288761451381,56.1650976370432,-180.800025667043));
#16400=CARTESIAN_POINT('Ctrl Pts',(-7.46284965838591,56.7772413984319,-180.71183238939));
#16401=CARTESIAN_POINT('Ctrl Pts',(-8.65347964387273,57.4584213729108,-180.528057236725));
#16402=CARTESIAN_POINT('',(-8.66372444796974,60.0628133658557,-180.800025667043));
#16403=CARTESIAN_POINT('Ctrl Pts',(-8.65347964386905,57.4584213729046,-180.528057236725));
#16404=CARTESIAN_POINT('Ctrl Pts',(-8.65887547416453,58.8301271740831,-180.71183238939));
#16405=CARTESIAN_POINT('Ctrl Pts',(-8.66372444796975,60.0628133658558,-180.800025667043));
#16406=CARTESIAN_POINT('Origin',(0.,62.5,-180.800025667043));
#16407=CARTESIAN_POINT('Origin',(0.,62.5,-180.800025667043));
#16408=CARTESIAN_POINT('',(2.28974256955781,53.7961457408137,-180.800025667043));
#16409=CARTESIAN_POINT('',(0.0393953443032155,52.4850774837322,-180.528057236725));
#16410=CARTESIAN_POINT('Ctrl Pts',(2.28974256955787,53.7961457408138,-180.800025667043));
#16411=CARTESIAN_POINT('Ctrl Pts',(1.22462949949096,53.1756033104298,-180.71183238939));
#16412=CARTESIAN_POINT('Ctrl Pts',(0.0393953442995949,52.4850774837301,
-180.528057236725));
#16413=CARTESIAN_POINT('',(-2.22119668505207,53.7784012195978,-180.800025667043));
#16414=CARTESIAN_POINT('Ctrl Pts',(0.0393953443069535,52.4850774837301,
-180.528057236725));
#16415=CARTESIAN_POINT('Ctrl Pts',(-1.15123464117989,53.166257458209,-180.71183238939));
#16416=CARTESIAN_POINT('Ctrl Pts',(-2.22119668505202,53.7784012195977,-180.800025667043));
#16417=CARTESIAN_POINT('Origin',(0.,62.5,-180.800025667043));
#16418=CARTESIAN_POINT('Origin',(0.,62.5,-180.800025667043));
#16419=CARTESIAN_POINT('',(8.69287498817227,57.5266561108235,-180.528057236725));
#16420=CARTESIAN_POINT('',(6.44252776291768,56.215587853742,-180.800025667043));
#16421=CARTESIAN_POINT('Ctrl Pts',(8.69287498817603,57.5266561108257,-180.528057236725));
#16422=CARTESIAN_POINT('Ctrl Pts',(7.5076408329846,56.836130284126,-180.71183238939));
#16423=CARTESIAN_POINT('Ctrl Pts',(6.44252776291764,56.215587853742,-180.800025667043));
#16424=CARTESIAN_POINT('',(8.68263018407159,60.1310481037706,-180.800025667043));
#16425=CARTESIAN_POINT('Origin',(0.,62.5,-180.800025667043));
#16426=CARTESIAN_POINT('Ctrl Pts',(8.68263018407159,60.1310481037706,-180.800025667043));
#16427=CARTESIAN_POINT('Ctrl Pts',(8.68747915787681,58.8983619119978,-180.71183238939));
#16428=CARTESIAN_POINT('Ctrl Pts',(8.69287498817229,57.5266561108192,-180.528057236725));
#16429=CARTESIAN_POINT('Origin',(0.,62.5,-180.800025667043));
#16430=CARTESIAN_POINT('',(6.39288761451378,68.8349023629569,-180.800025667043));
#16431=CARTESIAN_POINT('',(8.65347964386906,67.5415786270913,-180.528057236725));
#16432=CARTESIAN_POINT('Ctrl Pts',(6.39288761451374,68.8349023629569,-180.800025667043));
#16433=CARTESIAN_POINT('Ctrl Pts',(7.46284965838589,68.2227586015681,-180.71183238939));
#16434=CARTESIAN_POINT('Ctrl Pts',(8.65347964387277,67.5415786270892,-180.528057236725));
#16435=CARTESIAN_POINT('',(8.66372444796974,64.9371866341442,-180.800025667043));
#16436=CARTESIAN_POINT('Ctrl Pts',(8.65347964386905,67.5415786270954,-180.528057236725));
#16437=CARTESIAN_POINT('Ctrl Pts',(8.65887547416452,66.1698728259169,-180.71183238939));
#16438=CARTESIAN_POINT('Ctrl Pts',(8.66372444796974,64.9371866341442,-180.800025667043));
#16439=CARTESIAN_POINT('Origin',(0.,62.5,-180.800025667043));
#16440=CARTESIAN_POINT('Origin',(17.3463546320414,62.5682347379148,-180.800025667043));
#16441=CARTESIAN_POINT('',(-8.68263018407159,64.8689518962294,-180.800025667043));
#16442=CARTESIAN_POINT('',(-8.65347964386906,57.4584213729087,-180.800025667043));
#16443=CARTESIAN_POINT('',(-6.44252776291768,68.784412146258,-180.800025667043));
#16444=CARTESIAN_POINT('Origin',(0.,62.5,-180.800025667043));
#16445=CARTESIAN_POINT('',(-2.28974256955781,71.2038542591863,-180.800025667043));
#16446=CARTESIAN_POINT('',(-8.69287498817227,67.4733438891765,-180.800025667043));
#16447=CARTESIAN_POINT('',(2.22119668505207,71.2215987804022,-180.800025667043));
#16448=CARTESIAN_POINT('Origin',(0.,62.5,-180.800025667043));
#16449=CARTESIAN_POINT('',(-0.0393953443032086,72.5149225162678,-180.800025667043));
#16450=CARTESIAN_POINT('',(8.65347964386906,67.5415786270913,-180.800025667043));
#16451=CARTESIAN_POINT('',(8.69287498817227,57.5266561108235,-180.800025667043));
#16452=CARTESIAN_POINT('',(0.0393953443032155,52.4850774837322,-180.800025667043));
#16453=CARTESIAN_POINT('Origin',(0.,62.5,-180.800025667043));
#16454=CARTESIAN_POINT('',(-0.0393953443032086,72.5149225162678,-180.528057236725));
#16455=CARTESIAN_POINT('Ctrl Pts',(-2.28974256955782,71.2038542591863,-180.800025667043));
#16456=CARTESIAN_POINT('Ctrl Pts',(-1.22462949949092,71.8243966895703,-180.71183238939));
#16457=CARTESIAN_POINT('Ctrl Pts',(-0.0393953442995691,72.5149225162699,
-180.528057236725));
#16458=CARTESIAN_POINT('Ctrl Pts',(-0.0393953443067521,72.5149225162699,
-180.528057236725));
#16459=CARTESIAN_POINT('Ctrl Pts',(1.15123464118,71.833742541791,-180.71183238939));
#16460=CARTESIAN_POINT('Ctrl Pts',(2.22119668505206,71.2215987804023,-180.800025667043));
#16461=CARTESIAN_POINT('Origin',(0.,62.5,-180.800025667043));
#16462=CARTESIAN_POINT('',(-8.69287498817227,67.4733438891765,-180.528057236725));
#16463=CARTESIAN_POINT('Ctrl Pts',(-8.68263018407159,64.8689518962294,-180.800025667043));
#16464=CARTESIAN_POINT('Ctrl Pts',(-8.68747915787681,66.1016380880022,-180.71183238939));
#16465=CARTESIAN_POINT('Ctrl Pts',(-8.69287498817229,67.4733438891807,-180.528057236725));
#16466=CARTESIAN_POINT('Ctrl Pts',(-8.69287498817575,67.4733438891745,-180.528057236725));
#16467=CARTESIAN_POINT('Ctrl Pts',(-7.50764083298454,68.1638697158741,-180.71183238939));
#16468=CARTESIAN_POINT('Ctrl Pts',(-6.44252776291776,68.784412146258,-180.800025667043));
#16469=CARTESIAN_POINT('Origin',(0.,62.5,-170.000025667043));
#16470=CARTESIAN_POINT('',(-8.69287498817227,67.4733438891765,-170.271994097361));
#16471=CARTESIAN_POINT('Ctrl Pts',(-8.6928749881723,67.4733438891807,-170.271994097361));
#16472=CARTESIAN_POINT('Ctrl Pts',(-8.68747915254902,66.1016367335902,-170.088218763238));
#16473=CARTESIAN_POINT('Ctrl Pts',(-8.68263017431285,64.8689494153996,-170.000025489551));
#16474=CARTESIAN_POINT('Ctrl Pts',(-6.44252561933551,68.7844133951242,-170.000025489551));
#16475=CARTESIAN_POINT('Ctrl Pts',(-7.50763966269335,68.163870397694,-170.088218763238));
#16476=CARTESIAN_POINT('Ctrl Pts',(-8.69287498817594,67.4733438891744,-170.271994097361));
#16477=CARTESIAN_POINT('Origin',(-8.69287498817227,67.4733438891765,-180.800025667043));
#16478=CARTESIAN_POINT('',(-8.69287498817227,67.4733438891765,-180.800025667043));
#16479=CARTESIAN_POINT('',(-0.0393953443032086,72.5149225162678,-170.271994097361));
#16480=CARTESIAN_POINT('Ctrl Pts',(-0.0393953442995788,72.5149225162699,
-170.271994097361));
#16481=CARTESIAN_POINT('Ctrl Pts',(-1.22463066978216,71.8243960077503,-170.088218763238));
#16482=CARTESIAN_POINT('Ctrl Pts',(-2.28974471314,71.2038530103201,-170.000025489551));
#16483=CARTESIAN_POINT('',(-0.0393953443032086,72.5149225162678,-180.800025667043));
#16484=CARTESIAN_POINT('Origin',(0.,62.5,-170.000025667043));
#16485=CARTESIAN_POINT('Ctrl Pts',(2.22119883839303,71.2215975484387,-170.000025489551));
#16486=CARTESIAN_POINT('Ctrl Pts',(1.15123581679899,71.8337418691991,-170.088218763238));
#16487=CARTESIAN_POINT('Ctrl Pts',(-0.0393953443068969,72.5149225162699,
-170.271994097361));
#16488=CARTESIAN_POINT('Origin',(-0.0393953443032086,72.5149225162678,-180.800025667043));
#16489=CARTESIAN_POINT('',(8.65347964386906,67.5415786270913,-170.271994097361));
#16490=CARTESIAN_POINT('Ctrl Pts',(8.65347964387273,67.5415786270892,-170.271994097361));
#16491=CARTESIAN_POINT('Ctrl Pts',(7.46284848276686,68.2227592741601,-170.088218763238));
#16492=CARTESIAN_POINT('Ctrl Pts',(6.39288546117284,68.8349035949204,-170.000025489551));
#16493=CARTESIAN_POINT('',(8.65347964386906,67.5415786270913,-180.800025667043));
#16494=CARTESIAN_POINT('Origin',(0.,62.5,-170.000025667043));
#16495=CARTESIAN_POINT('Ctrl Pts',(8.66372445772849,64.9371841533145,-170.000025489551));
#16496=CARTESIAN_POINT('Ctrl Pts',(8.65887547949233,66.1698714715051,-170.088218763238));
#16497=CARTESIAN_POINT('Ctrl Pts',(8.65347964386905,67.5415786270955,-170.271994097361));
#16498=CARTESIAN_POINT('Origin',(8.65347964386906,67.5415786270913,-180.800025667043));
#16499=CARTESIAN_POINT('',(8.69287498817227,57.5266561108235,-170.271994097361));
#16500=CARTESIAN_POINT('Ctrl Pts',(8.69287498817229,57.5266561108193,-170.271994097361));
#16501=CARTESIAN_POINT('Ctrl Pts',(8.68747915254901,58.8983632664098,-170.088218763238));
#16502=CARTESIAN_POINT('Ctrl Pts',(8.68263017431284,60.1310505846003,-170.000025489551));
#16503=CARTESIAN_POINT('',(8.69287498817227,57.5266561108235,-180.800025667043));
#16504=CARTESIAN_POINT('Origin',(0.,62.5,-170.000025667043));
#16505=CARTESIAN_POINT('Ctrl Pts',(6.44252561933548,56.2155866048758,-170.000025489551));
#16506=CARTESIAN_POINT('Ctrl Pts',(7.50763966269331,56.836129602306,-170.088218763238));
#16507=CARTESIAN_POINT('Ctrl Pts',(8.69287498817593,57.5266561108256,-170.271994097361));
#16508=CARTESIAN_POINT('Origin',(8.69287498817227,57.5266561108235,-180.800025667043));
#16509=CARTESIAN_POINT('',(0.0393953443032155,52.4850774837322,-170.271994097361));
#16510=CARTESIAN_POINT('Ctrl Pts',(0.0393953442995749,52.4850774837301,
-170.271994097361));
#16511=CARTESIAN_POINT('Ctrl Pts',(1.22463066978219,53.1756039922497,-170.088218763238));
#16512=CARTESIAN_POINT('Ctrl Pts',(2.28974471314002,53.7961469896799,-170.000025489551));
#16513=CARTESIAN_POINT('',(0.0393953443032155,52.4850774837322,-180.800025667043));
#16514=CARTESIAN_POINT('Origin',(0.,62.5,-170.000025667043));
#16515=CARTESIAN_POINT('Ctrl Pts',(-2.22119883839302,53.7784024515613,-170.000025489551));
#16516=CARTESIAN_POINT('Ctrl Pts',(-1.151235816799,53.1662581308009,-170.088218763238));
#16517=CARTESIAN_POINT('Ctrl Pts',(0.0393953443068685,52.4850774837301,
-170.271994097361));
#16518=CARTESIAN_POINT('Origin',(0.0393953443032155,52.4850774837322,-180.800025667043));
#16519=CARTESIAN_POINT('',(-8.65347964386906,57.4584213729087,-170.271994097361));
#16520=CARTESIAN_POINT('Ctrl Pts',(-8.65347964387274,57.4584213729108,-170.271994097361));
#16521=CARTESIAN_POINT('Ctrl Pts',(-7.46284848276683,56.7772407258399,-170.088218763238));
#16522=CARTESIAN_POINT('Ctrl Pts',(-6.39288546117277,56.1650964050796,-170.000025489551));
#16523=CARTESIAN_POINT('',(-8.65347964386906,57.4584213729087,-180.800025667043));
#16524=CARTESIAN_POINT('Origin',(0.,62.5,-170.000025667043));
#16525=CARTESIAN_POINT('Ctrl Pts',(-8.66372445772851,60.0628158466855,-170.000025489551));
#16526=CARTESIAN_POINT('Ctrl Pts',(-8.65887547949234,58.830128528495,-170.088218763238));
#16527=CARTESIAN_POINT('Ctrl Pts',(-8.65347964386906,57.4584213729045,-170.271994097361));
#16528=CARTESIAN_POINT('Origin',(-8.65347964386906,57.4584213729087,-180.800025667043));
#16529=CARTESIAN_POINT('Origin',(-56.2515877365275,-27.569392033916,-190.));
#16530=CARTESIAN_POINT('',(-56.2515877365275,-27.569392033916,-190.));
#16531=CARTESIAN_POINT('Origin',(-54.1265877365275,-31.2499999999999,-190.));
#16532=CARTESIAN_POINT('Origin',(-54.1265877365275,-31.2499999999999,-123.));
#16533=CARTESIAN_POINT('',(-56.2515877365275,-27.569392033916,-188.));
#16534=CARTESIAN_POINT('Origin',(-54.1265877365275,-31.2499999999999,-188.));
#16535=CARTESIAN_POINT('',(-56.2515877365275,-27.569392033916,-123.));
#16536=CARTESIAN_POINT('Origin',(-57.1265877365275,-26.0538475772933,-188.));
#16537=CARTESIAN_POINT('',(-56.3688377365275,-27.3663090767286,-188.));
#16538=CARTESIAN_POINT('Origin',(-54.1265877365275,-31.2499999999999,-188.));
#16539=CARTESIAN_POINT('Origin',(-54.1265877365275,-31.2499999999999,-188.));
#16540=CARTESIAN_POINT('',(-57.1265877365275,-26.0538475772932,-187.125025667043));
#16541=CARTESIAN_POINT('Origin',(-54.1265877365275,-31.2499999999999,-187.125025667043));
#16542=CARTESIAN_POINT('',(-56.3688377365275,-27.3663090767286,-188.));
#16543=CARTESIAN_POINT('Origin',(-54.1265877365275,-31.2499999999999,-123.));
#16544=CARTESIAN_POINT('',(-51.1265877365275,-36.4461524227066,-180.014311381329));
#16545=CARTESIAN_POINT('',(-57.1265877365275,-26.0538475772933,-180.014311381329));
#16546=CARTESIAN_POINT('Origin',(-54.1265877365275,-31.2499999999999,-180.014311381329));
#16547=CARTESIAN_POINT('',(-57.1265877365275,-26.0538475772933,-123.));
#16548=CARTESIAN_POINT('Origin',(-54.1265877365275,-31.2499999999999,-180.014311381329));
#16549=CARTESIAN_POINT('Origin',(-54.1265877365275,-31.2499999999999,-180.014311381329));
#16550=CARTESIAN_POINT('',(-50.7337305936702,-37.1266009542517,-180.800025667043));
#16551=CARTESIAN_POINT('',(-51.1265877365275,-36.4461524227065,-180.014311381329));
#16552=CARTESIAN_POINT('Origin',(-54.1265877365275,-31.2499999999999,-180.800025667043));
#16553=CARTESIAN_POINT('Origin',(-54.1265877365275,-31.2499999999999,-180.800025667043));
#16554=CARTESIAN_POINT('',(-45.4439575524559,-33.6189518962293,-180.800025667043));
#16555=CARTESIAN_POINT('',(-45.4337127483552,-36.2233438891764,-180.528057236725));
#16556=CARTESIAN_POINT('Ctrl Pts',(-45.4439575524559,-33.6189518962293,
-180.800025667043));
#16557=CARTESIAN_POINT('Ctrl Pts',(-45.4391085786506,-34.8516380880021,
-180.71183238939));
#16558=CARTESIAN_POINT('Ctrl Pts',(-45.4337127483552,-36.2233438891806,
-180.528057236725));
#16559=CARTESIAN_POINT('',(-47.6840599736098,-37.5344121462579,-180.800025667043));
#16560=CARTESIAN_POINT('Ctrl Pts',(-45.4337127483516,-36.2233438891743,
-180.528057236725));
#16561=CARTESIAN_POINT('Ctrl Pts',(-46.6189469035429,-36.913869715874,-180.71183238939));
#16562=CARTESIAN_POINT('Ctrl Pts',(-47.6840599736098,-37.5344121462579,
-180.800025667043));
#16563=CARTESIAN_POINT('Origin',(-54.1265877365275,-31.2499999999999,-180.800025667043));
#16564=CARTESIAN_POINT('Origin',(-54.1265877365275,-31.2499999999999,-180.800025667043));
#16565=CARTESIAN_POINT('',(-47.7337001220137,-24.9150976370431,-180.800025667043));
#16566=CARTESIAN_POINT('',(-45.4731080926584,-26.2084213729086,-180.528057236725));
#16567=CARTESIAN_POINT('Ctrl Pts',(-47.7337001220137,-24.9150976370431,
-180.800025667043));
#16568=CARTESIAN_POINT('Ctrl Pts',(-46.6637380781416,-25.5272413984318,
-180.71183238939));
#16569=CARTESIAN_POINT('Ctrl Pts',(-45.4731080926547,-26.2084213729107,
-180.528057236725));
#16570=CARTESIAN_POINT('',(-45.4628632885577,-28.8128133658557,-180.800025667043));
#16571=CARTESIAN_POINT('Ctrl Pts',(-45.4731080926584,-26.2084213729043,
-180.528057236725));
#16572=CARTESIAN_POINT('Ctrl Pts',(-45.4677122623629,-27.5801271740829,
-180.71183238939));
#16573=CARTESIAN_POINT('Ctrl Pts',(-45.4628632885577,-28.8128133658558,
-180.800025667043));
#16574=CARTESIAN_POINT('Origin',(-54.1265877365275,-31.2499999999999,-180.800025667043));
#16575=CARTESIAN_POINT('Origin',(-54.1265877365275,-31.2499999999999,-180.800025667043));
#16576=CARTESIAN_POINT('',(-54.1659830808307,-21.2350774837321,-180.528057236725));
#16577=CARTESIAN_POINT('',(-51.9053910514754,-22.5284012195977,-180.800025667043));
#16578=CARTESIAN_POINT('Ctrl Pts',(-54.1659830808345,-21.23507748373,-180.528057236725));
#16579=CARTESIAN_POINT('Ctrl Pts',(-52.9753530953476,-21.9162574582089,
-180.71183238939));
#16580=CARTESIAN_POINT('Ctrl Pts',(-51.9053910514754,-22.5284012195977,
-180.800025667043));
#16581=CARTESIAN_POINT('',(-56.4163303060853,-22.5461457408137,-180.800025667043));
#16582=CARTESIAN_POINT('Origin',(-54.1265877365275,-31.2499999999999,-180.800025667043));
#16583=CARTESIAN_POINT('Ctrl Pts',(-56.4163303060855,-22.5461457408137,
-180.800025667043));
#16584=CARTESIAN_POINT('Ctrl Pts',(-55.3512172360185,-21.9256033104297,
-180.71183238939));
#16585=CARTESIAN_POINT('Ctrl Pts',(-54.1659830808271,-21.23507748373,-180.528057236725));
#16586=CARTESIAN_POINT('Origin',(-54.1265877365275,-31.2499999999999,-180.800025667043));
#16587=CARTESIAN_POINT('',(-62.8092179205991,-28.8810481037705,-180.800025667043));
#16588=CARTESIAN_POINT('',(-62.8194627246998,-26.2766561108234,-180.528057236725));
#16589=CARTESIAN_POINT('Ctrl Pts',(-62.8092179205991,-28.8810481037705,
-180.800025667043));
#16590=CARTESIAN_POINT('Ctrl Pts',(-62.8140668944044,-27.6483619119978,
-180.71183238939));
#16591=CARTESIAN_POINT('Ctrl Pts',(-62.8194627246998,-26.2766561108192,
-180.528057236725));
#16592=CARTESIAN_POINT('',(-60.5691154994451,-24.9655878537419,-180.800025667043));
#16593=CARTESIAN_POINT('Ctrl Pts',(-62.8194627247035,-26.2766561108255,
-180.528057236725));
#16594=CARTESIAN_POINT('Ctrl Pts',(-61.634228569512,-25.5861302841258,-180.71183238939));
#16595=CARTESIAN_POINT('Ctrl Pts',(-60.569115499445,-24.9655878537418,-180.800025667043));
#16596=CARTESIAN_POINT('Origin',(-54.1265877365275,-31.2499999999999,-180.800025667043));
#16597=CARTESIAN_POINT('Origin',(-62.8588580690029,-16.2617335945556,-180.800025667043));
#16598=CARTESIAN_POINT('',(-51.8368451669697,-39.9538542591862,-180.800025667043));
#16599=CARTESIAN_POINT('',(-45.4337127483552,-36.2233438891764,-180.800025667043));
#16600=CARTESIAN_POINT('',(-56.3477844215796,-39.9715987804021,-180.800025667043));
#16601=CARTESIAN_POINT('Origin',(-54.1265877365275,-31.2499999999999,-180.800025667043));
#16602=CARTESIAN_POINT('',(-60.5194753510413,-37.5849023629568,-180.800025667043));
#16603=CARTESIAN_POINT('',(-54.0871923922243,-41.2649225162677,-180.800025667043));
#16604=CARTESIAN_POINT('',(-62.7903121844972,-33.6871866341441,-180.800025667043));
#16605=CARTESIAN_POINT('Origin',(-54.1265877365275,-31.2499999999999,-180.800025667043));
#16606=CARTESIAN_POINT('',(-62.7800673803966,-36.2915786270912,-180.800025667043));
#16607=CARTESIAN_POINT('',(-62.8194627246998,-26.2766561108234,-180.800025667043));
#16608=CARTESIAN_POINT('',(-54.1659830808307,-21.2350774837321,-180.800025667043));
#16609=CARTESIAN_POINT('',(-45.4731080926584,-26.2084213729086,-180.800025667043));
#16610=CARTESIAN_POINT('Origin',(-54.1265877365275,-31.2499999999999,-180.800025667043));
#16611=CARTESIAN_POINT('',(-62.7800673803966,-36.2915786270912,-180.528057236725));
#16612=CARTESIAN_POINT('Ctrl Pts',(-60.5194753510413,-37.5849023629568,
-180.800025667043));
#16613=CARTESIAN_POINT('Ctrl Pts',(-61.5894373949134,-36.972758601568,-180.71183238939));
#16614=CARTESIAN_POINT('Ctrl Pts',(-62.7800673804002,-36.2915786270891,
-180.528057236725));
#16615=CARTESIAN_POINT('Ctrl Pts',(-62.7800673803966,-36.2915786270955,
-180.528057236725));
#16616=CARTESIAN_POINT('Ctrl Pts',(-62.7854632106921,-34.9198728259169,
-180.71183238939));
#16617=CARTESIAN_POINT('Ctrl Pts',(-62.7903121844973,-33.6871866341441,
-180.800025667043));
#16618=CARTESIAN_POINT('Origin',(-54.1265877365275,-31.2499999999999,-180.800025667043));
#16619=CARTESIAN_POINT('',(-54.0871923922243,-41.2649225162677,-180.528057236725));
#16620=CARTESIAN_POINT('Ctrl Pts',(-51.8368451669697,-39.9538542591862,
-180.800025667043));
#16621=CARTESIAN_POINT('Ctrl Pts',(-52.9019582370366,-40.5743966895702,
-180.71183238939));
#16622=CARTESIAN_POINT('Ctrl Pts',(-54.087192392228,-41.2649225162698,-180.528057236725));
#16623=CARTESIAN_POINT('Ctrl Pts',(-54.0871923922207,-41.2649225162698,
-180.528057236725));
#16624=CARTESIAN_POINT('Ctrl Pts',(-55.2778223777075,-40.5837425417909,
-180.71183238939));
#16625=CARTESIAN_POINT('Ctrl Pts',(-56.3477844215796,-39.9715987804021,
-180.800025667043));
#16626=CARTESIAN_POINT('Origin',(-54.1265877365275,-31.2499999999999,-170.000025667043));
#16627=CARTESIAN_POINT('',(-54.0871923922243,-41.2649225162677,-170.271994097361));
#16628=CARTESIAN_POINT('Ctrl Pts',(-54.0871923922279,-41.2649225162698,
-170.271994097361));
#16629=CARTESIAN_POINT('Ctrl Pts',(-52.9019570667453,-40.5743960077502,
-170.088218763238));
#16630=CARTESIAN_POINT('Ctrl Pts',(-51.8368430233875,-39.95385301032,-170.000025489551));
#16631=CARTESIAN_POINT('Ctrl Pts',(-56.3477865749205,-39.9715975484386,
-170.000025489551));
#16632=CARTESIAN_POINT('Ctrl Pts',(-55.2778235533265,-40.583741869199,-170.088218763238));
#16633=CARTESIAN_POINT('Ctrl Pts',(-54.0871923922207,-41.2649225162698,
-170.271994097361));
#16634=CARTESIAN_POINT('Origin',(-54.0871923922243,-41.2649225162677,-180.800025667043));
#16635=CARTESIAN_POINT('',(-54.0871923922243,-41.2649225162677,-180.800025667043));
#16636=CARTESIAN_POINT('',(-62.7800673803966,-36.2915786270912,-170.271994097361));
#16637=CARTESIAN_POINT('Ctrl Pts',(-62.7800673804003,-36.2915786270891,
-170.271994097361));
#16638=CARTESIAN_POINT('Ctrl Pts',(-61.5894362192944,-36.97275927416,-170.088218763238));
#16639=CARTESIAN_POINT('Ctrl Pts',(-60.5194731977003,-37.5849035949203,
-170.000025489551));
#16640=CARTESIAN_POINT('',(-62.7800673803966,-36.2915786270912,-180.800025667043));
#16641=CARTESIAN_POINT('Origin',(-54.1265877365275,-31.2499999999999,-170.000025667043));
#16642=CARTESIAN_POINT('Ctrl Pts',(-62.7903121942561,-33.6871841533143,
-170.000025489551));
#16643=CARTESIAN_POINT('Ctrl Pts',(-62.7854632160199,-34.9198714715049,
-170.088218763238));
#16644=CARTESIAN_POINT('Ctrl Pts',(-62.7800673803966,-36.2915786270954,
-170.271994097361));
#16645=CARTESIAN_POINT('Origin',(-62.7800673803966,-36.2915786270912,-180.800025667043));
#16646=CARTESIAN_POINT('',(-62.8194627246998,-26.2766561108234,-170.271994097361));
#16647=CARTESIAN_POINT('Ctrl Pts',(-62.8194627246998,-26.2766561108192,
-170.271994097361));
#16648=CARTESIAN_POINT('Ctrl Pts',(-62.8140668890766,-27.6483632664096,
-170.088218763238));
#16649=CARTESIAN_POINT('Ctrl Pts',(-62.8092179108404,-28.8810505846002,
-170.000025489551));
#16650=CARTESIAN_POINT('',(-62.8194627246998,-26.2766561108234,-180.800025667043));
#16651=CARTESIAN_POINT('Origin',(-54.1265877365275,-31.2499999999999,-170.000025667043));
#16652=CARTESIAN_POINT('Ctrl Pts',(-60.569113355863,-24.9655866048757,-170.000025489551));
#16653=CARTESIAN_POINT('Ctrl Pts',(-61.6342273992208,-25.5861296023059,
-170.088218763238));
#16654=CARTESIAN_POINT('Ctrl Pts',(-62.8194627247035,-26.2766561108255,
-170.271994097361));
#16655=CARTESIAN_POINT('Origin',(-62.8194627246998,-26.2766561108234,-180.800025667043));
#16656=CARTESIAN_POINT('',(-54.1659830808307,-21.2350774837321,-170.271994097361));
#16657=CARTESIAN_POINT('Ctrl Pts',(-54.1659830808271,-21.23507748373,-170.271994097361));
#16658=CARTESIAN_POINT('Ctrl Pts',(-55.3512184063097,-21.9256039922496,
-170.088218763238));
#16659=CARTESIAN_POINT('Ctrl Pts',(-56.4163324496675,-22.5461469896798,
-170.000025489551));
#16660=CARTESIAN_POINT('',(-54.1659830808307,-21.2350774837321,-180.800025667043));
#16661=CARTESIAN_POINT('Origin',(-54.1265877365275,-31.2499999999999,-170.000025667043));
#16662=CARTESIAN_POINT('Ctrl Pts',(-51.9053888981345,-22.5284024515612,
-170.000025489551));
#16663=CARTESIAN_POINT('Ctrl Pts',(-52.9753519197285,-21.9162581308008,
-170.088218763238));
#16664=CARTESIAN_POINT('Ctrl Pts',(-54.1659830808344,-21.23507748373,-170.271994097361));
#16665=CARTESIAN_POINT('Origin',(-54.1659830808307,-21.2350774837321,-180.800025667043));
#16666=CARTESIAN_POINT('',(-45.4731080926584,-26.2084213729086,-170.271994097361));
#16667=CARTESIAN_POINT('Ctrl Pts',(-45.4731080926547,-26.2084213729107,
-170.271994097361));
#16668=CARTESIAN_POINT('Ctrl Pts',(-46.6637392537606,-25.5272407258399,
-170.088218763238));
#16669=CARTESIAN_POINT('Ctrl Pts',(-47.7337022753546,-24.9150964050795,
-170.000025489551));
#16670=CARTESIAN_POINT('',(-45.4731080926584,-26.2084213729086,-180.800025667043));
#16671=CARTESIAN_POINT('Origin',(-54.1265877365275,-31.2499999999999,-170.000025667043));
#16672=CARTESIAN_POINT('Ctrl Pts',(-45.462863278799,-28.8128158466854,-170.000025489551));
#16673=CARTESIAN_POINT('Ctrl Pts',(-45.4677122570351,-27.5801285284949,
-170.088218763238));
#16674=CARTESIAN_POINT('Ctrl Pts',(-45.4731080926584,-26.2084213729044,
-170.271994097361));
#16675=CARTESIAN_POINT('Origin',(-45.4731080926584,-26.2084213729086,-180.800025667043));
#16676=CARTESIAN_POINT('',(-45.4337127483552,-36.2233438891764,-170.271994097361));
#16677=CARTESIAN_POINT('Ctrl Pts',(-45.4337127483552,-36.2233438891806,
-170.271994097361));
#16678=CARTESIAN_POINT('Ctrl Pts',(-45.4391085839785,-34.8516367335902,
-170.088218763238));
#16679=CARTESIAN_POINT('Ctrl Pts',(-45.4439575622146,-33.6189494153996,
-170.000025489551));
#16680=CARTESIAN_POINT('',(-45.4337127483552,-36.2233438891764,-180.800025667043));
#16681=CARTESIAN_POINT('Origin',(-54.1265877365275,-31.2499999999999,-170.000025667043));
#16682=CARTESIAN_POINT('Ctrl Pts',(-47.684062117192,-37.5344133951241,-170.000025489551));
#16683=CARTESIAN_POINT('Ctrl Pts',(-46.6189480738342,-36.9138703976939,
-170.088218763238));
#16684=CARTESIAN_POINT('Ctrl Pts',(-45.4337127483516,-36.2233438891743,
-170.271994097361));
#16685=CARTESIAN_POINT('Origin',(-45.4337127483552,-36.2233438891764,-180.800025667043));
#16686=CARTESIAN_POINT('Origin',(45.4731080926582,-36.2915786270914,-180.800025667043));
#16687=CARTESIAN_POINT('',(45.4731080926582,-36.2915786270914,-180.528057236725));
#16688=CARTESIAN_POINT('',(45.4628632885576,-33.6871866341444,-180.800025667043));
#16689=CARTESIAN_POINT('Ctrl Pts',(45.4731080926582,-36.2915786270956,-180.528057236725));
#16690=CARTESIAN_POINT('Ctrl Pts',(45.4677122623628,-34.9198728259172,-180.71183238939));
#16691=CARTESIAN_POINT('Ctrl Pts',(45.4628632885575,-33.6871866341444,-180.800025667043));
#16692=CARTESIAN_POINT('',(45.4731080926582,-36.2915786270914,-170.271994097361));
#16693=CARTESIAN_POINT('',(45.4731080926582,-36.2915786270914,-180.800025667043));
#16694=CARTESIAN_POINT('Ctrl Pts',(45.4628632787988,-33.6871841533147,-170.000025489551));
#16695=CARTESIAN_POINT('Ctrl Pts',(45.467712257035,-34.9198714715053,-170.088218763238));
#16696=CARTESIAN_POINT('Ctrl Pts',(45.4731080926582,-36.2915786270958,-170.271994097361));
#16697=CARTESIAN_POINT('',(45.4337127483551,-26.2766561108237,-170.271994097361));
#16698=CARTESIAN_POINT('Ctrl Pts',(45.433712748355,-26.2766561108195,-170.271994097361));
#16699=CARTESIAN_POINT('Ctrl Pts',(45.4391085839783,-27.64836326641,-170.088218763238));
#16700=CARTESIAN_POINT('Ctrl Pts',(45.4439575622145,-28.8810505846006,-170.000025489551));
#16701=CARTESIAN_POINT('',(45.4337127483551,-26.2766561108237,-180.528057236725));
#16702=CARTESIAN_POINT('',(45.4337127483551,-26.2766561108237,-180.800025667043));
#16703=CARTESIAN_POINT('',(45.4439575524557,-28.8810481037707,-180.800025667043));
#16704=CARTESIAN_POINT('Ctrl Pts',(45.4439575524557,-28.8810481037707,-180.800025667043));
#16705=CARTESIAN_POINT('Ctrl Pts',(45.4391085786505,-27.648361911998,-180.71183238939));
#16706=CARTESIAN_POINT('Ctrl Pts',(45.433712748355,-26.2766561108195,-180.528057236725));
#16707=CARTESIAN_POINT('',(45.4731080926582,-36.2915786270914,-180.800025667043));
#16708=CARTESIAN_POINT('Origin',(45.4337127483551,-26.2766561108237,-180.800025667043));
#16709=CARTESIAN_POINT('',(47.6840599736097,-24.9655878537422,-180.800025667043));
#16710=CARTESIAN_POINT('Ctrl Pts',(45.4337127483514,-26.2766561108258,-180.528057236725));
#16711=CARTESIAN_POINT('Ctrl Pts',(46.6189469035428,-25.5861302841262,-180.71183238939));
#16712=CARTESIAN_POINT('Ctrl Pts',(47.6840599736097,-24.9655878537422,-180.800025667043));
#16713=CARTESIAN_POINT('Ctrl Pts',(47.6840621171918,-24.965586604876,-170.000025489551));
#16714=CARTESIAN_POINT('Ctrl Pts',(46.618948073834,-25.5861296023062,-170.088218763238));
#16715=CARTESIAN_POINT('Ctrl Pts',(45.4337127483515,-26.2766561108258,-170.271994097361));
#16716=CARTESIAN_POINT('',(54.0871923922241,-21.2350774837324,-170.271994097361));
#16717=CARTESIAN_POINT('Ctrl Pts',(54.0871923922278,-21.2350774837303,-170.271994097361));
#16718=CARTESIAN_POINT('Ctrl Pts',(52.9019570667452,-21.9256039922499,-170.088218763238));
#16719=CARTESIAN_POINT('Ctrl Pts',(51.8368430233874,-22.5461469896801,-170.000025489551));
#16720=CARTESIAN_POINT('',(54.0871923922241,-21.2350774837324,-180.528057236725));
#16721=CARTESIAN_POINT('',(54.0871923922241,-21.2350774837324,-180.800025667043));
#16722=CARTESIAN_POINT('',(51.8368451669695,-22.5461457408139,-180.800025667043));
#16723=CARTESIAN_POINT('Ctrl Pts',(51.8368451669696,-22.5461457408139,-180.800025667043));
#16724=CARTESIAN_POINT('Ctrl Pts',(52.9019582370365,-21.92560331043,-180.71183238939));
#16725=CARTESIAN_POINT('Ctrl Pts',(54.0871923922278,-21.2350774837303,-180.528057236725));
#16726=CARTESIAN_POINT('',(45.4337127483551,-26.2766561108237,-180.800025667043));
#16727=CARTESIAN_POINT('Origin',(54.0871923922241,-21.2350774837324,-180.800025667043));
#16728=CARTESIAN_POINT('',(56.3477844215794,-22.5284012195979,-180.800025667043));
#16729=CARTESIAN_POINT('Ctrl Pts',(54.0871923922204,-21.2350774837303,-180.528057236725));
#16730=CARTESIAN_POINT('Ctrl Pts',(55.2778223777072,-21.9162574582092,-180.71183238939));
#16731=CARTESIAN_POINT('Ctrl Pts',(56.3477844215793,-22.5284012195979,-180.800025667043));
#16732=CARTESIAN_POINT('Ctrl Pts',(56.3477865749203,-22.5284024515615,-170.000025489551));
#16733=CARTESIAN_POINT('Ctrl Pts',(55.2778235533264,-21.9162581308012,-170.088218763238));
#16734=CARTESIAN_POINT('Ctrl Pts',(54.0871923922207,-21.2350774837304,-170.271994097361));
#16735=CARTESIAN_POINT('',(62.7800673803964,-26.2084213729089,-170.271994097361));
#16736=CARTESIAN_POINT('Ctrl Pts',(62.7800673804001,-26.208421372911,-170.271994097361));
#16737=CARTESIAN_POINT('Ctrl Pts',(61.5894362192942,-25.5272407258402,-170.088218763238));
#16738=CARTESIAN_POINT('Ctrl Pts',(60.5194731977002,-24.9150964050798,-170.000025489551));
#16739=CARTESIAN_POINT('',(62.7800673803964,-26.2084213729089,-180.528057236725));
#16740=CARTESIAN_POINT('',(62.7800673803964,-26.2084213729089,-180.800025667043));
#16741=CARTESIAN_POINT('',(60.5194753510411,-24.9150976370434,-180.800025667043));
#16742=CARTESIAN_POINT('Ctrl Pts',(60.5194753510411,-24.9150976370434,-180.800025667043));
#16743=CARTESIAN_POINT('Ctrl Pts',(61.5894373949132,-25.5272413984321,-180.71183238939));
#16744=CARTESIAN_POINT('Ctrl Pts',(62.7800673804,-26.208421372911,-180.528057236725));
#16745=CARTESIAN_POINT('',(54.0871923922241,-21.2350774837324,-180.800025667043));
#16746=CARTESIAN_POINT('Origin',(62.7800673803964,-26.2084213729089,-180.800025667043));
#16747=CARTESIAN_POINT('',(62.7903121844971,-28.812813365856,-180.800025667043));
#16748=CARTESIAN_POINT('Ctrl Pts',(62.7800673803964,-26.2084213729047,-180.528057236725));
#16749=CARTESIAN_POINT('Ctrl Pts',(62.7854632106919,-27.5801271740832,-180.71183238939));
#16750=CARTESIAN_POINT('Ctrl Pts',(62.7903121844971,-28.8128133658559,-180.800025667043));
#16751=CARTESIAN_POINT('Ctrl Pts',(62.7903121942558,-28.8128158466857,-170.000025489551));
#16752=CARTESIAN_POINT('Ctrl Pts',(62.7854632160196,-27.5801285284952,-170.088218763238));
#16753=CARTESIAN_POINT('Ctrl Pts',(62.7800673803964,-26.2084213729048,-170.271994097361));
#16754=CARTESIAN_POINT('',(62.8194627246996,-36.2233438891767,-170.271994097361));
#16755=CARTESIAN_POINT('Ctrl Pts',(62.8194627246996,-36.2233438891809,-170.271994097361));
#16756=CARTESIAN_POINT('Ctrl Pts',(62.8140668890763,-34.8516367335905,-170.088218763238));
#16757=CARTESIAN_POINT('Ctrl Pts',(62.8092179108401,-33.6189494153999,-170.000025489551));
#16758=CARTESIAN_POINT('',(62.8194627246996,-36.2233438891767,-180.528057236725));
#16759=CARTESIAN_POINT('',(62.8194627246996,-36.2233438891767,-180.800025667043));
#16760=CARTESIAN_POINT('',(62.8092179205989,-33.6189518962296,-180.800025667043));
#16761=CARTESIAN_POINT('Ctrl Pts',(62.8092179205989,-33.6189518962297,-180.800025667043));
#16762=CARTESIAN_POINT('Ctrl Pts',(62.8140668944041,-34.8516380880025,-180.71183238939));
#16763=CARTESIAN_POINT('Ctrl Pts',(62.8194627246996,-36.2233438891811,-180.528057236725));
#16764=CARTESIAN_POINT('',(62.7800673803964,-26.2084213729089,-180.800025667043));
#16765=CARTESIAN_POINT('Origin',(62.8194627246996,-36.2233438891767,-180.800025667043));
#16766=CARTESIAN_POINT('',(60.569115499445,-37.5344121462582,-180.800025667043));
#16767=CARTESIAN_POINT('Ctrl Pts',(62.8194627247032,-36.2233438891745,-180.528057236725));
#16768=CARTESIAN_POINT('Ctrl Pts',(61.6342285695119,-36.9138697158742,-180.71183238939));
#16769=CARTESIAN_POINT('Ctrl Pts',(60.569115499445,-37.5344121462582,-180.800025667043));
#16770=CARTESIAN_POINT('Ctrl Pts',(60.5691133558628,-37.5344133951244,-170.000025489551));
#16771=CARTESIAN_POINT('Ctrl Pts',(61.6342273992206,-36.9138703976942,-170.088218763238));
#16772=CARTESIAN_POINT('Ctrl Pts',(62.8194627247032,-36.2233438891746,-170.271994097361));
#16773=CARTESIAN_POINT('',(54.1659830808305,-41.264922516268,-170.271994097361));
#16774=CARTESIAN_POINT('Ctrl Pts',(54.1659830808269,-41.2649225162701,-170.271994097361));
#16775=CARTESIAN_POINT('Ctrl Pts',(55.3512184063095,-40.5743960077504,-170.088218763238));
#16776=CARTESIAN_POINT('Ctrl Pts',(56.4163324496673,-39.9538530103202,-170.000025489551));
#16777=CARTESIAN_POINT('',(54.1659830808305,-41.264922516268,-180.528057236725));
#16778=CARTESIAN_POINT('',(54.1659830808305,-41.264922516268,-180.800025667043));
#16779=CARTESIAN_POINT('',(56.4163303060851,-39.9538542591864,-180.800025667043));
#16780=CARTESIAN_POINT('Ctrl Pts',(56.4163303060851,-39.9538542591864,-180.800025667043));
#16781=CARTESIAN_POINT('Ctrl Pts',(55.3512172360182,-40.5743966895704,-180.71183238939));
#16782=CARTESIAN_POINT('Ctrl Pts',(54.1659830808269,-41.2649225162701,-180.528057236725));
#16783=CARTESIAN_POINT('',(62.8194627246996,-36.2233438891767,-180.800025667043));
#16784=CARTESIAN_POINT('Origin',(54.1659830808305,-41.264922516268,-180.800025667043));
#16785=CARTESIAN_POINT('',(51.9053910514752,-39.9715987804024,-180.800025667043));
#16786=CARTESIAN_POINT('Ctrl Pts',(54.1659830808342,-41.2649225162701,-180.528057236725));
#16787=CARTESIAN_POINT('Ctrl Pts',(52.9753530953473,-40.5837425417912,-180.71183238939));
#16788=CARTESIAN_POINT('Ctrl Pts',(51.9053910514752,-39.9715987804024,-180.800025667043));
#16789=CARTESIAN_POINT('Ctrl Pts',(51.9053888981342,-39.9715975484389,-170.000025489551));
#16790=CARTESIAN_POINT('Ctrl Pts',(52.9753519197282,-40.5837418691992,-170.088218763238));
#16791=CARTESIAN_POINT('Ctrl Pts',(54.165983080834,-41.26492251627,-170.271994097361));
#16792=CARTESIAN_POINT('Ctrl Pts',(45.4731080926545,-36.2915786270894,-170.271994097361));
#16793=CARTESIAN_POINT('Ctrl Pts',(46.6637392537604,-36.9727592741602,-170.088218763238));
#16794=CARTESIAN_POINT('Ctrl Pts',(47.7337022753544,-37.5849035949206,-170.000025489551));
#16795=CARTESIAN_POINT('',(47.7337001220135,-37.584902362957,-180.800025667043));
#16796=CARTESIAN_POINT('Ctrl Pts',(47.7337001220135,-37.5849023629571,-180.800025667043));
#16797=CARTESIAN_POINT('Ctrl Pts',(46.6637380781414,-36.9727586015683,-180.71183238939));
#16798=CARTESIAN_POINT('Ctrl Pts',(45.4731080926546,-36.2915786270894,-180.528057236725));
#16799=CARTESIAN_POINT('',(54.1659830808305,-41.264922516268,-180.800025667043));
#16800=CARTESIAN_POINT('Origin',(45.5125034369614,-46.3065011433592,-180.800025667043));
#16801=CARTESIAN_POINT('Origin',(54.1265877365273,-31.2500000000002,-180.800025667043));
#16802=CARTESIAN_POINT('Origin',(54.1265877365273,-31.2500000000002,-180.800025667043));
#16803=CARTESIAN_POINT('Origin',(54.1265877365273,-31.2500000000002,-180.800025667043));
#16804=CARTESIAN_POINT('Origin',(54.1265877365273,-31.2500000000002,-180.800025667043));
#16805=CARTESIAN_POINT('Origin',(54.1265877365273,-31.2500000000002,-180.800025667043));
#16806=CARTESIAN_POINT('Origin',(54.1265877365273,-31.2500000000002,-180.800025667043));
#16807=CARTESIAN_POINT('',(57.5194448793846,-25.3733990457484,-180.800025667043));
#16808=CARTESIAN_POINT('Origin',(54.1265877365273,-31.2500000000002,-180.800025667043));
#16809=CARTESIAN_POINT('Origin',(54.1265877365273,-31.2500000000002,-170.000025667043));
#16810=CARTESIAN_POINT('Origin',(54.1265877365273,-31.2500000000002,-170.000025667043));
#16811=CARTESIAN_POINT('Origin',(54.1265877365273,-31.2500000000002,-170.000025667043));
#16812=CARTESIAN_POINT('Origin',(54.1265877365273,-31.2500000000002,-170.000025667043));
#16813=CARTESIAN_POINT('Origin',(54.1265877365273,-31.2500000000002,-170.000025667043));
#16814=CARTESIAN_POINT('Origin',(54.1265877365273,-31.2500000000002,-170.000025667043));
#16815=CARTESIAN_POINT('Origin',(54.1265877365273,-31.2500000000002,-180.800025667043));
#16816=CARTESIAN_POINT('Origin',(54.1265877365273,-31.2500000000002,-180.800025667043));
#16817=CARTESIAN_POINT('Origin',(54.1265877365273,-31.2500000000002,-180.800025667043));
#16818=CARTESIAN_POINT('Origin',(54.1265877365273,-31.2500000000002,-180.800025667043));
#16819=CARTESIAN_POINT('Origin',(54.1265877365273,-31.2500000000002,-180.800025667043));
#16820=CARTESIAN_POINT('Origin',(54.1265877365273,-31.2500000000002,-180.800025667043));
#16821=CARTESIAN_POINT('Origin',(54.1265877365273,-31.2500000000002,-180.014311381329));
#16822=CARTESIAN_POINT('',(57.1265877365273,-26.0538475772936,-180.014311381329));
#16823=CARTESIAN_POINT('',(51.1265877365273,-36.4461524227068,-180.014311381329));
#16824=CARTESIAN_POINT('Origin',(54.1265877365273,-31.2500000000002,-180.014311381329));
#16825=CARTESIAN_POINT('',(57.1265877365273,-26.0538475772936,-180.014311381329));
#16826=CARTESIAN_POINT('Origin',(54.1265877365273,-31.2500000000002,-180.014311381329));
#16827=CARTESIAN_POINT('Origin',(52.0015877365273,-34.930607966084,-190.));
#16828=CARTESIAN_POINT('',(52.0015877365273,-34.9306079660841,-190.));
#16829=CARTESIAN_POINT('Origin',(54.1265877365273,-31.2500000000002,-190.));
#16830=CARTESIAN_POINT('Origin',(54.1265877365273,-31.2500000000002,-123.));
#16831=CARTESIAN_POINT('',(52.0015877365273,-34.9306079660841,-188.));
#16832=CARTESIAN_POINT('Origin',(54.1265877365273,-31.2500000000002,-188.));
#16833=CARTESIAN_POINT('',(52.0015877365273,-34.9306079660841,-123.));
#16834=CARTESIAN_POINT('Origin',(51.1265877365273,-36.4461524227068,-188.));
#16835=CARTESIAN_POINT('',(51.8843377365273,-35.1336909232715,-188.));
#16836=CARTESIAN_POINT('Origin',(54.1265877365273,-31.2500000000002,-188.));
#16837=CARTESIAN_POINT('Origin',(54.1265877365273,-31.2500000000002,-188.));
#16838=CARTESIAN_POINT('',(51.1265877365273,-36.4461524227069,-187.125025667043));
#16839=CARTESIAN_POINT('Origin',(54.1265877365273,-31.2500000000002,-187.125025667043));
#16840=CARTESIAN_POINT('',(51.8843377365273,-35.1336909232715,-188.));
#16841=CARTESIAN_POINT('Origin',(54.1265877365273,-31.2500000000002,-123.));
#16842=CARTESIAN_POINT('',(51.1265877365273,-36.4461524227068,-123.));
#16843=CARTESIAN_POINT('',(187.935572747049,284.195479435032,-110.));
#16844=UNCERTAINTY_MEASURE_WITH_UNIT(LENGTH_MEASURE(0.01),#16850,
'DISTANCE_ACCURACY_VALUE',
'Maximum model space distance between geometric entities at asserted c
onnectivities');
#16845=UNCERTAINTY_MEASURE_WITH_UNIT(LENGTH_MEASURE(0.01),#16850,
'DISTANCE_ACCURACY_VALUE',
'Maximum model space distance between geometric entities at asserted c
onnectivities');
#16846=UNCERTAINTY_MEASURE_WITH_UNIT(LENGTH_MEASURE(0.01),#16850,
'DISTANCE_ACCURACY_VALUE',
'Maximum model space distance between geometric entities at asserted c
onnectivities');
#16847=(
GEOMETRIC_REPRESENTATION_CONTEXT(3)
GLOBAL_UNCERTAINTY_ASSIGNED_CONTEXT((#16844))
GLOBAL_UNIT_ASSIGNED_CONTEXT((#16850,#16851,#16852))
REPRESENTATION_CONTEXT('','3D')
);
#16848=(
GEOMETRIC_REPRESENTATION_CONTEXT(3)
GLOBAL_UNCERTAINTY_ASSIGNED_CONTEXT((#16845))
GLOBAL_UNIT_ASSIGNED_CONTEXT((#16850,#16851,#16852))
REPRESENTATION_CONTEXT('','3D')
);
#16849=(
GEOMETRIC_REPRESENTATION_CONTEXT(3)
GLOBAL_UNCERTAINTY_ASSIGNED_CONTEXT((#16846))
GLOBAL_UNIT_ASSIGNED_CONTEXT((#16850,#16851,#16852))
REPRESENTATION_CONTEXT('','3D')
);
#16850=(
LENGTH_UNIT()
NAMED_UNIT(*)
SI_UNIT(.MILLI.,.METRE.)
);
#16851=(
NAMED_UNIT(*)
PLANE_ANGLE_UNIT()
SI_UNIT($,.RADIAN.)
);
#16852=(
NAMED_UNIT(*)
SI_UNIT($,.STERADIAN.)
SOLID_ANGLE_UNIT()
);
#16853=SHAPE_DEFINITION_REPRESENTATION(#16855,#16858);
#16854=SHAPE_DEFINITION_REPRESENTATION(#16856,#16859);
#16855=PRODUCT_DEFINITION_SHAPE('',$,#16861);
#16856=PRODUCT_DEFINITION_SHAPE('',$,#16862);
#16857=PRODUCT_DEFINITION_SHAPE($,$,#15);
#16858=SHAPE_REPRESENTATION('',(#9545,#10560),#16847);
#16859=SHAPE_REPRESENTATION('',(#9546),#16848);
#16860=PRODUCT_DEFINITION_CONTEXT('part definition',#16868,'design');
#16861=PRODUCT_DEFINITION('Product','Product',#16863,#16860);
#16862=PRODUCT_DEFINITION('150','150',#16864,#16860);
#16863=PRODUCT_DEFINITION_FORMATION('',$,#16870);
#16864=PRODUCT_DEFINITION_FORMATION('',$,#16871);
#16865=PRODUCT_RELATED_PRODUCT_CATEGORY('Product','Product',(#16870));
#16866=PRODUCT_RELATED_PRODUCT_CATEGORY('150','150',(#16871));
#16867=APPLICATION_PROTOCOL_DEFINITION('international standard',
'automotive_design',2009,#16868);
#16868=APPLICATION_CONTEXT(
'Core Data for Automotive Mechanical Design Process');
#16869=PRODUCT_CONTEXT('part definition',#16868,'mechanical');
#16870=PRODUCT('Product','Product',$,(#16869));
#16871=PRODUCT('150','150',$,(#16869));
#16872=PRESENTATION_STYLE_ASSIGNMENT((#16874));
#16873=PRESENTATION_STYLE_ASSIGNMENT((#16875));
#16874=SURFACE_STYLE_USAGE(.BOTH.,#16876);
#16875=SURFACE_STYLE_USAGE(.BOTH.,#16877);
#16876=SURFACE_SIDE_STYLE('',(#16878));
#16877=SURFACE_SIDE_STYLE('',(#16879));
#16878=SURFACE_STYLE_FILL_AREA(#16880);
#16879=SURFACE_STYLE_FILL_AREA(#16881);
#16880=FILL_AREA_STYLE('',(#16882));
#16881=FILL_AREA_STYLE('',(#16883));
#16882=FILL_AREA_STYLE_COLOUR('',#16884);
#16883=FILL_AREA_STYLE_COLOUR('',#16885);
#16884=COLOUR_RGB('',1.,1.,1.);
#16885=COLOUR_RGB('',0.596078431372549,0.666666666666667,0.686274509803922);
ENDSEC;
END-ISO-10303-21;
