ISO-10303-21;
HEADER;
/* Generated by software containing ST-Developer
 * from STEP Tools, Inc. (www.steptools.com) 
 */

FILE_DESCRIPTION(
/* description */ ('DECK PLATE 2 TON'),
/* implementation_level */ '2;1');

FILE_NAME(
/* name */ 
'D:\\Working Folder\\Engineering data\\Mechanical\\2T DECK PLATE.stp',
/* time_stamp */ '2021-05-21T12:57:45+01:00',
/* author */ ('Kevin.Walker'),
/* organization */ (''),
/* preprocessor_version */ 'ST-DEVELOPER v18.1',
/* originating_system */ 'Autodesk Inventor 2021',
/* authorisation */ '');

FILE_SCHEMA (('AUTOMOTIVE_DESIGN { 1 0 10303 214 3 1 1 }'));
ENDSEC;

DATA;
#10=MECHANICAL_DESIGN_GEOMETRIC_PRESENTATION_REPRESENTATION('',(#2296,#2297,
#2298,#2299,#2300,#2301,#2302),#4862);
#11=SHAPE_REPRESENTATION_RELATIONSHIP('SRR','None',#4869,#12);
#12=ADVANCED_BREP_SHAPE_REPRESENTATION('',(#13),#4861);
#13=MANIFOLD_SOLID_BREP('Solid5',#2438);
#14=TOROIDAL_SURFACE('',#2551,11.,5.);
#15=TOROIDAL_SURFACE('',#2557,15.,5.);
#16=TOROIDAL_SURFACE('',#2567,11.,5.);
#17=TOROIDAL_SURFACE('',#2575,11.,5.);
#18=TOROIDAL_SURFACE('',#2581,15.,5.);
#19=TOROIDAL_SURFACE('',#2590,11.,5.);
#20=CYLINDRICAL_SURFACE('',#2519,2.);
#21=CYLINDRICAL_SURFACE('',#2521,2.);
#22=CYLINDRICAL_SURFACE('',#2522,2.);
#23=CYLINDRICAL_SURFACE('',#2525,1.);
#24=CYLINDRICAL_SURFACE('',#2533,2.);
#25=CYLINDRICAL_SURFACE('',#2535,2.);
#26=CYLINDRICAL_SURFACE('',#2536,2.);
#27=CYLINDRICAL_SURFACE('',#2539,0.999999999999999);
#28=CYLINDRICAL_SURFACE('',#2546,3.);
#29=CYLINDRICAL_SURFACE('',#2549,3.);
#30=CYLINDRICAL_SURFACE('',#2570,3.);
#31=CYLINDRICAL_SURFACE('',#2573,3.);
#32=CYLINDRICAL_SURFACE('',#2592,10.);
#33=CYLINDRICAL_SURFACE('',#2593,6.);
#34=CYLINDRICAL_SURFACE('',#2594,6.);
#35=CYLINDRICAL_SURFACE('',#2596,20.);
#36=CIRCLE('',#2515,0.999999999999999);
#37=CIRCLE('',#2518,0.999999999999996);
#38=CIRCLE('',#2520,2.);
#39=CIRCLE('',#2523,2.);
#40=CIRCLE('',#2526,1.);
#41=CIRCLE('',#2532,1.);
#42=CIRCLE('',#2534,2.);
#43=CIRCLE('',#2537,2.);
#44=CIRCLE('',#2545,3.);
#45=CIRCLE('',#2547,3.);
#46=CIRCLE('',#2548,3.);
#47=CIRCLE('',#2550,3.);
#48=CIRCLE('',#2552,11.);
#49=CIRCLE('',#2553,5.);
#50=CIRCLE('',#2554,6.);
#51=CIRCLE('',#2556,15.);
#52=CIRCLE('',#2558,15.);
#53=CIRCLE('',#2559,5.);
#54=CIRCLE('',#2560,20.);
#55=CIRCLE('',#2561,5.);
#56=CIRCLE('',#2562,10.);
#57=CIRCLE('',#2563,10.);
#58=CIRCLE('',#2564,20.);
#59=CIRCLE('',#2566,11.);
#60=CIRCLE('',#2568,6.);
#61=CIRCLE('',#2569,3.);
#62=CIRCLE('',#2571,3.);
#63=CIRCLE('',#2572,3.);
#64=CIRCLE('',#2574,3.);
#65=CIRCLE('',#2576,11.);
#66=CIRCLE('',#2577,5.);
#67=CIRCLE('',#2578,6.);
#68=CIRCLE('',#2580,15.);
#69=CIRCLE('',#2582,15.);
#70=CIRCLE('',#2583,5.);
#71=CIRCLE('',#2584,20.);
#72=CIRCLE('',#2585,5.);
#73=CIRCLE('',#2586,10.);
#74=CIRCLE('',#2587,20.);
#75=CIRCLE('',#2589,11.);
#76=CIRCLE('',#2591,6.);
#77=ELLIPSE('',#2513,2.23606797749979,2.);
#78=ELLIPSE('',#2514,2.23606797749979,2.);
#79=ELLIPSE('',#2516,2.23606797749979,2.);
#80=ELLIPSE('',#2517,2.23606797749979,2.);
#81=ELLIPSE('',#2528,2.23606797749979,2.);
#82=ELLIPSE('',#2529,2.23606797749979,2.);
#83=ELLIPSE('',#2530,2.23606797749979,2.);
#84=ELLIPSE('',#2531,2.23606797749979,2.);
#85=FACE_BOUND('',#386,.T.);
#86=FACE_BOUND('',#497,.T.);
#87=FACE_BOUND('',#498,.T.);
#88=FACE_BOUND('',#499,.T.);
#89=FACE_BOUND('',#500,.T.);
#90=FACE_BOUND('',#501,.T.);
#91=FACE_BOUND('',#502,.T.);
#92=B_SPLINE_CURVE_WITH_KNOTS('',2,(#3153,#3154,#3155,#3156),
 .UNSPECIFIED.,.F.,.F.,(3,1,3),(0.,1.,2.),.UNSPECIFIED.);
#93=B_SPLINE_CURVE_WITH_KNOTS('',3,(#3160,#3161,#3162,#3163,#3164,#3165,
#3166),.UNSPECIFIED.,.F.,.F.,(4,3,4),(-0.131712293521515,-0.0658561467607576,
0.),.UNSPECIFIED.);
#94=B_SPLINE_CURVE_WITH_KNOTS('',2,(#3177,#3178,#3179,#3180),
 .UNSPECIFIED.,.F.,.F.,(3,1,3),(0.,1.,2.),.UNSPECIFIED.);
#95=B_SPLINE_CURVE_WITH_KNOTS('',3,(#3182,#3183,#3184,#3185,#3186,#3187),
 .UNSPECIFIED.,.F.,.F.,(4,2,4),(-0.334225418999476,-0.117160053144834,0.),
 .UNSPECIFIED.);
#96=B_SPLINE_CURVE_WITH_KNOTS('',2,(#3225,#3226,#3227,#3228),
 .UNSPECIFIED.,.F.,.F.,(3,1,3),(0.,1.,2.),.UNSPECIFIED.);
#97=B_SPLINE_CURVE_WITH_KNOTS('',3,(#3231,#3232,#3233,#3234,#3235,#3236,
#3237),.UNSPECIFIED.,.F.,.F.,(4,3,4),(-0.189867429214439,-0.0949337146072195,
0.),.UNSPECIFIED.);
#98=B_SPLINE_CURVE_WITH_KNOTS('',2,(#3247,#3248,#3249,#3250),
 .UNSPECIFIED.,.F.,.F.,(3,1,3),(0.,1.,2.),.UNSPECIFIED.);
#99=B_SPLINE_CURVE_WITH_KNOTS('',3,(#3253,#3254,#3255,#3256,#3257,#3258),
 .UNSPECIFIED.,.F.,.F.,(4,2,4),(-0.0797779680359755,-0.0521025778430172,
0.),.UNSPECIFIED.);
#100=B_SPLINE_CURVE_WITH_KNOTS('',2,(#3277,#3278,#3279,#3280),
 .UNSPECIFIED.,.F.,.F.,(3,1,3),(0.,1.,2.),.UNSPECIFIED.);
#101=B_SPLINE_CURVE_WITH_KNOTS('',3,(#3283,#3284,#3285,#3286,#3287,#3288,
#3289),.UNSPECIFIED.,.F.,.F.,(4,3,4),(-0.0816256076768341,-0.040812803838417,
0.),.UNSPECIFIED.);
#102=B_SPLINE_CURVE_WITH_KNOTS('',2,(#3299,#3300,#3301,#3302),
 .UNSPECIFIED.,.F.,.F.,(3,1,3),(0.,1.,2.),.UNSPECIFIED.);
#103=B_SPLINE_CURVE_WITH_KNOTS('',3,(#3305,#3306,#3307,#3308,#3309,#3310,
#3311),.UNSPECIFIED.,.F.,.F.,(4,3,4),(-0.13178154704448,-0.0658907735222402,
0.),.UNSPECIFIED.);
#104=B_SPLINE_CURVE_WITH_KNOTS('',2,(#3321,#3322,#3323,#3324),
 .UNSPECIFIED.,.F.,.F.,(3,1,3),(0.,1.,2.),.UNSPECIFIED.);
#105=B_SPLINE_CURVE_WITH_KNOTS('',3,(#3327,#3328,#3329,#3330,#3331,#3332,
#3333),.UNSPECIFIED.,.F.,.F.,(4,3,4),(-0.104441741919933,-0.0522208709599666,
0.),.UNSPECIFIED.);
#106=B_SPLINE_CURVE_WITH_KNOTS('',2,(#3342,#3343,#3344,#3345),
 .UNSPECIFIED.,.F.,.F.,(3,1,3),(0.,1.,2.),.UNSPECIFIED.);
#107=B_SPLINE_CURVE_WITH_KNOTS('',3,(#3346,#3347,#3348,#3349,#3350,#3351,
#3352),.UNSPECIFIED.,.F.,.F.,(4,3,4),(-0.0714292463153242,-0.0357146231576621,
0.),.UNSPECIFIED.);
#108=B_SPLINE_CURVE_WITH_KNOTS('',2,(#3437,#3438,#3439,#3440),
 .UNSPECIFIED.,.F.,.F.,(3,1,3),(0.,1.,2.),.UNSPECIFIED.);
#109=B_SPLINE_CURVE_WITH_KNOTS('',3,(#3444,#3445,#3446,#3447,#3448,#3449,
#3450),.UNSPECIFIED.,.F.,.F.,(4,3,4),(-0.125587507387755,-0.0627937536938776,
0.),.UNSPECIFIED.);
#110=B_SPLINE_CURVE_WITH_KNOTS('',2,(#3461,#3462,#3463,#3464),
 .UNSPECIFIED.,.F.,.F.,(3,1,3),(0.,1.,2.),.UNSPECIFIED.);
#111=B_SPLINE_CURVE_WITH_KNOTS('',3,(#3466,#3467,#3468,#3469,#3470,#3471,
#3472),.UNSPECIFIED.,.F.,.F.,(4,3,4),(-0.295522777097348,-0.147761388548674,
0.),.UNSPECIFIED.);
#112=B_SPLINE_CURVE_WITH_KNOTS('',2,(#3483,#3484,#3485,#3486),
 .UNSPECIFIED.,.F.,.F.,(3,1,3),(0.,1.,2.),.UNSPECIFIED.);
#113=B_SPLINE_CURVE_WITH_KNOTS('',3,(#3488,#3489,#3490,#3491,#3492,#3493,
#3494),.UNSPECIFIED.,.F.,.F.,(4,3,4),(-0.109129362421098,-0.0545646812105491,
0.),.UNSPECIFIED.);
#114=B_SPLINE_CURVE_WITH_KNOTS('',2,(#3505,#3506,#3507,#3508),
 .UNSPECIFIED.,.F.,.F.,(3,1,3),(0.,1.,2.),.UNSPECIFIED.);
#115=B_SPLINE_CURVE_WITH_KNOTS('',3,(#3510,#3511,#3512,#3513,#3514,#3515,
#3516),.UNSPECIFIED.,.F.,.F.,(4,3,4),(-0.114009274173333,-0.0570046370866665,
0.),.UNSPECIFIED.);
#116=B_SPLINE_CURVE_WITH_KNOTS('',2,(#3527,#3528,#3529,#3530),
 .UNSPECIFIED.,.F.,.F.,(3,1,3),(0.,1.,2.),.UNSPECIFIED.);
#117=B_SPLINE_CURVE_WITH_KNOTS('',3,(#3532,#3533,#3534,#3535,#3536,#3537,
#3538),.UNSPECIFIED.,.F.,.F.,(4,3,4),(-0.140705413295766,-0.0703527066478829,
0.),.UNSPECIFIED.);
#118=B_SPLINE_CURVE_WITH_KNOTS('',2,(#3549,#3550,#3551,#3552),
 .UNSPECIFIED.,.F.,.F.,(3,1,3),(0.,1.,2.),.UNSPECIFIED.);
#119=B_SPLINE_CURVE_WITH_KNOTS('',3,(#3554,#3555,#3556,#3557,#3558,#3559,
#3560),.UNSPECIFIED.,.F.,.F.,(4,3,4),(-0.0996584187828877,-0.0498292093914439,
0.),.UNSPECIFIED.);
#120=B_SPLINE_CURVE_WITH_KNOTS('',2,(#3583,#3584,#3585,#3586),
 .UNSPECIFIED.,.F.,.F.,(3,1,3),(0.,1.,2.),.UNSPECIFIED.);
#121=B_SPLINE_CURVE_WITH_KNOTS('',3,(#3588,#3589,#3590,#3591,#3592,#3593,
#3594),.UNSPECIFIED.,.F.,.F.,(4,3,4),(-0.085844494489824,-0.042922247244912,
0.),.UNSPECIFIED.);
#122=B_SPLINE_CURVE_WITH_KNOTS('',2,(#3605,#3606,#3607,#3608),
 .UNSPECIFIED.,.F.,.F.,(3,1,3),(0.,1.,2.),.UNSPECIFIED.);
#123=B_SPLINE_CURVE_WITH_KNOTS('',3,(#3610,#3611,#3612,#3613,#3614,#3615,
#3616),.UNSPECIFIED.,.F.,.F.,(4,3,4),(-0.180748745032432,-0.0903743725162159,
0.),.UNSPECIFIED.);
#124=B_SPLINE_CURVE_WITH_KNOTS('',2,(#3627,#3628,#3629,#3630),
 .UNSPECIFIED.,.F.,.F.,(3,1,3),(0.,1.,2.),.UNSPECIFIED.);
#125=B_SPLINE_CURVE_WITH_KNOTS('',3,(#3633,#3634,#3635,#3636,#3637,#3638,
#3639),.UNSPECIFIED.,.F.,.F.,(4,3,4),(-0.207693867746055,-0.103846933873028,
0.),.UNSPECIFIED.);
#126=B_SPLINE_CURVE_WITH_KNOTS('',2,(#3649,#3650,#3651,#3652),
 .UNSPECIFIED.,.F.,.F.,(3,1,3),(0.,1.,2.),.UNSPECIFIED.);
#127=B_SPLINE_CURVE_WITH_KNOTS('',3,(#3655,#3656,#3657,#3658,#3659,#3660,
#3661),.UNSPECIFIED.,.F.,.F.,(4,3,4),(-0.175448531286084,-0.0877242656430418,
0.),.UNSPECIFIED.);
#128=B_SPLINE_CURVE_WITH_KNOTS('',2,(#3683,#3684,#3685,#3686),
 .UNSPECIFIED.,.F.,.F.,(3,1,3),(0.,1.,2.),.UNSPECIFIED.);
#129=B_SPLINE_CURVE_WITH_KNOTS('',3,(#3689,#3690,#3691,#3692,#3693,#3694,
#3695),.UNSPECIFIED.,.F.,.F.,(4,3,4),(-0.103747383177539,-0.0518736915887697,
0.),.UNSPECIFIED.);
#130=B_SPLINE_CURVE_WITH_KNOTS('',2,(#3705,#3706,#3707,#3708),
 .UNSPECIFIED.,.F.,.F.,(3,1,3),(0.,1.,2.),.UNSPECIFIED.);
#131=B_SPLINE_CURVE_WITH_KNOTS('',3,(#3711,#3712,#3713,#3714,#3715,#3716,
#3717),.UNSPECIFIED.,.F.,.F.,(4,3,4),(-0.163593971718641,-0.0817969858593204,
0.),.UNSPECIFIED.);
#132=B_SPLINE_CURVE_WITH_KNOTS('',2,(#3727,#3728,#3729,#3730),
 .UNSPECIFIED.,.F.,.F.,(3,1,3),(0.,1.,2.),.UNSPECIFIED.);
#133=B_SPLINE_CURVE_WITH_KNOTS('',3,(#3733,#3734,#3735,#3736,#3737,#3738,
#3739),.UNSPECIFIED.,.F.,.F.,(4,3,4),(-0.0749691576293595,-0.0374845788146798,
0.),.UNSPECIFIED.);
#134=B_SPLINE_CURVE_WITH_KNOTS('',2,(#3749,#3750,#3751,#3752),
 .UNSPECIFIED.,.F.,.F.,(3,1,3),(0.,1.,2.),.UNSPECIFIED.);
#135=B_SPLINE_CURVE_WITH_KNOTS('',3,(#3755,#3756,#3757,#3758,#3759,#3760,
#3761),.UNSPECIFIED.,.F.,.F.,(4,3,4),(-0.0850158585958627,-0.0425079292979313,
0.),.UNSPECIFIED.);
#136=B_SPLINE_CURVE_WITH_KNOTS('',2,(#3771,#3772,#3773,#3774),
 .UNSPECIFIED.,.F.,.F.,(3,1,3),(0.,1.,2.),.UNSPECIFIED.);
#137=B_SPLINE_CURVE_WITH_KNOTS('',3,(#3777,#3778,#3779,#3780,#3781,#3782,
#3783),.UNSPECIFIED.,.F.,.F.,(4,3,4),(-0.220420028759132,-0.110210014379566,
0.),.UNSPECIFIED.);
#138=B_SPLINE_CURVE_WITH_KNOTS('',2,(#3792,#3793,#3794,#3795),
 .UNSPECIFIED.,.F.,.F.,(3,1,3),(0.,1.,2.),.UNSPECIFIED.);
#139=B_SPLINE_CURVE_WITH_KNOTS('',3,(#3796,#3797,#3798,#3799,#3800,#3801,
#3802),.UNSPECIFIED.,.F.,.F.,(4,3,4),(-0.0780556846982859,-0.039027842349143,
0.),.UNSPECIFIED.);
#140=B_SPLINE_CURVE_WITH_KNOTS('',2,(#3901,#3902,#3903,#3904),
 .UNSPECIFIED.,.F.,.F.,(3,1,3),(0.,1.,2.),.UNSPECIFIED.);
#141=B_SPLINE_CURVE_WITH_KNOTS('',3,(#3906,#3907,#3908,#3909,#3910,#3911,
#3912),.UNSPECIFIED.,.F.,.F.,(4,3,4),(-0.233282762139536,-0.116641381069768,
0.),.UNSPECIFIED.);
#142=B_SPLINE_CURVE_WITH_KNOTS('',2,(#3923,#3924,#3925,#3926),
 .UNSPECIFIED.,.F.,.F.,(3,1,3),(0.,1.,2.),.UNSPECIFIED.);
#143=B_SPLINE_CURVE_WITH_KNOTS('',3,(#3928,#3929,#3930,#3931,#3932,#3933,
#3934),.UNSPECIFIED.,.F.,.F.,(4,3,4),(-0.0871923180075803,-0.0435961590037901,
0.),.UNSPECIFIED.);
#144=B_SPLINE_CURVE_WITH_KNOTS('',2,(#3945,#3946,#3947,#3948),
 .UNSPECIFIED.,.F.,.F.,(3,1,3),(0.,1.,2.),.UNSPECIFIED.);
#145=B_SPLINE_CURVE_WITH_KNOTS('',3,(#3950,#3951,#3952,#3953,#3954,#3955,
#3956,#3957),.UNSPECIFIED.,.F.,.F.,(4,2,2,4),(-0.0400978037824308,-0.0292752116124321,
-0.0174507590580452,0.),.UNSPECIFIED.);
#146=B_SPLINE_CURVE_WITH_KNOTS('',2,(#3968,#3969,#3970,#3971),
 .UNSPECIFIED.,.F.,.F.,(3,1,3),(0.,1.,2.),.UNSPECIFIED.);
#147=B_SPLINE_CURVE_WITH_KNOTS('',3,(#3973,#3974,#3975,#3976,#3977,#3978,
#3979),.UNSPECIFIED.,.F.,.F.,(4,3,4),(-0.0770114166715615,-0.0385057083357807,
0.),.UNSPECIFIED.);
#148=B_SPLINE_CURVE_WITH_KNOTS('',2,(#3990,#3991,#3992,#3993),
 .UNSPECIFIED.,.F.,.F.,(3,1,3),(0.,1.,2.),.UNSPECIFIED.);
#149=B_SPLINE_CURVE_WITH_KNOTS('',3,(#3995,#3996,#3997,#3998,#3999,#4000,
#4001),.UNSPECIFIED.,.F.,.F.,(4,3,4),(-0.117770093552053,-0.0588850467760264,
0.),.UNSPECIFIED.);
#150=B_SPLINE_CURVE_WITH_KNOTS('',2,(#4012,#4013,#4014,#4015),
 .UNSPECIFIED.,.F.,.F.,(3,1,3),(0.,1.,2.),.UNSPECIFIED.);
#151=B_SPLINE_CURVE_WITH_KNOTS('',3,(#4017,#4018,#4019,#4020,#4021,#4022,
#4023),.UNSPECIFIED.,.F.,.F.,(4,3,4),(-0.039254856879517,-0.0196274284397585,
0.),.UNSPECIFIED.);
#152=B_SPLINE_CURVE_WITH_KNOTS('',2,(#4046,#4047,#4048,#4049),
 .UNSPECIFIED.,.F.,.F.,(3,1,3),(0.,1.,2.),.UNSPECIFIED.);
#153=B_SPLINE_CURVE_WITH_KNOTS('',3,(#4052,#4053,#4054,#4055,#4056,#4057,
#4058),.UNSPECIFIED.,.F.,.F.,(4,3,4),(-0.226763327969107,-0.113381663984553,
0.),.UNSPECIFIED.);
#154=B_SPLINE_CURVE_WITH_KNOTS('',2,(#4068,#4069,#4070,#4071),
 .UNSPECIFIED.,.F.,.F.,(3,1,3),(0.,1.,2.),.UNSPECIFIED.);
#155=B_SPLINE_CURVE_WITH_KNOTS('',3,(#4074,#4075,#4076,#4077,#4078,#4079,
#4080),.UNSPECIFIED.,.F.,.F.,(4,3,4),(-0.0761291241152001,-0.0380645620576,
0.),.UNSPECIFIED.);
#156=B_SPLINE_CURVE_WITH_KNOTS('',2,(#4090,#4091,#4092,#4093),
 .UNSPECIFIED.,.F.,.F.,(3,1,3),(0.,1.,2.),.UNSPECIFIED.);
#157=B_SPLINE_CURVE_WITH_KNOTS('',3,(#4096,#4097,#4098,#4099,#4100,#4101,
#4102),.UNSPECIFIED.,.F.,.F.,(4,3,4),(-0.139582197138207,-0.0697910985691036,
0.),.UNSPECIFIED.);
#158=B_SPLINE_CURVE_WITH_KNOTS('',2,(#4112,#4113,#4114,#4115),
 .UNSPECIFIED.,.F.,.F.,(3,1,3),(0.,1.,2.),.UNSPECIFIED.);
#159=B_SPLINE_CURVE_WITH_KNOTS('',3,(#4118,#4119,#4120,#4121,#4122,#4123,
#4124),.UNSPECIFIED.,.F.,.F.,(4,3,4),(-0.161654667461354,-0.0808273337306769,
0.),.UNSPECIFIED.);
#160=B_SPLINE_CURVE_WITH_KNOTS('',2,(#4134,#4135,#4136,#4137),
 .UNSPECIFIED.,.F.,.F.,(3,1,3),(0.,1.,2.),.UNSPECIFIED.);
#161=B_SPLINE_CURVE_WITH_KNOTS('',3,(#4140,#4141,#4142,#4143,#4144,#4145,
#4146),.UNSPECIFIED.,.F.,.F.,(4,3,4),(-0.189476855413966,-0.0947384277069831,
0.),.UNSPECIFIED.);
#162=B_SPLINE_CURVE_WITH_KNOTS('',3,(#4249,#4250,#4251,#4252,#4253,#4254),
 .UNSPECIFIED.,.F.,.F.,(4,1,1,4),(-1.64688329927608,-1.26770826373648,-0.888533228196882,
-0.758222101060783),.UNSPECIFIED.);
#163=B_SPLINE_CURVE_WITH_KNOTS('',3,(#4258,#4259,#4260,#4261,#4262,#4263,
#4264,#4265,#4266),.UNSPECIFIED.,.F.,.F.,(4,1,1,1,1,1,4),(-2.05331426005585,
-1.75998365147644,-1.46665304289703,-1.17332243431763,-0.879991825738219,
-0.293330608579406,-1.48029736616688E-17),.UNSPECIFIED.);
#164=B_SPLINE_CURVE_WITH_KNOTS('',3,(#4270,#4271,#4272,#4273,#4274,#4275),
 .UNSPECIFIED.,.F.,.F.,(4,1,1,4),(0.758183018724655,0.888533228196882,1.26770826373648,
1.64688329927608),.UNSPECIFIED.);
#165=B_SPLINE_CURVE_WITH_KNOTS('',3,(#4375,#4376,#4377,#4378,#4379),
 .UNSPECIFIED.,.F.,.F.,(4,1,4),(-1.64688329927608,-1.07812074596668,-0.75820040652461),
 .UNSPECIFIED.);
#166=B_SPLINE_CURVE_WITH_KNOTS('',3,(#4383,#4384,#4385,#4386,#4387,#4388,
#4389,#4390,#4391),.UNSPECIFIED.,.F.,.F.,(4,1,1,1,1,1,4),(-2.05331426005585,
-1.75998365147644,-1.46665304289703,-1.17332243431763,-0.87999182573822,
-0.293330608579407,0.),.UNSPECIFIED.);
#167=B_SPLINE_CURVE_WITH_KNOTS('',3,(#4394,#4395,#4396,#4397,#4398,#4399),
 .UNSPECIFIED.,.F.,.F.,(4,1,1,4),(0.758183018724654,0.888533228196881,1.26770826373648,
1.64688329927608),.UNSPECIFIED.);
#168=B_SPLINE_CURVE_WITH_KNOTS('',3,(#4407,#4408,#4409,#4410,#4411),
 .UNSPECIFIED.,.F.,.F.,(4,1,4),(0.568448717413357,0.698945710427083,0.758207132631162),
 .UNSPECIFIED.);
#169=B_SPLINE_CURVE_WITH_KNOTS('',3,(#4414,#4415,#4416,#4417,#4418),
 .UNSPECIFIED.,.F.,.F.,(4,1,4),(-0.75820040652461,-0.698945710427083,-0.568454476694099),
 .UNSPECIFIED.);
#170=B_SPLINE_CURVE_WITH_KNOTS('',3,(#4425,#4426,#4427,#4428,#4429),
 .UNSPECIFIED.,.F.,.F.,(4,1,4),(0.568442968077633,0.698945710427082,0.758183018724654),
 .UNSPECIFIED.);
#171=B_SPLINE_CURVE_WITH_KNOTS('',3,(#4432,#4433,#4434,#4435,#4436),
 .UNSPECIFIED.,.F.,.F.,(4,1,4),(-0.758222101060783,-0.698945710427083,-0.5684533699621),
 .UNSPECIFIED.);
#172=B_SPLINE_CURVE_WITH_KNOTS('',3,(#4473,#4474,#4475,#4476,#4477,#4478,
#4479,#4480,#4481,#4482,#4483,#4484),.UNSPECIFIED.,.F.,.F.,(4,2,2,2,2,4),
(0.,0.042539496471109,0.123255651658877,0.181839938272627,0.262731003715966,
0.263687694231032),.UNSPECIFIED.);
#173=B_SPLINE_CURVE_WITH_KNOTS('',3,(#4486,#4487,#4488,#4489,#4490,#4491,
#4492),.UNSPECIFIED.,.F.,.F.,(4,1,1,1,4),(0.319770674887486,0.509358192657285,
0.698945710427083,1.07812074596668,1.64688329927608),.UNSPECIFIED.);
#174=B_SPLINE_CURVE_WITH_KNOTS('',3,(#4545,#4546,#4547,#4548,#4549,#4550,
#4551,#4552,#4553),.UNSPECIFIED.,.F.,.F.,(4,1,1,1,1,1,4),(0.,0.293330608579407,
0.87999182573822,1.17332243431763,1.46665304289703,1.75998365147644,2.05331426005585),
 .UNSPECIFIED.);
#175=B_SPLINE_CURVE_WITH_KNOTS('',3,(#4599,#4600,#4601,#4602,#4603,#4604,
#4605,#4606,#4607,#4608),.UNSPECIFIED.,.F.,.F.,(4,2,2,2,4),(-0.000961427355388773,
0.,0.0571577184474629,0.119724589841622,0.262697954139773),
 .UNSPECIFIED.);
#176=B_SPLINE_CURVE_WITH_KNOTS('',3,(#4609,#4610,#4611,#4612,#4613,#4614,
#4615,#4616),.UNSPECIFIED.,.F.,.F.,(4,1,1,1,1,4),(-1.64688329927608,-1.26770826373648,
-0.888533228196881,-0.698945710427082,-0.509358192657283,-0.319770674887485),
 .UNSPECIFIED.);
#177=B_SPLINE_CURVE_WITH_KNOTS('',3,(#4683,#4684,#4685,#4686,#4687,#4688,
#4689,#4690,#4691,#4692,#4693,#4694),.UNSPECIFIED.,.F.,.F.,(4,2,2,2,2,4),
(0.,0.0425394964710483,0.123255651658734,0.181839938272381,0.262731002551745,
0.263687693169918),.UNSPECIFIED.);
#178=B_SPLINE_CURVE_WITH_KNOTS('',3,(#4696,#4697,#4698,#4699,#4700,#4701,
#4702,#4703),.UNSPECIFIED.,.F.,.F.,(4,1,1,1,1,4),(0.319770674887486,0.509358192657284,
0.698945710427083,0.888533228196882,1.26770826373648,1.64688329927608),
 .UNSPECIFIED.);
#179=B_SPLINE_CURVE_WITH_KNOTS('',3,(#4756,#4757,#4758,#4759,#4760,#4761,
#4762,#4763,#4764),.UNSPECIFIED.,.F.,.F.,(4,1,1,1,1,1,4),(1.48029736616688E-17,
0.293330608579406,0.879991825738219,1.17332243431763,1.46665304289703,1.75998365147644,
2.05331426005585),.UNSPECIFIED.);
#180=B_SPLINE_CURVE_WITH_KNOTS('',3,(#4810,#4811,#4812,#4813,#4814,#4815,
#4816,#4817,#4818,#4819),.UNSPECIFIED.,.F.,.F.,(4,2,2,2,4),(-0.000961427309357203,
0.,0.0571577173754351,0.119724587398285,0.262697948562829),
 .UNSPECIFIED.);
#181=B_SPLINE_CURVE_WITH_KNOTS('',3,(#4820,#4821,#4822,#4823,#4824,#4825,
#4826,#4827),.UNSPECIFIED.,.F.,.F.,(4,1,1,1,1,4),(-1.64688329927608,-1.26770826373648,
-0.888533228196882,-0.698945710427083,-0.509358192657284,-0.319770674887485),
 .UNSPECIFIED.);
#182=B_SPLINE_SURFACE_WITH_KNOTS('',2,1,((#3143,#3144),(#3145,#3146),(#3147,
#3148),(#3149,#3150)),.UNSPECIFIED.,.F.,.F.,.F.,(3,1,3),(2,2),(0.,1.,2.),
(0.,13.2206138234775),.UNSPECIFIED.);
#183=B_SPLINE_SURFACE_WITH_KNOTS('',2,1,((#3168,#3169),(#3170,#3171),(#3172,
#3173),(#3174,#3175)),.UNSPECIFIED.,.F.,.F.,.F.,(3,1,3),(2,2),(0.,1.,2.),
(0.,13.2206138234775),.UNSPECIFIED.);
#184=B_SPLINE_SURFACE_WITH_KNOTS('',2,1,((#3216,#3217),(#3218,#3219),(#3220,
#3221),(#3222,#3223)),.UNSPECIFIED.,.F.,.F.,.F.,(3,1,3),(2,2),(0.,1.,2.),
(0.,13.2206138234775),.UNSPECIFIED.);
#185=B_SPLINE_SURFACE_WITH_KNOTS('',2,1,((#3238,#3239),(#3240,#3241),(#3242,
#3243),(#3244,#3245)),.UNSPECIFIED.,.F.,.F.,.F.,(3,1,3),(2,2),(0.,1.,2.),
(0.,13.2206138234775),.UNSPECIFIED.);
#186=B_SPLINE_SURFACE_WITH_KNOTS('',2,1,((#3268,#3269),(#3270,#3271),(#3272,
#3273),(#3274,#3275)),.UNSPECIFIED.,.F.,.F.,.F.,(3,1,3),(2,2),(-2.,-1.,
0.),(0.,13.2206138234775),.UNSPECIFIED.);
#187=B_SPLINE_SURFACE_WITH_KNOTS('',2,1,((#3290,#3291),(#3292,#3293),(#3294,
#3295),(#3296,#3297)),.UNSPECIFIED.,.F.,.F.,.F.,(3,1,3),(2,2),(-2.,-1.,
0.),(0.,13.2206138234775),.UNSPECIFIED.);
#188=B_SPLINE_SURFACE_WITH_KNOTS('',2,1,((#3312,#3313),(#3314,#3315),(#3316,
#3317),(#3318,#3319)),.UNSPECIFIED.,.F.,.F.,.F.,(3,1,3),(2,2),(-2.,-1.,
0.),(0.,13.2206138234775),.UNSPECIFIED.);
#189=B_SPLINE_SURFACE_WITH_KNOTS('',2,1,((#3334,#3335),(#3336,#3337),(#3338,
#3339),(#3340,#3341)),.UNSPECIFIED.,.F.,.F.,.F.,(3,1,3),(2,2),(-2.,-1.,
0.),(0.,13.2206138234775),.UNSPECIFIED.);
#190=B_SPLINE_SURFACE_WITH_KNOTS('',2,1,((#3427,#3428),(#3429,#3430),(#3431,
#3432),(#3433,#3434)),.UNSPECIFIED.,.F.,.F.,.F.,(3,1,3),(2,2),(0.,1.,2.),
(0.,13.2206138234775),.UNSPECIFIED.);
#191=B_SPLINE_SURFACE_WITH_KNOTS('',2,1,((#3452,#3453),(#3454,#3455),(#3456,
#3457),(#3458,#3459)),.UNSPECIFIED.,.F.,.F.,.F.,(3,1,3),(2,2),(0.,1.,2.),
(0.,13.2206138234775),.UNSPECIFIED.);
#192=B_SPLINE_SURFACE_WITH_KNOTS('',2,1,((#3474,#3475),(#3476,#3477),(#3478,
#3479),(#3480,#3481)),.UNSPECIFIED.,.F.,.F.,.F.,(3,1,3),(2,2),(0.,1.,2.),
(0.,13.2206138234775),.UNSPECIFIED.);
#193=B_SPLINE_SURFACE_WITH_KNOTS('',2,1,((#3496,#3497),(#3498,#3499),(#3500,
#3501),(#3502,#3503)),.UNSPECIFIED.,.F.,.F.,.F.,(3,1,3),(2,2),(0.,1.,2.),
(0.,13.2206138234775),.UNSPECIFIED.);
#194=B_SPLINE_SURFACE_WITH_KNOTS('',2,1,((#3518,#3519),(#3520,#3521),(#3522,
#3523),(#3524,#3525)),.UNSPECIFIED.,.F.,.F.,.F.,(3,1,3),(2,2),(0.,1.,2.),
(0.,13.2206138234775),.UNSPECIFIED.);
#195=B_SPLINE_SURFACE_WITH_KNOTS('',2,1,((#3540,#3541),(#3542,#3543),(#3544,
#3545),(#3546,#3547)),.UNSPECIFIED.,.F.,.F.,.F.,(3,1,3),(2,2),(0.,1.,2.),
(0.,13.2206138234775),.UNSPECIFIED.);
#196=B_SPLINE_SURFACE_WITH_KNOTS('',2,1,((#3574,#3575),(#3576,#3577),(#3578,
#3579),(#3580,#3581)),.UNSPECIFIED.,.F.,.F.,.F.,(3,1,3),(2,2),(0.,1.,2.),
(0.,13.2206138234775),.UNSPECIFIED.);
#197=B_SPLINE_SURFACE_WITH_KNOTS('',2,1,((#3596,#3597),(#3598,#3599),(#3600,
#3601),(#3602,#3603)),.UNSPECIFIED.,.F.,.F.,.F.,(3,1,3),(2,2),(0.,1.,2.),
(0.,13.2206138234775),.UNSPECIFIED.);
#198=B_SPLINE_SURFACE_WITH_KNOTS('',2,1,((#3618,#3619),(#3620,#3621),(#3622,
#3623),(#3624,#3625)),.UNSPECIFIED.,.F.,.F.,.F.,(3,1,3),(2,2),(0.,1.,2.),
(0.,13.2206138234775),.UNSPECIFIED.);
#199=B_SPLINE_SURFACE_WITH_KNOTS('',2,1,((#3640,#3641),(#3642,#3643),(#3644,
#3645),(#3646,#3647)),.UNSPECIFIED.,.F.,.F.,.F.,(3,1,3),(2,2),(0.,1.,2.),
(0.,13.2206138234775),.UNSPECIFIED.);
#200=B_SPLINE_SURFACE_WITH_KNOTS('',2,1,((#3674,#3675),(#3676,#3677),(#3678,
#3679),(#3680,#3681)),.UNSPECIFIED.,.F.,.F.,.F.,(3,1,3),(2,2),(0.,1.,2.),
(0.,13.2206138234775),.UNSPECIFIED.);
#201=B_SPLINE_SURFACE_WITH_KNOTS('',2,1,((#3696,#3697),(#3698,#3699),(#3700,
#3701),(#3702,#3703)),.UNSPECIFIED.,.F.,.F.,.F.,(3,1,3),(2,2),(0.,1.,2.),
(0.,13.2206138234775),.UNSPECIFIED.);
#202=B_SPLINE_SURFACE_WITH_KNOTS('',2,1,((#3718,#3719),(#3720,#3721),(#3722,
#3723),(#3724,#3725)),.UNSPECIFIED.,.F.,.F.,.F.,(3,1,3),(2,2),(0.,1.,2.),
(0.,13.2206138234775),.UNSPECIFIED.);
#203=B_SPLINE_SURFACE_WITH_KNOTS('',2,1,((#3740,#3741),(#3742,#3743),(#3744,
#3745),(#3746,#3747)),.UNSPECIFIED.,.F.,.F.,.F.,(3,1,3),(2,2),(0.,1.,2.),
(0.,13.2206138234775),.UNSPECIFIED.);
#204=B_SPLINE_SURFACE_WITH_KNOTS('',2,1,((#3762,#3763),(#3764,#3765),(#3766,
#3767),(#3768,#3769)),.UNSPECIFIED.,.F.,.F.,.F.,(3,1,3),(2,2),(0.,1.,2.),
(0.,13.2206138234775),.UNSPECIFIED.);
#205=B_SPLINE_SURFACE_WITH_KNOTS('',2,1,((#3784,#3785),(#3786,#3787),(#3788,
#3789),(#3790,#3791)),.UNSPECIFIED.,.F.,.F.,.F.,(3,1,3),(2,2),(0.,1.,2.),
(0.,13.2206138234775),.UNSPECIFIED.);
#206=B_SPLINE_SURFACE_WITH_KNOTS('',2,1,((#3892,#3893),(#3894,#3895),(#3896,
#3897),(#3898,#3899)),.UNSPECIFIED.,.F.,.F.,.F.,(3,1,3),(2,2),(0.,1.,2.),
(0.,13.2206138234775),.UNSPECIFIED.);
#207=B_SPLINE_SURFACE_WITH_KNOTS('',2,1,((#3914,#3915),(#3916,#3917),(#3918,
#3919),(#3920,#3921)),.UNSPECIFIED.,.F.,.F.,.F.,(3,1,3),(2,2),(0.,1.,2.),
(0.,13.2206138234775),.UNSPECIFIED.);
#208=B_SPLINE_SURFACE_WITH_KNOTS('',2,1,((#3936,#3937),(#3938,#3939),(#3940,
#3941),(#3942,#3943)),.UNSPECIFIED.,.F.,.F.,.F.,(3,1,3),(2,2),(0.,1.,2.),
(0.,13.2206138234775),.UNSPECIFIED.);
#209=B_SPLINE_SURFACE_WITH_KNOTS('',2,1,((#3959,#3960),(#3961,#3962),(#3963,
#3964),(#3965,#3966)),.UNSPECIFIED.,.F.,.F.,.F.,(3,1,3),(2,2),(0.,1.,2.),
(0.,13.2206138234775),.UNSPECIFIED.);
#210=B_SPLINE_SURFACE_WITH_KNOTS('',2,1,((#3981,#3982),(#3983,#3984),(#3985,
#3986),(#3987,#3988)),.UNSPECIFIED.,.F.,.F.,.F.,(3,1,3),(2,2),(0.,1.,2.),
(0.,13.2206138234775),.UNSPECIFIED.);
#211=B_SPLINE_SURFACE_WITH_KNOTS('',2,1,((#4003,#4004),(#4005,#4006),(#4007,
#4008),(#4009,#4010)),.UNSPECIFIED.,.F.,.F.,.F.,(3,1,3),(2,2),(0.,1.,2.),
(0.,13.2206138234775),.UNSPECIFIED.);
#212=B_SPLINE_SURFACE_WITH_KNOTS('',2,1,((#4037,#4038),(#4039,#4040),(#4041,
#4042),(#4043,#4044)),.UNSPECIFIED.,.F.,.F.,.F.,(3,1,3),(2,2),(0.,1.,2.),
(0.,13.2206138234775),.UNSPECIFIED.);
#213=B_SPLINE_SURFACE_WITH_KNOTS('',2,1,((#4059,#4060),(#4061,#4062),(#4063,
#4064),(#4065,#4066)),.UNSPECIFIED.,.F.,.F.,.F.,(3,1,3),(2,2),(0.,1.,2.),
(0.,13.2206138234775),.UNSPECIFIED.);
#214=B_SPLINE_SURFACE_WITH_KNOTS('',2,1,((#4081,#4082),(#4083,#4084),(#4085,
#4086),(#4087,#4088)),.UNSPECIFIED.,.F.,.F.,.F.,(3,1,3),(2,2),(0.,1.,2.),
(0.,13.2206138234775),.UNSPECIFIED.);
#215=B_SPLINE_SURFACE_WITH_KNOTS('',2,1,((#4103,#4104),(#4105,#4106),(#4107,
#4108),(#4109,#4110)),.UNSPECIFIED.,.F.,.F.,.F.,(3,1,3),(2,2),(0.,1.,2.),
(0.,13.2206138234775),.UNSPECIFIED.);
#216=B_SPLINE_SURFACE_WITH_KNOTS('',2,1,((#4125,#4126),(#4127,#4128),(#4129,
#4130),(#4131,#4132)),.UNSPECIFIED.,.F.,.F.,.F.,(3,1,3),(2,2),(0.,1.,2.),
(0.,13.2206138234775),.UNSPECIFIED.);
#217=B_SPLINE_SURFACE_WITH_KNOTS('',3,3,((#4158,#4159,#4160,#4161,#4162,
#4163),(#4164,#4165,#4166,#4167,#4168,#4169),(#4170,#4171,#4172,#4173,#4174,
#4175),(#4176,#4177,#4178,#4179,#4180,#4181),(#4182,#4183,#4184,#4185,#4186,
#4187)),.UNSPECIFIED.,.F.,.F.,.F.,(4,1,4),(4,1,1,4),(0.,0.571428571428571,
1.),(-2.28983498828938E-15,0.448798950512825,0.897597901025652,1.57079632679489),
 .UNSPECIFIED.);
#218=B_SPLINE_SURFACE_WITH_KNOTS('',3,3,((#4194,#4195,#4196,#4197,#4198,
#4199),(#4200,#4201,#4202,#4203,#4204,#4205),(#4206,#4207,#4208,#4209,#4210,
#4211),(#4212,#4213,#4214,#4215,#4216,#4217),(#4218,#4219,#4220,#4221,#4222,
#4223)),.UNSPECIFIED.,.F.,.F.,.F.,(4,1,4),(4,1,1,4),(0.,0.571428571428571,
1.),(-2.22044604925031E-15,0.448798950512826,0.67319842576924,1.5707963267949),
 .UNSPECIFIED.);
#219=B_SPLINE_SURFACE_WITH_KNOTS('',3,3,((#4289,#4290,#4291,#4292,#4293,
#4294),(#4295,#4296,#4297,#4298,#4299,#4300),(#4301,#4302,#4303,#4304,#4305,
#4306),(#4307,#4308,#4309,#4310,#4311,#4312),(#4313,#4314,#4315,#4316,#4317,
#4318)),.UNSPECIFIED.,.F.,.F.,.F.,(4,1,4),(4,1,1,4),(0.,0.571428571428571,
1.),(-9.54097911787244E-17,0.448798950512827,0.897597901025655,1.5707963267949),
 .UNSPECIFIED.);
#220=B_SPLINE_SURFACE_WITH_KNOTS('',3,3,((#4322,#4323,#4324,#4325,#4326,
#4327),(#4328,#4329,#4330,#4331,#4332,#4333),(#4334,#4335,#4336,#4337,#4338,
#4339),(#4340,#4341,#4342,#4343,#4344,#4345),(#4346,#4347,#4348,#4349,#4350,
#4351)),.UNSPECIFIED.,.F.,.F.,.F.,(4,1,4),(4,1,1,4),(0.,0.571428571428571,
1.),(1.38777878078144E-16,0.448798950512828,0.897597901025655,1.5707963267949),
 .UNSPECIFIED.);
#221=B_SPLINE_SURFACE_WITH_KNOTS('',3,3,((#4437,#4438,#4439,#4440,#4441,
#4442,#4443),(#4444,#4445,#4446,#4447,#4448,#4449,#4450),(#4451,#4452,#4453,
#4454,#4455,#4456,#4457),(#4458,#4459,#4460,#4461,#4462,#4463,#4464),(#4465,
#4466,#4467,#4468,#4469,#4470,#4471)),.UNSPECIFIED.,.F.,.F.,.F.,(4,1,4),
(4,1,1,1,4),(0.,0.571428571428571,1.),(0.319770674887486,0.509358192657285,
0.698945710427083,1.07812074596668,1.64688329927608),.UNSPECIFIED.);
#222=B_SPLINE_SURFACE_WITH_KNOTS('',3,3,((#4498,#4499,#4500,#4501,#4502,
#4503,#4504,#4505,#4506),(#4507,#4508,#4509,#4510,#4511,#4512,#4513,#4514,
#4515),(#4516,#4517,#4518,#4519,#4520,#4521,#4522,#4523,#4524),(#4525,#4526,
#4527,#4528,#4529,#4530,#4531,#4532,#4533),(#4534,#4535,#4536,#4537,#4538,
#4539,#4540,#4541,#4542)),.UNSPECIFIED.,.F.,.F.,.F.,(4,1,4),(4,1,1,1,1,
1,4),(0.,0.571428571428571,1.),(0.,0.293330608579407,0.87999182573822,1.17332243431763,
1.46665304289703,1.75998365147644,2.05331426005585),.UNSPECIFIED.);
#223=B_SPLINE_SURFACE_WITH_KNOTS('',3,3,((#4558,#4559,#4560,#4561,#4562,
#4563,#4564,#4565),(#4566,#4567,#4568,#4569,#4570,#4571,#4572,#4573),(#4574,
#4575,#4576,#4577,#4578,#4579,#4580,#4581),(#4582,#4583,#4584,#4585,#4586,
#4587,#4588,#4589),(#4590,#4591,#4592,#4593,#4594,#4595,#4596,#4597)),
 .UNSPECIFIED.,.F.,.F.,.F.,(4,1,4),(4,1,1,1,1,4),(0.,0.571428571428571,
1.),(0.319770674887485,0.509358192657283,0.698945710427082,0.888533228196881,
1.26770826373648,1.64688329927608),.UNSPECIFIED.);
#224=B_SPLINE_SURFACE_WITH_KNOTS('',3,3,((#4642,#4643,#4644,#4645,#4646,
#4647,#4648,#4649),(#4650,#4651,#4652,#4653,#4654,#4655,#4656,#4657),(#4658,
#4659,#4660,#4661,#4662,#4663,#4664,#4665),(#4666,#4667,#4668,#4669,#4670,
#4671,#4672,#4673),(#4674,#4675,#4676,#4677,#4678,#4679,#4680,#4681)),
 .UNSPECIFIED.,.F.,.F.,.F.,(4,1,4),(4,1,1,1,1,4),(0.,0.571428571428571,
1.),(0.319770674887486,0.509358192657284,0.698945710427083,0.888533228196882,
1.26770826373648,1.64688329927608),.UNSPECIFIED.);
#225=B_SPLINE_SURFACE_WITH_KNOTS('',3,3,((#4709,#4710,#4711,#4712,#4713,
#4714,#4715,#4716,#4717),(#4718,#4719,#4720,#4721,#4722,#4723,#4724,#4725,
#4726),(#4727,#4728,#4729,#4730,#4731,#4732,#4733,#4734,#4735),(#4736,#4737,
#4738,#4739,#4740,#4741,#4742,#4743,#4744),(#4745,#4746,#4747,#4748,#4749,
#4750,#4751,#4752,#4753)),.UNSPECIFIED.,.F.,.F.,.F.,(4,1,4),(4,1,1,1,1,
1,4),(0.,0.571428571428571,1.),(1.48029736616688E-17,0.293330608579406,
0.879991825738219,1.17332243431763,1.46665304289703,1.75998365147644,2.05331426005585),
 .UNSPECIFIED.);
#226=B_SPLINE_SURFACE_WITH_KNOTS('',3,3,((#4769,#4770,#4771,#4772,#4773,
#4774,#4775,#4776),(#4777,#4778,#4779,#4780,#4781,#4782,#4783,#4784),(#4785,
#4786,#4787,#4788,#4789,#4790,#4791,#4792),(#4793,#4794,#4795,#4796,#4797,
#4798,#4799,#4800),(#4801,#4802,#4803,#4804,#4805,#4806,#4807,#4808)),
 .UNSPECIFIED.,.F.,.F.,.F.,(4,1,4),(4,1,1,1,1,4),(0.,0.571428571428571,
1.),(0.319770674887485,0.509358192657284,0.698945710427083,0.888533228196882,
1.26770826373648,1.64688329927608),.UNSPECIFIED.);
#227=FACE_OUTER_BOUND('',#362,.T.);
#228=FACE_OUTER_BOUND('',#363,.T.);
#229=FACE_OUTER_BOUND('',#364,.T.);
#230=FACE_OUTER_BOUND('',#365,.T.);
#231=FACE_OUTER_BOUND('',#366,.T.);
#232=FACE_OUTER_BOUND('',#367,.T.);
#233=FACE_OUTER_BOUND('',#368,.T.);
#234=FACE_OUTER_BOUND('',#369,.T.);
#235=FACE_OUTER_BOUND('',#370,.T.);
#236=FACE_OUTER_BOUND('',#371,.T.);
#237=FACE_OUTER_BOUND('',#372,.T.);
#238=FACE_OUTER_BOUND('',#373,.T.);
#239=FACE_OUTER_BOUND('',#374,.T.);
#240=FACE_OUTER_BOUND('',#375,.T.);
#241=FACE_OUTER_BOUND('',#376,.T.);
#242=FACE_OUTER_BOUND('',#377,.T.);
#243=FACE_OUTER_BOUND('',#378,.T.);
#244=FACE_OUTER_BOUND('',#379,.T.);
#245=FACE_OUTER_BOUND('',#380,.T.);
#246=FACE_OUTER_BOUND('',#381,.T.);
#247=FACE_OUTER_BOUND('',#382,.T.);
#248=FACE_OUTER_BOUND('',#383,.T.);
#249=FACE_OUTER_BOUND('',#384,.T.);
#250=FACE_OUTER_BOUND('',#385,.T.);
#251=FACE_OUTER_BOUND('',#387,.T.);
#252=FACE_OUTER_BOUND('',#388,.T.);
#253=FACE_OUTER_BOUND('',#389,.T.);
#254=FACE_OUTER_BOUND('',#390,.T.);
#255=FACE_OUTER_BOUND('',#391,.T.);
#256=FACE_OUTER_BOUND('',#392,.T.);
#257=FACE_OUTER_BOUND('',#393,.T.);
#258=FACE_OUTER_BOUND('',#394,.T.);
#259=FACE_OUTER_BOUND('',#395,.T.);
#260=FACE_OUTER_BOUND('',#396,.T.);
#261=FACE_OUTER_BOUND('',#397,.T.);
#262=FACE_OUTER_BOUND('',#398,.T.);
#263=FACE_OUTER_BOUND('',#399,.T.);
#264=FACE_OUTER_BOUND('',#400,.T.);
#265=FACE_OUTER_BOUND('',#401,.T.);
#266=FACE_OUTER_BOUND('',#402,.T.);
#267=FACE_OUTER_BOUND('',#403,.T.);
#268=FACE_OUTER_BOUND('',#404,.T.);
#269=FACE_OUTER_BOUND('',#405,.T.);
#270=FACE_OUTER_BOUND('',#406,.T.);
#271=FACE_OUTER_BOUND('',#407,.T.);
#272=FACE_OUTER_BOUND('',#408,.T.);
#273=FACE_OUTER_BOUND('',#409,.T.);
#274=FACE_OUTER_BOUND('',#410,.T.);
#275=FACE_OUTER_BOUND('',#411,.T.);
#276=FACE_OUTER_BOUND('',#412,.T.);
#277=FACE_OUTER_BOUND('',#413,.T.);
#278=FACE_OUTER_BOUND('',#414,.T.);
#279=FACE_OUTER_BOUND('',#415,.T.);
#280=FACE_OUTER_BOUND('',#416,.T.);
#281=FACE_OUTER_BOUND('',#417,.T.);
#282=FACE_OUTER_BOUND('',#418,.T.);
#283=FACE_OUTER_BOUND('',#419,.T.);
#284=FACE_OUTER_BOUND('',#420,.T.);
#285=FACE_OUTER_BOUND('',#421,.T.);
#286=FACE_OUTER_BOUND('',#422,.T.);
#287=FACE_OUTER_BOUND('',#423,.T.);
#288=FACE_OUTER_BOUND('',#424,.T.);
#289=FACE_OUTER_BOUND('',#425,.T.);
#290=FACE_OUTER_BOUND('',#426,.T.);
#291=FACE_OUTER_BOUND('',#427,.T.);
#292=FACE_OUTER_BOUND('',#428,.T.);
#293=FACE_OUTER_BOUND('',#429,.T.);
#294=FACE_OUTER_BOUND('',#430,.T.);
#295=FACE_OUTER_BOUND('',#431,.T.);
#296=FACE_OUTER_BOUND('',#432,.T.);
#297=FACE_OUTER_BOUND('',#433,.T.);
#298=FACE_OUTER_BOUND('',#434,.T.);
#299=FACE_OUTER_BOUND('',#435,.T.);
#300=FACE_OUTER_BOUND('',#436,.T.);
#301=FACE_OUTER_BOUND('',#437,.T.);
#302=FACE_OUTER_BOUND('',#438,.T.);
#303=FACE_OUTER_BOUND('',#439,.T.);
#304=FACE_OUTER_BOUND('',#440,.T.);
#305=FACE_OUTER_BOUND('',#441,.T.);
#306=FACE_OUTER_BOUND('',#442,.T.);
#307=FACE_OUTER_BOUND('',#443,.T.);
#308=FACE_OUTER_BOUND('',#444,.T.);
#309=FACE_OUTER_BOUND('',#445,.T.);
#310=FACE_OUTER_BOUND('',#446,.T.);
#311=FACE_OUTER_BOUND('',#447,.T.);
#312=FACE_OUTER_BOUND('',#448,.T.);
#313=FACE_OUTER_BOUND('',#449,.T.);
#314=FACE_OUTER_BOUND('',#450,.T.);
#315=FACE_OUTER_BOUND('',#451,.T.);
#316=FACE_OUTER_BOUND('',#452,.T.);
#317=FACE_OUTER_BOUND('',#453,.T.);
#318=FACE_OUTER_BOUND('',#454,.T.);
#319=FACE_OUTER_BOUND('',#455,.T.);
#320=FACE_OUTER_BOUND('',#456,.T.);
#321=FACE_OUTER_BOUND('',#457,.T.);
#322=FACE_OUTER_BOUND('',#458,.T.);
#323=FACE_OUTER_BOUND('',#459,.T.);
#324=FACE_OUTER_BOUND('',#460,.T.);
#325=FACE_OUTER_BOUND('',#461,.T.);
#326=FACE_OUTER_BOUND('',#462,.T.);
#327=FACE_OUTER_BOUND('',#463,.T.);
#328=FACE_OUTER_BOUND('',#464,.T.);
#329=FACE_OUTER_BOUND('',#465,.T.);
#330=FACE_OUTER_BOUND('',#466,.T.);
#331=FACE_OUTER_BOUND('',#467,.T.);
#332=FACE_OUTER_BOUND('',#468,.T.);
#333=FACE_OUTER_BOUND('',#469,.T.);
#334=FACE_OUTER_BOUND('',#470,.T.);
#335=FACE_OUTER_BOUND('',#471,.T.);
#336=FACE_OUTER_BOUND('',#472,.T.);
#337=FACE_OUTER_BOUND('',#473,.T.);
#338=FACE_OUTER_BOUND('',#474,.T.);
#339=FACE_OUTER_BOUND('',#475,.T.);
#340=FACE_OUTER_BOUND('',#476,.T.);
#341=FACE_OUTER_BOUND('',#477,.T.);
#342=FACE_OUTER_BOUND('',#478,.T.);
#343=FACE_OUTER_BOUND('',#479,.T.);
#344=FACE_OUTER_BOUND('',#480,.T.);
#345=FACE_OUTER_BOUND('',#481,.T.);
#346=FACE_OUTER_BOUND('',#482,.T.);
#347=FACE_OUTER_BOUND('',#483,.T.);
#348=FACE_OUTER_BOUND('',#484,.T.);
#349=FACE_OUTER_BOUND('',#485,.T.);
#350=FACE_OUTER_BOUND('',#486,.T.);
#351=FACE_OUTER_BOUND('',#487,.T.);
#352=FACE_OUTER_BOUND('',#488,.T.);
#353=FACE_OUTER_BOUND('',#489,.T.);
#354=FACE_OUTER_BOUND('',#490,.T.);
#355=FACE_OUTER_BOUND('',#491,.T.);
#356=FACE_OUTER_BOUND('',#492,.T.);
#357=FACE_OUTER_BOUND('',#493,.T.);
#358=FACE_OUTER_BOUND('',#494,.T.);
#359=FACE_OUTER_BOUND('',#495,.T.);
#360=FACE_OUTER_BOUND('',#496,.T.);
#361=FACE_OUTER_BOUND('',#503,.T.);
#362=EDGE_LOOP('',(#1518,#1519,#1520,#1521,#1522,#1523,#1524,#1525));
#363=EDGE_LOOP('',(#1526,#1527,#1528,#1529));
#364=EDGE_LOOP('',(#1530,#1531,#1532,#1533));
#365=EDGE_LOOP('',(#1534,#1535,#1536,#1537));
#366=EDGE_LOOP('',(#1538,#1539,#1540,#1541));
#367=EDGE_LOOP('',(#1542,#1543,#1544,#1545));
#368=EDGE_LOOP('',(#1546,#1547,#1548,#1549));
#369=EDGE_LOOP('',(#1550,#1551,#1552,#1553));
#370=EDGE_LOOP('',(#1554,#1555,#1556,#1557));
#371=EDGE_LOOP('',(#1558,#1559,#1560,#1561));
#372=EDGE_LOOP('',(#1562,#1563,#1564,#1565));
#373=EDGE_LOOP('',(#1566,#1567,#1568,#1569));
#374=EDGE_LOOP('',(#1570,#1571,#1572,#1573));
#375=EDGE_LOOP('',(#1574,#1575,#1576,#1577));
#376=EDGE_LOOP('',(#1578,#1579,#1580,#1581));
#377=EDGE_LOOP('',(#1582,#1583,#1584,#1585));
#378=EDGE_LOOP('',(#1586,#1587,#1588,#1589));
#379=EDGE_LOOP('',(#1590,#1591,#1592,#1593));
#380=EDGE_LOOP('',(#1594,#1595,#1596,#1597));
#381=EDGE_LOOP('',(#1598,#1599,#1600,#1601));
#382=EDGE_LOOP('',(#1602,#1603,#1604,#1605));
#383=EDGE_LOOP('',(#1606,#1607,#1608,#1609));
#384=EDGE_LOOP('',(#1610,#1611,#1612,#1613));
#385=EDGE_LOOP('',(#1614,#1615,#1616,#1617,#1618,#1619,#1620));
#386=EDGE_LOOP('',(#1621,#1622,#1623,#1624,#1625,#1626,#1627));
#387=EDGE_LOOP('',(#1628,#1629,#1630,#1631,#1632,#1633,#1634,#1635,#1636,
#1637,#1638,#1639));
#388=EDGE_LOOP('',(#1640,#1641,#1642,#1643));
#389=EDGE_LOOP('',(#1644,#1645,#1646,#1647));
#390=EDGE_LOOP('',(#1648,#1649,#1650,#1651));
#391=EDGE_LOOP('',(#1652,#1653,#1654,#1655));
#392=EDGE_LOOP('',(#1656,#1657,#1658,#1659));
#393=EDGE_LOOP('',(#1660,#1661,#1662,#1663));
#394=EDGE_LOOP('',(#1664,#1665,#1666,#1667));
#395=EDGE_LOOP('',(#1668,#1669,#1670,#1671));
#396=EDGE_LOOP('',(#1672,#1673,#1674,#1675));
#397=EDGE_LOOP('',(#1676,#1677,#1678,#1679));
#398=EDGE_LOOP('',(#1680,#1681,#1682,#1683));
#399=EDGE_LOOP('',(#1684,#1685,#1686,#1687));
#400=EDGE_LOOP('',(#1688,#1689,#1690,#1691));
#401=EDGE_LOOP('',(#1692,#1693,#1694,#1695));
#402=EDGE_LOOP('',(#1696,#1697,#1698,#1699));
#403=EDGE_LOOP('',(#1700,#1701,#1702,#1703));
#404=EDGE_LOOP('',(#1704,#1705,#1706,#1707));
#405=EDGE_LOOP('',(#1708,#1709,#1710,#1711));
#406=EDGE_LOOP('',(#1712,#1713,#1714,#1715));
#407=EDGE_LOOP('',(#1716,#1717,#1718,#1719));
#408=EDGE_LOOP('',(#1720,#1721,#1722,#1723));
#409=EDGE_LOOP('',(#1724,#1725,#1726,#1727));
#410=EDGE_LOOP('',(#1728,#1729,#1730,#1731));
#411=EDGE_LOOP('',(#1732,#1733,#1734,#1735));
#412=EDGE_LOOP('',(#1736,#1737,#1738,#1739));
#413=EDGE_LOOP('',(#1740,#1741,#1742,#1743));
#414=EDGE_LOOP('',(#1744,#1745,#1746,#1747));
#415=EDGE_LOOP('',(#1748,#1749,#1750,#1751));
#416=EDGE_LOOP('',(#1752,#1753,#1754,#1755));
#417=EDGE_LOOP('',(#1756,#1757,#1758,#1759));
#418=EDGE_LOOP('',(#1760,#1761,#1762,#1763));
#419=EDGE_LOOP('',(#1764,#1765,#1766,#1767));
#420=EDGE_LOOP('',(#1768,#1769,#1770,#1771,#1772,#1773,#1774,#1775,#1776,
#1777,#1778,#1779,#1780,#1781,#1782,#1783,#1784,#1785,#1786,#1787));
#421=EDGE_LOOP('',(#1788,#1789,#1790,#1791,#1792,#1793,#1794,#1795,#1796,
#1797,#1798,#1799));
#422=EDGE_LOOP('',(#1800,#1801,#1802,#1803));
#423=EDGE_LOOP('',(#1804,#1805,#1806,#1807));
#424=EDGE_LOOP('',(#1808,#1809,#1810,#1811));
#425=EDGE_LOOP('',(#1812,#1813,#1814,#1815));
#426=EDGE_LOOP('',(#1816,#1817,#1818,#1819));
#427=EDGE_LOOP('',(#1820,#1821,#1822,#1823));
#428=EDGE_LOOP('',(#1824,#1825,#1826,#1827));
#429=EDGE_LOOP('',(#1828,#1829,#1830,#1831));
#430=EDGE_LOOP('',(#1832,#1833,#1834,#1835));
#431=EDGE_LOOP('',(#1836,#1837,#1838,#1839));
#432=EDGE_LOOP('',(#1840,#1841,#1842,#1843));
#433=EDGE_LOOP('',(#1844,#1845,#1846,#1847));
#434=EDGE_LOOP('',(#1848,#1849,#1850,#1851));
#435=EDGE_LOOP('',(#1852,#1853,#1854,#1855));
#436=EDGE_LOOP('',(#1856,#1857,#1858,#1859));
#437=EDGE_LOOP('',(#1860,#1861,#1862,#1863));
#438=EDGE_LOOP('',(#1864,#1865,#1866,#1867));
#439=EDGE_LOOP('',(#1868,#1869,#1870,#1871));
#440=EDGE_LOOP('',(#1872,#1873,#1874,#1875));
#441=EDGE_LOOP('',(#1876,#1877,#1878,#1879));
#442=EDGE_LOOP('',(#1880,#1881,#1882,#1883));
#443=EDGE_LOOP('',(#1884,#1885,#1886,#1887));
#444=EDGE_LOOP('',(#1888,#1889,#1890,#1891));
#445=EDGE_LOOP('',(#1892,#1893,#1894,#1895));
#446=EDGE_LOOP('',(#1896,#1897,#1898,#1899));
#447=EDGE_LOOP('',(#1900,#1901,#1902,#1903));
#448=EDGE_LOOP('',(#1904,#1905,#1906,#1907));
#449=EDGE_LOOP('',(#1908,#1909,#1910,#1911));
#450=EDGE_LOOP('',(#1912,#1913,#1914,#1915));
#451=EDGE_LOOP('',(#1916,#1917,#1918,#1919,#1920,#1921,#1922,#1923,#1924,
#1925,#1926,#1927,#1928,#1929,#1930,#1931,#1932));
#452=EDGE_LOOP('',(#1933,#1934,#1935,#1936,#1937,#1938,#1939));
#453=EDGE_LOOP('',(#1940,#1941,#1942));
#454=EDGE_LOOP('',(#1943,#1944,#1945));
#455=EDGE_LOOP('',(#1946,#1947,#1948,#1949));
#456=EDGE_LOOP('',(#1950,#1951,#1952,#1953));
#457=EDGE_LOOP('',(#1954,#1955,#1956,#1957));
#458=EDGE_LOOP('',(#1958,#1959,#1960,#1961,#1962,#1963,#1964,#1965));
#459=EDGE_LOOP('',(#1966,#1967,#1968,#1969,#1970,#1971));
#460=EDGE_LOOP('',(#1972,#1973,#1974,#1975));
#461=EDGE_LOOP('',(#1976,#1977,#1978));
#462=EDGE_LOOP('',(#1979,#1980,#1981));
#463=EDGE_LOOP('',(#1982,#1983,#1984,#1985));
#464=EDGE_LOOP('',(#1986,#1987,#1988,#1989));
#465=EDGE_LOOP('',(#1990,#1991,#1992,#1993));
#466=EDGE_LOOP('',(#1994,#1995,#1996,#1997,#1998,#1999,#2000,#2001));
#467=EDGE_LOOP('',(#2002,#2003,#2004,#2005,#2006,#2007));
#468=EDGE_LOOP('',(#2008,#2009,#2010,#2011));
#469=EDGE_LOOP('',(#2012,#2013,#2014,#2015));
#470=EDGE_LOOP('',(#2016,#2017,#2018,#2019));
#471=EDGE_LOOP('',(#2020,#2021,#2022,#2023));
#472=EDGE_LOOP('',(#2024,#2025,#2026,#2027));
#473=EDGE_LOOP('',(#2028,#2029,#2030,#2031,#2032));
#474=EDGE_LOOP('',(#2033,#2034,#2035,#2036));
#475=EDGE_LOOP('',(#2037,#2038,#2039,#2040));
#476=EDGE_LOOP('',(#2041,#2042,#2043,#2044));
#477=EDGE_LOOP('',(#2045,#2046,#2047,#2048,#2049));
#478=EDGE_LOOP('',(#2050,#2051,#2052,#2053));
#479=EDGE_LOOP('',(#2054,#2055,#2056));
#480=EDGE_LOOP('',(#2057,#2058,#2059,#2060,#2061,#2062,#2063,#2064,#2065,
#2066,#2067));
#481=EDGE_LOOP('',(#2068,#2069,#2070));
#482=EDGE_LOOP('',(#2071,#2072,#2073,#2074));
#483=EDGE_LOOP('',(#2075,#2076,#2077,#2078,#2079));
#484=EDGE_LOOP('',(#2080,#2081,#2082,#2083));
#485=EDGE_LOOP('',(#2084,#2085,#2086,#2087));
#486=EDGE_LOOP('',(#2088,#2089,#2090,#2091));
#487=EDGE_LOOP('',(#2092,#2093,#2094,#2095,#2096));
#488=EDGE_LOOP('',(#2097,#2098,#2099,#2100));
#489=EDGE_LOOP('',(#2101,#2102,#2103));
#490=EDGE_LOOP('',(#2104,#2105,#2106,#2107,#2108,#2109,#2110,#2111,#2112,
#2113));
#491=EDGE_LOOP('',(#2114,#2115,#2116));
#492=EDGE_LOOP('',(#2117,#2118,#2119,#2120));
#493=EDGE_LOOP('',(#2121,#2122,#2123,#2124,#2125));
#494=EDGE_LOOP('',(#2126,#2127,#2128,#2129,#2130,#2131));
#495=EDGE_LOOP('',(#2132,#2133,#2134,#2135,#2136,#2137));
#496=EDGE_LOOP('',(#2138,#2139,#2140,#2141,#2142,#2143,#2144,#2145));
#497=EDGE_LOOP('',(#2146,#2147,#2148,#2149,#2150,#2151,#2152,#2153));
#498=EDGE_LOOP('',(#2154,#2155,#2156,#2157,#2158,#2159,#2160));
#499=EDGE_LOOP('',(#2161,#2162,#2163,#2164,#2165,#2166,#2167,#2168,#2169,
#2170,#2171,#2172));
#500=EDGE_LOOP('',(#2173,#2174,#2175,#2176,#2177,#2178,#2179,#2180,#2181,
#2182,#2183,#2184,#2185,#2186,#2187,#2188,#2189,#2190,#2191,#2192));
#501=EDGE_LOOP('',(#2193,#2194,#2195,#2196,#2197,#2198,#2199,#2200,#2201,
#2202,#2203,#2204));
#502=EDGE_LOOP('',(#2205,#2206,#2207,#2208,#2209,#2210,#2211,#2212,#2213,
#2214,#2215,#2216,#2217,#2218,#2219,#2220,#2221));
#503=EDGE_LOOP('',(#2222,#2223,#2224,#2225,#2226,#2227));
#504=LINE('',#3097,#720);
#505=LINE('',#3099,#721);
#506=LINE('',#3101,#722);
#507=LINE('',#3103,#723);
#508=LINE('',#3105,#724);
#509=LINE('',#3107,#725);
#510=LINE('',#3109,#726);
#511=LINE('',#3110,#727);
#512=LINE('',#3114,#728);
#513=LINE('',#3115,#729);
#514=LINE('',#3116,#730);
#515=LINE('',#3119,#731);
#516=LINE('',#3120,#732);
#517=LINE('',#3123,#733);
#518=LINE('',#3124,#734);
#519=LINE('',#3127,#735);
#520=LINE('',#3128,#736);
#521=LINE('',#3131,#737);
#522=LINE('',#3132,#738);
#523=LINE('',#3135,#739);
#524=LINE('',#3136,#740);
#525=LINE('',#3139,#741);
#526=LINE('',#3140,#742);
#527=LINE('',#3142,#743);
#528=LINE('',#3158,#744);
#529=LINE('',#3167,#745);
#530=LINE('',#3188,#746);
#531=LINE('',#3191,#747);
#532=LINE('',#3193,#748);
#533=LINE('',#3194,#749);
#534=LINE('',#3198,#750);
#535=LINE('',#3200,#751);
#536=LINE('',#3202,#752);
#537=LINE('',#3203,#753);
#538=LINE('',#3206,#754);
#539=LINE('',#3208,#755);
#540=LINE('',#3209,#756);
#541=LINE('',#3212,#757);
#542=LINE('',#3214,#758);
#543=LINE('',#3215,#759);
#544=LINE('',#3230,#760);
#545=LINE('',#3252,#761);
#546=LINE('',#3261,#762);
#547=LINE('',#3263,#763);
#548=LINE('',#3264,#764);
#549=LINE('',#3266,#765);
#550=LINE('',#3267,#766);
#551=LINE('',#3282,#767);
#552=LINE('',#3304,#768);
#553=LINE('',#3326,#769);
#554=LINE('',#3357,#770);
#555=LINE('',#3359,#771);
#556=LINE('',#3361,#772);
#557=LINE('',#3363,#773);
#558=LINE('',#3365,#774);
#559=LINE('',#3367,#775);
#560=LINE('',#3369,#776);
#561=LINE('',#3371,#777);
#562=LINE('',#3373,#778);
#563=LINE('',#3375,#779);
#564=LINE('',#3377,#780);
#565=LINE('',#3378,#781);
#566=LINE('',#3382,#782);
#567=LINE('',#3383,#783);
#568=LINE('',#3384,#784);
#569=LINE('',#3387,#785);
#570=LINE('',#3388,#786);
#571=LINE('',#3391,#787);
#572=LINE('',#3392,#788);
#573=LINE('',#3395,#789);
#574=LINE('',#3396,#790);
#575=LINE('',#3399,#791);
#576=LINE('',#3400,#792);
#577=LINE('',#3403,#793);
#578=LINE('',#3404,#794);
#579=LINE('',#3407,#795);
#580=LINE('',#3408,#796);
#581=LINE('',#3411,#797);
#582=LINE('',#3412,#798);
#583=LINE('',#3415,#799);
#584=LINE('',#3416,#800);
#585=LINE('',#3419,#801);
#586=LINE('',#3420,#802);
#587=LINE('',#3423,#803);
#588=LINE('',#3424,#804);
#589=LINE('',#3426,#805);
#590=LINE('',#3442,#806);
#591=LINE('',#3451,#807);
#592=LINE('',#3473,#808);
#593=LINE('',#3495,#809);
#594=LINE('',#3517,#810);
#595=LINE('',#3539,#811);
#596=LINE('',#3561,#812);
#597=LINE('',#3564,#813);
#598=LINE('',#3566,#814);
#599=LINE('',#3567,#815);
#600=LINE('',#3570,#816);
#601=LINE('',#3572,#817);
#602=LINE('',#3573,#818);
#603=LINE('',#3595,#819);
#604=LINE('',#3617,#820);
#605=LINE('',#3632,#821);
#606=LINE('',#3654,#822);
#607=LINE('',#3664,#823);
#608=LINE('',#3666,#824);
#609=LINE('',#3667,#825);
#610=LINE('',#3670,#826);
#611=LINE('',#3672,#827);
#612=LINE('',#3673,#828);
#613=LINE('',#3688,#829);
#614=LINE('',#3710,#830);
#615=LINE('',#3732,#831);
#616=LINE('',#3754,#832);
#617=LINE('',#3776,#833);
#618=LINE('',#3807,#834);
#619=LINE('',#3809,#835);
#620=LINE('',#3811,#836);
#621=LINE('',#3813,#837);
#622=LINE('',#3815,#838);
#623=LINE('',#3817,#839);
#624=LINE('',#3819,#840);
#625=LINE('',#3821,#841);
#626=LINE('',#3823,#842);
#627=LINE('',#3825,#843);
#628=LINE('',#3827,#844);
#629=LINE('',#3828,#845);
#630=LINE('',#3832,#846);
#631=LINE('',#3833,#847);
#632=LINE('',#3834,#848);
#633=LINE('',#3837,#849);
#634=LINE('',#3838,#850);
#635=LINE('',#3841,#851);
#636=LINE('',#3842,#852);
#637=LINE('',#3845,#853);
#638=LINE('',#3846,#854);
#639=LINE('',#3849,#855);
#640=LINE('',#3850,#856);
#641=LINE('',#3853,#857);
#642=LINE('',#3854,#858);
#643=LINE('',#3857,#859);
#644=LINE('',#3858,#860);
#645=LINE('',#3861,#861);
#646=LINE('',#3862,#862);
#647=LINE('',#3865,#863);
#648=LINE('',#3866,#864);
#649=LINE('',#3869,#865);
#650=LINE('',#3870,#866);
#651=LINE('',#3873,#867);
#652=LINE('',#3874,#868);
#653=LINE('',#3876,#869);
#654=LINE('',#3880,#870);
#655=LINE('',#3882,#871);
#656=LINE('',#3884,#872);
#657=LINE('',#3885,#873);
#658=LINE('',#3888,#874);
#659=LINE('',#3890,#875);
#660=LINE('',#3891,#876);
#661=LINE('',#3913,#877);
#662=LINE('',#3935,#878);
#663=LINE('',#3958,#879);
#664=LINE('',#3980,#880);
#665=LINE('',#4002,#881);
#666=LINE('',#4024,#882);
#667=LINE('',#4027,#883);
#668=LINE('',#4029,#884);
#669=LINE('',#4030,#885);
#670=LINE('',#4033,#886);
#671=LINE('',#4035,#887);
#672=LINE('',#4036,#888);
#673=LINE('',#4051,#889);
#674=LINE('',#4073,#890);
#675=LINE('',#4095,#891);
#676=LINE('',#4117,#892);
#677=LINE('',#4139,#893);
#678=LINE('',#4149,#894);
#679=LINE('',#4151,#895);
#680=LINE('',#4152,#896);
#681=LINE('',#4154,#897);
#682=LINE('',#4155,#898);
#683=LINE('',#4232,#899);
#684=LINE('',#4235,#900);
#685=LINE('',#4237,#901);
#686=LINE('',#4238,#902);
#687=LINE('',#4241,#903);
#688=LINE('',#4244,#904);
#689=LINE('',#4247,#905);
#690=LINE('',#4256,#906);
#691=LINE('',#4268,#907);
#692=LINE('',#4276,#908);
#693=LINE('',#4279,#909);
#694=LINE('',#4283,#910);
#695=LINE('',#4284,#911);
#696=LINE('',#4287,#912);
#697=LINE('',#4288,#913);
#698=LINE('',#4360,#914);
#699=LINE('',#4363,#915);
#700=LINE('',#4365,#916);
#701=LINE('',#4366,#917);
#702=LINE('',#4370,#918);
#703=LINE('',#4373,#919);
#704=LINE('',#4381,#920);
#705=LINE('',#4393,#921);
#706=LINE('',#4401,#922);
#707=LINE('',#4402,#923);
#708=LINE('',#4404,#924);
#709=LINE('',#4413,#925);
#710=LINE('',#4420,#926);
#711=LINE('',#4422,#927);
#712=LINE('',#4431,#928);
#713=LINE('',#4497,#929);
#714=LINE('',#4557,#930);
#715=LINE('',#4708,#931);
#716=LINE('',#4768,#932);
#717=LINE('',#4852,#933);
#718=LINE('',#4854,#934);
#719=LINE('',#4856,#935);
#720=VECTOR('',#2601,10.);
#721=VECTOR('',#2602,10.);
#722=VECTOR('',#2603,10.);
#723=VECTOR('',#2604,10.);
#724=VECTOR('',#2605,10.);
#725=VECTOR('',#2606,10.);
#726=VECTOR('',#2607,10.);
#727=VECTOR('',#2608,10.);
#728=VECTOR('',#2611,10.);
#729=VECTOR('',#2612,10.);
#730=VECTOR('',#2613,10.);
#731=VECTOR('',#2616,10.);
#732=VECTOR('',#2617,10.);
#733=VECTOR('',#2620,10.);
#734=VECTOR('',#2621,10.);
#735=VECTOR('',#2624,10.);
#736=VECTOR('',#2625,10.);
#737=VECTOR('',#2628,10.);
#738=VECTOR('',#2629,10.);
#739=VECTOR('',#2632,10.);
#740=VECTOR('',#2633,10.);
#741=VECTOR('',#2636,10.);
#742=VECTOR('',#2637,10.);
#743=VECTOR('',#2640,10.);
#744=VECTOR('',#2641,10.);
#745=VECTOR('',#2642,10.);
#746=VECTOR('',#2643,10.);
#747=VECTOR('',#2646,10.);
#748=VECTOR('',#2647,10.);
#749=VECTOR('',#2648,10.);
#750=VECTOR('',#2651,10.);
#751=VECTOR('',#2652,10.);
#752=VECTOR('',#2653,10.);
#753=VECTOR('',#2654,10.);
#754=VECTOR('',#2657,10.);
#755=VECTOR('',#2658,10.);
#756=VECTOR('',#2659,10.);
#757=VECTOR('',#2662,10.);
#758=VECTOR('',#2663,10.);
#759=VECTOR('',#2664,10.);
#760=VECTOR('',#2665,10.);
#761=VECTOR('',#2666,10.);
#762=VECTOR('',#2669,10.);
#763=VECTOR('',#2670,10.);
#764=VECTOR('',#2671,10.);
#765=VECTOR('',#2674,10.);
#766=VECTOR('',#2675,10.);
#767=VECTOR('',#2676,10.);
#768=VECTOR('',#2677,10.);
#769=VECTOR('',#2678,10.);
#770=VECTOR('',#2683,10.);
#771=VECTOR('',#2684,10.);
#772=VECTOR('',#2685,10.);
#773=VECTOR('',#2686,10.);
#774=VECTOR('',#2687,10.);
#775=VECTOR('',#2688,10.);
#776=VECTOR('',#2689,10.);
#777=VECTOR('',#2690,10.);
#778=VECTOR('',#2691,10.);
#779=VECTOR('',#2692,10.);
#780=VECTOR('',#2693,10.);
#781=VECTOR('',#2694,10.);
#782=VECTOR('',#2697,10.);
#783=VECTOR('',#2698,10.);
#784=VECTOR('',#2699,10.);
#785=VECTOR('',#2702,10.);
#786=VECTOR('',#2703,10.);
#787=VECTOR('',#2706,10.);
#788=VECTOR('',#2707,10.);
#789=VECTOR('',#2710,10.);
#790=VECTOR('',#2711,10.);
#791=VECTOR('',#2714,10.);
#792=VECTOR('',#2715,10.);
#793=VECTOR('',#2718,10.);
#794=VECTOR('',#2719,10.);
#795=VECTOR('',#2722,10.);
#796=VECTOR('',#2723,10.);
#797=VECTOR('',#2726,10.);
#798=VECTOR('',#2727,10.);
#799=VECTOR('',#2730,10.);
#800=VECTOR('',#2731,10.);
#801=VECTOR('',#2734,10.);
#802=VECTOR('',#2735,10.);
#803=VECTOR('',#2738,10.);
#804=VECTOR('',#2739,10.);
#805=VECTOR('',#2742,10.);
#806=VECTOR('',#2743,10.);
#807=VECTOR('',#2744,10.);
#808=VECTOR('',#2745,10.);
#809=VECTOR('',#2746,10.);
#810=VECTOR('',#2747,10.);
#811=VECTOR('',#2748,10.);
#812=VECTOR('',#2749,10.);
#813=VECTOR('',#2752,10.);
#814=VECTOR('',#2753,10.);
#815=VECTOR('',#2754,10.);
#816=VECTOR('',#2757,10.);
#817=VECTOR('',#2758,10.);
#818=VECTOR('',#2759,10.);
#819=VECTOR('',#2760,10.);
#820=VECTOR('',#2761,10.);
#821=VECTOR('',#2762,10.);
#822=VECTOR('',#2763,10.);
#823=VECTOR('',#2766,10.);
#824=VECTOR('',#2767,10.);
#825=VECTOR('',#2768,10.);
#826=VECTOR('',#2771,10.);
#827=VECTOR('',#2772,10.);
#828=VECTOR('',#2773,10.);
#829=VECTOR('',#2774,10.);
#830=VECTOR('',#2775,10.);
#831=VECTOR('',#2776,10.);
#832=VECTOR('',#2777,10.);
#833=VECTOR('',#2778,10.);
#834=VECTOR('',#2783,10.);
#835=VECTOR('',#2784,10.);
#836=VECTOR('',#2785,10.);
#837=VECTOR('',#2786,10.);
#838=VECTOR('',#2787,10.);
#839=VECTOR('',#2788,10.);
#840=VECTOR('',#2789,10.);
#841=VECTOR('',#2790,10.);
#842=VECTOR('',#2791,10.);
#843=VECTOR('',#2792,10.);
#844=VECTOR('',#2793,10.);
#845=VECTOR('',#2794,10.);
#846=VECTOR('',#2797,10.);
#847=VECTOR('',#2798,10.);
#848=VECTOR('',#2799,10.);
#849=VECTOR('',#2802,10.);
#850=VECTOR('',#2803,10.);
#851=VECTOR('',#2806,10.);
#852=VECTOR('',#2807,10.);
#853=VECTOR('',#2810,10.);
#854=VECTOR('',#2811,10.);
#855=VECTOR('',#2814,10.);
#856=VECTOR('',#2815,10.);
#857=VECTOR('',#2818,10.);
#858=VECTOR('',#2819,10.);
#859=VECTOR('',#2822,10.);
#860=VECTOR('',#2823,10.);
#861=VECTOR('',#2826,10.);
#862=VECTOR('',#2827,10.);
#863=VECTOR('',#2830,10.);
#864=VECTOR('',#2831,10.);
#865=VECTOR('',#2834,10.);
#866=VECTOR('',#2835,10.);
#867=VECTOR('',#2838,10.);
#868=VECTOR('',#2839,10.);
#869=VECTOR('',#2842,10.);
#870=VECTOR('',#2845,10.);
#871=VECTOR('',#2846,10.);
#872=VECTOR('',#2847,10.);
#873=VECTOR('',#2848,10.);
#874=VECTOR('',#2851,10.);
#875=VECTOR('',#2852,10.);
#876=VECTOR('',#2853,10.);
#877=VECTOR('',#2854,10.);
#878=VECTOR('',#2855,10.);
#879=VECTOR('',#2856,10.);
#880=VECTOR('',#2857,10.);
#881=VECTOR('',#2858,10.);
#882=VECTOR('',#2859,10.);
#883=VECTOR('',#2862,10.);
#884=VECTOR('',#2863,10.);
#885=VECTOR('',#2864,10.);
#886=VECTOR('',#2867,10.);
#887=VECTOR('',#2868,10.);
#888=VECTOR('',#2869,10.);
#889=VECTOR('',#2870,10.);
#890=VECTOR('',#2871,10.);
#891=VECTOR('',#2872,10.);
#892=VECTOR('',#2873,10.);
#893=VECTOR('',#2874,10.);
#894=VECTOR('',#2877,10.);
#895=VECTOR('',#2878,10.);
#896=VECTOR('',#2879,10.);
#897=VECTOR('',#2882,10.);
#898=VECTOR('',#2883,10.);
#899=VECTOR('',#2902,10.);
#900=VECTOR('',#2905,10.);
#901=VECTOR('',#2908,10.);
#902=VECTOR('',#2909,10.);
#903=VECTOR('',#2912,10.);
#904=VECTOR('',#2915,10.);
#905=VECTOR('',#2918,10.);
#906=VECTOR('',#2919,10.);
#907=VECTOR('',#2920,10.);
#908=VECTOR('',#2921,10.);
#909=VECTOR('',#2924,10.);
#910=VECTOR('',#2927,10.);
#911=VECTOR('',#2928,10.);
#912=VECTOR('',#2931,10.);
#913=VECTOR('',#2932,10.);
#914=VECTOR('',#2945,10.);
#915=VECTOR('',#2948,10.);
#916=VECTOR('',#2951,10.);
#917=VECTOR('',#2952,10.);
#918=VECTOR('',#2957,10.);
#919=VECTOR('',#2960,10.);
#920=VECTOR('',#2961,10.);
#921=VECTOR('',#2962,10.);
#922=VECTOR('',#2965,10.);
#923=VECTOR('',#2966,10.);
#924=VECTOR('',#2969,10.);
#925=VECTOR('',#2972,10.);
#926=VECTOR('',#2975,10.);
#927=VECTOR('',#2978,10.);
#928=VECTOR('',#2981,10.);
#929=VECTOR('',#2988,10.);
#930=VECTOR('',#2995,10.);
#931=VECTOR('',#3038,10.);
#932=VECTOR('',#3045,10.);
#933=VECTOR('',#3082,10.);
#934=VECTOR('',#3085,6.);
#935=VECTOR('',#3088,6.);
#936=VERTEX_POINT('',#3095);
#937=VERTEX_POINT('',#3096);
#938=VERTEX_POINT('',#3098);
#939=VERTEX_POINT('',#3100);
#940=VERTEX_POINT('',#3102);
#941=VERTEX_POINT('',#3104);
#942=VERTEX_POINT('',#3106);
#943=VERTEX_POINT('',#3108);
#944=VERTEX_POINT('',#3112);
#945=VERTEX_POINT('',#3113);
#946=VERTEX_POINT('',#3118);
#947=VERTEX_POINT('',#3122);
#948=VERTEX_POINT('',#3126);
#949=VERTEX_POINT('',#3130);
#950=VERTEX_POINT('',#3134);
#951=VERTEX_POINT('',#3138);
#952=VERTEX_POINT('',#3151);
#953=VERTEX_POINT('',#3152);
#954=VERTEX_POINT('',#3157);
#955=VERTEX_POINT('',#3159);
#956=VERTEX_POINT('',#3176);
#957=VERTEX_POINT('',#3181);
#958=VERTEX_POINT('',#3190);
#959=VERTEX_POINT('',#3192);
#960=VERTEX_POINT('',#3196);
#961=VERTEX_POINT('',#3197);
#962=VERTEX_POINT('',#3199);
#963=VERTEX_POINT('',#3201);
#964=VERTEX_POINT('',#3205);
#965=VERTEX_POINT('',#3207);
#966=VERTEX_POINT('',#3211);
#967=VERTEX_POINT('',#3213);
#968=VERTEX_POINT('',#3224);
#969=VERTEX_POINT('',#3229);
#970=VERTEX_POINT('',#3246);
#971=VERTEX_POINT('',#3251);
#972=VERTEX_POINT('',#3260);
#973=VERTEX_POINT('',#3262);
#974=VERTEX_POINT('',#3276);
#975=VERTEX_POINT('',#3281);
#976=VERTEX_POINT('',#3298);
#977=VERTEX_POINT('',#3303);
#978=VERTEX_POINT('',#3320);
#979=VERTEX_POINT('',#3325);
#980=VERTEX_POINT('',#3355);
#981=VERTEX_POINT('',#3356);
#982=VERTEX_POINT('',#3358);
#983=VERTEX_POINT('',#3360);
#984=VERTEX_POINT('',#3362);
#985=VERTEX_POINT('',#3364);
#986=VERTEX_POINT('',#3366);
#987=VERTEX_POINT('',#3368);
#988=VERTEX_POINT('',#3370);
#989=VERTEX_POINT('',#3372);
#990=VERTEX_POINT('',#3374);
#991=VERTEX_POINT('',#3376);
#992=VERTEX_POINT('',#3380);
#993=VERTEX_POINT('',#3381);
#994=VERTEX_POINT('',#3386);
#995=VERTEX_POINT('',#3390);
#996=VERTEX_POINT('',#3394);
#997=VERTEX_POINT('',#3398);
#998=VERTEX_POINT('',#3402);
#999=VERTEX_POINT('',#3406);
#1000=VERTEX_POINT('',#3410);
#1001=VERTEX_POINT('',#3414);
#1002=VERTEX_POINT('',#3418);
#1003=VERTEX_POINT('',#3422);
#1004=VERTEX_POINT('',#3435);
#1005=VERTEX_POINT('',#3436);
#1006=VERTEX_POINT('',#3441);
#1007=VERTEX_POINT('',#3443);
#1008=VERTEX_POINT('',#3460);
#1009=VERTEX_POINT('',#3465);
#1010=VERTEX_POINT('',#3482);
#1011=VERTEX_POINT('',#3487);
#1012=VERTEX_POINT('',#3504);
#1013=VERTEX_POINT('',#3509);
#1014=VERTEX_POINT('',#3526);
#1015=VERTEX_POINT('',#3531);
#1016=VERTEX_POINT('',#3548);
#1017=VERTEX_POINT('',#3553);
#1018=VERTEX_POINT('',#3563);
#1019=VERTEX_POINT('',#3565);
#1020=VERTEX_POINT('',#3569);
#1021=VERTEX_POINT('',#3571);
#1022=VERTEX_POINT('',#3582);
#1023=VERTEX_POINT('',#3587);
#1024=VERTEX_POINT('',#3604);
#1025=VERTEX_POINT('',#3609);
#1026=VERTEX_POINT('',#3626);
#1027=VERTEX_POINT('',#3631);
#1028=VERTEX_POINT('',#3648);
#1029=VERTEX_POINT('',#3653);
#1030=VERTEX_POINT('',#3663);
#1031=VERTEX_POINT('',#3665);
#1032=VERTEX_POINT('',#3669);
#1033=VERTEX_POINT('',#3671);
#1034=VERTEX_POINT('',#3682);
#1035=VERTEX_POINT('',#3687);
#1036=VERTEX_POINT('',#3704);
#1037=VERTEX_POINT('',#3709);
#1038=VERTEX_POINT('',#3726);
#1039=VERTEX_POINT('',#3731);
#1040=VERTEX_POINT('',#3748);
#1041=VERTEX_POINT('',#3753);
#1042=VERTEX_POINT('',#3770);
#1043=VERTEX_POINT('',#3775);
#1044=VERTEX_POINT('',#3805);
#1045=VERTEX_POINT('',#3806);
#1046=VERTEX_POINT('',#3808);
#1047=VERTEX_POINT('',#3810);
#1048=VERTEX_POINT('',#3812);
#1049=VERTEX_POINT('',#3814);
#1050=VERTEX_POINT('',#3816);
#1051=VERTEX_POINT('',#3818);
#1052=VERTEX_POINT('',#3820);
#1053=VERTEX_POINT('',#3822);
#1054=VERTEX_POINT('',#3824);
#1055=VERTEX_POINT('',#3826);
#1056=VERTEX_POINT('',#3830);
#1057=VERTEX_POINT('',#3831);
#1058=VERTEX_POINT('',#3836);
#1059=VERTEX_POINT('',#3840);
#1060=VERTEX_POINT('',#3844);
#1061=VERTEX_POINT('',#3848);
#1062=VERTEX_POINT('',#3852);
#1063=VERTEX_POINT('',#3856);
#1064=VERTEX_POINT('',#3860);
#1065=VERTEX_POINT('',#3864);
#1066=VERTEX_POINT('',#3868);
#1067=VERTEX_POINT('',#3872);
#1068=VERTEX_POINT('',#3878);
#1069=VERTEX_POINT('',#3879);
#1070=VERTEX_POINT('',#3881);
#1071=VERTEX_POINT('',#3883);
#1072=VERTEX_POINT('',#3887);
#1073=VERTEX_POINT('',#3889);
#1074=VERTEX_POINT('',#3900);
#1075=VERTEX_POINT('',#3905);
#1076=VERTEX_POINT('',#3922);
#1077=VERTEX_POINT('',#3927);
#1078=VERTEX_POINT('',#3944);
#1079=VERTEX_POINT('',#3949);
#1080=VERTEX_POINT('',#3967);
#1081=VERTEX_POINT('',#3972);
#1082=VERTEX_POINT('',#3989);
#1083=VERTEX_POINT('',#3994);
#1084=VERTEX_POINT('',#4011);
#1085=VERTEX_POINT('',#4016);
#1086=VERTEX_POINT('',#4026);
#1087=VERTEX_POINT('',#4028);
#1088=VERTEX_POINT('',#4032);
#1089=VERTEX_POINT('',#4034);
#1090=VERTEX_POINT('',#4045);
#1091=VERTEX_POINT('',#4050);
#1092=VERTEX_POINT('',#4067);
#1093=VERTEX_POINT('',#4072);
#1094=VERTEX_POINT('',#4089);
#1095=VERTEX_POINT('',#4094);
#1096=VERTEX_POINT('',#4111);
#1097=VERTEX_POINT('',#4116);
#1098=VERTEX_POINT('',#4133);
#1099=VERTEX_POINT('',#4138);
#1100=VERTEX_POINT('',#4148);
#1101=VERTEX_POINT('',#4150);
#1102=VERTEX_POINT('',#4188);
#1103=VERTEX_POINT('',#4189);
#1104=VERTEX_POINT('',#4191);
#1105=VERTEX_POINT('',#4224);
#1106=VERTEX_POINT('',#4225);
#1107=VERTEX_POINT('',#4227);
#1108=VERTEX_POINT('',#4231);
#1109=VERTEX_POINT('',#4233);
#1110=VERTEX_POINT('',#4240);
#1111=VERTEX_POINT('',#4242);
#1112=VERTEX_POINT('',#4246);
#1113=VERTEX_POINT('',#4248);
#1114=VERTEX_POINT('',#4255);
#1115=VERTEX_POINT('',#4257);
#1116=VERTEX_POINT('',#4267);
#1117=VERTEX_POINT('',#4269);
#1118=VERTEX_POINT('',#4278);
#1119=VERTEX_POINT('',#4280);
#1120=VERTEX_POINT('',#4282);
#1121=VERTEX_POINT('',#4286);
#1122=VERTEX_POINT('',#4319);
#1123=VERTEX_POINT('',#4352);
#1124=VERTEX_POINT('',#4353);
#1125=VERTEX_POINT('',#4355);
#1126=VERTEX_POINT('',#4359);
#1127=VERTEX_POINT('',#4361);
#1128=VERTEX_POINT('',#4368);
#1129=VERTEX_POINT('',#4372);
#1130=VERTEX_POINT('',#4374);
#1131=VERTEX_POINT('',#4380);
#1132=VERTEX_POINT('',#4382);
#1133=VERTEX_POINT('',#4392);
#1134=VERTEX_POINT('',#4406);
#1135=VERTEX_POINT('',#4412);
#1136=VERTEX_POINT('',#4424);
#1137=VERTEX_POINT('',#4430);
#1138=VERTEX_POINT('',#4472);
#1139=VERTEX_POINT('',#4485);
#1140=VERTEX_POINT('',#4495);
#1141=VERTEX_POINT('',#4543);
#1142=VERTEX_POINT('',#4555);
#1143=VERTEX_POINT('',#4598);
#1144=VERTEX_POINT('',#4618);
#1145=VERTEX_POINT('',#4620);
#1146=VERTEX_POINT('',#4626);
#1147=VERTEX_POINT('',#4628);
#1148=VERTEX_POINT('',#4630);
#1149=VERTEX_POINT('',#4632);
#1150=VERTEX_POINT('',#4634);
#1151=VERTEX_POINT('',#4682);
#1152=VERTEX_POINT('',#4695);
#1153=VERTEX_POINT('',#4706);
#1154=VERTEX_POINT('',#4754);
#1155=VERTEX_POINT('',#4766);
#1156=VERTEX_POINT('',#4809);
#1157=VERTEX_POINT('',#4829);
#1158=VERTEX_POINT('',#4831);
#1159=VERTEX_POINT('',#4837);
#1160=VERTEX_POINT('',#4839);
#1161=VERTEX_POINT('',#4841);
#1162=VERTEX_POINT('',#4843);
#1163=EDGE_CURVE('',#936,#937,#504,.T.);
#1164=EDGE_CURVE('',#938,#936,#505,.T.);
#1165=EDGE_CURVE('',#939,#938,#506,.T.);
#1166=EDGE_CURVE('',#940,#939,#507,.T.);
#1167=EDGE_CURVE('',#941,#940,#508,.T.);
#1168=EDGE_CURVE('',#942,#941,#509,.T.);
#1169=EDGE_CURVE('',#943,#942,#510,.T.);
#1170=EDGE_CURVE('',#937,#943,#511,.T.);
#1171=EDGE_CURVE('',#944,#945,#512,.T.);
#1172=EDGE_CURVE('',#944,#940,#513,.T.);
#1173=EDGE_CURVE('',#945,#939,#514,.T.);
#1174=EDGE_CURVE('',#945,#946,#515,.T.);
#1175=EDGE_CURVE('',#946,#938,#516,.T.);
#1176=EDGE_CURVE('',#946,#947,#517,.T.);
#1177=EDGE_CURVE('',#947,#936,#518,.T.);
#1178=EDGE_CURVE('',#947,#948,#519,.T.);
#1179=EDGE_CURVE('',#948,#937,#520,.T.);
#1180=EDGE_CURVE('',#949,#944,#521,.T.);
#1181=EDGE_CURVE('',#949,#941,#522,.T.);
#1182=EDGE_CURVE('',#950,#949,#523,.T.);
#1183=EDGE_CURVE('',#950,#942,#524,.T.);
#1184=EDGE_CURVE('',#951,#950,#525,.T.);
#1185=EDGE_CURVE('',#951,#943,#526,.T.);
#1186=EDGE_CURVE('',#948,#951,#527,.T.);
#1187=EDGE_CURVE('',#952,#953,#92,.T.);
#1188=EDGE_CURVE('',#952,#954,#528,.T.);
#1189=EDGE_CURVE('',#954,#955,#93,.T.);
#1190=EDGE_CURVE('',#953,#955,#529,.T.);
#1191=EDGE_CURVE('',#953,#956,#94,.T.);
#1192=EDGE_CURVE('',#955,#957,#95,.T.);
#1193=EDGE_CURVE('',#956,#957,#530,.T.);
#1194=EDGE_CURVE('',#956,#958,#531,.T.);
#1195=EDGE_CURVE('',#957,#959,#532,.T.);
#1196=EDGE_CURVE('',#958,#959,#533,.T.);
#1197=EDGE_CURVE('',#960,#961,#534,.T.);
#1198=EDGE_CURVE('',#960,#962,#535,.T.);
#1199=EDGE_CURVE('',#962,#963,#536,.T.);
#1200=EDGE_CURVE('',#961,#963,#537,.T.);
#1201=EDGE_CURVE('',#964,#960,#538,.T.);
#1202=EDGE_CURVE('',#964,#965,#539,.T.);
#1203=EDGE_CURVE('',#965,#962,#540,.T.);
#1204=EDGE_CURVE('',#966,#964,#541,.T.);
#1205=EDGE_CURVE('',#966,#967,#542,.T.);
#1206=EDGE_CURVE('',#967,#965,#543,.T.);
#1207=EDGE_CURVE('',#968,#952,#96,.T.);
#1208=EDGE_CURVE('',#968,#969,#544,.T.);
#1209=EDGE_CURVE('',#969,#954,#97,.T.);
#1210=EDGE_CURVE('',#970,#968,#98,.T.);
#1211=EDGE_CURVE('',#970,#971,#545,.T.);
#1212=EDGE_CURVE('',#971,#969,#99,.T.);
#1213=EDGE_CURVE('',#972,#970,#546,.T.);
#1214=EDGE_CURVE('',#972,#973,#547,.T.);
#1215=EDGE_CURVE('',#973,#971,#548,.T.);
#1216=EDGE_CURVE('',#958,#972,#549,.T.);
#1217=EDGE_CURVE('',#959,#973,#550,.T.);
#1218=EDGE_CURVE('',#974,#966,#100,.T.);
#1219=EDGE_CURVE('',#974,#975,#551,.T.);
#1220=EDGE_CURVE('',#975,#967,#101,.T.);
#1221=EDGE_CURVE('',#976,#974,#102,.T.);
#1222=EDGE_CURVE('',#976,#977,#552,.T.);
#1223=EDGE_CURVE('',#977,#975,#103,.T.);
#1224=EDGE_CURVE('',#978,#976,#104,.T.);
#1225=EDGE_CURVE('',#978,#979,#553,.T.);
#1226=EDGE_CURVE('',#979,#977,#105,.T.);
#1227=EDGE_CURVE('',#961,#978,#106,.T.);
#1228=EDGE_CURVE('',#963,#979,#107,.T.);
#1229=EDGE_CURVE('',#980,#981,#554,.T.);
#1230=EDGE_CURVE('',#982,#980,#555,.T.);
#1231=EDGE_CURVE('',#983,#982,#556,.T.);
#1232=EDGE_CURVE('',#984,#983,#557,.T.);
#1233=EDGE_CURVE('',#985,#984,#558,.T.);
#1234=EDGE_CURVE('',#986,#985,#559,.T.);
#1235=EDGE_CURVE('',#987,#986,#560,.T.);
#1236=EDGE_CURVE('',#988,#987,#561,.T.);
#1237=EDGE_CURVE('',#989,#988,#562,.T.);
#1238=EDGE_CURVE('',#990,#989,#563,.T.);
#1239=EDGE_CURVE('',#991,#990,#564,.T.);
#1240=EDGE_CURVE('',#981,#991,#565,.T.);
#1241=EDGE_CURVE('',#992,#993,#566,.T.);
#1242=EDGE_CURVE('',#992,#986,#567,.T.);
#1243=EDGE_CURVE('',#993,#985,#568,.T.);
#1244=EDGE_CURVE('',#993,#994,#569,.T.);
#1245=EDGE_CURVE('',#994,#984,#570,.T.);
#1246=EDGE_CURVE('',#994,#995,#571,.T.);
#1247=EDGE_CURVE('',#995,#983,#572,.T.);
#1248=EDGE_CURVE('',#995,#996,#573,.T.);
#1249=EDGE_CURVE('',#996,#982,#574,.T.);
#1250=EDGE_CURVE('',#996,#997,#575,.T.);
#1251=EDGE_CURVE('',#997,#980,#576,.T.);
#1252=EDGE_CURVE('',#997,#998,#577,.T.);
#1253=EDGE_CURVE('',#998,#981,#578,.T.);
#1254=EDGE_CURVE('',#999,#992,#579,.T.);
#1255=EDGE_CURVE('',#999,#987,#580,.T.);
#1256=EDGE_CURVE('',#1000,#999,#581,.T.);
#1257=EDGE_CURVE('',#1000,#988,#582,.T.);
#1258=EDGE_CURVE('',#1001,#1000,#583,.T.);
#1259=EDGE_CURVE('',#1001,#989,#584,.T.);
#1260=EDGE_CURVE('',#1002,#1001,#585,.T.);
#1261=EDGE_CURVE('',#1002,#990,#586,.T.);
#1262=EDGE_CURVE('',#1003,#1002,#587,.T.);
#1263=EDGE_CURVE('',#1003,#991,#588,.T.);
#1264=EDGE_CURVE('',#998,#1003,#589,.T.);
#1265=EDGE_CURVE('',#1004,#1005,#108,.T.);
#1266=EDGE_CURVE('',#1004,#1006,#590,.T.);
#1267=EDGE_CURVE('',#1006,#1007,#109,.T.);
#1268=EDGE_CURVE('',#1005,#1007,#591,.T.);
#1269=EDGE_CURVE('',#1005,#1008,#110,.T.);
#1270=EDGE_CURVE('',#1007,#1009,#111,.T.);
#1271=EDGE_CURVE('',#1008,#1009,#592,.T.);
#1272=EDGE_CURVE('',#1008,#1010,#112,.T.);
#1273=EDGE_CURVE('',#1009,#1011,#113,.T.);
#1274=EDGE_CURVE('',#1010,#1011,#593,.T.);
#1275=EDGE_CURVE('',#1010,#1012,#114,.T.);
#1276=EDGE_CURVE('',#1011,#1013,#115,.T.);
#1277=EDGE_CURVE('',#1012,#1013,#594,.T.);
#1278=EDGE_CURVE('',#1012,#1014,#116,.T.);
#1279=EDGE_CURVE('',#1013,#1015,#117,.T.);
#1280=EDGE_CURVE('',#1014,#1015,#595,.T.);
#1281=EDGE_CURVE('',#1014,#1016,#118,.T.);
#1282=EDGE_CURVE('',#1015,#1017,#119,.T.);
#1283=EDGE_CURVE('',#1016,#1017,#596,.T.);
#1284=EDGE_CURVE('',#1016,#1018,#597,.T.);
#1285=EDGE_CURVE('',#1017,#1019,#598,.T.);
#1286=EDGE_CURVE('',#1018,#1019,#599,.T.);
#1287=EDGE_CURVE('',#1018,#1020,#600,.T.);
#1288=EDGE_CURVE('',#1019,#1021,#601,.T.);
#1289=EDGE_CURVE('',#1020,#1021,#602,.T.);
#1290=EDGE_CURVE('',#1020,#1022,#120,.T.);
#1291=EDGE_CURVE('',#1021,#1023,#121,.T.);
#1292=EDGE_CURVE('',#1022,#1023,#603,.T.);
#1293=EDGE_CURVE('',#1022,#1024,#122,.T.);
#1294=EDGE_CURVE('',#1023,#1025,#123,.T.);
#1295=EDGE_CURVE('',#1024,#1025,#604,.T.);
#1296=EDGE_CURVE('',#1026,#1004,#124,.T.);
#1297=EDGE_CURVE('',#1026,#1027,#605,.T.);
#1298=EDGE_CURVE('',#1027,#1006,#125,.T.);
#1299=EDGE_CURVE('',#1028,#1026,#126,.T.);
#1300=EDGE_CURVE('',#1028,#1029,#606,.T.);
#1301=EDGE_CURVE('',#1029,#1027,#127,.T.);
#1302=EDGE_CURVE('',#1030,#1028,#607,.T.);
#1303=EDGE_CURVE('',#1030,#1031,#608,.T.);
#1304=EDGE_CURVE('',#1031,#1029,#609,.T.);
#1305=EDGE_CURVE('',#1032,#1030,#610,.T.);
#1306=EDGE_CURVE('',#1032,#1033,#611,.T.);
#1307=EDGE_CURVE('',#1033,#1031,#612,.T.);
#1308=EDGE_CURVE('',#1034,#1032,#128,.T.);
#1309=EDGE_CURVE('',#1034,#1035,#613,.T.);
#1310=EDGE_CURVE('',#1035,#1033,#129,.T.);
#1311=EDGE_CURVE('',#1036,#1034,#130,.T.);
#1312=EDGE_CURVE('',#1036,#1037,#614,.T.);
#1313=EDGE_CURVE('',#1037,#1035,#131,.T.);
#1314=EDGE_CURVE('',#1038,#1036,#132,.T.);
#1315=EDGE_CURVE('',#1038,#1039,#615,.T.);
#1316=EDGE_CURVE('',#1039,#1037,#133,.T.);
#1317=EDGE_CURVE('',#1040,#1038,#134,.T.);
#1318=EDGE_CURVE('',#1040,#1041,#616,.T.);
#1319=EDGE_CURVE('',#1041,#1039,#135,.T.);
#1320=EDGE_CURVE('',#1042,#1040,#136,.T.);
#1321=EDGE_CURVE('',#1042,#1043,#617,.T.);
#1322=EDGE_CURVE('',#1043,#1041,#137,.T.);
#1323=EDGE_CURVE('',#1024,#1042,#138,.T.);
#1324=EDGE_CURVE('',#1025,#1043,#139,.T.);
#1325=EDGE_CURVE('',#1044,#1045,#618,.T.);
#1326=EDGE_CURVE('',#1046,#1044,#619,.T.);
#1327=EDGE_CURVE('',#1047,#1046,#620,.T.);
#1328=EDGE_CURVE('',#1048,#1047,#621,.T.);
#1329=EDGE_CURVE('',#1049,#1048,#622,.T.);
#1330=EDGE_CURVE('',#1050,#1049,#623,.T.);
#1331=EDGE_CURVE('',#1051,#1050,#624,.T.);
#1332=EDGE_CURVE('',#1052,#1051,#625,.T.);
#1333=EDGE_CURVE('',#1053,#1052,#626,.T.);
#1334=EDGE_CURVE('',#1054,#1053,#627,.T.);
#1335=EDGE_CURVE('',#1055,#1054,#628,.T.);
#1336=EDGE_CURVE('',#1045,#1055,#629,.T.);
#1337=EDGE_CURVE('',#1056,#1057,#630,.T.);
#1338=EDGE_CURVE('',#1056,#1050,#631,.T.);
#1339=EDGE_CURVE('',#1057,#1049,#632,.T.);
#1340=EDGE_CURVE('',#1057,#1058,#633,.T.);
#1341=EDGE_CURVE('',#1058,#1048,#634,.T.);
#1342=EDGE_CURVE('',#1058,#1059,#635,.T.);
#1343=EDGE_CURVE('',#1059,#1047,#636,.T.);
#1344=EDGE_CURVE('',#1059,#1060,#637,.T.);
#1345=EDGE_CURVE('',#1060,#1046,#638,.T.);
#1346=EDGE_CURVE('',#1060,#1061,#639,.T.);
#1347=EDGE_CURVE('',#1061,#1044,#640,.T.);
#1348=EDGE_CURVE('',#1061,#1062,#641,.T.);
#1349=EDGE_CURVE('',#1062,#1045,#642,.T.);
#1350=EDGE_CURVE('',#1063,#1056,#643,.T.);
#1351=EDGE_CURVE('',#1063,#1051,#644,.T.);
#1352=EDGE_CURVE('',#1064,#1063,#645,.T.);
#1353=EDGE_CURVE('',#1064,#1052,#646,.T.);
#1354=EDGE_CURVE('',#1065,#1064,#647,.T.);
#1355=EDGE_CURVE('',#1065,#1053,#648,.T.);
#1356=EDGE_CURVE('',#1066,#1065,#649,.T.);
#1357=EDGE_CURVE('',#1066,#1054,#650,.T.);
#1358=EDGE_CURVE('',#1067,#1066,#651,.T.);
#1359=EDGE_CURVE('',#1067,#1055,#652,.T.);
#1360=EDGE_CURVE('',#1062,#1067,#653,.T.);
#1361=EDGE_CURVE('',#1068,#1069,#654,.T.);
#1362=EDGE_CURVE('',#1068,#1070,#655,.T.);
#1363=EDGE_CURVE('',#1070,#1071,#656,.T.);
#1364=EDGE_CURVE('',#1069,#1071,#657,.T.);
#1365=EDGE_CURVE('',#1069,#1072,#658,.T.);
#1366=EDGE_CURVE('',#1071,#1073,#659,.T.);
#1367=EDGE_CURVE('',#1072,#1073,#660,.T.);
#1368=EDGE_CURVE('',#1072,#1074,#140,.T.);
#1369=EDGE_CURVE('',#1073,#1075,#141,.T.);
#1370=EDGE_CURVE('',#1074,#1075,#661,.T.);
#1371=EDGE_CURVE('',#1074,#1076,#142,.T.);
#1372=EDGE_CURVE('',#1075,#1077,#143,.T.);
#1373=EDGE_CURVE('',#1076,#1077,#662,.T.);
#1374=EDGE_CURVE('',#1076,#1078,#144,.T.);
#1375=EDGE_CURVE('',#1077,#1079,#145,.T.);
#1376=EDGE_CURVE('',#1078,#1079,#663,.T.);
#1377=EDGE_CURVE('',#1078,#1080,#146,.T.);
#1378=EDGE_CURVE('',#1079,#1081,#147,.T.);
#1379=EDGE_CURVE('',#1080,#1081,#664,.T.);
#1380=EDGE_CURVE('',#1080,#1082,#148,.T.);
#1381=EDGE_CURVE('',#1081,#1083,#149,.T.);
#1382=EDGE_CURVE('',#1082,#1083,#665,.T.);
#1383=EDGE_CURVE('',#1082,#1084,#150,.T.);
#1384=EDGE_CURVE('',#1083,#1085,#151,.T.);
#1385=EDGE_CURVE('',#1084,#1085,#666,.T.);
#1386=EDGE_CURVE('',#1086,#1068,#667,.T.);
#1387=EDGE_CURVE('',#1086,#1087,#668,.T.);
#1388=EDGE_CURVE('',#1087,#1070,#669,.T.);
#1389=EDGE_CURVE('',#1088,#1086,#670,.T.);
#1390=EDGE_CURVE('',#1088,#1089,#671,.T.);
#1391=EDGE_CURVE('',#1089,#1087,#672,.T.);
#1392=EDGE_CURVE('',#1090,#1088,#152,.T.);
#1393=EDGE_CURVE('',#1090,#1091,#673,.T.);
#1394=EDGE_CURVE('',#1091,#1089,#153,.T.);
#1395=EDGE_CURVE('',#1092,#1090,#154,.T.);
#1396=EDGE_CURVE('',#1092,#1093,#674,.T.);
#1397=EDGE_CURVE('',#1093,#1091,#155,.T.);
#1398=EDGE_CURVE('',#1094,#1092,#156,.T.);
#1399=EDGE_CURVE('',#1094,#1095,#675,.T.);
#1400=EDGE_CURVE('',#1095,#1093,#157,.T.);
#1401=EDGE_CURVE('',#1096,#1094,#158,.T.);
#1402=EDGE_CURVE('',#1096,#1097,#676,.T.);
#1403=EDGE_CURVE('',#1097,#1095,#159,.T.);
#1404=EDGE_CURVE('',#1098,#1096,#160,.T.);
#1405=EDGE_CURVE('',#1098,#1099,#677,.T.);
#1406=EDGE_CURVE('',#1099,#1097,#161,.T.);
#1407=EDGE_CURVE('',#1100,#1098,#678,.T.);
#1408=EDGE_CURVE('',#1100,#1101,#679,.T.);
#1409=EDGE_CURVE('',#1101,#1099,#680,.T.);
#1410=EDGE_CURVE('',#1084,#1100,#681,.T.);
#1411=EDGE_CURVE('',#1085,#1101,#682,.T.);
#1412=EDGE_CURVE('',#1102,#1103,#77,.T.);
#1413=EDGE_CURVE('',#1103,#1104,#78,.T.);
#1414=EDGE_CURVE('',#1104,#1102,#36,.T.);
#1415=EDGE_CURVE('',#1105,#1106,#79,.T.);
#1416=EDGE_CURVE('',#1106,#1107,#80,.T.);
#1417=EDGE_CURVE('',#1107,#1105,#37,.T.);
#1418=EDGE_CURVE('',#1106,#1108,#683,.T.);
#1419=EDGE_CURVE('',#1108,#1109,#38,.T.);
#1420=EDGE_CURVE('',#1109,#1107,#684,.T.);
#1421=EDGE_CURVE('',#1103,#1106,#685,.T.);
#1422=EDGE_CURVE('',#1105,#1104,#686,.T.);
#1423=EDGE_CURVE('',#1102,#1110,#687,.T.);
#1424=EDGE_CURVE('',#1110,#1111,#39,.T.);
#1425=EDGE_CURVE('',#1111,#1103,#688,.T.);
#1426=EDGE_CURVE('',#1105,#1112,#689,.T.);
#1427=EDGE_CURVE('',#1113,#1112,#162,.T.);
#1428=EDGE_CURVE('',#1114,#1113,#690,.T.);
#1429=EDGE_CURVE('',#1115,#1114,#163,.T.);
#1430=EDGE_CURVE('',#1116,#1115,#691,.T.);
#1431=EDGE_CURVE('',#1117,#1116,#164,.T.);
#1432=EDGE_CURVE('',#1104,#1117,#692,.T.);
#1433=EDGE_CURVE('',#1107,#1118,#693,.T.);
#1434=EDGE_CURVE('',#1119,#1118,#40,.T.);
#1435=EDGE_CURVE('',#1120,#1119,#694,.T.);
#1436=EDGE_CURVE('',#1120,#1112,#695,.T.);
#1437=EDGE_CURVE('',#1121,#1109,#696,.T.);
#1438=EDGE_CURVE('',#1118,#1121,#697,.T.);
#1439=EDGE_CURVE('',#1118,#1122,#81,.T.);
#1440=EDGE_CURVE('',#1122,#1119,#82,.T.);
#1441=EDGE_CURVE('',#1123,#1124,#83,.T.);
#1442=EDGE_CURVE('',#1124,#1125,#84,.T.);
#1443=EDGE_CURVE('',#1125,#1123,#41,.T.);
#1444=EDGE_CURVE('',#1124,#1126,#698,.T.);
#1445=EDGE_CURVE('',#1126,#1127,#42,.T.);
#1446=EDGE_CURVE('',#1127,#1125,#699,.T.);
#1447=EDGE_CURVE('',#1122,#1124,#700,.T.);
#1448=EDGE_CURVE('',#1123,#1119,#701,.T.);
#1449=EDGE_CURVE('',#1121,#1128,#43,.T.);
#1450=EDGE_CURVE('',#1128,#1122,#702,.T.);
#1451=EDGE_CURVE('',#1129,#1123,#703,.T.);
#1452=EDGE_CURVE('',#1130,#1129,#165,.T.);
#1453=EDGE_CURVE('',#1131,#1130,#704,.T.);
#1454=EDGE_CURVE('',#1132,#1131,#166,.T.);
#1455=EDGE_CURVE('',#1133,#1132,#705,.T.);
#1456=EDGE_CURVE('',#1120,#1133,#167,.T.);
#1457=EDGE_CURVE('',#1129,#1117,#706,.T.);
#1458=EDGE_CURVE('',#1102,#1125,#707,.T.);
#1459=EDGE_CURVE('',#1110,#1127,#708,.T.);
#1460=EDGE_CURVE('',#1134,#1117,#168,.T.);
#1461=EDGE_CURVE('',#1135,#1134,#709,.T.);
#1462=EDGE_CURVE('',#1129,#1135,#169,.T.);
#1463=EDGE_CURVE('',#1111,#1108,#710,.T.);
#1464=EDGE_CURVE('',#1128,#1126,#711,.T.);
#1465=EDGE_CURVE('',#1136,#1120,#170,.T.);
#1466=EDGE_CURVE('',#1136,#1137,#712,.T.);
#1467=EDGE_CURVE('',#1112,#1137,#171,.T.);
#1468=EDGE_CURVE('',#1138,#1135,#172,.F.);
#1469=EDGE_CURVE('',#1138,#1139,#173,.T.);
#1470=EDGE_CURVE('',#1139,#1130,#44,.T.);
#1471=EDGE_CURVE('',#1140,#1131,#45,.T.);
#1472=EDGE_CURVE('',#1139,#1140,#713,.T.);
#1473=EDGE_CURVE('',#1141,#1132,#46,.T.);
#1474=EDGE_CURVE('',#1140,#1141,#174,.T.);
#1475=EDGE_CURVE('',#1142,#1133,#47,.T.);
#1476=EDGE_CURVE('',#1141,#1142,#714,.T.);
#1477=EDGE_CURVE('',#1143,#1136,#175,.T.);
#1478=EDGE_CURVE('',#1142,#1143,#176,.T.);
#1479=EDGE_CURVE('',#1142,#1144,#48,.T.);
#1480=EDGE_CURVE('',#1144,#1145,#49,.T.);
#1481=EDGE_CURVE('',#1145,#1143,#50,.T.);
#1482=EDGE_CURVE('',#1144,#1141,#51,.T.);
#1483=EDGE_CURVE('',#1140,#1146,#52,.T.);
#1484=EDGE_CURVE('',#1146,#1147,#53,.T.);
#1485=EDGE_CURVE('',#1147,#1148,#54,.T.);
#1486=EDGE_CURVE('',#1148,#1149,#55,.T.);
#1487=EDGE_CURVE('',#1149,#1150,#56,.T.);
#1488=EDGE_CURVE('',#1150,#1149,#57,.T.);
#1489=EDGE_CURVE('',#1148,#1145,#58,.T.);
#1490=EDGE_CURVE('',#1146,#1139,#59,.T.);
#1491=EDGE_CURVE('',#1138,#1147,#60,.T.);
#1492=EDGE_CURVE('',#1151,#1137,#177,.F.);
#1493=EDGE_CURVE('',#1151,#1152,#178,.T.);
#1494=EDGE_CURVE('',#1152,#1113,#61,.T.);
#1495=EDGE_CURVE('',#1153,#1114,#62,.T.);
#1496=EDGE_CURVE('',#1152,#1153,#715,.T.);
#1497=EDGE_CURVE('',#1154,#1115,#63,.T.);
#1498=EDGE_CURVE('',#1153,#1154,#179,.T.);
#1499=EDGE_CURVE('',#1155,#1116,#64,.T.);
#1500=EDGE_CURVE('',#1154,#1155,#716,.T.);
#1501=EDGE_CURVE('',#1156,#1134,#180,.T.);
#1502=EDGE_CURVE('',#1155,#1156,#181,.T.);
#1503=EDGE_CURVE('',#1155,#1157,#65,.T.);
#1504=EDGE_CURVE('',#1157,#1158,#66,.T.);
#1505=EDGE_CURVE('',#1158,#1156,#67,.T.);
#1506=EDGE_CURVE('',#1157,#1154,#68,.T.);
#1507=EDGE_CURVE('',#1153,#1159,#69,.T.);
#1508=EDGE_CURVE('',#1159,#1160,#70,.T.);
#1509=EDGE_CURVE('',#1160,#1161,#71,.T.);
#1510=EDGE_CURVE('',#1161,#1162,#72,.T.);
#1511=EDGE_CURVE('',#1162,#1162,#73,.T.);
#1512=EDGE_CURVE('',#1161,#1158,#74,.T.);
#1513=EDGE_CURVE('',#1159,#1152,#75,.T.);
#1514=EDGE_CURVE('',#1151,#1160,#76,.T.);
#1515=EDGE_CURVE('',#1162,#1150,#717,.T.);
#1516=EDGE_CURVE('',#1158,#1147,#718,.T.);
#1517=EDGE_CURVE('',#1145,#1160,#719,.T.);
#1518=ORIENTED_EDGE('',*,*,#1163,.F.);
#1519=ORIENTED_EDGE('',*,*,#1164,.F.);
#1520=ORIENTED_EDGE('',*,*,#1165,.F.);
#1521=ORIENTED_EDGE('',*,*,#1166,.F.);
#1522=ORIENTED_EDGE('',*,*,#1167,.F.);
#1523=ORIENTED_EDGE('',*,*,#1168,.F.);
#1524=ORIENTED_EDGE('',*,*,#1169,.F.);
#1525=ORIENTED_EDGE('',*,*,#1170,.F.);
#1526=ORIENTED_EDGE('',*,*,#1171,.F.);
#1527=ORIENTED_EDGE('',*,*,#1172,.T.);
#1528=ORIENTED_EDGE('',*,*,#1166,.T.);
#1529=ORIENTED_EDGE('',*,*,#1173,.F.);
#1530=ORIENTED_EDGE('',*,*,#1174,.F.);
#1531=ORIENTED_EDGE('',*,*,#1173,.T.);
#1532=ORIENTED_EDGE('',*,*,#1165,.T.);
#1533=ORIENTED_EDGE('',*,*,#1175,.F.);
#1534=ORIENTED_EDGE('',*,*,#1176,.F.);
#1535=ORIENTED_EDGE('',*,*,#1175,.T.);
#1536=ORIENTED_EDGE('',*,*,#1164,.T.);
#1537=ORIENTED_EDGE('',*,*,#1177,.F.);
#1538=ORIENTED_EDGE('',*,*,#1178,.F.);
#1539=ORIENTED_EDGE('',*,*,#1177,.T.);
#1540=ORIENTED_EDGE('',*,*,#1163,.T.);
#1541=ORIENTED_EDGE('',*,*,#1179,.F.);
#1542=ORIENTED_EDGE('',*,*,#1180,.F.);
#1543=ORIENTED_EDGE('',*,*,#1181,.T.);
#1544=ORIENTED_EDGE('',*,*,#1167,.T.);
#1545=ORIENTED_EDGE('',*,*,#1172,.F.);
#1546=ORIENTED_EDGE('',*,*,#1182,.F.);
#1547=ORIENTED_EDGE('',*,*,#1183,.T.);
#1548=ORIENTED_EDGE('',*,*,#1168,.T.);
#1549=ORIENTED_EDGE('',*,*,#1181,.F.);
#1550=ORIENTED_EDGE('',*,*,#1184,.F.);
#1551=ORIENTED_EDGE('',*,*,#1185,.T.);
#1552=ORIENTED_EDGE('',*,*,#1169,.T.);
#1553=ORIENTED_EDGE('',*,*,#1183,.F.);
#1554=ORIENTED_EDGE('',*,*,#1186,.F.);
#1555=ORIENTED_EDGE('',*,*,#1179,.T.);
#1556=ORIENTED_EDGE('',*,*,#1170,.T.);
#1557=ORIENTED_EDGE('',*,*,#1185,.F.);
#1558=ORIENTED_EDGE('',*,*,#1187,.F.);
#1559=ORIENTED_EDGE('',*,*,#1188,.T.);
#1560=ORIENTED_EDGE('',*,*,#1189,.T.);
#1561=ORIENTED_EDGE('',*,*,#1190,.F.);
#1562=ORIENTED_EDGE('',*,*,#1191,.F.);
#1563=ORIENTED_EDGE('',*,*,#1190,.T.);
#1564=ORIENTED_EDGE('',*,*,#1192,.T.);
#1565=ORIENTED_EDGE('',*,*,#1193,.F.);
#1566=ORIENTED_EDGE('',*,*,#1194,.F.);
#1567=ORIENTED_EDGE('',*,*,#1193,.T.);
#1568=ORIENTED_EDGE('',*,*,#1195,.T.);
#1569=ORIENTED_EDGE('',*,*,#1196,.F.);
#1570=ORIENTED_EDGE('',*,*,#1197,.F.);
#1571=ORIENTED_EDGE('',*,*,#1198,.T.);
#1572=ORIENTED_EDGE('',*,*,#1199,.T.);
#1573=ORIENTED_EDGE('',*,*,#1200,.F.);
#1574=ORIENTED_EDGE('',*,*,#1201,.F.);
#1575=ORIENTED_EDGE('',*,*,#1202,.T.);
#1576=ORIENTED_EDGE('',*,*,#1203,.T.);
#1577=ORIENTED_EDGE('',*,*,#1198,.F.);
#1578=ORIENTED_EDGE('',*,*,#1204,.F.);
#1579=ORIENTED_EDGE('',*,*,#1205,.T.);
#1580=ORIENTED_EDGE('',*,*,#1206,.T.);
#1581=ORIENTED_EDGE('',*,*,#1202,.F.);
#1582=ORIENTED_EDGE('',*,*,#1207,.F.);
#1583=ORIENTED_EDGE('',*,*,#1208,.T.);
#1584=ORIENTED_EDGE('',*,*,#1209,.T.);
#1585=ORIENTED_EDGE('',*,*,#1188,.F.);
#1586=ORIENTED_EDGE('',*,*,#1210,.F.);
#1587=ORIENTED_EDGE('',*,*,#1211,.T.);
#1588=ORIENTED_EDGE('',*,*,#1212,.T.);
#1589=ORIENTED_EDGE('',*,*,#1208,.F.);
#1590=ORIENTED_EDGE('',*,*,#1213,.F.);
#1591=ORIENTED_EDGE('',*,*,#1214,.T.);
#1592=ORIENTED_EDGE('',*,*,#1215,.T.);
#1593=ORIENTED_EDGE('',*,*,#1211,.F.);
#1594=ORIENTED_EDGE('',*,*,#1216,.F.);
#1595=ORIENTED_EDGE('',*,*,#1196,.T.);
#1596=ORIENTED_EDGE('',*,*,#1217,.T.);
#1597=ORIENTED_EDGE('',*,*,#1214,.F.);
#1598=ORIENTED_EDGE('',*,*,#1218,.F.);
#1599=ORIENTED_EDGE('',*,*,#1219,.T.);
#1600=ORIENTED_EDGE('',*,*,#1220,.T.);
#1601=ORIENTED_EDGE('',*,*,#1205,.F.);
#1602=ORIENTED_EDGE('',*,*,#1221,.F.);
#1603=ORIENTED_EDGE('',*,*,#1222,.T.);
#1604=ORIENTED_EDGE('',*,*,#1223,.T.);
#1605=ORIENTED_EDGE('',*,*,#1219,.F.);
#1606=ORIENTED_EDGE('',*,*,#1224,.F.);
#1607=ORIENTED_EDGE('',*,*,#1225,.T.);
#1608=ORIENTED_EDGE('',*,*,#1226,.T.);
#1609=ORIENTED_EDGE('',*,*,#1222,.F.);
#1610=ORIENTED_EDGE('',*,*,#1227,.F.);
#1611=ORIENTED_EDGE('',*,*,#1200,.T.);
#1612=ORIENTED_EDGE('',*,*,#1228,.T.);
#1613=ORIENTED_EDGE('',*,*,#1225,.F.);
#1614=ORIENTED_EDGE('',*,*,#1209,.F.);
#1615=ORIENTED_EDGE('',*,*,#1212,.F.);
#1616=ORIENTED_EDGE('',*,*,#1215,.F.);
#1617=ORIENTED_EDGE('',*,*,#1217,.F.);
#1618=ORIENTED_EDGE('',*,*,#1195,.F.);
#1619=ORIENTED_EDGE('',*,*,#1192,.F.);
#1620=ORIENTED_EDGE('',*,*,#1189,.F.);
#1621=ORIENTED_EDGE('',*,*,#1220,.F.);
#1622=ORIENTED_EDGE('',*,*,#1223,.F.);
#1623=ORIENTED_EDGE('',*,*,#1226,.F.);
#1624=ORIENTED_EDGE('',*,*,#1228,.F.);
#1625=ORIENTED_EDGE('',*,*,#1199,.F.);
#1626=ORIENTED_EDGE('',*,*,#1203,.F.);
#1627=ORIENTED_EDGE('',*,*,#1206,.F.);
#1628=ORIENTED_EDGE('',*,*,#1229,.F.);
#1629=ORIENTED_EDGE('',*,*,#1230,.F.);
#1630=ORIENTED_EDGE('',*,*,#1231,.F.);
#1631=ORIENTED_EDGE('',*,*,#1232,.F.);
#1632=ORIENTED_EDGE('',*,*,#1233,.F.);
#1633=ORIENTED_EDGE('',*,*,#1234,.F.);
#1634=ORIENTED_EDGE('',*,*,#1235,.F.);
#1635=ORIENTED_EDGE('',*,*,#1236,.F.);
#1636=ORIENTED_EDGE('',*,*,#1237,.F.);
#1637=ORIENTED_EDGE('',*,*,#1238,.F.);
#1638=ORIENTED_EDGE('',*,*,#1239,.F.);
#1639=ORIENTED_EDGE('',*,*,#1240,.F.);
#1640=ORIENTED_EDGE('',*,*,#1241,.F.);
#1641=ORIENTED_EDGE('',*,*,#1242,.T.);
#1642=ORIENTED_EDGE('',*,*,#1234,.T.);
#1643=ORIENTED_EDGE('',*,*,#1243,.F.);
#1644=ORIENTED_EDGE('',*,*,#1244,.F.);
#1645=ORIENTED_EDGE('',*,*,#1243,.T.);
#1646=ORIENTED_EDGE('',*,*,#1233,.T.);
#1647=ORIENTED_EDGE('',*,*,#1245,.F.);
#1648=ORIENTED_EDGE('',*,*,#1246,.F.);
#1649=ORIENTED_EDGE('',*,*,#1245,.T.);
#1650=ORIENTED_EDGE('',*,*,#1232,.T.);
#1651=ORIENTED_EDGE('',*,*,#1247,.F.);
#1652=ORIENTED_EDGE('',*,*,#1248,.F.);
#1653=ORIENTED_EDGE('',*,*,#1247,.T.);
#1654=ORIENTED_EDGE('',*,*,#1231,.T.);
#1655=ORIENTED_EDGE('',*,*,#1249,.F.);
#1656=ORIENTED_EDGE('',*,*,#1250,.F.);
#1657=ORIENTED_EDGE('',*,*,#1249,.T.);
#1658=ORIENTED_EDGE('',*,*,#1230,.T.);
#1659=ORIENTED_EDGE('',*,*,#1251,.F.);
#1660=ORIENTED_EDGE('',*,*,#1252,.F.);
#1661=ORIENTED_EDGE('',*,*,#1251,.T.);
#1662=ORIENTED_EDGE('',*,*,#1229,.T.);
#1663=ORIENTED_EDGE('',*,*,#1253,.F.);
#1664=ORIENTED_EDGE('',*,*,#1254,.F.);
#1665=ORIENTED_EDGE('',*,*,#1255,.T.);
#1666=ORIENTED_EDGE('',*,*,#1235,.T.);
#1667=ORIENTED_EDGE('',*,*,#1242,.F.);
#1668=ORIENTED_EDGE('',*,*,#1256,.F.);
#1669=ORIENTED_EDGE('',*,*,#1257,.T.);
#1670=ORIENTED_EDGE('',*,*,#1236,.T.);
#1671=ORIENTED_EDGE('',*,*,#1255,.F.);
#1672=ORIENTED_EDGE('',*,*,#1258,.F.);
#1673=ORIENTED_EDGE('',*,*,#1259,.T.);
#1674=ORIENTED_EDGE('',*,*,#1237,.T.);
#1675=ORIENTED_EDGE('',*,*,#1257,.F.);
#1676=ORIENTED_EDGE('',*,*,#1260,.F.);
#1677=ORIENTED_EDGE('',*,*,#1261,.T.);
#1678=ORIENTED_EDGE('',*,*,#1238,.T.);
#1679=ORIENTED_EDGE('',*,*,#1259,.F.);
#1680=ORIENTED_EDGE('',*,*,#1262,.F.);
#1681=ORIENTED_EDGE('',*,*,#1263,.T.);
#1682=ORIENTED_EDGE('',*,*,#1239,.T.);
#1683=ORIENTED_EDGE('',*,*,#1261,.F.);
#1684=ORIENTED_EDGE('',*,*,#1264,.F.);
#1685=ORIENTED_EDGE('',*,*,#1253,.T.);
#1686=ORIENTED_EDGE('',*,*,#1240,.T.);
#1687=ORIENTED_EDGE('',*,*,#1263,.F.);
#1688=ORIENTED_EDGE('',*,*,#1265,.F.);
#1689=ORIENTED_EDGE('',*,*,#1266,.T.);
#1690=ORIENTED_EDGE('',*,*,#1267,.T.);
#1691=ORIENTED_EDGE('',*,*,#1268,.F.);
#1692=ORIENTED_EDGE('',*,*,#1269,.F.);
#1693=ORIENTED_EDGE('',*,*,#1268,.T.);
#1694=ORIENTED_EDGE('',*,*,#1270,.T.);
#1695=ORIENTED_EDGE('',*,*,#1271,.F.);
#1696=ORIENTED_EDGE('',*,*,#1272,.F.);
#1697=ORIENTED_EDGE('',*,*,#1271,.T.);
#1698=ORIENTED_EDGE('',*,*,#1273,.T.);
#1699=ORIENTED_EDGE('',*,*,#1274,.F.);
#1700=ORIENTED_EDGE('',*,*,#1275,.F.);
#1701=ORIENTED_EDGE('',*,*,#1274,.T.);
#1702=ORIENTED_EDGE('',*,*,#1276,.T.);
#1703=ORIENTED_EDGE('',*,*,#1277,.F.);
#1704=ORIENTED_EDGE('',*,*,#1278,.F.);
#1705=ORIENTED_EDGE('',*,*,#1277,.T.);
#1706=ORIENTED_EDGE('',*,*,#1279,.T.);
#1707=ORIENTED_EDGE('',*,*,#1280,.F.);
#1708=ORIENTED_EDGE('',*,*,#1281,.F.);
#1709=ORIENTED_EDGE('',*,*,#1280,.T.);
#1710=ORIENTED_EDGE('',*,*,#1282,.T.);
#1711=ORIENTED_EDGE('',*,*,#1283,.F.);
#1712=ORIENTED_EDGE('',*,*,#1284,.F.);
#1713=ORIENTED_EDGE('',*,*,#1283,.T.);
#1714=ORIENTED_EDGE('',*,*,#1285,.T.);
#1715=ORIENTED_EDGE('',*,*,#1286,.F.);
#1716=ORIENTED_EDGE('',*,*,#1287,.F.);
#1717=ORIENTED_EDGE('',*,*,#1286,.T.);
#1718=ORIENTED_EDGE('',*,*,#1288,.T.);
#1719=ORIENTED_EDGE('',*,*,#1289,.F.);
#1720=ORIENTED_EDGE('',*,*,#1290,.F.);
#1721=ORIENTED_EDGE('',*,*,#1289,.T.);
#1722=ORIENTED_EDGE('',*,*,#1291,.T.);
#1723=ORIENTED_EDGE('',*,*,#1292,.F.);
#1724=ORIENTED_EDGE('',*,*,#1293,.F.);
#1725=ORIENTED_EDGE('',*,*,#1292,.T.);
#1726=ORIENTED_EDGE('',*,*,#1294,.T.);
#1727=ORIENTED_EDGE('',*,*,#1295,.F.);
#1728=ORIENTED_EDGE('',*,*,#1296,.F.);
#1729=ORIENTED_EDGE('',*,*,#1297,.T.);
#1730=ORIENTED_EDGE('',*,*,#1298,.T.);
#1731=ORIENTED_EDGE('',*,*,#1266,.F.);
#1732=ORIENTED_EDGE('',*,*,#1299,.F.);
#1733=ORIENTED_EDGE('',*,*,#1300,.T.);
#1734=ORIENTED_EDGE('',*,*,#1301,.T.);
#1735=ORIENTED_EDGE('',*,*,#1297,.F.);
#1736=ORIENTED_EDGE('',*,*,#1302,.F.);
#1737=ORIENTED_EDGE('',*,*,#1303,.T.);
#1738=ORIENTED_EDGE('',*,*,#1304,.T.);
#1739=ORIENTED_EDGE('',*,*,#1300,.F.);
#1740=ORIENTED_EDGE('',*,*,#1305,.F.);
#1741=ORIENTED_EDGE('',*,*,#1306,.T.);
#1742=ORIENTED_EDGE('',*,*,#1307,.T.);
#1743=ORIENTED_EDGE('',*,*,#1303,.F.);
#1744=ORIENTED_EDGE('',*,*,#1308,.F.);
#1745=ORIENTED_EDGE('',*,*,#1309,.T.);
#1746=ORIENTED_EDGE('',*,*,#1310,.T.);
#1747=ORIENTED_EDGE('',*,*,#1306,.F.);
#1748=ORIENTED_EDGE('',*,*,#1311,.F.);
#1749=ORIENTED_EDGE('',*,*,#1312,.T.);
#1750=ORIENTED_EDGE('',*,*,#1313,.T.);
#1751=ORIENTED_EDGE('',*,*,#1309,.F.);
#1752=ORIENTED_EDGE('',*,*,#1314,.F.);
#1753=ORIENTED_EDGE('',*,*,#1315,.T.);
#1754=ORIENTED_EDGE('',*,*,#1316,.T.);
#1755=ORIENTED_EDGE('',*,*,#1312,.F.);
#1756=ORIENTED_EDGE('',*,*,#1317,.F.);
#1757=ORIENTED_EDGE('',*,*,#1318,.T.);
#1758=ORIENTED_EDGE('',*,*,#1319,.T.);
#1759=ORIENTED_EDGE('',*,*,#1315,.F.);
#1760=ORIENTED_EDGE('',*,*,#1320,.F.);
#1761=ORIENTED_EDGE('',*,*,#1321,.T.);
#1762=ORIENTED_EDGE('',*,*,#1322,.T.);
#1763=ORIENTED_EDGE('',*,*,#1318,.F.);
#1764=ORIENTED_EDGE('',*,*,#1323,.F.);
#1765=ORIENTED_EDGE('',*,*,#1295,.T.);
#1766=ORIENTED_EDGE('',*,*,#1324,.T.);
#1767=ORIENTED_EDGE('',*,*,#1321,.F.);
#1768=ORIENTED_EDGE('',*,*,#1298,.F.);
#1769=ORIENTED_EDGE('',*,*,#1301,.F.);
#1770=ORIENTED_EDGE('',*,*,#1304,.F.);
#1771=ORIENTED_EDGE('',*,*,#1307,.F.);
#1772=ORIENTED_EDGE('',*,*,#1310,.F.);
#1773=ORIENTED_EDGE('',*,*,#1313,.F.);
#1774=ORIENTED_EDGE('',*,*,#1316,.F.);
#1775=ORIENTED_EDGE('',*,*,#1319,.F.);
#1776=ORIENTED_EDGE('',*,*,#1322,.F.);
#1777=ORIENTED_EDGE('',*,*,#1324,.F.);
#1778=ORIENTED_EDGE('',*,*,#1294,.F.);
#1779=ORIENTED_EDGE('',*,*,#1291,.F.);
#1780=ORIENTED_EDGE('',*,*,#1288,.F.);
#1781=ORIENTED_EDGE('',*,*,#1285,.F.);
#1782=ORIENTED_EDGE('',*,*,#1282,.F.);
#1783=ORIENTED_EDGE('',*,*,#1279,.F.);
#1784=ORIENTED_EDGE('',*,*,#1276,.F.);
#1785=ORIENTED_EDGE('',*,*,#1273,.F.);
#1786=ORIENTED_EDGE('',*,*,#1270,.F.);
#1787=ORIENTED_EDGE('',*,*,#1267,.F.);
#1788=ORIENTED_EDGE('',*,*,#1325,.F.);
#1789=ORIENTED_EDGE('',*,*,#1326,.F.);
#1790=ORIENTED_EDGE('',*,*,#1327,.F.);
#1791=ORIENTED_EDGE('',*,*,#1328,.F.);
#1792=ORIENTED_EDGE('',*,*,#1329,.F.);
#1793=ORIENTED_EDGE('',*,*,#1330,.F.);
#1794=ORIENTED_EDGE('',*,*,#1331,.F.);
#1795=ORIENTED_EDGE('',*,*,#1332,.F.);
#1796=ORIENTED_EDGE('',*,*,#1333,.F.);
#1797=ORIENTED_EDGE('',*,*,#1334,.F.);
#1798=ORIENTED_EDGE('',*,*,#1335,.F.);
#1799=ORIENTED_EDGE('',*,*,#1336,.F.);
#1800=ORIENTED_EDGE('',*,*,#1337,.F.);
#1801=ORIENTED_EDGE('',*,*,#1338,.T.);
#1802=ORIENTED_EDGE('',*,*,#1330,.T.);
#1803=ORIENTED_EDGE('',*,*,#1339,.F.);
#1804=ORIENTED_EDGE('',*,*,#1340,.F.);
#1805=ORIENTED_EDGE('',*,*,#1339,.T.);
#1806=ORIENTED_EDGE('',*,*,#1329,.T.);
#1807=ORIENTED_EDGE('',*,*,#1341,.F.);
#1808=ORIENTED_EDGE('',*,*,#1342,.F.);
#1809=ORIENTED_EDGE('',*,*,#1341,.T.);
#1810=ORIENTED_EDGE('',*,*,#1328,.T.);
#1811=ORIENTED_EDGE('',*,*,#1343,.F.);
#1812=ORIENTED_EDGE('',*,*,#1344,.F.);
#1813=ORIENTED_EDGE('',*,*,#1343,.T.);
#1814=ORIENTED_EDGE('',*,*,#1327,.T.);
#1815=ORIENTED_EDGE('',*,*,#1345,.F.);
#1816=ORIENTED_EDGE('',*,*,#1346,.F.);
#1817=ORIENTED_EDGE('',*,*,#1345,.T.);
#1818=ORIENTED_EDGE('',*,*,#1326,.T.);
#1819=ORIENTED_EDGE('',*,*,#1347,.F.);
#1820=ORIENTED_EDGE('',*,*,#1348,.F.);
#1821=ORIENTED_EDGE('',*,*,#1347,.T.);
#1822=ORIENTED_EDGE('',*,*,#1325,.T.);
#1823=ORIENTED_EDGE('',*,*,#1349,.F.);
#1824=ORIENTED_EDGE('',*,*,#1350,.F.);
#1825=ORIENTED_EDGE('',*,*,#1351,.T.);
#1826=ORIENTED_EDGE('',*,*,#1331,.T.);
#1827=ORIENTED_EDGE('',*,*,#1338,.F.);
#1828=ORIENTED_EDGE('',*,*,#1352,.F.);
#1829=ORIENTED_EDGE('',*,*,#1353,.T.);
#1830=ORIENTED_EDGE('',*,*,#1332,.T.);
#1831=ORIENTED_EDGE('',*,*,#1351,.F.);
#1832=ORIENTED_EDGE('',*,*,#1354,.F.);
#1833=ORIENTED_EDGE('',*,*,#1355,.T.);
#1834=ORIENTED_EDGE('',*,*,#1333,.T.);
#1835=ORIENTED_EDGE('',*,*,#1353,.F.);
#1836=ORIENTED_EDGE('',*,*,#1356,.F.);
#1837=ORIENTED_EDGE('',*,*,#1357,.T.);
#1838=ORIENTED_EDGE('',*,*,#1334,.T.);
#1839=ORIENTED_EDGE('',*,*,#1355,.F.);
#1840=ORIENTED_EDGE('',*,*,#1358,.F.);
#1841=ORIENTED_EDGE('',*,*,#1359,.T.);
#1842=ORIENTED_EDGE('',*,*,#1335,.T.);
#1843=ORIENTED_EDGE('',*,*,#1357,.F.);
#1844=ORIENTED_EDGE('',*,*,#1360,.F.);
#1845=ORIENTED_EDGE('',*,*,#1349,.T.);
#1846=ORIENTED_EDGE('',*,*,#1336,.T.);
#1847=ORIENTED_EDGE('',*,*,#1359,.F.);
#1848=ORIENTED_EDGE('',*,*,#1361,.F.);
#1849=ORIENTED_EDGE('',*,*,#1362,.T.);
#1850=ORIENTED_EDGE('',*,*,#1363,.T.);
#1851=ORIENTED_EDGE('',*,*,#1364,.F.);
#1852=ORIENTED_EDGE('',*,*,#1365,.F.);
#1853=ORIENTED_EDGE('',*,*,#1364,.T.);
#1854=ORIENTED_EDGE('',*,*,#1366,.T.);
#1855=ORIENTED_EDGE('',*,*,#1367,.F.);
#1856=ORIENTED_EDGE('',*,*,#1368,.F.);
#1857=ORIENTED_EDGE('',*,*,#1367,.T.);
#1858=ORIENTED_EDGE('',*,*,#1369,.T.);
#1859=ORIENTED_EDGE('',*,*,#1370,.F.);
#1860=ORIENTED_EDGE('',*,*,#1371,.F.);
#1861=ORIENTED_EDGE('',*,*,#1370,.T.);
#1862=ORIENTED_EDGE('',*,*,#1372,.T.);
#1863=ORIENTED_EDGE('',*,*,#1373,.F.);
#1864=ORIENTED_EDGE('',*,*,#1374,.F.);
#1865=ORIENTED_EDGE('',*,*,#1373,.T.);
#1866=ORIENTED_EDGE('',*,*,#1375,.T.);
#1867=ORIENTED_EDGE('',*,*,#1376,.F.);
#1868=ORIENTED_EDGE('',*,*,#1377,.F.);
#1869=ORIENTED_EDGE('',*,*,#1376,.T.);
#1870=ORIENTED_EDGE('',*,*,#1378,.T.);
#1871=ORIENTED_EDGE('',*,*,#1379,.F.);
#1872=ORIENTED_EDGE('',*,*,#1380,.F.);
#1873=ORIENTED_EDGE('',*,*,#1379,.T.);
#1874=ORIENTED_EDGE('',*,*,#1381,.T.);
#1875=ORIENTED_EDGE('',*,*,#1382,.F.);
#1876=ORIENTED_EDGE('',*,*,#1383,.F.);
#1877=ORIENTED_EDGE('',*,*,#1382,.T.);
#1878=ORIENTED_EDGE('',*,*,#1384,.T.);
#1879=ORIENTED_EDGE('',*,*,#1385,.F.);
#1880=ORIENTED_EDGE('',*,*,#1386,.F.);
#1881=ORIENTED_EDGE('',*,*,#1387,.T.);
#1882=ORIENTED_EDGE('',*,*,#1388,.T.);
#1883=ORIENTED_EDGE('',*,*,#1362,.F.);
#1884=ORIENTED_EDGE('',*,*,#1389,.F.);
#1885=ORIENTED_EDGE('',*,*,#1390,.T.);
#1886=ORIENTED_EDGE('',*,*,#1391,.T.);
#1887=ORIENTED_EDGE('',*,*,#1387,.F.);
#1888=ORIENTED_EDGE('',*,*,#1392,.F.);
#1889=ORIENTED_EDGE('',*,*,#1393,.T.);
#1890=ORIENTED_EDGE('',*,*,#1394,.T.);
#1891=ORIENTED_EDGE('',*,*,#1390,.F.);
#1892=ORIENTED_EDGE('',*,*,#1395,.F.);
#1893=ORIENTED_EDGE('',*,*,#1396,.T.);
#1894=ORIENTED_EDGE('',*,*,#1397,.T.);
#1895=ORIENTED_EDGE('',*,*,#1393,.F.);
#1896=ORIENTED_EDGE('',*,*,#1398,.F.);
#1897=ORIENTED_EDGE('',*,*,#1399,.T.);
#1898=ORIENTED_EDGE('',*,*,#1400,.T.);
#1899=ORIENTED_EDGE('',*,*,#1396,.F.);
#1900=ORIENTED_EDGE('',*,*,#1401,.F.);
#1901=ORIENTED_EDGE('',*,*,#1402,.T.);
#1902=ORIENTED_EDGE('',*,*,#1403,.T.);
#1903=ORIENTED_EDGE('',*,*,#1399,.F.);
#1904=ORIENTED_EDGE('',*,*,#1404,.F.);
#1905=ORIENTED_EDGE('',*,*,#1405,.T.);
#1906=ORIENTED_EDGE('',*,*,#1406,.T.);
#1907=ORIENTED_EDGE('',*,*,#1402,.F.);
#1908=ORIENTED_EDGE('',*,*,#1407,.F.);
#1909=ORIENTED_EDGE('',*,*,#1408,.T.);
#1910=ORIENTED_EDGE('',*,*,#1409,.T.);
#1911=ORIENTED_EDGE('',*,*,#1405,.F.);
#1912=ORIENTED_EDGE('',*,*,#1410,.F.);
#1913=ORIENTED_EDGE('',*,*,#1385,.T.);
#1914=ORIENTED_EDGE('',*,*,#1411,.T.);
#1915=ORIENTED_EDGE('',*,*,#1408,.F.);
#1916=ORIENTED_EDGE('',*,*,#1388,.F.);
#1917=ORIENTED_EDGE('',*,*,#1391,.F.);
#1918=ORIENTED_EDGE('',*,*,#1394,.F.);
#1919=ORIENTED_EDGE('',*,*,#1397,.F.);
#1920=ORIENTED_EDGE('',*,*,#1400,.F.);
#1921=ORIENTED_EDGE('',*,*,#1403,.F.);
#1922=ORIENTED_EDGE('',*,*,#1406,.F.);
#1923=ORIENTED_EDGE('',*,*,#1409,.F.);
#1924=ORIENTED_EDGE('',*,*,#1411,.F.);
#1925=ORIENTED_EDGE('',*,*,#1384,.F.);
#1926=ORIENTED_EDGE('',*,*,#1381,.F.);
#1927=ORIENTED_EDGE('',*,*,#1378,.F.);
#1928=ORIENTED_EDGE('',*,*,#1375,.F.);
#1929=ORIENTED_EDGE('',*,*,#1372,.F.);
#1930=ORIENTED_EDGE('',*,*,#1369,.F.);
#1931=ORIENTED_EDGE('',*,*,#1366,.F.);
#1932=ORIENTED_EDGE('',*,*,#1363,.F.);
#1933=ORIENTED_EDGE('',*,*,#1197,.T.);
#1934=ORIENTED_EDGE('',*,*,#1227,.T.);
#1935=ORIENTED_EDGE('',*,*,#1224,.T.);
#1936=ORIENTED_EDGE('',*,*,#1221,.T.);
#1937=ORIENTED_EDGE('',*,*,#1218,.T.);
#1938=ORIENTED_EDGE('',*,*,#1204,.T.);
#1939=ORIENTED_EDGE('',*,*,#1201,.T.);
#1940=ORIENTED_EDGE('',*,*,#1412,.T.);
#1941=ORIENTED_EDGE('',*,*,#1413,.T.);
#1942=ORIENTED_EDGE('',*,*,#1414,.T.);
#1943=ORIENTED_EDGE('',*,*,#1415,.T.);
#1944=ORIENTED_EDGE('',*,*,#1416,.T.);
#1945=ORIENTED_EDGE('',*,*,#1417,.T.);
#1946=ORIENTED_EDGE('',*,*,#1416,.F.);
#1947=ORIENTED_EDGE('',*,*,#1418,.T.);
#1948=ORIENTED_EDGE('',*,*,#1419,.T.);
#1949=ORIENTED_EDGE('',*,*,#1420,.T.);
#1950=ORIENTED_EDGE('',*,*,#1413,.F.);
#1951=ORIENTED_EDGE('',*,*,#1421,.T.);
#1952=ORIENTED_EDGE('',*,*,#1415,.F.);
#1953=ORIENTED_EDGE('',*,*,#1422,.T.);
#1954=ORIENTED_EDGE('',*,*,#1412,.F.);
#1955=ORIENTED_EDGE('',*,*,#1423,.T.);
#1956=ORIENTED_EDGE('',*,*,#1424,.T.);
#1957=ORIENTED_EDGE('',*,*,#1425,.T.);
#1958=ORIENTED_EDGE('',*,*,#1422,.F.);
#1959=ORIENTED_EDGE('',*,*,#1426,.T.);
#1960=ORIENTED_EDGE('',*,*,#1427,.F.);
#1961=ORIENTED_EDGE('',*,*,#1428,.F.);
#1962=ORIENTED_EDGE('',*,*,#1429,.F.);
#1963=ORIENTED_EDGE('',*,*,#1430,.F.);
#1964=ORIENTED_EDGE('',*,*,#1431,.F.);
#1965=ORIENTED_EDGE('',*,*,#1432,.F.);
#1966=ORIENTED_EDGE('',*,*,#1417,.F.);
#1967=ORIENTED_EDGE('',*,*,#1433,.T.);
#1968=ORIENTED_EDGE('',*,*,#1434,.F.);
#1969=ORIENTED_EDGE('',*,*,#1435,.F.);
#1970=ORIENTED_EDGE('',*,*,#1436,.T.);
#1971=ORIENTED_EDGE('',*,*,#1426,.F.);
#1972=ORIENTED_EDGE('',*,*,#1420,.F.);
#1973=ORIENTED_EDGE('',*,*,#1437,.F.);
#1974=ORIENTED_EDGE('',*,*,#1438,.F.);
#1975=ORIENTED_EDGE('',*,*,#1433,.F.);
#1976=ORIENTED_EDGE('',*,*,#1439,.T.);
#1977=ORIENTED_EDGE('',*,*,#1440,.T.);
#1978=ORIENTED_EDGE('',*,*,#1434,.T.);
#1979=ORIENTED_EDGE('',*,*,#1441,.T.);
#1980=ORIENTED_EDGE('',*,*,#1442,.T.);
#1981=ORIENTED_EDGE('',*,*,#1443,.T.);
#1982=ORIENTED_EDGE('',*,*,#1442,.F.);
#1983=ORIENTED_EDGE('',*,*,#1444,.T.);
#1984=ORIENTED_EDGE('',*,*,#1445,.T.);
#1985=ORIENTED_EDGE('',*,*,#1446,.T.);
#1986=ORIENTED_EDGE('',*,*,#1440,.F.);
#1987=ORIENTED_EDGE('',*,*,#1447,.T.);
#1988=ORIENTED_EDGE('',*,*,#1441,.F.);
#1989=ORIENTED_EDGE('',*,*,#1448,.T.);
#1990=ORIENTED_EDGE('',*,*,#1439,.F.);
#1991=ORIENTED_EDGE('',*,*,#1438,.T.);
#1992=ORIENTED_EDGE('',*,*,#1449,.T.);
#1993=ORIENTED_EDGE('',*,*,#1450,.T.);
#1994=ORIENTED_EDGE('',*,*,#1448,.F.);
#1995=ORIENTED_EDGE('',*,*,#1451,.F.);
#1996=ORIENTED_EDGE('',*,*,#1452,.F.);
#1997=ORIENTED_EDGE('',*,*,#1453,.F.);
#1998=ORIENTED_EDGE('',*,*,#1454,.F.);
#1999=ORIENTED_EDGE('',*,*,#1455,.F.);
#2000=ORIENTED_EDGE('',*,*,#1456,.F.);
#2001=ORIENTED_EDGE('',*,*,#1435,.T.);
#2002=ORIENTED_EDGE('',*,*,#1414,.F.);
#2003=ORIENTED_EDGE('',*,*,#1432,.T.);
#2004=ORIENTED_EDGE('',*,*,#1457,.F.);
#2005=ORIENTED_EDGE('',*,*,#1451,.T.);
#2006=ORIENTED_EDGE('',*,*,#1443,.F.);
#2007=ORIENTED_EDGE('',*,*,#1458,.F.);
#2008=ORIENTED_EDGE('',*,*,#1423,.F.);
#2009=ORIENTED_EDGE('',*,*,#1458,.T.);
#2010=ORIENTED_EDGE('',*,*,#1446,.F.);
#2011=ORIENTED_EDGE('',*,*,#1459,.F.);
#2012=ORIENTED_EDGE('',*,*,#1460,.F.);
#2013=ORIENTED_EDGE('',*,*,#1461,.F.);
#2014=ORIENTED_EDGE('',*,*,#1462,.F.);
#2015=ORIENTED_EDGE('',*,*,#1457,.T.);
#2016=ORIENTED_EDGE('',*,*,#1425,.F.);
#2017=ORIENTED_EDGE('',*,*,#1463,.T.);
#2018=ORIENTED_EDGE('',*,*,#1418,.F.);
#2019=ORIENTED_EDGE('',*,*,#1421,.F.);
#2020=ORIENTED_EDGE('',*,*,#1450,.F.);
#2021=ORIENTED_EDGE('',*,*,#1464,.T.);
#2022=ORIENTED_EDGE('',*,*,#1444,.F.);
#2023=ORIENTED_EDGE('',*,*,#1447,.F.);
#2024=ORIENTED_EDGE('',*,*,#1465,.F.);
#2025=ORIENTED_EDGE('',*,*,#1466,.T.);
#2026=ORIENTED_EDGE('',*,*,#1467,.F.);
#2027=ORIENTED_EDGE('',*,*,#1436,.F.);
#2028=ORIENTED_EDGE('',*,*,#1468,.F.);
#2029=ORIENTED_EDGE('',*,*,#1469,.T.);
#2030=ORIENTED_EDGE('',*,*,#1470,.T.);
#2031=ORIENTED_EDGE('',*,*,#1452,.T.);
#2032=ORIENTED_EDGE('',*,*,#1462,.T.);
#2033=ORIENTED_EDGE('',*,*,#1471,.T.);
#2034=ORIENTED_EDGE('',*,*,#1453,.T.);
#2035=ORIENTED_EDGE('',*,*,#1470,.F.);
#2036=ORIENTED_EDGE('',*,*,#1472,.T.);
#2037=ORIENTED_EDGE('',*,*,#1473,.T.);
#2038=ORIENTED_EDGE('',*,*,#1454,.T.);
#2039=ORIENTED_EDGE('',*,*,#1471,.F.);
#2040=ORIENTED_EDGE('',*,*,#1474,.T.);
#2041=ORIENTED_EDGE('',*,*,#1475,.T.);
#2042=ORIENTED_EDGE('',*,*,#1455,.T.);
#2043=ORIENTED_EDGE('',*,*,#1473,.F.);
#2044=ORIENTED_EDGE('',*,*,#1476,.T.);
#2045=ORIENTED_EDGE('',*,*,#1477,.T.);
#2046=ORIENTED_EDGE('',*,*,#1465,.T.);
#2047=ORIENTED_EDGE('',*,*,#1456,.T.);
#2048=ORIENTED_EDGE('',*,*,#1475,.F.);
#2049=ORIENTED_EDGE('',*,*,#1478,.T.);
#2050=ORIENTED_EDGE('',*,*,#1478,.F.);
#2051=ORIENTED_EDGE('',*,*,#1479,.T.);
#2052=ORIENTED_EDGE('',*,*,#1480,.T.);
#2053=ORIENTED_EDGE('',*,*,#1481,.T.);
#2054=ORIENTED_EDGE('',*,*,#1476,.F.);
#2055=ORIENTED_EDGE('',*,*,#1482,.F.);
#2056=ORIENTED_EDGE('',*,*,#1479,.F.);
#2057=ORIENTED_EDGE('',*,*,#1474,.F.);
#2058=ORIENTED_EDGE('',*,*,#1483,.T.);
#2059=ORIENTED_EDGE('',*,*,#1484,.T.);
#2060=ORIENTED_EDGE('',*,*,#1485,.T.);
#2061=ORIENTED_EDGE('',*,*,#1486,.T.);
#2062=ORIENTED_EDGE('',*,*,#1487,.T.);
#2063=ORIENTED_EDGE('',*,*,#1488,.T.);
#2064=ORIENTED_EDGE('',*,*,#1486,.F.);
#2065=ORIENTED_EDGE('',*,*,#1489,.T.);
#2066=ORIENTED_EDGE('',*,*,#1480,.F.);
#2067=ORIENTED_EDGE('',*,*,#1482,.T.);
#2068=ORIENTED_EDGE('',*,*,#1472,.F.);
#2069=ORIENTED_EDGE('',*,*,#1490,.F.);
#2070=ORIENTED_EDGE('',*,*,#1483,.F.);
#2071=ORIENTED_EDGE('',*,*,#1469,.F.);
#2072=ORIENTED_EDGE('',*,*,#1491,.T.);
#2073=ORIENTED_EDGE('',*,*,#1484,.F.);
#2074=ORIENTED_EDGE('',*,*,#1490,.T.);
#2075=ORIENTED_EDGE('',*,*,#1492,.F.);
#2076=ORIENTED_EDGE('',*,*,#1493,.T.);
#2077=ORIENTED_EDGE('',*,*,#1494,.T.);
#2078=ORIENTED_EDGE('',*,*,#1427,.T.);
#2079=ORIENTED_EDGE('',*,*,#1467,.T.);
#2080=ORIENTED_EDGE('',*,*,#1495,.T.);
#2081=ORIENTED_EDGE('',*,*,#1428,.T.);
#2082=ORIENTED_EDGE('',*,*,#1494,.F.);
#2083=ORIENTED_EDGE('',*,*,#1496,.T.);
#2084=ORIENTED_EDGE('',*,*,#1497,.T.);
#2085=ORIENTED_EDGE('',*,*,#1429,.T.);
#2086=ORIENTED_EDGE('',*,*,#1495,.F.);
#2087=ORIENTED_EDGE('',*,*,#1498,.T.);
#2088=ORIENTED_EDGE('',*,*,#1499,.T.);
#2089=ORIENTED_EDGE('',*,*,#1430,.T.);
#2090=ORIENTED_EDGE('',*,*,#1497,.F.);
#2091=ORIENTED_EDGE('',*,*,#1500,.T.);
#2092=ORIENTED_EDGE('',*,*,#1501,.T.);
#2093=ORIENTED_EDGE('',*,*,#1460,.T.);
#2094=ORIENTED_EDGE('',*,*,#1431,.T.);
#2095=ORIENTED_EDGE('',*,*,#1499,.F.);
#2096=ORIENTED_EDGE('',*,*,#1502,.T.);
#2097=ORIENTED_EDGE('',*,*,#1502,.F.);
#2098=ORIENTED_EDGE('',*,*,#1503,.T.);
#2099=ORIENTED_EDGE('',*,*,#1504,.T.);
#2100=ORIENTED_EDGE('',*,*,#1505,.T.);
#2101=ORIENTED_EDGE('',*,*,#1500,.F.);
#2102=ORIENTED_EDGE('',*,*,#1506,.F.);
#2103=ORIENTED_EDGE('',*,*,#1503,.F.);
#2104=ORIENTED_EDGE('',*,*,#1498,.F.);
#2105=ORIENTED_EDGE('',*,*,#1507,.T.);
#2106=ORIENTED_EDGE('',*,*,#1508,.T.);
#2107=ORIENTED_EDGE('',*,*,#1509,.T.);
#2108=ORIENTED_EDGE('',*,*,#1510,.T.);
#2109=ORIENTED_EDGE('',*,*,#1511,.T.);
#2110=ORIENTED_EDGE('',*,*,#1510,.F.);
#2111=ORIENTED_EDGE('',*,*,#1512,.T.);
#2112=ORIENTED_EDGE('',*,*,#1504,.F.);
#2113=ORIENTED_EDGE('',*,*,#1506,.T.);
#2114=ORIENTED_EDGE('',*,*,#1496,.F.);
#2115=ORIENTED_EDGE('',*,*,#1513,.F.);
#2116=ORIENTED_EDGE('',*,*,#1507,.F.);
#2117=ORIENTED_EDGE('',*,*,#1493,.F.);
#2118=ORIENTED_EDGE('',*,*,#1514,.T.);
#2119=ORIENTED_EDGE('',*,*,#1508,.F.);
#2120=ORIENTED_EDGE('',*,*,#1513,.T.);
#2121=ORIENTED_EDGE('',*,*,#1511,.F.);
#2122=ORIENTED_EDGE('',*,*,#1515,.T.);
#2123=ORIENTED_EDGE('',*,*,#1487,.F.);
#2124=ORIENTED_EDGE('',*,*,#1488,.F.);
#2125=ORIENTED_EDGE('',*,*,#1515,.F.);
#2126=ORIENTED_EDGE('',*,*,#1461,.T.);
#2127=ORIENTED_EDGE('',*,*,#1501,.F.);
#2128=ORIENTED_EDGE('',*,*,#1505,.F.);
#2129=ORIENTED_EDGE('',*,*,#1516,.T.);
#2130=ORIENTED_EDGE('',*,*,#1491,.F.);
#2131=ORIENTED_EDGE('',*,*,#1468,.T.);
#2132=ORIENTED_EDGE('',*,*,#1481,.F.);
#2133=ORIENTED_EDGE('',*,*,#1517,.T.);
#2134=ORIENTED_EDGE('',*,*,#1514,.F.);
#2135=ORIENTED_EDGE('',*,*,#1492,.T.);
#2136=ORIENTED_EDGE('',*,*,#1466,.F.);
#2137=ORIENTED_EDGE('',*,*,#1477,.F.);
#2138=ORIENTED_EDGE('',*,*,#1424,.F.);
#2139=ORIENTED_EDGE('',*,*,#1459,.T.);
#2140=ORIENTED_EDGE('',*,*,#1445,.F.);
#2141=ORIENTED_EDGE('',*,*,#1464,.F.);
#2142=ORIENTED_EDGE('',*,*,#1449,.F.);
#2143=ORIENTED_EDGE('',*,*,#1437,.T.);
#2144=ORIENTED_EDGE('',*,*,#1419,.F.);
#2145=ORIENTED_EDGE('',*,*,#1463,.F.);
#2146=ORIENTED_EDGE('',*,*,#1171,.T.);
#2147=ORIENTED_EDGE('',*,*,#1174,.T.);
#2148=ORIENTED_EDGE('',*,*,#1176,.T.);
#2149=ORIENTED_EDGE('',*,*,#1178,.T.);
#2150=ORIENTED_EDGE('',*,*,#1186,.T.);
#2151=ORIENTED_EDGE('',*,*,#1184,.T.);
#2152=ORIENTED_EDGE('',*,*,#1182,.T.);
#2153=ORIENTED_EDGE('',*,*,#1180,.T.);
#2154=ORIENTED_EDGE('',*,*,#1187,.T.);
#2155=ORIENTED_EDGE('',*,*,#1191,.T.);
#2156=ORIENTED_EDGE('',*,*,#1194,.T.);
#2157=ORIENTED_EDGE('',*,*,#1216,.T.);
#2158=ORIENTED_EDGE('',*,*,#1213,.T.);
#2159=ORIENTED_EDGE('',*,*,#1210,.T.);
#2160=ORIENTED_EDGE('',*,*,#1207,.T.);
#2161=ORIENTED_EDGE('',*,*,#1241,.T.);
#2162=ORIENTED_EDGE('',*,*,#1244,.T.);
#2163=ORIENTED_EDGE('',*,*,#1246,.T.);
#2164=ORIENTED_EDGE('',*,*,#1248,.T.);
#2165=ORIENTED_EDGE('',*,*,#1250,.T.);
#2166=ORIENTED_EDGE('',*,*,#1252,.T.);
#2167=ORIENTED_EDGE('',*,*,#1264,.T.);
#2168=ORIENTED_EDGE('',*,*,#1262,.T.);
#2169=ORIENTED_EDGE('',*,*,#1260,.T.);
#2170=ORIENTED_EDGE('',*,*,#1258,.T.);
#2171=ORIENTED_EDGE('',*,*,#1256,.T.);
#2172=ORIENTED_EDGE('',*,*,#1254,.T.);
#2173=ORIENTED_EDGE('',*,*,#1265,.T.);
#2174=ORIENTED_EDGE('',*,*,#1269,.T.);
#2175=ORIENTED_EDGE('',*,*,#1272,.T.);
#2176=ORIENTED_EDGE('',*,*,#1275,.T.);
#2177=ORIENTED_EDGE('',*,*,#1278,.T.);
#2178=ORIENTED_EDGE('',*,*,#1281,.T.);
#2179=ORIENTED_EDGE('',*,*,#1284,.T.);
#2180=ORIENTED_EDGE('',*,*,#1287,.T.);
#2181=ORIENTED_EDGE('',*,*,#1290,.T.);
#2182=ORIENTED_EDGE('',*,*,#1293,.T.);
#2183=ORIENTED_EDGE('',*,*,#1323,.T.);
#2184=ORIENTED_EDGE('',*,*,#1320,.T.);
#2185=ORIENTED_EDGE('',*,*,#1317,.T.);
#2186=ORIENTED_EDGE('',*,*,#1314,.T.);
#2187=ORIENTED_EDGE('',*,*,#1311,.T.);
#2188=ORIENTED_EDGE('',*,*,#1308,.T.);
#2189=ORIENTED_EDGE('',*,*,#1305,.T.);
#2190=ORIENTED_EDGE('',*,*,#1302,.T.);
#2191=ORIENTED_EDGE('',*,*,#1299,.T.);
#2192=ORIENTED_EDGE('',*,*,#1296,.T.);
#2193=ORIENTED_EDGE('',*,*,#1337,.T.);
#2194=ORIENTED_EDGE('',*,*,#1340,.T.);
#2195=ORIENTED_EDGE('',*,*,#1342,.T.);
#2196=ORIENTED_EDGE('',*,*,#1344,.T.);
#2197=ORIENTED_EDGE('',*,*,#1346,.T.);
#2198=ORIENTED_EDGE('',*,*,#1348,.T.);
#2199=ORIENTED_EDGE('',*,*,#1360,.T.);
#2200=ORIENTED_EDGE('',*,*,#1358,.T.);
#2201=ORIENTED_EDGE('',*,*,#1356,.T.);
#2202=ORIENTED_EDGE('',*,*,#1354,.T.);
#2203=ORIENTED_EDGE('',*,*,#1352,.T.);
#2204=ORIENTED_EDGE('',*,*,#1350,.T.);
#2205=ORIENTED_EDGE('',*,*,#1361,.T.);
#2206=ORIENTED_EDGE('',*,*,#1365,.T.);
#2207=ORIENTED_EDGE('',*,*,#1368,.T.);
#2208=ORIENTED_EDGE('',*,*,#1371,.T.);
#2209=ORIENTED_EDGE('',*,*,#1374,.T.);
#2210=ORIENTED_EDGE('',*,*,#1377,.T.);
#2211=ORIENTED_EDGE('',*,*,#1380,.T.);
#2212=ORIENTED_EDGE('',*,*,#1383,.T.);
#2213=ORIENTED_EDGE('',*,*,#1410,.T.);
#2214=ORIENTED_EDGE('',*,*,#1407,.T.);
#2215=ORIENTED_EDGE('',*,*,#1404,.T.);
#2216=ORIENTED_EDGE('',*,*,#1401,.T.);
#2217=ORIENTED_EDGE('',*,*,#1398,.T.);
#2218=ORIENTED_EDGE('',*,*,#1395,.T.);
#2219=ORIENTED_EDGE('',*,*,#1392,.T.);
#2220=ORIENTED_EDGE('',*,*,#1389,.T.);
#2221=ORIENTED_EDGE('',*,*,#1386,.T.);
#2222=ORIENTED_EDGE('',*,*,#1485,.F.);
#2223=ORIENTED_EDGE('',*,*,#1516,.F.);
#2224=ORIENTED_EDGE('',*,*,#1512,.F.);
#2225=ORIENTED_EDGE('',*,*,#1509,.F.);
#2226=ORIENTED_EDGE('',*,*,#1517,.F.);
#2227=ORIENTED_EDGE('',*,*,#1489,.F.);
#2228=PLANE('',#2458);
#2229=PLANE('',#2459);
#2230=PLANE('',#2460);
#2231=PLANE('',#2461);
#2232=PLANE('',#2462);
#2233=PLANE('',#2463);
#2234=PLANE('',#2464);
#2235=PLANE('',#2465);
#2236=PLANE('',#2466);
#2237=PLANE('',#2467);
#2238=PLANE('',#2468);
#2239=PLANE('',#2469);
#2240=PLANE('',#2470);
#2241=PLANE('',#2471);
#2242=PLANE('',#2472);
#2243=PLANE('',#2473);
#2244=PLANE('',#2474);
#2245=PLANE('',#2475);
#2246=PLANE('',#2476);
#2247=PLANE('',#2477);
#2248=PLANE('',#2478);
#2249=PLANE('',#2479);
#2250=PLANE('',#2480);
#2251=PLANE('',#2481);
#2252=PLANE('',#2482);
#2253=PLANE('',#2483);
#2254=PLANE('',#2484);
#2255=PLANE('',#2485);
#2256=PLANE('',#2486);
#2257=PLANE('',#2487);
#2258=PLANE('',#2488);
#2259=PLANE('',#2489);
#2260=PLANE('',#2490);
#2261=PLANE('',#2491);
#2262=PLANE('',#2492);
#2263=PLANE('',#2493);
#2264=PLANE('',#2494);
#2265=PLANE('',#2495);
#2266=PLANE('',#2496);
#2267=PLANE('',#2497);
#2268=PLANE('',#2498);
#2269=PLANE('',#2499);
#2270=PLANE('',#2500);
#2271=PLANE('',#2501);
#2272=PLANE('',#2502);
#2273=PLANE('',#2503);
#2274=PLANE('',#2504);
#2275=PLANE('',#2505);
#2276=PLANE('',#2506);
#2277=PLANE('',#2507);
#2278=PLANE('',#2508);
#2279=PLANE('',#2509);
#2280=PLANE('',#2510);
#2281=PLANE('',#2511);
#2282=PLANE('',#2512);
#2283=PLANE('',#2524);
#2284=PLANE('',#2527);
#2285=PLANE('',#2538);
#2286=PLANE('',#2540);
#2287=PLANE('',#2541);
#2288=PLANE('',#2542);
#2289=PLANE('',#2543);
#2290=PLANE('',#2544);
#2291=PLANE('',#2555);
#2292=PLANE('',#2565);
#2293=PLANE('',#2579);
#2294=PLANE('',#2588);
#2295=PLANE('',#2595);
#2296=STYLED_ITEM('',(#4879),#2303);
#2297=STYLED_ITEM('',(#4879),#2326);
#2298=STYLED_ITEM('',(#4879),#2327);
#2299=STYLED_ITEM('',(#4879),#2360);
#2300=STYLED_ITEM('',(#4879),#2361);
#2301=STYLED_ITEM('',(#4879),#2391);
#2302=STYLED_ITEM('',(#4878),#13);
#2303=ADVANCED_FACE('',(#227),#2228,.T.);
#2304=ADVANCED_FACE('',(#228),#2229,.F.);
#2305=ADVANCED_FACE('',(#229),#2230,.F.);
#2306=ADVANCED_FACE('',(#230),#2231,.F.);
#2307=ADVANCED_FACE('',(#231),#2232,.F.);
#2308=ADVANCED_FACE('',(#232),#2233,.F.);
#2309=ADVANCED_FACE('',(#233),#2234,.F.);
#2310=ADVANCED_FACE('',(#234),#2235,.F.);
#2311=ADVANCED_FACE('',(#235),#2236,.F.);
#2312=ADVANCED_FACE('',(#236),#182,.F.);
#2313=ADVANCED_FACE('',(#237),#183,.F.);
#2314=ADVANCED_FACE('',(#238),#2237,.F.);
#2315=ADVANCED_FACE('',(#239),#2238,.T.);
#2316=ADVANCED_FACE('',(#240),#2239,.T.);
#2317=ADVANCED_FACE('',(#241),#2240,.T.);
#2318=ADVANCED_FACE('',(#242),#184,.F.);
#2319=ADVANCED_FACE('',(#243),#185,.F.);
#2320=ADVANCED_FACE('',(#244),#2241,.F.);
#2321=ADVANCED_FACE('',(#245),#2242,.F.);
#2322=ADVANCED_FACE('',(#246),#186,.T.);
#2323=ADVANCED_FACE('',(#247),#187,.T.);
#2324=ADVANCED_FACE('',(#248),#188,.T.);
#2325=ADVANCED_FACE('',(#249),#189,.T.);
#2326=ADVANCED_FACE('',(#250,#85),#2243,.T.);
#2327=ADVANCED_FACE('',(#251),#2244,.T.);
#2328=ADVANCED_FACE('',(#252),#2245,.F.);
#2329=ADVANCED_FACE('',(#253),#2246,.F.);
#2330=ADVANCED_FACE('',(#254),#2247,.F.);
#2331=ADVANCED_FACE('',(#255),#2248,.F.);
#2332=ADVANCED_FACE('',(#256),#2249,.F.);
#2333=ADVANCED_FACE('',(#257),#2250,.F.);
#2334=ADVANCED_FACE('',(#258),#2251,.F.);
#2335=ADVANCED_FACE('',(#259),#2252,.F.);
#2336=ADVANCED_FACE('',(#260),#2253,.F.);
#2337=ADVANCED_FACE('',(#261),#2254,.F.);
#2338=ADVANCED_FACE('',(#262),#2255,.F.);
#2339=ADVANCED_FACE('',(#263),#2256,.F.);
#2340=ADVANCED_FACE('',(#264),#190,.F.);
#2341=ADVANCED_FACE('',(#265),#191,.F.);
#2342=ADVANCED_FACE('',(#266),#192,.F.);
#2343=ADVANCED_FACE('',(#267),#193,.F.);
#2344=ADVANCED_FACE('',(#268),#194,.F.);
#2345=ADVANCED_FACE('',(#269),#195,.F.);
#2346=ADVANCED_FACE('',(#270),#2257,.F.);
#2347=ADVANCED_FACE('',(#271),#2258,.F.);
#2348=ADVANCED_FACE('',(#272),#196,.F.);
#2349=ADVANCED_FACE('',(#273),#197,.F.);
#2350=ADVANCED_FACE('',(#274),#198,.F.);
#2351=ADVANCED_FACE('',(#275),#199,.F.);
#2352=ADVANCED_FACE('',(#276),#2259,.F.);
#2353=ADVANCED_FACE('',(#277),#2260,.F.);
#2354=ADVANCED_FACE('',(#278),#200,.F.);
#2355=ADVANCED_FACE('',(#279),#201,.F.);
#2356=ADVANCED_FACE('',(#280),#202,.F.);
#2357=ADVANCED_FACE('',(#281),#203,.F.);
#2358=ADVANCED_FACE('',(#282),#204,.F.);
#2359=ADVANCED_FACE('',(#283),#205,.F.);
#2360=ADVANCED_FACE('',(#284),#2261,.T.);
#2361=ADVANCED_FACE('',(#285),#2262,.T.);
#2362=ADVANCED_FACE('',(#286),#2263,.F.);
#2363=ADVANCED_FACE('',(#287),#2264,.F.);
#2364=ADVANCED_FACE('',(#288),#2265,.F.);
#2365=ADVANCED_FACE('',(#289),#2266,.F.);
#2366=ADVANCED_FACE('',(#290),#2267,.F.);
#2367=ADVANCED_FACE('',(#291),#2268,.F.);
#2368=ADVANCED_FACE('',(#292),#2269,.F.);
#2369=ADVANCED_FACE('',(#293),#2270,.F.);
#2370=ADVANCED_FACE('',(#294),#2271,.F.);
#2371=ADVANCED_FACE('',(#295),#2272,.F.);
#2372=ADVANCED_FACE('',(#296),#2273,.F.);
#2373=ADVANCED_FACE('',(#297),#2274,.F.);
#2374=ADVANCED_FACE('',(#298),#2275,.F.);
#2375=ADVANCED_FACE('',(#299),#2276,.F.);
#2376=ADVANCED_FACE('',(#300),#206,.F.);
#2377=ADVANCED_FACE('',(#301),#207,.F.);
#2378=ADVANCED_FACE('',(#302),#208,.F.);
#2379=ADVANCED_FACE('',(#303),#209,.F.);
#2380=ADVANCED_FACE('',(#304),#210,.F.);
#2381=ADVANCED_FACE('',(#305),#211,.F.);
#2382=ADVANCED_FACE('',(#306),#2277,.F.);
#2383=ADVANCED_FACE('',(#307),#2278,.F.);
#2384=ADVANCED_FACE('',(#308),#212,.F.);
#2385=ADVANCED_FACE('',(#309),#213,.F.);
#2386=ADVANCED_FACE('',(#310),#214,.F.);
#2387=ADVANCED_FACE('',(#311),#215,.F.);
#2388=ADVANCED_FACE('',(#312),#216,.F.);
#2389=ADVANCED_FACE('',(#313),#2279,.F.);
#2390=ADVANCED_FACE('',(#314),#2280,.F.);
#2391=ADVANCED_FACE('',(#315),#2281,.T.);
#2392=ADVANCED_FACE('',(#316),#2282,.T.);
#2393=ADVANCED_FACE('',(#317),#217,.F.);
#2394=ADVANCED_FACE('',(#318),#218,.F.);
#2395=ADVANCED_FACE('',(#319),#20,.T.);
#2396=ADVANCED_FACE('',(#320),#21,.T.);
#2397=ADVANCED_FACE('',(#321),#22,.T.);
#2398=ADVANCED_FACE('',(#322),#2283,.T.);
#2399=ADVANCED_FACE('',(#323),#23,.T.);
#2400=ADVANCED_FACE('',(#324),#2284,.T.);
#2401=ADVANCED_FACE('',(#325),#219,.F.);
#2402=ADVANCED_FACE('',(#326),#220,.F.);
#2403=ADVANCED_FACE('',(#327),#24,.T.);
#2404=ADVANCED_FACE('',(#328),#25,.T.);
#2405=ADVANCED_FACE('',(#329),#26,.T.);
#2406=ADVANCED_FACE('',(#330),#2285,.T.);
#2407=ADVANCED_FACE('',(#331),#27,.T.);
#2408=ADVANCED_FACE('',(#332),#2286,.T.);
#2409=ADVANCED_FACE('',(#333),#2287,.F.);
#2410=ADVANCED_FACE('',(#334),#2288,.T.);
#2411=ADVANCED_FACE('',(#335),#2289,.T.);
#2412=ADVANCED_FACE('',(#336),#2290,.F.);
#2413=ADVANCED_FACE('',(#337),#221,.T.);
#2414=ADVANCED_FACE('',(#338),#28,.F.);
#2415=ADVANCED_FACE('',(#339),#222,.T.);
#2416=ADVANCED_FACE('',(#340),#29,.F.);
#2417=ADVANCED_FACE('',(#341),#223,.T.);
#2418=ADVANCED_FACE('',(#342),#14,.T.);
#2419=ADVANCED_FACE('',(#343),#2291,.F.);
#2420=ADVANCED_FACE('',(#344),#15,.T.);
#2421=ADVANCED_FACE('',(#345),#2292,.F.);
#2422=ADVANCED_FACE('',(#346),#16,.T.);
#2423=ADVANCED_FACE('',(#347),#224,.T.);
#2424=ADVANCED_FACE('',(#348),#30,.F.);
#2425=ADVANCED_FACE('',(#349),#225,.T.);
#2426=ADVANCED_FACE('',(#350),#31,.F.);
#2427=ADVANCED_FACE('',(#351),#226,.T.);
#2428=ADVANCED_FACE('',(#352),#17,.T.);
#2429=ADVANCED_FACE('',(#353),#2293,.T.);
#2430=ADVANCED_FACE('',(#354),#18,.T.);
#2431=ADVANCED_FACE('',(#355),#2294,.T.);
#2432=ADVANCED_FACE('',(#356),#19,.T.);
#2433=ADVANCED_FACE('',(#357),#32,.F.);
#2434=ADVANCED_FACE('',(#358),#33,.F.);
#2435=ADVANCED_FACE('',(#359),#34,.F.);
#2436=ADVANCED_FACE('',(#360,#86,#87,#88,#89,#90,#91),#2295,.T.);
#2437=ADVANCED_FACE('',(#361),#35,.T.);
#2438=CLOSED_SHELL('',(#2303,#2304,#2305,#2306,#2307,#2308,#2309,#2310,
#2311,#2312,#2313,#2314,#2315,#2316,#2317,#2318,#2319,#2320,#2321,#2322,
#2323,#2324,#2325,#2326,#2327,#2328,#2329,#2330,#2331,#2332,#2333,#2334,
#2335,#2336,#2337,#2338,#2339,#2340,#2341,#2342,#2343,#2344,#2345,#2346,
#2347,#2348,#2349,#2350,#2351,#2352,#2353,#2354,#2355,#2356,#2357,#2358,
#2359,#2360,#2361,#2362,#2363,#2364,#2365,#2366,#2367,#2368,#2369,#2370,
#2371,#2372,#2373,#2374,#2375,#2376,#2377,#2378,#2379,#2380,#2381,#2382,
#2383,#2384,#2385,#2386,#2387,#2388,#2389,#2390,#2391,#2392,#2393,#2394,
#2395,#2396,#2397,#2398,#2399,#2400,#2401,#2402,#2403,#2404,#2405,#2406,
#2407,#2408,#2409,#2410,#2411,#2412,#2413,#2414,#2415,#2416,#2417,#2418,
#2419,#2420,#2421,#2422,#2423,#2424,#2425,#2426,#2427,#2428,#2429,#2430,
#2431,#2432,#2433,#2434,#2435,#2436,#2437));
#2439=DERIVED_UNIT_ELEMENT(#2441,1.);
#2440=DERIVED_UNIT_ELEMENT(#4864,3.);
#2441=(
MASS_UNIT()
NAMED_UNIT(*)
SI_UNIT($,.GRAM.)
);
#2442=DERIVED_UNIT((#2439,#2440));
#2443=MEASURE_REPRESENTATION_ITEM('density measure',
POSITIVE_RATIO_MEASURE(7.85),#2442);
#2444=PROPERTY_DEFINITION_REPRESENTATION(#2449,#2446);
#2445=PROPERTY_DEFINITION_REPRESENTATION(#2450,#2447);
#2446=REPRESENTATION('material name',(#2448),#4861);
#2447=REPRESENTATION('density',(#2443),#4861);
#2448=DESCRIPTIVE_REPRESENTATION_ITEM('S355K2','S355K2');
#2449=PROPERTY_DEFINITION('material property','material name',#4871);
#2450=PROPERTY_DEFINITION('material property','density of part',#4871);
#2451=DATE_TIME_ROLE('creation_date');
#2452=APPLIED_DATE_AND_TIME_ASSIGNMENT(#2453,#2451,(#4871));
#2453=DATE_AND_TIME(#2454,#2455);
#2454=CALENDAR_DATE(2021,19,5);
#2455=LOCAL_TIME(0,0,0.,#2456);
#2456=COORDINATED_UNIVERSAL_TIME_OFFSET(0,0,.BEHIND.);
#2457=AXIS2_PLACEMENT_3D('placement',#3093,#2597,#2598);
#2458=AXIS2_PLACEMENT_3D('',#3094,#2599,#2600);
#2459=AXIS2_PLACEMENT_3D('',#3111,#2609,#2610);
#2460=AXIS2_PLACEMENT_3D('',#3117,#2614,#2615);
#2461=AXIS2_PLACEMENT_3D('',#3121,#2618,#2619);
#2462=AXIS2_PLACEMENT_3D('',#3125,#2622,#2623);
#2463=AXIS2_PLACEMENT_3D('',#3129,#2626,#2627);
#2464=AXIS2_PLACEMENT_3D('',#3133,#2630,#2631);
#2465=AXIS2_PLACEMENT_3D('',#3137,#2634,#2635);
#2466=AXIS2_PLACEMENT_3D('',#3141,#2638,#2639);
#2467=AXIS2_PLACEMENT_3D('',#3189,#2644,#2645);
#2468=AXIS2_PLACEMENT_3D('',#3195,#2649,#2650);
#2469=AXIS2_PLACEMENT_3D('',#3204,#2655,#2656);
#2470=AXIS2_PLACEMENT_3D('',#3210,#2660,#2661);
#2471=AXIS2_PLACEMENT_3D('',#3259,#2667,#2668);
#2472=AXIS2_PLACEMENT_3D('',#3265,#2672,#2673);
#2473=AXIS2_PLACEMENT_3D('',#3353,#2679,#2680);
#2474=AXIS2_PLACEMENT_3D('',#3354,#2681,#2682);
#2475=AXIS2_PLACEMENT_3D('',#3379,#2695,#2696);
#2476=AXIS2_PLACEMENT_3D('',#3385,#2700,#2701);
#2477=AXIS2_PLACEMENT_3D('',#3389,#2704,#2705);
#2478=AXIS2_PLACEMENT_3D('',#3393,#2708,#2709);
#2479=AXIS2_PLACEMENT_3D('',#3397,#2712,#2713);
#2480=AXIS2_PLACEMENT_3D('',#3401,#2716,#2717);
#2481=AXIS2_PLACEMENT_3D('',#3405,#2720,#2721);
#2482=AXIS2_PLACEMENT_3D('',#3409,#2724,#2725);
#2483=AXIS2_PLACEMENT_3D('',#3413,#2728,#2729);
#2484=AXIS2_PLACEMENT_3D('',#3417,#2732,#2733);
#2485=AXIS2_PLACEMENT_3D('',#3421,#2736,#2737);
#2486=AXIS2_PLACEMENT_3D('',#3425,#2740,#2741);
#2487=AXIS2_PLACEMENT_3D('',#3562,#2750,#2751);
#2488=AXIS2_PLACEMENT_3D('',#3568,#2755,#2756);
#2489=AXIS2_PLACEMENT_3D('',#3662,#2764,#2765);
#2490=AXIS2_PLACEMENT_3D('',#3668,#2769,#2770);
#2491=AXIS2_PLACEMENT_3D('',#3803,#2779,#2780);
#2492=AXIS2_PLACEMENT_3D('',#3804,#2781,#2782);
#2493=AXIS2_PLACEMENT_3D('',#3829,#2795,#2796);
#2494=AXIS2_PLACEMENT_3D('',#3835,#2800,#2801);
#2495=AXIS2_PLACEMENT_3D('',#3839,#2804,#2805);
#2496=AXIS2_PLACEMENT_3D('',#3843,#2808,#2809);
#2497=AXIS2_PLACEMENT_3D('',#3847,#2812,#2813);
#2498=AXIS2_PLACEMENT_3D('',#3851,#2816,#2817);
#2499=AXIS2_PLACEMENT_3D('',#3855,#2820,#2821);
#2500=AXIS2_PLACEMENT_3D('',#3859,#2824,#2825);
#2501=AXIS2_PLACEMENT_3D('',#3863,#2828,#2829);
#2502=AXIS2_PLACEMENT_3D('',#3867,#2832,#2833);
#2503=AXIS2_PLACEMENT_3D('',#3871,#2836,#2837);
#2504=AXIS2_PLACEMENT_3D('',#3875,#2840,#2841);
#2505=AXIS2_PLACEMENT_3D('',#3877,#2843,#2844);
#2506=AXIS2_PLACEMENT_3D('',#3886,#2849,#2850);
#2507=AXIS2_PLACEMENT_3D('',#4025,#2860,#2861);
#2508=AXIS2_PLACEMENT_3D('',#4031,#2865,#2866);
#2509=AXIS2_PLACEMENT_3D('',#4147,#2875,#2876);
#2510=AXIS2_PLACEMENT_3D('',#4153,#2880,#2881);
#2511=AXIS2_PLACEMENT_3D('',#4156,#2884,#2885);
#2512=AXIS2_PLACEMENT_3D('',#4157,#2886,#2887);
#2513=AXIS2_PLACEMENT_3D('',#4190,#2888,#2889);
#2514=AXIS2_PLACEMENT_3D('',#4192,#2890,#2891);
#2515=AXIS2_PLACEMENT_3D('',#4193,#2892,#2893);
#2516=AXIS2_PLACEMENT_3D('',#4226,#2894,#2895);
#2517=AXIS2_PLACEMENT_3D('',#4228,#2896,#2897);
#2518=AXIS2_PLACEMENT_3D('',#4229,#2898,#2899);
#2519=AXIS2_PLACEMENT_3D('',#4230,#2900,#2901);
#2520=AXIS2_PLACEMENT_3D('',#4234,#2903,#2904);
#2521=AXIS2_PLACEMENT_3D('',#4236,#2906,#2907);
#2522=AXIS2_PLACEMENT_3D('',#4239,#2910,#2911);
#2523=AXIS2_PLACEMENT_3D('',#4243,#2913,#2914);
#2524=AXIS2_PLACEMENT_3D('',#4245,#2916,#2917);
#2525=AXIS2_PLACEMENT_3D('',#4277,#2922,#2923);
#2526=AXIS2_PLACEMENT_3D('',#4281,#2925,#2926);
#2527=AXIS2_PLACEMENT_3D('',#4285,#2929,#2930);
#2528=AXIS2_PLACEMENT_3D('',#4320,#2933,#2934);
#2529=AXIS2_PLACEMENT_3D('',#4321,#2935,#2936);
#2530=AXIS2_PLACEMENT_3D('',#4354,#2937,#2938);
#2531=AXIS2_PLACEMENT_3D('',#4356,#2939,#2940);
#2532=AXIS2_PLACEMENT_3D('',#4357,#2941,#2942);
#2533=AXIS2_PLACEMENT_3D('',#4358,#2943,#2944);
#2534=AXIS2_PLACEMENT_3D('',#4362,#2946,#2947);
#2535=AXIS2_PLACEMENT_3D('',#4364,#2949,#2950);
#2536=AXIS2_PLACEMENT_3D('',#4367,#2953,#2954);
#2537=AXIS2_PLACEMENT_3D('',#4369,#2955,#2956);
#2538=AXIS2_PLACEMENT_3D('',#4371,#2958,#2959);
#2539=AXIS2_PLACEMENT_3D('',#4400,#2963,#2964);
#2540=AXIS2_PLACEMENT_3D('',#4403,#2967,#2968);
#2541=AXIS2_PLACEMENT_3D('',#4405,#2970,#2971);
#2542=AXIS2_PLACEMENT_3D('',#4419,#2973,#2974);
#2543=AXIS2_PLACEMENT_3D('',#4421,#2976,#2977);
#2544=AXIS2_PLACEMENT_3D('',#4423,#2979,#2980);
#2545=AXIS2_PLACEMENT_3D('',#4493,#2982,#2983);
#2546=AXIS2_PLACEMENT_3D('',#4494,#2984,#2985);
#2547=AXIS2_PLACEMENT_3D('',#4496,#2986,#2987);
#2548=AXIS2_PLACEMENT_3D('',#4544,#2989,#2990);
#2549=AXIS2_PLACEMENT_3D('',#4554,#2991,#2992);
#2550=AXIS2_PLACEMENT_3D('',#4556,#2993,#2994);
#2551=AXIS2_PLACEMENT_3D('',#4617,#2996,#2997);
#2552=AXIS2_PLACEMENT_3D('',#4619,#2998,#2999);
#2553=AXIS2_PLACEMENT_3D('',#4621,#3000,#3001);
#2554=AXIS2_PLACEMENT_3D('',#4622,#3002,#3003);
#2555=AXIS2_PLACEMENT_3D('',#4623,#3004,#3005);
#2556=AXIS2_PLACEMENT_3D('',#4624,#3006,#3007);
#2557=AXIS2_PLACEMENT_3D('',#4625,#3008,#3009);
#2558=AXIS2_PLACEMENT_3D('',#4627,#3010,#3011);
#2559=AXIS2_PLACEMENT_3D('',#4629,#3012,#3013);
#2560=AXIS2_PLACEMENT_3D('',#4631,#3014,#3015);
#2561=AXIS2_PLACEMENT_3D('',#4633,#3016,#3017);
#2562=AXIS2_PLACEMENT_3D('',#4635,#3018,#3019);
#2563=AXIS2_PLACEMENT_3D('',#4636,#3020,#3021);
#2564=AXIS2_PLACEMENT_3D('',#4637,#3022,#3023);
#2565=AXIS2_PLACEMENT_3D('',#4638,#3024,#3025);
#2566=AXIS2_PLACEMENT_3D('',#4639,#3026,#3027);
#2567=AXIS2_PLACEMENT_3D('',#4640,#3028,#3029);
#2568=AXIS2_PLACEMENT_3D('',#4641,#3030,#3031);
#2569=AXIS2_PLACEMENT_3D('',#4704,#3032,#3033);
#2570=AXIS2_PLACEMENT_3D('',#4705,#3034,#3035);
#2571=AXIS2_PLACEMENT_3D('',#4707,#3036,#3037);
#2572=AXIS2_PLACEMENT_3D('',#4755,#3039,#3040);
#2573=AXIS2_PLACEMENT_3D('',#4765,#3041,#3042);
#2574=AXIS2_PLACEMENT_3D('',#4767,#3043,#3044);
#2575=AXIS2_PLACEMENT_3D('',#4828,#3046,#3047);
#2576=AXIS2_PLACEMENT_3D('',#4830,#3048,#3049);
#2577=AXIS2_PLACEMENT_3D('',#4832,#3050,#3051);
#2578=AXIS2_PLACEMENT_3D('',#4833,#3052,#3053);
#2579=AXIS2_PLACEMENT_3D('',#4834,#3054,#3055);
#2580=AXIS2_PLACEMENT_3D('',#4835,#3056,#3057);
#2581=AXIS2_PLACEMENT_3D('',#4836,#3058,#3059);
#2582=AXIS2_PLACEMENT_3D('',#4838,#3060,#3061);
#2583=AXIS2_PLACEMENT_3D('',#4840,#3062,#3063);
#2584=AXIS2_PLACEMENT_3D('',#4842,#3064,#3065);
#2585=AXIS2_PLACEMENT_3D('',#4844,#3066,#3067);
#2586=AXIS2_PLACEMENT_3D('',#4845,#3068,#3069);
#2587=AXIS2_PLACEMENT_3D('',#4846,#3070,#3071);
#2588=AXIS2_PLACEMENT_3D('',#4847,#3072,#3073);
#2589=AXIS2_PLACEMENT_3D('',#4848,#3074,#3075);
#2590=AXIS2_PLACEMENT_3D('',#4849,#3076,#3077);
#2591=AXIS2_PLACEMENT_3D('',#4850,#3078,#3079);
#2592=AXIS2_PLACEMENT_3D('',#4851,#3080,#3081);
#2593=AXIS2_PLACEMENT_3D('',#4853,#3083,#3084);
#2594=AXIS2_PLACEMENT_3D('',#4855,#3086,#3087);
#2595=AXIS2_PLACEMENT_3D('',#4857,#3089,#3090);
#2596=AXIS2_PLACEMENT_3D('',#4858,#3091,#3092);
#2597=DIRECTION('axis',(0.,0.,1.));
#2598=DIRECTION('refdir',(1.,0.,0.));
#2599=DIRECTION('center_axis',(0.,-1.,0.));
#2600=DIRECTION('ref_axis',(1.,0.,0.));
#2601=DIRECTION('',(-1.,0.,0.));
#2602=DIRECTION('',(0.,0.,-1.));
#2603=DIRECTION('',(-1.,0.,0.));
#2604=DIRECTION('',(0.,0.,-1.));
#2605=DIRECTION('',(1.,0.,0.));
#2606=DIRECTION('',(0.,0.,1.));
#2607=DIRECTION('',(-1.,0.,0.));
#2608=DIRECTION('',(0.,0.,1.));
#2609=DIRECTION('center_axis',(1.,0.,0.));
#2610=DIRECTION('ref_axis',(0.,0.,-1.));
#2611=DIRECTION('',(0.,0.,-1.));
#2612=DIRECTION('',(0.,1.,0.));
#2613=DIRECTION('',(0.,1.,0.));
#2614=DIRECTION('center_axis',(0.,0.,-1.));
#2615=DIRECTION('ref_axis',(-1.,0.,0.));
#2616=DIRECTION('',(-1.,0.,0.));
#2617=DIRECTION('',(0.,1.,0.));
#2618=DIRECTION('center_axis',(1.,0.,0.));
#2619=DIRECTION('ref_axis',(0.,0.,-1.));
#2620=DIRECTION('',(0.,0.,-1.));
#2621=DIRECTION('',(0.,1.,0.));
#2622=DIRECTION('center_axis',(0.,0.,-1.));
#2623=DIRECTION('ref_axis',(-1.,0.,0.));
#2624=DIRECTION('',(-1.,0.,0.));
#2625=DIRECTION('',(0.,1.,0.));
#2626=DIRECTION('center_axis',(0.,0.,1.));
#2627=DIRECTION('ref_axis',(1.,0.,0.));
#2628=DIRECTION('',(1.,0.,0.));
#2629=DIRECTION('',(0.,1.,0.));
#2630=DIRECTION('center_axis',(-1.,0.,0.));
#2631=DIRECTION('ref_axis',(0.,0.,1.));
#2632=DIRECTION('',(0.,0.,1.));
#2633=DIRECTION('',(0.,1.,0.));
#2634=DIRECTION('center_axis',(0.,0.,-1.));
#2635=DIRECTION('ref_axis',(-1.,0.,0.));
#2636=DIRECTION('',(-1.,0.,0.));
#2637=DIRECTION('',(0.,1.,0.));
#2638=DIRECTION('center_axis',(-1.,0.,0.));
#2639=DIRECTION('ref_axis',(0.,0.,1.));
#2640=DIRECTION('',(0.,0.,1.));
#2641=DIRECTION('',(0.,1.,0.));
#2642=DIRECTION('',(0.,1.,0.));
#2643=DIRECTION('',(0.,1.,0.));
#2644=DIRECTION('center_axis',(0.,0.,-1.));
#2645=DIRECTION('ref_axis',(-1.,0.,0.));
#2646=DIRECTION('',(-1.,0.,0.));
#2647=DIRECTION('',(-1.,0.,0.));
#2648=DIRECTION('',(0.,1.,0.));
#2649=DIRECTION('center_axis',(0.,0.,-1.));
#2650=DIRECTION('ref_axis',(-1.,0.,0.));
#2651=DIRECTION('',(1.,0.,0.));
#2652=DIRECTION('',(0.,1.,0.));
#2653=DIRECTION('',(1.,0.,0.));
#2654=DIRECTION('',(0.,1.,0.));
#2655=DIRECTION('center_axis',(-1.,0.,0.));
#2656=DIRECTION('ref_axis',(0.,0.,1.));
#2657=DIRECTION('',(0.,0.,-1.));
#2658=DIRECTION('',(0.,1.,0.));
#2659=DIRECTION('',(0.,0.,-1.));
#2660=DIRECTION('center_axis',(0.,0.,1.));
#2661=DIRECTION('ref_axis',(1.,0.,0.));
#2662=DIRECTION('',(-1.,0.,0.));
#2663=DIRECTION('',(0.,1.,0.));
#2664=DIRECTION('',(-1.,0.,0.));
#2665=DIRECTION('',(0.,1.,0.));
#2666=DIRECTION('',(0.,1.,0.));
#2667=DIRECTION('center_axis',(0.,0.,1.));
#2668=DIRECTION('ref_axis',(1.,0.,0.));
#2669=DIRECTION('',(1.,0.,0.));
#2670=DIRECTION('',(0.,1.,0.));
#2671=DIRECTION('',(1.,0.,0.));
#2672=DIRECTION('center_axis',(-1.,0.,0.));
#2673=DIRECTION('ref_axis',(0.,0.,1.));
#2674=DIRECTION('',(0.,0.,1.));
#2675=DIRECTION('',(0.,0.,1.));
#2676=DIRECTION('',(0.,1.,0.));
#2677=DIRECTION('',(0.,1.,0.));
#2678=DIRECTION('',(0.,1.,0.));
#2679=DIRECTION('center_axis',(0.,-1.,0.));
#2680=DIRECTION('ref_axis',(1.,0.,0.));
#2681=DIRECTION('center_axis',(0.,-1.,0.));
#2682=DIRECTION('ref_axis',(1.,0.,0.));
#2683=DIRECTION('',(-1.,0.,0.));
#2684=DIRECTION('',(0.,0.,-1.));
#2685=DIRECTION('',(1.,0.,0.));
#2686=DIRECTION('',(0.,0.,-1.));
#2687=DIRECTION('',(-1.,0.,0.));
#2688=DIRECTION('',(0.,0.,-1.));
#2689=DIRECTION('',(1.,0.,0.));
#2690=DIRECTION('',(0.,0.,-1.));
#2691=DIRECTION('',(-1.,0.,0.));
#2692=DIRECTION('',(0.,0.,-1.));
#2693=DIRECTION('',(1.,0.,0.));
#2694=DIRECTION('',(0.,0.,1.));
#2695=DIRECTION('center_axis',(1.,0.,0.));
#2696=DIRECTION('ref_axis',(0.,0.,-1.));
#2697=DIRECTION('',(0.,0.,-1.));
#2698=DIRECTION('',(0.,1.,0.));
#2699=DIRECTION('',(0.,1.,0.));
#2700=DIRECTION('center_axis',(0.,0.,-1.));
#2701=DIRECTION('ref_axis',(-1.,0.,0.));
#2702=DIRECTION('',(-1.,0.,0.));
#2703=DIRECTION('',(0.,1.,0.));
#2704=DIRECTION('center_axis',(1.,0.,0.));
#2705=DIRECTION('ref_axis',(0.,0.,-1.));
#2706=DIRECTION('',(0.,0.,-1.));
#2707=DIRECTION('',(0.,1.,0.));
#2708=DIRECTION('center_axis',(0.,0.,1.));
#2709=DIRECTION('ref_axis',(1.,0.,0.));
#2710=DIRECTION('',(1.,0.,0.));
#2711=DIRECTION('',(0.,1.,0.));
#2712=DIRECTION('center_axis',(1.,0.,0.));
#2713=DIRECTION('ref_axis',(0.,0.,-1.));
#2714=DIRECTION('',(0.,0.,-1.));
#2715=DIRECTION('',(0.,1.,0.));
#2716=DIRECTION('center_axis',(0.,0.,-1.));
#2717=DIRECTION('ref_axis',(-1.,0.,0.));
#2718=DIRECTION('',(-1.,0.,0.));
#2719=DIRECTION('',(0.,1.,0.));
#2720=DIRECTION('center_axis',(0.,0.,1.));
#2721=DIRECTION('ref_axis',(1.,0.,0.));
#2722=DIRECTION('',(1.,0.,0.));
#2723=DIRECTION('',(0.,1.,0.));
#2724=DIRECTION('center_axis',(1.,0.,0.));
#2725=DIRECTION('ref_axis',(0.,0.,-1.));
#2726=DIRECTION('',(0.,0.,-1.));
#2727=DIRECTION('',(0.,1.,0.));
#2728=DIRECTION('center_axis',(0.,0.,-1.));
#2729=DIRECTION('ref_axis',(-1.,0.,0.));
#2730=DIRECTION('',(-1.,0.,0.));
#2731=DIRECTION('',(0.,1.,0.));
#2732=DIRECTION('center_axis',(1.,0.,0.));
#2733=DIRECTION('ref_axis',(0.,0.,-1.));
#2734=DIRECTION('',(0.,0.,-1.));
#2735=DIRECTION('',(0.,1.,0.));
#2736=DIRECTION('center_axis',(0.,0.,1.));
#2737=DIRECTION('ref_axis',(1.,0.,0.));
#2738=DIRECTION('',(1.,0.,0.));
#2739=DIRECTION('',(0.,1.,0.));
#2740=DIRECTION('center_axis',(-1.,0.,0.));
#2741=DIRECTION('ref_axis',(0.,0.,1.));
#2742=DIRECTION('',(0.,0.,1.));
#2743=DIRECTION('',(0.,1.,0.));
#2744=DIRECTION('',(0.,1.,0.));
#2745=DIRECTION('',(0.,1.,0.));
#2746=DIRECTION('',(0.,1.,0.));
#2747=DIRECTION('',(0.,1.,0.));
#2748=DIRECTION('',(0.,1.,0.));
#2749=DIRECTION('',(0.,1.,0.));
#2750=DIRECTION('center_axis',(1.,0.,0.));
#2751=DIRECTION('ref_axis',(0.,0.,-1.));
#2752=DIRECTION('',(0.,0.,-1.));
#2753=DIRECTION('',(0.,0.,-1.));
#2754=DIRECTION('',(0.,1.,0.));
#2755=DIRECTION('center_axis',(0.,0.,-1.));
#2756=DIRECTION('ref_axis',(-1.,0.,0.));
#2757=DIRECTION('',(-1.,0.,0.));
#2758=DIRECTION('',(-1.,0.,0.));
#2759=DIRECTION('',(0.,1.,0.));
#2760=DIRECTION('',(0.,1.,0.));
#2761=DIRECTION('',(0.,1.,0.));
#2762=DIRECTION('',(0.,1.,0.));
#2763=DIRECTION('',(0.,1.,0.));
#2764=DIRECTION('center_axis',(1.,0.,0.));
#2765=DIRECTION('ref_axis',(0.,0.,-1.));
#2766=DIRECTION('',(0.,0.,-1.));
#2767=DIRECTION('',(0.,1.,0.));
#2768=DIRECTION('',(0.,0.,-1.));
#2769=DIRECTION('center_axis',(0.,0.,1.));
#2770=DIRECTION('ref_axis',(1.,0.,0.));
#2771=DIRECTION('',(1.,0.,0.));
#2772=DIRECTION('',(0.,1.,0.));
#2773=DIRECTION('',(1.,0.,0.));
#2774=DIRECTION('',(0.,1.,0.));
#2775=DIRECTION('',(0.,1.,0.));
#2776=DIRECTION('',(0.,1.,0.));
#2777=DIRECTION('',(0.,1.,0.));
#2778=DIRECTION('',(0.,1.,0.));
#2779=DIRECTION('center_axis',(0.,-1.,0.));
#2780=DIRECTION('ref_axis',(1.,0.,0.));
#2781=DIRECTION('center_axis',(0.,-1.,0.));
#2782=DIRECTION('ref_axis',(1.,0.,0.));
#2783=DIRECTION('',(0.620908701570167,0.,-0.783882889412984));
#2784=DIRECTION('',(-0.679991598104563,0.,-0.733219903239951));
#2785=DIRECTION('',(1.,0.,0.));
#2786=DIRECTION('',(0.665832703491978,0.,0.746101072885279));
#2787=DIRECTION('',(0.,0.,-1.));
#2788=DIRECTION('',(1.,0.,0.));
#2789=DIRECTION('',(0.,0.,1.));
#2790=DIRECTION('',(-1.,0.,0.));
#2791=DIRECTION('',(0.,0.,-1.));
#2792=DIRECTION('',(-0.664363838829922,0.,-0.747409318683657));
#2793=DIRECTION('',(-0.617821551931904,0.,0.786318338822422));
#2794=DIRECTION('',(-1.,0.,0.));
#2795=DIRECTION('center_axis',(0.,0.,1.));
#2796=DIRECTION('ref_axis',(1.,0.,0.));
#2797=DIRECTION('',(1.,0.,0.));
#2798=DIRECTION('',(0.,1.,0.));
#2799=DIRECTION('',(0.,1.,0.));
#2800=DIRECTION('center_axis',(1.,0.,0.));
#2801=DIRECTION('ref_axis',(0.,0.,-1.));
#2802=DIRECTION('',(0.,0.,-1.));
#2803=DIRECTION('',(0.,1.,0.));
#2804=DIRECTION('center_axis',(-0.746101072885279,0.,0.665832703491978));
#2805=DIRECTION('ref_axis',(0.665832703491978,0.,0.746101072885279));
#2806=DIRECTION('',(0.665832703491978,0.,0.746101072885279));
#2807=DIRECTION('',(0.,1.,0.));
#2808=DIRECTION('center_axis',(0.,0.,1.));
#2809=DIRECTION('ref_axis',(1.,0.,0.));
#2810=DIRECTION('',(1.,0.,0.));
#2811=DIRECTION('',(0.,1.,0.));
#2812=DIRECTION('center_axis',(0.733219903239951,0.,-0.679991598104563));
#2813=DIRECTION('ref_axis',(-0.679991598104563,0.,-0.733219903239951));
#2814=DIRECTION('',(-0.679991598104563,0.,-0.733219903239951));
#2815=DIRECTION('',(0.,1.,0.));
#2816=DIRECTION('center_axis',(0.783882889412984,0.,0.620908701570167));
#2817=DIRECTION('ref_axis',(0.620908701570167,0.,-0.783882889412984));
#2818=DIRECTION('',(0.620908701570167,0.,-0.783882889412984));
#2819=DIRECTION('',(0.,1.,0.));
#2820=DIRECTION('center_axis',(-1.,0.,0.));
#2821=DIRECTION('ref_axis',(0.,0.,1.));
#2822=DIRECTION('',(0.,0.,1.));
#2823=DIRECTION('',(0.,1.,0.));
#2824=DIRECTION('center_axis',(0.,0.,-1.));
#2825=DIRECTION('ref_axis',(-1.,0.,0.));
#2826=DIRECTION('',(-1.,0.,0.));
#2827=DIRECTION('',(0.,1.,0.));
#2828=DIRECTION('center_axis',(1.,0.,0.));
#2829=DIRECTION('ref_axis',(0.,0.,-1.));
#2830=DIRECTION('',(0.,0.,-1.));
#2831=DIRECTION('',(0.,1.,0.));
#2832=DIRECTION('center_axis',(0.747409318683657,0.,-0.664363838829922));
#2833=DIRECTION('ref_axis',(-0.664363838829922,0.,-0.747409318683657));
#2834=DIRECTION('',(-0.664363838829922,0.,-0.747409318683657));
#2835=DIRECTION('',(0.,1.,0.));
#2836=DIRECTION('center_axis',(-0.786318338822422,0.,-0.617821551931904));
#2837=DIRECTION('ref_axis',(-0.617821551931904,0.,0.786318338822422));
#2838=DIRECTION('',(-0.617821551931904,0.,0.786318338822422));
#2839=DIRECTION('',(0.,1.,0.));
#2840=DIRECTION('center_axis',(0.,0.,-1.));
#2841=DIRECTION('ref_axis',(-1.,0.,0.));
#2842=DIRECTION('',(-1.,0.,0.));
#2843=DIRECTION('center_axis',(0.,0.,-1.));
#2844=DIRECTION('ref_axis',(-1.,0.,0.));
#2845=DIRECTION('',(-1.,0.,0.));
#2846=DIRECTION('',(0.,1.,0.));
#2847=DIRECTION('',(-1.,0.,0.));
#2848=DIRECTION('',(0.,1.,0.));
#2849=DIRECTION('center_axis',(-1.,0.,0.));
#2850=DIRECTION('ref_axis',(0.,0.,1.));
#2851=DIRECTION('',(0.,0.,1.));
#2852=DIRECTION('',(0.,0.,1.));
#2853=DIRECTION('',(0.,1.,0.));
#2854=DIRECTION('',(0.,1.,0.));
#2855=DIRECTION('',(0.,1.,0.));
#2856=DIRECTION('',(0.,1.,0.));
#2857=DIRECTION('',(0.,1.,0.));
#2858=DIRECTION('',(0.,1.,0.));
#2859=DIRECTION('',(0.,1.,0.));
#2860=DIRECTION('center_axis',(1.,0.,0.));
#2861=DIRECTION('ref_axis',(0.,0.,-1.));
#2862=DIRECTION('',(0.,0.,-1.));
#2863=DIRECTION('',(0.,1.,0.));
#2864=DIRECTION('',(0.,0.,-1.));
#2865=DIRECTION('center_axis',(0.,0.,1.));
#2866=DIRECTION('ref_axis',(1.,0.,0.));
#2867=DIRECTION('',(1.,0.,0.));
#2868=DIRECTION('',(0.,1.,0.));
#2869=DIRECTION('',(1.,0.,0.));
#2870=DIRECTION('',(0.,1.,0.));
#2871=DIRECTION('',(0.,1.,0.));
#2872=DIRECTION('',(0.,1.,0.));
#2873=DIRECTION('',(0.,1.,0.));
#2874=DIRECTION('',(0.,1.,0.));
#2875=DIRECTION('center_axis',(-1.,0.,0.));
#2876=DIRECTION('ref_axis',(0.,0.,1.));
#2877=DIRECTION('',(0.,0.,1.));
#2878=DIRECTION('',(0.,1.,0.));
#2879=DIRECTION('',(0.,0.,1.));
#2880=DIRECTION('center_axis',(0.,0.,-1.));
#2881=DIRECTION('ref_axis',(-1.,0.,0.));
#2882=DIRECTION('',(-1.,0.,0.));
#2883=DIRECTION('',(-1.,0.,0.));
#2884=DIRECTION('center_axis',(0.,-1.,0.));
#2885=DIRECTION('ref_axis',(1.,0.,0.));
#2886=DIRECTION('center_axis',(0.,-1.,0.));
#2887=DIRECTION('ref_axis',(1.,0.,0.));
#2888=DIRECTION('center_axis',(0.447213595499958,0.894427190999916,-1.73777390727309E-15));
#2889=DIRECTION('ref_axis',(-0.894427190999916,0.447213595499958,0.));
#2890=DIRECTION('center_axis',(-0.894427190999916,-0.447213595499958,0.));
#2891=DIRECTION('ref_axis',(-0.447213595499958,0.894427190999916,0.));
#2892=DIRECTION('center_axis',(-2.2204460492503E-15,2.22044604925032E-15,
1.));
#2893=DIRECTION('ref_axis',(0.,1.,-2.22044604925032E-15));
#2894=DIRECTION('center_axis',(0.894427190999916,-0.447213595499958,-7.44760245974183E-16));
#2895=DIRECTION('ref_axis',(0.447213595499958,0.894427190999916,0.));
#2896=DIRECTION('center_axis',(-0.447213595499958,0.894427190999916,0.));
#2897=DIRECTION('ref_axis',(0.894427190999916,0.447213595499958,0.));
#2898=DIRECTION('center_axis',(2.22044604925032E-15,2.2204460492503E-15,
1.));
#2899=DIRECTION('ref_axis',(1.,1.11022302462516E-15,-2.22044604925032E-15));
#2900=DIRECTION('center_axis',(-7.40148683083438E-16,1.,0.));
#2901=DIRECTION('ref_axis',(0.70710678118655,5.88784672006414E-16,0.707106781186545));
#2902=DIRECTION('',(7.40148683083438E-16,-1.,0.));
#2903=DIRECTION('center_axis',(0.,1.,0.));
#2904=DIRECTION('ref_axis',(0.70710678118655,5.88784672006414E-16,0.707106781186545));
#2905=DIRECTION('',(-7.40148683083438E-16,1.,0.));
#2906=DIRECTION('center_axis',(-1.,-4.93432455388958E-17,0.));
#2907=DIRECTION('ref_axis',(0.,0.707106781186548,0.707106781186547));
#2908=DIRECTION('',(1.,4.93432455388958E-17,0.));
#2909=DIRECTION('',(-1.,-4.93432455388958E-17,0.));
#2910=DIRECTION('center_axis',(-7.40148683083438E-16,-1.,0.));
#2911=DIRECTION('ref_axis',(-0.707106781186548,3.92523114670944E-16,0.707106781186547));
#2912=DIRECTION('',(-7.40148683083438E-16,-1.,0.));
#2913=DIRECTION('center_axis',(0.,1.,0.));
#2914=DIRECTION('ref_axis',(-0.707106781186548,3.92523114670944E-16,0.707106781186547));
#2915=DIRECTION('',(7.40148683083438E-16,1.,0.));
#2916=DIRECTION('center_axis',(-4.93432455388958E-17,1.,0.));
#2917=DIRECTION('ref_axis',(-1.,-4.93432455388958E-17,0.));
#2918=DIRECTION('',(0.,0.,-1.));
#2919=DIRECTION('',(1.,4.93432455388958E-17,0.));
#2920=DIRECTION('',(1.,4.93432455388958E-17,0.));
#2921=DIRECTION('',(0.,0.,-1.));
#2922=DIRECTION('center_axis',(0.,0.,1.));
#2923=DIRECTION('ref_axis',(0.,-1.,0.));
#2924=DIRECTION('',(0.,0.,-1.));
#2925=DIRECTION('center_axis',(0.,0.,-1.));
#2926=DIRECTION('ref_axis',(0.,1.,0.));
#2927=DIRECTION('',(0.,0.,-1.));
#2928=DIRECTION('',(0.,0.,1.));
#2929=DIRECTION('center_axis',(1.,7.40148683083438E-16,0.));
#2930=DIRECTION('ref_axis',(-7.40148683083438E-16,1.,0.));
#2931=DIRECTION('',(0.,0.,1.));
#2932=DIRECTION('',(7.40148683083438E-16,-1.,0.));
#2933=DIRECTION('center_axis',(-0.447213595499959,0.894427190999915,-2.48253415324727E-16));
#2934=DIRECTION('ref_axis',(0.894427190999915,0.447213595499959,0.));
#2935=DIRECTION('center_axis',(0.894427190999916,-0.447213595499958,0.));
#2936=DIRECTION('ref_axis',(0.447213595499958,0.894427190999916,0.));
#2937=DIRECTION('center_axis',(-0.894427190999916,-0.447213595499958,-2.48253415324728E-16));
#2938=DIRECTION('ref_axis',(-0.447213595499958,0.894427190999916,0.));
#2939=DIRECTION('center_axis',(0.447213595499958,0.894427190999916,0.));
#2940=DIRECTION('ref_axis',(-0.894427190999916,0.447213595499958,0.));
#2941=DIRECTION('center_axis',(0.,0.,-1.));
#2942=DIRECTION('ref_axis',(-1.,1.11022302462516E-15,0.));
#2943=DIRECTION('center_axis',(7.40148683083438E-16,1.,0.));
#2944=DIRECTION('ref_axis',(-0.707106781186548,3.92523114670944E-16,-0.707106781186547));
#2945=DIRECTION('',(-7.40148683083438E-16,-1.,0.));
#2946=DIRECTION('center_axis',(0.,1.,0.));
#2947=DIRECTION('ref_axis',(-0.707106781186548,3.92523114670944E-16,-0.707106781186547));
#2948=DIRECTION('',(7.40148683083438E-16,1.,0.));
#2949=DIRECTION('center_axis',(1.,4.93432455388958E-17,0.));
#2950=DIRECTION('ref_axis',(0.,0.707106781186548,-0.707106781186547));
#2951=DIRECTION('',(-1.,-4.93432455388958E-17,0.));
#2952=DIRECTION('',(1.,4.93432455388958E-17,0.));
#2953=DIRECTION('center_axis',(7.40148683083438E-16,-1.,0.));
#2954=DIRECTION('ref_axis',(0.70710678118655,5.88784672006414E-16,-0.707106781186545));
#2955=DIRECTION('center_axis',(0.,1.,0.));
#2956=DIRECTION('ref_axis',(0.70710678118655,5.88784672006414E-16,-0.707106781186545));
#2957=DIRECTION('',(-7.40148683083438E-16,1.,0.));
#2958=DIRECTION('center_axis',(-4.93432455388958E-17,1.,0.));
#2959=DIRECTION('ref_axis',(-1.,-4.93432455388958E-17,0.));
#2960=DIRECTION('',(0.,0.,-1.));
#2961=DIRECTION('',(-1.,-4.93432455388958E-17,0.));
#2962=DIRECTION('',(-1.,-4.93432455388958E-17,0.));
#2963=DIRECTION('center_axis',(0.,0.,1.));
#2964=DIRECTION('ref_axis',(1.,-1.11022302462515E-15,0.));
#2965=DIRECTION('',(0.,0.,1.));
#2966=DIRECTION('',(0.,0.,-1.));
#2967=DIRECTION('center_axis',(-1.,7.40148683083438E-16,0.));
#2968=DIRECTION('ref_axis',(-7.40148683083438E-16,-1.,0.));
#2969=DIRECTION('',(0.,0.,-1.));
#2970=DIRECTION('center_axis',(5.29879170843825E-16,1.,0.));
#2971=DIRECTION('ref_axis',(-1.,5.29879170843825E-16,0.));
#2972=DIRECTION('',(0.,0.,1.));
#2973=DIRECTION('center_axis',(0.,0.,1.));
#2974=DIRECTION('ref_axis',(1.,0.,0.));
#2975=DIRECTION('',(1.,0.,0.));
#2976=DIRECTION('center_axis',(0.,0.,-1.));
#2977=DIRECTION('ref_axis',(-1.,0.,0.));
#2978=DIRECTION('',(-1.,0.,0.));
#2979=DIRECTION('center_axis',(-4.93432455388958E-17,1.,0.));
#2980=DIRECTION('ref_axis',(-1.,-4.93432455388958E-17,0.));
#2981=DIRECTION('',(0.,0.,1.));
#2982=DIRECTION('center_axis',(1.,0.,-1.48029736616688E-15));
#2983=DIRECTION('ref_axis',(1.48029736616688E-15,0.,1.));
#2984=DIRECTION('center_axis',(1.,4.93432455388958E-17,0.));
#2985=DIRECTION('ref_axis',(0.,-0.707106781186547,0.707106781186548));
#2986=DIRECTION('center_axis',(1.,0.,0.));
#2987=DIRECTION('ref_axis',(0.,3.70074341541719E-16,1.));
#2988=DIRECTION('',(1.,4.93432455388958E-17,0.));
#2989=DIRECTION('center_axis',(1.,0.,0.));
#2990=DIRECTION('ref_axis',(0.,7.40148683083437E-16,1.));
#2991=DIRECTION('center_axis',(1.,4.93432455388958E-17,0.));
#2992=DIRECTION('ref_axis',(0.,-0.707106781186547,0.707106781186548));
#2993=DIRECTION('center_axis',(1.,0.,0.));
#2994=DIRECTION('ref_axis',(0.,0.,1.));
#2995=DIRECTION('',(1.,4.93432455388958E-17,0.));
#2996=DIRECTION('center_axis',(0.,0.,-1.));
#2997=DIRECTION('ref_axis',(-1.,0.,0.));
#2998=DIRECTION('center_axis',(0.,0.,-1.));
#2999=DIRECTION('ref_axis',(-0.904131652810853,-0.427253969420432,0.));
#3000=DIRECTION('center_axis',(-0.322450600314067,-0.946586293138189,-1.43196832309152E-16));
#3001=DIRECTION('ref_axis',(4.44089209850063E-16,0.,-1.));
#3002=DIRECTION('center_axis',(0.,0.,1.));
#3003=DIRECTION('ref_axis',(-0.904131652810853,-0.427253969420432,0.));
#3004=DIRECTION('center_axis',(0.,0.,1.));
#3005=DIRECTION('ref_axis',(1.,0.,0.));
#3006=DIRECTION('center_axis',(0.,0.,-1.));
#3007=DIRECTION('ref_axis',(-1.,0.,0.));
#3008=DIRECTION('center_axis',(0.,0.,1.));
#3009=DIRECTION('ref_axis',(1.,0.,0.));
#3010=DIRECTION('center_axis',(0.,0.,-1.));
#3011=DIRECTION('ref_axis',(-1.,0.,0.));
#3012=DIRECTION('center_axis',(-0.322450600314067,0.946586293138189,0.));
#3013=DIRECTION('ref_axis',(0.,0.,-1.));
#3014=DIRECTION('center_axis',(0.,0.,-1.));
#3015=DIRECTION('ref_axis',(3.06161699786838E-16,1.,0.));
#3016=DIRECTION('center_axis',(1.11022302462516E-16,-1.,0.));
#3017=DIRECTION('ref_axis',(-1.,-1.11022302462516E-16,0.));
#3018=DIRECTION('center_axis',(0.,0.,1.));
#3019=DIRECTION('ref_axis',(-1.,0.,0.));
#3020=DIRECTION('center_axis',(0.,0.,1.));
#3021=DIRECTION('ref_axis',(-1.,0.,0.));
#3022=DIRECTION('center_axis',(0.,0.,-1.));
#3023=DIRECTION('ref_axis',(3.06161699786838E-16,1.,0.));
#3024=DIRECTION('center_axis',(0.,0.,1.));
#3025=DIRECTION('ref_axis',(1.,0.,0.));
#3026=DIRECTION('center_axis',(0.,0.,-1.));
#3027=DIRECTION('ref_axis',(0.904131652810853,-0.427253969420433,0.));
#3028=DIRECTION('center_axis',(0.,0.,1.));
#3029=DIRECTION('ref_axis',(1.,0.,0.));
#3030=DIRECTION('center_axis',(0.,0.,1.));
#3031=DIRECTION('ref_axis',(0.904131652810853,-0.427253969420433,0.));
#3032=DIRECTION('center_axis',(-1.,7.40148683083438E-16,7.40148683083438E-16));
#3033=DIRECTION('ref_axis',(-7.40148683083438E-16,0.,-1.));
#3034=DIRECTION('center_axis',(-1.,-4.93432455388958E-17,0.));
#3035=DIRECTION('ref_axis',(0.,-0.707106781186547,-0.707106781186548));
#3036=DIRECTION('center_axis',(-1.,0.,0.));
#3037=DIRECTION('ref_axis',(0.,0.,-1.));
#3038=DIRECTION('',(-1.,-4.93432455388958E-17,0.));
#3039=DIRECTION('center_axis',(-1.,0.,0.));
#3040=DIRECTION('ref_axis',(0.,7.40148683083438E-16,-1.));
#3041=DIRECTION('center_axis',(-1.,-4.93432455388958E-17,0.));
#3042=DIRECTION('ref_axis',(0.,-0.707106781186547,-0.707106781186548));
#3043=DIRECTION('center_axis',(-1.,0.,7.40148683083438E-16));
#3044=DIRECTION('ref_axis',(-7.40148683083438E-16,-3.70074341541719E-16,
-1.));
#3045=DIRECTION('',(-1.,-4.93432455388958E-17,0.));
#3046=DIRECTION('center_axis',(0.,0.,1.));
#3047=DIRECTION('ref_axis',(1.,0.,0.));
#3048=DIRECTION('center_axis',(0.,0.,1.));
#3049=DIRECTION('ref_axis',(0.904131652810853,-0.427253969420433,0.));
#3050=DIRECTION('center_axis',(0.322450600314067,-0.946586293138189,0.));
#3051=DIRECTION('ref_axis',(0.,0.,1.));
#3052=DIRECTION('center_axis',(0.,0.,-1.));
#3053=DIRECTION('ref_axis',(0.904131652810853,-0.427253969420433,0.));
#3054=DIRECTION('center_axis',(0.,0.,1.));
#3055=DIRECTION('ref_axis',(1.,0.,0.));
#3056=DIRECTION('center_axis',(0.,0.,1.));
#3057=DIRECTION('ref_axis',(-1.,0.,0.));
#3058=DIRECTION('center_axis',(0.,0.,-1.));
#3059=DIRECTION('ref_axis',(-1.,0.,0.));
#3060=DIRECTION('center_axis',(0.,0.,1.));
#3061=DIRECTION('ref_axis',(-1.,0.,0.));
#3062=DIRECTION('center_axis',(0.322450600314067,0.946586293138189,0.));
#3063=DIRECTION('ref_axis',(0.,0.,1.));
#3064=DIRECTION('center_axis',(0.,0.,1.));
#3065=DIRECTION('ref_axis',(2.83276944882399E-16,1.,0.));
#3066=DIRECTION('center_axis',(-1.11022302462516E-16,-1.,0.));
#3067=DIRECTION('ref_axis',(1.,-1.11022302462516E-16,0.));
#3068=DIRECTION('center_axis',(0.,0.,-1.));
#3069=DIRECTION('ref_axis',(-1.,0.,0.));
#3070=DIRECTION('center_axis',(0.,0.,1.));
#3071=DIRECTION('ref_axis',(2.83276944882399E-16,1.,0.));
#3072=DIRECTION('center_axis',(0.,0.,1.));
#3073=DIRECTION('ref_axis',(1.,0.,0.));
#3074=DIRECTION('center_axis',(0.,0.,1.));
#3075=DIRECTION('ref_axis',(-0.904131652810853,-0.427253969420432,0.));
#3076=DIRECTION('center_axis',(0.,0.,-1.));
#3077=DIRECTION('ref_axis',(-1.,0.,0.));
#3078=DIRECTION('center_axis',(0.,0.,-1.));
#3079=DIRECTION('ref_axis',(-0.904131652810853,-0.427253969420432,0.));
#3080=DIRECTION('center_axis',(0.,0.,1.));
#3081=DIRECTION('ref_axis',(-1.,0.,0.));
#3082=DIRECTION('',(0.,0.,-1.));
#3083=DIRECTION('center_axis',(0.,0.,1.));
#3084=DIRECTION('ref_axis',(0.946586293138189,0.322450600314067,0.));
#3085=DIRECTION('',(0.,0.,-1.));
#3086=DIRECTION('center_axis',(0.,0.,-1.));
#3087=DIRECTION('ref_axis',(-0.946586293138189,0.322450600314067,0.));
#3088=DIRECTION('',(0.,0.,1.));
#3089=DIRECTION('center_axis',(0.,-1.,0.));
#3090=DIRECTION('ref_axis',(1.,0.,0.));
#3091=DIRECTION('center_axis',(0.,0.,1.));
#3092=DIRECTION('ref_axis',(-1.83697019872103E-16,1.,0.));
#3093=CARTESIAN_POINT('',(0.,0.,0.));
#3094=CARTESIAN_POINT('Origin',(-22.5,0.999999999999996,0.));
#3095=CARTESIAN_POINT('',(8.1373575312875,0.999999999999996,-1.75567264668643));
#3096=CARTESIAN_POINT('',(7.67220356838244,0.999999999999996,-1.75567264668643));
#3097=CARTESIAN_POINT('',(-7.41389821580878,0.999999999999996,-1.75567264668643));
#3098=CARTESIAN_POINT('',(8.1373575312875,0.999999999999996,1.33022681453735));
#3099=CARTESIAN_POINT('',(8.1373575312875,0.999999999999996,-0.877836323343217));
#3100=CARTESIAN_POINT('',(9.31158765715757,0.999999999999996,1.33022681453735));
#3101=CARTESIAN_POINT('',(-7.18132123435625,0.999999999999996,1.33022681453735));
#3102=CARTESIAN_POINT('',(9.31158765715757,0.999999999999996,1.74432729370892));
#3103=CARTESIAN_POINT('',(9.31158765715757,0.999999999999996,0.665113407268674));
#3104=CARTESIAN_POINT('',(6.49797344251236,0.999999999999996,1.74432729370892));
#3105=CARTESIAN_POINT('',(-6.59420617142121,0.999999999999996,1.74432729370892));
#3106=CARTESIAN_POINT('',(6.49797344251236,0.999999999999996,1.33022681453735));
#3107=CARTESIAN_POINT('',(6.49797344251236,0.999999999999996,0.87216364685446));
#3108=CARTESIAN_POINT('',(7.67220356838244,0.999999999999996,1.33022681453735));
#3109=CARTESIAN_POINT('',(-8.00101327874382,0.999999999999996,1.33022681453735));
#3110=CARTESIAN_POINT('',(7.67220356838244,0.999999999999996,0.665113407268674));
#3111=CARTESIAN_POINT('Origin',(9.31158765715757,-66.1030691173877,1.33022681453735));
#3112=CARTESIAN_POINT('',(9.31158765715757,0.,1.74432729370892));
#3113=CARTESIAN_POINT('',(9.31158765715757,0.,1.33022681453735));
#3114=CARTESIAN_POINT('',(9.31158765715757,-4.44089209850063E-15,0.665113407268674));
#3115=CARTESIAN_POINT('',(9.31158765715757,-66.1030691173877,1.74432729370892));
#3116=CARTESIAN_POINT('',(9.31158765715757,-66.1030691173877,1.33022681453735));
#3117=CARTESIAN_POINT('Origin',(8.1373575312875,-66.1030691173877,1.33022681453735));
#3118=CARTESIAN_POINT('',(8.1373575312875,0.,1.33022681453735));
#3119=CARTESIAN_POINT('',(-7.18132123435625,-4.44089209850063E-15,1.33022681453735));
#3120=CARTESIAN_POINT('',(8.1373575312875,-66.1030691173877,1.33022681453735));
#3121=CARTESIAN_POINT('Origin',(8.1373575312875,-66.1030691173877,-1.75567264668643));
#3122=CARTESIAN_POINT('',(8.1373575312875,0.,-1.75567264668643));
#3123=CARTESIAN_POINT('',(8.1373575312875,-4.44089209850063E-15,-0.877836323343217));
#3124=CARTESIAN_POINT('',(8.1373575312875,-66.1030691173877,-1.75567264668643));
#3125=CARTESIAN_POINT('Origin',(7.67220356838244,-66.1030691173877,-1.75567264668643));
#3126=CARTESIAN_POINT('',(7.67220356838244,0.,-1.75567264668643));
#3127=CARTESIAN_POINT('',(-7.41389821580878,-4.44089209850063E-15,-1.75567264668643));
#3128=CARTESIAN_POINT('',(7.67220356838244,-66.1030691173877,-1.75567264668643));
#3129=CARTESIAN_POINT('Origin',(9.31158765715757,-66.1030691173877,1.74432729370892));
#3130=CARTESIAN_POINT('',(6.49797344251236,0.,1.74432729370892));
#3131=CARTESIAN_POINT('',(-6.59420617142121,-4.44089209850063E-15,1.74432729370892));
#3132=CARTESIAN_POINT('',(6.49797344251236,-66.1030691173877,1.74432729370892));
#3133=CARTESIAN_POINT('Origin',(6.49797344251236,-66.1030691173877,1.74432729370892));
#3134=CARTESIAN_POINT('',(6.49797344251236,0.,1.33022681453735));
#3135=CARTESIAN_POINT('',(6.49797344251236,-4.44089209850063E-15,0.87216364685446));
#3136=CARTESIAN_POINT('',(6.49797344251236,-66.1030691173877,1.33022681453735));
#3137=CARTESIAN_POINT('Origin',(6.49797344251236,-66.1030691173877,1.33022681453735));
#3138=CARTESIAN_POINT('',(7.67220356838244,0.,1.33022681453735));
#3139=CARTESIAN_POINT('',(-8.00101327874382,-4.44089209850063E-15,1.33022681453735));
#3140=CARTESIAN_POINT('',(7.67220356838244,-66.1030691173877,1.33022681453735));
#3141=CARTESIAN_POINT('Origin',(7.67220356838244,-66.1030691173877,1.33022681453735));
#3142=CARTESIAN_POINT('',(7.67220356838244,-4.44089209850063E-15,0.665113407268674));
#3143=CARTESIAN_POINT('Ctrl Pts',(-6.20016248386528,-66.1030691173877,-0.00850898114061804));
#3144=CARTESIAN_POINT('Ctrl Pts',(-6.20016248386528,66.1030691173877,-0.00850898114061804));
#3145=CARTESIAN_POINT('Ctrl Pts',(-6.20016248386528,-66.1030691173877,-0.487844467304974));
#3146=CARTESIAN_POINT('Ctrl Pts',(-6.20016248386528,66.1030691173877,-0.487844467304974));
#3147=CARTESIAN_POINT('Ctrl Pts',(-6.58873622117011,-66.1030691173877,-1.25931933261092));
#3148=CARTESIAN_POINT('Ctrl Pts',(-6.58873622117011,66.1030691173877,-1.25931933261092));
#3149=CARTESIAN_POINT('Ctrl Pts',(-6.91491125613402,-66.1030691173877,-1.47487848615228));
#3150=CARTESIAN_POINT('Ctrl Pts',(-6.91491125613402,66.1030691173877,-1.47487848615228));
#3151=CARTESIAN_POINT('',(-6.20016248386528,0.,-0.00850898114061804));
#3152=CARTESIAN_POINT('',(-6.91491125613402,0.,-1.47487848615228));
#3153=CARTESIAN_POINT('Ctrl Pts',(-6.20016248386528,-8.88178419700125E-15,
-0.00850898114061804));
#3154=CARTESIAN_POINT('Ctrl Pts',(-6.20016248386528,-8.88178419700125E-15,
-0.487844467304974));
#3155=CARTESIAN_POINT('Ctrl Pts',(-6.58873622117011,-8.88178419700125E-15,
-1.25931933261092));
#3156=CARTESIAN_POINT('Ctrl Pts',(-6.91491125613402,-8.88178419700125E-15,
-1.47487848615228));
#3157=CARTESIAN_POINT('',(-6.20016248386528,0.999999999999996,-0.00850898114061804));
#3158=CARTESIAN_POINT('',(-6.20016248386528,-66.1030691173877,-0.00850898114061804));
#3159=CARTESIAN_POINT('',(-6.91491125613402,0.999999999999996,-1.47487848615228));
#3160=CARTESIAN_POINT('Ctrl Pts',(-6.20016248386528,0.999999999999996,-0.00850898114061804));
#3161=CARTESIAN_POINT('Ctrl Pts',(-6.20016248386528,0.999999999999996,-0.328065971916855));
#3162=CARTESIAN_POINT('Ctrl Pts',(-6.26492477341608,0.999999999999996,-0.616423611522631));
#3163=CARTESIAN_POINT('Ctrl Pts',(-6.39444935251769,0.999999999999996,-0.873581899957946));
#3164=CARTESIAN_POINT('Ctrl Pts',(-6.5239739316193,0.999999999999996,-1.13074018839326));
#3165=CARTESIAN_POINT('Ctrl Pts',(-6.69746123282475,0.999999999999996,-1.33117238379137));
#3166=CARTESIAN_POINT('Ctrl Pts',(-6.91491125613402,0.999999999999996,-1.47487848615228));
#3167=CARTESIAN_POINT('',(-6.91491125613402,-66.1030691173877,-1.47487848615228));
#3168=CARTESIAN_POINT('Ctrl Pts',(-6.91491125613402,-66.1030691173877,-1.47487848615228));
#3169=CARTESIAN_POINT('Ctrl Pts',(-6.91491125613402,66.1030691173877,-1.47487848615228));
#3170=CARTESIAN_POINT('Ctrl Pts',(-7.18152389340887,-66.1030691173877,-1.64222046061203));
#3171=CARTESIAN_POINT('Ctrl Pts',(-7.18152389340887,66.1030691173877,-1.64222046061203));
#3172=CARTESIAN_POINT('Ctrl Pts',(-7.72893069121787,-66.1030691173877,-1.75567264668643));
#3173=CARTESIAN_POINT('Ctrl Pts',(-7.72893069121787,66.1030691173877,-1.75567264668643));
#3174=CARTESIAN_POINT('Ctrl Pts',(-8.15437638899688,-66.1030691173877,-1.75567264668643));
#3175=CARTESIAN_POINT('Ctrl Pts',(-8.15437638899688,66.1030691173877,-1.75567264668643));
#3176=CARTESIAN_POINT('',(-8.15437638899688,0.,-1.75567264668643));
#3177=CARTESIAN_POINT('Ctrl Pts',(-6.91491125613402,-8.88178419700125E-15,
-1.47487848615228));
#3178=CARTESIAN_POINT('Ctrl Pts',(-7.18152389340887,-8.88178419700125E-15,
-1.64222046061203));
#3179=CARTESIAN_POINT('Ctrl Pts',(-7.72893069121787,-8.88178419700125E-15,
-1.75567264668643));
#3180=CARTESIAN_POINT('Ctrl Pts',(-8.15437638899688,-8.88178419700125E-15,
-1.75567264668643));
#3181=CARTESIAN_POINT('',(-8.15437638899688,0.999999999999996,-1.75567264668643));
#3182=CARTESIAN_POINT('Ctrl Pts',(-6.91491125613402,0.999999999999996,-1.47487848615228));
#3183=CARTESIAN_POINT('Ctrl Pts',(-7.08194284364972,0.999999999999996,-1.57971746129512));
#3184=CARTESIAN_POINT('Ctrl Pts',(-7.26209460695965,0.999999999999996,-1.65891905409406));
#3185=CARTESIAN_POINT('Ctrl Pts',(-7.55946978899614,0.999999999999996,-1.72055121617416));
#3186=CARTESIAN_POINT('Ctrl Pts',(-7.7638428785141,0.999999999999995,-1.75567264668643));
#3187=CARTESIAN_POINT('Ctrl Pts',(-8.15437638899688,0.999999999999995,-1.75567264668643));
#3188=CARTESIAN_POINT('',(-8.15437638899688,-66.1030691173877,-1.75567264668643));
#3189=CARTESIAN_POINT('Origin',(-8.95988691012515,-66.1030691173877,-1.75567264668643));
#3190=CARTESIAN_POINT('',(-8.95988691012515,0.,-1.75567264668643));
#3191=CARTESIAN_POINT('',(-15.7299434550626,-4.44089209850063E-15,-1.75567264668643));
#3192=CARTESIAN_POINT('',(-8.95988691012515,0.999999999999996,-1.75567264668643));
#3193=CARTESIAN_POINT('',(-15.7299434550626,0.999999999999996,-1.75567264668643));
#3194=CARTESIAN_POINT('',(-8.95988691012515,-66.1030691173877,-1.75567264668643));
#3195=CARTESIAN_POINT('Origin',(-8.49473294722009,-66.1030691173877,-1.3529173861223));
#3196=CARTESIAN_POINT('',(-8.49473294722009,0.,-1.3529173861223));
#3197=CARTESIAN_POINT('',(-8.14019486573758,0.,-1.3529173861223));
#3198=CARTESIAN_POINT('',(-15.49736647361,-4.44089209850063E-15,-1.3529173861223));
#3199=CARTESIAN_POINT('',(-8.49473294722009,0.999999999999996,-1.3529173861223));
#3200=CARTESIAN_POINT('',(-8.49473294722009,-66.1030691173877,-1.3529173861223));
#3201=CARTESIAN_POINT('',(-8.14019486573758,0.999999999999996,-1.3529173861223));
#3202=CARTESIAN_POINT('',(-15.49736647361,0.999999999999996,-1.3529173861223));
#3203=CARTESIAN_POINT('',(-8.14019486573758,-66.1030691173877,-1.3529173861223));
#3204=CARTESIAN_POINT('Origin',(-8.49473294722009,-66.1030691173877,1.34157203314479));
#3205=CARTESIAN_POINT('',(-8.49473294722009,0.,1.34157203314479));
#3206=CARTESIAN_POINT('',(-8.49473294722009,-4.44089209850063E-15,0.670786016572393));
#3207=CARTESIAN_POINT('',(-8.49473294722009,0.999999999999996,1.34157203314479));
#3208=CARTESIAN_POINT('',(-8.49473294722009,-66.1030691173877,1.34157203314479));
#3209=CARTESIAN_POINT('',(-8.49473294722009,0.999999999999996,0.670786016572393));
#3210=CARTESIAN_POINT('Origin',(-8.14019486573758,-66.1030691173877,1.34157203314479));
#3211=CARTESIAN_POINT('',(-8.14019486573758,0.,1.34157203314479));
#3212=CARTESIAN_POINT('',(-15.3200974328688,-4.44089209850063E-15,1.34157203314479));
#3213=CARTESIAN_POINT('',(-8.14019486573758,0.999999999999996,1.34157203314479));
#3214=CARTESIAN_POINT('',(-8.14019486573758,-66.1030691173877,1.34157203314479));
#3215=CARTESIAN_POINT('',(-15.3200974328688,0.999999999999996,1.34157203314479));
#3216=CARTESIAN_POINT('Ctrl Pts',(-6.9092386468303,-66.1030691173877,1.46636943782663));
#3217=CARTESIAN_POINT('Ctrl Pts',(-6.9092386468303,66.1030691173877,1.46636943782663));
#3218=CARTESIAN_POINT('Ctrl Pts',(-6.57171839325895,-66.1030691173877,1.24230137032968));
#3219=CARTESIAN_POINT('Ctrl Pts',(-6.57171839325895,66.1030691173877,1.24230137032968));
#3220=CARTESIAN_POINT('Ctrl Pts',(-6.20016248386528,-66.1030691173877,0.502025856194199));
#3221=CARTESIAN_POINT('Ctrl Pts',(-6.20016248386528,66.1030691173877,0.502025856194199));
#3222=CARTESIAN_POINT('Ctrl Pts',(-6.20016248386528,-66.1030691173877,-0.00850898114061804));
#3223=CARTESIAN_POINT('Ctrl Pts',(-6.20016248386528,66.1030691173877,-0.00850898114061804));
#3224=CARTESIAN_POINT('',(-6.9092386468303,0.,1.46636943782663));
#3225=CARTESIAN_POINT('Ctrl Pts',(-6.9092386468303,-8.88178419700125E-15,
1.46636943782663));
#3226=CARTESIAN_POINT('Ctrl Pts',(-6.57171839325895,-8.88178419700125E-15,
1.24230137032968));
#3227=CARTESIAN_POINT('Ctrl Pts',(-6.20016248386528,-8.88178419700125E-15,
0.502025856194199));
#3228=CARTESIAN_POINT('Ctrl Pts',(-6.20016248386528,-8.88178419700125E-15,
-0.00850898114061804));
#3229=CARTESIAN_POINT('',(-6.9092386468303,0.999999999999996,1.46636943782663));
#3230=CARTESIAN_POINT('',(-6.9092386468303,-66.1030691173877,1.46636943782663));
#3231=CARTESIAN_POINT('Ctrl Pts',(-6.9092386468303,0.999999999999996,1.46636943782663));
#3232=CARTESIAN_POINT('Ctrl Pts',(-6.6842251444494,0.999999999999996,1.316990726162));
#3233=CARTESIAN_POINT('Ctrl Pts',(-6.50979240836,0.999999999999996,1.11892211797377));
#3234=CARTESIAN_POINT('Ctrl Pts',(-6.38594043856211,0.999999999999996,0.872163613261941));
#3235=CARTESIAN_POINT('Ctrl Pts',(-6.26208846876422,0.999999999999996,0.625405108550113));
#3236=CARTESIAN_POINT('Ctrl Pts',(-6.20016248386528,0.999999999999996,0.331847577082593));
#3237=CARTESIAN_POINT('Ctrl Pts',(-6.20016248386528,0.999999999999996,-0.00850898114061804));
#3238=CARTESIAN_POINT('Ctrl Pts',(-8.16288530295246,-66.1030691173877,1.74432729370892));
#3239=CARTESIAN_POINT('Ctrl Pts',(-8.16288530295246,66.1030691173877,1.74432729370892));
#3240=CARTESIAN_POINT('Ctrl Pts',(-7.6693682935288,-66.1030691173877,1.74432729370892));
#3241=CARTESIAN_POINT('Ctrl Pts',(-7.6693682935288,66.1030691173877,1.74432729370892));
#3242=CARTESIAN_POINT('Ctrl Pts',(-7.10777997246051,-66.1030691173877,1.5968394518122));
#3243=CARTESIAN_POINT('Ctrl Pts',(-7.10777997246051,66.1030691173877,1.5968394518122));
#3244=CARTESIAN_POINT('Ctrl Pts',(-6.9092386468303,-66.1030691173877,1.46636943782663));
#3245=CARTESIAN_POINT('Ctrl Pts',(-6.9092386468303,66.1030691173877,1.46636943782663));
#3246=CARTESIAN_POINT('',(-8.16288530295246,0.,1.74432729370892));
#3247=CARTESIAN_POINT('Ctrl Pts',(-8.16288530295246,-8.88178419700125E-15,
1.74432729370892));
#3248=CARTESIAN_POINT('Ctrl Pts',(-7.6693682935288,-8.88178419700125E-15,
1.74432729370892));
#3249=CARTESIAN_POINT('Ctrl Pts',(-7.10777997246051,-8.88178419700125E-15,
1.5968394518122));
#3250=CARTESIAN_POINT('Ctrl Pts',(-6.9092386468303,-8.88178419700125E-15,
1.46636943782663));
#3251=CARTESIAN_POINT('',(-8.16288530295246,0.999999999999996,1.74432729370892));
#3252=CARTESIAN_POINT('',(-8.16288530295246,-66.1030691173877,1.74432729370892));
#3253=CARTESIAN_POINT('Ctrl Pts',(-8.16288530295246,0.999999999999996,1.74432729370892));
#3254=CARTESIAN_POINT('Ctrl Pts',(-7.69170061578611,0.999999999999996,1.74432729370892));
#3255=CARTESIAN_POINT('Ctrl Pts',(-7.47735411933563,0.999999999999996,1.69391604301975));
#3256=CARTESIAN_POINT('Ctrl Pts',(-7.22034415129205,0.999999999999996,1.62637019224972));
#3257=CARTESIAN_POINT('Ctrl Pts',(-7.05438001286354,0.999999999999997,1.56174804979133));
#3258=CARTESIAN_POINT('Ctrl Pts',(-6.9092386468303,0.999999999999997,1.46636943782663));
#3259=CARTESIAN_POINT('Origin',(-8.16288530295246,-66.1030691173877,1.74432729370892));
#3260=CARTESIAN_POINT('',(-8.95988691012515,0.,1.74432729370892));
#3261=CARTESIAN_POINT('',(-15.3314426514762,-4.44089209850063E-15,1.74432729370892));
#3262=CARTESIAN_POINT('',(-8.95988691012515,0.999999999999996,1.74432729370892));
#3263=CARTESIAN_POINT('',(-8.95988691012515,-66.1030691173877,1.74432729370892));
#3264=CARTESIAN_POINT('',(-15.3314426514762,0.999999999999996,1.74432729370892));
#3265=CARTESIAN_POINT('Origin',(-8.95988691012515,-66.1030691173877,1.74432729370892));
#3266=CARTESIAN_POINT('',(-8.95988691012515,-4.44089209850063E-15,0.87216364685446));
#3267=CARTESIAN_POINT('',(-8.95988691012515,0.999999999999996,0.87216364685446));
#3268=CARTESIAN_POINT('Ctrl Pts',(-8.14019486573758,-66.1030691173877,1.34157203314479));
#3269=CARTESIAN_POINT('Ctrl Pts',(-8.14019486573758,66.1030691173877,1.34157203314479));
#3270=CARTESIAN_POINT('Ctrl Pts',(-7.82536504938111,-66.1030691173877,1.34157203314479));
#3271=CARTESIAN_POINT('Ctrl Pts',(-7.82536504938111,66.1030691173877,1.34157203314479));
#3272=CARTESIAN_POINT('Ctrl Pts',(-7.40275565625396,-66.1030691173877,1.24230137032968));
#3273=CARTESIAN_POINT('Ctrl Pts',(-7.40275565625396,66.1030691173877,1.24230137032968));
#3274=CARTESIAN_POINT('Ctrl Pts',(-7.21555954923119,-66.1030691173877,1.13168548890714));
#3275=CARTESIAN_POINT('Ctrl Pts',(-7.21555954923119,66.1030691173877,1.13168548890714));
#3276=CARTESIAN_POINT('',(-7.21555954923119,0.,1.13168548890714));
#3277=CARTESIAN_POINT('Ctrl Pts',(-7.21555954923119,-1.77635683940025E-14,
1.13168548890714));
#3278=CARTESIAN_POINT('Ctrl Pts',(-7.40275565625396,-1.77635683940025E-14,
1.24230137032968));
#3279=CARTESIAN_POINT('Ctrl Pts',(-7.82536504938111,-1.77635683940025E-14,
1.34157203314479));
#3280=CARTESIAN_POINT('Ctrl Pts',(-8.14019486573758,-1.77635683940025E-14,
1.34157203314479));
#3281=CARTESIAN_POINT('',(-7.21555954923119,0.999999999999996,1.13168548890714));
#3282=CARTESIAN_POINT('',(-7.21555954923119,-66.1030691173877,1.13168548890714));
#3283=CARTESIAN_POINT('Ctrl Pts',(-7.21555954923119,0.999999999999996,1.13168548890714));
#3284=CARTESIAN_POINT('Ctrl Pts',(-7.34035695391303,0.999999999999996,1.2054294098555));
#3285=CARTESIAN_POINT('Ctrl Pts',(-7.47319055510848,0.999999999999996,1.25884648079887));
#3286=CARTESIAN_POINT('Ctrl Pts',(-7.61406035281753,0.999999999999996,1.29193670173724));
#3287=CARTESIAN_POINT('Ctrl Pts',(-7.75493015052658,0.999999999999996,1.3250269226756));
#3288=CARTESIAN_POINT('Ctrl Pts',(-7.93030832149993,0.999999999999996,1.34157203314479));
#3289=CARTESIAN_POINT('Ctrl Pts',(-8.14019486573758,0.999999999999996,1.34157203314479));
#3290=CARTESIAN_POINT('Ctrl Pts',(-7.21555954923119,-66.1030691173877,1.13168548890714));
#3291=CARTESIAN_POINT('Ctrl Pts',(-7.21555954923119,66.1030691173877,1.13168548890714));
#3292=CARTESIAN_POINT('Ctrl Pts',(-6.9517832166082,-66.1030691173877,0.970016123751116));
#3293=CARTESIAN_POINT('Ctrl Pts',(-6.9517832166082,66.1030691173877,0.970016123751116));
#3294=CARTESIAN_POINT('Ctrl Pts',(-6.68517057933335,-66.1030691173877,0.399918888727235));
#3295=CARTESIAN_POINT('Ctrl Pts',(-6.68517057933335,66.1030691173877,0.399918888727235));
#3296=CARTESIAN_POINT('Ctrl Pts',(-6.68517057933335,-66.1030691173877,-0.00283637183689622));
#3297=CARTESIAN_POINT('Ctrl Pts',(-6.68517057933335,66.1030691173877,-0.00283637183689622));
#3298=CARTESIAN_POINT('',(-6.68517057933335,0.,-0.00283637183689622));
#3299=CARTESIAN_POINT('Ctrl Pts',(-6.68517057933335,-1.77635683940025E-14,
-0.00283637183689622));
#3300=CARTESIAN_POINT('Ctrl Pts',(-6.68517057933335,-1.77635683940025E-14,
0.399918888727235));
#3301=CARTESIAN_POINT('Ctrl Pts',(-6.9517832166082,-1.77635683940025E-14,
0.970016123751116));
#3302=CARTESIAN_POINT('Ctrl Pts',(-7.21555954923119,-1.77635683940025E-14,
1.13168548890714));
#3303=CARTESIAN_POINT('',(-6.68517057933335,0.999999999999996,-0.00283637183689622));
#3304=CARTESIAN_POINT('',(-6.68517057933335,-66.1030691173877,-0.00283637183689622));
#3305=CARTESIAN_POINT('Ctrl Pts',(-6.68517057933335,0.999999999999996,-0.00283637183689622));
#3306=CARTESIAN_POINT('Ctrl Pts',(-6.68517057933335,0.999999999999996,0.265667135205858));
#3307=CARTESIAN_POINT('Ctrl Pts',(-6.72960601887916,0.999999999999996,0.494935094564549));
#3308=CARTESIAN_POINT('Ctrl Pts',(-6.81847689797078,0.999999999999996,0.684967506239176));
#3309=CARTESIAN_POINT('Ctrl Pts',(-6.90734777706239,0.999999999999996,0.874999917913803));
#3310=CARTESIAN_POINT('Ctrl Pts',(-7.03970866081586,0.999999999999996,1.02390591213646));
#3311=CARTESIAN_POINT('Ctrl Pts',(-7.21555954923119,0.999999999999996,1.13168548890714));
#3312=CARTESIAN_POINT('Ctrl Pts',(-6.68517057933335,-66.1030691173877,-0.00283637183689622));
#3313=CARTESIAN_POINT('Ctrl Pts',(-6.68517057933335,66.1030691173877,-0.00283637183689622));
#3314=CARTESIAN_POINT('Ctrl Pts',(-6.68517057933335,-66.1030691173877,-0.41126424170475));
#3315=CARTESIAN_POINT('Ctrl Pts',(-6.68517057933335,66.1030691173877,-0.41126424170475));
#3316=CARTESIAN_POINT('Ctrl Pts',(-6.92909277939332,-66.1030691173877,-0.955834734861889));
#3317=CARTESIAN_POINT('Ctrl Pts',(-6.92909277939332,66.1030691173877,-0.955834734861889));
#3318=CARTESIAN_POINT('Ctrl Pts',(-7.17301497945329,-66.1030691173877,-1.12034040466977));
#3319=CARTESIAN_POINT('Ctrl Pts',(-7.17301497945329,66.1030691173877,-1.12034040466977));
#3320=CARTESIAN_POINT('',(-7.17301497945329,0.,-1.12034040466977));
#3321=CARTESIAN_POINT('Ctrl Pts',(-7.17301497945329,-1.77635683940025E-14,
-1.12034040466977));
#3322=CARTESIAN_POINT('Ctrl Pts',(-6.92909277939332,-1.77635683940025E-14,
-0.955834734861889));
#3323=CARTESIAN_POINT('Ctrl Pts',(-6.68517057933335,-1.77635683940025E-14,
-0.41126424170475));
#3324=CARTESIAN_POINT('Ctrl Pts',(-6.68517057933335,-1.77635683940025E-14,
-0.00283637183689622));
#3325=CARTESIAN_POINT('',(-7.17301497945329,0.999999999999996,-1.12034040466977));
#3326=CARTESIAN_POINT('',(-7.17301497945329,-66.1030691173877,-1.12034040466977));
#3327=CARTESIAN_POINT('Ctrl Pts',(-7.17301497945329,0.999999999999996,-1.12034040466977));
#3328=CARTESIAN_POINT('Ctrl Pts',(-7.01040017941331,0.999999999999996,-1.01066995813118));
#3329=CARTESIAN_POINT('Ctrl Pts',(-6.88843907938332,0.999999999999996,-0.865072986002366));
#3330=CARTESIAN_POINT('Ctrl Pts',(-6.80713167936334,0.999999999999996,-0.683549488283319));
#3331=CARTESIAN_POINT('Ctrl Pts',(-6.72582427934335,0.999999999999996,-0.502025990564273));
#3332=CARTESIAN_POINT('Ctrl Pts',(-6.68517057933335,0.999999999999996,-0.275121618415465));
#3333=CARTESIAN_POINT('Ctrl Pts',(-6.68517057933335,0.999999999999996,-0.00283637183689622));
#3334=CARTESIAN_POINT('Ctrl Pts',(-7.17301497945329,-66.1030691173877,-1.12034040466977));
#3335=CARTESIAN_POINT('Ctrl Pts',(-7.17301497945329,66.1030691173877,-1.12034040466977));
#3336=CARTESIAN_POINT('Ctrl Pts',(-7.36304739112791,-66.1030691173877,-1.2536467233072));
#3337=CARTESIAN_POINT('Ctrl Pts',(-7.36304739112791,66.1030691173877,-1.2536467233072));
#3338=CARTESIAN_POINT('Ctrl Pts',(-7.83103765868483,-66.1030691173877,-1.3529173861223));
#3339=CARTESIAN_POINT('Ctrl Pts',(-7.83103765868483,66.1030691173877,-1.3529173861223));
#3340=CARTESIAN_POINT('Ctrl Pts',(-8.14019486573758,-66.1030691173877,-1.3529173861223));
#3341=CARTESIAN_POINT('Ctrl Pts',(-8.14019486573758,66.1030691173877,-1.3529173861223));
#3342=CARTESIAN_POINT('Ctrl Pts',(-8.14019486573758,-1.77635683940025E-14,
-1.3529173861223));
#3343=CARTESIAN_POINT('Ctrl Pts',(-7.83103765868483,-1.77635683940025E-14,
-1.3529173861223));
#3344=CARTESIAN_POINT('Ctrl Pts',(-7.36304739112791,-1.77635683940025E-14,
-1.2536467233072));
#3345=CARTESIAN_POINT('Ctrl Pts',(-7.17301497945329,-1.77635683940025E-14,
-1.12034040466977));
#3346=CARTESIAN_POINT('Ctrl Pts',(-8.14019486573758,0.999999999999996,-1.3529173861223));
#3347=CARTESIAN_POINT('Ctrl Pts',(-7.93409006103575,0.999999999999996,-1.3529173861223));
#3348=CARTESIAN_POINT('Ctrl Pts',(-7.75303928075868,0.999999999999996,-1.33637227565312));
#3349=CARTESIAN_POINT('Ctrl Pts',(-7.59704252490637,0.999999999999996,-1.30328205471475));
#3350=CARTESIAN_POINT('Ctrl Pts',(-7.44104576905407,0.999999999999996,-1.27019183377638));
#3351=CARTESIAN_POINT('Ctrl Pts',(-7.29970325390304,0.999999999999996,-1.20921128376139));
#3352=CARTESIAN_POINT('Ctrl Pts',(-7.17301497945329,0.999999999999996,-1.12034040466977));
#3353=CARTESIAN_POINT('Origin',(-22.5,0.999999999999996,0.));
#3354=CARTESIAN_POINT('Origin',(-22.5,0.999999999999996,0.));
#3355=CARTESIAN_POINT('',(-3.50567306459819,0.999999999999996,-1.75567264668643));
#3356=CARTESIAN_POINT('',(-5.69530025583418,0.999999999999996,-1.75567264668643));
#3357=CARTESIAN_POINT('',(-14.0976501279171,0.999999999999996,-1.75567264668643));
#3358=CARTESIAN_POINT('',(-3.50567306459819,0.999999999999996,-1.34157216751486));
#3359=CARTESIAN_POINT('',(-3.50567306459819,0.999999999999996,-0.877836323343217));
#3360=CARTESIAN_POINT('',(-5.23014629292913,0.999999999999996,-1.34157216751486));
#3361=CARTESIAN_POINT('',(-13.0028365322991,0.999999999999996,-1.34157216751486));
#3362=CARTESIAN_POINT('',(-5.23014629292913,0.999999999999996,-0.0425446369629379));
#3363=CARTESIAN_POINT('',(-5.23014629292913,0.999999999999996,-0.670786083757431));
#3364=CARTESIAN_POINT('',(-3.62196155532445,0.999999999999996,-0.0425446369629379));
#3365=CARTESIAN_POINT('',(-13.8650731464646,0.999999999999996,-0.0425446369629379));
#3366=CARTESIAN_POINT('',(-3.62196155532445,0.999999999999996,0.371555842208635));
#3367=CARTESIAN_POINT('',(-3.62196155532445,0.999999999999996,-0.0212723184814689));
#3368=CARTESIAN_POINT('',(-5.23014629292913,0.999999999999996,0.371555842208635));
#3369=CARTESIAN_POINT('',(-13.0609807776622,0.999999999999996,0.371555842208635));
#3370=CARTESIAN_POINT('',(-5.23014629292913,0.999999999999996,1.33022681453735));
#3371=CARTESIAN_POINT('',(-5.23014629292913,0.999999999999996,0.185777921104318));
#3372=CARTESIAN_POINT('',(-3.50567306459819,0.999999999999996,1.33022681453735));
#3373=CARTESIAN_POINT('',(-13.8650731464646,0.999999999999996,1.33022681453735));
#3374=CARTESIAN_POINT('',(-3.50567306459819,0.999999999999996,1.74432729370892));
#3375=CARTESIAN_POINT('',(-3.50567306459819,0.999999999999996,0.665113407268674));
#3376=CARTESIAN_POINT('',(-5.69530025583418,0.999999999999996,1.74432729370892));
#3377=CARTESIAN_POINT('',(-13.0028365322991,0.999999999999996,1.74432729370892));
#3378=CARTESIAN_POINT('',(-5.69530025583418,0.999999999999996,0.87216364685446));
#3379=CARTESIAN_POINT('Origin',(-3.62196155532445,-66.1030691173877,-0.0425446369629379));
#3380=CARTESIAN_POINT('',(-3.62196155532445,0.,0.371555842208635));
#3381=CARTESIAN_POINT('',(-3.62196155532445,0.,-0.0425446369629379));
#3382=CARTESIAN_POINT('',(-3.62196155532445,-4.44089209850063E-15,-0.0212723184814689));
#3383=CARTESIAN_POINT('',(-3.62196155532445,-66.1030691173877,0.371555842208635));
#3384=CARTESIAN_POINT('',(-3.62196155532445,-66.1030691173877,-0.0425446369629379));
#3385=CARTESIAN_POINT('Origin',(-5.23014629292913,-66.1030691173877,-0.0425446369629379));
#3386=CARTESIAN_POINT('',(-5.23014629292913,0.,-0.0425446369629379));
#3387=CARTESIAN_POINT('',(-13.8650731464646,-4.44089209850063E-15,-0.0425446369629379));
#3388=CARTESIAN_POINT('',(-5.23014629292913,-66.1030691173877,-0.0425446369629379));
#3389=CARTESIAN_POINT('Origin',(-5.23014629292913,-66.1030691173877,-1.34157216751486));
#3390=CARTESIAN_POINT('',(-5.23014629292913,0.,-1.34157216751486));
#3391=CARTESIAN_POINT('',(-5.23014629292912,-4.44089209850063E-15,-0.670786083757431));
#3392=CARTESIAN_POINT('',(-5.23014629292913,-66.1030691173877,-1.34157216751486));
#3393=CARTESIAN_POINT('Origin',(-3.50567306459819,-66.1030691173877,-1.34157216751486));
#3394=CARTESIAN_POINT('',(-3.50567306459819,0.,-1.34157216751486));
#3395=CARTESIAN_POINT('',(-13.0028365322991,-4.44089209850063E-15,-1.34157216751486));
#3396=CARTESIAN_POINT('',(-3.50567306459819,-66.1030691173877,-1.34157216751486));
#3397=CARTESIAN_POINT('Origin',(-3.50567306459819,-66.1030691173877,-1.75567264668643));
#3398=CARTESIAN_POINT('',(-3.50567306459819,0.,-1.75567264668643));
#3399=CARTESIAN_POINT('',(-3.50567306459819,-4.44089209850063E-15,-0.877836323343217));
#3400=CARTESIAN_POINT('',(-3.50567306459819,-66.1030691173877,-1.75567264668643));
#3401=CARTESIAN_POINT('Origin',(-5.69530025583418,-66.1030691173877,-1.75567264668643));
#3402=CARTESIAN_POINT('',(-5.69530025583418,0.,-1.75567264668643));
#3403=CARTESIAN_POINT('',(-14.0976501279171,-4.44089209850063E-15,-1.75567264668643));
#3404=CARTESIAN_POINT('',(-5.69530025583418,-66.1030691173877,-1.75567264668643));
#3405=CARTESIAN_POINT('Origin',(-3.62196155532445,-66.1030691173877,0.371555842208635));
#3406=CARTESIAN_POINT('',(-5.23014629292913,0.,0.371555842208635));
#3407=CARTESIAN_POINT('',(-13.0609807776622,-4.44089209850063E-15,0.371555842208635));
#3408=CARTESIAN_POINT('',(-5.23014629292913,-66.1030691173877,0.371555842208635));
#3409=CARTESIAN_POINT('Origin',(-5.23014629292913,-66.1030691173877,0.371555842208635));
#3410=CARTESIAN_POINT('',(-5.23014629292913,0.,1.33022681453735));
#3411=CARTESIAN_POINT('',(-5.23014629292912,-4.44089209850063E-15,0.185777921104318));
#3412=CARTESIAN_POINT('',(-5.23014629292913,-66.1030691173877,1.33022681453735));
#3413=CARTESIAN_POINT('Origin',(-5.23014629292913,-66.1030691173877,1.33022681453735));
#3414=CARTESIAN_POINT('',(-3.50567306459819,0.,1.33022681453735));
#3415=CARTESIAN_POINT('',(-13.8650731464646,-4.44089209850063E-15,1.33022681453735));
#3416=CARTESIAN_POINT('',(-3.50567306459819,-66.1030691173877,1.33022681453735));
#3417=CARTESIAN_POINT('Origin',(-3.50567306459819,-66.1030691173877,1.33022681453735));
#3418=CARTESIAN_POINT('',(-3.50567306459819,0.,1.74432729370892));
#3419=CARTESIAN_POINT('',(-3.50567306459819,-4.44089209850063E-15,0.665113407268674));
#3420=CARTESIAN_POINT('',(-3.50567306459819,-66.1030691173877,1.74432729370892));
#3421=CARTESIAN_POINT('Origin',(-3.50567306459819,-66.1030691173877,1.74432729370892));
#3422=CARTESIAN_POINT('',(-5.69530025583418,0.,1.74432729370892));
#3423=CARTESIAN_POINT('',(-13.0028365322991,-4.44089209850063E-15,1.74432729370892));
#3424=CARTESIAN_POINT('',(-5.69530025583418,-66.1030691173877,1.74432729370892));
#3425=CARTESIAN_POINT('Origin',(-5.69530025583418,-66.1030691173877,1.74432729370892));
#3426=CARTESIAN_POINT('',(-5.69530025583418,-4.44089209850063E-15,0.87216364685446));
#3427=CARTESIAN_POINT('Ctrl Pts',(-1.62803938506681,-66.1030691173877,-1.81807134902736));
#3428=CARTESIAN_POINT('Ctrl Pts',(-1.62803938506681,66.1030691173877,-1.81807134902736));
#3429=CARTESIAN_POINT('Ctrl Pts',(-1.96839594329002,-66.1030691173877,-1.81807134902736));
#3430=CARTESIAN_POINT('Ctrl Pts',(-1.96839594329002,66.1030691173877,-1.81807134902736));
#3431=CARTESIAN_POINT('Ctrl Pts',(-2.54416578761762,-66.1030691173877,-1.58833067222669));
#3432=CARTESIAN_POINT('Ctrl Pts',(-2.54416578761762,66.1030691173877,-1.58833067222669));
#3433=CARTESIAN_POINT('Ctrl Pts',(-2.75405233185526,-66.1030691173877,-1.35858999542602));
#3434=CARTESIAN_POINT('Ctrl Pts',(-2.75405233185526,66.1030691173877,-1.35858999542602));
#3435=CARTESIAN_POINT('',(-1.62803938506681,0.,-1.81807134902736));
#3436=CARTESIAN_POINT('',(-2.75405233185526,0.,-1.35858999542602));
#3437=CARTESIAN_POINT('Ctrl Pts',(-1.62803938506681,-1.77635683940025E-14,
-1.81807134902736));
#3438=CARTESIAN_POINT('Ctrl Pts',(-1.96839594329002,-1.77635683940025E-14,
-1.81807134902736));
#3439=CARTESIAN_POINT('Ctrl Pts',(-2.54416578761762,-1.77635683940025E-14,
-1.58833067222669));
#3440=CARTESIAN_POINT('Ctrl Pts',(-2.75405233185526,-1.77635683940025E-14,
-1.35858999542602));
#3441=CARTESIAN_POINT('',(-1.62803938506681,0.999999999999996,-1.81807134902736));
#3442=CARTESIAN_POINT('',(-1.62803938506681,-66.1030691173877,-1.81807134902736));
#3443=CARTESIAN_POINT('',(-2.75405233185526,0.999999999999996,-1.35858999542602));
#3444=CARTESIAN_POINT('Ctrl Pts',(-1.62803938506681,0.999999999999996,-1.81807134902736));
#3445=CARTESIAN_POINT('Ctrl Pts',(-1.85494375721561,0.999999999999996,-1.81807134902736));
#3446=CARTESIAN_POINT('Ctrl Pts',(-2.06435758401128,0.999999999999996,-1.77978123622725));
#3447=CARTESIAN_POINT('Ctrl Pts',(-2.25628086545382,0.999999999999996,-1.70320101062702));
#3448=CARTESIAN_POINT('Ctrl Pts',(-2.44820414689635,0.999999999999996,-1.6266207850268));
#3449=CARTESIAN_POINT('Ctrl Pts',(-2.61412796903016,0.999999999999996,-1.51175044662647));
#3450=CARTESIAN_POINT('Ctrl Pts',(-2.75405233185526,0.999999999999996,-1.35858999542602));
#3451=CARTESIAN_POINT('',(-2.75405233185526,-66.1030691173877,-1.35858999542602));
#3452=CARTESIAN_POINT('Ctrl Pts',(-2.75405233185526,-66.1030691173877,-1.35858999542602));
#3453=CARTESIAN_POINT('Ctrl Pts',(-2.75405233185526,66.1030691173877,-1.35858999542602));
#3454=CARTESIAN_POINT('Ctrl Pts',(-2.96393887609291,-66.1030691173877,-1.13168562327721));
#3455=CARTESIAN_POINT('Ctrl Pts',(-2.96393887609291,66.1030691173877,-1.13168562327721));
#3456=CARTESIAN_POINT('Ctrl Pts',(-3.19367955289358,-66.1030691173877,-0.450972506830791));
#3457=CARTESIAN_POINT('Ctrl Pts',(-3.19367955289358,66.1030691173877,-0.450972506830791));
#3458=CARTESIAN_POINT('Ctrl Pts',(-3.19367955289358,-66.1030691173877,-0.00850898114061804));
#3459=CARTESIAN_POINT('Ctrl Pts',(-3.19367955289358,66.1030691173877,-0.00850898114061804));
#3460=CARTESIAN_POINT('',(-3.19367955289358,0.,-0.00850898114061815));
#3461=CARTESIAN_POINT('Ctrl Pts',(-2.75405233185526,-8.88178419700125E-15,
-1.35858999542602));
#3462=CARTESIAN_POINT('Ctrl Pts',(-2.96393887609291,-8.88178419700125E-15,
-1.13168562327721));
#3463=CARTESIAN_POINT('Ctrl Pts',(-3.19367955289358,-8.88178419700125E-15,
-0.450972506830791));
#3464=CARTESIAN_POINT('Ctrl Pts',(-3.19367955289358,-8.88178419700125E-15,
-0.00850898114061804));
#3465=CARTESIAN_POINT('',(-3.19367955289358,0.999999999999996,-0.00850898114061815));
#3466=CARTESIAN_POINT('Ctrl Pts',(-2.75405233185526,0.999999999999996,-1.35858999542602));
#3467=CARTESIAN_POINT('Ctrl Pts',(-2.89397669468036,0.999999999999996,-1.20732041399348));
#3468=CARTESIAN_POINT('Ctrl Pts',(-3.00222898889302,0.999999999999996,-1.01823343720281));
#3469=CARTESIAN_POINT('Ctrl Pts',(-3.07880921449324,0.999999999999996,-0.791329065054003));
#3470=CARTESIAN_POINT('Ctrl Pts',(-3.15538944009347,0.999999999999996,-0.564424692905195));
#3471=CARTESIAN_POINT('Ctrl Pts',(-3.19367955289358,0.999999999999996,-0.303484664934067));
#3472=CARTESIAN_POINT('Ctrl Pts',(-3.19367955289358,0.999999999999996,-0.00850898114061804));
#3473=CARTESIAN_POINT('',(-3.19367955289358,-66.1030691173877,-0.00850898114061815));
#3474=CARTESIAN_POINT('Ctrl Pts',(-3.19367955289358,-66.1030691173877,-0.00850898114061804));
#3475=CARTESIAN_POINT('Ctrl Pts',(-3.19367955289358,66.1030691173877,-0.00850898114061804));
#3476=CARTESIAN_POINT('Ctrl Pts',(-3.19367955289358,-66.1030691173877,0.431118239897696));
#3477=CARTESIAN_POINT('Ctrl Pts',(-3.19367955289358,66.1030691173877,0.431118239897696));
#3478=CARTESIAN_POINT('Ctrl Pts',(-2.96961148539663,-66.1030691173877,1.08346830982552));
#3479=CARTESIAN_POINT('Ctrl Pts',(-2.96961148539663,66.1030691173877,1.08346830982552));
#3480=CARTESIAN_POINT('Ctrl Pts',(-2.75688863650712,-66.1030691173877,1.32455420523363));
#3481=CARTESIAN_POINT('Ctrl Pts',(-2.75688863650712,66.1030691173877,1.32455420523363));
#3482=CARTESIAN_POINT('',(-2.75688863650712,0.,1.32455420523363));
#3483=CARTESIAN_POINT('Ctrl Pts',(-3.19367955289358,-8.88178419700125E-15,
-0.00850898114061804));
#3484=CARTESIAN_POINT('Ctrl Pts',(-3.19367955289358,-8.88178419700125E-15,
0.431118239897696));
#3485=CARTESIAN_POINT('Ctrl Pts',(-2.96961148539663,-8.88178419700125E-15,
1.08346830982552));
#3486=CARTESIAN_POINT('Ctrl Pts',(-2.75688863650712,-8.88178419700125E-15,
1.32455420523363));
#3487=CARTESIAN_POINT('',(-2.75688863650712,0.999999999999996,1.32455420523363));
#3488=CARTESIAN_POINT('Ctrl Pts',(-3.19367955289358,0.999999999999996,-0.00850898114061804));
#3489=CARTESIAN_POINT('Ctrl Pts',(-3.19367955289358,0.999999999999996,0.284575832884925));
#3490=CARTESIAN_POINT('Ctrl Pts',(-3.15633487497742,0.999999999999996,0.539843251552334));
#3491=CARTESIAN_POINT('Ctrl Pts',(-3.0816455191451,0.999999999999996,0.757293274861608));
#3492=CARTESIAN_POINT('Ctrl Pts',(-3.00695616331279,0.999999999999996,0.974743298170882));
#3493=CARTESIAN_POINT('Ctrl Pts',(-2.89870386910013,0.999999999999996,1.16383027496155));
#3494=CARTESIAN_POINT('Ctrl Pts',(-2.75688863650712,0.999999999999996,1.32455420523363));
#3495=CARTESIAN_POINT('',(-2.75688863650712,-66.1030691173877,1.32455420523363));
#3496=CARTESIAN_POINT('Ctrl Pts',(-2.75688863650712,-66.1030691173877,1.32455420523363));
#3497=CARTESIAN_POINT('Ctrl Pts',(-2.75688863650712,66.1030691173877,1.32455420523363));
#3498=CARTESIAN_POINT('Ctrl Pts',(-2.54700209226948,-66.1030691173877,1.55996749133801));
#3499=CARTESIAN_POINT('Ctrl Pts',(-2.54700209226948,66.1030691173877,1.55996749133801));
#3500=CARTESIAN_POINT('Ctrl Pts',(-1.97406855259374,-66.1030691173877,1.80672599604984));
#3501=CARTESIAN_POINT('Ctrl Pts',(-1.97406855259374,66.1030691173877,1.80672599604984));
#3502=CARTESIAN_POINT('Ctrl Pts',(-1.61953047111123,-66.1030691173877,1.80672599604984));
#3503=CARTESIAN_POINT('Ctrl Pts',(-1.61953047111123,66.1030691173877,1.80672599604984));
#3504=CARTESIAN_POINT('',(-1.61953047111123,0.,1.80672599604984));
#3505=CARTESIAN_POINT('Ctrl Pts',(-2.75688863650712,-8.88178419700125E-15,
1.32455420523363));
#3506=CARTESIAN_POINT('Ctrl Pts',(-2.54700209226948,-8.88178419700125E-15,
1.55996749133801));
#3507=CARTESIAN_POINT('Ctrl Pts',(-1.97406855259374,-8.88178419700125E-15,
1.80672599604984));
#3508=CARTESIAN_POINT('Ctrl Pts',(-1.61953047111123,-8.88178419700125E-15,
1.80672599604984));
#3509=CARTESIAN_POINT('',(-1.61953047111123,0.999999999999996,1.80672599604984));
#3510=CARTESIAN_POINT('Ctrl Pts',(-2.75688863650712,0.999999999999996,1.32455420523363));
#3511=CARTESIAN_POINT('Ctrl Pts',(-2.61696427368203,0.999999999999996,1.48149639596988));
#3512=CARTESIAN_POINT('Ctrl Pts',(-2.45151316899019,0.999999999999996,1.60109390878999));
#3513=CARTESIAN_POINT('Ctrl Pts',(-2.26053532243161,0.999999999999996,1.68334674369393));
#3514=CARTESIAN_POINT('Ctrl Pts',(-2.06955747587303,0.999999999999996,1.76559957859787));
#3515=CARTESIAN_POINT('Ctrl Pts',(-1.85588919209957,0.999999999999996,1.80672599604984));
#3516=CARTESIAN_POINT('Ctrl Pts',(-1.61953047111123,0.999999999999996,1.80672599604984));
#3517=CARTESIAN_POINT('',(-1.61953047111123,-66.1030691173877,1.80672599604984));
#3518=CARTESIAN_POINT('Ctrl Pts',(-1.61953047111123,-66.1030691173877,1.80672599604984));
#3519=CARTESIAN_POINT('Ctrl Pts',(-1.61953047111123,66.1030691173877,1.80672599604984));
#3520=CARTESIAN_POINT('Ctrl Pts',(-1.4436795826959,-66.1030691173877,1.80672599604984));
#3521=CARTESIAN_POINT('Ctrl Pts',(-1.4436795826959,66.1030691173877,1.80672599604984));
#3522=CARTESIAN_POINT('Ctrl Pts',(-1.13452237564315,-66.1030691173877,1.75567251231636));
#3523=CARTESIAN_POINT('Ctrl Pts',(-1.13452237564315,66.1030691173877,1.75567251231636));
#3524=CARTESIAN_POINT('Ctrl Pts',(-1.00405236165759,-66.1030691173877,1.71596424719032));
#3525=CARTESIAN_POINT('Ctrl Pts',(-1.00405236165759,66.1030691173877,1.71596424719032));
#3526=CARTESIAN_POINT('',(-1.00405236165759,0.,1.71596424719032));
#3527=CARTESIAN_POINT('Ctrl Pts',(-1.61953047111123,-8.88178419700125E-15,
1.80672599604984));
#3528=CARTESIAN_POINT('Ctrl Pts',(-1.4436795826959,-8.88178419700125E-15,
1.80672599604984));
#3529=CARTESIAN_POINT('Ctrl Pts',(-1.13452237564315,-8.88178419700125E-15,
1.75567251231636));
#3530=CARTESIAN_POINT('Ctrl Pts',(-1.00405236165759,-8.88178419700125E-15,
1.71596424719032));
#3531=CARTESIAN_POINT('',(-1.00405236165759,0.999999999999996,1.71596424719032));
#3532=CARTESIAN_POINT('Ctrl Pts',(-1.61953047111123,0.999999999999996,1.80672599604984));
#3533=CARTESIAN_POINT('Ctrl Pts',(-1.50229654550101,0.999999999999996,1.80672599604984));
#3534=CARTESIAN_POINT('Ctrl Pts',(-1.39215338152044,0.999999999999996,1.79821708209426));
#3535=CARTESIAN_POINT('Ctrl Pts',(-1.28910097916953,0.999999999999996,1.7811992541831));
#3536=CARTESIAN_POINT('Ctrl Pts',(-1.18604857681861,0.999999999999996,1.76418142627194));
#3537=CARTESIAN_POINT('Ctrl Pts',(-1.0910323709813,0.999999999999996,1.74243642394101));
#3538=CARTESIAN_POINT('Ctrl Pts',(-1.00405236165759,0.999999999999996,1.71596424719032));
#3539=CARTESIAN_POINT('',(-1.00405236165759,-66.1030691173877,1.71596424719032));
#3540=CARTESIAN_POINT('Ctrl Pts',(-1.00405236165759,-66.1030691173877,1.71596424719032));
#3541=CARTESIAN_POINT('Ctrl Pts',(-1.00405236165759,66.1030691173877,1.71596424719032));
#3542=CARTESIAN_POINT('Ctrl Pts',(-0.890600175583183,-66.1030691173877,
1.67909228671614));
#3543=CARTESIAN_POINT('Ctrl Pts',(-0.890600175583183,66.1030691173877,1.67909228671614));
#3544=CARTESIAN_POINT('Ctrl Pts',(-0.655186889478796,-66.1030691173877,
1.57414901459731));
#3545=CARTESIAN_POINT('Ctrl Pts',(-0.655186889478796,66.1030691173877,1.57414901459731));
#3546=CARTESIAN_POINT('Ctrl Pts',(-0.538898398752532,-66.1030691173877,
1.51175031225639));
#3547=CARTESIAN_POINT('Ctrl Pts',(-0.538898398752532,66.1030691173877,1.51175031225639));
#3548=CARTESIAN_POINT('',(-0.538898398752532,0.,1.51175031225639));
#3549=CARTESIAN_POINT('Ctrl Pts',(-1.00405236165759,-8.88178419700125E-15,
1.71596424719032));
#3550=CARTESIAN_POINT('Ctrl Pts',(-0.890600175583183,-8.88178419700125E-15,
1.67909228671614));
#3551=CARTESIAN_POINT('Ctrl Pts',(-0.655186889478796,-8.88178419700125E-15,
1.57414901459731));
#3552=CARTESIAN_POINT('Ctrl Pts',(-0.538898398752532,-8.88178419700125E-15,
1.51175031225639));
#3553=CARTESIAN_POINT('',(-0.538898398752532,0.999999999999996,1.51175031225639));
#3554=CARTESIAN_POINT('Ctrl Pts',(-1.00405236165759,0.999999999999996,1.71596424719032));
#3555=CARTESIAN_POINT('Ctrl Pts',(-0.928417570941317,0.999999999999996,
1.69138294020753));
#3556=CARTESIAN_POINT('Ctrl Pts',(-0.851364627899118,0.999999999999996,
1.661601741363));
#3557=CARTESIAN_POINT('Ctrl Pts',(-0.772893532530989,0.999999999999996,
1.62662065065673));
#3558=CARTESIAN_POINT('Ctrl Pts',(-0.69442243716286,0.999999999999996,1.59163955995045));
#3559=CARTESIAN_POINT('Ctrl Pts',(-0.616424059236708,0.999999999999996,
1.55334944715034));
#3560=CARTESIAN_POINT('Ctrl Pts',(-0.538898398752532,0.999999999999996,
1.51175031225639));
#3561=CARTESIAN_POINT('',(-0.538898398752532,-66.1030691173877,1.51175031225639));
#3562=CARTESIAN_POINT('Origin',(-0.538898398752532,-66.1030691173877,0.950161991188094));
#3563=CARTESIAN_POINT('',(-0.538898398752532,0.,0.950161991188094));
#3564=CARTESIAN_POINT('',(-0.538898398752532,-4.44089209850063E-15,0.475080995594047));
#3565=CARTESIAN_POINT('',(-0.538898398752532,0.999999999999996,0.950161991188094));
#3566=CARTESIAN_POINT('',(-0.538898398752532,0.999999999999996,0.475080995594047));
#3567=CARTESIAN_POINT('',(-0.538898398752532,-66.1030691173877,0.950161991188094));
#3568=CARTESIAN_POINT('Origin',(-0.575770359226713,-66.1030691173877,0.950161991188094));
#3569=CARTESIAN_POINT('',(-0.575770359226713,0.,0.950161991188094));
#3570=CARTESIAN_POINT('',(-11.5378851796134,-4.44089209850063E-15,0.950161991188094));
#3571=CARTESIAN_POINT('',(-0.575770359226713,0.999999999999996,0.950161991188094));
#3572=CARTESIAN_POINT('',(-11.5378851796134,0.999999999999996,0.950161991188094));
#3573=CARTESIAN_POINT('',(-0.575770359226713,-66.1030691173877,0.950161991188094));
#3574=CARTESIAN_POINT('Ctrl Pts',(-0.575770359226713,-66.1030691173877,
0.950161991188094));
#3575=CARTESIAN_POINT('Ctrl Pts',(-0.575770359226713,66.1030691173877,0.950161991188094));
#3576=CARTESIAN_POINT('Ctrl Pts',(-0.638169061567635,-66.1030691173877,
1.0068880842253));
#3577=CARTESIAN_POINT('Ctrl Pts',(-0.638169061567635,66.1030691173877,1.0068880842253));
#3578=CARTESIAN_POINT('Ctrl Pts',(-0.831037777894121,-66.1030691173877,
1.16572114472946));
#3579=CARTESIAN_POINT('Ctrl Pts',(-0.831037777894121,66.1030691173877,1.16572114472946));
#3580=CARTESIAN_POINT('Ctrl Pts',(-0.970016705835266,-66.1030691173877,
1.24230137032968));
#3581=CARTESIAN_POINT('Ctrl Pts',(-0.970016705835266,66.1030691173877,1.24230137032968));
#3582=CARTESIAN_POINT('',(-0.970016705835266,0.,1.24230137032968));
#3583=CARTESIAN_POINT('Ctrl Pts',(-0.575770359226713,-8.88178419700125E-15,
0.950161991188094));
#3584=CARTESIAN_POINT('Ctrl Pts',(-0.638169061567635,-8.88178419700125E-15,
1.0068880842253));
#3585=CARTESIAN_POINT('Ctrl Pts',(-0.831037777894121,-8.88178419700125E-15,
1.16572114472946));
#3586=CARTESIAN_POINT('Ctrl Pts',(-0.970016705835266,-8.88178419700125E-15,
1.24230137032968));
#3587=CARTESIAN_POINT('',(-0.970016705835266,0.999999999999996,1.24230137032968));
#3588=CARTESIAN_POINT('Ctrl Pts',(-0.575770359226713,0.999999999999996,
0.950161991188094));
#3589=CARTESIAN_POINT('Ctrl Pts',(-0.617369494120661,0.999999999999996,
0.987979386546229));
#3590=CARTESIAN_POINT('Ctrl Pts',(-0.670313847622049,0.999999999999996,
1.03336026097599));
#3591=CARTESIAN_POINT('Ctrl Pts',(-0.734603419730878,0.999999999999996,
1.08630461447738));
#3592=CARTESIAN_POINT('Ctrl Pts',(-0.798892991839707,0.999999999999996,
1.13924896797877));
#3593=CARTESIAN_POINT('Ctrl Pts',(-0.877364087207836,0.999999999999996,
1.1912478865962));
#3594=CARTESIAN_POINT('Ctrl Pts',(-0.970016705835266,0.999999999999996,
1.24230137032968));
#3595=CARTESIAN_POINT('',(-0.970016705835266,-66.1030691173877,1.24230137032968));
#3596=CARTESIAN_POINT('Ctrl Pts',(-0.970016705835266,-66.1030691173877,
1.24230137032968));
#3597=CARTESIAN_POINT('Ctrl Pts',(-0.970016705835266,66.1030691173877,1.24230137032968));
#3598=CARTESIAN_POINT('Ctrl Pts',(-1.10332302447269,-66.1030691173877,1.31604529127805));
#3599=CARTESIAN_POINT('Ctrl Pts',(-1.10332302447269,66.1030691173877,1.31604529127805));
#3600=CARTESIAN_POINT('Ctrl Pts',(-1.41815284082916,-66.1030691173877,1.40964334478943));
#3601=CARTESIAN_POINT('Ctrl Pts',(-1.41815284082916,66.1030691173877,1.40964334478943));
#3602=CARTESIAN_POINT('Ctrl Pts',(-1.62236677576309,-66.1030691173877,1.40964334478943));
#3603=CARTESIAN_POINT('Ctrl Pts',(-1.62236677576309,66.1030691173877,1.40964334478943));
#3604=CARTESIAN_POINT('',(-1.62236677576309,0.,1.40964334478943));
#3605=CARTESIAN_POINT('Ctrl Pts',(-0.970016705835266,-8.88178419700125E-15,
1.24230137032968));
#3606=CARTESIAN_POINT('Ctrl Pts',(-1.10332302447269,-8.88178419700125E-15,
1.31604529127805));
#3607=CARTESIAN_POINT('Ctrl Pts',(-1.41815284082916,-8.88178419700125E-15,
1.40964334478943));
#3608=CARTESIAN_POINT('Ctrl Pts',(-1.62236677576309,-8.88178419700125E-15,
1.40964334478943));
#3609=CARTESIAN_POINT('',(-1.62236677576309,0.999999999999996,1.40964334478943));
#3610=CARTESIAN_POINT('Ctrl Pts',(-0.970016705835266,0.999999999999996,
1.24230137032968));
#3611=CARTESIAN_POINT('Ctrl Pts',(-1.05888758492688,0.999999999999996,1.29146398429526));
#3612=CARTESIAN_POINT('Ctrl Pts',(-1.1557946605321,0.999999999999996,1.33164496686328));
#3613=CARTESIAN_POINT('Ctrl Pts',(-1.26073793265092,0.999999999999996,1.36284431803374));
#3614=CARTESIAN_POINT('Ctrl Pts',(-1.36568120476975,0.999999999999996,1.3940436692042));
#3615=CARTESIAN_POINT('Ctrl Pts',(-1.4862241524738,0.999999999999996,1.40964334478943));
#3616=CARTESIAN_POINT('Ctrl Pts',(-1.62236677576309,0.999999999999996,1.40964334478943));
#3617=CARTESIAN_POINT('',(-1.62236677576309,-66.1030691173877,1.40964334478943));
#3618=CARTESIAN_POINT('Ctrl Pts',(-1.00405236165759,-66.1030691173877,-1.71596438156039));
#3619=CARTESIAN_POINT('Ctrl Pts',(-1.00405236165759,66.1030691173877,-1.71596438156039));
#3620=CARTESIAN_POINT('Ctrl Pts',(-1.15721281285803,-66.1030691173877,-1.76701786529388));
#3621=CARTESIAN_POINT('Ctrl Pts',(-1.15721281285803,66.1030691173877,-1.76701786529388));
#3622=CARTESIAN_POINT('Ctrl Pts',(-1.41815284082916,-66.1030691173877,-1.81807134902736));
#3623=CARTESIAN_POINT('Ctrl Pts',(-1.41815284082916,66.1030691173877,-1.81807134902736));
#3624=CARTESIAN_POINT('Ctrl Pts',(-1.62803938506681,-66.1030691173877,-1.81807134902736));
#3625=CARTESIAN_POINT('Ctrl Pts',(-1.62803938506681,66.1030691173877,-1.81807134902736));
#3626=CARTESIAN_POINT('',(-1.00405236165759,0.,-1.71596438156039));
#3627=CARTESIAN_POINT('Ctrl Pts',(-1.00405236165759,-8.88178419700125E-15,
-1.71596438156039));
#3628=CARTESIAN_POINT('Ctrl Pts',(-1.15721281285803,-8.88178419700125E-15,
-1.76701786529388));
#3629=CARTESIAN_POINT('Ctrl Pts',(-1.41815284082916,-8.88178419700125E-15,
-1.81807134902736));
#3630=CARTESIAN_POINT('Ctrl Pts',(-1.62803938506681,-8.88178419700125E-15,
-1.81807134902736));
#3631=CARTESIAN_POINT('',(-1.00405236165759,0.999999999999996,-1.71596438156039));
#3632=CARTESIAN_POINT('',(-1.00405236165759,-66.1030691173877,-1.71596438156039));
#3633=CARTESIAN_POINT('Ctrl Pts',(-1.00405236165759,0.999999999999996,-1.71596438156039));
#3634=CARTESIAN_POINT('Ctrl Pts',(-1.10615932912455,0.999999999999996,-1.75000003738272));
#3635=CARTESIAN_POINT('Ctrl Pts',(-1.20070281751989,0.999999999999996,-1.77552677924946));
#3636=CARTESIAN_POINT('Ctrl Pts',(-1.2876828268436,0.999999999999996,-1.79254460716062));
#3637=CARTESIAN_POINT('Ctrl Pts',(-1.37466283616731,0.999999999999996,-1.80956243507178));
#3638=CARTESIAN_POINT('Ctrl Pts',(-1.48811502224171,0.999999999999996,-1.81807134902736));
#3639=CARTESIAN_POINT('Ctrl Pts',(-1.62803938506681,0.999999999999996,-1.81807134902736));
#3640=CARTESIAN_POINT('Ctrl Pts',(-0.538898398752532,-66.1030691173877,
-1.51742305593019));
#3641=CARTESIAN_POINT('Ctrl Pts',(-0.538898398752532,66.1030691173877,-1.51742305593019));
#3642=CARTESIAN_POINT('Ctrl Pts',(-0.655186889478796,-66.1030691173877,
-1.57131284431553));
#3643=CARTESIAN_POINT('Ctrl Pts',(-0.655186889478796,66.1030691173877,-1.57131284431553));
#3644=CARTESIAN_POINT('Ctrl Pts',(-0.859400824412722,-66.1030691173877,
-1.67058350713063));
#3645=CARTESIAN_POINT('Ctrl Pts',(-0.859400824412722,66.1030691173877,-1.67058350713063));
#3646=CARTESIAN_POINT('Ctrl Pts',(-1.00405236165759,-66.1030691173877,-1.71596438156039));
#3647=CARTESIAN_POINT('Ctrl Pts',(-1.00405236165759,66.1030691173877,-1.71596438156039));
#3648=CARTESIAN_POINT('',(-0.538898398752532,0.,-1.51742305593019));
#3649=CARTESIAN_POINT('Ctrl Pts',(-0.538898398752532,-8.88178419700125E-15,
-1.51742305593019));
#3650=CARTESIAN_POINT('Ctrl Pts',(-0.655186889478796,-8.88178419700125E-15,
-1.57131284431553));
#3651=CARTESIAN_POINT('Ctrl Pts',(-0.859400824412722,-8.88178419700125E-15,
-1.67058350713063));
#3652=CARTESIAN_POINT('Ctrl Pts',(-1.00405236165759,-8.88178419700125E-15,
-1.71596438156039));
#3653=CARTESIAN_POINT('',(-0.538898398752532,0.999999999999996,-1.51742305593019));
#3654=CARTESIAN_POINT('',(-0.538898398752532,-66.1030691173877,-1.51742305593019));
#3655=CARTESIAN_POINT('Ctrl Pts',(-0.538898398752532,0.999999999999996,
-1.51742305593019));
#3656=CARTESIAN_POINT('Ctrl Pts',(-0.616424059236708,0.999999999999996,
-1.55334958152041));
#3657=CARTESIAN_POINT('Ctrl Pts',(-0.689222545301117,0.999999999999996,
-1.58785795478471));
#3658=CARTESIAN_POINT('Ctrl Pts',(-0.757293856945759,0.999999999999996,
-1.62094817572308));
#3659=CARTESIAN_POINT('Ctrl Pts',(-0.825365168590401,0.999999999999996,
-1.65403839666145));
#3660=CARTESIAN_POINT('Ctrl Pts',(-0.907618003494343,0.999999999999996,
-1.68571046527389));
#3661=CARTESIAN_POINT('Ctrl Pts',(-1.00405236165759,0.999999999999996,-1.71596438156039));
#3662=CARTESIAN_POINT('Origin',(-0.538898398752532,-66.1030691173877,-1.51742305593019));
#3663=CARTESIAN_POINT('',(-0.538898398752532,0.,-0.961507344165609));
#3664=CARTESIAN_POINT('',(-0.538898398752532,-4.44089209850063E-15,-0.758711527965094));
#3665=CARTESIAN_POINT('',(-0.538898398752532,0.999999999999996,-0.961507344165609));
#3666=CARTESIAN_POINT('',(-0.538898398752532,-66.1030691173877,-0.961507344165609));
#3667=CARTESIAN_POINT('',(-0.538898398752532,0.999999999999996,-0.758711527965094));
#3668=CARTESIAN_POINT('Origin',(-0.538898398752532,-66.1030691173877,-0.961507344165609));
#3669=CARTESIAN_POINT('',(-0.572934054574852,0.,-0.961507344165609));
#3670=CARTESIAN_POINT('',(-11.5194491993763,-4.44089209850063E-15,-0.961507344165609));
#3671=CARTESIAN_POINT('',(-0.572934054574852,0.999999999999996,-0.961507344165609));
#3672=CARTESIAN_POINT('',(-0.572934054574852,-66.1030691173877,-0.961507344165609));
#3673=CARTESIAN_POINT('',(-11.5194491993763,0.999999999999996,-0.961507344165609));
#3674=CARTESIAN_POINT('Ctrl Pts',(-0.944489963968524,-66.1030691173877,
-1.24230150469976));
#3675=CARTESIAN_POINT('Ctrl Pts',(-0.944489963968524,66.1030691173877,-1.24230150469976));
#3676=CARTESIAN_POINT('Ctrl Pts',(-0.816856254634821,-66.1030691173877,
-1.1685575837514));
#3677=CARTESIAN_POINT('Ctrl Pts',(-0.816856254634821,66.1030691173877,-1.1685575837514));
#3678=CARTESIAN_POINT('Ctrl Pts',(-0.626823842960194,-66.1030691173877,
-1.01539713255095));
#3679=CARTESIAN_POINT('Ctrl Pts',(-0.626823842960194,66.1030691173877,-1.01539713255095));
#3680=CARTESIAN_POINT('Ctrl Pts',(-0.572934054574852,-66.1030691173877,
-0.961507344165609));
#3681=CARTESIAN_POINT('Ctrl Pts',(-0.572934054574852,66.1030691173877,-0.961507344165609));
#3682=CARTESIAN_POINT('',(-0.944489963968524,0.,-1.24230150469976));
#3683=CARTESIAN_POINT('Ctrl Pts',(-0.944489963968524,-8.88178419700125E-15,
-1.24230150469976));
#3684=CARTESIAN_POINT('Ctrl Pts',(-0.816856254634821,-8.88178419700125E-15,
-1.1685575837514));
#3685=CARTESIAN_POINT('Ctrl Pts',(-0.626823842960194,-8.88178419700125E-15,
-1.01539713255095));
#3686=CARTESIAN_POINT('Ctrl Pts',(-0.572934054574852,-8.88178419700125E-15,
-0.961507344165609));
#3687=CARTESIAN_POINT('',(-0.944489963968524,0.999999999999996,-1.24230150469976));
#3688=CARTESIAN_POINT('',(-0.944489963968524,-66.1030691173877,-1.24230150469976));
#3689=CARTESIAN_POINT('Ctrl Pts',(-0.944489963968524,0.999999999999996,
-1.24230150469976));
#3690=CARTESIAN_POINT('Ctrl Pts',(-0.859400824412722,0.999999999999996,
-1.19313889073418));
#3691=CARTESIAN_POINT('Ctrl Pts',(-0.785184186022383,0.999999999999996,
-1.14303084188465));
#3692=CARTESIAN_POINT('Ctrl Pts',(-0.721840048797507,0.999999999999996,
-1.09197735815117));
#3693=CARTESIAN_POINT('Ctrl Pts',(-0.658495911572631,0.999999999999996,
-1.04092387441769));
#3694=CARTESIAN_POINT('Ctrl Pts',(-0.60886058016508,0.999999999999996,-0.997433869755836));
#3695=CARTESIAN_POINT('Ctrl Pts',(-0.572934054574852,0.999999999999996,
-0.961507344165609));
#3696=CARTESIAN_POINT('Ctrl Pts',(-1.62236677576309,-66.1030691173877,-1.41531608846322));
#3697=CARTESIAN_POINT('Ctrl Pts',(-1.62236677576309,66.1030691173877,-1.41531608846322));
#3698=CARTESIAN_POINT('Ctrl Pts',(-1.42098914548102,-66.1030691173877,-1.41531608846322));
#3699=CARTESIAN_POINT('Ctrl Pts',(-1.42098914548102,66.1030691173877,-1.41531608846322));
#3700=CARTESIAN_POINT('Ctrl Pts',(-1.07779628260595,-66.1030691173877,-1.31604542564812));
#3701=CARTESIAN_POINT('Ctrl Pts',(-1.07779628260595,66.1030691173877,-1.31604542564812));
#3702=CARTESIAN_POINT('Ctrl Pts',(-0.944489963968524,-66.1030691173877,
-1.24230150469976));
#3703=CARTESIAN_POINT('Ctrl Pts',(-0.944489963968524,66.1030691173877,-1.24230150469976));
#3704=CARTESIAN_POINT('',(-1.62236677576309,0.,-1.41531608846322));
#3705=CARTESIAN_POINT('Ctrl Pts',(-1.62236677576309,-1.77635683940025E-14,
-1.41531608846322));
#3706=CARTESIAN_POINT('Ctrl Pts',(-1.42098914548102,-1.77635683940025E-14,
-1.41531608846322));
#3707=CARTESIAN_POINT('Ctrl Pts',(-1.07779628260595,-1.77635683940025E-14,
-1.31604542564812));
#3708=CARTESIAN_POINT('Ctrl Pts',(-0.944489963968524,-1.77635683940025E-14,
-1.24230150469976));
#3709=CARTESIAN_POINT('',(-1.62236677576309,0.999999999999996,-1.41531608846322));
#3710=CARTESIAN_POINT('',(-1.62236677576309,-66.1030691173877,-1.41531608846322));
#3711=CARTESIAN_POINT('Ctrl Pts',(-1.62236677576309,0.999999999999996,-1.41531608846322));
#3712=CARTESIAN_POINT('Ctrl Pts',(-1.48811502224171,0.999999999999996,-1.41531608846322));
#3713=CARTESIAN_POINT('Ctrl Pts',(-1.36379033500184,0.999999999999996,-1.39877097799404));
#3714=CARTESIAN_POINT('Ctrl Pts',(-1.24939271404348,0.999999999999996,-1.36568075705567));
#3715=CARTESIAN_POINT('Ctrl Pts',(-1.13499509308513,0.999999999999996,-1.3325905361173));
#3716=CARTESIAN_POINT('Ctrl Pts',(-1.03336084306014,0.999999999999996,-1.29146411866533));
#3717=CARTESIAN_POINT('Ctrl Pts',(-0.944489963968524,0.999999999999996,
-1.24230150469976));
#3718=CARTESIAN_POINT('Ctrl Pts',(-2.38533272711345,-66.1030691173877,-1.06645061628443));
#3719=CARTESIAN_POINT('Ctrl Pts',(-2.38533272711345,66.1030691173877,-1.06645061628443));
#3720=CARTESIAN_POINT('Ctrl Pts',(-2.23784488521673,-66.1030691173877,-1.2394652000479));
#3721=CARTESIAN_POINT('Ctrl Pts',(-2.23784488521673,66.1030691173877,-1.2394652000479));
#3722=CARTESIAN_POINT('Ctrl Pts',(-1.84359853860817,-66.1030691173877,-1.41531608846322));
#3723=CARTESIAN_POINT('Ctrl Pts',(-1.84359853860817,66.1030691173877,-1.41531608846322));
#3724=CARTESIAN_POINT('Ctrl Pts',(-1.62236677576309,-66.1030691173877,-1.41531608846322));
#3725=CARTESIAN_POINT('Ctrl Pts',(-1.62236677576309,66.1030691173877,-1.41531608846322));
#3726=CARTESIAN_POINT('',(-2.38533272711345,0.,-1.06645061628443));
#3727=CARTESIAN_POINT('Ctrl Pts',(-2.38533272711345,-8.88178419700125E-15,
-1.06645061628443));
#3728=CARTESIAN_POINT('Ctrl Pts',(-2.23784488521673,-8.88178419700125E-15,
-1.2394652000479));
#3729=CARTESIAN_POINT('Ctrl Pts',(-1.84359853860817,-8.88178419700125E-15,
-1.41531608846322));
#3730=CARTESIAN_POINT('Ctrl Pts',(-1.62236677576309,-8.88178419700125E-15,
-1.41531608846322));
#3731=CARTESIAN_POINT('',(-2.38533272711345,0.999999999999996,-1.06645061628443));
#3732=CARTESIAN_POINT('',(-2.38533272711345,-66.1030691173877,-1.06645061628443));
#3733=CARTESIAN_POINT('Ctrl Pts',(-2.38533272711345,0.999999999999996,-1.06645061628443));
#3734=CARTESIAN_POINT('Ctrl Pts',(-2.2870074991823,0.999999999999996,-1.18179367212674));
#3735=CARTESIAN_POINT('Ctrl Pts',(-2.17213716078197,0.999999999999996,-1.26877368145045));
#3736=CARTESIAN_POINT('Ctrl Pts',(-2.04072171191245,0.999999999999996,-1.32739064425556));
#3737=CARTESIAN_POINT('Ctrl Pts',(-1.90930626304293,0.999999999999996,-1.38600760706067));
#3738=CARTESIAN_POINT('Ctrl Pts',(-1.76985461765981,0.999999999999996,-1.41531608846322));
#3739=CARTESIAN_POINT('Ctrl Pts',(-1.62236677576309,0.999999999999996,-1.41531608846322));
#3740=CARTESIAN_POINT('Ctrl Pts',(-2.7086714574255,-66.1030691173877,-0.00850898114061804));
#3741=CARTESIAN_POINT('Ctrl Pts',(-2.7086714574255,66.1030691173877,-0.00850898114061804));
#3742=CARTESIAN_POINT('Ctrl Pts',(-2.7086714574255,-66.1030691173877,-0.368719671926849));
#3743=CARTESIAN_POINT('Ctrl Pts',(-2.7086714574255,66.1030691173877,-0.368719671926849));
#3744=CARTESIAN_POINT('Ctrl Pts',(-2.53565687366204,-66.1030691173877,-0.887763423217247));
#3745=CARTESIAN_POINT('Ctrl Pts',(-2.53565687366204,66.1030691173877,-0.887763423217247));
#3746=CARTESIAN_POINT('Ctrl Pts',(-2.38533272711345,-66.1030691173877,-1.06645061628443));
#3747=CARTESIAN_POINT('Ctrl Pts',(-2.38533272711345,66.1030691173877,-1.06645061628443));
#3748=CARTESIAN_POINT('',(-2.7086714574255,0.,-0.00850898114061811));
#3749=CARTESIAN_POINT('Ctrl Pts',(-2.7086714574255,-1.77635683940025E-14,
-0.00850898114061804));
#3750=CARTESIAN_POINT('Ctrl Pts',(-2.7086714574255,-1.77635683940025E-14,
-0.368719671926849));
#3751=CARTESIAN_POINT('Ctrl Pts',(-2.53565687366204,-1.77635683940025E-14,
-0.887763423217247));
#3752=CARTESIAN_POINT('Ctrl Pts',(-2.38533272711345,-1.77635683940025E-14,
-1.06645061628443));
#3753=CARTESIAN_POINT('',(-2.7086714574255,0.999999999999996,-0.00850898114061811));
#3754=CARTESIAN_POINT('',(-2.7086714574255,-66.1030691173877,-0.00850898114061811));
#3755=CARTESIAN_POINT('Ctrl Pts',(-2.7086714574255,0.999999999999996,-0.00850898114061804));
#3756=CARTESIAN_POINT('Ctrl Pts',(-2.7086714574255,0.999999999999996,-0.248649441664772));
#3757=CARTESIAN_POINT('Ctrl Pts',(-2.67983569346492,0.999999999999996,-0.455226963808582));
#3758=CARTESIAN_POINT('Ctrl Pts',(-2.62216416554377,0.999999999999996,-0.628241547572048));
#3759=CARTESIAN_POINT('Ctrl Pts',(-2.56449263762262,0.999999999999996,-0.801256131335514));
#3760=CARTESIAN_POINT('Ctrl Pts',(-2.48554882481251,0.999999999999996,-0.947325820906308));
#3761=CARTESIAN_POINT('Ctrl Pts',(-2.38533272711345,0.999999999999996,-1.06645061628443));
#3762=CARTESIAN_POINT('Ctrl Pts',(-2.39667794572089,-66.1030691173877,1.0494326540032));
#3763=CARTESIAN_POINT('Ctrl Pts',(-2.39667794572089,66.1030691173877,1.0494326540032));
#3764=CARTESIAN_POINT('Ctrl Pts',(-2.54416578761762,-66.1030691173877,0.870745460936011));
#3765=CARTESIAN_POINT('Ctrl Pts',(-2.54416578761762,66.1030691173877,0.870745460936011));
#3766=CARTESIAN_POINT('Ctrl Pts',(-2.7086714574255,-66.1030691173877,0.329011272430735));
#3767=CARTESIAN_POINT('Ctrl Pts',(-2.7086714574255,66.1030691173877,0.329011272430735));
#3768=CARTESIAN_POINT('Ctrl Pts',(-2.7086714574255,-66.1030691173877,-0.00850898114061804));
#3769=CARTESIAN_POINT('Ctrl Pts',(-2.7086714574255,66.1030691173877,-0.00850898114061804));
#3770=CARTESIAN_POINT('',(-2.39667794572089,0.,1.0494326540032));
#3771=CARTESIAN_POINT('Ctrl Pts',(-2.39667794572089,-8.88178419700125E-15,
1.0494326540032));
#3772=CARTESIAN_POINT('Ctrl Pts',(-2.54416578761762,-8.88178419700125E-15,
0.870745460936011));
#3773=CARTESIAN_POINT('Ctrl Pts',(-2.7086714574255,-8.88178419700125E-15,
0.329011272430735));
#3774=CARTESIAN_POINT('Ctrl Pts',(-2.7086714574255,-8.88178419700125E-15,
-0.00850898114061804));
#3775=CARTESIAN_POINT('',(-2.39667794572089,0.999999999999996,1.0494326540032));
#3776=CARTESIAN_POINT('',(-2.39667794572089,-66.1030691173877,1.0494326540032));
#3777=CARTESIAN_POINT('Ctrl Pts',(-2.39667794572089,0.999999999999996,1.0494326540032));
#3778=CARTESIAN_POINT('Ctrl Pts',(-2.49500317365204,0.999999999999996,0.930307858625073));
#3779=CARTESIAN_POINT('Ctrl Pts',(-2.57158339925226,0.999999999999996,0.780456429518465));
#3780=CARTESIAN_POINT('Ctrl Pts',(-2.62641862252156,0.999999999999996,0.599878366683373));
#3781=CARTESIAN_POINT('Ctrl Pts',(-2.68125384579085,0.999999999999996,0.419300303848281));
#3782=CARTESIAN_POINT('Ctrl Pts',(-2.7086714574255,0.999999999999996,0.216504521240284));
#3783=CARTESIAN_POINT('Ctrl Pts',(-2.7086714574255,0.999999999999996,-0.00850898114061804));
#3784=CARTESIAN_POINT('Ctrl Pts',(-1.62236677576309,-66.1030691173877,1.40964334478943));
#3785=CARTESIAN_POINT('Ctrl Pts',(-1.62236677576309,66.1030691173877,1.40964334478943));
#3786=CARTESIAN_POINT('Ctrl Pts',(-1.84643484326003,-66.1030691173877,1.40964334478943));
#3787=CARTESIAN_POINT('Ctrl Pts',(-1.84643484326003,66.1030691173877,1.40964334478943));
#3788=CARTESIAN_POINT('Ctrl Pts',(-2.24635379917231,-66.1030691173877,1.22528354241852));
#3789=CARTESIAN_POINT('Ctrl Pts',(-2.24635379917231,66.1030691173877,1.22528354241852));
#3790=CARTESIAN_POINT('Ctrl Pts',(-2.39667794572089,-66.1030691173877,1.0494326540032));
#3791=CARTESIAN_POINT('Ctrl Pts',(-2.39667794572089,66.1030691173877,1.0494326540032));
#3792=CARTESIAN_POINT('Ctrl Pts',(-1.62236677576309,-8.88178419700125E-15,
1.40964334478943));
#3793=CARTESIAN_POINT('Ctrl Pts',(-1.84643484326003,-8.88178419700125E-15,
1.40964334478943));
#3794=CARTESIAN_POINT('Ctrl Pts',(-2.24635379917231,-8.88178419700125E-15,
1.22528354241852));
#3795=CARTESIAN_POINT('Ctrl Pts',(-2.39667794572089,-8.88178419700125E-15,
1.0494326540032));
#3796=CARTESIAN_POINT('Ctrl Pts',(-1.62236677576309,0.999999999999996,1.40964334478943));
#3797=CARTESIAN_POINT('Ctrl Pts',(-1.77174548742772,0.999999999999996,1.40964334478943));
#3798=CARTESIAN_POINT('Ctrl Pts',(-1.91308800257875,0.999999999999996,1.37891671106095));
#3799=CARTESIAN_POINT('Ctrl Pts',(-2.04639432121617,0.999999999999996,1.31746344360398));
#3800=CARTESIAN_POINT('Ctrl Pts',(-2.17970063985359,0.999999999999996,1.25601017614701));
#3801=CARTESIAN_POINT('Ctrl Pts',(-2.29646184802184,0.999999999999996,1.16666657961341));
#3802=CARTESIAN_POINT('Ctrl Pts',(-2.39667794572089,0.999999999999996,1.0494326540032));
#3803=CARTESIAN_POINT('Origin',(-22.5,0.999999999999996,0.));
#3804=CARTESIAN_POINT('Origin',(-22.5,0.999999999999996,0.));
#3805=CARTESIAN_POINT('',(0.913289582999837,0.999999999999996,0.18152343053401));
#3806=CARTESIAN_POINT('',(2.44773039965615,0.999999999999996,-1.75567264668643));
#3807=CARTESIAN_POINT('',(-2.78854934735067,0.999999999999996,4.85500954777874));
#3808=CARTESIAN_POINT('',(2.36264126010034,0.999999999999996,1.74432729370892));
#3809=CARTESIAN_POINT('',(-4.54498148473533,0.999999999999996,-5.70400956031155));
#3810=CARTESIAN_POINT('',(1.79538032972832,0.999999999999996,1.74432729370892));
#3811=CARTESIAN_POINT('',(-10.0686793699498,0.999999999999996,1.74432729370892));
#3812=CARTESIAN_POINT('',(0.360210175887117,0.999999999999996,0.136142556104248));
#3813=CARTESIAN_POINT('',(-4.02336603391135,0.999999999999996,-4.77588849321537));
#3814=CARTESIAN_POINT('',(0.360210175887117,0.999999999999996,1.74432729370892));
#3815=CARTESIAN_POINT('',(0.360210175887117,0.999999999999996,0.0680712780521242));
#3816=CARTESIAN_POINT('',(-0.104943787017935,0.999999999999996,1.74432729370892));
#3817=CARTESIAN_POINT('',(-11.0698949120564,0.999999999999996,1.74432729370892));
#3818=CARTESIAN_POINT('',(-0.104943787017935,0.999999999999996,-1.75567264668643));
#3819=CARTESIAN_POINT('',(-0.104943787017935,0.999999999999996,0.87216364685446));
#3820=CARTESIAN_POINT('',(0.360210175887117,0.999999999999996,-1.75567264668643));
#3821=CARTESIAN_POINT('',(-11.302471893509,0.999999999999996,-1.75567264668643));
#3822=CARTESIAN_POINT('',(0.360210175887117,0.999999999999996,-0.357374453319408));
#3823=CARTESIAN_POINT('',(0.360210175887117,0.999999999999996,-0.877836323343217));
#3824=CARTESIAN_POINT('',(0.564424110821045,0.999999999999996,-0.127633776518741));
#3825=CARTESIAN_POINT('',(-4.59607427451906,0.999999999999996,-5.93319446002631));
#3826=CARTESIAN_POINT('',(1.84359750880995,0.999999999999996,-1.75567264668643));
#3827=CARTESIAN_POINT('',(-3.86846377402633,0.999999999999996,5.51422353146882));
#3828=CARTESIAN_POINT('',(-10.328201245595,0.999999999999996,-1.75567264668643));
#3829=CARTESIAN_POINT('Origin',(0.360210175887117,-66.1030691173877,1.74432729370892));
#3830=CARTESIAN_POINT('',(-0.104943787017935,0.,1.74432729370892));
#3831=CARTESIAN_POINT('',(0.360210175887117,0.,1.74432729370892));
#3832=CARTESIAN_POINT('',(-11.0698949120564,-4.44089209850063E-15,1.74432729370892));
#3833=CARTESIAN_POINT('',(-0.104943787017935,-66.1030691173877,1.74432729370892));
#3834=CARTESIAN_POINT('',(0.360210175887117,-66.1030691173877,1.74432729370892));
#3835=CARTESIAN_POINT('Origin',(0.360210175887117,-66.1030691173877,0.136142556104248));
#3836=CARTESIAN_POINT('',(0.360210175887117,0.,0.136142556104248));
#3837=CARTESIAN_POINT('',(0.360210175887117,-4.44089209850063E-15,0.0680712780521242));
#3838=CARTESIAN_POINT('',(0.360210175887117,-66.1030691173877,0.136142556104248));
#3839=CARTESIAN_POINT('Origin',(1.79538032972832,-66.1030691173877,1.74432729370892));
#3840=CARTESIAN_POINT('',(1.79538032972832,0.,1.74432729370892));
#3841=CARTESIAN_POINT('',(-4.02336603391135,0.,-4.77588849321537));
#3842=CARTESIAN_POINT('',(1.79538032972832,-66.1030691173877,1.74432729370892));
#3843=CARTESIAN_POINT('Origin',(2.36264126010034,-66.1030691173877,1.74432729370892));
#3844=CARTESIAN_POINT('',(2.36264126010034,0.,1.74432729370892));
#3845=CARTESIAN_POINT('',(-10.0686793699498,-4.44089209850063E-15,1.74432729370892));
#3846=CARTESIAN_POINT('',(2.36264126010034,-66.1030691173877,1.74432729370892));
#3847=CARTESIAN_POINT('Origin',(0.913289582999837,-66.1030691173877,0.18152343053401));
#3848=CARTESIAN_POINT('',(0.913289582999837,0.,0.18152343053401));
#3849=CARTESIAN_POINT('',(-4.54498148473533,-8.88178419700125E-15,-5.70400956031155));
#3850=CARTESIAN_POINT('',(0.913289582999837,-66.1030691173877,0.18152343053401));
#3851=CARTESIAN_POINT('Origin',(2.44773039965615,-66.1030691173877,-1.75567264668643));
#3852=CARTESIAN_POINT('',(2.44773039965615,0.,-1.75567264668643));
#3853=CARTESIAN_POINT('',(-2.78854934735067,0.,4.85500954777874));
#3854=CARTESIAN_POINT('',(2.44773039965615,-66.1030691173877,-1.75567264668643));
#3855=CARTESIAN_POINT('Origin',(-0.104943787017935,-66.1030691173877,1.74432729370892));
#3856=CARTESIAN_POINT('',(-0.104943787017935,0.,-1.75567264668643));
#3857=CARTESIAN_POINT('',(-0.104943787017935,-4.44089209850063E-15,0.87216364685446));
#3858=CARTESIAN_POINT('',(-0.104943787017935,-66.1030691173877,-1.75567264668643));
#3859=CARTESIAN_POINT('Origin',(-0.104943787017935,-66.1030691173877,-1.75567264668643));
#3860=CARTESIAN_POINT('',(0.360210175887117,0.,-1.75567264668643));
#3861=CARTESIAN_POINT('',(-11.302471893509,-4.44089209850063E-15,-1.75567264668643));
#3862=CARTESIAN_POINT('',(0.360210175887117,-66.1030691173877,-1.75567264668643));
#3863=CARTESIAN_POINT('Origin',(0.360210175887117,-66.1030691173877,-1.75567264668643));
#3864=CARTESIAN_POINT('',(0.360210175887117,0.,-0.357374453319408));
#3865=CARTESIAN_POINT('',(0.360210175887117,-4.44089209850063E-15,-0.877836323343217));
#3866=CARTESIAN_POINT('',(0.360210175887117,-66.1030691173877,-0.357374453319408));
#3867=CARTESIAN_POINT('Origin',(0.360210175887117,-66.1030691173877,-0.357374453319408));
#3868=CARTESIAN_POINT('',(0.564424110821045,0.,-0.127633776518741));
#3869=CARTESIAN_POINT('',(-4.59607427451906,-4.44089209850063E-15,-5.93319446002631));
#3870=CARTESIAN_POINT('',(0.564424110821045,-66.1030691173877,-0.127633776518741));
#3871=CARTESIAN_POINT('Origin',(0.564424110821045,-66.1030691173877,-0.127633776518741));
#3872=CARTESIAN_POINT('',(1.84359750880995,0.,-1.75567264668643));
#3873=CARTESIAN_POINT('',(-3.86846377402633,-4.44089209850063E-15,5.51422353146882));
#3874=CARTESIAN_POINT('',(1.84359750880995,-66.1030691173877,-1.75567264668643));
#3875=CARTESIAN_POINT('Origin',(1.84359750880995,-66.1030691173877,-1.75567264668643));
#3876=CARTESIAN_POINT('',(-10.328201245595,-4.44089209850063E-15,-1.75567264668643));
#3877=CARTESIAN_POINT('Origin',(4.12965905820918,-66.1030691173877,-1.75567264668643));
#3878=CARTESIAN_POINT('',(6.28808689827471,0.,-1.75567264668643));
#3879=CARTESIAN_POINT('',(4.12965905820918,0.,-1.75567264668643));
#3880=CARTESIAN_POINT('',(-9.18517047089541,-4.44089209850063E-15,-1.75567264668643));
#3881=CARTESIAN_POINT('',(6.28808689827471,0.999999999999996,-1.75567264668643));
#3882=CARTESIAN_POINT('',(6.28808689827471,-66.1030691173877,-1.75567264668643));
#3883=CARTESIAN_POINT('',(4.12965905820918,0.999999999999996,-1.75567264668643));
#3884=CARTESIAN_POINT('',(-9.18517047089541,0.999999999999996,-1.75567264668643));
#3885=CARTESIAN_POINT('',(4.12965905820918,-66.1030691173877,-1.75567264668643));
#3886=CARTESIAN_POINT('Origin',(4.12965905820918,-66.1030691173877,-1.25931933261092));
#3887=CARTESIAN_POINT('',(4.12965905820918,0.,-1.25931933261092));
#3888=CARTESIAN_POINT('',(4.12965905820918,-4.44089209850063E-15,-0.629659666305459));
#3889=CARTESIAN_POINT('',(4.12965905820918,0.999999999999996,-1.25931933261092));
#3890=CARTESIAN_POINT('',(4.12965905820918,0.999999999999996,-0.629659666305459));
#3891=CARTESIAN_POINT('',(4.12965905820918,-66.1030691173877,-1.25931933261092));
#3892=CARTESIAN_POINT('Ctrl Pts',(4.12965905820918,-66.1030691173877,-1.25931933261092));
#3893=CARTESIAN_POINT('Ctrl Pts',(4.12965905820918,66.1030691173877,-1.25931933261092));
#3894=CARTESIAN_POINT('Ctrl Pts',(4.36223603966171,-66.1030691173877,-1.04092387441769));
#3895=CARTESIAN_POINT('Ctrl Pts',(4.36223603966171,66.1030691173877,-1.04092387441769));
#3896=CARTESIAN_POINT('Ctrl Pts',(4.77633651883328,-66.1030691173877,-0.635332309201697));
#3897=CARTESIAN_POINT('Ctrl Pts',(4.77633651883328,66.1030691173877,-0.635332309201697));
#3898=CARTESIAN_POINT('Ctrl Pts',(4.97487784446349,-66.1030691173877,-0.416936851008471));
#3899=CARTESIAN_POINT('Ctrl Pts',(4.97487784446349,66.1030691173877,-0.416936851008471));
#3900=CARTESIAN_POINT('',(4.97487784446349,0.,-0.416936851008471));
#3901=CARTESIAN_POINT('Ctrl Pts',(4.12965905820918,-8.88178419700125E-15,
-1.25931933261092));
#3902=CARTESIAN_POINT('Ctrl Pts',(4.36223603966171,-8.88178419700125E-15,
-1.04092387441769));
#3903=CARTESIAN_POINT('Ctrl Pts',(4.77633651883328,-8.88178419700125E-15,
-0.635332309201697));
#3904=CARTESIAN_POINT('Ctrl Pts',(4.97487784446349,-8.88178419700125E-15,
-0.416936851008471));
#3905=CARTESIAN_POINT('',(4.97487784446349,0.999999999999996,-0.416936851008471));
#3906=CARTESIAN_POINT('Ctrl Pts',(4.12965905820918,0.999999999999996,-1.25931933261092));
#3907=CARTESIAN_POINT('Ctrl Pts',(4.28471037917753,0.999999999999996,-1.1137223604821));
#3908=CARTESIAN_POINT('Ctrl Pts',(4.4312527861903,0.999999999999996,-0.973325280215026));
#3909=CARTESIAN_POINT('Ctrl Pts',(4.5692862792475,0.999999999999996,-0.838128091809694));
#3910=CARTESIAN_POINT('Ctrl Pts',(4.70731977230469,0.999999999999996,-0.702930903404363));
#3911=CARTESIAN_POINT('Ctrl Pts',(4.84251696071002,0.999999999999996,-0.562533823137289));
#3912=CARTESIAN_POINT('Ctrl Pts',(4.97487784446349,0.999999999999996,-0.416936851008471));
#3913=CARTESIAN_POINT('',(4.97487784446349,-66.1030691173877,-0.416936851008471));
#3914=CARTESIAN_POINT('Ctrl Pts',(4.97487784446349,-66.1030691173877,-0.416936851008471));
#3915=CARTESIAN_POINT('Ctrl Pts',(4.97487784446349,66.1030691173877,-0.416936851008471));
#3916=CARTESIAN_POINT('Ctrl Pts',(5.37479680037576,-66.1030691173877,0.0226903700298431));
#3917=CARTESIAN_POINT('Ctrl Pts',(5.37479680037576,66.1030691173877,0.0226903700298431));
#3918=CARTESIAN_POINT('Ctrl Pts',(5.66693617951735,-66.1030691173877,0.550243035275821));
#3919=CARTESIAN_POINT('Ctrl Pts',(5.66693617951735,66.1030691173877,0.550243035275821));
#3920=CARTESIAN_POINT('Ctrl Pts',(5.66693617951735,-66.1030691173877,0.831037195809969));
#3921=CARTESIAN_POINT('Ctrl Pts',(5.66693617951735,66.1030691173877,0.831037195809969));
#3922=CARTESIAN_POINT('',(5.66693617951735,0.,0.831037195809969));
#3923=CARTESIAN_POINT('Ctrl Pts',(4.97487784446349,-8.88178419700125E-15,
-0.416936851008471));
#3924=CARTESIAN_POINT('Ctrl Pts',(5.37479680037576,-8.88178419700125E-15,
0.0226903700298431));
#3925=CARTESIAN_POINT('Ctrl Pts',(5.66693617951735,-8.88178419700125E-15,
0.550243035275821));
#3926=CARTESIAN_POINT('Ctrl Pts',(5.66693617951735,-8.88178419700125E-15,
0.831037195809969));
#3927=CARTESIAN_POINT('',(5.66693617951735,0.999999999999996,0.831037195809969));
#3928=CARTESIAN_POINT('Ctrl Pts',(4.97487784446349,0.999999999999996,-0.416936851008471));
#3929=CARTESIAN_POINT('Ctrl Pts',(5.24149048173834,0.999999999999996,-0.123852036982928));
#3930=CARTESIAN_POINT('Ctrl Pts',(5.42348669689936,0.999999999999996,0.110615814237506));
#3931=CARTESIAN_POINT('Ctrl Pts',(5.52086648994656,0.999999999999996,0.286466702652832));
#3932=CARTESIAN_POINT('Ctrl Pts',(5.61824628299376,0.999999999999996,0.462317591068158));
#3933=CARTESIAN_POINT('Ctrl Pts',(5.66693617951735,0.999999999999996,0.643841088787204));
#3934=CARTESIAN_POINT('Ctrl Pts',(5.66693617951735,0.999999999999996,0.831037195809969));
#3935=CARTESIAN_POINT('',(5.66693617951735,-66.1030691173877,0.831037195809969));
#3936=CARTESIAN_POINT('Ctrl Pts',(5.66693617951735,-66.1030691173877,0.831037195809969));
#3937=CARTESIAN_POINT('Ctrl Pts',(5.66693617951735,66.1030691173877,0.831037195809969));
#3938=CARTESIAN_POINT('Ctrl Pts',(5.66693617951735,-66.1030691173877,0.978525037706695));
#3939=CARTESIAN_POINT('Ctrl Pts',(5.66693617951735,66.1030691173877,0.978525037706695));
#3940=CARTESIAN_POINT('Ctrl Pts',(5.57617443065783,-66.1030691173877,1.19975680055178));
#3941=CARTESIAN_POINT('Ctrl Pts',(5.57617443065783,66.1030691173877,1.19975680055178));
#3942=CARTESIAN_POINT('Ctrl Pts',(5.49392159575389,-66.1030691173877,1.27066441684828));
#3943=CARTESIAN_POINT('Ctrl Pts',(5.49392159575389,66.1030691173877,1.27066441684828));
#3944=CARTESIAN_POINT('',(5.49392159575389,0.,1.27066441684828));
#3945=CARTESIAN_POINT('Ctrl Pts',(5.66693617951735,-1.77635683940025E-14,
0.831037195809969));
#3946=CARTESIAN_POINT('Ctrl Pts',(5.66693617951735,-1.77635683940025E-14,
0.978525037706695));
#3947=CARTESIAN_POINT('Ctrl Pts',(5.57617443065783,-1.77635683940025E-14,
1.19975680055178));
#3948=CARTESIAN_POINT('Ctrl Pts',(5.49392159575389,-1.77635683940025E-14,
1.27066441684828));
#3949=CARTESIAN_POINT('',(5.49392159575389,0.999999999999996,1.27066441684828));
#3950=CARTESIAN_POINT('Ctrl Pts',(5.66693617951735,0.999999999999996,0.831037195809969));
#3951=CARTESIAN_POINT('Ctrl Pts',(5.66693617951735,0.999999999999996,0.886657699342752));
#3952=CARTESIAN_POINT('Ctrl Pts',(5.66209566514506,0.999999999999996,0.942810604797347));
#3953=CARTESIAN_POINT('Ctrl Pts',(5.6369451874997,0.999999999999996,1.05648064480368));
#3954=CARTESIAN_POINT('Ctrl Pts',(5.61821415389981,0.999999999999996,1.10078857408952));
#3955=CARTESIAN_POINT('Ctrl Pts',(5.5728879484411,0.999999999999996,1.18720523702262));
#3956=CARTESIAN_POINT('Ctrl Pts',(5.53797952491407,0.999999999999996,1.23268344343433));
#3957=CARTESIAN_POINT('Ctrl Pts',(5.49392159575389,0.999999999999996,1.27066441684828));
#3958=CARTESIAN_POINT('',(5.49392159575389,-66.1030691173877,1.27066441684828));
#3959=CARTESIAN_POINT('Ctrl Pts',(5.49392159575389,-66.1030691173877,1.27066441684828));
#3960=CARTESIAN_POINT('Ctrl Pts',(5.49392159575389,66.1030691173877,1.27066441684828));
#3961=CARTESIAN_POINT('Ctrl Pts',(5.41166876084994,-66.1030691173877,1.34157203314479));
#3962=CARTESIAN_POINT('Ctrl Pts',(5.41166876084994,66.1030691173877,1.34157203314479));
#3963=CARTESIAN_POINT('Ctrl Pts',(5.19610960730858,-66.1030691173877,1.41247964944129));
#3964=CARTESIAN_POINT('Ctrl Pts',(5.19610960730858,66.1030691173877,1.41247964944129));
#3965=CARTESIAN_POINT('Ctrl Pts',(5.06563959332301,-66.1030691173877,1.41247964944129));
#3966=CARTESIAN_POINT('Ctrl Pts',(5.06563959332301,66.1030691173877,1.41247964944129));
#3967=CARTESIAN_POINT('',(5.06563959332301,0.,1.41247964944129));
#3968=CARTESIAN_POINT('Ctrl Pts',(5.49392159575389,-1.77635683940025E-14,
1.27066441684828));
#3969=CARTESIAN_POINT('Ctrl Pts',(5.41166876084994,-1.77635683940025E-14,
1.34157203314479));
#3970=CARTESIAN_POINT('Ctrl Pts',(5.19610960730858,-1.77635683940025E-14,
1.41247964944129));
#3971=CARTESIAN_POINT('Ctrl Pts',(5.06563959332301,-1.77635683940025E-14,
1.41247964944129));
#3972=CARTESIAN_POINT('',(5.06563959332301,0.999999999999996,1.41247964944129));
#3973=CARTESIAN_POINT('Ctrl Pts',(5.49392159575389,0.999999999999996,1.27066441684828));
#3974=CARTESIAN_POINT('Ctrl Pts',(5.43908637248459,0.999999999999996,1.31793616104595));
#3975=CARTESIAN_POINT('Ctrl Pts',(5.37574223525972,0.999999999999996,1.3533899691942));
#3976=CARTESIAN_POINT('Ctrl Pts',(5.30388918407926,0.999999999999996,1.37702584129304));
#3977=CARTESIAN_POINT('Ctrl Pts',(5.2320361328988,0.999999999999996,1.40066171339187));
#3978=CARTESIAN_POINT('Ctrl Pts',(5.15261960264672,0.999999999999996,1.41247964944129));
#3979=CARTESIAN_POINT('Ctrl Pts',(5.06563959332301,0.999999999999996,1.41247964944129));
#3980=CARTESIAN_POINT('',(5.06563959332301,-66.1030691173877,1.41247964944129));
#3981=CARTESIAN_POINT('Ctrl Pts',(5.06563959332301,-66.1030691173877,1.41247964944129));
#3982=CARTESIAN_POINT('Ctrl Pts',(5.06563959332301,66.1030691173877,1.41247964944129));
#3983=CARTESIAN_POINT('Ctrl Pts',(4.94084218864117,-66.1030691173877,1.41247964944129));
#3984=CARTESIAN_POINT('Ctrl Pts',(4.94084218864117,66.1030691173877,1.41247964944129));
#3985=CARTESIAN_POINT('Ctrl Pts',(4.68557476997376,-66.1030691173877,1.35008094710037));
#3986=CARTESIAN_POINT('Ctrl Pts',(4.68557476997376,66.1030691173877,1.35008094710037));
#3987=CARTESIAN_POINT('Ctrl Pts',(4.5692862792475,-66.1030691173877,1.30186376801875));
#3988=CARTESIAN_POINT('Ctrl Pts',(4.5692862792475,66.1030691173877,1.30186376801875));
#3989=CARTESIAN_POINT('',(4.5692862792475,0.,1.30186376801875));
#3990=CARTESIAN_POINT('Ctrl Pts',(5.06563959332301,-1.77635683940025E-14,
1.41247964944129));
#3991=CARTESIAN_POINT('Ctrl Pts',(4.94084218864117,-1.77635683940025E-14,
1.41247964944129));
#3992=CARTESIAN_POINT('Ctrl Pts',(4.68557476997376,-1.77635683940025E-14,
1.35008094710037));
#3993=CARTESIAN_POINT('Ctrl Pts',(4.5692862792475,-1.77635683940025E-14,
1.30186376801875));
#3994=CARTESIAN_POINT('',(4.5692862792475,0.999999999999996,1.30186376801875));
#3995=CARTESIAN_POINT('Ctrl Pts',(5.06563959332301,0.999999999999996,1.41247964944129));
#3996=CARTESIAN_POINT('Ctrl Pts',(4.98244132353512,0.999999999999996,1.41247964944129));
#3997=CARTESIAN_POINT('Ctrl Pts',(4.89829761886327,0.999999999999996,1.4020798657178));
#3998=CARTESIAN_POINT('Ctrl Pts',(4.81320847930746,0.999999999999996,1.38128029827083));
#3999=CARTESIAN_POINT('Ctrl Pts',(4.72811933975166,0.999999999999996,1.36048073082385));
#4000=CARTESIAN_POINT('Ctrl Pts',(4.64681193973167,0.999999999999996,1.33400855407316));
#4001=CARTESIAN_POINT('Ctrl Pts',(4.5692862792475,0.999999999999996,1.30186376801875));
#4002=CARTESIAN_POINT('',(4.5692862792475,-66.1030691173877,1.30186376801875));
#4003=CARTESIAN_POINT('Ctrl Pts',(4.5692862792475,-66.1030691173877,1.30186376801875));
#4004=CARTESIAN_POINT('Ctrl Pts',(4.5692862792475,66.1030691173877,1.30186376801875));
#4005=CARTESIAN_POINT('Ctrl Pts',(4.47001561643239,-66.1030691173877,1.2621555028927));
#4006=CARTESIAN_POINT('Ctrl Pts',(4.47001561643239,66.1030691173877,1.2621555028927));
#4007=CARTESIAN_POINT('Ctrl Pts',(4.28565581406149,-66.1030691173877,1.1487033168183));
#4008=CARTESIAN_POINT('Ctrl Pts',(4.28565581406149,66.1030691173877,1.1487033168183));
#4009=CARTESIAN_POINT('Ctrl Pts',(4.22892972102428,-66.1030691173877,1.10899505169226));
#4010=CARTESIAN_POINT('Ctrl Pts',(4.22892972102428,66.1030691173877,1.10899505169226));
#4011=CARTESIAN_POINT('',(4.22892972102428,0.,1.10899505169226));
#4012=CARTESIAN_POINT('Ctrl Pts',(4.5692862792475,-8.88178419700125E-15,
1.30186376801875));
#4013=CARTESIAN_POINT('Ctrl Pts',(4.47001561643239,-8.88178419700125E-15,
1.2621555028927));
#4014=CARTESIAN_POINT('Ctrl Pts',(4.28565581406149,-8.88178419700125E-15,
1.1487033168183));
#4015=CARTESIAN_POINT('Ctrl Pts',(4.22892972102428,-8.88178419700125E-15,
1.10899505169226));
#4016=CARTESIAN_POINT('',(4.22892972102428,0.999999999999996,1.10899505169226));
#4017=CARTESIAN_POINT('Ctrl Pts',(4.5692862792475,0.999999999999996,1.30186376801875));
#4018=CARTESIAN_POINT('Ctrl Pts',(4.50310583737076,0.999999999999996,1.27539159126805));
#4019=CARTESIAN_POINT('Ctrl Pts',(4.43928898270391,0.999999999999996,1.24324680521364));
#4020=CARTESIAN_POINT('Ctrl Pts',(4.37783571524694,0.999999999999996,1.2054294098555));
#4021=CARTESIAN_POINT('Ctrl Pts',(4.31638244778997,0.999999999999996,1.16761201449737));
#4022=CARTESIAN_POINT('Ctrl Pts',(4.26674711638242,0.999999999999996,1.13546722844295));
#4023=CARTESIAN_POINT('Ctrl Pts',(4.22892972102428,0.999999999999996,1.10899505169226));
#4024=CARTESIAN_POINT('',(4.22892972102428,-66.1030691173877,1.10899505169226));
#4025=CARTESIAN_POINT('Origin',(6.28808689827471,-66.1030691173877,-1.75567264668643));
#4026=CARTESIAN_POINT('',(6.28808689827471,0.,-1.35008108147044));
#4027=CARTESIAN_POINT('',(6.28808689827471,-4.44089209850063E-15,-0.877836323343217));
#4028=CARTESIAN_POINT('',(6.28808689827471,0.999999999999996,-1.35008108147044));
#4029=CARTESIAN_POINT('',(6.28808689827471,-66.1030691173877,-1.35008108147044));
#4030=CARTESIAN_POINT('',(6.28808689827471,0.999999999999996,-0.877836323343217));
#4031=CARTESIAN_POINT('Origin',(6.28808689827471,-66.1030691173877,-1.35008108147044));
#4032=CARTESIAN_POINT('',(4.5692862792475,0.,-1.35008108147044));
#4033=CARTESIAN_POINT('',(-8.10595655086265,-4.44089209850063E-15,-1.35008108147044));
#4034=CARTESIAN_POINT('',(4.5692862792475,0.999999999999996,-1.35008108147044));
#4035=CARTESIAN_POINT('',(4.5692862792475,-66.1030691173877,-1.35008108147044));
#4036=CARTESIAN_POINT('',(-8.10595655086265,0.999999999999996,-1.35008108147044));
#4037=CARTESIAN_POINT('Ctrl Pts',(5.49392159575389,-66.1030691173877,-0.442463592875211));
#4038=CARTESIAN_POINT('Ctrl Pts',(5.49392159575389,66.1030691173877,-0.442463592875211));
#4039=CARTESIAN_POINT('Ctrl Pts',(5.2726898329088,-66.1030691173877,-0.683549488283319));
#4040=CARTESIAN_POINT('Ctrl Pts',(5.2726898329088,66.1030691173877,-0.683549488283319));
#4041=CARTESIAN_POINT('Ctrl Pts',(4.73095564440352,-66.1030691173877,-1.19975693492186));
#4042=CARTESIAN_POINT('Ctrl Pts',(4.73095564440352,66.1030691173877,-1.19975693492186));
#4043=CARTESIAN_POINT('Ctrl Pts',(4.5692862792475,-66.1030691173877,-1.35008108147044));
#4044=CARTESIAN_POINT('Ctrl Pts',(4.5692862792475,66.1030691173877,-1.35008108147044));
#4045=CARTESIAN_POINT('',(5.49392159575389,0.,-0.442463592875211));
#4046=CARTESIAN_POINT('Ctrl Pts',(5.49392159575389,-2.66453525910038E-14,
-0.442463592875211));
#4047=CARTESIAN_POINT('Ctrl Pts',(5.2726898329088,-2.66453525910038E-14,
-0.683549488283319));
#4048=CARTESIAN_POINT('Ctrl Pts',(4.73095564440352,-2.66453525910038E-14,
-1.19975693492186));
#4049=CARTESIAN_POINT('Ctrl Pts',(4.5692862792475,-2.66453525910038E-14,
-1.35008108147044));
#4050=CARTESIAN_POINT('',(5.49392159575389,0.999999999999996,-0.442463592875211));
#4051=CARTESIAN_POINT('',(5.49392159575389,-66.1030691173877,-0.442463592875211));
#4052=CARTESIAN_POINT('Ctrl Pts',(5.49392159575389,0.999999999999996,-0.442463592875211));
#4053=CARTESIAN_POINT('Ctrl Pts',(5.34643375385716,0.999999999999996,-0.603187523147283));
#4054=CARTESIAN_POINT('Ctrl Pts',(5.18240080149126,0.999999999999996,-0.769584062723075));
#4055=CARTESIAN_POINT('Ctrl Pts',(5.00182273865616,0.999999999999996,-0.941653211602588));
#4056=CARTESIAN_POINT('Ctrl Pts',(4.82124467582107,0.999999999999996,-1.1137223604821));
#4057=CARTESIAN_POINT('Ctrl Pts',(4.67706585601818,0.999999999999996,-1.24986498377138));
#4058=CARTESIAN_POINT('Ctrl Pts',(4.5692862792475,0.999999999999996,-1.35008108147044));
#4059=CARTESIAN_POINT('Ctrl Pts',(5.9619118633108,-66.1030691173877,0.155996688667268));
#4060=CARTESIAN_POINT('Ctrl Pts',(5.9619118633108,66.1030691173877,0.155996688667268));
#4061=CARTESIAN_POINT('Ctrl Pts',(5.876822723755,-66.1030691173877,0.00283623746682338));
#4062=CARTESIAN_POINT('Ctrl Pts',(5.876822723755,66.1030691173877,0.00283623746682338));
#4063=CARTESIAN_POINT('Ctrl Pts',(5.63006421904317,-66.1030691173877,-0.297812055630347));
#4064=CARTESIAN_POINT('Ctrl Pts',(5.63006421904317,66.1030691173877,-0.297812055630347));
#4065=CARTESIAN_POINT('Ctrl Pts',(5.49392159575389,-66.1030691173877,-0.442463592875211));
#4066=CARTESIAN_POINT('Ctrl Pts',(5.49392159575389,66.1030691173877,-0.442463592875211));
#4067=CARTESIAN_POINT('',(5.9619118633108,0.,0.155996688667268));
#4068=CARTESIAN_POINT('Ctrl Pts',(5.9619118633108,-8.88178419700125E-15,
0.155996688667268));
#4069=CARTESIAN_POINT('Ctrl Pts',(5.876822723755,-8.88178419700125E-15,
0.00283623746682338));
#4070=CARTESIAN_POINT('Ctrl Pts',(5.63006421904317,-8.88178419700125E-15,
-0.297812055630347));
#4071=CARTESIAN_POINT('Ctrl Pts',(5.49392159575389,-8.88178419700125E-15,
-0.442463592875211));
#4072=CARTESIAN_POINT('',(5.9619118633108,0.999999999999996,0.155996688667268));
#4073=CARTESIAN_POINT('',(5.9619118633108,-66.1030691173877,0.155996688667268));
#4074=CARTESIAN_POINT('Ctrl Pts',(5.9619118633108,0.999999999999996,0.155996688667268));
#4075=CARTESIAN_POINT('Ctrl Pts',(5.9051857702736,0.999999999999996,0.053889721200305));
#4076=CARTESIAN_POINT('Ctrl Pts',(5.83569630630303,0.999999999999996,-0.047271811382705));
#4077=CARTESIAN_POINT('Ctrl Pts',(5.75344347139909,0.999999999999996,-0.147487909081762));
#4078=CARTESIAN_POINT('Ctrl Pts',(5.67119063649514,0.999999999999996,-0.247704006780818));
#4079=CARTESIAN_POINT('Ctrl Pts',(5.58468334461341,0.999999999999996,-0.346029234711968));
#4080=CARTESIAN_POINT('Ctrl Pts',(5.49392159575389,0.999999999999996,-0.442463592875211));
#4081=CARTESIAN_POINT('Ctrl Pts',(6.14343536102985,-66.1030691173877,0.856563937676711));
#4082=CARTESIAN_POINT('Ctrl Pts',(6.14343536102985,66.1030691173877,0.856563937676711));
#4083=CARTESIAN_POINT('Ctrl Pts',(6.14343536102985,-66.1030691173877,0.649513698090924));
#4084=CARTESIAN_POINT('Ctrl Pts',(6.14343536102985,66.1030691173877,0.649513698090924));
#4085=CARTESIAN_POINT('Ctrl Pts',(6.04700100286661,-66.1030691173877,0.303484530563993));
#4086=CARTESIAN_POINT('Ctrl Pts',(6.04700100286661,66.1030691173877,0.303484530563993));
#4087=CARTESIAN_POINT('Ctrl Pts',(5.9619118633108,-66.1030691173877,0.155996688667268));
#4088=CARTESIAN_POINT('Ctrl Pts',(5.9619118633108,66.1030691173877,0.155996688667268));
#4089=CARTESIAN_POINT('',(6.14343536102985,0.,0.856563937676711));
#4090=CARTESIAN_POINT('Ctrl Pts',(6.14343536102985,-8.88178419700125E-15,
0.856563937676711));
#4091=CARTESIAN_POINT('Ctrl Pts',(6.14343536102985,-8.88178419700125E-15,
0.649513698090924));
#4092=CARTESIAN_POINT('Ctrl Pts',(6.04700100286661,-8.88178419700125E-15,
0.303484530563993));
#4093=CARTESIAN_POINT('Ctrl Pts',(5.9619118633108,-8.88178419700125E-15,
0.155996688667268));
#4094=CARTESIAN_POINT('',(6.14343536102985,0.999999999999996,0.856563937676711));
#4095=CARTESIAN_POINT('',(6.14343536102985,-66.1030691173877,0.856563937676711));
#4096=CARTESIAN_POINT('Ctrl Pts',(6.14343536102985,0.999999999999996,0.856563937676711));
#4097=CARTESIAN_POINT('Ctrl Pts',(6.14343536102985,0.999999999999996,0.71853044461952));
#4098=CARTESIAN_POINT('Ctrl Pts',(6.12736296800264,0.999999999999996,0.591842170169769));
#4099=CARTESIAN_POINT('Ctrl Pts',(6.09521818194823,0.999999999999996,0.476499114327459));
#4100=CARTESIAN_POINT('Ctrl Pts',(6.06307339589381,0.999999999999996,0.361156058485149));
#4101=CARTESIAN_POINT('Ctrl Pts',(6.01863795634801,0.999999999999996,0.254321916598418));
#4102=CARTESIAN_POINT('Ctrl Pts',(5.9619118633108,0.999999999999996,0.155996688667268));
#4103=CARTESIAN_POINT('Ctrl Pts',(5.09967524914534,-66.1030691173877,1.81807121465728));
#4104=CARTESIAN_POINT('Ctrl Pts',(5.09967524914534,66.1030691173877,1.81807121465728));
#4105=CARTESIAN_POINT('Ctrl Pts',(5.59035595391713,-66.1030691173877,1.81807121465728));
#4106=CARTESIAN_POINT('Ctrl Pts',(5.59035595391713,66.1030691173877,1.81807121465728));
#4107=CARTESIAN_POINT('Ctrl Pts',(6.14343536102985,-66.1030691173877,1.29902746336689));
#4108=CARTESIAN_POINT('Ctrl Pts',(6.14343536102985,66.1030691173877,1.29902746336689));
#4109=CARTESIAN_POINT('Ctrl Pts',(6.14343536102985,-66.1030691173877,0.856563937676711));
#4110=CARTESIAN_POINT('Ctrl Pts',(6.14343536102985,66.1030691173877,0.856563937676711));
#4111=CARTESIAN_POINT('',(5.09967524914534,0.,1.81807121465728));
#4112=CARTESIAN_POINT('Ctrl Pts',(5.09967524914534,-8.88178419700125E-15,
1.81807121465728));
#4113=CARTESIAN_POINT('Ctrl Pts',(5.59035595391713,-8.88178419700125E-15,
1.81807121465728));
#4114=CARTESIAN_POINT('Ctrl Pts',(6.14343536102985,-8.88178419700125E-15,
1.29902746336689));
#4115=CARTESIAN_POINT('Ctrl Pts',(6.14343536102985,-8.88178419700125E-15,
0.856563937676711));
#4116=CARTESIAN_POINT('',(5.09967524914534,0.999999999999996,1.81807121465728));
#4117=CARTESIAN_POINT('',(5.09967524914534,-66.1030691173877,1.81807121465728));
#4118=CARTESIAN_POINT('Ctrl Pts',(5.09967524914534,0.999999999999996,1.81807121465728));
#4119=CARTESIAN_POINT('Ctrl Pts',(5.4267957189932,0.999999999999996,1.81807121465728));
#4120=CARTESIAN_POINT('Ctrl Pts',(5.68253585510258,0.999999999999996,1.73156392277555));
#4121=CARTESIAN_POINT('Ctrl Pts',(5.86689565747349,0.999999999999996,1.55854933901208));
#4122=CARTESIAN_POINT('Ctrl Pts',(6.0512554598444,0.999999999999996,1.38553475524862));
#4123=CARTESIAN_POINT('Ctrl Pts',(6.14343536102985,0.999999999999996,1.15153962147016));
#4124=CARTESIAN_POINT('Ctrl Pts',(6.14343536102985,0.999999999999996,0.856563937676711));
#4125=CARTESIAN_POINT('Ctrl Pts',(4.20340297915755,-66.1030691173877,1.60818467041964));
#4126=CARTESIAN_POINT('Ctrl Pts',(4.20340297915755,66.1030691173877,1.60818467041964));
#4127=CARTESIAN_POINT('Ctrl Pts',(4.34805451640241,-66.1030691173877,1.67909228671614));
#4128=CARTESIAN_POINT('Ctrl Pts',(4.34805451640241,66.1030691173877,1.67909228671614));
#4129=CARTESIAN_POINT('Ctrl Pts',(4.86709826769281,-66.1030691173877,1.81807121465728));
#4130=CARTESIAN_POINT('Ctrl Pts',(4.86709826769281,66.1030691173877,1.81807121465728));
#4131=CARTESIAN_POINT('Ctrl Pts',(5.09967524914534,-66.1030691173877,1.81807121465728));
#4132=CARTESIAN_POINT('Ctrl Pts',(5.09967524914534,66.1030691173877,1.81807121465728));
#4133=CARTESIAN_POINT('',(4.20340297915755,0.,1.60818467041964));
#4134=CARTESIAN_POINT('Ctrl Pts',(4.20340297915755,-8.88178419700125E-15,
1.60818467041964));
#4135=CARTESIAN_POINT('Ctrl Pts',(4.34805451640241,-8.88178419700125E-15,
1.67909228671614));
#4136=CARTESIAN_POINT('Ctrl Pts',(4.86709826769281,-8.88178419700125E-15,
1.81807121465728));
#4137=CARTESIAN_POINT('Ctrl Pts',(5.09967524914534,-8.88178419700125E-15,
1.81807121465728));
#4138=CARTESIAN_POINT('',(4.20340297915755,0.999999999999996,1.60818467041964));
#4139=CARTESIAN_POINT('',(4.20340297915755,-66.1030691173877,1.60818467041964));
#4140=CARTESIAN_POINT('Ctrl Pts',(4.20340297915755,0.999999999999996,1.60818467041964));
#4141=CARTESIAN_POINT('Ctrl Pts',(4.29983733732079,0.999999999999996,1.65545641461731));
#4142=CARTESIAN_POINT('Ctrl Pts',(4.43456180828414,0.999999999999996,1.702255441373));
#4143=CARTESIAN_POINT('Ctrl Pts',(4.60757639204761,0.999999999999996,1.74858175068671));
#4144=CARTESIAN_POINT('Ctrl Pts',(4.78059097581108,0.999999999999996,1.79490806000043));
#4145=CARTESIAN_POINT('Ctrl Pts',(4.94462392817699,0.999999999999996,1.81807121465728));
#4146=CARTESIAN_POINT('Ctrl Pts',(5.09967524914534,0.999999999999996,1.81807121465728));
#4147=CARTESIAN_POINT('Origin',(4.20340297915755,-66.1030691173877,1.60818467041964));
#4148=CARTESIAN_POINT('',(4.20340297915755,0.,1.10899505169226));
#4149=CARTESIAN_POINT('',(4.20340297915755,-4.44089209850063E-15,0.804092335209818));
#4150=CARTESIAN_POINT('',(4.20340297915755,0.999999999999996,1.10899505169226));
#4151=CARTESIAN_POINT('',(4.20340297915755,-66.1030691173877,1.10899505169226));
#4152=CARTESIAN_POINT('',(4.20340297915755,0.999999999999996,0.804092335209818));
#4153=CARTESIAN_POINT('Origin',(4.20340297915755,-66.1030691173877,1.10899505169226));
#4154=CARTESIAN_POINT('',(-9.14829851042123,-4.44089209850063E-15,1.10899505169226));
#4155=CARTESIAN_POINT('',(-9.14829851042123,0.999999999999996,1.10899505169226));
#4156=CARTESIAN_POINT('Origin',(-22.5,0.999999999999996,0.));
#4157=CARTESIAN_POINT('Origin',(-22.5,-4.13318294712232E-15,0.));
#4158=CARTESIAN_POINT('Ctrl Pts',(-22.5,5.,10.5));
#4159=CARTESIAN_POINT('Ctrl Pts',(-22.5,5.,10.7991993003419));
#4160=CARTESIAN_POINT('Ctrl Pts',(-22.3632089615498,4.93160448077492,11.3966245426322));
#4161=CARTESIAN_POINT('Ctrl Pts',(-21.6941550465536,4.59707752327681,12.237965031314));
#4162=CARTESIAN_POINT('Ctrl Pts',(-20.9487989505128,4.22439947525641,12.5));
#4163=CARTESIAN_POINT('Ctrl Pts',(-20.5,4.,12.5));
#4164=CARTESIAN_POINT('Ctrl Pts',(-22.5,5.29919930034188,10.5));
#4165=CARTESIAN_POINT('Ctrl Pts',(-22.5,5.29919930034188,10.8446314438419));
#4166=CARTESIAN_POINT('Ctrl Pts',(-22.3130055040275,5.17808977912255,11.5203436299432));
#4167=CARTESIAN_POINT('Ctrl Pts',(-21.5817950741374,4.71034289265387,12.2976392213341));
#4168=CARTESIAN_POINT('Ctrl Pts',(-20.9060561933211,4.26714223244811,12.5));
#4169=CARTESIAN_POINT('Ctrl Pts',(-20.5,4.,12.5));
#4170=CARTESIAN_POINT('Ctrl Pts',(-22.2488557003889,5.81718178817268,10.5));
#4171=CARTESIAN_POINT('Ctrl Pts',(-22.2488557003889,5.81718178817268,10.8836634429621));
#4172=CARTESIAN_POINT('Ctrl Pts',(-22.0486999165619,5.60774183225501,11.6248287051564));
#4173=CARTESIAN_POINT('Ctrl Pts',(-21.3819445894945,4.91084551759228,12.3417543160136));
#4174=CARTESIAN_POINT('Ctrl Pts',(-20.8312563682357,4.34194205753358,12.5));
#4175=CARTESIAN_POINT('Ctrl Pts',(-20.5,4.,12.5));
#4176=CARTESIAN_POINT('Ctrl Pts',(-21.7243994752564,6.,10.5));
#4177=CARTESIAN_POINT('Ctrl Pts',(-21.7243994752564,6.,10.8328222997077));
#4178=CARTESIAN_POINT('Ctrl Pts',(-21.6166036770127,5.82569968913749,11.4887366199028));
#4179=CARTESIAN_POINT('Ctrl Pts',(-21.1826511849063,5.11057860247881,12.2829694060199));
#4180=CARTESIAN_POINT('Ctrl Pts',(-20.7564565431502,4.41674188261905,12.5));
#4181=CARTESIAN_POINT('Ctrl Pts',(-20.5,4.,12.5));
#4182=CARTESIAN_POINT('Ctrl Pts',(-21.5,6.,10.5));
#4183=CARTESIAN_POINT('Ctrl Pts',(-21.5,6.,10.7991993003419));
#4184=CARTESIAN_POINT('Ctrl Pts',(-21.4316044807749,5.86320896154984,11.3966245426322));
#4185=CARTESIAN_POINT('Ctrl Pts',(-21.0970775232768,5.19415504655364,12.237965031314));
#4186=CARTESIAN_POINT('Ctrl Pts',(-20.7243994752564,4.44879895051283,12.5));
#4187=CARTESIAN_POINT('Ctrl Pts',(-20.5,4.,12.5));
#4188=CARTESIAN_POINT('',(-22.5,5.,10.5));
#4189=CARTESIAN_POINT('',(-20.5,4.,12.5));
#4190=CARTESIAN_POINT('Origin',(-20.5,3.99999999999999,10.5));
#4191=CARTESIAN_POINT('',(-21.5,5.99999999999999,10.5));
#4192=CARTESIAN_POINT('Origin',(-20.5,3.99999999999999,10.5));
#4193=CARTESIAN_POINT('Origin',(-21.5,5.,10.5));
#4194=CARTESIAN_POINT('Ctrl Pts',(21.5,6.,10.5));
#4195=CARTESIAN_POINT('Ctrl Pts',(21.5,6.,10.7991993003419));
#4196=CARTESIAN_POINT('Ctrl Pts',(21.4481789357117,5.89635787142345,11.2459399777054));
#4197=CARTESIAN_POINT('Ctrl Pts',(21.1689957934913,5.33799158698268,12.1428725341884));
#4198=CARTESIAN_POINT('Ctrl Pts',(20.7991993003419,4.59839860068376,12.5));
#4199=CARTESIAN_POINT('Ctrl Pts',(20.5,3.99999999999999,12.5));
#4200=CARTESIAN_POINT('Ctrl Pts',(21.7991993003419,6.,10.5));
#4201=CARTESIAN_POINT('Ctrl Pts',(21.7991993003419,6.,10.8446314438419));
#4202=CARTESIAN_POINT('Ctrl Pts',(21.7098876776743,5.8625460564832,11.3512894914504));
#4203=CARTESIAN_POINT('Ctrl Pts',(21.3017291320731,5.22395216818398,12.2298473009245));
#4204=CARTESIAN_POINT('Ctrl Pts',(20.8561896432641,4.5414082577615,12.5));
#4205=CARTESIAN_POINT('Ctrl Pts',(20.5,3.99999999999999,12.5));
#4206=CARTESIAN_POINT('Ctrl Pts',(22.3171817881727,5.74885570038894,10.5));
#4207=CARTESIAN_POINT('Ctrl Pts',(22.3171817881727,5.74885570038895,10.8836634429621));
#4208=CARTESIAN_POINT('Ctrl Pts',(22.1647347582888,5.60299780243357,11.4415372092058));
#4209=CARTESIAN_POINT('Ctrl Pts',(21.5371714424117,5.00327092771353,12.2969609096014));
#4210=CARTESIAN_POINT('Ctrl Pts',(20.9559227433781,4.44167515764754,12.5));
#4211=CARTESIAN_POINT('Ctrl Pts',(20.5,4.,12.5));
#4212=CARTESIAN_POINT('Ctrl Pts',(22.5,5.22439947525641,10.5));
#4213=CARTESIAN_POINT('Ctrl Pts',(22.5,5.22439947525641,10.8328222997077));
#4214=CARTESIAN_POINT('Ctrl Pts',(22.3709696814388,5.14443840985185,11.3243337866347));
#4215=CARTESIAN_POINT('Ctrl Pts',(21.7534250030684,4.76941568434525,12.2082197752351));
#4216=CARTESIAN_POINT('Ctrl Pts',(21.0556558434921,4.34194205753358,12.5));
#4217=CARTESIAN_POINT('Ctrl Pts',(20.5,3.99999999999999,12.5));
#4218=CARTESIAN_POINT('Ctrl Pts',(22.5,4.99999999999999,10.5));
#4219=CARTESIAN_POINT('Ctrl Pts',(22.5,4.99999999999999,10.7991993003419));
#4220=CARTESIAN_POINT('Ctrl Pts',(22.3963578714235,4.94817893571172,11.2459399777054));
#4221=CARTESIAN_POINT('Ctrl Pts',(21.8379915869827,4.66899579349134,12.1428725341884));
#4222=CARTESIAN_POINT('Ctrl Pts',(21.0983986006838,4.29919930034188,12.5));
#4223=CARTESIAN_POINT('Ctrl Pts',(20.5,3.99999999999999,12.5));
#4224=CARTESIAN_POINT('',(21.5,6.,10.5));
#4225=CARTESIAN_POINT('',(20.5,4.,12.5));
#4226=CARTESIAN_POINT('Origin',(20.5,4.,10.5));
#4227=CARTESIAN_POINT('',(22.5,4.99999999999999,10.5));
#4228=CARTESIAN_POINT('Origin',(20.5,3.99999999999999,10.5));
#4229=CARTESIAN_POINT('Origin',(21.5,4.99999999999999,10.5));
#4230=CARTESIAN_POINT('Origin',(20.5,1.5,10.5));
#4231=CARTESIAN_POINT('',(20.5,-4.13318294712232E-15,12.5));
#4232=CARTESIAN_POINT('',(20.5,1.5,12.5));
#4233=CARTESIAN_POINT('',(22.5,-4.13318294712232E-15,10.5));
#4234=CARTESIAN_POINT('Origin',(20.5,2.77555756156289E-14,10.5));
#4235=CARTESIAN_POINT('',(22.5,1.5,10.5));
#4236=CARTESIAN_POINT('Origin',(11.25,4.,10.5));
#4237=CARTESIAN_POINT('',(11.25,4.,12.5));
#4238=CARTESIAN_POINT('',(11.25,6.,10.5));
#4239=CARTESIAN_POINT('Origin',(-20.5,4.5,10.5));
#4240=CARTESIAN_POINT('',(-22.5,-4.13318294712232E-15,10.5));
#4241=CARTESIAN_POINT('',(-22.5,4.5,10.5));
#4242=CARTESIAN_POINT('',(-20.5,-4.13318294712232E-15,12.5));
#4243=CARTESIAN_POINT('Origin',(-20.5,-5.55111512312578E-15,10.5));
#4244=CARTESIAN_POINT('',(-20.5,4.5,12.5));
#4245=CARTESIAN_POINT('Origin',(22.5,6.,0.));
#4246=CARTESIAN_POINT('',(21.5,5.99999999999997,4.98832337634329));
#4247=CARTESIAN_POINT('',(21.5,6.,-12.5));
#4248=CARTESIAN_POINT('',(13.926906675341,6.,9.));
#4249=CARTESIAN_POINT('Ctrl Pts',(13.926906675341,6.,9.));
#4250=CARTESIAN_POINT('Ctrl Pts',(15.190823460473,6.,9.));
#4251=CARTESIAN_POINT('Ctrl Pts',(17.7126548100651,6.,8.42211408244046));
#4252=CARTESIAN_POINT('Ctrl Pts',(20.1419796759837,6.,6.63343651718607));
#4253=CARTESIAN_POINT('Ctrl Pts',(21.2387197017902,6.,5.33502303762098));
#4254=CARTESIAN_POINT('Ctrl Pts',(21.4992681165484,6.,4.98777422810182));
#4255=CARTESIAN_POINT('',(10.1980390271856,6.,9.));
#4256=CARTESIAN_POINT('',(11.25,6.,9.));
#4257=CARTESIAN_POINT('',(-10.1980390271856,6.,9.));
#4258=CARTESIAN_POINT('Ctrl Pts',(-10.1980390271856,6.,9.));
#4259=CARTESIAN_POINT('Ctrl Pts',(-9.22027033192088,6.,9.));
#4260=CARTESIAN_POINT('Ctrl Pts',(-7.2677820251265,6.,8.83274172768406));
#4261=CARTESIAN_POINT('Ctrl Pts',(-4.37703847622355,5.99999999999999,8.33765765293083));
#4262=CARTESIAN_POINT('Ctrl Pts',(-1.47220335465688,6.,7.91184225264953));
#4263=CARTESIAN_POINT('Ctrl Pts',(2.45578654081108,5.99999999999999,7.91325644460036));
#4264=CARTESIAN_POINT('Ctrl Pts',(6.29455936667459,6.,8.75411984917965));
#4265=CARTESIAN_POINT('Ctrl Pts',(9.22027033192087,6.,9.));
#4266=CARTESIAN_POINT('Ctrl Pts',(10.1980390271856,6.,9.));
#4267=CARTESIAN_POINT('',(-13.926906675341,6.,9.));
#4268=CARTESIAN_POINT('',(11.25,6.,9.));
#4269=CARTESIAN_POINT('',(-21.5,5.99999999999999,4.9883233763433));
#4270=CARTESIAN_POINT('Ctrl Pts',(-21.4983043927961,5.99999999999999,4.98675018665568));
#4271=CARTESIAN_POINT('Ctrl Pts',(-21.2377348908644,5.99999999999999,5.33413200030593));
#4272=CARTESIAN_POINT('Ctrl Pts',(-20.1420239740764,5.99999999999999,6.63329347528767));
#4273=CARTESIAN_POINT('Ctrl Pts',(-17.7121112550594,5.99999999999999,8.42179944300539));
#4274=CARTESIAN_POINT('Ctrl Pts',(-15.190823460473,5.99999999999999,9.));
#4275=CARTESIAN_POINT('Ctrl Pts',(-13.926906675341,5.99999999999999,9.));
#4276=CARTESIAN_POINT('',(-21.5,5.99999999999999,-12.5));
#4277=CARTESIAN_POINT('Origin',(21.5,4.99999999999997,-12.5));
#4278=CARTESIAN_POINT('',(22.5,5.,-10.5));
#4279=CARTESIAN_POINT('',(22.5,4.99999999999997,-12.5));
#4280=CARTESIAN_POINT('',(21.5,6.,-10.5));
#4281=CARTESIAN_POINT('Origin',(21.5,5.,-10.5));
#4282=CARTESIAN_POINT('',(21.5,5.99999999999997,-4.9883233763433));
#4283=CARTESIAN_POINT('',(21.5,6.,-12.5));
#4284=CARTESIAN_POINT('',(21.5,5.99999999999997,-12.5));
#4285=CARTESIAN_POINT('Origin',(22.5,-4.13318294712232E-15,0.));
#4286=CARTESIAN_POINT('',(22.5,-4.13318294712232E-15,-10.5));
#4287=CARTESIAN_POINT('',(22.5,-4.13318294712232E-15,0.));
#4288=CARTESIAN_POINT('',(22.5,1.5,-10.5));
#4289=CARTESIAN_POINT('Ctrl Pts',(22.5,5.,-10.5));
#4290=CARTESIAN_POINT('Ctrl Pts',(22.5,5.,-10.7991993003419));
#4291=CARTESIAN_POINT('Ctrl Pts',(22.3632089615498,4.93160448077492,-11.3966245426322));
#4292=CARTESIAN_POINT('Ctrl Pts',(21.6941550465536,4.59707752327681,-12.237965031314));
#4293=CARTESIAN_POINT('Ctrl Pts',(20.9487989505128,4.22439947525641,-12.5));
#4294=CARTESIAN_POINT('Ctrl Pts',(20.5,4.,-12.5));
#4295=CARTESIAN_POINT('Ctrl Pts',(22.5,5.29919930034188,-10.5));
#4296=CARTESIAN_POINT('Ctrl Pts',(22.5,5.29919930034188,-10.8446314438419));
#4297=CARTESIAN_POINT('Ctrl Pts',(22.3130055040275,5.17808977912254,-11.5203436299432));
#4298=CARTESIAN_POINT('Ctrl Pts',(21.5817950741374,4.71034289265387,-12.2976392213341));
#4299=CARTESIAN_POINT('Ctrl Pts',(20.9060561933211,4.26714223244811,-12.5));
#4300=CARTESIAN_POINT('Ctrl Pts',(20.5,4.,-12.5));
#4301=CARTESIAN_POINT('Ctrl Pts',(22.2488557003889,5.81718178817268,-10.5));
#4302=CARTESIAN_POINT('Ctrl Pts',(22.2488557003889,5.81718178817268,-10.8836634429621));
#4303=CARTESIAN_POINT('Ctrl Pts',(22.048699916562,5.607741832255,-11.6248287051564));
#4304=CARTESIAN_POINT('Ctrl Pts',(21.3819445894945,4.91084551759228,-12.3417543160136));
#4305=CARTESIAN_POINT('Ctrl Pts',(20.8312563682357,4.34194205753358,-12.5));
#4306=CARTESIAN_POINT('Ctrl Pts',(20.5,4.,-12.5));
#4307=CARTESIAN_POINT('Ctrl Pts',(21.7243994752564,5.99999999999999,-10.5));
#4308=CARTESIAN_POINT('Ctrl Pts',(21.7243994752564,5.99999999999999,-10.8328222997077));
#4309=CARTESIAN_POINT('Ctrl Pts',(21.6166036770127,5.82569968913749,-11.4887366199029));
#4310=CARTESIAN_POINT('Ctrl Pts',(21.1826511849063,5.11057860247881,-12.2829694060199));
#4311=CARTESIAN_POINT('Ctrl Pts',(20.7564565431502,4.41674188261905,-12.5));
#4312=CARTESIAN_POINT('Ctrl Pts',(20.5,4.,-12.5));
#4313=CARTESIAN_POINT('Ctrl Pts',(21.5,5.99999999999999,-10.5));
#4314=CARTESIAN_POINT('Ctrl Pts',(21.5,5.99999999999999,-10.7991993003419));
#4315=CARTESIAN_POINT('Ctrl Pts',(21.4316044807749,5.86320896154984,-11.3966245426322));
#4316=CARTESIAN_POINT('Ctrl Pts',(21.0970775232768,5.19415504655363,-12.237965031314));
#4317=CARTESIAN_POINT('Ctrl Pts',(20.7243994752564,4.44879895051282,-12.5));
#4318=CARTESIAN_POINT('Ctrl Pts',(20.5,4.,-12.5));
#4319=CARTESIAN_POINT('',(20.5,4.,-12.5));
#4320=CARTESIAN_POINT('Origin',(20.5,4.,-10.5));
#4321=CARTESIAN_POINT('Origin',(20.5,4.,-10.5));
#4322=CARTESIAN_POINT('Ctrl Pts',(-21.5,6.,-10.5));
#4323=CARTESIAN_POINT('Ctrl Pts',(-21.5,6.,-10.7991993003419));
#4324=CARTESIAN_POINT('Ctrl Pts',(-21.4316044807749,5.86320896154984,-11.3966245426322));
#4325=CARTESIAN_POINT('Ctrl Pts',(-21.0970775232768,5.19415504655363,-12.237965031314));
#4326=CARTESIAN_POINT('Ctrl Pts',(-20.7243994752564,4.44879895051282,-12.5));
#4327=CARTESIAN_POINT('Ctrl Pts',(-20.5,3.99999999999999,-12.5));
#4328=CARTESIAN_POINT('Ctrl Pts',(-21.7991993003419,5.99999999999999,-10.5));
#4329=CARTESIAN_POINT('Ctrl Pts',(-21.7991993003419,5.99999999999999,-10.8446314438419));
#4330=CARTESIAN_POINT('Ctrl Pts',(-21.6780897791225,5.81300550402747,-11.5203436299432));
#4331=CARTESIAN_POINT('Ctrl Pts',(-21.2103428926539,5.08179507413736,-12.2976392213341));
#4332=CARTESIAN_POINT('Ctrl Pts',(-20.7671422324481,4.40605619332112,-12.5));
#4333=CARTESIAN_POINT('Ctrl Pts',(-20.5,3.99999999999999,-12.5));
#4334=CARTESIAN_POINT('Ctrl Pts',(-22.3171817881727,5.74885570038894,-10.5));
#4335=CARTESIAN_POINT('Ctrl Pts',(-22.3171817881727,5.74885570038894,-10.8836634429621));
#4336=CARTESIAN_POINT('Ctrl Pts',(-22.107741832255,5.54869991656194,-11.6248287051564));
#4337=CARTESIAN_POINT('Ctrl Pts',(-21.4108455175923,4.88194458949446,-12.3417543160136));
#4338=CARTESIAN_POINT('Ctrl Pts',(-20.8419420575336,4.33125636823565,-12.5));
#4339=CARTESIAN_POINT('Ctrl Pts',(-20.5,3.99999999999999,-12.5));
#4340=CARTESIAN_POINT('Ctrl Pts',(-22.5,5.22439947525641,-10.5));
#4341=CARTESIAN_POINT('Ctrl Pts',(-22.5,5.22439947525641,-10.8328222997077));
#4342=CARTESIAN_POINT('Ctrl Pts',(-22.3256996891375,5.11660367701266,-11.4887366199029));
#4343=CARTESIAN_POINT('Ctrl Pts',(-21.6105786024788,4.6826511849063,-12.2829694060199));
#4344=CARTESIAN_POINT('Ctrl Pts',(-20.916741882619,4.25645654315018,-12.5));
#4345=CARTESIAN_POINT('Ctrl Pts',(-20.5,3.99999999999999,-12.5));
#4346=CARTESIAN_POINT('Ctrl Pts',(-22.5,5.,-10.5));
#4347=CARTESIAN_POINT('Ctrl Pts',(-22.5,5.,-10.7991993003419));
#4348=CARTESIAN_POINT('Ctrl Pts',(-22.3632089615498,4.93160448077492,-11.3966245426322));
#4349=CARTESIAN_POINT('Ctrl Pts',(-21.6941550465536,4.59707752327681,-12.237965031314));
#4350=CARTESIAN_POINT('Ctrl Pts',(-20.9487989505128,4.22439947525641,-12.5));
#4351=CARTESIAN_POINT('Ctrl Pts',(-20.5,3.99999999999999,-12.5));
#4352=CARTESIAN_POINT('',(-21.5,5.99999999999999,-10.5));
#4353=CARTESIAN_POINT('',(-20.5,3.99999999999999,-12.5));
#4354=CARTESIAN_POINT('Origin',(-20.5,3.99999999999999,-10.5));
#4355=CARTESIAN_POINT('',(-22.5,5.,-10.5));
#4356=CARTESIAN_POINT('Origin',(-20.5,3.99999999999999,-10.5));
#4357=CARTESIAN_POINT('Origin',(-21.5,5.,-10.5));
#4358=CARTESIAN_POINT('Origin',(-20.5,4.5,-10.5));
#4359=CARTESIAN_POINT('',(-20.5,-4.13318294712232E-15,-12.5));
#4360=CARTESIAN_POINT('',(-20.5,4.5,-12.5));
#4361=CARTESIAN_POINT('',(-22.5,-4.13318294712232E-15,-10.5));
#4362=CARTESIAN_POINT('Origin',(-20.5,-5.55111512312578E-15,-10.5));
#4363=CARTESIAN_POINT('',(-22.5,4.5,-10.5));
#4364=CARTESIAN_POINT('Origin',(11.25,4.,-10.5));
#4365=CARTESIAN_POINT('',(11.25,4.,-12.5));
#4366=CARTESIAN_POINT('',(11.25,6.,-10.5));
#4367=CARTESIAN_POINT('Origin',(20.5,1.5,-10.5));
#4368=CARTESIAN_POINT('',(20.5,-4.13318294712232E-15,-12.5));
#4369=CARTESIAN_POINT('Origin',(20.5,2.77555756156289E-14,-10.5));
#4370=CARTESIAN_POINT('',(20.5,1.5,-12.5));
#4371=CARTESIAN_POINT('Origin',(22.5,6.,0.));
#4372=CARTESIAN_POINT('',(-21.4999999973611,5.99999999999999,-4.98832337980698));
#4373=CARTESIAN_POINT('',(-21.5,5.99999999999999,-12.5));
#4374=CARTESIAN_POINT('',(-13.926906675341,5.99999999999999,-9.));
#4375=CARTESIAN_POINT('Ctrl Pts',(-13.926906675341,5.99999999999999,-9.));
#4376=CARTESIAN_POINT('Ctrl Pts',(-15.822781853039,5.99999999999999,-9.));
#4377=CARTESIAN_POINT('Ctrl Pts',(-18.7495398698899,6.,-7.964286154776));
#4378=CARTESIAN_POINT('Ctrl Pts',(-20.8569631908847,5.99999999999999,-5.83983891432956));
#4379=CARTESIAN_POINT('Ctrl Pts',(-21.4971113564071,5.99999999999999,-4.98615728165422));
#4380=CARTESIAN_POINT('',(-10.1980390271856,6.,-9.));
#4381=CARTESIAN_POINT('',(11.25,6.,-9.));
#4382=CARTESIAN_POINT('',(10.1980390271856,6.,-9.));
#4383=CARTESIAN_POINT('Ctrl Pts',(10.1980390271856,6.,-9.));
#4384=CARTESIAN_POINT('Ctrl Pts',(9.22027033192088,6.,-9.));
#4385=CARTESIAN_POINT('Ctrl Pts',(7.26778202512651,6.,-8.83274172768406));
#4386=CARTESIAN_POINT('Ctrl Pts',(4.37703847622355,5.99999999999999,-8.33765765293083));
#4387=CARTESIAN_POINT('Ctrl Pts',(1.47220335465688,6.,-7.91184225264952));
#4388=CARTESIAN_POINT('Ctrl Pts',(-2.45578654081107,5.99999999999999,-7.91325644460037));
#4389=CARTESIAN_POINT('Ctrl Pts',(-6.29455936667459,6.,-8.75411984917964));
#4390=CARTESIAN_POINT('Ctrl Pts',(-9.22027033192088,6.,-9.));
#4391=CARTESIAN_POINT('Ctrl Pts',(-10.1980390271856,6.,-9.));
#4392=CARTESIAN_POINT('',(13.926906675341,6.,-9.));
#4393=CARTESIAN_POINT('',(11.25,6.,-9.));
#4394=CARTESIAN_POINT('Ctrl Pts',(21.499502538741,5.99999999999999,-4.98746178803747));
#4395=CARTESIAN_POINT('Ctrl Pts',(21.2388879604073,5.99999999999999,-5.33482383518967));
#4396=CARTESIAN_POINT('Ctrl Pts',(20.1420865150031,6.,-6.63335785312604));
#4397=CARTESIAN_POINT('Ctrl Pts',(17.7126548100651,6.,-8.42211408244046));
#4398=CARTESIAN_POINT('Ctrl Pts',(15.190823460473,6.,-9.));
#4399=CARTESIAN_POINT('Ctrl Pts',(13.926906675341,6.,-9.));
#4400=CARTESIAN_POINT('Origin',(-21.5,4.99999999999999,-12.5));
#4401=CARTESIAN_POINT('',(-21.5,5.99999999999999,-12.5));
#4402=CARTESIAN_POINT('',(-22.5,4.99999999999999,-12.5));
#4403=CARTESIAN_POINT('Origin',(-22.5,5.99999999999999,0.));
#4404=CARTESIAN_POINT('',(-22.5,-4.13318294712232E-15,0.));
#4405=CARTESIAN_POINT('Origin',(-21.5,5.99999999999999,-12.5));
#4406=CARTESIAN_POINT('',(-22.4999999816597,5.99999999999999,3.37891816094781));
#4407=CARTESIAN_POINT('Ctrl Pts',(-22.4998192067581,5.99999999999999,3.37882878203955));
#4408=CARTESIAN_POINT('Ctrl Pts',(-22.3070627676562,5.99999999999999,3.76869185592911));
#4409=CARTESIAN_POINT('Ctrl Pts',(-21.9828969276345,5.99999999999999,4.31337647444102));
#4410=CARTESIAN_POINT('Ctrl Pts',(-21.6166264261588,5.99999999999999,4.82901449106175));
#4411=CARTESIAN_POINT('Ctrl Pts',(-21.4981597799864,5.99999999999999,4.9869429749665));
#4412=CARTESIAN_POINT('',(-22.4999999816597,5.99999999999999,-3.3789181609478));
#4413=CARTESIAN_POINT('',(-22.5,5.99999999999999,0.));
#4414=CARTESIAN_POINT('Ctrl Pts',(-21.4971113564071,5.99999999999999,-4.98615728165422));
#4415=CARTESIAN_POINT('Ctrl Pts',(-21.615677700365,6.,-4.82804090244421));
#4416=CARTESIAN_POINT('Ctrl Pts',(-21.9823331339682,6.,-4.31195394698422));
#4417=CARTESIAN_POINT('Ctrl Pts',(-22.3064963656393,6.,-3.76799777805873));
#4418=CARTESIAN_POINT('Ctrl Pts',(-22.4992734499216,6.,-3.37855851904668));
#4419=CARTESIAN_POINT('Origin',(0.,3.,12.5));
#4420=CARTESIAN_POINT('',(-22.5,-4.13318294712232E-15,12.5));
#4421=CARTESIAN_POINT('Origin',(0.,3.,-12.5));
#4422=CARTESIAN_POINT('',(-22.5,-4.13318294712232E-15,-12.5));
#4423=CARTESIAN_POINT('Origin',(22.5,6.,-12.5));
#4424=CARTESIAN_POINT('',(22.4999999816597,6.,-3.3789181609478));
#4425=CARTESIAN_POINT('Ctrl Pts',(22.4996561385484,5.99999999999999,-3.37863267402214));
#4426=CARTESIAN_POINT('Ctrl Pts',(22.3073158584082,5.99999999999999,-3.76876841430342));
#4427=CARTESIAN_POINT('Ctrl Pts',(21.9840787317336,5.99999999999999,-4.31394788241612));
#4428=CARTESIAN_POINT('Ctrl Pts',(21.6179381452973,5.99999999999999,-4.8296040234712));
#4429=CARTESIAN_POINT('Ctrl Pts',(21.499502538741,5.99999999999999,-4.98746178803747));
#4430=CARTESIAN_POINT('',(22.4999999816597,6.,3.37891816094779));
#4431=CARTESIAN_POINT('',(22.5,6.,0.));
#4432=CARTESIAN_POINT('Ctrl Pts',(21.4992681165484,6.,4.98777422810182));
#4433=CARTESIAN_POINT('Ctrl Pts',(21.6177873094342,6.,4.82981645018584));
#4434=CARTESIAN_POINT('Ctrl Pts',(21.9839920789369,6.,4.31408844641133));
#4435=CARTESIAN_POINT('Ctrl Pts',(22.3072804174197,6.,3.76882818961605));
#4436=CARTESIAN_POINT('Ctrl Pts',(22.4996101458085,6.,3.37872596250602));
#4437=CARTESIAN_POINT('Ctrl Pts',(-23.143232728907,5.99999999999999,-0.999999999999999));
#4438=CARTESIAN_POINT('Ctrl Pts',(-23.143232728907,5.99999999999999,-1.63201412153881));
#4439=CARTESIAN_POINT('Ctrl Pts',(-22.8149650420861,6.,-2.87428998894836));
#4440=CARTESIAN_POINT('Ctrl Pts',(-21.5722871576975,5.99999999999999,-5.08298857651823));
#4441=CARTESIAN_POINT('Ctrl Pts',(-18.9446872708966,6.,-7.89522787803485));
#4442=CARTESIAN_POINT('Ctrl Pts',(-15.822781853039,5.99999999999999,-9.));
#4443=CARTESIAN_POINT('Ctrl Pts',(-13.926906675341,5.99999999999999,-9.));
#4444=CARTESIAN_POINT('Ctrl Pts',(-22.8510445511048,5.99999999999999,-0.999999999999999));
#4445=CARTESIAN_POINT('Ctrl Pts',(-22.8510445511048,5.99999999999999,-1.58483921160751));
#4446=CARTESIAN_POINT('Ctrl Pts',(-22.4698070263857,6.00059814594977,-2.73373238247427));
#4447=CARTESIAN_POINT('Ctrl Pts',(-21.1002333886288,6.00089786200727,-4.75000207187051));
#4448=CARTESIAN_POINT('Ctrl Pts',(-18.4625874622159,5.99878784439302,-7.22971425770819));
#4449=CARTESIAN_POINT('Ctrl Pts',(-15.6212921124541,6.00117841628047,-8.13431343157285));
#4450=CARTESIAN_POINT('Ctrl Pts',(-13.926906675341,5.99999999999999,-8.10240209897435));
#4451=CARTESIAN_POINT('Ctrl Pts',(-22.3397737839726,6.07525892998475,-0.999999999999999));
#4452=CARTESIAN_POINT('Ctrl Pts',(-22.3397737839726,6.07525892998475,-1.50229965228414));
#4453=CARTESIAN_POINT('Ctrl Pts',(-21.8656006311101,6.1132160323558,-2.48725282571934));
#4454=CARTESIAN_POINT('Ctrl Pts',(-20.2750283868273,6.27940245981611,-4.16592916657013));
#4455=CARTESIAN_POINT('Ctrl Pts',(-17.6255660667518,6.56421880844112,-6.07033802494635));
#4456=CARTESIAN_POINT('Ctrl Pts',(-15.2748819941652,6.69653044818886,-6.63063674948783));
#4457=CARTESIAN_POINT('Ctrl Pts',(-13.926906675341,6.75235203040841,-6.54768428592033));
#4458=CARTESIAN_POINT('Ctrl Pts',(-21.8663336784868,6.27648175123379,-1.));
#4459=CARTESIAN_POINT('Ctrl Pts',(-21.8663336784868,6.27648175123379,-1.42586129849143));
#4460=CARTESIAN_POINT('Ctrl Pts',(-21.322844438521,6.41470353063751,-2.26188367590006));
#4461=CARTESIAN_POINT('Ctrl Pts',(-19.654423309202,6.98713987792419,-3.70984870122404));
#4462=CARTESIAN_POINT('Ctrl Pts',(-17.2370644149332,7.84981274829063,-5.43904390909367));
#4463=CARTESIAN_POINT('Ctrl Pts',(-15.1515797892499,8.18556618268383,-6.03714223329244));
#4464=CARTESIAN_POINT('Ctrl Pts',(-13.926906675341,8.32680157423075,-6.));
#4465=CARTESIAN_POINT('Ctrl Pts',(-21.6752218362212,6.38371560816573,-1.));
#4466=CARTESIAN_POINT('Ctrl Pts',(-21.6752218362212,6.38371560816573,-1.39500882596175));
#4467=CARTESIAN_POINT('Ctrl Pts',(-21.1090009708239,6.57474342058914,-2.17143124309274));
#4468=CARTESIAN_POINT('Ctrl Pts',(-19.4493267723723,7.34730044554038,-3.55186786032389));
#4469=CARTESIAN_POINT('Ctrl Pts',(-17.186289251135,8.44469607703408,-5.30951742377177));
#4470=CARTESIAN_POINT('Ctrl Pts',(-15.1520471307977,8.83575651033012,-6.));
#4471=CARTESIAN_POINT('Ctrl Pts',(-13.926906675341,8.99999999999999,-6.));
#4472=CARTESIAN_POINT('',(-21.6752218362212,6.38371560816573,-1.));
#4473=CARTESIAN_POINT('Ctrl Pts',(-22.4999999999237,5.99999999999999,-3.37891808714124));
#4474=CARTESIAN_POINT('Ctrl Pts',(-22.4999999999237,5.99999999999999,-3.23711976557088));
#4475=CARTESIAN_POINT('Ctrl Pts',(-22.4947168908711,6.00197505735678,-3.09492827544465));
#4476=CARTESIAN_POINT('Ctrl Pts',(-22.4610214883029,6.01475765715017,-2.685634421185));
#4477=CARTESIAN_POINT('Ctrl Pts',(-22.4158533926781,6.03175312326413,-2.41884667137879));
#4478=CARTESIAN_POINT('Ctrl Pts',(-22.2848323898445,6.08533918130607,-1.97651694392031));
#4479=CARTESIAN_POINT('Ctrl Pts',(-22.2140394045775,6.11511993835057,-1.79765485611149));
#4480=CARTESIAN_POINT('Ctrl Pts',(-22.0039690713758,6.21072821723017,-1.3939558956913));
#4481=CARTESIAN_POINT('Ctrl Pts',(-21.855513153657,6.28282832527092,-1.18985625054332));
#4482=CARTESIAN_POINT('Ctrl Pts',(-21.6793476137286,6.38140221869232,-1.00432525849223));
#4483=CARTESIAN_POINT('Ctrl Pts',(-21.6772859717226,6.38255741091104,-1.00216064732944));
#4484=CARTESIAN_POINT('Ctrl Pts',(-21.6752218362212,6.38371560816573,-1.00000000000184));
#4485=CARTESIAN_POINT('',(-13.926906675341,8.99999999999999,-6.));
#4486=CARTESIAN_POINT('Ctrl Pts',(-21.6752218362212,6.38371560816573,-1.));
#4487=CARTESIAN_POINT('Ctrl Pts',(-21.6752218362212,6.38371560816573,-1.39500882596175));
#4488=CARTESIAN_POINT('Ctrl Pts',(-21.1090009708239,6.57474342058914,-2.17143124309274));
#4489=CARTESIAN_POINT('Ctrl Pts',(-19.4493267723723,7.34730044554038,-3.55186786032389));
#4490=CARTESIAN_POINT('Ctrl Pts',(-17.186289251135,8.44469607703408,-5.30951742377177));
#4491=CARTESIAN_POINT('Ctrl Pts',(-15.1520471307977,8.83575651033012,-6.));
#4492=CARTESIAN_POINT('Ctrl Pts',(-13.926906675341,8.99999999999999,-6.));
#4493=CARTESIAN_POINT('Origin',(-13.926906675341,8.99999999999999,-9.));
#4494=CARTESIAN_POINT('Origin',(11.25,8.99999999999999,-9.));
#4495=CARTESIAN_POINT('',(-10.1980390271856,8.99999999999999,-6.));
#4496=CARTESIAN_POINT('Origin',(-10.1980390271856,8.99999999999999,-9.));
#4497=CARTESIAN_POINT('',(11.25,8.99999999999999,-6.));
#4498=CARTESIAN_POINT('Ctrl Pts',(-10.1980390271856,6.,-9.));
#4499=CARTESIAN_POINT('Ctrl Pts',(-9.22027033192088,6.,-9.));
#4500=CARTESIAN_POINT('Ctrl Pts',(-6.29455936667459,6.,-8.75411984917964));
#4501=CARTESIAN_POINT('Ctrl Pts',(-2.45578654081107,5.99999999999999,-7.91325644460037));
#4502=CARTESIAN_POINT('Ctrl Pts',(1.47220335465688,6.,-7.91184225264952));
#4503=CARTESIAN_POINT('Ctrl Pts',(4.37703847622355,5.99999999999999,-8.33765765293083));
#4504=CARTESIAN_POINT('Ctrl Pts',(7.26778202512651,6.,-8.83274172768406));
#4505=CARTESIAN_POINT('Ctrl Pts',(9.22027033192088,6.,-9.));
#4506=CARTESIAN_POINT('Ctrl Pts',(10.1980390271856,6.,-9.));
#4507=CARTESIAN_POINT('Ctrl Pts',(-10.1980390271856,6.,-8.10240209897435));
#4508=CARTESIAN_POINT('Ctrl Pts',(-9.27118235630179,6.00131161025317,-8.13792030397709));
#4509=CARTESIAN_POINT('Ctrl Pts',(-6.4457732619751,6.00070761321698,-8.01469975028454));
#4510=CARTESIAN_POINT('Ctrl Pts',(-2.54042416163957,6.00174104351547,-7.31886841007897));
#4511=CARTESIAN_POINT('Ctrl Pts',(1.52249236218649,6.00081553092924,-7.31649183956309));
#4512=CARTESIAN_POINT('Ctrl Pts',(4.49622175141535,6.00168491436649,-7.67131789410764));
#4513=CARTESIAN_POINT('Ctrl Pts',(7.3842575143356,6.00007866246523,-8.05173290478667));
#4514=CARTESIAN_POINT('Ctrl Pts',(9.27118235630176,6.00131161025317,-8.1379203039771));
#4515=CARTESIAN_POINT('Ctrl Pts',(10.1980390271856,6.,-8.10240209897435));
#4516=CARTESIAN_POINT('Ctrl Pts',(-10.1980390271856,6.75209050665417,-6.54748735529016));
#4517=CARTESIAN_POINT('Ctrl Pts',(-9.35871257167122,6.68995952560748,-6.63981576549927));
#4518=CARTESIAN_POINT('Ctrl Pts',(-6.70869567064185,6.50784821004067,-6.7243301195274));
#4519=CARTESIAN_POINT('Ctrl Pts',(-2.68839128614783,6.31882636846113,-6.27832020702837));
#4520=CARTESIAN_POINT('Ctrl Pts',(1.61043232623057,6.31881128750921,-6.27559793844809));
#4521=CARTESIAN_POINT('Ctrl Pts',(4.70396413053501,6.41371938914541,-6.50614671740892));
#4522=CARTESIAN_POINT('Ctrl Pts',(7.5864225103663,6.56834174767808,-6.69218637289401));
#4523=CARTESIAN_POINT('Ctrl Pts',(9.35871257167115,6.68995952560748,-6.63981576549927));
#4524=CARTESIAN_POINT('Ctrl Pts',(10.1980390271856,6.75209050665417,-6.54748735529016));
#4525=CARTESIAN_POINT('Ctrl Pts',(-10.1980390271856,8.32680157423075,-6.));
#4526=CARTESIAN_POINT('Ctrl Pts',(-9.38986832602701,8.16960263635741,-6.0413403436622));
#4527=CARTESIAN_POINT('Ctrl Pts',(-6.84656472007426,7.68697754153146,-6.00356442584002));
#4528=CARTESIAN_POINT('Ctrl Pts',(-2.80135729077585,7.100730410352,-5.54784929133925));
#4529=CARTESIAN_POINT('Ctrl Pts',(1.67603178287596,7.0990124053294,-5.54569953167205));
#4530=CARTESIAN_POINT('Ctrl Pts',(4.83522146144392,7.39668923816292,-5.77942314187029));
#4531=CARTESIAN_POINT('Ctrl Pts',(7.68273290211826,7.84558904317329,-6.01290540693509));
#4532=CARTESIAN_POINT('Ctrl Pts',(9.38986832602692,8.16960263635741,-6.0413403436622));
#4533=CARTESIAN_POINT('Ctrl Pts',(10.1980390271856,8.32680157423076,-6.));
#4534=CARTESIAN_POINT('Ctrl Pts',(-10.1980390271856,8.99999999999999,-6.));
#4535=CARTESIAN_POINT('Ctrl Pts',(-9.38975023910005,8.81719240591238,-6.));
#4536=CARTESIAN_POINT('Ctrl Pts',(-6.87279394400246,8.24192750468098,-5.84632490573727));
#4537=CARTESIAN_POINT('Ctrl Pts',(-2.83932132954581,7.48769076930572,-5.32078527787523));
#4538=CARTESIAN_POINT('Ctrl Pts',(1.69766521333381,7.48424222502131,-5.31990140790595));
#4539=CARTESIAN_POINT('Ctrl Pts',(4.87042503223723,7.86968678384658,-5.58603603308178));
#4540=CARTESIAN_POINT('Ctrl Pts',(7.69702904751556,8.42953182359086,-5.89546357980253));
#4541=CARTESIAN_POINT('Ctrl Pts',(9.38975023909997,8.81719240591239,-6.));
#4542=CARTESIAN_POINT('Ctrl Pts',(10.1980390271856,9.,-6.));
#4543=CARTESIAN_POINT('',(10.1980390271856,9.,-6.));
#4544=CARTESIAN_POINT('Origin',(10.1980390271856,9.,-9.));
#4545=CARTESIAN_POINT('Ctrl Pts',(-10.1980390271856,8.99999999999999,-6.));
#4546=CARTESIAN_POINT('Ctrl Pts',(-9.38975023910005,8.81719240591238,-6.));
#4547=CARTESIAN_POINT('Ctrl Pts',(-6.87279394400246,8.24192750468098,-5.84632490573727));
#4548=CARTESIAN_POINT('Ctrl Pts',(-2.83932132954581,7.48769076930572,-5.32078527787523));
#4549=CARTESIAN_POINT('Ctrl Pts',(1.69766521333381,7.48424222502131,-5.31990140790595));
#4550=CARTESIAN_POINT('Ctrl Pts',(4.87042503223723,7.86968678384658,-5.58603603308178));
#4551=CARTESIAN_POINT('Ctrl Pts',(7.69702904751556,8.42953182359086,-5.89546357980253));
#4552=CARTESIAN_POINT('Ctrl Pts',(9.38975023909997,8.81719240591239,-6.));
#4553=CARTESIAN_POINT('Ctrl Pts',(10.1980390271856,9.,-6.));
#4554=CARTESIAN_POINT('Origin',(11.25,8.99999999999999,-9.));
#4555=CARTESIAN_POINT('',(13.926906675341,8.99999999999999,-6.));
#4556=CARTESIAN_POINT('Origin',(13.926906675341,8.99999999999999,-9.));
#4557=CARTESIAN_POINT('',(11.25,8.99999999999999,-6.));
#4558=CARTESIAN_POINT('Ctrl Pts',(21.6752218362211,6.38371560816574,-0.999999999999994));
#4559=CARTESIAN_POINT('Ctrl Pts',(21.6752218362211,6.38371560816573,-1.39500882596175));
#4560=CARTESIAN_POINT('Ctrl Pts',(21.1051999908007,6.57979683468177,-2.1702762839683));
#4561=CARTESIAN_POINT('Ctrl Pts',(19.8716335835032,7.14635154712298,-3.20889002064503));
#4562=CARTESIAN_POINT('Ctrl Pts',(18.3066993504128,7.91631961084455,-4.44632894487636));
#4563=CARTESIAN_POINT('Ctrl Pts',(16.3956931481784,8.60754272495383,-5.63882130152528));
#4564=CARTESIAN_POINT('Ctrl Pts',(14.7436669789788,8.89050434022008,-6.));
#4565=CARTESIAN_POINT('Ctrl Pts',(13.926906675341,9.,-6.));
#4566=CARTESIAN_POINT('Ctrl Pts',(21.9300376259087,6.24073713225648,-0.999999999999993));
#4567=CARTESIAN_POINT('Ctrl Pts',(21.9300376259087,6.24073713225648,-1.4361415096278));
#4568=CARTESIAN_POINT('Ctrl Pts',(21.3900918726378,6.36514134041412,-2.29206786286737));
#4569=CARTESIAN_POINT('Ctrl Pts',(20.1483717859184,6.7366074419533,-3.39663163183241));
#4570=CARTESIAN_POINT('Ctrl Pts',(18.4825799397349,7.26860864019305,-4.64987460574717));
#4571=CARTESIAN_POINT('Ctrl Pts',(16.4234298576561,7.78614665846081,-5.75557784757819));
#4572=CARTESIAN_POINT('Ctrl Pts',(14.7423570928299,8.01385990778095,-6.03367827520015));
#4573=CARTESIAN_POINT('Ctrl Pts',(13.926906675341,8.10240209897434,-6.));
#4574=CARTESIAN_POINT('Ctrl Pts',(22.4127411782548,6.05618636845761,-0.999999999999991));
#4575=CARTESIAN_POINT('Ctrl Pts',(22.4127411782548,6.05618636845761,-1.51408041208242));
#4576=CARTESIAN_POINT('Ctrl Pts',(21.9483562476792,6.08500054353443,-2.52169733130837));
#4577=CARTESIAN_POINT('Ctrl Pts',(20.7876699517823,6.17538352901978,-3.81819785281593));
#4578=CARTESIAN_POINT('Ctrl Pts',(19.0797347770502,6.31110682864036,-5.27370362113322));
#4579=CARTESIAN_POINT('Ctrl Pts',(16.774045837834,6.45402185073242,-6.52310222298641));
#4580=CARTESIAN_POINT('Ctrl Pts',(14.8561387832249,6.52103135295393,-6.80458083724118));
#4581=CARTESIAN_POINT('Ctrl Pts',(13.926906675341,6.54768428592032,-6.75235203040842));
#4582=CARTESIAN_POINT('Ctrl Pts',(22.9240915955553,6.,-0.99999999999999));
#4583=CARTESIAN_POINT('Ctrl Pts',(22.9240915955553,6.,-1.59663627054794));
#4584=CARTESIAN_POINT('Ctrl Pts',(22.5543268939345,6.00021745816773,-2.76705411965313));
#4585=CARTESIAN_POINT('Ctrl Pts',(21.5560011316936,6.00018090343952,-4.31931773301692));
#4586=CARTESIAN_POINT('Ctrl Pts',(19.9371406994411,6.00027081821783,-6.14200171373363));
#4587=CARTESIAN_POINT('Ctrl Pts',(17.4317222729065,5.99990786930083,-7.85316674492187));
#4588=CARTESIAN_POINT('Ctrl Pts',(15.0908164049499,6.00027266005039,-8.34221659857765));
#4589=CARTESIAN_POINT('Ctrl Pts',(13.926906675341,6.,-8.32680157423076));
#4590=CARTESIAN_POINT('Ctrl Pts',(23.143232728907,6.,-0.999999999999989));
#4591=CARTESIAN_POINT('Ctrl Pts',(23.143232728907,6.,-1.63201412153881));
#4592=CARTESIAN_POINT('Ctrl Pts',(22.8140946317112,6.,-2.87244205434929));
#4593=CARTESIAN_POINT('Ctrl Pts',(21.8852108109865,5.99999999999999,-4.53422403303206));
#4594=CARTESIAN_POINT('Ctrl Pts',(20.3040229946495,6.,-6.51412631180218));
#4595=CARTESIAN_POINT('Ctrl Pts',(17.7126548100651,6.,-8.42211408244046));
#4596=CARTESIAN_POINT('Ctrl Pts',(15.190823460473,6.,-9.));
#4597=CARTESIAN_POINT('Ctrl Pts',(13.926906675341,6.,-9.));
#4598=CARTESIAN_POINT('',(21.6752218362211,6.38371560816574,-1.));
#4599=CARTESIAN_POINT('Ctrl Pts',(21.6752218362211,6.38371560816574,-0.999999999999994));
#4600=CARTESIAN_POINT('Ctrl Pts',(21.6772859716987,6.38255741092446,-1.00216064730257));
#4601=CARTESIAN_POINT('Ctrl Pts',(21.6793476137525,6.38140221867891,-1.00432525851649));
#4602=CARTESIAN_POINT('Ctrl Pts',(21.8038244075482,6.31175089975449,-1.13541958634162));
#4603=CARTESIAN_POINT('Ctrl Pts',(21.9145602687408,6.25533393734603,-1.27555709263757));
#4604=CARTESIAN_POINT('Ctrl Pts',(22.1204406266679,6.15641732244525,-1.60183802301501));
#4605=CARTESIAN_POINT('Ctrl Pts',(22.2088358131395,6.11771461967799,-1.78450742383156));
#4606=CARTESIAN_POINT('Ctrl Pts',(22.4400041398625,6.02019852756651,-2.42030028208587));
#4607=CARTESIAN_POINT('Ctrl Pts',(22.4999999999237,6.,-2.90400993962412));
#4608=CARTESIAN_POINT('Ctrl Pts',(22.4999999999237,6.,-3.37891808714125));
#4609=CARTESIAN_POINT('Ctrl Pts',(13.926906675341,9.,-6.));
#4610=CARTESIAN_POINT('Ctrl Pts',(14.7436669789788,8.89050434022008,-6.));
#4611=CARTESIAN_POINT('Ctrl Pts',(16.3956931481784,8.60754272495383,-5.63882130152528));
#4612=CARTESIAN_POINT('Ctrl Pts',(18.3066993504128,7.91631961084455,-4.44632894487636));
#4613=CARTESIAN_POINT('Ctrl Pts',(19.8716335835032,7.14635154712298,-3.20889002064503));
#4614=CARTESIAN_POINT('Ctrl Pts',(21.1051999908007,6.57979683468177,-2.1702762839683));
#4615=CARTESIAN_POINT('Ctrl Pts',(21.6752218362211,6.38371560816573,-1.39500882596175));
#4616=CARTESIAN_POINT('Ctrl Pts',(21.6752218362211,6.38371560816574,-0.999999999999994));
#4617=CARTESIAN_POINT('Origin',(24.6112436215929,11.6162843918343,-1.));
#4618=CARTESIAN_POINT('',(14.1987943970728,15.163240995289,-6.));
#4619=CARTESIAN_POINT('Origin',(24.6112436215929,11.6162843918343,-6.));
#4620=CARTESIAN_POINT('',(18.9317258627638,13.5509879937187,-1.));
#4621=CARTESIAN_POINT('Origin',(14.1987943970728,15.163240995289,-1.));
#4622=CARTESIAN_POINT('Origin',(24.6112436215929,11.6162843918343,-1.));
#4623=CARTESIAN_POINT('Origin',(0.,20.,-6.));
#4624=CARTESIAN_POINT('Origin',(0.,20.,-6.));
#4625=CARTESIAN_POINT('Origin',(0.,20.,-1.));
#4626=CARTESIAN_POINT('',(-14.1987943970728,15.163240995289,-6.));
#4627=CARTESIAN_POINT('Origin',(0.,20.,-6.));
#4628=CARTESIAN_POINT('',(-18.9317258627638,13.5509879937187,-1.));
#4629=CARTESIAN_POINT('Origin',(-14.1987943970728,15.163240995289,-1.));
#4630=CARTESIAN_POINT('',(-20.,20.,-1.));
#4631=CARTESIAN_POINT('Origin',(0.,20.,-1.));
#4632=CARTESIAN_POINT('',(-10.,20.,-1.));
#4633=CARTESIAN_POINT('Origin',(-15.,20.,-1.));
#4634=CARTESIAN_POINT('',(10.,20.,-1.));
#4635=CARTESIAN_POINT('Origin',(0.,20.,-1.));
#4636=CARTESIAN_POINT('Origin',(0.,20.,-1.));
#4637=CARTESIAN_POINT('Origin',(0.,20.,-1.));
#4638=CARTESIAN_POINT('Origin',(0.,20.,-6.));
#4639=CARTESIAN_POINT('Origin',(-24.6112436215929,11.6162843918343,-6.));
#4640=CARTESIAN_POINT('Origin',(-24.6112436215929,11.6162843918343,-1.));
#4641=CARTESIAN_POINT('Origin',(-24.6112436215929,11.6162843918343,-1.));
#4642=CARTESIAN_POINT('Ctrl Pts',(23.143232728907,6.,1.));
#4643=CARTESIAN_POINT('Ctrl Pts',(23.143232728907,6.,1.63201412153881));
#4644=CARTESIAN_POINT('Ctrl Pts',(22.8140946317112,6.,2.87244205434929));
#4645=CARTESIAN_POINT('Ctrl Pts',(21.8852108109865,6.,4.53422403303204));
#4646=CARTESIAN_POINT('Ctrl Pts',(20.3040229946495,6.,6.51412631180218));
#4647=CARTESIAN_POINT('Ctrl Pts',(17.7126548100651,6.,8.42211408244046));
#4648=CARTESIAN_POINT('Ctrl Pts',(15.190823460473,6.,9.));
#4649=CARTESIAN_POINT('Ctrl Pts',(13.926906675341,6.,9.));
#4650=CARTESIAN_POINT('Ctrl Pts',(22.8510445511048,6.,1.));
#4651=CARTESIAN_POINT('Ctrl Pts',(22.8510445511048,6.,1.58483921160751));
#4652=CARTESIAN_POINT('Ctrl Pts',(22.4679611860324,6.00109267076363,2.73259968659781));
#4653=CARTESIAN_POINT('Ctrl Pts',(21.4463500321129,6.00062502587203,4.24825573961462));
#4654=CARTESIAN_POINT('Ctrl Pts',(19.814246788633,6.00043111642445,6.01889678380464));
#4655=CARTESIAN_POINT('Ctrl Pts',(17.3370181278598,5.99919881251995,7.66325484115678));
#4656=CARTESIAN_POINT('Ctrl Pts',(15.0564969667498,6.00078561085365,8.12367632070668));
#4657=CARTESIAN_POINT('Ctrl Pts',(13.926906675341,6.,8.10240209897435));
#4658=CARTESIAN_POINT('Ctrl Pts',(22.3397737839726,6.07525892998476,1.));
#4659=CARTESIAN_POINT('Ctrl Pts',(22.3397737839726,6.07525892998476,1.50229965228415));
#4660=CARTESIAN_POINT('Ctrl Pts',(21.8619508809664,6.11397316467956,2.48671213112739));
#4661=CARTESIAN_POINT('Ctrl Pts',(20.6788784725801,6.23663875134661,3.74720583933668));
#4662=CARTESIAN_POINT('Ctrl Pts',(18.9607986800319,6.42301868152128,5.15280797099943));
#4663=CARTESIAN_POINT('Ctrl Pts',(16.6867096196618,6.62161893930837,6.34414711267174));
#4664=CARTESIAN_POINT('Ctrl Pts',(14.8255568878906,6.71513764226205,6.60298592829866));
#4665=CARTESIAN_POINT('Ctrl Pts',(13.926906675341,6.75235203040841,6.54768428592033));
#4666=CARTESIAN_POINT('Ctrl Pts',(21.8663336784868,6.2764817512338,1.));
#4667=CARTESIAN_POINT('Ctrl Pts',(21.8663336784868,6.2764817512338,1.42586129849143));
#4668=CARTESIAN_POINT('Ctrl Pts',(21.3187180243544,6.41815711654825,2.26116159359232));
#4669=CARTESIAN_POINT('Ctrl Pts',(20.0791280308282,6.83871600423645,3.34930586712386));
#4670=CARTESIAN_POINT('Ctrl Pts',(18.4390121150473,7.43042280606185,4.59834391923309));
#4671=CARTESIAN_POINT('Ctrl Pts',(16.4172165339773,7.99202295097294,5.7265598146268));
#4672=CARTESIAN_POINT('Ctrl Pts',(14.743355417947,8.2326446465328,6.02476148886163));
#4673=CARTESIAN_POINT('Ctrl Pts',(13.926906675341,8.32680157423076,6.));
#4674=CARTESIAN_POINT('Ctrl Pts',(21.6752218362211,6.38371560816574,1.));
#4675=CARTESIAN_POINT('Ctrl Pts',(21.6752218362211,6.38371560816574,1.39500882596176));
#4676=CARTESIAN_POINT('Ctrl Pts',(21.1051999908007,6.57979683468177,2.17027628396833));
#4677=CARTESIAN_POINT('Ctrl Pts',(19.8716335835032,7.14635154712298,3.20889002064503));
#4678=CARTESIAN_POINT('Ctrl Pts',(18.3066993504128,7.91631961084456,4.44632894487637));
#4679=CARTESIAN_POINT('Ctrl Pts',(16.3956931481784,8.60754272495383,5.63882130152528));
#4680=CARTESIAN_POINT('Ctrl Pts',(14.7436669789789,8.89050434022008,6.));
#4681=CARTESIAN_POINT('Ctrl Pts',(13.926906675341,9.,6.));
#4682=CARTESIAN_POINT('',(21.6752218362211,6.38371560816574,1.));
#4683=CARTESIAN_POINT('Ctrl Pts',(22.4999999999237,6.,3.37891808714125));
#4684=CARTESIAN_POINT('Ctrl Pts',(22.4999999999237,6.,3.23711976557109));
#4685=CARTESIAN_POINT('Ctrl Pts',(22.4947168908711,6.00197505735678,3.09492827544473));
#4686=CARTESIAN_POINT('Ctrl Pts',(22.4610214883028,6.01475765715018,2.68563442118471));
#4687=CARTESIAN_POINT('Ctrl Pts',(22.4158533926781,6.03175312326414,2.41884667137871));
#4688=CARTESIAN_POINT('Ctrl Pts',(22.2848323898445,6.08533918130605,1.97651694392054));
#4689=CARTESIAN_POINT('Ctrl Pts',(22.2140394045775,6.11511993835055,1.79765485611157));
#4690=CARTESIAN_POINT('Ctrl Pts',(22.0039690731286,6.21072821643242,1.39395589905978));
#4691=CARTESIAN_POINT('Ctrl Pts',(21.8555131677077,6.28282831740883,1.18985626542728));
#4692=CARTESIAN_POINT('Ctrl Pts',(21.6793476133108,6.38140221892606,1.00432525804808));
#4693=CARTESIAN_POINT('Ctrl Pts',(21.6772859721418,6.38255741067583,1.00216064776825));
#4694=CARTESIAN_POINT('Ctrl Pts',(21.6752218362211,6.38371560816574,1.00000000000184));
#4695=CARTESIAN_POINT('',(13.926906675341,9.,6.));
#4696=CARTESIAN_POINT('Ctrl Pts',(21.6752218362211,6.38371560816574,1.));
#4697=CARTESIAN_POINT('Ctrl Pts',(21.6752218362211,6.38371560816574,1.39500882596176));
#4698=CARTESIAN_POINT('Ctrl Pts',(21.1051999908007,6.57979683468177,2.17027628396833));
#4699=CARTESIAN_POINT('Ctrl Pts',(19.8716335835032,7.14635154712298,3.20889002064503));
#4700=CARTESIAN_POINT('Ctrl Pts',(18.3066993504128,7.91631961084456,4.44632894487637));
#4701=CARTESIAN_POINT('Ctrl Pts',(16.3956931481784,8.60754272495383,5.63882130152528));
#4702=CARTESIAN_POINT('Ctrl Pts',(14.7436669789789,8.89050434022008,6.));
#4703=CARTESIAN_POINT('Ctrl Pts',(13.926906675341,9.,6.));
#4704=CARTESIAN_POINT('Origin',(13.926906675341,9.,9.));
#4705=CARTESIAN_POINT('Origin',(11.25,8.99999999999999,9.));
#4706=CARTESIAN_POINT('',(10.1980390271856,8.99999999999999,6.));
#4707=CARTESIAN_POINT('Origin',(10.1980390271856,8.99999999999999,9.));
#4708=CARTESIAN_POINT('',(11.25,8.99999999999999,6.));
#4709=CARTESIAN_POINT('Ctrl Pts',(10.1980390271856,6.,9.));
#4710=CARTESIAN_POINT('Ctrl Pts',(9.22027033192087,6.,9.));
#4711=CARTESIAN_POINT('Ctrl Pts',(6.29455936667459,6.,8.75411984917965));
#4712=CARTESIAN_POINT('Ctrl Pts',(2.45578654081108,5.99999999999999,7.91325644460036));
#4713=CARTESIAN_POINT('Ctrl Pts',(-1.47220335465688,6.,7.91184225264953));
#4714=CARTESIAN_POINT('Ctrl Pts',(-4.37703847622355,5.99999999999999,8.33765765293083));
#4715=CARTESIAN_POINT('Ctrl Pts',(-7.2677820251265,6.,8.83274172768406));
#4716=CARTESIAN_POINT('Ctrl Pts',(-9.22027033192088,6.,9.));
#4717=CARTESIAN_POINT('Ctrl Pts',(-10.1980390271856,6.,9.));
#4718=CARTESIAN_POINT('Ctrl Pts',(10.1980390271856,6.,8.10240209897435));
#4719=CARTESIAN_POINT('Ctrl Pts',(9.27118235630179,6.00131161025317,8.13792030397709));
#4720=CARTESIAN_POINT('Ctrl Pts',(6.4457732619751,6.00070761321698,8.01469975028455));
#4721=CARTESIAN_POINT('Ctrl Pts',(2.54042416163957,6.00174104351547,7.31886841007896));
#4722=CARTESIAN_POINT('Ctrl Pts',(-1.52249236218648,6.00081553092924,7.31649183956309));
#4723=CARTESIAN_POINT('Ctrl Pts',(-4.49622175141535,6.00168491436649,7.67131789410764));
#4724=CARTESIAN_POINT('Ctrl Pts',(-7.3842575143356,6.00007866246523,8.05173290478667));
#4725=CARTESIAN_POINT('Ctrl Pts',(-9.27118235630177,6.00131161025317,8.1379203039771));
#4726=CARTESIAN_POINT('Ctrl Pts',(-10.1980390271856,6.,8.10240209897435));
#4727=CARTESIAN_POINT('Ctrl Pts',(10.1980390271856,6.75209050665417,6.54748735529016));
#4728=CARTESIAN_POINT('Ctrl Pts',(9.35871257167121,6.68995952560748,6.63981576549926));
#4729=CARTESIAN_POINT('Ctrl Pts',(6.70869567064187,6.50784821004067,6.7243301195274));
#4730=CARTESIAN_POINT('Ctrl Pts',(2.68839128614782,6.31882636846113,6.27832020702837));
#4731=CARTESIAN_POINT('Ctrl Pts',(-1.61043232623057,6.31881128750921,6.27559793844809));
#4732=CARTESIAN_POINT('Ctrl Pts',(-4.70396413053501,6.41371938914541,6.50614671740892));
#4733=CARTESIAN_POINT('Ctrl Pts',(-7.5864225103663,6.56834174767808,6.69218637289401));
#4734=CARTESIAN_POINT('Ctrl Pts',(-9.35871257167117,6.68995952560748,6.63981576549927));
#4735=CARTESIAN_POINT('Ctrl Pts',(-10.1980390271856,6.75209050665417,6.54748735529016));
#4736=CARTESIAN_POINT('Ctrl Pts',(10.1980390271856,8.32680157423076,6.));
#4737=CARTESIAN_POINT('Ctrl Pts',(9.389868326027,8.16960263635741,6.0413403436622));
#4738=CARTESIAN_POINT('Ctrl Pts',(6.84656472007426,7.68697754153146,6.00356442584002));
#4739=CARTESIAN_POINT('Ctrl Pts',(2.80135729077585,7.100730410352,5.54784929133925));
#4740=CARTESIAN_POINT('Ctrl Pts',(-1.67603178287596,7.0990124053294,5.54569953167205));
#4741=CARTESIAN_POINT('Ctrl Pts',(-4.83522146144393,7.39668923816292,5.7794231418703));
#4742=CARTESIAN_POINT('Ctrl Pts',(-7.68273290211826,7.84558904317329,6.01290540693509));
#4743=CARTESIAN_POINT('Ctrl Pts',(-9.38986832602694,8.16960263635741,6.0413403436622));
#4744=CARTESIAN_POINT('Ctrl Pts',(-10.1980390271856,8.32680157423076,6.));
#4745=CARTESIAN_POINT('Ctrl Pts',(10.1980390271856,9.,6.));
#4746=CARTESIAN_POINT('Ctrl Pts',(9.38975023910005,8.81719240591239,6.));
#4747=CARTESIAN_POINT('Ctrl Pts',(6.87279394400246,8.24192750468098,5.84632490573728));
#4748=CARTESIAN_POINT('Ctrl Pts',(2.83932132954582,7.48769076930571,5.32078527787523));
#4749=CARTESIAN_POINT('Ctrl Pts',(-1.69766521333381,7.4842422250213,5.31990140790595));
#4750=CARTESIAN_POINT('Ctrl Pts',(-4.87042503223723,7.86968678384658,5.58603603308178));
#4751=CARTESIAN_POINT('Ctrl Pts',(-7.69702904751556,8.42953182359086,5.89546357980253));
#4752=CARTESIAN_POINT('Ctrl Pts',(-9.38975023909999,8.81719240591239,6.));
#4753=CARTESIAN_POINT('Ctrl Pts',(-10.1980390271856,9.,6.));
#4754=CARTESIAN_POINT('',(-10.1980390271856,9.,6.));
#4755=CARTESIAN_POINT('Origin',(-10.1980390271856,8.99999999999999,9.));
#4756=CARTESIAN_POINT('Ctrl Pts',(10.1980390271856,9.,6.));
#4757=CARTESIAN_POINT('Ctrl Pts',(9.38975023910005,8.81719240591239,6.));
#4758=CARTESIAN_POINT('Ctrl Pts',(6.87279394400246,8.24192750468098,5.84632490573728));
#4759=CARTESIAN_POINT('Ctrl Pts',(2.83932132954582,7.48769076930571,5.32078527787523));
#4760=CARTESIAN_POINT('Ctrl Pts',(-1.69766521333381,7.4842422250213,5.31990140790595));
#4761=CARTESIAN_POINT('Ctrl Pts',(-4.87042503223723,7.86968678384658,5.58603603308178));
#4762=CARTESIAN_POINT('Ctrl Pts',(-7.69702904751556,8.42953182359086,5.89546357980253));
#4763=CARTESIAN_POINT('Ctrl Pts',(-9.38975023909999,8.81719240591239,6.));
#4764=CARTESIAN_POINT('Ctrl Pts',(-10.1980390271856,9.,6.));
#4765=CARTESIAN_POINT('Origin',(11.25,8.99999999999999,9.));
#4766=CARTESIAN_POINT('',(-13.926906675341,8.99999999999999,6.));
#4767=CARTESIAN_POINT('Origin',(-13.926906675341,8.99999999999999,9.));
#4768=CARTESIAN_POINT('',(11.25,8.99999999999999,6.));
#4769=CARTESIAN_POINT('Ctrl Pts',(-21.6752218362212,6.38371560816573,0.999999999999995));
#4770=CARTESIAN_POINT('Ctrl Pts',(-21.6752218362212,6.38371560816573,1.39500882596175));
#4771=CARTESIAN_POINT('Ctrl Pts',(-21.1095145510801,6.57883401987257,2.17088503818748));
#4772=CARTESIAN_POINT('Ctrl Pts',(-19.8663793640508,7.14753372607046,3.20819316466699));
#4773=CARTESIAN_POINT('Ctrl Pts',(-18.3066167615975,7.91633498167992,4.44629913464352));
#4774=CARTESIAN_POINT('Ctrl Pts',(-16.3941838402851,8.60788456254501,5.63862465187837));
#4775=CARTESIAN_POINT('Ctrl Pts',(-14.7436669789788,8.89050434022008,6.));
#4776=CARTESIAN_POINT('Ctrl Pts',(-13.926906675341,8.99999999999999,6.));
#4777=CARTESIAN_POINT('Ctrl Pts',(-21.9300376259087,6.24073713225648,0.999999999999994));
#4778=CARTESIAN_POINT('Ctrl Pts',(-21.9300376259087,6.24073713225648,1.43614150962779));
#4779=CARTESIAN_POINT('Ctrl Pts',(-21.3937453511224,6.36455312856038,2.292540092996));
#4780=CARTESIAN_POINT('Ctrl Pts',(-20.1437896433657,6.73720474095964,3.39594128149036));
#4781=CARTESIAN_POINT('Ctrl Pts',(-18.4825286585936,7.26862766278854,4.64987547036572));
#4782=CARTESIAN_POINT('Ctrl Pts',(-16.4221027581747,7.78631466358891,5.75537644055683));
#4783=CARTESIAN_POINT('Ctrl Pts',(-14.7423570928299,8.01385990778095,6.03367827520015));
#4784=CARTESIAN_POINT('Ctrl Pts',(-13.926906675341,8.10240209897434,6.));
#4785=CARTESIAN_POINT('Ctrl Pts',(-22.4127411782548,6.05618636845761,0.999999999999993));
#4786=CARTESIAN_POINT('Ctrl Pts',(-22.4127411782548,6.05618636845761,1.5140804120824));
#4787=CARTESIAN_POINT('Ctrl Pts',(-21.9510947835665,6.08493132926027,2.52240354833851));
#4788=CARTESIAN_POINT('Ctrl Pts',(-20.7843010195942,6.17553329900538,3.81743167576319));
#4789=CARTESIAN_POINT('Ctrl Pts',(-19.0796977684985,6.31109863634989,5.27365852963559));
#4790=CARTESIAN_POINT('Ctrl Pts',(-16.7730745917437,6.45406836961648,6.52288935940916));
#4791=CARTESIAN_POINT('Ctrl Pts',(-14.8561387832249,6.52103135295393,6.80458083724119));
#4792=CARTESIAN_POINT('Ctrl Pts',(-13.926906675341,6.54768428592032,6.75235203040842));
#4793=CARTESIAN_POINT('Ctrl Pts',(-22.9240915955553,5.99999999999999,0.999999999999992));
#4794=CARTESIAN_POINT('Ctrl Pts',(-22.9240915955553,5.99999999999999,1.59663627054791));
#4795=CARTESIAN_POINT('Ctrl Pts',(-22.5562419502124,6.00019026719336,2.76796869209683));
#4796=CARTESIAN_POINT('Ctrl Pts',(-21.5536747153676,6.00017593627196,4.31831102719257));
#4797=CARTESIAN_POINT('Ctrl Pts',(-19.937106651541,6.00027827408509,6.14194908341119));
#4798=CARTESIAN_POINT('Ctrl Pts',(-17.431053863598,5.99990477300448,7.85288502072067));
#4799=CARTESIAN_POINT('Ctrl Pts',(-15.0908164049499,6.00027266005038,8.34221659857765));
#4800=CARTESIAN_POINT('Ctrl Pts',(-13.926906675341,5.99999999999999,8.32680157423076));
#4801=CARTESIAN_POINT('Ctrl Pts',(-23.143232728907,5.99999999999999,0.999999999999991));
#4802=CARTESIAN_POINT('Ctrl Pts',(-23.143232728907,5.99999999999999,1.63201412153877));
#4803=CARTESIAN_POINT('Ctrl Pts',(-22.8156439254508,5.99999999999999,2.87341606109996));
#4804=CARTESIAN_POINT('Ctrl Pts',(-21.8833208286042,5.99999999999999,4.53310906346716));
#4805=CARTESIAN_POINT('Ctrl Pts',(-20.3039925162527,5.99999999999999,6.51407861542963));
#4806=CARTESIAN_POINT('Ctrl Pts',(-17.7121112550594,5.99999999999999,8.42179944300539));
#4807=CARTESIAN_POINT('Ctrl Pts',(-15.190823460473,5.99999999999999,9.));
#4808=CARTESIAN_POINT('Ctrl Pts',(-13.926906675341,5.99999999999999,9.));
#4809=CARTESIAN_POINT('',(-21.6752218362212,6.38371560816573,1.));
#4810=CARTESIAN_POINT('Ctrl Pts',(-21.6752218362212,6.38371560816573,0.999999999999995));
#4811=CARTESIAN_POINT('Ctrl Pts',(-21.6772859715999,6.38255741097991,1.00216064719912));
#4812=CARTESIAN_POINT('Ctrl Pts',(-21.679347613851,6.3814022186238,1.0043252586212));
#4813=CARTESIAN_POINT('Ctrl Pts',(-21.8038244052586,6.31175090103564,1.13541958391629));
#4814=CARTESIAN_POINT('Ctrl Pts',(-21.91456026843,6.25533393749534,1.27555709214509));
#4815=CARTESIAN_POINT('Ctrl Pts',(-22.1204406266679,6.15641732244526,1.60183802301498));
#4816=CARTESIAN_POINT('Ctrl Pts',(-22.2088358131396,6.11771461967799,1.78450742383155));
#4817=CARTESIAN_POINT('Ctrl Pts',(-22.4400041398625,6.02019852756651,2.42030028208581));
#4818=CARTESIAN_POINT('Ctrl Pts',(-22.4999999999237,5.99999999999999,2.90400993962403));
#4819=CARTESIAN_POINT('Ctrl Pts',(-22.4999999999237,5.99999999999999,3.37891808714123));
#4820=CARTESIAN_POINT('Ctrl Pts',(-13.926906675341,8.99999999999999,6.));
#4821=CARTESIAN_POINT('Ctrl Pts',(-14.7436669789788,8.89050434022008,6.));
#4822=CARTESIAN_POINT('Ctrl Pts',(-16.3941838402851,8.60788456254501,5.63862465187837));
#4823=CARTESIAN_POINT('Ctrl Pts',(-18.3066167615975,7.91633498167992,4.44629913464352));
#4824=CARTESIAN_POINT('Ctrl Pts',(-19.8663793640508,7.14753372607046,3.20819316466699));
#4825=CARTESIAN_POINT('Ctrl Pts',(-21.1095145510801,6.57883401987257,2.17088503818748));
#4826=CARTESIAN_POINT('Ctrl Pts',(-21.6752218362212,6.38371560816573,1.39500882596175));
#4827=CARTESIAN_POINT('Ctrl Pts',(-21.6752218362212,6.38371560816573,0.999999999999995));
#4828=CARTESIAN_POINT('Origin',(-24.6112436215929,11.6162843918343,1.));
#4829=CARTESIAN_POINT('',(-14.1987943970728,15.163240995289,6.));
#4830=CARTESIAN_POINT('Origin',(-24.6112436215929,11.6162843918343,6.));
#4831=CARTESIAN_POINT('',(-18.9317258627638,13.5509879937187,1.));
#4832=CARTESIAN_POINT('Origin',(-14.1987943970728,15.163240995289,1.));
#4833=CARTESIAN_POINT('Origin',(-24.6112436215929,11.6162843918343,1.));
#4834=CARTESIAN_POINT('Origin',(0.,20.,6.));
#4835=CARTESIAN_POINT('Origin',(0.,20.,6.));
#4836=CARTESIAN_POINT('Origin',(0.,20.,1.));
#4837=CARTESIAN_POINT('',(14.1987943970728,15.163240995289,6.));
#4838=CARTESIAN_POINT('Origin',(0.,20.,6.));
#4839=CARTESIAN_POINT('',(18.9317258627638,13.5509879937187,1.));
#4840=CARTESIAN_POINT('Origin',(14.1987943970728,15.163240995289,1.));
#4841=CARTESIAN_POINT('',(20.,20.,1.));
#4842=CARTESIAN_POINT('Origin',(0.,20.,1.));
#4843=CARTESIAN_POINT('',(10.,20.,1.));
#4844=CARTESIAN_POINT('Origin',(15.,20.,1.));
#4845=CARTESIAN_POINT('Origin',(0.,20.,1.));
#4846=CARTESIAN_POINT('Origin',(0.,20.,1.));
#4847=CARTESIAN_POINT('Origin',(0.,20.,6.));
#4848=CARTESIAN_POINT('Origin',(24.6112436215929,11.6162843918343,6.));
#4849=CARTESIAN_POINT('Origin',(24.6112436215929,11.6162843918343,1.));
#4850=CARTESIAN_POINT('Origin',(24.6112436215929,11.6162843918343,1.));
#4851=CARTESIAN_POINT('Origin',(0.,20.,0.));
#4852=CARTESIAN_POINT('',(10.,20.,0.));
#4853=CARTESIAN_POINT('Origin',(-24.6112436215929,11.6162843918343,0.));
#4854=CARTESIAN_POINT('',(-18.9317258627638,13.5509879937187,0.));
#4855=CARTESIAN_POINT('Origin',(24.6112436215929,11.6162843918343,0.));
#4856=CARTESIAN_POINT('',(18.9317258627638,13.5509879937187,0.));
#4857=CARTESIAN_POINT('Origin',(-22.5,-4.13318294712232E-15,0.));
#4858=CARTESIAN_POINT('Origin',(0.,20.,0.));
#4859=UNCERTAINTY_MEASURE_WITH_UNIT(LENGTH_MEASURE(0.01),#4863,
'DISTANCE_ACCURACY_VALUE',
'Maximum model space distance between geometric entities at asserted c
onnectivities');
#4860=UNCERTAINTY_MEASURE_WITH_UNIT(LENGTH_MEASURE(0.01),#4863,
'DISTANCE_ACCURACY_VALUE',
'Maximum model space distance between geometric entities at asserted c
onnectivities');
#4861=(
GEOMETRIC_REPRESENTATION_CONTEXT(3)
GLOBAL_UNCERTAINTY_ASSIGNED_CONTEXT((#4859))
GLOBAL_UNIT_ASSIGNED_CONTEXT((#4863,#4865,#4866))
REPRESENTATION_CONTEXT('','3D')
);
#4862=(
GEOMETRIC_REPRESENTATION_CONTEXT(3)
GLOBAL_UNCERTAINTY_ASSIGNED_CONTEXT((#4860))
GLOBAL_UNIT_ASSIGNED_CONTEXT((#4863,#4865,#4866))
REPRESENTATION_CONTEXT('','3D')
);
#4863=(
LENGTH_UNIT()
NAMED_UNIT(*)
SI_UNIT(.MILLI.,.METRE.)
);
#4864=(
LENGTH_UNIT()
NAMED_UNIT(*)
SI_UNIT(.CENTI.,.METRE.)
);
#4865=(
NAMED_UNIT(*)
PLANE_ANGLE_UNIT()
SI_UNIT($,.RADIAN.)
);
#4866=(
NAMED_UNIT(*)
SI_UNIT($,.STERADIAN.)
SOLID_ANGLE_UNIT()
);
#4867=SHAPE_DEFINITION_REPRESENTATION(#4868,#4869);
#4868=PRODUCT_DEFINITION_SHAPE('',$,#4871);
#4869=SHAPE_REPRESENTATION('',(#2457),#4861);
#4870=PRODUCT_DEFINITION_CONTEXT('part definition',#4875,'design');
#4871=PRODUCT_DEFINITION('TSG-DES-DWG-0050-000626','2T DECK PLATE',#4872,
#4870);
#4872=PRODUCT_DEFINITION_FORMATION('00',$,#4877);
#4873=PRODUCT_RELATED_PRODUCT_CATEGORY('2T DECK PLATE','2T DECK PLATE',
(#4877));
#4874=APPLICATION_PROTOCOL_DEFINITION('international standard',
'automotive_design',2009,#4875);
#4875=APPLICATION_CONTEXT(
'Core Data for Automotive Mechanical Design Process');
#4876=PRODUCT_CONTEXT('part definition',#4875,'mechanical');
#4877=PRODUCT('TSG-DES-DWG-0050-000626','2T DECK PLATE',
'DECK PLATE 2 TON',(#4876));
#4878=PRESENTATION_STYLE_ASSIGNMENT((#4880));
#4879=PRESENTATION_STYLE_ASSIGNMENT((#4881));
#4880=SURFACE_STYLE_USAGE(.BOTH.,#4886);
#4881=SURFACE_STYLE_USAGE(.BOTH.,#4887);
#4882=SURFACE_STYLE_RENDERING_WITH_PROPERTIES($,#4894,(#4884));
#4883=SURFACE_STYLE_RENDERING_WITH_PROPERTIES($,#4895,(#4885));
#4884=SURFACE_STYLE_TRANSPARENT(0.);
#4885=SURFACE_STYLE_TRANSPARENT(0.);
#4886=SURFACE_SIDE_STYLE('',(#4888,#4882));
#4887=SURFACE_SIDE_STYLE('',(#4889,#4883));
#4888=SURFACE_STYLE_FILL_AREA(#4890);
#4889=SURFACE_STYLE_FILL_AREA(#4891);
#4890=FILL_AREA_STYLE('',(#4892));
#4891=FILL_AREA_STYLE('',(#4893));
#4892=FILL_AREA_STYLE_COLOUR('',#4894);
#4893=FILL_AREA_STYLE_COLOUR('',#4895);
#4894=COLOUR_RGB('',0.745098039215686,0.737254901960784,0.729411764705882);
#4895=COLOUR_RGB('',1.,0.,0.);
ENDSEC;
END-ISO-10303-21;
