ISO-10303-21;
HEADER;
FILE_DESCRIPTION(('FreeCAD Model'),'2;1');
FILE_NAME('Open CASCADE Shape Model','2026-01-28T16:41:59',(''),(''),
  'Open CASCADE STEP processor 7.8','FreeCAD','Unknown');
FILE_SCHEMA(('AUTOMOTIVE_DESIGN { 1 0 10303 214 1 1 1 1 }'));
ENDSEC;
DATA;
#1 = APPLICATION_PROTOCOL_DEFINITION('international standard',
  'automotive_design',2000,#2);
#2 = APPLICATION_CONTEXT(
  'core data for automotive mechanical design processes');
#3 = SHAPE_DEFINITION_REPRESENTATION(#4,#10);
#4 = PRODUCT_DEFINITION_SHAPE('','',#5);
#5 = PRODUCT_DEFINITION('design','',#6,#9);
#6 = PRODUCT_DEFINITION_FORMATION('','',#7);
#7 = PRODUCT('Body','Body','',(#8));
#8 = PRODUCT_CONTEXT('',#2,'mechanical');
#9 = PRODUCT_DEFINITION_CONTEXT('part definition',#2,'design');
#10 = ADVANCED_BREP_SHAPE_REPRESENTATION('',(#11,#15),#2715);
#11 = AXIS2_PLACEMENT_3D('',#12,#13,#14);
#12 = CARTESIAN_POINT('',(0.,0.,0.));
#13 = DIRECTION('',(0.,0.,1.));
#14 = DIRECTION('',(1.,0.,-0.));
#15 = MANIFOLD_SOLID_BREP('',#16);
#16 = CLOSED_SHELL('',(#17,#234,#354,#766,#797,#866,#918,#966,#997,#1081
    ,#1207,#1457,#1505,#1619,#1645,#1718,#1813,#1991,#2017,#2064,#2188,
    #2264,#2333,#2385,#2433,#2464,#2512,#2564,#2591,#2598,#2643,#2669,
    #2695,#2702));
#17 = ADVANCED_FACE('',(#18,#112),#33,.F.);
#18 = FACE_BOUND('',#19,.F.);
#19 = EDGE_LOOP('',(#20,#59,#86));
#20 = ORIENTED_EDGE('',*,*,#21,.F.);
#21 = EDGE_CURVE('',#22,#24,#26,.T.);
#22 = VERTEX_POINT('',#23);
#23 = CARTESIAN_POINT('',(23.45740821148,9.999998713434,10.));
#24 = VERTEX_POINT('',#25);
#25 = CARTESIAN_POINT('',(35.45740821148,22.,10.));
#26 = SURFACE_CURVE('',#27,(#32,#48),.PCURVE_S1.);
#27 = CIRCLE('',#28,12.);
#28 = AXIS2_PLACEMENT_3D('',#29,#30,#31);
#29 = CARTESIAN_POINT('',(23.45740821148,21.999998713434,10.));
#30 = DIRECTION('',(0.,-2.2E-16,1.));
#31 = DIRECTION('',(-1.,0.,0.));
#32 = PCURVE('',#33,#38);
#33 = PLANE('',#34);
#34 = AXIS2_PLACEMENT_3D('',#35,#36,#37);
#35 = CARTESIAN_POINT('',(23.45740821148,2.22E-15,10.));
#36 = DIRECTION('',(0.,-2.2E-16,-1.));
#37 = DIRECTION('',(1.,0.,0.));
#38 = DEFINITIONAL_REPRESENTATION('',(#39),#47);
#39 = ( BOUNDED_CURVE() B_SPLINE_CURVE(2,(#40,#41,#42,#43,#44,#45,#46),
.UNSPECIFIED.,.T.,.F.) B_SPLINE_CURVE_WITH_KNOTS((1,2,2,2,2,1),(
    -2.094395102393,0.,2.094395102393,4.188790204786,6.28318530718,
8.377580409573),.UNSPECIFIED.) CURVE() GEOMETRIC_REPRESENTATION_ITEM() 
RATIONAL_B_SPLINE_CURVE((1.,0.5,1.,0.5,1.,0.5,1.)) REPRESENTATION_ITEM(
  '') );
#40 = CARTESIAN_POINT('',(-12.,-21.99999871343));
#41 = CARTESIAN_POINT('',(-12.,-1.215389022608));
#42 = CARTESIAN_POINT('',(6.,-11.60769386802));
#43 = CARTESIAN_POINT('',(24.,-21.99999871343));
#44 = CARTESIAN_POINT('',(6.,-32.39230355884));
#45 = CARTESIAN_POINT('',(-12.,-42.78460840426));
#46 = CARTESIAN_POINT('',(-12.,-21.99999871343));
#47 = ( GEOMETRIC_REPRESENTATION_CONTEXT(2) 
PARAMETRIC_REPRESENTATION_CONTEXT() REPRESENTATION_CONTEXT('2D SPACE',''
  ) );
#48 = PCURVE('',#49,#54);
#49 = CYLINDRICAL_SURFACE('',#50,12.);
#50 = AXIS2_PLACEMENT_3D('',#51,#52,#53);
#51 = CARTESIAN_POINT('',(23.45740821148,21.999998713434,10.));
#52 = DIRECTION('',(0.,2.2E-16,1.));
#53 = DIRECTION('',(-1.,0.,0.));
#54 = DEFINITIONAL_REPRESENTATION('',(#55),#58);
#55 = B_SPLINE_CURVE_WITH_KNOTS('',1,(#56,#57),.UNSPECIFIED.,.F.,.F.,(2,
    2),(1.570796326795,3.141592760804),.PIECEWISE_BEZIER_KNOTS.);
#56 = CARTESIAN_POINT('',(1.570796326795,0.));
#57 = CARTESIAN_POINT('',(3.141592760804,0.));
#58 = ( GEOMETRIC_REPRESENTATION_CONTEXT(2) 
PARAMETRIC_REPRESENTATION_CONTEXT() REPRESENTATION_CONTEXT('2D SPACE',''
  ) );
#59 = ORIENTED_EDGE('',*,*,#60,.T.);
#60 = EDGE_CURVE('',#22,#61,#63,.T.);
#61 = VERTEX_POINT('',#62);
#62 = CARTESIAN_POINT('',(23.45740821148,34.000001286566,10.));
#63 = SURFACE_CURVE('',#64,(#68,#75),.PCURVE_S1.);
#64 = LINE('',#65,#66);
#65 = CARTESIAN_POINT('',(23.45740821148,2.22E-15,10.));
#66 = VECTOR('',#67,1.);
#67 = DIRECTION('',(0.,1.,-2.2E-16));
#68 = PCURVE('',#33,#69);
#69 = DEFINITIONAL_REPRESENTATION('',(#70),#74);
#70 = LINE('',#71,#72);
#71 = CARTESIAN_POINT('',(1.42108547152E-14,2.366582715663E-30));
#72 = VECTOR('',#73,1.);
#73 = DIRECTION('',(0.,-1.));
#74 = ( GEOMETRIC_REPRESENTATION_CONTEXT(2) 
PARAMETRIC_REPRESENTATION_CONTEXT() REPRESENTATION_CONTEXT('2D SPACE',''
  ) );
#75 = PCURVE('',#76,#81);
#76 = CYLINDRICAL_SURFACE('',#77,25.5);
#77 = AXIS2_PLACEMENT_3D('',#78,#79,#80);
#78 = CARTESIAN_POINT('',(0.,0.,0.));
#79 = DIRECTION('',(0.,-1.,2.2E-16));
#80 = DIRECTION('',(1.,0.,0.));
#81 = DEFINITIONAL_REPRESENTATION('',(#82),#85);
#82 = B_SPLINE_CURVE_WITH_KNOTS('',1,(#83,#84),.UNSPECIFIED.,.F.,.F.,(2,
    2),(9.999998713434,34.000001286566),.PIECEWISE_BEZIER_KNOTS.);
#83 = CARTESIAN_POINT('',(6.686160406449,-9.999998713434));
#84 = CARTESIAN_POINT('',(6.686160406449,-34.00000128656));
#85 = ( GEOMETRIC_REPRESENTATION_CONTEXT(2) 
PARAMETRIC_REPRESENTATION_CONTEXT() REPRESENTATION_CONTEXT('2D SPACE',''
  ) );
#86 = ORIENTED_EDGE('',*,*,#87,.T.);
#87 = EDGE_CURVE('',#61,#24,#88,.T.);
#88 = SURFACE_CURVE('',#89,(#94,#101),.PCURVE_S1.);
#89 = CIRCLE('',#90,12.);
#90 = AXIS2_PLACEMENT_3D('',#91,#92,#93);
#91 = CARTESIAN_POINT('',(23.45740821148,22.000001286566,10.));
#92 = DIRECTION('',(0.,2.2E-16,-1.));
#93 = DIRECTION('',(-1.,0.,0.));
#94 = PCURVE('',#33,#95);
#95 = DEFINITIONAL_REPRESENTATION('',(#96),#100);
#96 = CIRCLE('',#97,12.);
#97 = AXIS2_PLACEMENT_2D('',#98,#99);
#98 = CARTESIAN_POINT('',(3.552713678801E-15,-22.00000128656));
#99 = DIRECTION('',(-1.,0.));
#100 = ( GEOMETRIC_REPRESENTATION_CONTEXT(2) 
PARAMETRIC_REPRESENTATION_CONTEXT() REPRESENTATION_CONTEXT('2D SPACE',''
  ) );
#101 = PCURVE('',#102,#107);
#102 = CYLINDRICAL_SURFACE('',#103,12.);
#103 = AXIS2_PLACEMENT_3D('',#104,#105,#106);
#104 = CARTESIAN_POINT('',(23.45740821148,22.000001286566,10.));
#105 = DIRECTION('',(0.,2.2E-16,1.));
#106 = DIRECTION('',(-1.,0.,0.));
#107 = DEFINITIONAL_REPRESENTATION('',(#108),#111);
#108 = B_SPLINE_CURVE_WITH_KNOTS('',1,(#109,#110),.UNSPECIFIED.,.F.,.F.,
  (2,2),(1.570796326795,3.141592760804),.PIECEWISE_BEZIER_KNOTS.);
#109 = CARTESIAN_POINT('',(-1.570796326795,0.));
#110 = CARTESIAN_POINT('',(-3.141592760804,0.));
#111 = ( GEOMETRIC_REPRESENTATION_CONTEXT(2) 
PARAMETRIC_REPRESENTATION_CONTEXT() REPRESENTATION_CONTEXT('2D SPACE',''
  ) );
#112 = FACE_BOUND('',#113,.F.);
#113 = EDGE_LOOP('',(#114,#144,#176,#204));
#114 = ORIENTED_EDGE('',*,*,#115,.T.);
#115 = EDGE_CURVE('',#116,#118,#120,.T.);
#116 = VERTEX_POINT('',#117);
#117 = CARTESIAN_POINT('',(26.45740821148,23.5,10.));
#118 = VERTEX_POINT('',#119);
#119 = CARTESIAN_POINT('',(26.45740821148,20.5,10.));
#120 = SURFACE_CURVE('',#121,(#125,#132),.PCURVE_S1.);
#121 = LINE('',#122,#123);
#122 = CARTESIAN_POINT('',(26.45740821148,23.5,10.));
#123 = VECTOR('',#124,1.);
#124 = DIRECTION('',(-0.,-1.,-2.2E-16));
#125 = PCURVE('',#33,#126);
#126 = DEFINITIONAL_REPRESENTATION('',(#127),#131);
#127 = LINE('',#128,#129);
#128 = CARTESIAN_POINT('',(3.,-23.5));
#129 = VECTOR('',#130,1.);
#130 = DIRECTION('',(0.,1.));
#131 = ( GEOMETRIC_REPRESENTATION_CONTEXT(2) 
PARAMETRIC_REPRESENTATION_CONTEXT() REPRESENTATION_CONTEXT('2D SPACE',''
  ) );
#132 = PCURVE('',#133,#138);
#133 = PLANE('',#134);
#134 = AXIS2_PLACEMENT_3D('',#135,#136,#137);
#135 = CARTESIAN_POINT('',(26.45740821148,23.5,10.));
#136 = DIRECTION('',(-1.,0.,0.));
#137 = DIRECTION('',(0.,-1.,2.2E-16));
#138 = DEFINITIONAL_REPRESENTATION('',(#139),#143);
#139 = LINE('',#140,#141);
#140 = CARTESIAN_POINT('',(2.344791028008E-30,1.06581410364E-14));
#141 = VECTOR('',#142,1.);
#142 = DIRECTION('',(1.,-4.4E-16));
#143 = ( GEOMETRIC_REPRESENTATION_CONTEXT(2) 
PARAMETRIC_REPRESENTATION_CONTEXT() REPRESENTATION_CONTEXT('2D SPACE',''
  ) );
#144 = ORIENTED_EDGE('',*,*,#145,.T.);
#145 = EDGE_CURVE('',#118,#146,#148,.T.);
#146 = VERTEX_POINT('',#147);
#147 = CARTESIAN_POINT('',(32.45740821148,20.5,10.));
#148 = SURFACE_CURVE('',#149,(#154,#165),.PCURVE_S1.);
#149 = CIRCLE('',#150,3.);
#150 = AXIS2_PLACEMENT_3D('',#151,#152,#153);
#151 = CARTESIAN_POINT('',(29.45740821148,20.5,10.));
#152 = DIRECTION('',(0.,-2.2E-16,1.));
#153 = DIRECTION('',(-1.,0.,0.));
#154 = PCURVE('',#33,#155);
#155 = DEFINITIONAL_REPRESENTATION('',(#156),#164);
#156 = ( BOUNDED_CURVE() B_SPLINE_CURVE(2,(#157,#158,#159,#160,#161,#162
,#163),.UNSPECIFIED.,.T.,.F.) B_SPLINE_CURVE_WITH_KNOTS((1,2,2,2,2,1),(
    -2.094395102393,0.,2.094395102393,4.188790204786,6.28318530718,
8.377580409573),.UNSPECIFIED.) CURVE() GEOMETRIC_REPRESENTATION_ITEM() 
RATIONAL_B_SPLINE_CURVE((1.,0.5,1.,0.5,1.,0.5,1.)) REPRESENTATION_ITEM(
  '') );
#157 = CARTESIAN_POINT('',(3.,-20.5));
#158 = CARTESIAN_POINT('',(3.,-15.30384757729));
#159 = CARTESIAN_POINT('',(7.5,-17.90192378864));
#160 = CARTESIAN_POINT('',(12.,-20.5));
#161 = CARTESIAN_POINT('',(7.5,-23.09807621135));
#162 = CARTESIAN_POINT('',(3.,-25.6961524227));
#163 = CARTESIAN_POINT('',(3.,-20.5));
#164 = ( GEOMETRIC_REPRESENTATION_CONTEXT(2) 
PARAMETRIC_REPRESENTATION_CONTEXT() REPRESENTATION_CONTEXT('2D SPACE',''
  ) );
#165 = PCURVE('',#166,#171);
#166 = CYLINDRICAL_SURFACE('',#167,3.);
#167 = AXIS2_PLACEMENT_3D('',#168,#169,#170);
#168 = CARTESIAN_POINT('',(29.45740821148,20.5,10.));
#169 = DIRECTION('',(0.,2.2E-16,1.));
#170 = DIRECTION('',(-1.,0.,0.));
#171 = DEFINITIONAL_REPRESENTATION('',(#172),#175);
#172 = B_SPLINE_CURVE_WITH_KNOTS('',1,(#173,#174),.UNSPECIFIED.,.F.,.F.,
  (2,2),(9.6E-16,3.14159265359),.PIECEWISE_BEZIER_KNOTS.);
#173 = CARTESIAN_POINT('',(9.6E-16,0.));
#174 = CARTESIAN_POINT('',(3.14159265359,0.));
#175 = ( GEOMETRIC_REPRESENTATION_CONTEXT(2) 
PARAMETRIC_REPRESENTATION_CONTEXT() REPRESENTATION_CONTEXT('2D SPACE',''
  ) );
#176 = ORIENTED_EDGE('',*,*,#177,.T.);
#177 = EDGE_CURVE('',#146,#178,#180,.T.);
#178 = VERTEX_POINT('',#179);
#179 = CARTESIAN_POINT('',(32.45740821148,23.5,10.));
#180 = SURFACE_CURVE('',#181,(#185,#192),.PCURVE_S1.);
#181 = LINE('',#182,#183);
#182 = CARTESIAN_POINT('',(32.45740821148,20.5,10.));
#183 = VECTOR('',#184,1.);
#184 = DIRECTION('',(0.,1.,2.2E-16));
#185 = PCURVE('',#33,#186);
#186 = DEFINITIONAL_REPRESENTATION('',(#187),#191);
#187 = LINE('',#188,#189);
#188 = CARTESIAN_POINT('',(9.,-20.5));
#189 = VECTOR('',#190,1.);
#190 = DIRECTION('',(0.,-1.));
#191 = ( GEOMETRIC_REPRESENTATION_CONTEXT(2) 
PARAMETRIC_REPRESENTATION_CONTEXT() REPRESENTATION_CONTEXT('2D SPACE',''
  ) );
#192 = PCURVE('',#193,#198);
#193 = PLANE('',#194);
#194 = AXIS2_PLACEMENT_3D('',#195,#196,#197);
#195 = CARTESIAN_POINT('',(32.45740821148,20.5,10.));
#196 = DIRECTION('',(1.,0.,0.));
#197 = DIRECTION('',(0.,1.,-2.2E-16));
#198 = DEFINITIONAL_REPRESENTATION('',(#199),#203);
#199 = LINE('',#200,#201);
#200 = CARTESIAN_POINT('',(-3.552713678801E-15,8.881784197001E-15));
#201 = VECTOR('',#202,1.);
#202 = DIRECTION('',(1.,4.4E-16));
#203 = ( GEOMETRIC_REPRESENTATION_CONTEXT(2) 
PARAMETRIC_REPRESENTATION_CONTEXT() REPRESENTATION_CONTEXT('2D SPACE',''
  ) );
#204 = ORIENTED_EDGE('',*,*,#205,.T.);
#205 = EDGE_CURVE('',#178,#116,#206,.T.);
#206 = SURFACE_CURVE('',#207,(#212,#223),.PCURVE_S1.);
#207 = CIRCLE('',#208,3.);
#208 = AXIS2_PLACEMENT_3D('',#209,#210,#211);
#209 = CARTESIAN_POINT('',(29.45740821148,23.5,10.));
#210 = DIRECTION('',(0.,-2.2E-16,1.));
#211 = DIRECTION('',(-1.,0.,0.));
#212 = PCURVE('',#33,#213);
#213 = DEFINITIONAL_REPRESENTATION('',(#214),#222);
#214 = ( BOUNDED_CURVE() B_SPLINE_CURVE(2,(#215,#216,#217,#218,#219,#220
,#221),.UNSPECIFIED.,.T.,.F.) B_SPLINE_CURVE_WITH_KNOTS((1,2,2,2,2,1),(
    -2.094395102393,0.,2.094395102393,4.188790204786,6.28318530718,
8.377580409573),.UNSPECIFIED.) CURVE() GEOMETRIC_REPRESENTATION_ITEM() 
RATIONAL_B_SPLINE_CURVE((1.,0.5,1.,0.5,1.,0.5,1.)) REPRESENTATION_ITEM(
  '') );
#215 = CARTESIAN_POINT('',(3.,-23.5));
#216 = CARTESIAN_POINT('',(3.,-18.30384757729));
#217 = CARTESIAN_POINT('',(7.5,-20.90192378864));
#218 = CARTESIAN_POINT('',(12.,-23.5));
#219 = CARTESIAN_POINT('',(7.5,-26.09807621135));
#220 = CARTESIAN_POINT('',(3.,-28.6961524227));
#221 = CARTESIAN_POINT('',(3.,-23.5));
#222 = ( GEOMETRIC_REPRESENTATION_CONTEXT(2) 
PARAMETRIC_REPRESENTATION_CONTEXT() REPRESENTATION_CONTEXT('2D SPACE',''
  ) );
#223 = PCURVE('',#224,#229);
#224 = CYLINDRICAL_SURFACE('',#225,3.);
#225 = AXIS2_PLACEMENT_3D('',#226,#227,#228);
#226 = CARTESIAN_POINT('',(29.45740821148,23.5,10.));
#227 = DIRECTION('',(0.,2.2E-16,1.));
#228 = DIRECTION('',(-1.,0.,0.));
#229 = DEFINITIONAL_REPRESENTATION('',(#230),#233);
#230 = B_SPLINE_CURVE_WITH_KNOTS('',1,(#231,#232),.UNSPECIFIED.,.F.,.F.,
  (2,2),(3.14159265359,6.28318530718),.PIECEWISE_BEZIER_KNOTS.);
#231 = CARTESIAN_POINT('',(3.14159265359,0.));
#232 = CARTESIAN_POINT('',(6.28318530718,0.));
#233 = ( GEOMETRIC_REPRESENTATION_CONTEXT(2) 
PARAMETRIC_REPRESENTATION_CONTEXT() REPRESENTATION_CONTEXT('2D SPACE',''
  ) );
#234 = ADVANCED_FACE('',(#235),#49,.T.);
#235 = FACE_BOUND('',#236,.T.);
#236 = EDGE_LOOP('',(#237,#238,#303,#335));
#237 = ORIENTED_EDGE('',*,*,#21,.F.);
#238 = ORIENTED_EDGE('',*,*,#239,.F.);
#239 = EDGE_CURVE('',#240,#22,#242,.T.);
#240 = VERTEX_POINT('',#241);
#241 = CARTESIAN_POINT('',(25.480384623741,10.171745801303,1.));
#242 = SURFACE_CURVE('',#243,(#258,#276),.PCURVE_S1.);
#243 = B_SPLINE_CURVE_WITH_KNOTS('',7,(#244,#245,#246,#247,#248,#249,
    #250,#251,#252,#253,#254,#255,#256,#257),.UNSPECIFIED.,.F.,.F.,(8,6,
    8),(0.,0.333857542671,1.),.UNSPECIFIED.);
#244 = CARTESIAN_POINT('',(25.5,10.175117370035,-3.28E-15));
#245 = CARTESIAN_POINT('',(25.5,10.175117370035,0.483767208788));
#246 = CARTESIAN_POINT('',(25.489292770284,10.173267781178,
    0.967528367897));
#247 = CARTESIAN_POINT('',(25.467878604347,10.169568782894,1.4511373373)
  );
#248 = CARTESIAN_POINT('',(25.435749243123,10.164081845794,
    1.934445724898));
#249 = CARTESIAN_POINT('',(25.392887874985,10.156929731663,
    2.417302886517));
#250 = CARTESIAN_POINT('',(25.339269135742,10.148296493464,
    2.899555925906));
#251 = CARTESIAN_POINT('',(25.146342456341,10.118735926864,
    4.341769167474));
#252 = CARTESIAN_POINT('',(24.974882892619,10.094127146384,
    5.299322241542));
#253 = CARTESIAN_POINT('',(24.760198891047,10.066547125928,
    6.252737240825));
#254 = CARTESIAN_POINT('',(24.501811520053,10.038899497078,
    7.200918589679));
#255 = CARTESIAN_POINT('',(24.199074467763,10.015075594302,
    8.142597323852));
#256 = CARTESIAN_POINT('',(23.851207282438,9.999998713434,9.076249443923
    ));
#257 = CARTESIAN_POINT('',(23.45740821148,9.999998713434,10.));
#258 = PCURVE('',#49,#259);
#259 = DEFINITIONAL_REPRESENTATION('',(#260),#275);
#260 = B_SPLINE_CURVE_WITH_KNOTS('',7,(#261,#262,#263,#264,#265,#266,
    #267,#268,#269,#270,#271,#272,#273,#274),.UNSPECIFIED.,.F.,.F.,(8,6,
    8),(9.860274864786E-02,0.333857542671,1.),.UNSPECIFIED.);
#261 = CARTESIAN_POINT('',(1.740186557509,-9.));
#262 = CARTESIAN_POINT('',(1.739055969274,-8.659253538202));
#263 = CARTESIAN_POINT('',(1.737475877651,-8.318618212995));
#264 = CARTESIAN_POINT('',(1.735446355273,-7.978146088252));
#265 = CARTESIAN_POINT('',(1.732967481527,-7.637889783099));
#266 = CARTESIAN_POINT('',(1.730039342553,-7.297902471916));
#267 = CARTESIAN_POINT('',(1.726662031248,-6.958237884339));
#268 = CARTESIAN_POINT('',(1.712000939979,-5.658230832526));
#269 = CARTESIAN_POINT('',(1.69756688958,-4.700677758458));
#270 = CARTESIAN_POINT('',(1.679532697949,-3.747262759175));
#271 = CARTESIAN_POINT('',(1.65788759462,-2.799081410321));
#272 = CARTESIAN_POINT('',(1.632601862032,-1.857402676148));
#273 = CARTESIAN_POINT('',(1.603612916041,-0.923750556077));
#274 = CARTESIAN_POINT('',(1.570796326795,1.066E-14));
#275 = ( GEOMETRIC_REPRESENTATION_CONTEXT(2) 
PARAMETRIC_REPRESENTATION_CONTEXT() REPRESENTATION_CONTEXT('2D SPACE',''
  ) );
#276 = PCURVE('',#76,#277);
#277 = DEFINITIONAL_REPRESENTATION('',(#278),#302);
#278 = B_SPLINE_CURVE_WITH_KNOTS('',3,(#279,#280,#281,#282,#283,#284,
    #285,#286,#287,#288,#289,#290,#291,#292,#293,#294,#295,#296,#297,
    #298,#299,#300,#301),.UNSPECIFIED.,.F.,.F.,(4,1,1,1,1,1,1,1,1,1,1,1,
    1,1,1,1,1,1,1,1,4),(9.860274864786E-02,0.136363636364,0.181818181818
    ,0.227272727273,0.272727272727,0.318181818182,0.363636363636,
    0.409090909091,0.454545454545,0.5,0.545454545455,0.590909090909,
    0.636363636364,0.681818181818,0.727272727273,0.772727272727,
    0.818181818182,0.863636363636,0.909090909091,0.954545454545,1.),
  .UNSPECIFIED.);
#279 = CARTESIAN_POINT('',(6.322411051811,-10.17174582584));
#280 = CARTESIAN_POINT('',(6.327419530999,-10.17088923407));
#281 = CARTESIAN_POINT('',(6.338458471793,-10.1686468448));
#282 = CARTESIAN_POINT('',(6.355534397328,-10.16400384124));
#283 = CARTESIAN_POINT('',(6.373642537722,-10.15778358523));
#284 = CARTESIAN_POINT('',(6.391764682206,-10.15034350563));
#285 = CARTESIAN_POINT('',(6.409903704472,-10.14178095541));
#286 = CARTESIAN_POINT('',(6.428062346882,-10.13221107565));
#287 = CARTESIAN_POINT('',(6.446242694426,-10.12176704835));
#288 = CARTESIAN_POINT('',(6.46444855679,-10.11059880297));
#289 = CARTESIAN_POINT('',(6.48268335976,-10.09887406613));
#290 = CARTESIAN_POINT('',(6.500950597369,-10.08677831937));
#291 = CARTESIAN_POINT('',(6.519253710746,-10.07451504144));
#292 = CARTESIAN_POINT('',(6.537596119692,-10.06230593186));
#293 = CARTESIAN_POINT('',(6.555981212449,-10.05039120915));
#294 = CARTESIAN_POINT('',(6.574412345764,-10.03902997883));
#295 = CARTESIAN_POINT('',(6.592892841326,-10.02850066321));
#296 = CARTESIAN_POINT('',(6.611425982023,-10.01910159622));
#297 = CARTESIAN_POINT('',(6.630015007992,-10.01115144325));
#298 = CARTESIAN_POINT('',(6.648663108931,-10.00499076944));
#299 = CARTESIAN_POINT('',(6.667373426519,-10.00097986821));
#300 = CARTESIAN_POINT('',(6.679890485383,-10.00000071957));
#301 = CARTESIAN_POINT('',(6.686160406449,-9.999998713434));
#302 = ( GEOMETRIC_REPRESENTATION_CONTEXT(2) 
PARAMETRIC_REPRESENTATION_CONTEXT() REPRESENTATION_CONTEXT('2D SPACE',''
  ) );
#303 = ORIENTED_EDGE('',*,*,#304,.T.);
#304 = EDGE_CURVE('',#240,#305,#307,.T.);
#305 = VERTEX_POINT('',#306);
#306 = CARTESIAN_POINT('',(35.45740821148,22.,1.));
#307 = SURFACE_CURVE('',#308,(#313,#319),.PCURVE_S1.);
#308 = CIRCLE('',#309,12.);
#309 = AXIS2_PLACEMENT_3D('',#310,#311,#312);
#310 = CARTESIAN_POINT('',(23.45740821148,21.999998713434,1.));
#311 = DIRECTION('',(0.,2.2E-16,1.));
#312 = DIRECTION('',(-1.,0.,0.));
#313 = PCURVE('',#49,#314);
#314 = DEFINITIONAL_REPRESENTATION('',(#315),#318);
#315 = B_SPLINE_CURVE_WITH_KNOTS('',1,(#316,#317),.UNSPECIFIED.,.F.,.F.,
  (2,2),(1.740186586984,3.141592760804),.PIECEWISE_BEZIER_KNOTS.);
#316 = CARTESIAN_POINT('',(1.740186586984,-9.));
#317 = CARTESIAN_POINT('',(3.141592760804,-9.));
#318 = ( GEOMETRIC_REPRESENTATION_CONTEXT(2) 
PARAMETRIC_REPRESENTATION_CONTEXT() REPRESENTATION_CONTEXT('2D SPACE',''
  ) );
#319 = PCURVE('',#320,#325);
#320 = PLANE('',#321);
#321 = AXIS2_PLACEMENT_3D('',#322,#323,#324);
#322 = CARTESIAN_POINT('',(15.843472630708,2.2E-16,1.));
#323 = DIRECTION('',(-0.,-2.2E-16,-1.));
#324 = DIRECTION('',(1.,0.,0.));
#325 = DEFINITIONAL_REPRESENTATION('',(#326),#334);
#326 = ( BOUNDED_CURVE() B_SPLINE_CURVE(2,(#327,#328,#329,#330,#331,#332
,#333),.UNSPECIFIED.,.T.,.F.) B_SPLINE_CURVE_WITH_KNOTS((1,2,2,2,2,1),(
    -2.094395102393,0.,2.094395102393,4.188790204786,6.28318530718,
8.377580409573),.UNSPECIFIED.) CURVE() GEOMETRIC_REPRESENTATION_ITEM() 
RATIONAL_B_SPLINE_CURVE((1.,0.5,1.,0.5,1.,0.5,1.)) REPRESENTATION_ITEM(
  '') );
#327 = CARTESIAN_POINT('',(-4.386064419228,-21.99999871343));
#328 = CARTESIAN_POINT('',(-4.386064419228,-1.215389022608));
#329 = CARTESIAN_POINT('',(13.613935580772,-11.60769386802));
#330 = CARTESIAN_POINT('',(31.613935580772,-21.99999871343));
#331 = CARTESIAN_POINT('',(13.613935580772,-32.39230355884));
#332 = CARTESIAN_POINT('',(-4.386064419228,-42.78460840426));
#333 = CARTESIAN_POINT('',(-4.386064419228,-21.99999871343));
#334 = ( GEOMETRIC_REPRESENTATION_CONTEXT(2) 
PARAMETRIC_REPRESENTATION_CONTEXT() REPRESENTATION_CONTEXT('2D SPACE',''
  ) );
#335 = ORIENTED_EDGE('',*,*,#336,.F.);
#336 = EDGE_CURVE('',#24,#305,#337,.T.);
#337 = SURFACE_CURVE('',#338,(#342,#348),.PCURVE_S1.);
#338 = LINE('',#339,#340);
#339 = CARTESIAN_POINT('',(35.45740821148,22.,10.));
#340 = VECTOR('',#341,1.);
#341 = DIRECTION('',(0.,-2.2E-16,-1.));
#342 = PCURVE('',#49,#343);
#343 = DEFINITIONAL_REPRESENTATION('',(#344),#347);
#344 = B_SPLINE_CURVE_WITH_KNOTS('',1,(#345,#346),.UNSPECIFIED.,.F.,.F.,
  (2,2),(0.,9.),.PIECEWISE_BEZIER_KNOTS.);
#345 = CARTESIAN_POINT('',(3.141592760804,0.));
#346 = CARTESIAN_POINT('',(3.141592760804,-9.));
#347 = ( GEOMETRIC_REPRESENTATION_CONTEXT(2) 
PARAMETRIC_REPRESENTATION_CONTEXT() REPRESENTATION_CONTEXT('2D SPACE',''
  ) );
#348 = PCURVE('',#102,#349);
#349 = DEFINITIONAL_REPRESENTATION('',(#350),#353);
#350 = B_SPLINE_CURVE_WITH_KNOTS('',1,(#351,#352),.UNSPECIFIED.,.F.,.F.,
  (2,2),(0.,9.),.PIECEWISE_BEZIER_KNOTS.);
#351 = CARTESIAN_POINT('',(-3.141592760804,0.));
#352 = CARTESIAN_POINT('',(-3.141592760804,-9.));
#353 = ( GEOMETRIC_REPRESENTATION_CONTEXT(2) 
PARAMETRIC_REPRESENTATION_CONTEXT() REPRESENTATION_CONTEXT('2D SPACE',''
  ) );
#354 = ADVANCED_FACE('',(#355),#76,.T.);
#355 = FACE_BOUND('',#356,.T.);
#356 = EDGE_LOOP('',(#357,#384,#411,#436,#464,#487,#507,#508,#509,#574,
    #596,#628,#655,#682,#714,#741));
#357 = ORIENTED_EDGE('',*,*,#358,.T.);
#358 = EDGE_CURVE('',#359,#361,#363,.T.);
#359 = VERTEX_POINT('',#360);
#360 = CARTESIAN_POINT('',(23.45740821148,44.,-10.));
#361 = VERTEX_POINT('',#362);
#362 = CARTESIAN_POINT('',(23.45740821148,34.000001286566,-10.));
#363 = SURFACE_CURVE('',#364,(#367,#373),.PCURVE_S1.);
#364 = B_SPLINE_CURVE_WITH_KNOTS('',1,(#365,#366),.UNSPECIFIED.,.F.,.F.,
  (2,2),(-44.,-34.00000128656),.PIECEWISE_BEZIER_KNOTS.);
#365 = CARTESIAN_POINT('',(23.45740821148,44.,-10.));
#366 = CARTESIAN_POINT('',(23.45740821148,34.000001286566,-10.));
#367 = PCURVE('',#76,#368);
#368 = DEFINITIONAL_REPRESENTATION('',(#369),#372);
#369 = B_SPLINE_CURVE_WITH_KNOTS('',1,(#370,#371),.UNSPECIFIED.,.F.,.F.,
  (2,2),(-44.,-34.00000128656),.PIECEWISE_BEZIER_KNOTS.);
#370 = CARTESIAN_POINT('',(12.16339551509,-44.));
#371 = CARTESIAN_POINT('',(12.16339551509,-34.00000128656));
#372 = ( GEOMETRIC_REPRESENTATION_CONTEXT(2) 
PARAMETRIC_REPRESENTATION_CONTEXT() REPRESENTATION_CONTEXT('2D SPACE',''
  ) );
#373 = PCURVE('',#374,#379);
#374 = CYLINDRICAL_SURFACE('',#375,25.5);
#375 = AXIS2_PLACEMENT_3D('',#376,#377,#378);
#376 = CARTESIAN_POINT('',(0.,0.,0.));
#377 = DIRECTION('',(0.,-1.,2.2E-16));
#378 = DIRECTION('',(1.,0.,0.));
#379 = DEFINITIONAL_REPRESENTATION('',(#380),#383);
#380 = B_SPLINE_CURVE_WITH_KNOTS('',1,(#381,#382),.UNSPECIFIED.,.F.,.F.,
  (2,2),(-44.,-34.00000128656),.PIECEWISE_BEZIER_KNOTS.);
#381 = CARTESIAN_POINT('',(5.88021020791,-44.));
#382 = CARTESIAN_POINT('',(5.88021020791,-34.00000128656));
#383 = ( GEOMETRIC_REPRESENTATION_CONTEXT(2) 
PARAMETRIC_REPRESENTATION_CONTEXT() REPRESENTATION_CONTEXT('2D SPACE',''
  ) );
#384 = ORIENTED_EDGE('',*,*,#385,.F.);
#385 = EDGE_CURVE('',#386,#361,#388,.T.);
#386 = VERTEX_POINT('',#387);
#387 = CARTESIAN_POINT('',(23.45740821148,9.999998713434,-10.));
#388 = SURFACE_CURVE('',#389,(#393,#399),.PCURVE_S1.);
#389 = LINE('',#390,#391);
#390 = CARTESIAN_POINT('',(23.45740821148,-2.22E-15,-10.));
#391 = VECTOR('',#392,1.);
#392 = DIRECTION('',(0.,1.,-2.2E-16));
#393 = PCURVE('',#76,#394);
#394 = DEFINITIONAL_REPRESENTATION('',(#395),#398);
#395 = B_SPLINE_CURVE_WITH_KNOTS('',1,(#396,#397),.UNSPECIFIED.,.F.,.F.,
  (2,2),(9.999998713434,34.000001286566),.PIECEWISE_BEZIER_KNOTS.);
#396 = CARTESIAN_POINT('',(12.16339551509,-9.999998713434));
#397 = CARTESIAN_POINT('',(12.16339551509,-34.00000128656));
#398 = ( GEOMETRIC_REPRESENTATION_CONTEXT(2) 
PARAMETRIC_REPRESENTATION_CONTEXT() REPRESENTATION_CONTEXT('2D SPACE',''
  ) );
#399 = PCURVE('',#400,#405);
#400 = PLANE('',#401);
#401 = AXIS2_PLACEMENT_3D('',#402,#403,#404);
#402 = CARTESIAN_POINT('',(23.45740821148,-2.22E-15,-10.));
#403 = DIRECTION('',(0.,-2.2E-16,-1.));
#404 = DIRECTION('',(1.,0.,0.));
#405 = DEFINITIONAL_REPRESENTATION('',(#406),#410);
#406 = LINE('',#407,#408);
#407 = CARTESIAN_POINT('',(1.42108547152E-14,-7.88860905221E-31));
#408 = VECTOR('',#409,1.);
#409 = DIRECTION('',(0.,-1.));
#410 = ( GEOMETRIC_REPRESENTATION_CONTEXT(2) 
PARAMETRIC_REPRESENTATION_CONTEXT() REPRESENTATION_CONTEXT('2D SPACE',''
  ) );
#411 = ORIENTED_EDGE('',*,*,#412,.T.);
#412 = EDGE_CURVE('',#386,#413,#415,.T.);
#413 = VERTEX_POINT('',#414);
#414 = CARTESIAN_POINT('',(23.45740821148,0.,-10.));
#415 = SURFACE_CURVE('',#416,(#419,#425),.PCURVE_S1.);
#416 = B_SPLINE_CURVE_WITH_KNOTS('',1,(#417,#418),.UNSPECIFIED.,.F.,.F.,
  (2,2),(-9.999998713434,0.),.PIECEWISE_BEZIER_KNOTS.);
#417 = CARTESIAN_POINT('',(23.45740821148,9.999998713434,-10.));
#418 = CARTESIAN_POINT('',(23.45740821148,-2.22E-15,-10.));
#419 = PCURVE('',#76,#420);
#420 = DEFINITIONAL_REPRESENTATION('',(#421),#424);
#421 = B_SPLINE_CURVE_WITH_KNOTS('',1,(#422,#423),.UNSPECIFIED.,.F.,.F.,
  (2,2),(-9.999998713434,0.),.PIECEWISE_BEZIER_KNOTS.);
#422 = CARTESIAN_POINT('',(12.16339551509,-9.999998713434));
#423 = CARTESIAN_POINT('',(12.16339551509,0.));
#424 = ( GEOMETRIC_REPRESENTATION_CONTEXT(2) 
PARAMETRIC_REPRESENTATION_CONTEXT() REPRESENTATION_CONTEXT('2D SPACE',''
  ) );
#425 = PCURVE('',#426,#431);
#426 = CYLINDRICAL_SURFACE('',#427,25.5);
#427 = AXIS2_PLACEMENT_3D('',#428,#429,#430);
#428 = CARTESIAN_POINT('',(0.,0.,0.));
#429 = DIRECTION('',(0.,-1.,2.2E-16));
#430 = DIRECTION('',(1.,0.,0.));
#431 = DEFINITIONAL_REPRESENTATION('',(#432),#435);
#432 = B_SPLINE_CURVE_WITH_KNOTS('',1,(#433,#434),.UNSPECIFIED.,.F.,.F.,
  (2,2),(-9.999998713434,0.),.PIECEWISE_BEZIER_KNOTS.);
#433 = CARTESIAN_POINT('',(5.88021020791,-9.999998713434));
#434 = CARTESIAN_POINT('',(5.88021020791,0.));
#435 = ( GEOMETRIC_REPRESENTATION_CONTEXT(2) 
PARAMETRIC_REPRESENTATION_CONTEXT() REPRESENTATION_CONTEXT('2D SPACE',''
  ) );
#436 = ORIENTED_EDGE('',*,*,#437,.F.);
#437 = EDGE_CURVE('',#438,#413,#440,.T.);
#438 = VERTEX_POINT('',#439);
#439 = CARTESIAN_POINT('',(23.45740821148,0.,10.));
#440 = SURFACE_CURVE('',#441,(#446,#452),.PCURVE_S1.);
#441 = CIRCLE('',#442,25.5);
#442 = AXIS2_PLACEMENT_3D('',#443,#444,#445);
#443 = CARTESIAN_POINT('',(0.,0.,0.));
#444 = DIRECTION('',(0.,-1.,2.2E-16));
#445 = DIRECTION('',(1.,0.,0.));
#446 = PCURVE('',#76,#447);
#447 = DEFINITIONAL_REPRESENTATION('',(#448),#451);
#448 = B_SPLINE_CURVE_WITH_KNOTS('',1,(#449,#450),.UNSPECIFIED.,.F.,.F.,
  (2,2),(0.40297509927,5.88021020791),.PIECEWISE_BEZIER_KNOTS.);
#449 = CARTESIAN_POINT('',(6.686160406449,0.));
#450 = CARTESIAN_POINT('',(12.16339551509,0.));
#451 = ( GEOMETRIC_REPRESENTATION_CONTEXT(2) 
PARAMETRIC_REPRESENTATION_CONTEXT() REPRESENTATION_CONTEXT('2D SPACE',''
  ) );
#452 = PCURVE('',#453,#458);
#453 = PLANE('',#454);
#454 = AXIS2_PLACEMENT_3D('',#455,#456,#457);
#455 = CARTESIAN_POINT('',(1.367353993177,0.,3.81E-15));
#456 = DIRECTION('',(0.,-1.,2.2E-16));
#457 = DIRECTION('',(0.,2.2E-16,1.));
#458 = DEFINITIONAL_REPRESENTATION('',(#459),#463);
#459 = CIRCLE('',#460,25.5);
#460 = AXIS2_PLACEMENT_2D('',#461,#462);
#461 = CARTESIAN_POINT('',(-3.81E-15,1.367353993177));
#462 = DIRECTION('',(0.,-1.));
#463 = ( GEOMETRIC_REPRESENTATION_CONTEXT(2) 
PARAMETRIC_REPRESENTATION_CONTEXT() REPRESENTATION_CONTEXT('2D SPACE',''
  ) );
#464 = ORIENTED_EDGE('',*,*,#465,.F.);
#465 = EDGE_CURVE('',#466,#438,#468,.T.);
#466 = VERTEX_POINT('',#467);
#467 = CARTESIAN_POINT('',(25.480384612482,0.,1.));
#468 = SURFACE_CURVE('',#469,(#474,#480),.PCURVE_S1.);
#469 = CIRCLE('',#470,25.5);
#470 = AXIS2_PLACEMENT_3D('',#471,#472,#473);
#471 = CARTESIAN_POINT('',(2.84E-15,0.,5.01E-15));
#472 = DIRECTION('',(0.,-1.,2.2E-16));
#473 = DIRECTION('',(1.,0.,0.));
#474 = PCURVE('',#76,#475);
#475 = DEFINITIONAL_REPRESENTATION('',(#476),#479);
#476 = B_SPLINE_CURVE_WITH_KNOTS('',1,(#477,#478),.UNSPECIFIED.,.F.,.F.,
  (2,2),(6.322411051855,6.686160406449),.PIECEWISE_BEZIER_KNOTS.);
#477 = CARTESIAN_POINT('',(6.322411051855,0.));
#478 = CARTESIAN_POINT('',(6.686160406449,0.));
#479 = ( GEOMETRIC_REPRESENTATION_CONTEXT(2) 
PARAMETRIC_REPRESENTATION_CONTEXT() REPRESENTATION_CONTEXT('2D SPACE',''
  ) );
#480 = PCURVE('',#453,#481);
#481 = DEFINITIONAL_REPRESENTATION('',(#482),#486);
#482 = CIRCLE('',#483,25.5);
#483 = AXIS2_PLACEMENT_2D('',#484,#485);
#484 = CARTESIAN_POINT('',(1.2E-15,1.367353993177));
#485 = DIRECTION('',(0.,-1.));
#486 = ( GEOMETRIC_REPRESENTATION_CONTEXT(2) 
PARAMETRIC_REPRESENTATION_CONTEXT() REPRESENTATION_CONTEXT('2D SPACE',''
  ) );
#487 = ORIENTED_EDGE('',*,*,#488,.F.);
#488 = EDGE_CURVE('',#240,#466,#489,.T.);
#489 = SURFACE_CURVE('',#490,(#494,#500),.PCURVE_S1.);
#490 = LINE('',#491,#492);
#491 = CARTESIAN_POINT('',(25.480384612482,2.2E-16,1.));
#492 = VECTOR('',#493,1.);
#493 = DIRECTION('',(0.,-1.,2.2E-16));
#494 = PCURVE('',#76,#495);
#495 = DEFINITIONAL_REPRESENTATION('',(#496),#499);
#496 = B_SPLINE_CURVE_WITH_KNOTS('',1,(#497,#498),.UNSPECIFIED.,.F.,.F.,
  (2,2),(-10.1717458013,-0.),.PIECEWISE_BEZIER_KNOTS.);
#497 = CARTESIAN_POINT('',(6.322411051855,-10.1717458013));
#498 = CARTESIAN_POINT('',(6.322411051855,0.));
#499 = ( GEOMETRIC_REPRESENTATION_CONTEXT(2) 
PARAMETRIC_REPRESENTATION_CONTEXT() REPRESENTATION_CONTEXT('2D SPACE',''
  ) );
#500 = PCURVE('',#320,#501);
#501 = DEFINITIONAL_REPRESENTATION('',(#502),#506);
#502 = LINE('',#503,#504);
#503 = CARTESIAN_POINT('',(9.636911981774,0.));
#504 = VECTOR('',#505,1.);
#505 = DIRECTION('',(0.,1.));
#506 = ( GEOMETRIC_REPRESENTATION_CONTEXT(2) 
PARAMETRIC_REPRESENTATION_CONTEXT() REPRESENTATION_CONTEXT('2D SPACE',''
  ) );
#507 = ORIENTED_EDGE('',*,*,#239,.T.);
#508 = ORIENTED_EDGE('',*,*,#60,.T.);
#509 = ORIENTED_EDGE('',*,*,#510,.F.);
#510 = EDGE_CURVE('',#511,#61,#513,.T.);
#511 = VERTEX_POINT('',#512);
#512 = CARTESIAN_POINT('',(25.480384623741,33.828254198697,1.));
#513 = SURFACE_CURVE('',#514,(#529,#556),.PCURVE_S1.);
#514 = B_SPLINE_CURVE_WITH_KNOTS('',7,(#515,#516,#517,#518,#519,#520,
    #521,#522,#523,#524,#525,#526,#527,#528),.UNSPECIFIED.,.F.,.F.,(8,6,
    8),(0.,0.333857542679,1.),.UNSPECIFIED.);
#515 = CARTESIAN_POINT('',(25.5,33.824882629965,-9.5E-15));
#516 = CARTESIAN_POINT('',(25.5,33.824882629965,0.483767208788));
#517 = CARTESIAN_POINT('',(25.489292770284,33.826732218822,
    0.967528367897));
#518 = CARTESIAN_POINT('',(25.467878604347,33.830431217106,1.4511373373)
  );
#519 = CARTESIAN_POINT('',(25.435749243123,33.835918154206,
    1.934445724898));
#520 = CARTESIAN_POINT('',(25.392887874985,33.843070268337,
    2.417302886517));
#521 = CARTESIAN_POINT('',(25.339269135742,33.851703506536,
    2.899555925906));
#522 = CARTESIAN_POINT('',(25.146342456346,33.881264073135,
    4.341769167438));
#523 = CARTESIAN_POINT('',(24.974882892622,33.905872853614,
    5.299322241536));
#524 = CARTESIAN_POINT('',(24.760198891035,33.933452874079,
    6.252737240926));
#525 = CARTESIAN_POINT('',(24.501811520022,33.961100502915,
    7.200918589668));
#526 = CARTESIAN_POINT('',(24.199074467842,33.9849244057,8.142597323694)
  );
#527 = CARTESIAN_POINT('',(23.851207282389,34.000001286566,
    9.076249444038));
#528 = CARTESIAN_POINT('',(23.45740821148,34.000001286566,10.));
#529 = PCURVE('',#76,#530);
#530 = DEFINITIONAL_REPRESENTATION('',(#531),#555);
#531 = B_SPLINE_CURVE_WITH_KNOTS('',3,(#532,#533,#534,#535,#536,#537,
    #538,#539,#540,#541,#542,#543,#544,#545,#546,#547,#548,#549,#550,
    #551,#552,#553,#554),.UNSPECIFIED.,.F.,.F.,(4,1,1,1,1,1,1,1,1,1,1,1,
    1,1,1,1,1,1,1,1,4),(9.860274865035E-02,0.136363636364,0.181818181818
    ,0.227272727273,0.272727272727,0.318181818182,0.363636363636,
    0.409090909091,0.454545454545,0.5,0.545454545455,0.590909090909,
    0.636363636364,0.681818181818,0.727272727273,0.772727272727,
    0.818181818182,0.863636363636,0.909090909091,0.954545454545,1.),
  .UNSPECIFIED.);
#532 = CARTESIAN_POINT('',(6.322411051811,-33.82825417415));
#533 = CARTESIAN_POINT('',(6.327419530999,-33.82911076592));
#534 = CARTESIAN_POINT('',(6.338458471792,-33.83135315519));
#535 = CARTESIAN_POINT('',(6.355534397326,-33.83599615875));
#536 = CARTESIAN_POINT('',(6.37364253772,-33.84221641476));
#537 = CARTESIAN_POINT('',(6.391764682203,-33.84965649436));
#538 = CARTESIAN_POINT('',(6.409903704469,-33.85821904458));
#539 = CARTESIAN_POINT('',(6.428062346878,-33.86778892434));
#540 = CARTESIAN_POINT('',(6.446242694423,-33.87823295164));
#541 = CARTESIAN_POINT('',(6.464448556787,-33.88940119702));
#542 = CARTESIAN_POINT('',(6.482683359757,-33.90112593386));
#543 = CARTESIAN_POINT('',(6.500950597367,-33.91322168062));
#544 = CARTESIAN_POINT('',(6.519253710744,-33.92548495855));
#545 = CARTESIAN_POINT('',(6.53759611969,-33.93769406813));
#546 = CARTESIAN_POINT('',(6.555981212447,-33.94960879084));
#547 = CARTESIAN_POINT('',(6.574412345762,-33.96097002116));
#548 = CARTESIAN_POINT('',(6.592892841324,-33.97149933678));
#549 = CARTESIAN_POINT('',(6.611425982021,-33.98089840377));
#550 = CARTESIAN_POINT('',(6.630015007991,-33.98884855674));
#551 = CARTESIAN_POINT('',(6.648663108931,-33.99500923055));
#552 = CARTESIAN_POINT('',(6.66737342652,-33.99902013178));
#553 = CARTESIAN_POINT('',(6.679890485384,-33.99999928042));
#554 = CARTESIAN_POINT('',(6.686160406449,-34.00000128656));
#555 = ( GEOMETRIC_REPRESENTATION_CONTEXT(2) 
PARAMETRIC_REPRESENTATION_CONTEXT() REPRESENTATION_CONTEXT('2D SPACE',''
  ) );
#556 = PCURVE('',#102,#557);
#557 = DEFINITIONAL_REPRESENTATION('',(#558),#573);
#558 = B_SPLINE_CURVE_WITH_KNOTS('',7,(#559,#560,#561,#562,#563,#564,
    #565,#566,#567,#568,#569,#570,#571,#572),.UNSPECIFIED.,.F.,.F.,(8,6,
    8),(9.860274865035E-02,0.333857542679,1.),.UNSPECIFIED.);
#559 = CARTESIAN_POINT('',(-1.740186557509,-9.));
#560 = CARTESIAN_POINT('',(-1.739055969274,-8.659253538202));
#561 = CARTESIAN_POINT('',(-1.737475877651,-8.318618212995));
#562 = CARTESIAN_POINT('',(-1.735446355273,-7.978146088252));
#563 = CARTESIAN_POINT('',(-1.732967481527,-7.637889783099));
#564 = CARTESIAN_POINT('',(-1.730039342553,-7.297902471916));
#565 = CARTESIAN_POINT('',(-1.726662031248,-6.958237884339));
#566 = CARTESIAN_POINT('',(-1.712000939979,-5.658230832562));
#567 = CARTESIAN_POINT('',(-1.697566889581,-4.700677758464));
#568 = CARTESIAN_POINT('',(-1.679532697948,-3.747262759074));
#569 = CARTESIAN_POINT('',(-1.657887594618,-2.799081410331));
#570 = CARTESIAN_POINT('',(-1.632601862039,-1.857402676306));
#571 = CARTESIAN_POINT('',(-1.603612916037,-0.923750555962));
#572 = CARTESIAN_POINT('',(-1.570796326795,1.066E-14));
#573 = ( GEOMETRIC_REPRESENTATION_CONTEXT(2) 
PARAMETRIC_REPRESENTATION_CONTEXT() REPRESENTATION_CONTEXT('2D SPACE',''
  ) );
#574 = ORIENTED_EDGE('',*,*,#575,.F.);
#575 = EDGE_CURVE('',#576,#511,#578,.T.);
#576 = VERTEX_POINT('',#577);
#577 = CARTESIAN_POINT('',(25.480384612482,44.,1.));
#578 = SURFACE_CURVE('',#579,(#583,#589),.PCURVE_S1.);
#579 = LINE('',#580,#581);
#580 = CARTESIAN_POINT('',(25.480384612482,2.2E-16,1.));
#581 = VECTOR('',#582,1.);
#582 = DIRECTION('',(0.,-1.,2.2E-16));
#583 = PCURVE('',#76,#584);
#584 = DEFINITIONAL_REPRESENTATION('',(#585),#588);
#585 = B_SPLINE_CURVE_WITH_KNOTS('',1,(#586,#587),.UNSPECIFIED.,.F.,.F.,
  (2,2),(-44.,-33.82825419869),.PIECEWISE_BEZIER_KNOTS.);
#586 = CARTESIAN_POINT('',(6.322411051855,-44.));
#587 = CARTESIAN_POINT('',(6.322411051855,-33.82825419869));
#588 = ( GEOMETRIC_REPRESENTATION_CONTEXT(2) 
PARAMETRIC_REPRESENTATION_CONTEXT() REPRESENTATION_CONTEXT('2D SPACE',''
  ) );
#589 = PCURVE('',#320,#590);
#590 = DEFINITIONAL_REPRESENTATION('',(#591),#595);
#591 = LINE('',#592,#593);
#592 = CARTESIAN_POINT('',(9.636911981774,0.));
#593 = VECTOR('',#594,1.);
#594 = DIRECTION('',(0.,1.));
#595 = ( GEOMETRIC_REPRESENTATION_CONTEXT(2) 
PARAMETRIC_REPRESENTATION_CONTEXT() REPRESENTATION_CONTEXT('2D SPACE',''
  ) );
#596 = ORIENTED_EDGE('',*,*,#597,.T.);
#597 = EDGE_CURVE('',#576,#598,#600,.T.);
#598 = VERTEX_POINT('',#599);
#599 = CARTESIAN_POINT('',(23.45740821148,44.,10.));
#600 = SURFACE_CURVE('',#601,(#606,#612),.PCURVE_S1.);
#601 = CIRCLE('',#602,25.5);
#602 = AXIS2_PLACEMENT_3D('',#603,#604,#605);
#603 = CARTESIAN_POINT('',(2.84E-15,44.,-4.76E-15));
#604 = DIRECTION('',(0.,-1.,2.2E-16));
#605 = DIRECTION('',(1.,0.,0.));
#606 = PCURVE('',#76,#607);
#607 = DEFINITIONAL_REPRESENTATION('',(#608),#611);
#608 = B_SPLINE_CURVE_WITH_KNOTS('',1,(#609,#610),.UNSPECIFIED.,.F.,.F.,
  (2,2),(6.322411051855,6.686160406449),.PIECEWISE_BEZIER_KNOTS.);
#609 = CARTESIAN_POINT('',(6.322411051855,-44.));
#610 = CARTESIAN_POINT('',(6.686160406449,-44.));
#611 = ( GEOMETRIC_REPRESENTATION_CONTEXT(2) 
PARAMETRIC_REPRESENTATION_CONTEXT() REPRESENTATION_CONTEXT('2D SPACE',''
  ) );
#612 = PCURVE('',#613,#618);
#613 = PLANE('',#614);
#614 = AXIS2_PLACEMENT_3D('',#615,#616,#617);
#615 = CARTESIAN_POINT('',(-65.37728521849,44.,-1.188E-14));
#616 = DIRECTION('',(-1.E-17,1.,-2.5E-16));
#617 = DIRECTION('',(0.,-2.5E-16,-1.));
#618 = DEFINITIONAL_REPRESENTATION('',(#619),#627);
#619 = ( BOUNDED_CURVE() B_SPLINE_CURVE(2,(#620,#621,#622,#623,#624,#625
,#626),.UNSPECIFIED.,.T.,.F.) B_SPLINE_CURVE_WITH_KNOTS((1,2,2,2,2,1),(
    -2.094395102393,0.,2.094395102393,4.188790204786,6.28318530718,
8.377580409573),.UNSPECIFIED.) CURVE() GEOMETRIC_REPRESENTATION_ITEM() 
RATIONAL_B_SPLINE_CURVE((1.,0.5,1.,0.5,1.,0.5,1.)) REPRESENTATION_ITEM(
  '') );
#620 = CARTESIAN_POINT('',(-7.12E-15,-90.87728521849));
#621 = CARTESIAN_POINT('',(-44.167295593,-90.87728521849));
#622 = CARTESIAN_POINT('',(-22.0836477965,-52.62728521849));
#623 = CARTESIAN_POINT('',(-1.336569867565E-14,-14.37728521849));
#624 = CARTESIAN_POINT('',(22.083647796503,-52.62728521849));
#625 = CARTESIAN_POINT('',(44.167295593006,-90.87728521849));
#626 = CARTESIAN_POINT('',(-7.12E-15,-90.87728521849));
#627 = ( GEOMETRIC_REPRESENTATION_CONTEXT(2) 
PARAMETRIC_REPRESENTATION_CONTEXT() REPRESENTATION_CONTEXT('2D SPACE',''
  ) );
#628 = ORIENTED_EDGE('',*,*,#629,.T.);
#629 = EDGE_CURVE('',#598,#630,#632,.T.);
#630 = VERTEX_POINT('',#631);
#631 = CARTESIAN_POINT('',(-1.001785714286,44.,25.480314467892));
#632 = SURFACE_CURVE('',#633,(#638,#644),.PCURVE_S1.);
#633 = CIRCLE('',#634,25.5);
#634 = AXIS2_PLACEMENT_3D('',#635,#636,#637);
#635 = CARTESIAN_POINT('',(0.,44.,-9.77E-15));
#636 = DIRECTION('',(0.,-1.,2.2E-16));
#637 = DIRECTION('',(1.,0.,0.));
#638 = PCURVE('',#76,#639);
#639 = DEFINITIONAL_REPRESENTATION('',(#640),#643);
#640 = B_SPLINE_CURVE_WITH_KNOTS('',1,(#641,#642),.UNSPECIFIED.,.F.,.F.,
  (2,2),(0.40297509927,1.610092153487),.PIECEWISE_BEZIER_KNOTS.);
#641 = CARTESIAN_POINT('',(6.686160406449,-44.));
#642 = CARTESIAN_POINT('',(7.893277460666,-44.));
#643 = ( GEOMETRIC_REPRESENTATION_CONTEXT(2) 
PARAMETRIC_REPRESENTATION_CONTEXT() REPRESENTATION_CONTEXT('2D SPACE',''
  ) );
#644 = PCURVE('',#613,#645);
#645 = DEFINITIONAL_REPRESENTATION('',(#646),#654);
#646 = ( BOUNDED_CURVE() B_SPLINE_CURVE(2,(#647,#648,#649,#650,#651,#652
,#653),.UNSPECIFIED.,.T.,.F.) B_SPLINE_CURVE_WITH_KNOTS((1,2,2,2,2,1),(
    -2.094395102393,0.,2.094395102393,4.188790204786,6.28318530718,
8.377580409573),.UNSPECIFIED.) CURVE() GEOMETRIC_REPRESENTATION_ITEM() 
RATIONAL_B_SPLINE_CURVE((1.,0.5,1.,0.5,1.,0.5,1.)) REPRESENTATION_ITEM(
  '') );
#647 = CARTESIAN_POINT('',(-2.11E-15,-90.87728521849));
#648 = CARTESIAN_POINT('',(-44.167295593,-90.87728521849));
#649 = CARTESIAN_POINT('',(-22.0836477965,-52.62728521849));
#650 = CARTESIAN_POINT('',(-8.355698675652E-15,-14.37728521849));
#651 = CARTESIAN_POINT('',(22.083647796503,-52.62728521849));
#652 = CARTESIAN_POINT('',(44.167295593006,-90.87728521849));
#653 = CARTESIAN_POINT('',(-2.11E-15,-90.87728521849));
#654 = ( GEOMETRIC_REPRESENTATION_CONTEXT(2) 
PARAMETRIC_REPRESENTATION_CONTEXT() REPRESENTATION_CONTEXT('2D SPACE',''
  ) );
#655 = ORIENTED_EDGE('',*,*,#656,.T.);
#656 = EDGE_CURVE('',#630,#657,#659,.T.);
#657 = VERTEX_POINT('',#658);
#658 = CARTESIAN_POINT('',(-1.001785714286,28.,25.480314467892));
#659 = SURFACE_CURVE('',#660,(#664,#670),.PCURVE_S1.);
#660 = LINE('',#661,#662);
#661 = CARTESIAN_POINT('',(-1.001785714286,44.,25.480314467892));
#662 = VECTOR('',#663,1.);
#663 = DIRECTION('',(0.,-1.,2.2E-16));
#664 = PCURVE('',#76,#665);
#665 = DEFINITIONAL_REPRESENTATION('',(#666),#669);
#666 = B_SPLINE_CURVE_WITH_KNOTS('',1,(#667,#668),.UNSPECIFIED.,.F.,.F.,
  (2,2),(0.,16.),.PIECEWISE_BEZIER_KNOTS.);
#667 = CARTESIAN_POINT('',(7.893277460666,-44.));
#668 = CARTESIAN_POINT('',(7.893277460666,-28.));
#669 = ( GEOMETRIC_REPRESENTATION_CONTEXT(2) 
PARAMETRIC_REPRESENTATION_CONTEXT() REPRESENTATION_CONTEXT('2D SPACE',''
  ) );
#670 = PCURVE('',#671,#676);
#671 = PLANE('',#672);
#672 = AXIS2_PLACEMENT_3D('',#673,#674,#675);
#673 = CARTESIAN_POINT('',(-140.7857142857,44.,19.984560366974));
#674 = DIRECTION('',(-3.928571428571E-02,2.2E-16,0.999228018349));
#675 = DIRECTION('',(0.999228018349,1.E-17,3.928571428571E-02));
#676 = DEFINITIONAL_REPRESENTATION('',(#677),#681);
#677 = LINE('',#678,#679);
#678 = CARTESIAN_POINT('',(139.89192256881,4.123364491992E-14));
#679 = VECTOR('',#680,1.);
#680 = DIRECTION('',(-1.357142857143E-18,-1.));
#681 = ( GEOMETRIC_REPRESENTATION_CONTEXT(2) 
PARAMETRIC_REPRESENTATION_CONTEXT() REPRESENTATION_CONTEXT('2D SPACE',''
  ) );
#682 = ORIENTED_EDGE('',*,*,#683,.T.);
#683 = EDGE_CURVE('',#657,#684,#686,.T.);
#684 = VERTEX_POINT('',#685);
#685 = CARTESIAN_POINT('',(-1.001785714286,28.,-25.48031446789));
#686 = SURFACE_CURVE('',#687,(#692,#698),.PCURVE_S1.);
#687 = CIRCLE('',#688,25.5);
#688 = AXIS2_PLACEMENT_3D('',#689,#690,#691);
#689 = CARTESIAN_POINT('',(-2.34E-15,28.,-6.36E-15));
#690 = DIRECTION('',(0.,-1.,2.2E-16));
#691 = DIRECTION('',(1.,0.,0.));
#692 = PCURVE('',#76,#693);
#693 = DEFINITIONAL_REPRESENTATION('',(#694),#697);
#694 = B_SPLINE_CURVE_WITH_KNOTS('',1,(#695,#696),.UNSPECIFIED.,.F.,.F.,
  (2,2),(1.610092153487,4.673093153693),.PIECEWISE_BEZIER_KNOTS.);
#695 = CARTESIAN_POINT('',(7.893277460666,-28.));
#696 = CARTESIAN_POINT('',(10.956278460872,-28.));
#697 = ( GEOMETRIC_REPRESENTATION_CONTEXT(2) 
PARAMETRIC_REPRESENTATION_CONTEXT() REPRESENTATION_CONTEXT('2D SPACE',''
  ) );
#698 = PCURVE('',#699,#704);
#699 = PLANE('',#700);
#700 = AXIS2_PLACEMENT_3D('',#701,#702,#703);
#701 = CARTESIAN_POINT('',(-72.45850736367,28.,-5.376075513652E-06));
#702 = DIRECTION('',(0.,1.,-1.E-17));
#703 = DIRECTION('',(0.,1.E-17,1.));
#704 = DEFINITIONAL_REPRESENTATION('',(#705),#713);
#705 = ( BOUNDED_CURVE() B_SPLINE_CURVE(2,(#706,#707,#708,#709,#710,#711
,#712),.UNSPECIFIED.,.T.,.F.) B_SPLINE_CURVE_WITH_KNOTS((1,2,2,2,2,1),(
    -2.094395102393,0.,2.094395102393,4.188790204786,6.28318530718,
8.377580409573),.UNSPECIFIED.) CURVE() GEOMETRIC_REPRESENTATION_ITEM() 
RATIONAL_B_SPLINE_CURVE((1.,0.5,1.,0.5,1.,0.5,1.)) REPRESENTATION_ITEM(
  '') );
#706 = CARTESIAN_POINT('',(5.376075507435E-06,97.958507363675));
#707 = CARTESIAN_POINT('',(44.167300969082,97.958507363675));
#708 = CARTESIAN_POINT('',(22.083653172579,59.708507363675));
#709 = CARTESIAN_POINT('',(5.376075513681E-06,21.458507363675));
#710 = CARTESIAN_POINT('',(-22.08364242042,59.708507363675));
#711 = CARTESIAN_POINT('',(-44.16729021693,97.958507363675));
#712 = CARTESIAN_POINT('',(5.376075507435E-06,97.958507363675));
#713 = ( GEOMETRIC_REPRESENTATION_CONTEXT(2) 
PARAMETRIC_REPRESENTATION_CONTEXT() REPRESENTATION_CONTEXT('2D SPACE',''
  ) );
#714 = ORIENTED_EDGE('',*,*,#715,.F.);
#715 = EDGE_CURVE('',#716,#684,#718,.T.);
#716 = VERTEX_POINT('',#717);
#717 = CARTESIAN_POINT('',(-1.001785714286,44.,-25.48031446789));
#718 = SURFACE_CURVE('',#719,(#723,#729),.PCURVE_S1.);
#719 = LINE('',#720,#721);
#720 = CARTESIAN_POINT('',(-1.001785714286,44.,-25.48031446789));
#721 = VECTOR('',#722,1.);
#722 = DIRECTION('',(0.,-1.,2.2E-16));
#723 = PCURVE('',#76,#724);
#724 = DEFINITIONAL_REPRESENTATION('',(#725),#728);
#725 = B_SPLINE_CURVE_WITH_KNOTS('',1,(#726,#727),.UNSPECIFIED.,.F.,.F.,
  (2,2),(0.,16.),.PIECEWISE_BEZIER_KNOTS.);
#726 = CARTESIAN_POINT('',(10.956278460872,-44.));
#727 = CARTESIAN_POINT('',(10.956278460872,-28.));
#728 = ( GEOMETRIC_REPRESENTATION_CONTEXT(2) 
PARAMETRIC_REPRESENTATION_CONTEXT() REPRESENTATION_CONTEXT('2D SPACE',''
  ) );
#729 = PCURVE('',#730,#735);
#730 = PLANE('',#731);
#731 = AXIS2_PLACEMENT_3D('',#732,#733,#734);
#732 = CARTESIAN_POINT('',(-140.7857142857,44.,-19.98456036697));
#733 = DIRECTION('',(3.928571428571E-02,2.2E-16,0.999228018349));
#734 = DIRECTION('',(0.999228018349,-1.E-17,-3.928571428571E-02));
#735 = DEFINITIONAL_REPRESENTATION('',(#736),#740);
#736 = LINE('',#737,#738);
#737 = CARTESIAN_POINT('',(139.89192256881,2.982062865609E-14));
#738 = VECTOR('',#739,1.);
#739 = DIRECTION('',(1.357142857143E-18,-1.));
#740 = ( GEOMETRIC_REPRESENTATION_CONTEXT(2) 
PARAMETRIC_REPRESENTATION_CONTEXT() REPRESENTATION_CONTEXT('2D SPACE',''
  ) );
#741 = ORIENTED_EDGE('',*,*,#742,.T.);
#742 = EDGE_CURVE('',#716,#359,#743,.T.);
#743 = SURFACE_CURVE('',#744,(#749,#755),.PCURVE_S1.);
#744 = CIRCLE('',#745,25.5);
#745 = AXIS2_PLACEMENT_3D('',#746,#747,#748);
#746 = CARTESIAN_POINT('',(0.,44.,-9.77E-15));
#747 = DIRECTION('',(0.,-1.,2.2E-16));
#748 = DIRECTION('',(1.,0.,0.));
#749 = PCURVE('',#76,#750);
#750 = DEFINITIONAL_REPRESENTATION('',(#751),#754);
#751 = B_SPLINE_CURVE_WITH_KNOTS('',1,(#752,#753),.UNSPECIFIED.,.F.,.F.,
  (2,2),(4.673093153693,5.88021020791),.PIECEWISE_BEZIER_KNOTS.);
#752 = CARTESIAN_POINT('',(10.956278460872,-44.));
#753 = CARTESIAN_POINT('',(12.16339551509,-44.));
#754 = ( GEOMETRIC_REPRESENTATION_CONTEXT(2) 
PARAMETRIC_REPRESENTATION_CONTEXT() REPRESENTATION_CONTEXT('2D SPACE',''
  ) );
#755 = PCURVE('',#613,#756);
#756 = DEFINITIONAL_REPRESENTATION('',(#757),#765);
#757 = ( BOUNDED_CURVE() B_SPLINE_CURVE(2,(#758,#759,#760,#761,#762,#763
,#764),.UNSPECIFIED.,.T.,.F.) B_SPLINE_CURVE_WITH_KNOTS((1,2,2,2,2,1),(
    -2.094395102393,0.,2.094395102393,4.188790204786,6.28318530718,
8.377580409573),.UNSPECIFIED.) CURVE() GEOMETRIC_REPRESENTATION_ITEM() 
RATIONAL_B_SPLINE_CURVE((1.,0.5,1.,0.5,1.,0.5,1.)) REPRESENTATION_ITEM(
  '') );
#758 = CARTESIAN_POINT('',(-2.11E-15,-90.87728521849));
#759 = CARTESIAN_POINT('',(-44.167295593,-90.87728521849));
#760 = CARTESIAN_POINT('',(-22.0836477965,-52.62728521849));
#761 = CARTESIAN_POINT('',(-8.355698675652E-15,-14.37728521849));
#762 = CARTESIAN_POINT('',(22.083647796503,-52.62728521849));
#763 = CARTESIAN_POINT('',(44.167295593006,-90.87728521849));
#764 = CARTESIAN_POINT('',(-2.11E-15,-90.87728521849));
#765 = ( GEOMETRIC_REPRESENTATION_CONTEXT(2) 
PARAMETRIC_REPRESENTATION_CONTEXT() REPRESENTATION_CONTEXT('2D SPACE',''
  ) );
#766 = ADVANCED_FACE('',(#767),#102,.T.);
#767 = FACE_BOUND('',#768,.F.);
#768 = EDGE_LOOP('',(#769,#770,#771,#796));
#769 = ORIENTED_EDGE('',*,*,#87,.F.);
#770 = ORIENTED_EDGE('',*,*,#510,.F.);
#771 = ORIENTED_EDGE('',*,*,#772,.F.);
#772 = EDGE_CURVE('',#305,#511,#773,.T.);
#773 = SURFACE_CURVE('',#774,(#779,#785),.PCURVE_S1.);
#774 = CIRCLE('',#775,12.);
#775 = AXIS2_PLACEMENT_3D('',#776,#777,#778);
#776 = CARTESIAN_POINT('',(23.45740821148,22.000001286566,1.));
#777 = DIRECTION('',(0.,2.2E-16,1.));
#778 = DIRECTION('',(-1.,0.,0.));
#779 = PCURVE('',#102,#780);
#780 = DEFINITIONAL_REPRESENTATION('',(#781),#784);
#781 = B_SPLINE_CURVE_WITH_KNOTS('',1,(#782,#783),.UNSPECIFIED.,.F.,.F.,
  (2,2),(3.141592546376,4.542998720196),.PIECEWISE_BEZIER_KNOTS.);
#782 = CARTESIAN_POINT('',(-3.141592760804,-9.));
#783 = CARTESIAN_POINT('',(-1.740186586984,-9.));
#784 = ( GEOMETRIC_REPRESENTATION_CONTEXT(2) 
PARAMETRIC_REPRESENTATION_CONTEXT() REPRESENTATION_CONTEXT('2D SPACE',''
  ) );
#785 = PCURVE('',#320,#786);
#786 = DEFINITIONAL_REPRESENTATION('',(#787),#795);
#787 = ( BOUNDED_CURVE() B_SPLINE_CURVE(2,(#788,#789,#790,#791,#792,#793
,#794),.UNSPECIFIED.,.T.,.F.) B_SPLINE_CURVE_WITH_KNOTS((1,2,2,2,2,1),(
    -2.094395102393,0.,2.094395102393,4.188790204786,6.28318530718,
8.377580409573),.UNSPECIFIED.) CURVE() GEOMETRIC_REPRESENTATION_ITEM() 
RATIONAL_B_SPLINE_CURVE((1.,0.5,1.,0.5,1.,0.5,1.)) REPRESENTATION_ITEM(
  '') );
#788 = CARTESIAN_POINT('',(-4.386064419228,-22.00000128656));
#789 = CARTESIAN_POINT('',(-4.386064419228,-1.215391595739));
#790 = CARTESIAN_POINT('',(13.613935580772,-11.60769644115));
#791 = CARTESIAN_POINT('',(31.613935580772,-22.00000128656));
#792 = CARTESIAN_POINT('',(13.613935580772,-32.39230613197));
#793 = CARTESIAN_POINT('',(-4.386064419228,-42.78461097739));
#794 = CARTESIAN_POINT('',(-4.386064419228,-22.00000128656));
#795 = ( GEOMETRIC_REPRESENTATION_CONTEXT(2) 
PARAMETRIC_REPRESENTATION_CONTEXT() REPRESENTATION_CONTEXT('2D SPACE',''
  ) );
#796 = ORIENTED_EDGE('',*,*,#336,.F.);
#797 = ADVANCED_FACE('',(#798),#133,.F.);
#798 = FACE_BOUND('',#799,.F.);
#799 = EDGE_LOOP('',(#800,#801,#823,#846));
#800 = ORIENTED_EDGE('',*,*,#115,.F.);
#801 = ORIENTED_EDGE('',*,*,#802,.T.);
#802 = EDGE_CURVE('',#116,#803,#805,.T.);
#803 = VERTEX_POINT('',#804);
#804 = CARTESIAN_POINT('',(26.45740821148,23.5,1.));
#805 = SURFACE_CURVE('',#806,(#810,#817),.PCURVE_S1.);
#806 = LINE('',#807,#808);
#807 = CARTESIAN_POINT('',(26.45740821148,23.5,10.));
#808 = VECTOR('',#809,1.);
#809 = DIRECTION('',(0.,-2.2E-16,-1.));
#810 = PCURVE('',#133,#811);
#811 = DEFINITIONAL_REPRESENTATION('',(#812),#816);
#812 = LINE('',#813,#814);
#813 = CARTESIAN_POINT('',(0.,0.));
#814 = VECTOR('',#815,1.);
#815 = DIRECTION('',(0.,-1.));
#816 = ( GEOMETRIC_REPRESENTATION_CONTEXT(2) 
PARAMETRIC_REPRESENTATION_CONTEXT() REPRESENTATION_CONTEXT('2D SPACE',''
  ) );
#817 = PCURVE('',#224,#818);
#818 = DEFINITIONAL_REPRESENTATION('',(#819),#822);
#819 = B_SPLINE_CURVE_WITH_KNOTS('',1,(#820,#821),.UNSPECIFIED.,.F.,.F.,
  (2,2),(0.,9.),.PIECEWISE_BEZIER_KNOTS.);
#820 = CARTESIAN_POINT('',(6.28318530718,0.));
#821 = CARTESIAN_POINT('',(6.28318530718,-9.));
#822 = ( GEOMETRIC_REPRESENTATION_CONTEXT(2) 
PARAMETRIC_REPRESENTATION_CONTEXT() REPRESENTATION_CONTEXT('2D SPACE',''
  ) );
#823 = ORIENTED_EDGE('',*,*,#824,.F.);
#824 = EDGE_CURVE('',#825,#803,#827,.T.);
#825 = VERTEX_POINT('',#826);
#826 = CARTESIAN_POINT('',(26.45740821148,20.5,1.));
#827 = SURFACE_CURVE('',#828,(#832,#839),.PCURVE_S1.);
#828 = LINE('',#829,#830);
#829 = CARTESIAN_POINT('',(26.45740821148,11.75,1.));
#830 = VECTOR('',#831,1.);
#831 = DIRECTION('',(0.,1.,-2.2E-16));
#832 = PCURVE('',#133,#833);
#833 = DEFINITIONAL_REPRESENTATION('',(#834),#838);
#834 = LINE('',#835,#836);
#835 = CARTESIAN_POINT('',(11.75,-9.));
#836 = VECTOR('',#837,1.);
#837 = DIRECTION('',(-1.,0.));
#838 = ( GEOMETRIC_REPRESENTATION_CONTEXT(2) 
PARAMETRIC_REPRESENTATION_CONTEXT() REPRESENTATION_CONTEXT('2D SPACE',''
  ) );
#839 = PCURVE('',#320,#840);
#840 = DEFINITIONAL_REPRESENTATION('',(#841),#845);
#841 = LINE('',#842,#843);
#842 = CARTESIAN_POINT('',(10.613935580772,-11.75));
#843 = VECTOR('',#844,1.);
#844 = DIRECTION('',(0.,-1.));
#845 = ( GEOMETRIC_REPRESENTATION_CONTEXT(2) 
PARAMETRIC_REPRESENTATION_CONTEXT() REPRESENTATION_CONTEXT('2D SPACE',''
  ) );
#846 = ORIENTED_EDGE('',*,*,#847,.F.);
#847 = EDGE_CURVE('',#118,#825,#848,.T.);
#848 = SURFACE_CURVE('',#849,(#853,#860),.PCURVE_S1.);
#849 = LINE('',#850,#851);
#850 = CARTESIAN_POINT('',(26.45740821148,20.5,10.));
#851 = VECTOR('',#852,1.);
#852 = DIRECTION('',(0.,-2.2E-16,-1.));
#853 = PCURVE('',#133,#854);
#854 = DEFINITIONAL_REPRESENTATION('',(#855),#859);
#855 = LINE('',#856,#857);
#856 = CARTESIAN_POINT('',(3.,1.1163568394E-15));
#857 = VECTOR('',#858,1.);
#858 = DIRECTION('',(0.,-1.));
#859 = ( GEOMETRIC_REPRESENTATION_CONTEXT(2) 
PARAMETRIC_REPRESENTATION_CONTEXT() REPRESENTATION_CONTEXT('2D SPACE',''
  ) );
#860 = PCURVE('',#166,#861);
#861 = DEFINITIONAL_REPRESENTATION('',(#862),#865);
#862 = B_SPLINE_CURVE_WITH_KNOTS('',1,(#863,#864),.UNSPECIFIED.,.F.,.F.,
  (2,2),(0.,9.),.PIECEWISE_BEZIER_KNOTS.);
#863 = CARTESIAN_POINT('',(9.6E-16,0.));
#864 = CARTESIAN_POINT('',(9.6E-16,-9.));
#865 = ( GEOMETRIC_REPRESENTATION_CONTEXT(2) 
PARAMETRIC_REPRESENTATION_CONTEXT() REPRESENTATION_CONTEXT('2D SPACE',''
  ) );
#866 = ADVANCED_FACE('',(#867),#224,.F.);
#867 = FACE_BOUND('',#868,.F.);
#868 = EDGE_LOOP('',(#869,#870,#892,#917));
#869 = ORIENTED_EDGE('',*,*,#205,.F.);
#870 = ORIENTED_EDGE('',*,*,#871,.T.);
#871 = EDGE_CURVE('',#178,#872,#874,.T.);
#872 = VERTEX_POINT('',#873);
#873 = CARTESIAN_POINT('',(32.45740821148,23.5,1.));
#874 = SURFACE_CURVE('',#875,(#879,#885),.PCURVE_S1.);
#875 = LINE('',#876,#877);
#876 = CARTESIAN_POINT('',(32.45740821148,23.5,10.));
#877 = VECTOR('',#878,1.);
#878 = DIRECTION('',(0.,-2.2E-16,-1.));
#879 = PCURVE('',#224,#880);
#880 = DEFINITIONAL_REPRESENTATION('',(#881),#884);
#881 = B_SPLINE_CURVE_WITH_KNOTS('',1,(#882,#883),.UNSPECIFIED.,.F.,.F.,
  (2,2),(0.,9.),.PIECEWISE_BEZIER_KNOTS.);
#882 = CARTESIAN_POINT('',(3.14159265359,0.));
#883 = CARTESIAN_POINT('',(3.14159265359,-9.));
#884 = ( GEOMETRIC_REPRESENTATION_CONTEXT(2) 
PARAMETRIC_REPRESENTATION_CONTEXT() REPRESENTATION_CONTEXT('2D SPACE',''
  ) );
#885 = PCURVE('',#193,#886);
#886 = DEFINITIONAL_REPRESENTATION('',(#887),#891);
#887 = LINE('',#888,#889);
#888 = CARTESIAN_POINT('',(3.,-1.1163568394E-15));
#889 = VECTOR('',#890,1.);
#890 = DIRECTION('',(0.,-1.));
#891 = ( GEOMETRIC_REPRESENTATION_CONTEXT(2) 
PARAMETRIC_REPRESENTATION_CONTEXT() REPRESENTATION_CONTEXT('2D SPACE',''
  ) );
#892 = ORIENTED_EDGE('',*,*,#893,.T.);
#893 = EDGE_CURVE('',#872,#803,#894,.T.);
#894 = SURFACE_CURVE('',#895,(#900,#906),.PCURVE_S1.);
#895 = CIRCLE('',#896,3.);
#896 = AXIS2_PLACEMENT_3D('',#897,#898,#899);
#897 = CARTESIAN_POINT('',(29.45740821148,23.5,1.));
#898 = DIRECTION('',(0.,2.2E-16,1.));
#899 = DIRECTION('',(-1.,0.,0.));
#900 = PCURVE('',#224,#901);
#901 = DEFINITIONAL_REPRESENTATION('',(#902),#905);
#902 = B_SPLINE_CURVE_WITH_KNOTS('',1,(#903,#904),.UNSPECIFIED.,.F.,.F.,
  (2,2),(3.14159265359,6.28318530718),.PIECEWISE_BEZIER_KNOTS.);
#903 = CARTESIAN_POINT('',(3.14159265359,-9.));
#904 = CARTESIAN_POINT('',(6.28318530718,-9.));
#905 = ( GEOMETRIC_REPRESENTATION_CONTEXT(2) 
PARAMETRIC_REPRESENTATION_CONTEXT() REPRESENTATION_CONTEXT('2D SPACE',''
  ) );
#906 = PCURVE('',#320,#907);
#907 = DEFINITIONAL_REPRESENTATION('',(#908),#916);
#908 = ( BOUNDED_CURVE() B_SPLINE_CURVE(2,(#909,#910,#911,#912,#913,#914
,#915),.UNSPECIFIED.,.T.,.F.) B_SPLINE_CURVE_WITH_KNOTS((1,2,2,2,2,1),(
    -2.094395102393,0.,2.094395102393,4.188790204786,6.28318530718,
8.377580409573),.UNSPECIFIED.) CURVE() GEOMETRIC_REPRESENTATION_ITEM() 
RATIONAL_B_SPLINE_CURVE((1.,0.5,1.,0.5,1.,0.5,1.)) REPRESENTATION_ITEM(
  '') );
#909 = CARTESIAN_POINT('',(10.613935580772,-23.5));
#910 = CARTESIAN_POINT('',(10.613935580772,-18.30384757729));
#911 = CARTESIAN_POINT('',(15.113935580772,-20.90192378864));
#912 = CARTESIAN_POINT('',(19.613935580772,-23.5));
#913 = CARTESIAN_POINT('',(15.113935580772,-26.09807621135));
#914 = CARTESIAN_POINT('',(10.613935580772,-28.6961524227));
#915 = CARTESIAN_POINT('',(10.613935580772,-23.5));
#916 = ( GEOMETRIC_REPRESENTATION_CONTEXT(2) 
PARAMETRIC_REPRESENTATION_CONTEXT() REPRESENTATION_CONTEXT('2D SPACE',''
  ) );
#917 = ORIENTED_EDGE('',*,*,#802,.F.);
#918 = ADVANCED_FACE('',(#919),#193,.F.);
#919 = FACE_BOUND('',#920,.F.);
#920 = EDGE_LOOP('',(#921,#922,#944,#965));
#921 = ORIENTED_EDGE('',*,*,#177,.F.);
#922 = ORIENTED_EDGE('',*,*,#923,.T.);
#923 = EDGE_CURVE('',#146,#924,#926,.T.);
#924 = VERTEX_POINT('',#925);
#925 = CARTESIAN_POINT('',(32.45740821148,20.5,1.));
#926 = SURFACE_CURVE('',#927,(#931,#938),.PCURVE_S1.);
#927 = LINE('',#928,#929);
#928 = CARTESIAN_POINT('',(32.45740821148,20.5,10.));
#929 = VECTOR('',#930,1.);
#930 = DIRECTION('',(0.,-2.2E-16,-1.));
#931 = PCURVE('',#193,#932);
#932 = DEFINITIONAL_REPRESENTATION('',(#933),#937);
#933 = LINE('',#934,#935);
#934 = CARTESIAN_POINT('',(0.,0.));
#935 = VECTOR('',#936,1.);
#936 = DIRECTION('',(0.,-1.));
#937 = ( GEOMETRIC_REPRESENTATION_CONTEXT(2) 
PARAMETRIC_REPRESENTATION_CONTEXT() REPRESENTATION_CONTEXT('2D SPACE',''
  ) );
#938 = PCURVE('',#166,#939);
#939 = DEFINITIONAL_REPRESENTATION('',(#940),#943);
#940 = B_SPLINE_CURVE_WITH_KNOTS('',1,(#941,#942),.UNSPECIFIED.,.F.,.F.,
  (2,2),(0.,9.),.PIECEWISE_BEZIER_KNOTS.);
#941 = CARTESIAN_POINT('',(3.14159265359,0.));
#942 = CARTESIAN_POINT('',(3.14159265359,-9.));
#943 = ( GEOMETRIC_REPRESENTATION_CONTEXT(2) 
PARAMETRIC_REPRESENTATION_CONTEXT() REPRESENTATION_CONTEXT('2D SPACE',''
  ) );
#944 = ORIENTED_EDGE('',*,*,#945,.F.);
#945 = EDGE_CURVE('',#872,#924,#946,.T.);
#946 = SURFACE_CURVE('',#947,(#951,#958),.PCURVE_S1.);
#947 = LINE('',#948,#949);
#948 = CARTESIAN_POINT('',(32.45740821148,10.25,1.));
#949 = VECTOR('',#950,1.);
#950 = DIRECTION('',(0.,-1.,2.2E-16));
#951 = PCURVE('',#193,#952);
#952 = DEFINITIONAL_REPRESENTATION('',(#953),#957);
#953 = LINE('',#954,#955);
#954 = CARTESIAN_POINT('',(-10.25,-9.));
#955 = VECTOR('',#956,1.);
#956 = DIRECTION('',(-1.,0.));
#957 = ( GEOMETRIC_REPRESENTATION_CONTEXT(2) 
PARAMETRIC_REPRESENTATION_CONTEXT() REPRESENTATION_CONTEXT('2D SPACE',''
  ) );
#958 = PCURVE('',#320,#959);
#959 = DEFINITIONAL_REPRESENTATION('',(#960),#964);
#960 = LINE('',#961,#962);
#961 = CARTESIAN_POINT('',(16.613935580772,-10.25));
#962 = VECTOR('',#963,1.);
#963 = DIRECTION('',(0.,1.));
#964 = ( GEOMETRIC_REPRESENTATION_CONTEXT(2) 
PARAMETRIC_REPRESENTATION_CONTEXT() REPRESENTATION_CONTEXT('2D SPACE',''
  ) );
#965 = ORIENTED_EDGE('',*,*,#871,.F.);
#966 = ADVANCED_FACE('',(#967),#166,.F.);
#967 = FACE_BOUND('',#968,.F.);
#968 = EDGE_LOOP('',(#969,#970,#971,#996));
#969 = ORIENTED_EDGE('',*,*,#145,.F.);
#970 = ORIENTED_EDGE('',*,*,#847,.T.);
#971 = ORIENTED_EDGE('',*,*,#972,.T.);
#972 = EDGE_CURVE('',#825,#924,#973,.T.);
#973 = SURFACE_CURVE('',#974,(#979,#985),.PCURVE_S1.);
#974 = CIRCLE('',#975,3.);
#975 = AXIS2_PLACEMENT_3D('',#976,#977,#978);
#976 = CARTESIAN_POINT('',(29.45740821148,20.5,1.));
#977 = DIRECTION('',(0.,2.2E-16,1.));
#978 = DIRECTION('',(-1.,0.,0.));
#979 = PCURVE('',#166,#980);
#980 = DEFINITIONAL_REPRESENTATION('',(#981),#984);
#981 = B_SPLINE_CURVE_WITH_KNOTS('',1,(#982,#983),.UNSPECIFIED.,.F.,.F.,
  (2,2),(1.18E-15,3.14159265359),.PIECEWISE_BEZIER_KNOTS.);
#982 = CARTESIAN_POINT('',(1.18E-15,-9.));
#983 = CARTESIAN_POINT('',(3.14159265359,-9.));
#984 = ( GEOMETRIC_REPRESENTATION_CONTEXT(2) 
PARAMETRIC_REPRESENTATION_CONTEXT() REPRESENTATION_CONTEXT('2D SPACE',''
  ) );
#985 = PCURVE('',#320,#986);
#986 = DEFINITIONAL_REPRESENTATION('',(#987),#995);
#987 = ( BOUNDED_CURVE() B_SPLINE_CURVE(2,(#988,#989,#990,#991,#992,#993
,#994),.UNSPECIFIED.,.T.,.F.) B_SPLINE_CURVE_WITH_KNOTS((1,2,2,2,2,1),(
    -2.094395102393,0.,2.094395102393,4.188790204786,6.28318530718,
8.377580409573),.UNSPECIFIED.) CURVE() GEOMETRIC_REPRESENTATION_ITEM() 
RATIONAL_B_SPLINE_CURVE((1.,0.5,1.,0.5,1.,0.5,1.)) REPRESENTATION_ITEM(
  '') );
#988 = CARTESIAN_POINT('',(10.613935580772,-20.5));
#989 = CARTESIAN_POINT('',(10.613935580772,-15.30384757729));
#990 = CARTESIAN_POINT('',(15.113935580772,-17.90192378864));
#991 = CARTESIAN_POINT('',(19.613935580772,-20.5));
#992 = CARTESIAN_POINT('',(15.113935580772,-23.09807621135));
#993 = CARTESIAN_POINT('',(10.613935580772,-25.6961524227));
#994 = CARTESIAN_POINT('',(10.613935580772,-20.5));
#995 = ( GEOMETRIC_REPRESENTATION_CONTEXT(2) 
PARAMETRIC_REPRESENTATION_CONTEXT() REPRESENTATION_CONTEXT('2D SPACE',''
  ) );
#996 = ORIENTED_EDGE('',*,*,#923,.F.);
#997 = ADVANCED_FACE('',(#998,#1075),#320,.T.);
#998 = FACE_BOUND('',#999,.T.);
#999 = EDGE_LOOP('',(#1000,#1023,#1050,#1071,#1072,#1073,#1074));
#1000 = ORIENTED_EDGE('',*,*,#1001,.F.);
#1001 = EDGE_CURVE('',#1002,#466,#1004,.T.);
#1002 = VERTEX_POINT('',#1003);
#1003 = CARTESIAN_POINT('',(15.843472630708,0.,1.));
#1004 = SURFACE_CURVE('',#1005,(#1009,#1016),.PCURVE_S1.);
#1005 = LINE('',#1006,#1007);
#1006 = CARTESIAN_POINT('',(15.843472630708,-2.2E-16,1.));
#1007 = VECTOR('',#1008,1.);
#1008 = DIRECTION('',(1.,0.,0.));
#1009 = PCURVE('',#320,#1010);
#1010 = DEFINITIONAL_REPRESENTATION('',(#1011),#1015);
#1011 = LINE('',#1012,#1013);
#1012 = CARTESIAN_POINT('',(0.,4.4E-16));
#1013 = VECTOR('',#1014,1.);
#1014 = DIRECTION('',(1.,0.));
#1015 = ( GEOMETRIC_REPRESENTATION_CONTEXT(2) 
PARAMETRIC_REPRESENTATION_CONTEXT() REPRESENTATION_CONTEXT('2D SPACE',''
  ) );
#1016 = PCURVE('',#453,#1017);
#1017 = DEFINITIONAL_REPRESENTATION('',(#1018),#1022);
#1018 = LINE('',#1019,#1020);
#1019 = CARTESIAN_POINT('',(1.,-14.47611863753));
#1020 = VECTOR('',#1021,1.);
#1021 = DIRECTION('',(0.,-1.));
#1022 = ( GEOMETRIC_REPRESENTATION_CONTEXT(2) 
PARAMETRIC_REPRESENTATION_CONTEXT() REPRESENTATION_CONTEXT('2D SPACE',''
  ) );
#1023 = ORIENTED_EDGE('',*,*,#1024,.T.);
#1024 = EDGE_CURVE('',#1002,#1025,#1027,.T.);
#1025 = VERTEX_POINT('',#1026);
#1026 = CARTESIAN_POINT('',(15.843472630708,44.,1.));
#1027 = SURFACE_CURVE('',#1028,(#1032,#1039),.PCURVE_S1.);
#1028 = LINE('',#1029,#1030);
#1029 = CARTESIAN_POINT('',(15.843472630708,2.2E-16,1.));
#1030 = VECTOR('',#1031,1.);
#1031 = DIRECTION('',(0.,1.,-2.2E-16));
#1032 = PCURVE('',#320,#1033);
#1033 = DEFINITIONAL_REPRESENTATION('',(#1034),#1038);
#1034 = LINE('',#1035,#1036);
#1035 = CARTESIAN_POINT('',(0.,-2.198949773304E-29));
#1036 = VECTOR('',#1037,1.);
#1037 = DIRECTION('',(0.,-1.));
#1038 = ( GEOMETRIC_REPRESENTATION_CONTEXT(2) 
PARAMETRIC_REPRESENTATION_CONTEXT() REPRESENTATION_CONTEXT('2D SPACE',''
  ) );
#1039 = PCURVE('',#1040,#1045);
#1040 = CYLINDRICAL_SURFACE('',#1041,15.875);
#1041 = AXIS2_PLACEMENT_3D('',#1042,#1043,#1044);
#1042 = CARTESIAN_POINT('',(0.,0.,0.));
#1043 = DIRECTION('',(0.,-1.,2.2E-16));
#1044 = DIRECTION('',(1.,0.,0.));
#1045 = DEFINITIONAL_REPRESENTATION('',(#1046),#1049);
#1046 = B_SPLINE_CURVE_WITH_KNOTS('',1,(#1047,#1048),.UNSPECIFIED.,.F.,
  .F.,(2,2),(0.,44.),.PIECEWISE_BEZIER_KNOTS.);
#1047 = CARTESIAN_POINT('',(6.303385942262E-02,0.));
#1048 = CARTESIAN_POINT('',(6.303385942262E-02,-44.));
#1049 = ( GEOMETRIC_REPRESENTATION_CONTEXT(2) 
PARAMETRIC_REPRESENTATION_CONTEXT() REPRESENTATION_CONTEXT('2D SPACE',''
  ) );
#1050 = ORIENTED_EDGE('',*,*,#1051,.F.);
#1051 = EDGE_CURVE('',#576,#1025,#1052,.T.);
#1052 = SURFACE_CURVE('',#1053,(#1057,#1064),.PCURVE_S1.);
#1053 = LINE('',#1054,#1055);
#1054 = CARTESIAN_POINT('',(-24.76690629389,44.,1.));
#1055 = VECTOR('',#1056,1.);
#1056 = DIRECTION('',(-1.,-1.E-17,0.));
#1057 = PCURVE('',#320,#1058);
#1058 = DEFINITIONAL_REPRESENTATION('',(#1059),#1063);
#1059 = LINE('',#1060,#1061);
#1060 = CARTESIAN_POINT('',(-40.6103789246,-44.));
#1061 = VECTOR('',#1062,1.);
#1062 = DIRECTION('',(-1.,1.E-17));
#1063 = ( GEOMETRIC_REPRESENTATION_CONTEXT(2) 
PARAMETRIC_REPRESENTATION_CONTEXT() REPRESENTATION_CONTEXT('2D SPACE',''
  ) );
#1064 = PCURVE('',#613,#1065);
#1065 = DEFINITIONAL_REPRESENTATION('',(#1066),#1070);
#1066 = LINE('',#1067,#1068);
#1067 = CARTESIAN_POINT('',(-1.,-40.6103789246));
#1068 = VECTOR('',#1069,1.);
#1069 = DIRECTION('',(2.5E-33,1.));
#1070 = ( GEOMETRIC_REPRESENTATION_CONTEXT(2) 
PARAMETRIC_REPRESENTATION_CONTEXT() REPRESENTATION_CONTEXT('2D SPACE',''
  ) );
#1071 = ORIENTED_EDGE('',*,*,#575,.T.);
#1072 = ORIENTED_EDGE('',*,*,#772,.F.);
#1073 = ORIENTED_EDGE('',*,*,#304,.F.);
#1074 = ORIENTED_EDGE('',*,*,#488,.T.);
#1075 = FACE_BOUND('',#1076,.T.);
#1076 = EDGE_LOOP('',(#1077,#1078,#1079,#1080));
#1077 = ORIENTED_EDGE('',*,*,#824,.F.);
#1078 = ORIENTED_EDGE('',*,*,#972,.T.);
#1079 = ORIENTED_EDGE('',*,*,#945,.F.);
#1080 = ORIENTED_EDGE('',*,*,#893,.T.);
#1081 = ADVANCED_FACE('',(#1082),#374,.T.);
#1082 = FACE_BOUND('',#1083,.T.);
#1083 = EDGE_LOOP('',(#1084,#1154,#1155,#1182));
#1084 = ORIENTED_EDGE('',*,*,#1085,.F.);
#1085 = EDGE_CURVE('',#361,#1086,#1088,.T.);
#1086 = VERTEX_POINT('',#1087);
#1087 = CARTESIAN_POINT('',(25.480384623743,33.8282541987,-1.));
#1088 = SURFACE_CURVE('',#1089,(#1104,#1131),.PCURVE_S1.);
#1089 = B_SPLINE_CURVE_WITH_KNOTS('',7,(#1090,#1091,#1092,#1093,#1094,
    #1095,#1096,#1097,#1098,#1099,#1100,#1101,#1102,#1103),
  .UNSPECIFIED.,.F.,.F.,(8,6,8),(0.,0.666142454412,1.),.UNSPECIFIED.);
#1090 = CARTESIAN_POINT('',(23.45740821148,34.000001286566,-10.));
#1091 = CARTESIAN_POINT('',(23.851207280331,34.000001286566,
    -9.076249448865));
#1092 = CARTESIAN_POINT('',(24.199074464353,33.984924405877,
    -8.142597333098));
#1093 = CARTESIAN_POINT('',(24.501811516956,33.961100503216,
    -7.200918600364));
#1094 = CARTESIAN_POINT('',(24.760198890448,33.933452874341,
    -6.252737246463));
#1095 = CARTESIAN_POINT('',(24.974882894617,33.90587285333,
    -5.299322236108));
#1096 = CARTESIAN_POINT('',(25.146342458224,33.881264072848,
    -4.341769153401));
#1097 = CARTESIAN_POINT('',(25.339269135643,33.851703506551,
    -2.899555926643));
#1098 = CARTESIAN_POINT('',(25.392887874863,33.84307026836,
    -2.417302887658));
#1099 = CARTESIAN_POINT('',(25.435749243023,33.835918154228,
    -1.934445726194));
#1100 = CARTESIAN_POINT('',(25.467878604285,33.830431217122,
    -1.451137338549));
#1101 = CARTESIAN_POINT('',(25.489292770261,33.82673221883,
    -0.967528368923));
#1102 = CARTESIAN_POINT('',(25.5,33.824882629965,-0.483767209409));
#1103 = CARTESIAN_POINT('',(25.5,33.824882629965,-1.025E-14));
#1104 = PCURVE('',#374,#1105);
#1105 = DEFINITIONAL_REPRESENTATION('',(#1106),#1130);
#1106 = B_SPLINE_CURVE_WITH_KNOTS('',3,(#1107,#1108,#1109,#1110,#1111,
    #1112,#1113,#1114,#1115,#1116,#1117,#1118,#1119,#1120,#1121,#1122,
    #1123,#1124,#1125,#1126,#1127,#1128,#1129),.UNSPECIFIED.,.F.,.F.,(4,
    1,1,1,1,1,1,1,1,1,1,1,1,1,1,1,1,1,1,1,4),(1.021441110064E-05,
    4.545454545455E-02,9.090909090909E-02,0.136363636364,0.181818181818,
    0.227272727273,0.272727272727,0.318181818182,0.363636363636,
    0.409090909091,0.454545454545,0.5,0.545454545455,0.590909090909,
    0.636363636364,0.681818181818,0.727272727273,0.772727272727,
    0.818181818182,0.863636363636,0.90139725058),.UNSPECIFIED.);
#1107 = CARTESIAN_POINT('',(5.880214434783,-34.00000128514));
#1108 = CARTESIAN_POINT('',(5.886482941766,-33.99999906036));
#1109 = CARTESIAN_POINT('',(5.898998589334,-33.99901983135));
#1110 = CARTESIAN_POINT('',(5.91770750541,-33.99500923056));
#1111 = CARTESIAN_POINT('',(5.936355606366,-33.98884855674));
#1112 = CARTESIAN_POINT('',(5.954944632376,-33.98089840375));
#1113 = CARTESIAN_POINT('',(5.973477773145,-33.97149933672));
#1114 = CARTESIAN_POINT('',(5.99195826881,-33.96097002103));
#1115 = CARTESIAN_POINT('',(6.010389402259,-33.94960879063));
#1116 = CARTESIAN_POINT('',(6.028774495178,-33.9376940678));
#1117 = CARTESIAN_POINT('',(6.047116904306,-33.92548495809));
#1118 = CARTESIAN_POINT('',(6.065420017871,-33.91322168004));
#1119 = CARTESIAN_POINT('',(6.083687255659,-33.90112593316));
#1120 = CARTESIAN_POINT('',(6.101922058776,-33.88940119626));
#1121 = CARTESIAN_POINT('',(6.120127921222,-33.87823295087));
#1122 = CARTESIAN_POINT('',(6.13830826876,-33.86778892363));
#1123 = CARTESIAN_POINT('',(6.156466910988,-33.85821904403));
#1124 = CARTESIAN_POINT('',(6.174605933073,-33.84965649396));
#1125 = CARTESIAN_POINT('',(6.192728077387,-33.84221641449));
#1126 = CARTESIAN_POINT('',(6.210836217619,-33.83599615858));
#1127 = CARTESIAN_POINT('',(6.227912142903,-33.83135315512));
#1128 = CARTESIAN_POINT('',(6.238951083503,-33.8291107659));
#1129 = CARTESIAN_POINT('',(6.243959562549,-33.82825417416));
#1130 = ( GEOMETRIC_REPRESENTATION_CONTEXT(2) 
PARAMETRIC_REPRESENTATION_CONTEXT() REPRESENTATION_CONTEXT('2D SPACE',''
  ) );
#1131 = PCURVE('',#1132,#1137);
#1132 = CYLINDRICAL_SURFACE('',#1133,12.);
#1133 = AXIS2_PLACEMENT_3D('',#1134,#1135,#1136);
#1134 = CARTESIAN_POINT('',(23.45740821148,22.000001286566,10.));
#1135 = DIRECTION('',(0.,2.2E-16,1.));
#1136 = DIRECTION('',(-1.,0.,0.));
#1137 = DEFINITIONAL_REPRESENTATION('',(#1138),#1153);
#1138 = B_SPLINE_CURVE_WITH_KNOTS('',7,(#1139,#1140,#1141,#1142,#1143,
    #1144,#1145,#1146,#1147,#1148,#1149,#1150,#1151,#1152),
  .UNSPECIFIED.,.F.,.F.,(8,6,8),(1.021441110064E-05,0.666142454412,
    0.90139725058),.UNSPECIFIED.);
#1139 = CARTESIAN_POINT('',(-1.570799849168,-19.99990084852));
#1140 = CARTESIAN_POINT('',(-1.603615582895,-19.07616355093));
#1141 = CARTESIAN_POINT('',(-1.632603800358,-18.14252513611));
#1142 = CARTESIAN_POINT('',(-1.657888921945,-17.20086044394));
#1143 = CARTESIAN_POINT('',(-1.679533527495,-16.25269338839));
#1144 = CARTESIAN_POINT('',(-1.697567332399,-15.29929287049));
#1145 = CARTESIAN_POINT('',(-1.712001106273,-14.34175442204));
#1146 = CARTESIAN_POINT('',(-1.726662031244,-13.04176211605));
#1147 = CARTESIAN_POINT('',(-1.730039342545,-12.70209752869));
#1148 = CARTESIAN_POINT('',(-1.732967481517,-12.3621102176));
#1149 = CARTESIAN_POINT('',(-1.735446355263,-12.02185391242));
#1150 = CARTESIAN_POINT('',(-1.737475877642,-11.68138178754));
#1151 = CARTESIAN_POINT('',(-1.739055969268,-11.34074646211));
#1152 = CARTESIAN_POINT('',(-1.740186557506,-11.));
#1153 = ( GEOMETRIC_REPRESENTATION_CONTEXT(2) 
PARAMETRIC_REPRESENTATION_CONTEXT() REPRESENTATION_CONTEXT('2D SPACE',''
  ) );
#1154 = ORIENTED_EDGE('',*,*,#358,.F.);
#1155 = ORIENTED_EDGE('',*,*,#1156,.T.);
#1156 = EDGE_CURVE('',#359,#1157,#1159,.T.);
#1157 = VERTEX_POINT('',#1158);
#1158 = CARTESIAN_POINT('',(25.480384612482,44.,-1.));
#1159 = SURFACE_CURVE('',#1160,(#1165,#1171),.PCURVE_S1.);
#1160 = CIRCLE('',#1161,25.5);
#1161 = AXIS2_PLACEMENT_3D('',#1162,#1163,#1164);
#1162 = CARTESIAN_POINT('',(2.84E-15,44.,-4.76E-15));
#1163 = DIRECTION('',(0.,-1.,2.2E-16));
#1164 = DIRECTION('',(1.,0.,0.));
#1165 = PCURVE('',#374,#1166);
#1166 = DEFINITIONAL_REPRESENTATION('',(#1167),#1170);
#1167 = B_SPLINE_CURVE_WITH_KNOTS('',1,(#1168,#1169),.UNSPECIFIED.,.F.,
  .F.,(2,2),(5.88021020791,6.243959562504),.PIECEWISE_BEZIER_KNOTS.);
#1168 = CARTESIAN_POINT('',(5.88021020791,-44.));
#1169 = CARTESIAN_POINT('',(6.243959562504,-44.));
#1170 = ( GEOMETRIC_REPRESENTATION_CONTEXT(2) 
PARAMETRIC_REPRESENTATION_CONTEXT() REPRESENTATION_CONTEXT('2D SPACE',''
  ) );
#1171 = PCURVE('',#613,#1172);
#1172 = DEFINITIONAL_REPRESENTATION('',(#1173),#1181);
#1173 = ( BOUNDED_CURVE() B_SPLINE_CURVE(2,(#1174,#1175,#1176,#1177,
#1178,#1179,#1180),.UNSPECIFIED.,.T.,.F.) B_SPLINE_CURVE_WITH_KNOTS((1,2
    ,2,2,2,1),(-2.094395102393,0.,2.094395102393,4.188790204786,
6.28318530718,8.377580409573),.UNSPECIFIED.) CURVE() 
GEOMETRIC_REPRESENTATION_ITEM() RATIONAL_B_SPLINE_CURVE((1.,0.5,1.,0.5,
1.,0.5,1.)) REPRESENTATION_ITEM('') );
#1174 = CARTESIAN_POINT('',(-7.12E-15,-90.87728521849));
#1175 = CARTESIAN_POINT('',(-44.167295593,-90.87728521849));
#1176 = CARTESIAN_POINT('',(-22.0836477965,-52.62728521849));
#1177 = CARTESIAN_POINT('',(-1.336569867565E-14,-14.37728521849));
#1178 = CARTESIAN_POINT('',(22.083647796503,-52.62728521849));
#1179 = CARTESIAN_POINT('',(44.167295593006,-90.87728521849));
#1180 = CARTESIAN_POINT('',(-7.12E-15,-90.87728521849));
#1181 = ( GEOMETRIC_REPRESENTATION_CONTEXT(2) 
PARAMETRIC_REPRESENTATION_CONTEXT() REPRESENTATION_CONTEXT('2D SPACE',''
  ) );
#1182 = ORIENTED_EDGE('',*,*,#1183,.T.);
#1183 = EDGE_CURVE('',#1157,#1086,#1184,.T.);
#1184 = SURFACE_CURVE('',#1185,(#1189,#1195),.PCURVE_S1.);
#1185 = LINE('',#1186,#1187);
#1186 = CARTESIAN_POINT('',(25.480384612482,-2.2E-16,-1.));
#1187 = VECTOR('',#1188,1.);
#1188 = DIRECTION('',(0.,-1.,2.2E-16));
#1189 = PCURVE('',#374,#1190);
#1190 = DEFINITIONAL_REPRESENTATION('',(#1191),#1194);
#1191 = B_SPLINE_CURVE_WITH_KNOTS('',1,(#1192,#1193),.UNSPECIFIED.,.F.,
  .F.,(2,2),(-44.,-33.8282541987),.PIECEWISE_BEZIER_KNOTS.);
#1192 = CARTESIAN_POINT('',(6.243959562504,-44.));
#1193 = CARTESIAN_POINT('',(6.243959562504,-33.8282541987));
#1194 = ( GEOMETRIC_REPRESENTATION_CONTEXT(2) 
PARAMETRIC_REPRESENTATION_CONTEXT() REPRESENTATION_CONTEXT('2D SPACE',''
  ) );
#1195 = PCURVE('',#1196,#1201);
#1196 = PLANE('',#1197);
#1197 = AXIS2_PLACEMENT_3D('',#1198,#1199,#1200);
#1198 = CARTESIAN_POINT('',(40.,-2.2E-16,-1.));
#1199 = DIRECTION('',(0.,2.2E-16,1.));
#1200 = DIRECTION('',(-1.,0.,0.));
#1201 = DEFINITIONAL_REPRESENTATION('',(#1202),#1206);
#1202 = LINE('',#1203,#1204);
#1203 = CARTESIAN_POINT('',(14.519615387518,0.));
#1204 = VECTOR('',#1205,1.);
#1205 = DIRECTION('',(0.,1.));
#1206 = ( GEOMETRIC_REPRESENTATION_CONTEXT(2) 
PARAMETRIC_REPRESENTATION_CONTEXT() REPRESENTATION_CONTEXT('2D SPACE',''
  ) );
#1207 = ADVANCED_FACE('',(#1208,#1335),#613,.T.);
#1208 = FACE_BOUND('',#1209,.T.);
#1209 = EDGE_LOOP('',(#1210,#1211,#1212,#1213,#1240,#1261,#1262,#1263,
    #1286,#1314));
#1210 = ORIENTED_EDGE('',*,*,#629,.F.);
#1211 = ORIENTED_EDGE('',*,*,#597,.F.);
#1212 = ORIENTED_EDGE('',*,*,#1051,.T.);
#1213 = ORIENTED_EDGE('',*,*,#1214,.T.);
#1214 = EDGE_CURVE('',#1025,#1215,#1217,.T.);
#1215 = VERTEX_POINT('',#1216);
#1216 = CARTESIAN_POINT('',(15.843472630708,44.,-1.));
#1217 = SURFACE_CURVE('',#1218,(#1223,#1234),.PCURVE_S1.);
#1218 = CIRCLE('',#1219,15.875);
#1219 = AXIS2_PLACEMENT_3D('',#1220,#1221,#1222);
#1220 = CARTESIAN_POINT('',(0.,44.,-9.77E-15));
#1221 = DIRECTION('',(0.,-1.,2.2E-16));
#1222 = DIRECTION('',(1.,0.,0.));
#1223 = PCURVE('',#613,#1224);
#1224 = DEFINITIONAL_REPRESENTATION('',(#1225),#1233);
#1225 = ( BOUNDED_CURVE() B_SPLINE_CURVE(2,(#1226,#1227,#1228,#1229,
#1230,#1231,#1232),.UNSPECIFIED.,.T.,.F.) B_SPLINE_CURVE_WITH_KNOTS((1,2
    ,2,2,2,1),(-2.094395102393,0.,2.094395102393,4.188790204786,
6.28318530718,8.377580409573),.UNSPECIFIED.) CURVE() 
GEOMETRIC_REPRESENTATION_ITEM() RATIONAL_B_SPLINE_CURVE((1.,0.5,1.,0.5,
1.,0.5,1.)) REPRESENTATION_ITEM('') );
#1226 = CARTESIAN_POINT('',(-2.11E-15,-81.25228521849));
#1227 = CARTESIAN_POINT('',(-27.49630657015,-81.25228521849));
#1228 = CARTESIAN_POINT('',(-13.74815328507,-57.43978521849));
#1229 = CARTESIAN_POINT('',(-5.998253587293E-15,-33.62728521849));
#1230 = CARTESIAN_POINT('',(13.748153285078,-57.43978521849));
#1231 = CARTESIAN_POINT('',(27.496306570156,-81.25228521849));
#1232 = CARTESIAN_POINT('',(-2.11E-15,-81.25228521849));
#1233 = ( GEOMETRIC_REPRESENTATION_CONTEXT(2) 
PARAMETRIC_REPRESENTATION_CONTEXT() REPRESENTATION_CONTEXT('2D SPACE',''
  ) );
#1234 = PCURVE('',#1040,#1235);
#1235 = DEFINITIONAL_REPRESENTATION('',(#1236),#1239);
#1236 = B_SPLINE_CURVE_WITH_KNOTS('',1,(#1237,#1238),.UNSPECIFIED.,.F.,
  .F.,(2,2),(6.303385942262E-02,6.220151447757),
  .PIECEWISE_BEZIER_KNOTS.);
#1237 = CARTESIAN_POINT('',(6.303385942262E-02,-44.));
#1238 = CARTESIAN_POINT('',(6.220151447757,-44.));
#1239 = ( GEOMETRIC_REPRESENTATION_CONTEXT(2) 
PARAMETRIC_REPRESENTATION_CONTEXT() REPRESENTATION_CONTEXT('2D SPACE',''
  ) );
#1240 = ORIENTED_EDGE('',*,*,#1241,.T.);
#1241 = EDGE_CURVE('',#1215,#1157,#1242,.T.);
#1242 = SURFACE_CURVE('',#1243,(#1247,#1254),.PCURVE_S1.);
#1243 = LINE('',#1244,#1245);
#1244 = CARTESIAN_POINT('',(-12.68864260924,44.,-1.));
#1245 = VECTOR('',#1246,1.);
#1246 = DIRECTION('',(1.,1.E-17,0.));
#1247 = PCURVE('',#613,#1248);
#1248 = DEFINITIONAL_REPRESENTATION('',(#1249),#1253);
#1249 = LINE('',#1250,#1251);
#1250 = CARTESIAN_POINT('',(1.,-52.68864260924));
#1251 = VECTOR('',#1252,1.);
#1252 = DIRECTION('',(-2.5E-33,-1.));
#1253 = ( GEOMETRIC_REPRESENTATION_CONTEXT(2) 
PARAMETRIC_REPRESENTATION_CONTEXT() REPRESENTATION_CONTEXT('2D SPACE',''
  ) );
#1254 = PCURVE('',#1196,#1255);
#1255 = DEFINITIONAL_REPRESENTATION('',(#1256),#1260);
#1256 = LINE('',#1257,#1258);
#1257 = CARTESIAN_POINT('',(52.688642609247,-44.));
#1258 = VECTOR('',#1259,1.);
#1259 = DIRECTION('',(-1.,-1.E-17));
#1260 = ( GEOMETRIC_REPRESENTATION_CONTEXT(2) 
PARAMETRIC_REPRESENTATION_CONTEXT() REPRESENTATION_CONTEXT('2D SPACE',''
  ) );
#1261 = ORIENTED_EDGE('',*,*,#1156,.F.);
#1262 = ORIENTED_EDGE('',*,*,#742,.F.);
#1263 = ORIENTED_EDGE('',*,*,#1264,.F.);
#1264 = EDGE_CURVE('',#1265,#716,#1267,.T.);
#1265 = VERTEX_POINT('',#1266);
#1266 = CARTESIAN_POINT('',(-140.7857142857,44.,-19.98456036697));
#1267 = SURFACE_CURVE('',#1268,(#1272,#1279),.PCURVE_S1.);
#1268 = LINE('',#1269,#1270);
#1269 = CARTESIAN_POINT('',(-140.7857142857,44.,-19.98456036697));
#1270 = VECTOR('',#1271,1.);
#1271 = DIRECTION('',(0.999228018349,1.E-17,-3.928571428571E-02));
#1272 = PCURVE('',#613,#1273);
#1273 = DEFINITIONAL_REPRESENTATION('',(#1274),#1278);
#1274 = LINE('',#1275,#1276);
#1275 = CARTESIAN_POINT('',(19.984560366974,75.408429067219));
#1276 = VECTOR('',#1277,1.);
#1277 = DIRECTION('',(3.928571428571E-02,-0.999228018349));
#1278 = ( GEOMETRIC_REPRESENTATION_CONTEXT(2) 
PARAMETRIC_REPRESENTATION_CONTEXT() REPRESENTATION_CONTEXT('2D SPACE',''
  ) );
#1279 = PCURVE('',#730,#1280);
#1280 = DEFINITIONAL_REPRESENTATION('',(#1281),#1285);
#1281 = LINE('',#1282,#1283);
#1282 = CARTESIAN_POINT('',(0.,0.));
#1283 = VECTOR('',#1284,1.);
#1284 = DIRECTION('',(1.,2.E-17));
#1285 = ( GEOMETRIC_REPRESENTATION_CONTEXT(2) 
PARAMETRIC_REPRESENTATION_CONTEXT() REPRESENTATION_CONTEXT('2D SPACE',''
  ) );
#1286 = ORIENTED_EDGE('',*,*,#1287,.T.);
#1287 = EDGE_CURVE('',#1265,#1288,#1290,.T.);
#1288 = VERTEX_POINT('',#1289);
#1289 = CARTESIAN_POINT('',(-140.7857142857,44.,19.984560366974));
#1290 = SURFACE_CURVE('',#1291,(#1296,#1303),.PCURVE_S1.);
#1291 = CIRCLE('',#1292,20.);
#1292 = AXIS2_PLACEMENT_3D('',#1293,#1294,#1295);
#1293 = CARTESIAN_POINT('',(-140.,44.,7.105427357601E-15));
#1294 = DIRECTION('',(-0.,1.,2.2E-16));
#1295 = DIRECTION('',(1.,0.,0.));
#1296 = PCURVE('',#613,#1297);
#1297 = DEFINITIONAL_REPRESENTATION('',(#1298),#1302);
#1298 = CIRCLE('',#1299,20.);
#1299 = AXIS2_PLACEMENT_2D('',#1300,#1301);
#1300 = CARTESIAN_POINT('',(-1.89854273576E-14,74.622714781505));
#1301 = DIRECTION('',(0.,-1.));
#1302 = ( GEOMETRIC_REPRESENTATION_CONTEXT(2) 
PARAMETRIC_REPRESENTATION_CONTEXT() REPRESENTATION_CONTEXT('2D SPACE',''
  ) );
#1303 = PCURVE('',#1304,#1309);
#1304 = CYLINDRICAL_SURFACE('',#1305,20.);
#1305 = AXIS2_PLACEMENT_3D('',#1306,#1307,#1308);
#1306 = CARTESIAN_POINT('',(-140.,44.,-9.77E-15));
#1307 = DIRECTION('',(0.,1.,-2.2E-16));
#1308 = DIRECTION('',(1.,0.,0.));
#1309 = DEFINITIONAL_REPRESENTATION('',(#1310),#1313);
#1310 = B_SPLINE_CURVE_WITH_KNOTS('',1,(#1311,#1312),.UNSPECIFIED.,.F.,
  .F.,(2,2),(1.610092153487,4.673093153693),.PIECEWISE_BEZIER_KNOTS.);
#1311 = CARTESIAN_POINT('',(1.610092153487,0.));
#1312 = CARTESIAN_POINT('',(4.673093153693,0.));
#1313 = ( GEOMETRIC_REPRESENTATION_CONTEXT(2) 
PARAMETRIC_REPRESENTATION_CONTEXT() REPRESENTATION_CONTEXT('2D SPACE',''
  ) );
#1314 = ORIENTED_EDGE('',*,*,#1315,.T.);
#1315 = EDGE_CURVE('',#1288,#630,#1316,.T.);
#1316 = SURFACE_CURVE('',#1317,(#1321,#1328),.PCURVE_S1.);
#1317 = LINE('',#1318,#1319);
#1318 = CARTESIAN_POINT('',(-140.7857142857,44.,19.984560366974));
#1319 = VECTOR('',#1320,1.);
#1320 = DIRECTION('',(0.999228018349,-1.E-17,3.928571428571E-02));
#1321 = PCURVE('',#613,#1322);
#1322 = DEFINITIONAL_REPRESENTATION('',(#1323),#1327);
#1323 = LINE('',#1324,#1325);
#1324 = CARTESIAN_POINT('',(-19.98456036697,75.408429067219));
#1325 = VECTOR('',#1326,1.);
#1326 = DIRECTION('',(-3.928571428571E-02,-0.999228018349));
#1327 = ( GEOMETRIC_REPRESENTATION_CONTEXT(2) 
PARAMETRIC_REPRESENTATION_CONTEXT() REPRESENTATION_CONTEXT('2D SPACE',''
  ) );
#1328 = PCURVE('',#671,#1329);
#1329 = DEFINITIONAL_REPRESENTATION('',(#1330),#1334);
#1330 = LINE('',#1331,#1332);
#1331 = CARTESIAN_POINT('',(-1.42108547152E-31,-1.42108547152E-14));
#1332 = VECTOR('',#1333,1.);
#1333 = DIRECTION('',(1.,-2.E-17));
#1334 = ( GEOMETRIC_REPRESENTATION_CONTEXT(2) 
PARAMETRIC_REPRESENTATION_CONTEXT() REPRESENTATION_CONTEXT('2D SPACE',''
  ) );
#1335 = FACE_BOUND('',#1336,.T.);
#1336 = EDGE_LOOP('',(#1337,#1367,#1399,#1427));
#1337 = ORIENTED_EDGE('',*,*,#1338,.F.);
#1338 = EDGE_CURVE('',#1339,#1341,#1343,.T.);
#1339 = VERTEX_POINT('',#1340);
#1340 = CARTESIAN_POINT('',(-139.9999938704,44.,6.000025539493));
#1341 = VERTEX_POINT('',#1342);
#1342 = CARTESIAN_POINT('',(-89.99999387052,44.,5.9999744605));
#1343 = SURFACE_CURVE('',#1344,(#1348,#1355),.PCURVE_S1.);
#1344 = LINE('',#1345,#1346);
#1345 = CARTESIAN_POINT('',(-77.68863647979,44.,5.999961883465));
#1346 = VECTOR('',#1347,1.);
#1347 = DIRECTION('',(0.999999999999,1.E-17,-1.02157986287E-06));
#1348 = PCURVE('',#613,#1349);
#1349 = DEFINITIONAL_REPRESENTATION('',(#1350),#1354);
#1350 = LINE('',#1351,#1352);
#1351 = CARTESIAN_POINT('',(-5.999961883466,12.311351261299));
#1352 = VECTOR('',#1353,1.);
#1353 = DIRECTION('',(1.02157986287E-06,-0.999999999999));
#1354 = ( GEOMETRIC_REPRESENTATION_CONTEXT(2) 
PARAMETRIC_REPRESENTATION_CONTEXT() REPRESENTATION_CONTEXT('2D SPACE',''
  ) );
#1355 = PCURVE('',#1356,#1361);
#1356 = PLANE('',#1357);
#1357 = AXIS2_PLACEMENT_3D('',#1358,#1359,#1360);
#1358 = CARTESIAN_POINT('',(-89.99999387052,22.,5.9999744605));
#1359 = DIRECTION('',(1.02157986287E-06,2.2E-16,0.999999999999));
#1360 = DIRECTION('',(-0.999999999999,-4.701977403289E-38,
    1.02157986287E-06));
#1361 = DEFINITIONAL_REPRESENTATION('',(#1362),#1366);
#1362 = LINE('',#1363,#1364);
#1363 = CARTESIAN_POINT('',(-12.31135739073,-22.));
#1364 = VECTOR('',#1365,1.);
#1365 = DIRECTION('',(-1.,-1.E-17));
#1366 = ( GEOMETRIC_REPRESENTATION_CONTEXT(2) 
PARAMETRIC_REPRESENTATION_CONTEXT() REPRESENTATION_CONTEXT('2D SPACE',''
  ) );
#1367 = ORIENTED_EDGE('',*,*,#1368,.T.);
#1368 = EDGE_CURVE('',#1339,#1369,#1371,.T.);
#1369 = VERTEX_POINT('',#1370);
#1370 = CARTESIAN_POINT('',(-140.,44.,-6.000025539497));
#1371 = SURFACE_CURVE('',#1372,(#1377,#1388),.PCURVE_S1.);
#1372 = CIRCLE('',#1373,6.000025539497);
#1373 = AXIS2_PLACEMENT_3D('',#1374,#1375,#1376);
#1374 = CARTESIAN_POINT('',(-140.,44.,-9.77E-15));
#1375 = DIRECTION('',(0.,-1.,2.2E-16));
#1376 = DIRECTION('',(1.,0.,0.));
#1377 = PCURVE('',#613,#1378);
#1378 = DEFINITIONAL_REPRESENTATION('',(#1379),#1387);
#1379 = ( BOUNDED_CURVE() B_SPLINE_CURVE(2,(#1380,#1381,#1382,#1383,
#1384,#1385,#1386),.UNSPECIFIED.,.T.,.F.) B_SPLINE_CURVE_WITH_KNOTS((1,2
    ,2,2,2,1),(-2.094395102393,0.,2.094395102393,4.188790204786,
6.28318530718,8.377580409573),.UNSPECIFIED.) CURVE() 
GEOMETRIC_REPRESENTATION_ITEM() RATIONAL_B_SPLINE_CURVE((1.,0.5,1.,0.5,
1.,0.5,1.)) REPRESENTATION_ITEM('') );
#1380 = CARTESIAN_POINT('',(-2.11E-15,68.622689242009));
#1381 = CARTESIAN_POINT('',(-10.39234908111,68.622689242009));
#1382 = CARTESIAN_POINT('',(-5.196174540559,77.622727551254));
#1383 = CARTESIAN_POINT('',(-3.579582414349E-15,86.622765860498));
#1384 = CARTESIAN_POINT('',(5.196174540559,77.622727551254));
#1385 = CARTESIAN_POINT('',(10.392349081119,68.622689242009));
#1386 = CARTESIAN_POINT('',(-2.11E-15,68.622689242009));
#1387 = ( GEOMETRIC_REPRESENTATION_CONTEXT(2) 
PARAMETRIC_REPRESENTATION_CONTEXT() REPRESENTATION_CONTEXT('2D SPACE',''
  ) );
#1388 = PCURVE('',#1389,#1394);
#1389 = CYLINDRICAL_SURFACE('',#1390,6.000025539497);
#1390 = AXIS2_PLACEMENT_3D('',#1391,#1392,#1393);
#1391 = CARTESIAN_POINT('',(-140.,22.,-4.88E-15));
#1392 = DIRECTION('',(0.,-1.,2.2E-16));
#1393 = DIRECTION('',(1.,0.,0.));
#1394 = DEFINITIONAL_REPRESENTATION('',(#1395),#1398);
#1395 = B_SPLINE_CURVE_WITH_KNOTS('',1,(#1396,#1397),.UNSPECIFIED.,.F.,
  .F.,(2,2),(1.570795305215,4.712388980385),.PIECEWISE_BEZIER_KNOTS.);
#1396 = CARTESIAN_POINT('',(1.570795305215,-22.));
#1397 = CARTESIAN_POINT('',(4.712388980385,-22.));
#1398 = ( GEOMETRIC_REPRESENTATION_CONTEXT(2) 
PARAMETRIC_REPRESENTATION_CONTEXT() REPRESENTATION_CONTEXT('2D SPACE',''
  ) );
#1399 = ORIENTED_EDGE('',*,*,#1400,.F.);
#1400 = EDGE_CURVE('',#1401,#1369,#1403,.T.);
#1401 = VERTEX_POINT('',#1402);
#1402 = CARTESIAN_POINT('',(-90.,44.,-6.000025539497));
#1403 = SURFACE_CURVE('',#1404,(#1408,#1415),.PCURVE_S1.);
#1404 = LINE('',#1405,#1406);
#1405 = CARTESIAN_POINT('',(-102.6886426092,44.,-6.000025539497));
#1406 = VECTOR('',#1407,1.);
#1407 = DIRECTION('',(-1.,-1.E-17,0.));
#1408 = PCURVE('',#613,#1409);
#1409 = DEFINITIONAL_REPRESENTATION('',(#1410),#1414);
#1410 = LINE('',#1411,#1412);
#1411 = CARTESIAN_POINT('',(6.000025539497,37.311357390753));
#1412 = VECTOR('',#1413,1.);
#1413 = DIRECTION('',(2.5E-33,1.));
#1414 = ( GEOMETRIC_REPRESENTATION_CONTEXT(2) 
PARAMETRIC_REPRESENTATION_CONTEXT() REPRESENTATION_CONTEXT('2D SPACE',''
  ) );
#1415 = PCURVE('',#1416,#1421);
#1416 = PLANE('',#1417);
#1417 = AXIS2_PLACEMENT_3D('',#1418,#1419,#1420);
#1418 = CARTESIAN_POINT('',(-140.,22.,-6.000025539497));
#1419 = DIRECTION('',(-0.,-2.2E-16,-1.));
#1420 = DIRECTION('',(1.,0.,0.));
#1421 = DEFINITIONAL_REPRESENTATION('',(#1422),#1426);
#1422 = LINE('',#1423,#1424);
#1423 = CARTESIAN_POINT('',(37.311357390753,-22.));
#1424 = VECTOR('',#1425,1.);
#1425 = DIRECTION('',(-1.,1.E-17));
#1426 = ( GEOMETRIC_REPRESENTATION_CONTEXT(2) 
PARAMETRIC_REPRESENTATION_CONTEXT() REPRESENTATION_CONTEXT('2D SPACE',''
  ) );
#1427 = ORIENTED_EDGE('',*,*,#1428,.T.);
#1428 = EDGE_CURVE('',#1401,#1341,#1429,.T.);
#1429 = SURFACE_CURVE('',#1430,(#1435,#1446),.PCURVE_S1.);
#1430 = CIRCLE('',#1431,6.);
#1431 = AXIS2_PLACEMENT_3D('',#1432,#1433,#1434);
#1432 = CARTESIAN_POINT('',(-90.,44.,-2.553949658085E-05));
#1433 = DIRECTION('',(0.,-1.,2.2E-16));
#1434 = DIRECTION('',(1.,0.,0.));
#1435 = PCURVE('',#613,#1436);
#1436 = DEFINITIONAL_REPRESENTATION('',(#1437),#1445);
#1437 = ( BOUNDED_CURVE() B_SPLINE_CURVE(2,(#1438,#1439,#1440,#1441,
#1442,#1443,#1444),.UNSPECIFIED.,.T.,.F.) B_SPLINE_CURVE_WITH_KNOTS((1,2
    ,2,2,2,1),(-2.094395102393,0.,2.094395102393,4.188790204786,
6.28318530718,8.377580409573),.UNSPECIFIED.) CURVE() 
GEOMETRIC_REPRESENTATION_ITEM() RATIONAL_B_SPLINE_CURVE((1.,0.5,1.,0.5,
1.,0.5,1.)) REPRESENTATION_ITEM('') );
#1438 = CARTESIAN_POINT('',(2.553949656897E-05,18.622714781505));
#1439 = CARTESIAN_POINT('',(-10.39227930591,18.622714781505));
#1440 = CARTESIAN_POINT('',(-5.19612688321,27.622714781505));
#1441 = CARTESIAN_POINT('',(2.55394965675E-05,36.622714781505));
#1442 = CARTESIAN_POINT('',(5.196177962203,27.622714781505));
#1443 = CARTESIAN_POINT('',(10.39233038491,18.622714781505));
#1444 = CARTESIAN_POINT('',(2.553949656897E-05,18.622714781505));
#1445 = ( GEOMETRIC_REPRESENTATION_CONTEXT(2) 
PARAMETRIC_REPRESENTATION_CONTEXT() REPRESENTATION_CONTEXT('2D SPACE',''
  ) );
#1446 = PCURVE('',#1447,#1452);
#1447 = CYLINDRICAL_SURFACE('',#1448,6.);
#1448 = AXIS2_PLACEMENT_3D('',#1449,#1450,#1451);
#1449 = CARTESIAN_POINT('',(-90.,22.,-2.553949657596E-05));
#1450 = DIRECTION('',(0.,-1.,2.2E-16));
#1451 = DIRECTION('',(1.,0.,0.));
#1452 = DEFINITIONAL_REPRESENTATION('',(#1453),#1456);
#1453 = B_SPLINE_CURVE_WITH_KNOTS('',1,(#1454,#1455),.UNSPECIFIED.,.F.,
  .F.,(2,2),(4.712388980385,7.853980612395),.PIECEWISE_BEZIER_KNOTS.);
#1454 = CARTESIAN_POINT('',(4.712388980385,-22.));
#1455 = CARTESIAN_POINT('',(7.853980612395,-22.));
#1456 = ( GEOMETRIC_REPRESENTATION_CONTEXT(2) 
PARAMETRIC_REPRESENTATION_CONTEXT() REPRESENTATION_CONTEXT('2D SPACE',''
  ) );
#1457 = ADVANCED_FACE('',(#1458),#730,.F.);
#1458 = FACE_BOUND('',#1459,.F.);
#1459 = EDGE_LOOP('',(#1460,#1461,#1483,#1504));
#1460 = ORIENTED_EDGE('',*,*,#1264,.F.);
#1461 = ORIENTED_EDGE('',*,*,#1462,.T.);
#1462 = EDGE_CURVE('',#1265,#1463,#1465,.T.);
#1463 = VERTEX_POINT('',#1464);
#1464 = CARTESIAN_POINT('',(-140.7857142857,28.,-19.98456036697));
#1465 = SURFACE_CURVE('',#1466,(#1470,#1477),.PCURVE_S1.);
#1466 = LINE('',#1467,#1468);
#1467 = CARTESIAN_POINT('',(-140.7857142857,44.,-19.98456036697));
#1468 = VECTOR('',#1469,1.);
#1469 = DIRECTION('',(0.,-1.,2.2E-16));
#1470 = PCURVE('',#730,#1471);
#1471 = DEFINITIONAL_REPRESENTATION('',(#1472),#1476);
#1472 = LINE('',#1473,#1474);
#1473 = CARTESIAN_POINT('',(0.,0.));
#1474 = VECTOR('',#1475,1.);
#1475 = DIRECTION('',(1.357142857143E-18,-1.));
#1476 = ( GEOMETRIC_REPRESENTATION_CONTEXT(2) 
PARAMETRIC_REPRESENTATION_CONTEXT() REPRESENTATION_CONTEXT('2D SPACE',''
  ) );
#1477 = PCURVE('',#1304,#1478);
#1478 = DEFINITIONAL_REPRESENTATION('',(#1479),#1482);
#1479 = B_SPLINE_CURVE_WITH_KNOTS('',1,(#1480,#1481),.UNSPECIFIED.,.F.,
  .F.,(2,2),(0.,16.),.PIECEWISE_BEZIER_KNOTS.);
#1480 = CARTESIAN_POINT('',(1.610092153487,0.));
#1481 = CARTESIAN_POINT('',(1.610092153487,-16.));
#1482 = ( GEOMETRIC_REPRESENTATION_CONTEXT(2) 
PARAMETRIC_REPRESENTATION_CONTEXT() REPRESENTATION_CONTEXT('2D SPACE',''
  ) );
#1483 = ORIENTED_EDGE('',*,*,#1484,.T.);
#1484 = EDGE_CURVE('',#1463,#684,#1485,.T.);
#1485 = SURFACE_CURVE('',#1486,(#1490,#1497),.PCURVE_S1.);
#1486 = LINE('',#1487,#1488);
#1487 = CARTESIAN_POINT('',(-140.7857142857,28.,-19.98456036697));
#1488 = VECTOR('',#1489,1.);
#1489 = DIRECTION('',(0.999228018349,1.E-17,-3.928571428571E-02));
#1490 = PCURVE('',#730,#1491);
#1491 = DEFINITIONAL_REPRESENTATION('',(#1492),#1496);
#1492 = LINE('',#1493,#1494);
#1493 = CARTESIAN_POINT('',(-1.137182153579E-13,-16.));
#1494 = VECTOR('',#1495,1.);
#1495 = DIRECTION('',(1.,2.E-17));
#1496 = ( GEOMETRIC_REPRESENTATION_CONTEXT(2) 
PARAMETRIC_REPRESENTATION_CONTEXT() REPRESENTATION_CONTEXT('2D SPACE',''
  ) );
#1497 = PCURVE('',#699,#1498);
#1498 = DEFINITIONAL_REPRESENTATION('',(#1499),#1503);
#1499 = LINE('',#1500,#1501);
#1500 = CARTESIAN_POINT('',(-19.98455499089,-68.32720692203));
#1501 = VECTOR('',#1502,1.);
#1502 = DIRECTION('',(-3.928571428571E-02,0.999228018349));
#1503 = ( GEOMETRIC_REPRESENTATION_CONTEXT(2) 
PARAMETRIC_REPRESENTATION_CONTEXT() REPRESENTATION_CONTEXT('2D SPACE',''
  ) );
#1504 = ORIENTED_EDGE('',*,*,#715,.F.);
#1505 = ADVANCED_FACE('',(#1506),#699,.F.);
#1506 = FACE_BOUND('',#1507,.F.);
#1507 = EDGE_LOOP('',(#1508,#1536,#1568,#1596,#1617,#1618));
#1508 = ORIENTED_EDGE('',*,*,#1509,.T.);
#1509 = EDGE_CURVE('',#1463,#1510,#1512,.T.);
#1510 = VERTEX_POINT('',#1511);
#1511 = CARTESIAN_POINT('',(-90.00002009999,28.,-19.98461144595));
#1512 = SURFACE_CURVE('',#1513,(#1517,#1524),.PCURVE_S1.);
#1513 = LINE('',#1514,#1515);
#1514 = CARTESIAN_POINT('',(-140.7857142857,28.,-19.98456036697));
#1515 = VECTOR('',#1516,1.);
#1516 = DIRECTION('',(0.999999999999,0.,-1.0057750287E-06));
#1517 = PCURVE('',#699,#1518);
#1518 = DEFINITIONAL_REPRESENTATION('',(#1519),#1523);
#1519 = LINE('',#1520,#1521);
#1520 = CARTESIAN_POINT('',(-19.98455499089,-68.32720692203));
#1521 = VECTOR('',#1522,1.);
#1522 = DIRECTION('',(-1.0057750287E-06,0.999999999999));
#1523 = ( GEOMETRIC_REPRESENTATION_CONTEXT(2) 
PARAMETRIC_REPRESENTATION_CONTEXT() REPRESENTATION_CONTEXT('2D SPACE',''
  ) );
#1524 = PCURVE('',#1525,#1530);
#1525 = PLANE('',#1526);
#1526 = AXIS2_PLACEMENT_3D('',#1527,#1528,#1529);
#1527 = CARTESIAN_POINT('',(-140.7857142857,22.,-19.98456036697));
#1528 = DIRECTION('',(-1.0057750287E-06,-2.2E-16,-0.999999999999));
#1529 = DIRECTION('',(0.999999999999,0.,-1.0057750287E-06));
#1530 = DEFINITIONAL_REPRESENTATION('',(#1531),#1535);
#1531 = LINE('',#1532,#1533);
#1532 = CARTESIAN_POINT('',(0.,-6.));
#1533 = VECTOR('',#1534,1.);
#1534 = DIRECTION('',(1.,0.));
#1535 = ( GEOMETRIC_REPRESENTATION_CONTEXT(2) 
PARAMETRIC_REPRESENTATION_CONTEXT() REPRESENTATION_CONTEXT('2D SPACE',''
  ) );
#1536 = ORIENTED_EDGE('',*,*,#1537,.T.);
#1537 = EDGE_CURVE('',#1510,#1538,#1540,.T.);
#1538 = VERTEX_POINT('',#1539);
#1539 = CARTESIAN_POINT('',(-90.,28.,19.984560366974));
#1540 = SURFACE_CURVE('',#1541,(#1546,#1557),.PCURVE_S1.);
#1541 = CIRCLE('',#1542,19.984585906471);
#1542 = AXIS2_PLACEMENT_3D('',#1543,#1544,#1545);
#1543 = CARTESIAN_POINT('',(-90.,28.,-2.553949656203E-05));
#1544 = DIRECTION('',(0.,-1.,-2.2E-16));
#1545 = DIRECTION('',(1.,0.,0.));
#1546 = PCURVE('',#699,#1547);
#1547 = DEFINITIONAL_REPRESENTATION('',(#1548),#1556);
#1548 = ( BOUNDED_CURVE() B_SPLINE_CURVE(2,(#1549,#1550,#1551,#1552,
#1553,#1554,#1555),.UNSPECIFIED.,.T.,.F.) B_SPLINE_CURVE_WITH_KNOTS((1,2
    ,2,2,2,1),(-2.094395102393,0.,2.094395102393,4.188790204786,
6.28318530718,8.377580409573),.UNSPECIFIED.) CURVE() 
GEOMETRIC_REPRESENTATION_ITEM() RATIONAL_B_SPLINE_CURVE((1.,0.5,1.,0.5,
1.,0.5,1.)) REPRESENTATION_ITEM('') );
#1549 = CARTESIAN_POINT('',(-2.016342104838E-05,2.443093270146));
#1550 = CARTESIAN_POINT('',(34.614297994811,2.443093270146));
#1551 = CARTESIAN_POINT('',(17.307138915695,-27.53378558956));
#1552 = CARTESIAN_POINT('',(-2.016342104349E-05,-57.51066444926));
#1553 = CARTESIAN_POINT('',(-17.30717924253,-27.53378558956));
#1554 = CARTESIAN_POINT('',(-34.61433832165,2.443093270146));
#1555 = CARTESIAN_POINT('',(-2.016342104838E-05,2.443093270146));
#1556 = ( GEOMETRIC_REPRESENTATION_CONTEXT(2) 
PARAMETRIC_REPRESENTATION_CONTEXT() REPRESENTATION_CONTEXT('2D SPACE',''
  ) );
#1557 = PCURVE('',#1558,#1563);
#1558 = CYLINDRICAL_SURFACE('',#1559,19.984585906471);
#1559 = AXIS2_PLACEMENT_3D('',#1560,#1561,#1562);
#1560 = CARTESIAN_POINT('',(-90.,22.,-2.553949657596E-05));
#1561 = DIRECTION('',(0.,-1.,2.2E-16));
#1562 = DIRECTION('',(1.,0.,0.));
#1563 = DEFINITIONAL_REPRESENTATION('',(#1564),#1567);
#1564 = B_SPLINE_CURVE_WITH_KNOTS('',1,(#1565,#1566),.UNSPECIFIED.,.F.,
  .F.,(2,2),(4.71238797461,7.853981633974),.PIECEWISE_BEZIER_KNOTS.);
#1565 = CARTESIAN_POINT('',(4.71238797461,-6.));
#1566 = CARTESIAN_POINT('',(7.853981633974,-6.));
#1567 = ( GEOMETRIC_REPRESENTATION_CONTEXT(2) 
PARAMETRIC_REPRESENTATION_CONTEXT() REPRESENTATION_CONTEXT('2D SPACE',''
  ) );
#1568 = ORIENTED_EDGE('',*,*,#1569,.F.);
#1569 = EDGE_CURVE('',#1570,#1538,#1572,.T.);
#1570 = VERTEX_POINT('',#1571);
#1571 = CARTESIAN_POINT('',(-140.7857142857,28.,19.984560366974));
#1572 = SURFACE_CURVE('',#1573,(#1577,#1584),.PCURVE_S1.);
#1573 = LINE('',#1574,#1575);
#1574 = CARTESIAN_POINT('',(-140.7857142857,28.,19.984560366974));
#1575 = VECTOR('',#1576,1.);
#1576 = DIRECTION('',(1.,0.,0.));
#1577 = PCURVE('',#699,#1578);
#1578 = DEFINITIONAL_REPRESENTATION('',(#1579),#1583);
#1579 = LINE('',#1580,#1581);
#1580 = CARTESIAN_POINT('',(19.984565743049,-68.32720692203));
#1581 = VECTOR('',#1582,1.);
#1582 = DIRECTION('',(0.,1.));
#1583 = ( GEOMETRIC_REPRESENTATION_CONTEXT(2) 
PARAMETRIC_REPRESENTATION_CONTEXT() REPRESENTATION_CONTEXT('2D SPACE',''
  ) );
#1584 = PCURVE('',#1585,#1590);
#1585 = PLANE('',#1586);
#1586 = AXIS2_PLACEMENT_3D('',#1587,#1588,#1589);
#1587 = CARTESIAN_POINT('',(-140.7857142857,22.,19.984560366974));
#1588 = DIRECTION('',(-0.,-2.2E-16,-1.));
#1589 = DIRECTION('',(1.,0.,0.));
#1590 = DEFINITIONAL_REPRESENTATION('',(#1591),#1595);
#1591 = LINE('',#1592,#1593);
#1592 = CARTESIAN_POINT('',(0.,-6.));
#1593 = VECTOR('',#1594,1.);
#1594 = DIRECTION('',(1.,0.));
#1595 = ( GEOMETRIC_REPRESENTATION_CONTEXT(2) 
PARAMETRIC_REPRESENTATION_CONTEXT() REPRESENTATION_CONTEXT('2D SPACE',''
  ) );
#1596 = ORIENTED_EDGE('',*,*,#1597,.T.);
#1597 = EDGE_CURVE('',#1570,#657,#1598,.T.);
#1598 = SURFACE_CURVE('',#1599,(#1603,#1610),.PCURVE_S1.);
#1599 = LINE('',#1600,#1601);
#1600 = CARTESIAN_POINT('',(-140.7857142857,28.,19.984560366974));
#1601 = VECTOR('',#1602,1.);
#1602 = DIRECTION('',(0.999228018349,-1.E-17,3.928571428571E-02));
#1603 = PCURVE('',#699,#1604);
#1604 = DEFINITIONAL_REPRESENTATION('',(#1605),#1609);
#1605 = LINE('',#1606,#1607);
#1606 = CARTESIAN_POINT('',(19.984565743049,-68.32720692203));
#1607 = VECTOR('',#1608,1.);
#1608 = DIRECTION('',(3.928571428571E-02,0.999228018349));
#1609 = ( GEOMETRIC_REPRESENTATION_CONTEXT(2) 
PARAMETRIC_REPRESENTATION_CONTEXT() REPRESENTATION_CONTEXT('2D SPACE',''
  ) );
#1610 = PCURVE('',#671,#1611);
#1611 = DEFINITIONAL_REPRESENTATION('',(#1612),#1616);
#1612 = LINE('',#1613,#1614);
#1613 = CARTESIAN_POINT('',(-1.137590735689E-13,-16.));
#1614 = VECTOR('',#1615,1.);
#1615 = DIRECTION('',(1.,-2.E-17));
#1616 = ( GEOMETRIC_REPRESENTATION_CONTEXT(2) 
PARAMETRIC_REPRESENTATION_CONTEXT() REPRESENTATION_CONTEXT('2D SPACE',''
  ) );
#1617 = ORIENTED_EDGE('',*,*,#683,.T.);
#1618 = ORIENTED_EDGE('',*,*,#1484,.F.);
#1619 = ADVANCED_FACE('',(#1620),#671,.T.);
#1620 = FACE_BOUND('',#1621,.T.);
#1621 = EDGE_LOOP('',(#1622,#1623,#1643,#1644));
#1622 = ORIENTED_EDGE('',*,*,#1315,.F.);
#1623 = ORIENTED_EDGE('',*,*,#1624,.T.);
#1624 = EDGE_CURVE('',#1288,#1570,#1625,.T.);
#1625 = SURFACE_CURVE('',#1626,(#1630,#1637),.PCURVE_S1.);
#1626 = LINE('',#1627,#1628);
#1627 = CARTESIAN_POINT('',(-140.7857142857,44.,19.984560366974));
#1628 = VECTOR('',#1629,1.);
#1629 = DIRECTION('',(0.,-1.,2.2E-16));
#1630 = PCURVE('',#671,#1631);
#1631 = DEFINITIONAL_REPRESENTATION('',(#1632),#1636);
#1632 = LINE('',#1633,#1634);
#1633 = CARTESIAN_POINT('',(0.,0.));
#1634 = VECTOR('',#1635,1.);
#1635 = DIRECTION('',(-1.357142857143E-18,-1.));
#1636 = ( GEOMETRIC_REPRESENTATION_CONTEXT(2) 
PARAMETRIC_REPRESENTATION_CONTEXT() REPRESENTATION_CONTEXT('2D SPACE',''
  ) );
#1637 = PCURVE('',#1304,#1638);
#1638 = DEFINITIONAL_REPRESENTATION('',(#1639),#1642);
#1639 = B_SPLINE_CURVE_WITH_KNOTS('',1,(#1640,#1641),.UNSPECIFIED.,.F.,
  .F.,(2,2),(0.,16.),.PIECEWISE_BEZIER_KNOTS.);
#1640 = CARTESIAN_POINT('',(4.673093153693,0.));
#1641 = CARTESIAN_POINT('',(4.673093153693,-16.));
#1642 = ( GEOMETRIC_REPRESENTATION_CONTEXT(2) 
PARAMETRIC_REPRESENTATION_CONTEXT() REPRESENTATION_CONTEXT('2D SPACE',''
  ) );
#1643 = ORIENTED_EDGE('',*,*,#1597,.T.);
#1644 = ORIENTED_EDGE('',*,*,#656,.F.);
#1645 = ADVANCED_FACE('',(#1646),#453,.T.);
#1646 = FACE_BOUND('',#1647,.T.);
#1647 = EDGE_LOOP('',(#1648,#1649,#1650,#1673,#1696,#1717));
#1648 = ORIENTED_EDGE('',*,*,#465,.T.);
#1649 = ORIENTED_EDGE('',*,*,#437,.T.);
#1650 = ORIENTED_EDGE('',*,*,#1651,.T.);
#1651 = EDGE_CURVE('',#413,#1652,#1654,.T.);
#1652 = VERTEX_POINT('',#1653);
#1653 = CARTESIAN_POINT('',(25.480384612482,0.,-1.));
#1654 = SURFACE_CURVE('',#1655,(#1660,#1667),.PCURVE_S1.);
#1655 = CIRCLE('',#1656,25.5);
#1656 = AXIS2_PLACEMENT_3D('',#1657,#1658,#1659);
#1657 = CARTESIAN_POINT('',(2.84E-15,0.,5.01E-15));
#1658 = DIRECTION('',(0.,-1.,2.2E-16));
#1659 = DIRECTION('',(1.,0.,0.));
#1660 = PCURVE('',#453,#1661);
#1661 = DEFINITIONAL_REPRESENTATION('',(#1662),#1666);
#1662 = CIRCLE('',#1663,25.5);
#1663 = AXIS2_PLACEMENT_2D('',#1664,#1665);
#1664 = CARTESIAN_POINT('',(1.2E-15,1.367353993177));
#1665 = DIRECTION('',(0.,-1.));
#1666 = ( GEOMETRIC_REPRESENTATION_CONTEXT(2) 
PARAMETRIC_REPRESENTATION_CONTEXT() REPRESENTATION_CONTEXT('2D SPACE',''
  ) );
#1667 = PCURVE('',#426,#1668);
#1668 = DEFINITIONAL_REPRESENTATION('',(#1669),#1672);
#1669 = B_SPLINE_CURVE_WITH_KNOTS('',1,(#1670,#1671),.UNSPECIFIED.,.F.,
  .F.,(2,2),(5.88021020791,6.243959562504),.PIECEWISE_BEZIER_KNOTS.);
#1670 = CARTESIAN_POINT('',(5.88021020791,0.));
#1671 = CARTESIAN_POINT('',(6.243959562504,0.));
#1672 = ( GEOMETRIC_REPRESENTATION_CONTEXT(2) 
PARAMETRIC_REPRESENTATION_CONTEXT() REPRESENTATION_CONTEXT('2D SPACE',''
  ) );
#1673 = ORIENTED_EDGE('',*,*,#1674,.T.);
#1674 = EDGE_CURVE('',#1652,#1675,#1677,.T.);
#1675 = VERTEX_POINT('',#1676);
#1676 = CARTESIAN_POINT('',(15.843472630708,0.,-1.));
#1677 = SURFACE_CURVE('',#1678,(#1682,#1689),.PCURVE_S1.);
#1678 = LINE('',#1679,#1680);
#1679 = CARTESIAN_POINT('',(40.,2.2E-16,-1.));
#1680 = VECTOR('',#1681,1.);
#1681 = DIRECTION('',(-1.,0.,0.));
#1682 = PCURVE('',#453,#1683);
#1683 = DEFINITIONAL_REPRESENTATION('',(#1684),#1688);
#1684 = LINE('',#1685,#1686);
#1685 = CARTESIAN_POINT('',(-1.,-38.63264600682));
#1686 = VECTOR('',#1687,1.);
#1687 = DIRECTION('',(0.,1.));
#1688 = ( GEOMETRIC_REPRESENTATION_CONTEXT(2) 
PARAMETRIC_REPRESENTATION_CONTEXT() REPRESENTATION_CONTEXT('2D SPACE',''
  ) );
#1689 = PCURVE('',#1196,#1690);
#1690 = DEFINITIONAL_REPRESENTATION('',(#1691),#1695);
#1691 = LINE('',#1692,#1693);
#1692 = CARTESIAN_POINT('',(0.,-4.4E-16));
#1693 = VECTOR('',#1694,1.);
#1694 = DIRECTION('',(1.,0.));
#1695 = ( GEOMETRIC_REPRESENTATION_CONTEXT(2) 
PARAMETRIC_REPRESENTATION_CONTEXT() REPRESENTATION_CONTEXT('2D SPACE',''
  ) );
#1696 = ORIENTED_EDGE('',*,*,#1697,.F.);
#1697 = EDGE_CURVE('',#1002,#1675,#1698,.T.);
#1698 = SURFACE_CURVE('',#1699,(#1704,#1711),.PCURVE_S1.);
#1699 = CIRCLE('',#1700,15.875);
#1700 = AXIS2_PLACEMENT_3D('',#1701,#1702,#1703);
#1701 = CARTESIAN_POINT('',(0.,0.,0.));
#1702 = DIRECTION('',(0.,-1.,-2.2E-16));
#1703 = DIRECTION('',(1.,0.,0.));
#1704 = PCURVE('',#453,#1705);
#1705 = DEFINITIONAL_REPRESENTATION('',(#1706),#1710);
#1706 = CIRCLE('',#1707,15.875);
#1707 = AXIS2_PLACEMENT_2D('',#1708,#1709);
#1708 = CARTESIAN_POINT('',(-3.81E-15,1.367353993177));
#1709 = DIRECTION('',(0.,-1.));
#1710 = ( GEOMETRIC_REPRESENTATION_CONTEXT(2) 
PARAMETRIC_REPRESENTATION_CONTEXT() REPRESENTATION_CONTEXT('2D SPACE',''
  ) );
#1711 = PCURVE('',#1040,#1712);
#1712 = DEFINITIONAL_REPRESENTATION('',(#1713),#1716);
#1713 = B_SPLINE_CURVE_WITH_KNOTS('',1,(#1714,#1715),.UNSPECIFIED.,.F.,
  .F.,(2,2),(6.303385942262E-02,6.220151447757),
  .PIECEWISE_BEZIER_KNOTS.);
#1714 = CARTESIAN_POINT('',(6.303385942262E-02,0.));
#1715 = CARTESIAN_POINT('',(6.220151447757,0.));
#1716 = ( GEOMETRIC_REPRESENTATION_CONTEXT(2) 
PARAMETRIC_REPRESENTATION_CONTEXT() REPRESENTATION_CONTEXT('2D SPACE',''
  ) );
#1717 = ORIENTED_EDGE('',*,*,#1001,.T.);
#1718 = ADVANCED_FACE('',(#1719),#426,.T.);
#1719 = FACE_BOUND('',#1720,.T.);
#1720 = EDGE_LOOP('',(#1721,#1722,#1792,#1812));
#1721 = ORIENTED_EDGE('',*,*,#412,.F.);
#1722 = ORIENTED_EDGE('',*,*,#1723,.T.);
#1723 = EDGE_CURVE('',#386,#1724,#1726,.T.);
#1724 = VERTEX_POINT('',#1725);
#1725 = CARTESIAN_POINT('',(25.480384623743,10.171745801301,-1.));
#1726 = SURFACE_CURVE('',#1727,(#1742,#1769),.PCURVE_S1.);
#1727 = B_SPLINE_CURVE_WITH_KNOTS('',7,(#1728,#1729,#1730,#1731,#1732,
    #1733,#1734,#1735,#1736,#1737,#1738,#1739,#1740,#1741),
  .UNSPECIFIED.,.F.,.F.,(8,6,8),(0.,0.666142454409,1.),.UNSPECIFIED.);
#1728 = CARTESIAN_POINT('',(23.45740821148,9.999998713434,-10.));
#1729 = CARTESIAN_POINT('',(23.851207280319,9.999998713434,
    -9.076249448895));
#1730 = CARTESIAN_POINT('',(24.199074464373,10.015075594122,
    -8.142597333058));
#1731 = CARTESIAN_POINT('',(24.501811516948,10.038899496786,
    -7.20091860036));
#1732 = CARTESIAN_POINT('',(24.760198890445,10.066547125657,
    -6.252737246492));
#1733 = CARTESIAN_POINT('',(24.974882894618,10.094127146671,
    -5.299322236104));
#1734 = CARTESIAN_POINT('',(25.146342458225,10.118735927153,
    -4.341769153392));
#1735 = CARTESIAN_POINT('',(25.339269135644,10.148296493449,
    -2.899555926642));
#1736 = CARTESIAN_POINT('',(25.392887874864,10.15692973164,
    -2.417302887657));
#1737 = CARTESIAN_POINT('',(25.435749243023,10.164081845772,
    -1.934445726193));
#1738 = CARTESIAN_POINT('',(25.467878604285,10.169568782878,
    -1.451137338549));
#1739 = CARTESIAN_POINT('',(25.489292770261,10.17326778117,
    -0.967528368923));
#1740 = CARTESIAN_POINT('',(25.5,10.175117370035,-0.48376720941));
#1741 = CARTESIAN_POINT('',(25.5,10.175117370035,-3.07E-15));
#1742 = PCURVE('',#426,#1743);
#1743 = DEFINITIONAL_REPRESENTATION('',(#1744),#1768);
#1744 = B_SPLINE_CURVE_WITH_KNOTS('',3,(#1745,#1746,#1747,#1748,#1749,
    #1750,#1751,#1752,#1753,#1754,#1755,#1756,#1757,#1758,#1759,#1760,
    #1761,#1762,#1763,#1764,#1765,#1766,#1767),.UNSPECIFIED.,.F.,.F.,(4,
    1,1,1,1,1,1,1,1,1,1,1,1,1,1,1,1,1,1,1,4),(0.,4.545454545455E-02,
    9.090909090909E-02,0.136363636364,0.181818181818,0.227272727273,
    0.272727272727,0.318181818182,0.363636363636,0.409090909091,
    0.454545454545,0.5,0.545454545455,0.590909090909,0.636363636364,
    0.681818181818,0.727272727273,0.772727272727,0.818181818182,
    0.863636363636,0.90139725058),.UNSPECIFIED.);
#1745 = CARTESIAN_POINT('',(5.88021020791,-9.999998713434));
#1746 = CARTESIAN_POINT('',(5.88648012897,-10.00000071957));
#1747 = CARTESIAN_POINT('',(5.898997187824,-10.00097986821));
#1748 = CARTESIAN_POINT('',(5.91770750541,-10.00499076943));
#1749 = CARTESIAN_POINT('',(5.936355606366,-10.01115144325));
#1750 = CARTESIAN_POINT('',(5.954944632377,-10.01910159624));
#1751 = CARTESIAN_POINT('',(5.973477773145,-10.02850066327));
#1752 = CARTESIAN_POINT('',(5.99195826881,-10.03902997896));
#1753 = CARTESIAN_POINT('',(6.01038940226,-10.05039120937));
#1754 = CARTESIAN_POINT('',(6.028774495179,-10.0623059322));
#1755 = CARTESIAN_POINT('',(6.047116904306,-10.0745150419));
#1756 = CARTESIAN_POINT('',(6.065420017872,-10.08677831995));
#1757 = CARTESIAN_POINT('',(6.08368725566,-10.09887406683));
#1758 = CARTESIAN_POINT('',(6.101922058777,-10.11059880373));
#1759 = CARTESIAN_POINT('',(6.120127921223,-10.12176704912));
#1760 = CARTESIAN_POINT('',(6.138308268761,-10.13221107636));
#1761 = CARTESIAN_POINT('',(6.156466910989,-10.14178095596));
#1762 = CARTESIAN_POINT('',(6.174605933074,-10.15034350603));
#1763 = CARTESIAN_POINT('',(6.192728077388,-10.15778358551));
#1764 = CARTESIAN_POINT('',(6.210836217619,-10.16400384141));
#1765 = CARTESIAN_POINT('',(6.227912142904,-10.16864684487));
#1766 = CARTESIAN_POINT('',(6.238951083503,-10.17088923409));
#1767 = CARTESIAN_POINT('',(6.243959562549,-10.17174582584));
#1768 = ( GEOMETRIC_REPRESENTATION_CONTEXT(2) 
PARAMETRIC_REPRESENTATION_CONTEXT() REPRESENTATION_CONTEXT('2D SPACE',''
  ) );
#1769 = PCURVE('',#1770,#1775);
#1770 = CYLINDRICAL_SURFACE('',#1771,12.);
#1771 = AXIS2_PLACEMENT_3D('',#1772,#1773,#1774);
#1772 = CARTESIAN_POINT('',(23.45740821148,21.999998713434,10.));
#1773 = DIRECTION('',(0.,2.2E-16,1.));
#1774 = DIRECTION('',(-1.,0.,0.));
#1775 = DEFINITIONAL_REPRESENTATION('',(#1776),#1791);
#1776 = B_SPLINE_CURVE_WITH_KNOTS('',7,(#1777,#1778,#1779,#1780,#1781,
    #1782,#1783,#1784,#1785,#1786,#1787,#1788,#1789,#1790),
  .UNSPECIFIED.,.F.,.F.,(8,6,8),(0.,0.666142454409,0.90139725058),
  .UNSPECIFIED.);
#1777 = CARTESIAN_POINT('',(1.570796326795,-20.));
#1778 = CARTESIAN_POINT('',(1.603612915865,-19.07624944889));
#1779 = CARTESIAN_POINT('',(1.632601861752,-18.14259733305));
#1780 = CARTESIAN_POINT('',(1.657887594353,-17.20091860036));
#1781 = CARTESIAN_POINT('',(1.679532697906,-16.25273724649));
#1782 = CARTESIAN_POINT('',(1.697566889745,-15.2993222361));
#1783 = CARTESIAN_POINT('',(1.712000940138,-14.34176915339));
#1784 = CARTESIAN_POINT('',(1.726662031244,-13.04176211605));
#1785 = CARTESIAN_POINT('',(1.730039342545,-12.70209752869));
#1786 = CARTESIAN_POINT('',(1.732967481517,-12.3621102176));
#1787 = CARTESIAN_POINT('',(1.735446355263,-12.02185391242));
#1788 = CARTESIAN_POINT('',(1.737475877642,-11.68138178754));
#1789 = CARTESIAN_POINT('',(1.739055969268,-11.34074646211));
#1790 = CARTESIAN_POINT('',(1.740186557506,-11.));
#1791 = ( GEOMETRIC_REPRESENTATION_CONTEXT(2) 
PARAMETRIC_REPRESENTATION_CONTEXT() REPRESENTATION_CONTEXT('2D SPACE',''
  ) );
#1792 = ORIENTED_EDGE('',*,*,#1793,.T.);
#1793 = EDGE_CURVE('',#1724,#1652,#1794,.T.);
#1794 = SURFACE_CURVE('',#1795,(#1799,#1805),.PCURVE_S1.);
#1795 = LINE('',#1796,#1797);
#1796 = CARTESIAN_POINT('',(25.480384612482,-2.2E-16,-1.));
#1797 = VECTOR('',#1798,1.);
#1798 = DIRECTION('',(0.,-1.,2.2E-16));
#1799 = PCURVE('',#426,#1800);
#1800 = DEFINITIONAL_REPRESENTATION('',(#1801),#1804);
#1801 = B_SPLINE_CURVE_WITH_KNOTS('',1,(#1802,#1803),.UNSPECIFIED.,.F.,
  .F.,(2,2),(-10.1717458013,0.),.PIECEWISE_BEZIER_KNOTS.);
#1802 = CARTESIAN_POINT('',(6.243959562504,-10.1717458013));
#1803 = CARTESIAN_POINT('',(6.243959562504,0.));
#1804 = ( GEOMETRIC_REPRESENTATION_CONTEXT(2) 
PARAMETRIC_REPRESENTATION_CONTEXT() REPRESENTATION_CONTEXT('2D SPACE',''
  ) );
#1805 = PCURVE('',#1196,#1806);
#1806 = DEFINITIONAL_REPRESENTATION('',(#1807),#1811);
#1807 = LINE('',#1808,#1809);
#1808 = CARTESIAN_POINT('',(14.519615387518,0.));
#1809 = VECTOR('',#1810,1.);
#1810 = DIRECTION('',(0.,1.));
#1811 = ( GEOMETRIC_REPRESENTATION_CONTEXT(2) 
PARAMETRIC_REPRESENTATION_CONTEXT() REPRESENTATION_CONTEXT('2D SPACE',''
  ) );
#1812 = ORIENTED_EDGE('',*,*,#1651,.F.);
#1813 = ADVANCED_FACE('',(#1814,#1869),#400,.T.);
#1814 = FACE_BOUND('',#1815,.T.);
#1815 = EDGE_LOOP('',(#1816,#1843,#1844));
#1816 = ORIENTED_EDGE('',*,*,#1817,.F.);
#1817 = EDGE_CURVE('',#386,#1818,#1820,.T.);
#1818 = VERTEX_POINT('',#1819);
#1819 = CARTESIAN_POINT('',(35.45740821148,22.,-10.));
#1820 = SURFACE_CURVE('',#1821,(#1826,#1837),.PCURVE_S1.);
#1821 = CIRCLE('',#1822,12.);
#1822 = AXIS2_PLACEMENT_3D('',#1823,#1824,#1825);
#1823 = CARTESIAN_POINT('',(23.45740821148,21.999998713434,-10.));
#1824 = DIRECTION('',(0.,2.2E-16,1.));
#1825 = DIRECTION('',(-1.,0.,0.));
#1826 = PCURVE('',#400,#1827);
#1827 = DEFINITIONAL_REPRESENTATION('',(#1828),#1836);
#1828 = ( BOUNDED_CURVE() B_SPLINE_CURVE(2,(#1829,#1830,#1831,#1832,
#1833,#1834,#1835),.UNSPECIFIED.,.T.,.F.) B_SPLINE_CURVE_WITH_KNOTS((1,2
    ,2,2,2,1),(-2.094395102393,0.,2.094395102393,4.188790204786,
6.28318530718,8.377580409573),.UNSPECIFIED.) CURVE() 
GEOMETRIC_REPRESENTATION_ITEM() RATIONAL_B_SPLINE_CURVE((1.,0.5,1.,0.5,
1.,0.5,1.)) REPRESENTATION_ITEM('') );
#1829 = CARTESIAN_POINT('',(-12.,-21.99999871343));
#1830 = CARTESIAN_POINT('',(-12.,-1.215389022608));
#1831 = CARTESIAN_POINT('',(6.,-11.60769386802));
#1832 = CARTESIAN_POINT('',(24.,-21.99999871343));
#1833 = CARTESIAN_POINT('',(6.,-32.39230355884));
#1834 = CARTESIAN_POINT('',(-12.,-42.78460840426));
#1835 = CARTESIAN_POINT('',(-12.,-21.99999871343));
#1836 = ( GEOMETRIC_REPRESENTATION_CONTEXT(2) 
PARAMETRIC_REPRESENTATION_CONTEXT() REPRESENTATION_CONTEXT('2D SPACE',''
  ) );
#1837 = PCURVE('',#1770,#1838);
#1838 = DEFINITIONAL_REPRESENTATION('',(#1839),#1842);
#1839 = B_SPLINE_CURVE_WITH_KNOTS('',1,(#1840,#1841),.UNSPECIFIED.,.F.,
  .F.,(2,2),(1.570796326795,3.141592760804),.PIECEWISE_BEZIER_KNOTS.);
#1840 = CARTESIAN_POINT('',(1.570796326795,-20.));
#1841 = CARTESIAN_POINT('',(3.141592760804,-20.));
#1842 = ( GEOMETRIC_REPRESENTATION_CONTEXT(2) 
PARAMETRIC_REPRESENTATION_CONTEXT() REPRESENTATION_CONTEXT('2D SPACE',''
  ) );
#1843 = ORIENTED_EDGE('',*,*,#385,.T.);
#1844 = ORIENTED_EDGE('',*,*,#1845,.F.);
#1845 = EDGE_CURVE('',#1818,#361,#1846,.T.);
#1846 = SURFACE_CURVE('',#1847,(#1852,#1863),.PCURVE_S1.);
#1847 = CIRCLE('',#1848,12.);
#1848 = AXIS2_PLACEMENT_3D('',#1849,#1850,#1851);
#1849 = CARTESIAN_POINT('',(23.45740821148,22.000001286566,-10.));
#1850 = DIRECTION('',(0.,2.2E-16,1.));
#1851 = DIRECTION('',(-1.,0.,0.));
#1852 = PCURVE('',#400,#1853);
#1853 = DEFINITIONAL_REPRESENTATION('',(#1854),#1862);
#1854 = ( BOUNDED_CURVE() B_SPLINE_CURVE(2,(#1855,#1856,#1857,#1858,
#1859,#1860,#1861),.UNSPECIFIED.,.T.,.F.) B_SPLINE_CURVE_WITH_KNOTS((1,2
    ,2,2,2,1),(-2.094395102393,0.,2.094395102393,4.188790204786,
6.28318530718,8.377580409573),.UNSPECIFIED.) CURVE() 
GEOMETRIC_REPRESENTATION_ITEM() RATIONAL_B_SPLINE_CURVE((1.,0.5,1.,0.5,
1.,0.5,1.)) REPRESENTATION_ITEM('') );
#1855 = CARTESIAN_POINT('',(-12.,-22.00000128656));
#1856 = CARTESIAN_POINT('',(-12.,-1.215391595739));
#1857 = CARTESIAN_POINT('',(6.,-11.60769644115));
#1858 = CARTESIAN_POINT('',(24.,-22.00000128656));
#1859 = CARTESIAN_POINT('',(6.,-32.39230613197));
#1860 = CARTESIAN_POINT('',(-12.,-42.78461097739));
#1861 = CARTESIAN_POINT('',(-12.,-22.00000128656));
#1862 = ( GEOMETRIC_REPRESENTATION_CONTEXT(2) 
PARAMETRIC_REPRESENTATION_CONTEXT() REPRESENTATION_CONTEXT('2D SPACE',''
  ) );
#1863 = PCURVE('',#1132,#1864);
#1864 = DEFINITIONAL_REPRESENTATION('',(#1865),#1868);
#1865 = B_SPLINE_CURVE_WITH_KNOTS('',1,(#1866,#1867),.UNSPECIFIED.,.F.,
  .F.,(2,2),(3.141592546376,4.712388980385),.PIECEWISE_BEZIER_KNOTS.);
#1866 = CARTESIAN_POINT('',(-3.141592760804,-20.));
#1867 = CARTESIAN_POINT('',(-1.570796326795,-20.));
#1868 = ( GEOMETRIC_REPRESENTATION_CONTEXT(2) 
PARAMETRIC_REPRESENTATION_CONTEXT() REPRESENTATION_CONTEXT('2D SPACE',''
  ) );
#1869 = FACE_BOUND('',#1870,.T.);
#1870 = EDGE_LOOP('',(#1871,#1901,#1933,#1961));
#1871 = ORIENTED_EDGE('',*,*,#1872,.F.);
#1872 = EDGE_CURVE('',#1873,#1875,#1877,.T.);
#1873 = VERTEX_POINT('',#1874);
#1874 = CARTESIAN_POINT('',(26.45740821148,20.5,-10.));
#1875 = VERTEX_POINT('',#1876);
#1876 = CARTESIAN_POINT('',(26.45740821148,23.5,-10.));
#1877 = SURFACE_CURVE('',#1878,(#1882,#1889),.PCURVE_S1.);
#1878 = LINE('',#1879,#1880);
#1879 = CARTESIAN_POINT('',(26.45740821148,11.75,-10.));
#1880 = VECTOR('',#1881,1.);
#1881 = DIRECTION('',(0.,1.,-2.2E-16));
#1882 = PCURVE('',#400,#1883);
#1883 = DEFINITIONAL_REPRESENTATION('',(#1884),#1888);
#1884 = LINE('',#1885,#1886);
#1885 = CARTESIAN_POINT('',(3.,-11.75));
#1886 = VECTOR('',#1887,1.);
#1887 = DIRECTION('',(0.,-1.));
#1888 = ( GEOMETRIC_REPRESENTATION_CONTEXT(2) 
PARAMETRIC_REPRESENTATION_CONTEXT() REPRESENTATION_CONTEXT('2D SPACE',''
  ) );
#1889 = PCURVE('',#1890,#1895);
#1890 = PLANE('',#1891);
#1891 = AXIS2_PLACEMENT_3D('',#1892,#1893,#1894);
#1892 = CARTESIAN_POINT('',(26.45740821148,23.5,10.));
#1893 = DIRECTION('',(-1.,0.,0.));
#1894 = DIRECTION('',(0.,-1.,2.2E-16));
#1895 = DEFINITIONAL_REPRESENTATION('',(#1896),#1900);
#1896 = LINE('',#1897,#1898);
#1897 = CARTESIAN_POINT('',(11.75,-20.));
#1898 = VECTOR('',#1899,1.);
#1899 = DIRECTION('',(-1.,0.));
#1900 = ( GEOMETRIC_REPRESENTATION_CONTEXT(2) 
PARAMETRIC_REPRESENTATION_CONTEXT() REPRESENTATION_CONTEXT('2D SPACE',''
  ) );
#1901 = ORIENTED_EDGE('',*,*,#1902,.T.);
#1902 = EDGE_CURVE('',#1873,#1903,#1905,.T.);
#1903 = VERTEX_POINT('',#1904);
#1904 = CARTESIAN_POINT('',(32.45740821148,20.5,-10.));
#1905 = SURFACE_CURVE('',#1906,(#1911,#1922),.PCURVE_S1.);
#1906 = CIRCLE('',#1907,3.);
#1907 = AXIS2_PLACEMENT_3D('',#1908,#1909,#1910);
#1908 = CARTESIAN_POINT('',(29.45740821148,20.5,-10.));
#1909 = DIRECTION('',(0.,2.2E-16,1.));
#1910 = DIRECTION('',(-1.,0.,0.));
#1911 = PCURVE('',#400,#1912);
#1912 = DEFINITIONAL_REPRESENTATION('',(#1913),#1921);
#1913 = ( BOUNDED_CURVE() B_SPLINE_CURVE(2,(#1914,#1915,#1916,#1917,
#1918,#1919,#1920),.UNSPECIFIED.,.T.,.F.) B_SPLINE_CURVE_WITH_KNOTS((1,2
    ,2,2,2,1),(-2.094395102393,0.,2.094395102393,4.188790204786,
6.28318530718,8.377580409573),.UNSPECIFIED.) CURVE() 
GEOMETRIC_REPRESENTATION_ITEM() RATIONAL_B_SPLINE_CURVE((1.,0.5,1.,0.5,
1.,0.5,1.)) REPRESENTATION_ITEM('') );
#1914 = CARTESIAN_POINT('',(3.,-20.5));
#1915 = CARTESIAN_POINT('',(3.,-15.30384757729));
#1916 = CARTESIAN_POINT('',(7.5,-17.90192378864));
#1917 = CARTESIAN_POINT('',(12.,-20.5));
#1918 = CARTESIAN_POINT('',(7.5,-23.09807621135));
#1919 = CARTESIAN_POINT('',(3.,-25.6961524227));
#1920 = CARTESIAN_POINT('',(3.,-20.5));
#1921 = ( GEOMETRIC_REPRESENTATION_CONTEXT(2) 
PARAMETRIC_REPRESENTATION_CONTEXT() REPRESENTATION_CONTEXT('2D SPACE',''
  ) );
#1922 = PCURVE('',#1923,#1928);
#1923 = CYLINDRICAL_SURFACE('',#1924,3.);
#1924 = AXIS2_PLACEMENT_3D('',#1925,#1926,#1927);
#1925 = CARTESIAN_POINT('',(29.45740821148,20.5,10.));
#1926 = DIRECTION('',(0.,2.2E-16,1.));
#1927 = DIRECTION('',(-1.,0.,0.));
#1928 = DEFINITIONAL_REPRESENTATION('',(#1929),#1932);
#1929 = B_SPLINE_CURVE_WITH_KNOTS('',1,(#1930,#1931),.UNSPECIFIED.,.F.,
  .F.,(2,2),(0.,3.14159265359),.PIECEWISE_BEZIER_KNOTS.);
#1930 = CARTESIAN_POINT('',(0.,-20.));
#1931 = CARTESIAN_POINT('',(3.14159265359,-20.));
#1932 = ( GEOMETRIC_REPRESENTATION_CONTEXT(2) 
PARAMETRIC_REPRESENTATION_CONTEXT() REPRESENTATION_CONTEXT('2D SPACE',''
  ) );
#1933 = ORIENTED_EDGE('',*,*,#1934,.F.);
#1934 = EDGE_CURVE('',#1935,#1903,#1937,.T.);
#1935 = VERTEX_POINT('',#1936);
#1936 = CARTESIAN_POINT('',(32.45740821148,23.5,-10.));
#1937 = SURFACE_CURVE('',#1938,(#1942,#1949),.PCURVE_S1.);
#1938 = LINE('',#1939,#1940);
#1939 = CARTESIAN_POINT('',(32.45740821148,10.25,-10.));
#1940 = VECTOR('',#1941,1.);
#1941 = DIRECTION('',(0.,-1.,2.2E-16));
#1942 = PCURVE('',#400,#1943);
#1943 = DEFINITIONAL_REPRESENTATION('',(#1944),#1948);
#1944 = LINE('',#1945,#1946);
#1945 = CARTESIAN_POINT('',(9.,-10.25));
#1946 = VECTOR('',#1947,1.);
#1947 = DIRECTION('',(0.,1.));
#1948 = ( GEOMETRIC_REPRESENTATION_CONTEXT(2) 
PARAMETRIC_REPRESENTATION_CONTEXT() REPRESENTATION_CONTEXT('2D SPACE',''
  ) );
#1949 = PCURVE('',#1950,#1955);
#1950 = PLANE('',#1951);
#1951 = AXIS2_PLACEMENT_3D('',#1952,#1953,#1954);
#1952 = CARTESIAN_POINT('',(32.45740821148,20.5,10.));
#1953 = DIRECTION('',(1.,0.,0.));
#1954 = DIRECTION('',(0.,1.,-2.2E-16));
#1955 = DEFINITIONAL_REPRESENTATION('',(#1956),#1960);
#1956 = LINE('',#1957,#1958);
#1957 = CARTESIAN_POINT('',(-10.25,-20.));
#1958 = VECTOR('',#1959,1.);
#1959 = DIRECTION('',(-1.,0.));
#1960 = ( GEOMETRIC_REPRESENTATION_CONTEXT(2) 
PARAMETRIC_REPRESENTATION_CONTEXT() REPRESENTATION_CONTEXT('2D SPACE',''
  ) );
#1961 = ORIENTED_EDGE('',*,*,#1962,.T.);
#1962 = EDGE_CURVE('',#1935,#1875,#1963,.T.);
#1963 = SURFACE_CURVE('',#1964,(#1969,#1980),.PCURVE_S1.);
#1964 = CIRCLE('',#1965,3.);
#1965 = AXIS2_PLACEMENT_3D('',#1966,#1967,#1968);
#1966 = CARTESIAN_POINT('',(29.45740821148,23.5,-10.));
#1967 = DIRECTION('',(0.,2.2E-16,1.));
#1968 = DIRECTION('',(-1.,0.,0.));
#1969 = PCURVE('',#400,#1970);
#1970 = DEFINITIONAL_REPRESENTATION('',(#1971),#1979);
#1971 = ( BOUNDED_CURVE() B_SPLINE_CURVE(2,(#1972,#1973,#1974,#1975,
#1976,#1977,#1978),.UNSPECIFIED.,.T.,.F.) B_SPLINE_CURVE_WITH_KNOTS((1,2
    ,2,2,2,1),(-2.094395102393,0.,2.094395102393,4.188790204786,
6.28318530718,8.377580409573),.UNSPECIFIED.) CURVE() 
GEOMETRIC_REPRESENTATION_ITEM() RATIONAL_B_SPLINE_CURVE((1.,0.5,1.,0.5,
1.,0.5,1.)) REPRESENTATION_ITEM('') );
#1972 = CARTESIAN_POINT('',(3.,-23.5));
#1973 = CARTESIAN_POINT('',(3.,-18.30384757729));
#1974 = CARTESIAN_POINT('',(7.5,-20.90192378864));
#1975 = CARTESIAN_POINT('',(12.,-23.5));
#1976 = CARTESIAN_POINT('',(7.5,-26.09807621135));
#1977 = CARTESIAN_POINT('',(3.,-28.6961524227));
#1978 = CARTESIAN_POINT('',(3.,-23.5));
#1979 = ( GEOMETRIC_REPRESENTATION_CONTEXT(2) 
PARAMETRIC_REPRESENTATION_CONTEXT() REPRESENTATION_CONTEXT('2D SPACE',''
  ) );
#1980 = PCURVE('',#1981,#1986);
#1981 = CYLINDRICAL_SURFACE('',#1982,3.);
#1982 = AXIS2_PLACEMENT_3D('',#1983,#1984,#1985);
#1983 = CARTESIAN_POINT('',(29.45740821148,23.5,10.));
#1984 = DIRECTION('',(0.,2.2E-16,1.));
#1985 = DIRECTION('',(-1.,0.,0.));
#1986 = DEFINITIONAL_REPRESENTATION('',(#1987),#1990);
#1987 = B_SPLINE_CURVE_WITH_KNOTS('',1,(#1988,#1989),.UNSPECIFIED.,.F.,
  .F.,(2,2),(3.14159265359,6.28318530718),.PIECEWISE_BEZIER_KNOTS.);
#1988 = CARTESIAN_POINT('',(3.14159265359,-20.));
#1989 = CARTESIAN_POINT('',(6.28318530718,-20.));
#1990 = ( GEOMETRIC_REPRESENTATION_CONTEXT(2) 
PARAMETRIC_REPRESENTATION_CONTEXT() REPRESENTATION_CONTEXT('2D SPACE',''
  ) );
#1991 = ADVANCED_FACE('',(#1992),#1040,.F.);
#1992 = FACE_BOUND('',#1993,.F.);
#1993 = EDGE_LOOP('',(#1994,#1995,#1996,#1997));
#1994 = ORIENTED_EDGE('',*,*,#1697,.F.);
#1995 = ORIENTED_EDGE('',*,*,#1024,.T.);
#1996 = ORIENTED_EDGE('',*,*,#1214,.T.);
#1997 = ORIENTED_EDGE('',*,*,#1998,.F.);
#1998 = EDGE_CURVE('',#1675,#1215,#1999,.T.);
#1999 = SURFACE_CURVE('',#2000,(#2004,#2010),.PCURVE_S1.);
#2000 = LINE('',#2001,#2002);
#2001 = CARTESIAN_POINT('',(15.843472630708,-2.2E-16,-1.));
#2002 = VECTOR('',#2003,1.);
#2003 = DIRECTION('',(0.,1.,-2.2E-16));
#2004 = PCURVE('',#1040,#2005);
#2005 = DEFINITIONAL_REPRESENTATION('',(#2006),#2009);
#2006 = B_SPLINE_CURVE_WITH_KNOTS('',1,(#2007,#2008),.UNSPECIFIED.,.F.,
  .F.,(2,2),(0.,44.),.PIECEWISE_BEZIER_KNOTS.);
#2007 = CARTESIAN_POINT('',(6.220151447757,0.));
#2008 = CARTESIAN_POINT('',(6.220151447757,-44.));
#2009 = ( GEOMETRIC_REPRESENTATION_CONTEXT(2) 
PARAMETRIC_REPRESENTATION_CONTEXT() REPRESENTATION_CONTEXT('2D SPACE',''
  ) );
#2010 = PCURVE('',#1196,#2011);
#2011 = DEFINITIONAL_REPRESENTATION('',(#2012),#2016);
#2012 = LINE('',#2013,#2014);
#2013 = CARTESIAN_POINT('',(24.156527369292,0.));
#2014 = VECTOR('',#2015,1.);
#2015 = DIRECTION('',(0.,-1.));
#2016 = ( GEOMETRIC_REPRESENTATION_CONTEXT(2) 
PARAMETRIC_REPRESENTATION_CONTEXT() REPRESENTATION_CONTEXT('2D SPACE',''
  ) );
#2017 = ADVANCED_FACE('',(#2018),#1132,.T.);
#2018 = FACE_BOUND('',#2019,.F.);
#2019 = EDGE_LOOP('',(#2020,#2041,#2062,#2063));
#2020 = ORIENTED_EDGE('',*,*,#2021,.F.);
#2021 = EDGE_CURVE('',#2022,#1818,#2024,.T.);
#2022 = VERTEX_POINT('',#2023);
#2023 = CARTESIAN_POINT('',(35.45740821148,22.,-1.));
#2024 = SURFACE_CURVE('',#2025,(#2029,#2035),.PCURVE_S1.);
#2025 = LINE('',#2026,#2027);
#2026 = CARTESIAN_POINT('',(35.45740821148,22.,10.));
#2027 = VECTOR('',#2028,1.);
#2028 = DIRECTION('',(0.,-2.2E-16,-1.));
#2029 = PCURVE('',#1132,#2030);
#2030 = DEFINITIONAL_REPRESENTATION('',(#2031),#2034);
#2031 = B_SPLINE_CURVE_WITH_KNOTS('',1,(#2032,#2033),.UNSPECIFIED.,.F.,
  .F.,(2,2),(11.,20.),.PIECEWISE_BEZIER_KNOTS.);
#2032 = CARTESIAN_POINT('',(-3.141592760804,-11.));
#2033 = CARTESIAN_POINT('',(-3.141592760804,-20.));
#2034 = ( GEOMETRIC_REPRESENTATION_CONTEXT(2) 
PARAMETRIC_REPRESENTATION_CONTEXT() REPRESENTATION_CONTEXT('2D SPACE',''
  ) );
#2035 = PCURVE('',#1770,#2036);
#2036 = DEFINITIONAL_REPRESENTATION('',(#2037),#2040);
#2037 = B_SPLINE_CURVE_WITH_KNOTS('',1,(#2038,#2039),.UNSPECIFIED.,.F.,
  .F.,(2,2),(11.,20.),.PIECEWISE_BEZIER_KNOTS.);
#2038 = CARTESIAN_POINT('',(3.141592760804,-11.));
#2039 = CARTESIAN_POINT('',(3.141592760804,-20.));
#2040 = ( GEOMETRIC_REPRESENTATION_CONTEXT(2) 
PARAMETRIC_REPRESENTATION_CONTEXT() REPRESENTATION_CONTEXT('2D SPACE',''
  ) );
#2041 = ORIENTED_EDGE('',*,*,#2042,.T.);
#2042 = EDGE_CURVE('',#2022,#1086,#2043,.T.);
#2043 = SURFACE_CURVE('',#2044,(#2049,#2055),.PCURVE_S1.);
#2044 = CIRCLE('',#2045,12.);
#2045 = AXIS2_PLACEMENT_3D('',#2046,#2047,#2048);
#2046 = CARTESIAN_POINT('',(23.45740821148,22.000001286566,-1.));
#2047 = DIRECTION('',(0.,2.2E-16,1.));
#2048 = DIRECTION('',(-1.,0.,0.));
#2049 = PCURVE('',#1132,#2050);
#2050 = DEFINITIONAL_REPRESENTATION('',(#2051),#2054);
#2051 = B_SPLINE_CURVE_WITH_KNOTS('',1,(#2052,#2053),.UNSPECIFIED.,.F.,
  .F.,(2,2),(3.141592546376,4.542998720195),.PIECEWISE_BEZIER_KNOTS.);
#2052 = CARTESIAN_POINT('',(-3.141592760804,-11.));
#2053 = CARTESIAN_POINT('',(-1.740186586984,-11.));
#2054 = ( GEOMETRIC_REPRESENTATION_CONTEXT(2) 
PARAMETRIC_REPRESENTATION_CONTEXT() REPRESENTATION_CONTEXT('2D SPACE',''
  ) );
#2055 = PCURVE('',#1196,#2056);
#2056 = DEFINITIONAL_REPRESENTATION('',(#2057),#2061);
#2057 = CIRCLE('',#2058,12.);
#2058 = AXIS2_PLACEMENT_2D('',#2059,#2060);
#2059 = CARTESIAN_POINT('',(16.54259178852,-22.00000128656));
#2060 = DIRECTION('',(1.,0.));
#2061 = ( GEOMETRIC_REPRESENTATION_CONTEXT(2) 
PARAMETRIC_REPRESENTATION_CONTEXT() REPRESENTATION_CONTEXT('2D SPACE',''
  ) );
#2062 = ORIENTED_EDGE('',*,*,#1085,.F.);
#2063 = ORIENTED_EDGE('',*,*,#1845,.F.);
#2064 = ADVANCED_FACE('',(#2065,#2094),#1196,.T.);
#2065 = FACE_BOUND('',#2066,.T.);
#2066 = EDGE_LOOP('',(#2067,#2068,#2069,#2090,#2091,#2092,#2093));
#2067 = ORIENTED_EDGE('',*,*,#1674,.F.);
#2068 = ORIENTED_EDGE('',*,*,#1793,.F.);
#2069 = ORIENTED_EDGE('',*,*,#2070,.T.);
#2070 = EDGE_CURVE('',#1724,#2022,#2071,.T.);
#2071 = SURFACE_CURVE('',#2072,(#2077,#2084),.PCURVE_S1.);
#2072 = CIRCLE('',#2073,12.);
#2073 = AXIS2_PLACEMENT_3D('',#2074,#2075,#2076);
#2074 = CARTESIAN_POINT('',(23.45740821148,21.999998713434,-1.));
#2075 = DIRECTION('',(0.,2.2E-16,1.));
#2076 = DIRECTION('',(-1.,0.,0.));
#2077 = PCURVE('',#1196,#2078);
#2078 = DEFINITIONAL_REPRESENTATION('',(#2079),#2083);
#2079 = CIRCLE('',#2080,12.);
#2080 = AXIS2_PLACEMENT_2D('',#2081,#2082);
#2081 = CARTESIAN_POINT('',(16.54259178852,-21.99999871343));
#2082 = DIRECTION('',(1.,0.));
#2083 = ( GEOMETRIC_REPRESENTATION_CONTEXT(2) 
PARAMETRIC_REPRESENTATION_CONTEXT() REPRESENTATION_CONTEXT('2D SPACE',''
  ) );
#2084 = PCURVE('',#1770,#2085);
#2085 = DEFINITIONAL_REPRESENTATION('',(#2086),#2089);
#2086 = B_SPLINE_CURVE_WITH_KNOTS('',1,(#2087,#2088),.UNSPECIFIED.,.F.,
  .F.,(2,2),(1.740186586984,3.141592760804),.PIECEWISE_BEZIER_KNOTS.);
#2087 = CARTESIAN_POINT('',(1.740186586984,-11.));
#2088 = CARTESIAN_POINT('',(3.141592760804,-11.));
#2089 = ( GEOMETRIC_REPRESENTATION_CONTEXT(2) 
PARAMETRIC_REPRESENTATION_CONTEXT() REPRESENTATION_CONTEXT('2D SPACE',''
  ) );
#2090 = ORIENTED_EDGE('',*,*,#2042,.T.);
#2091 = ORIENTED_EDGE('',*,*,#1183,.F.);
#2092 = ORIENTED_EDGE('',*,*,#1241,.F.);
#2093 = ORIENTED_EDGE('',*,*,#1998,.F.);
#2094 = FACE_BOUND('',#2095,.T.);
#2095 = EDGE_LOOP('',(#2096,#2121,#2144,#2167));
#2096 = ORIENTED_EDGE('',*,*,#2097,.F.);
#2097 = EDGE_CURVE('',#2098,#2100,#2102,.T.);
#2098 = VERTEX_POINT('',#2099);
#2099 = CARTESIAN_POINT('',(26.45740821148,20.5,-1.));
#2100 = VERTEX_POINT('',#2101);
#2101 = CARTESIAN_POINT('',(32.45740821148,20.5,-1.));
#2102 = SURFACE_CURVE('',#2103,(#2108,#2115),.PCURVE_S1.);
#2103 = CIRCLE('',#2104,3.);
#2104 = AXIS2_PLACEMENT_3D('',#2105,#2106,#2107);
#2105 = CARTESIAN_POINT('',(29.45740821148,20.5,-1.));
#2106 = DIRECTION('',(0.,2.2E-16,1.));
#2107 = DIRECTION('',(-1.,0.,0.));
#2108 = PCURVE('',#1196,#2109);
#2109 = DEFINITIONAL_REPRESENTATION('',(#2110),#2114);
#2110 = CIRCLE('',#2111,3.);
#2111 = AXIS2_PLACEMENT_2D('',#2112,#2113);
#2112 = CARTESIAN_POINT('',(10.54259178852,-20.5));
#2113 = DIRECTION('',(1.,0.));
#2114 = ( GEOMETRIC_REPRESENTATION_CONTEXT(2) 
PARAMETRIC_REPRESENTATION_CONTEXT() REPRESENTATION_CONTEXT('2D SPACE',''
  ) );
#2115 = PCURVE('',#1923,#2116);
#2116 = DEFINITIONAL_REPRESENTATION('',(#2117),#2120);
#2117 = B_SPLINE_CURVE_WITH_KNOTS('',1,(#2118,#2119),.UNSPECIFIED.,.F.,
  .F.,(2,2),(1.18E-15,3.14159265359),.PIECEWISE_BEZIER_KNOTS.);
#2118 = CARTESIAN_POINT('',(1.18E-15,-11.));
#2119 = CARTESIAN_POINT('',(3.14159265359,-11.));
#2120 = ( GEOMETRIC_REPRESENTATION_CONTEXT(2) 
PARAMETRIC_REPRESENTATION_CONTEXT() REPRESENTATION_CONTEXT('2D SPACE',''
  ) );
#2121 = ORIENTED_EDGE('',*,*,#2122,.F.);
#2122 = EDGE_CURVE('',#2123,#2098,#2125,.T.);
#2123 = VERTEX_POINT('',#2124);
#2124 = CARTESIAN_POINT('',(26.45740821148,23.5,-1.));
#2125 = SURFACE_CURVE('',#2126,(#2130,#2137),.PCURVE_S1.);
#2126 = LINE('',#2127,#2128);
#2127 = CARTESIAN_POINT('',(26.45740821148,11.75,-1.));
#2128 = VECTOR('',#2129,1.);
#2129 = DIRECTION('',(0.,-1.,2.2E-16));
#2130 = PCURVE('',#1196,#2131);
#2131 = DEFINITIONAL_REPRESENTATION('',(#2132),#2136);
#2132 = LINE('',#2133,#2134);
#2133 = CARTESIAN_POINT('',(13.54259178852,-11.75));
#2134 = VECTOR('',#2135,1.);
#2135 = DIRECTION('',(0.,1.));
#2136 = ( GEOMETRIC_REPRESENTATION_CONTEXT(2) 
PARAMETRIC_REPRESENTATION_CONTEXT() REPRESENTATION_CONTEXT('2D SPACE',''
  ) );
#2137 = PCURVE('',#1890,#2138);
#2138 = DEFINITIONAL_REPRESENTATION('',(#2139),#2143);
#2139 = LINE('',#2140,#2141);
#2140 = CARTESIAN_POINT('',(11.75,-11.));
#2141 = VECTOR('',#2142,1.);
#2142 = DIRECTION('',(1.,0.));
#2143 = ( GEOMETRIC_REPRESENTATION_CONTEXT(2) 
PARAMETRIC_REPRESENTATION_CONTEXT() REPRESENTATION_CONTEXT('2D SPACE',''
  ) );
#2144 = ORIENTED_EDGE('',*,*,#2145,.F.);
#2145 = EDGE_CURVE('',#2146,#2123,#2148,.T.);
#2146 = VERTEX_POINT('',#2147);
#2147 = CARTESIAN_POINT('',(32.45740821148,23.5,-1.));
#2148 = SURFACE_CURVE('',#2149,(#2154,#2161),.PCURVE_S1.);
#2149 = CIRCLE('',#2150,3.);
#2150 = AXIS2_PLACEMENT_3D('',#2151,#2152,#2153);
#2151 = CARTESIAN_POINT('',(29.45740821148,23.5,-1.));
#2152 = DIRECTION('',(0.,2.2E-16,1.));
#2153 = DIRECTION('',(-1.,0.,0.));
#2154 = PCURVE('',#1196,#2155);
#2155 = DEFINITIONAL_REPRESENTATION('',(#2156),#2160);
#2156 = CIRCLE('',#2157,3.);
#2157 = AXIS2_PLACEMENT_2D('',#2158,#2159);
#2158 = CARTESIAN_POINT('',(10.54259178852,-23.5));
#2159 = DIRECTION('',(1.,0.));
#2160 = ( GEOMETRIC_REPRESENTATION_CONTEXT(2) 
PARAMETRIC_REPRESENTATION_CONTEXT() REPRESENTATION_CONTEXT('2D SPACE',''
  ) );
#2161 = PCURVE('',#1981,#2162);
#2162 = DEFINITIONAL_REPRESENTATION('',(#2163),#2166);
#2163 = B_SPLINE_CURVE_WITH_KNOTS('',1,(#2164,#2165),.UNSPECIFIED.,.F.,
  .F.,(2,2),(3.14159265359,6.28318530718),.PIECEWISE_BEZIER_KNOTS.);
#2164 = CARTESIAN_POINT('',(3.14159265359,-11.));
#2165 = CARTESIAN_POINT('',(6.28318530718,-11.));
#2166 = ( GEOMETRIC_REPRESENTATION_CONTEXT(2) 
PARAMETRIC_REPRESENTATION_CONTEXT() REPRESENTATION_CONTEXT('2D SPACE',''
  ) );
#2167 = ORIENTED_EDGE('',*,*,#2168,.F.);
#2168 = EDGE_CURVE('',#2100,#2146,#2169,.T.);
#2169 = SURFACE_CURVE('',#2170,(#2174,#2181),.PCURVE_S1.);
#2170 = LINE('',#2171,#2172);
#2171 = CARTESIAN_POINT('',(32.45740821148,10.25,-1.));
#2172 = VECTOR('',#2173,1.);
#2173 = DIRECTION('',(0.,1.,-2.2E-16));
#2174 = PCURVE('',#1196,#2175);
#2175 = DEFINITIONAL_REPRESENTATION('',(#2176),#2180);
#2176 = LINE('',#2177,#2178);
#2177 = CARTESIAN_POINT('',(7.54259178852,-10.25));
#2178 = VECTOR('',#2179,1.);
#2179 = DIRECTION('',(0.,-1.));
#2180 = ( GEOMETRIC_REPRESENTATION_CONTEXT(2) 
PARAMETRIC_REPRESENTATION_CONTEXT() REPRESENTATION_CONTEXT('2D SPACE',''
  ) );
#2181 = PCURVE('',#1950,#2182);
#2182 = DEFINITIONAL_REPRESENTATION('',(#2183),#2187);
#2183 = LINE('',#2184,#2185);
#2184 = CARTESIAN_POINT('',(-10.25,-11.));
#2185 = VECTOR('',#2186,1.);
#2186 = DIRECTION('',(1.,0.));
#2187 = ( GEOMETRIC_REPRESENTATION_CONTEXT(2) 
PARAMETRIC_REPRESENTATION_CONTEXT() REPRESENTATION_CONTEXT('2D SPACE',''
  ) );
#2188 = ADVANCED_FACE('',(#2189),#1304,.T.);
#2189 = FACE_BOUND('',#2190,.T.);
#2190 = EDGE_LOOP('',(#2191,#2192,#2214,#2242,#2262,#2263));
#2191 = ORIENTED_EDGE('',*,*,#1462,.T.);
#2192 = ORIENTED_EDGE('',*,*,#2193,.T.);
#2193 = EDGE_CURVE('',#1463,#2194,#2196,.T.);
#2194 = VERTEX_POINT('',#2195);
#2195 = CARTESIAN_POINT('',(-140.7857142857,22.,-19.98456036697));
#2196 = SURFACE_CURVE('',#2197,(#2201,#2207),.PCURVE_S1.);
#2197 = LINE('',#2198,#2199);
#2198 = CARTESIAN_POINT('',(-140.7857142857,44.,-19.98456036697));
#2199 = VECTOR('',#2200,1.);
#2200 = DIRECTION('',(0.,-1.,2.2E-16));
#2201 = PCURVE('',#1304,#2202);
#2202 = DEFINITIONAL_REPRESENTATION('',(#2203),#2206);
#2203 = B_SPLINE_CURVE_WITH_KNOTS('',1,(#2204,#2205),.UNSPECIFIED.,.F.,
  .F.,(2,2),(16.,22.),.PIECEWISE_BEZIER_KNOTS.);
#2204 = CARTESIAN_POINT('',(1.610092153487,-16.));
#2205 = CARTESIAN_POINT('',(1.610092153487,-22.));
#2206 = ( GEOMETRIC_REPRESENTATION_CONTEXT(2) 
PARAMETRIC_REPRESENTATION_CONTEXT() REPRESENTATION_CONTEXT('2D SPACE',''
  ) );
#2207 = PCURVE('',#1525,#2208);
#2208 = DEFINITIONAL_REPRESENTATION('',(#2209),#2213);
#2209 = LINE('',#2210,#2211);
#2210 = CARTESIAN_POINT('',(1.136868412948E-13,-22.));
#2211 = VECTOR('',#2212,1.);
#2212 = DIRECTION('',(-2.21270506314E-22,1.));
#2213 = ( GEOMETRIC_REPRESENTATION_CONTEXT(2) 
PARAMETRIC_REPRESENTATION_CONTEXT() REPRESENTATION_CONTEXT('2D SPACE',''
  ) );
#2214 = ORIENTED_EDGE('',*,*,#2215,.T.);
#2215 = EDGE_CURVE('',#2194,#2216,#2218,.T.);
#2216 = VERTEX_POINT('',#2217);
#2217 = CARTESIAN_POINT('',(-140.7857142857,22.,19.984560366974));
#2218 = SURFACE_CURVE('',#2219,(#2224,#2230),.PCURVE_S1.);
#2219 = CIRCLE('',#2220,20.);
#2220 = AXIS2_PLACEMENT_3D('',#2221,#2222,#2223);
#2221 = CARTESIAN_POINT('',(-140.,22.,3.552713678801E-15));
#2222 = DIRECTION('',(-0.,1.,2.2E-16));
#2223 = DIRECTION('',(1.,0.,0.));
#2224 = PCURVE('',#1304,#2225);
#2225 = DEFINITIONAL_REPRESENTATION('',(#2226),#2229);
#2226 = B_SPLINE_CURVE_WITH_KNOTS('',1,(#2227,#2228),.UNSPECIFIED.,.F.,
  .F.,(2,2),(1.610092153487,4.673093153693),.PIECEWISE_BEZIER_KNOTS.);
#2227 = CARTESIAN_POINT('',(1.610092153487,-22.));
#2228 = CARTESIAN_POINT('',(4.673093153693,-22.));
#2229 = ( GEOMETRIC_REPRESENTATION_CONTEXT(2) 
PARAMETRIC_REPRESENTATION_CONTEXT() REPRESENTATION_CONTEXT('2D SPACE',''
  ) );
#2230 = PCURVE('',#2231,#2236);
#2231 = PLANE('',#2232);
#2232 = AXIS2_PLACEMENT_3D('',#2233,#2234,#2235);
#2233 = CARTESIAN_POINT('',(-66.30155343519,22.,0.));
#2234 = DIRECTION('',(0.,1.,-6.E-17));
#2235 = DIRECTION('',(0.,6.E-17,1.));
#2236 = DEFINITIONAL_REPRESENTATION('',(#2237),#2241);
#2237 = CIRCLE('',#2238,20.);
#2238 = AXIS2_PLACEMENT_2D('',#2239,#2240);
#2239 = CARTESIAN_POINT('',(3.552713678801E-15,-73.69844656481));
#2240 = DIRECTION('',(0.,1.));
#2241 = ( GEOMETRIC_REPRESENTATION_CONTEXT(2) 
PARAMETRIC_REPRESENTATION_CONTEXT() REPRESENTATION_CONTEXT('2D SPACE',''
  ) );
#2242 = ORIENTED_EDGE('',*,*,#2243,.F.);
#2243 = EDGE_CURVE('',#1570,#2216,#2244,.T.);
#2244 = SURFACE_CURVE('',#2245,(#2249,#2255),.PCURVE_S1.);
#2245 = LINE('',#2246,#2247);
#2246 = CARTESIAN_POINT('',(-140.7857142857,44.,19.984560366974));
#2247 = VECTOR('',#2248,1.);
#2248 = DIRECTION('',(0.,-1.,2.2E-16));
#2249 = PCURVE('',#1304,#2250);
#2250 = DEFINITIONAL_REPRESENTATION('',(#2251),#2254);
#2251 = B_SPLINE_CURVE_WITH_KNOTS('',1,(#2252,#2253),.UNSPECIFIED.,.F.,
  .F.,(2,2),(16.,22.),.PIECEWISE_BEZIER_KNOTS.);
#2252 = CARTESIAN_POINT('',(4.673093153693,-16.));
#2253 = CARTESIAN_POINT('',(4.673093153693,-22.));
#2254 = ( GEOMETRIC_REPRESENTATION_CONTEXT(2) 
PARAMETRIC_REPRESENTATION_CONTEXT() REPRESENTATION_CONTEXT('2D SPACE',''
  ) );
#2255 = PCURVE('',#1585,#2256);
#2256 = DEFINITIONAL_REPRESENTATION('',(#2257),#2261);
#2257 = LINE('',#2258,#2259);
#2258 = CARTESIAN_POINT('',(1.136868377216E-13,-22.));
#2259 = VECTOR('',#2260,1.);
#2260 = DIRECTION('',(0.,1.));
#2261 = ( GEOMETRIC_REPRESENTATION_CONTEXT(2) 
PARAMETRIC_REPRESENTATION_CONTEXT() REPRESENTATION_CONTEXT('2D SPACE',''
  ) );
#2262 = ORIENTED_EDGE('',*,*,#1624,.F.);
#2263 = ORIENTED_EDGE('',*,*,#1287,.F.);
#2264 = ADVANCED_FACE('',(#2265),#1356,.F.);
#2265 = FACE_BOUND('',#2266,.F.);
#2266 = EDGE_LOOP('',(#2267,#2292,#2312,#2313));
#2267 = ORIENTED_EDGE('',*,*,#2268,.F.);
#2268 = EDGE_CURVE('',#2269,#2271,#2273,.T.);
#2269 = VERTEX_POINT('',#2270);
#2270 = CARTESIAN_POINT('',(-89.99999387052,22.,5.9999744605));
#2271 = VERTEX_POINT('',#2272);
#2272 = CARTESIAN_POINT('',(-139.9999938704,22.,6.000025539493));
#2273 = SURFACE_CURVE('',#2274,(#2278,#2285),.PCURVE_S1.);
#2274 = LINE('',#2275,#2276);
#2275 = CARTESIAN_POINT('',(-89.99999387052,22.,5.9999744605));
#2276 = VECTOR('',#2277,1.);
#2277 = DIRECTION('',(-0.999999999999,0.,1.02157986287E-06));
#2278 = PCURVE('',#1356,#2279);
#2279 = DEFINITIONAL_REPRESENTATION('',(#2280),#2284);
#2280 = LINE('',#2281,#2282);
#2281 = CARTESIAN_POINT('',(5.011433831423E-52,1.06581410364E-14));
#2282 = VECTOR('',#2283,1.);
#2283 = DIRECTION('',(1.,-9.403954806578E-38));
#2284 = ( GEOMETRIC_REPRESENTATION_CONTEXT(2) 
PARAMETRIC_REPRESENTATION_CONTEXT() REPRESENTATION_CONTEXT('2D SPACE',''
  ) );
#2285 = PCURVE('',#2231,#2286);
#2286 = DEFINITIONAL_REPRESENTATION('',(#2287),#2291);
#2287 = LINE('',#2288,#2289);
#2288 = CARTESIAN_POINT('',(5.9999744605,-23.69844043533));
#2289 = VECTOR('',#2290,1.);
#2290 = DIRECTION('',(1.02157986287E-06,-0.999999999999));
#2291 = ( GEOMETRIC_REPRESENTATION_CONTEXT(2) 
PARAMETRIC_REPRESENTATION_CONTEXT() REPRESENTATION_CONTEXT('2D SPACE',''
  ) );
#2292 = ORIENTED_EDGE('',*,*,#2293,.T.);
#2293 = EDGE_CURVE('',#2269,#1341,#2294,.T.);
#2294 = SURFACE_CURVE('',#2295,(#2299,#2306),.PCURVE_S1.);
#2295 = LINE('',#2296,#2297);
#2296 = CARTESIAN_POINT('',(-89.99999387052,22.,5.9999744605));
#2297 = VECTOR('',#2298,1.);
#2298 = DIRECTION('',(0.,1.,-2.2E-16));
#2299 = PCURVE('',#1356,#2300);
#2300 = DEFINITIONAL_REPRESENTATION('',(#2301),#2305);
#2301 = LINE('',#2302,#2303);
#2302 = CARTESIAN_POINT('',(0.,0.));
#2303 = VECTOR('',#2304,1.);
#2304 = DIRECTION('',(-2.247475698314E-22,-1.));
#2305 = ( GEOMETRIC_REPRESENTATION_CONTEXT(2) 
PARAMETRIC_REPRESENTATION_CONTEXT() REPRESENTATION_CONTEXT('2D SPACE',''
  ) );
#2306 = PCURVE('',#1447,#2307);
#2307 = DEFINITIONAL_REPRESENTATION('',(#2308),#2311);
#2308 = B_SPLINE_CURVE_WITH_KNOTS('',1,(#2309,#2310),.UNSPECIFIED.,.F.,
  .F.,(2,2),(0.,22.),.PIECEWISE_BEZIER_KNOTS.);
#2309 = CARTESIAN_POINT('',(7.853980612395,0.));
#2310 = CARTESIAN_POINT('',(7.853980612395,-22.));
#2311 = ( GEOMETRIC_REPRESENTATION_CONTEXT(2) 
PARAMETRIC_REPRESENTATION_CONTEXT() REPRESENTATION_CONTEXT('2D SPACE',''
  ) );
#2312 = ORIENTED_EDGE('',*,*,#1338,.F.);
#2313 = ORIENTED_EDGE('',*,*,#2314,.F.);
#2314 = EDGE_CURVE('',#2271,#1339,#2315,.T.);
#2315 = SURFACE_CURVE('',#2316,(#2320,#2327),.PCURVE_S1.);
#2316 = LINE('',#2317,#2318);
#2317 = CARTESIAN_POINT('',(-139.9999938704,22.,6.000025539493));
#2318 = VECTOR('',#2319,1.);
#2319 = DIRECTION('',(0.,1.,-2.2E-16));
#2320 = PCURVE('',#1356,#2321);
#2321 = DEFINITIONAL_REPRESENTATION('',(#2322),#2326);
#2322 = LINE('',#2323,#2324);
#2323 = CARTESIAN_POINT('',(50.,2.310062690326E-32));
#2324 = VECTOR('',#2325,1.);
#2325 = DIRECTION('',(-2.247475698314E-22,-1.));
#2326 = ( GEOMETRIC_REPRESENTATION_CONTEXT(2) 
PARAMETRIC_REPRESENTATION_CONTEXT() REPRESENTATION_CONTEXT('2D SPACE',''
  ) );
#2327 = PCURVE('',#1389,#2328);
#2328 = DEFINITIONAL_REPRESENTATION('',(#2329),#2332);
#2329 = B_SPLINE_CURVE_WITH_KNOTS('',1,(#2330,#2331),.UNSPECIFIED.,.F.,
  .F.,(2,2),(0.,22.),.PIECEWISE_BEZIER_KNOTS.);
#2330 = CARTESIAN_POINT('',(1.570795305215,0.));
#2331 = CARTESIAN_POINT('',(1.570795305215,-22.));
#2332 = ( GEOMETRIC_REPRESENTATION_CONTEXT(2) 
PARAMETRIC_REPRESENTATION_CONTEXT() REPRESENTATION_CONTEXT('2D SPACE',''
  ) );
#2333 = ADVANCED_FACE('',(#2334),#1447,.F.);
#2334 = FACE_BOUND('',#2335,.F.);
#2335 = EDGE_LOOP('',(#2336,#2363,#2383,#2384));
#2336 = ORIENTED_EDGE('',*,*,#2337,.F.);
#2337 = EDGE_CURVE('',#2338,#2269,#2340,.T.);
#2338 = VERTEX_POINT('',#2339);
#2339 = CARTESIAN_POINT('',(-90.,22.,-6.000025539497));
#2340 = SURFACE_CURVE('',#2341,(#2346,#2352),.PCURVE_S1.);
#2341 = CIRCLE('',#2342,6.);
#2342 = AXIS2_PLACEMENT_3D('',#2343,#2344,#2345);
#2343 = CARTESIAN_POINT('',(-90.,22.,-2.553949656559E-05));
#2344 = DIRECTION('',(0.,-1.,-2.2E-16));
#2345 = DIRECTION('',(1.,0.,0.));
#2346 = PCURVE('',#1447,#2347);
#2347 = DEFINITIONAL_REPRESENTATION('',(#2348),#2351);
#2348 = B_SPLINE_CURVE_WITH_KNOTS('',1,(#2349,#2350),.UNSPECIFIED.,.F.,
  .F.,(2,2),(4.712388980385,7.853980612395),.PIECEWISE_BEZIER_KNOTS.);
#2349 = CARTESIAN_POINT('',(4.712388980385,0.));
#2350 = CARTESIAN_POINT('',(7.853980612395,0.));
#2351 = ( GEOMETRIC_REPRESENTATION_CONTEXT(2) 
PARAMETRIC_REPRESENTATION_CONTEXT() REPRESENTATION_CONTEXT('2D SPACE',''
  ) );
#2352 = PCURVE('',#2231,#2353);
#2353 = DEFINITIONAL_REPRESENTATION('',(#2354),#2362);
#2354 = ( BOUNDED_CURVE() B_SPLINE_CURVE(2,(#2355,#2356,#2357,#2358,
#2359,#2360,#2361),.UNSPECIFIED.,.T.,.F.) B_SPLINE_CURVE_WITH_KNOTS((1,2
    ,2,2,2,1),(-2.094395102393,0.,2.094395102393,4.188790204786,
6.28318530718,8.377580409573),.UNSPECIFIED.) CURVE() 
GEOMETRIC_REPRESENTATION_ITEM() RATIONAL_B_SPLINE_CURVE((1.,0.5,1.,0.5,
1.,0.5,1.)) REPRESENTATION_ITEM('') );
#2355 = CARTESIAN_POINT('',(-2.553949656559E-05,-17.69844656481));
#2356 = CARTESIAN_POINT('',(10.392279305917,-17.69844656481));
#2357 = CARTESIAN_POINT('',(5.19612688321,-26.69844656481));
#2358 = CARTESIAN_POINT('',(-2.553949656412E-05,-35.69844656481));
#2359 = CARTESIAN_POINT('',(-5.196177962203,-26.69844656481));
#2360 = CARTESIAN_POINT('',(-10.39233038491,-17.69844656481));
#2361 = CARTESIAN_POINT('',(-2.553949656559E-05,-17.69844656481));
#2362 = ( GEOMETRIC_REPRESENTATION_CONTEXT(2) 
PARAMETRIC_REPRESENTATION_CONTEXT() REPRESENTATION_CONTEXT('2D SPACE',''
  ) );
#2363 = ORIENTED_EDGE('',*,*,#2364,.T.);
#2364 = EDGE_CURVE('',#2338,#1401,#2365,.T.);
#2365 = SURFACE_CURVE('',#2366,(#2370,#2376),.PCURVE_S1.);
#2366 = LINE('',#2367,#2368);
#2367 = CARTESIAN_POINT('',(-90.,22.,-6.000025539497));
#2368 = VECTOR('',#2369,1.);
#2369 = DIRECTION('',(0.,1.,-2.2E-16));
#2370 = PCURVE('',#1447,#2371);
#2371 = DEFINITIONAL_REPRESENTATION('',(#2372),#2375);
#2372 = B_SPLINE_CURVE_WITH_KNOTS('',1,(#2373,#2374),.UNSPECIFIED.,.F.,
  .F.,(2,2),(0.,22.),.PIECEWISE_BEZIER_KNOTS.);
#2373 = CARTESIAN_POINT('',(4.712388980385,0.));
#2374 = CARTESIAN_POINT('',(4.712388980385,-22.));
#2375 = ( GEOMETRIC_REPRESENTATION_CONTEXT(2) 
PARAMETRIC_REPRESENTATION_CONTEXT() REPRESENTATION_CONTEXT('2D SPACE',''
  ) );
#2376 = PCURVE('',#1416,#2377);
#2377 = DEFINITIONAL_REPRESENTATION('',(#2378),#2382);
#2378 = LINE('',#2379,#2380);
#2379 = CARTESIAN_POINT('',(50.,0.));
#2380 = VECTOR('',#2381,1.);
#2381 = DIRECTION('',(0.,-1.));
#2382 = ( GEOMETRIC_REPRESENTATION_CONTEXT(2) 
PARAMETRIC_REPRESENTATION_CONTEXT() REPRESENTATION_CONTEXT('2D SPACE',''
  ) );
#2383 = ORIENTED_EDGE('',*,*,#1428,.T.);
#2384 = ORIENTED_EDGE('',*,*,#2293,.F.);
#2385 = ADVANCED_FACE('',(#2386),#1416,.F.);
#2386 = FACE_BOUND('',#2387,.F.);
#2387 = EDGE_LOOP('',(#2388,#2411,#2431,#2432));
#2388 = ORIENTED_EDGE('',*,*,#2389,.F.);
#2389 = EDGE_CURVE('',#2390,#2338,#2392,.T.);
#2390 = VERTEX_POINT('',#2391);
#2391 = CARTESIAN_POINT('',(-140.,22.,-6.000025539497));
#2392 = SURFACE_CURVE('',#2393,(#2397,#2404),.PCURVE_S1.);
#2393 = LINE('',#2394,#2395);
#2394 = CARTESIAN_POINT('',(-140.,22.,-6.000025539497));
#2395 = VECTOR('',#2396,1.);
#2396 = DIRECTION('',(1.,0.,0.));
#2397 = PCURVE('',#1416,#2398);
#2398 = DEFINITIONAL_REPRESENTATION('',(#2399),#2403);
#2399 = LINE('',#2400,#2401);
#2400 = CARTESIAN_POINT('',(0.,3.552713678801E-15));
#2401 = VECTOR('',#2402,1.);
#2402 = DIRECTION('',(1.,0.));
#2403 = ( GEOMETRIC_REPRESENTATION_CONTEXT(2) 
PARAMETRIC_REPRESENTATION_CONTEXT() REPRESENTATION_CONTEXT('2D SPACE',''
  ) );
#2404 = PCURVE('',#2231,#2405);
#2405 = DEFINITIONAL_REPRESENTATION('',(#2406),#2410);
#2406 = LINE('',#2407,#2408);
#2407 = CARTESIAN_POINT('',(-6.000025539497,-73.69844656481));
#2408 = VECTOR('',#2409,1.);
#2409 = DIRECTION('',(0.,1.));
#2410 = ( GEOMETRIC_REPRESENTATION_CONTEXT(2) 
PARAMETRIC_REPRESENTATION_CONTEXT() REPRESENTATION_CONTEXT('2D SPACE',''
  ) );
#2411 = ORIENTED_EDGE('',*,*,#2412,.T.);
#2412 = EDGE_CURVE('',#2390,#1369,#2413,.T.);
#2413 = SURFACE_CURVE('',#2414,(#2418,#2425),.PCURVE_S1.);
#2414 = LINE('',#2415,#2416);
#2415 = CARTESIAN_POINT('',(-140.,22.,-6.000025539497));
#2416 = VECTOR('',#2417,1.);
#2417 = DIRECTION('',(0.,1.,-2.2E-16));
#2418 = PCURVE('',#1416,#2419);
#2419 = DEFINITIONAL_REPRESENTATION('',(#2420),#2424);
#2420 = LINE('',#2421,#2422);
#2421 = CARTESIAN_POINT('',(0.,0.));
#2422 = VECTOR('',#2423,1.);
#2423 = DIRECTION('',(0.,-1.));
#2424 = ( GEOMETRIC_REPRESENTATION_CONTEXT(2) 
PARAMETRIC_REPRESENTATION_CONTEXT() REPRESENTATION_CONTEXT('2D SPACE',''
  ) );
#2425 = PCURVE('',#1389,#2426);
#2426 = DEFINITIONAL_REPRESENTATION('',(#2427),#2430);
#2427 = B_SPLINE_CURVE_WITH_KNOTS('',1,(#2428,#2429),.UNSPECIFIED.,.F.,
  .F.,(2,2),(0.,22.),.PIECEWISE_BEZIER_KNOTS.);
#2428 = CARTESIAN_POINT('',(4.712388980385,0.));
#2429 = CARTESIAN_POINT('',(4.712388980385,-22.));
#2430 = ( GEOMETRIC_REPRESENTATION_CONTEXT(2) 
PARAMETRIC_REPRESENTATION_CONTEXT() REPRESENTATION_CONTEXT('2D SPACE',''
  ) );
#2431 = ORIENTED_EDGE('',*,*,#1400,.F.);
#2432 = ORIENTED_EDGE('',*,*,#2364,.F.);
#2433 = ADVANCED_FACE('',(#2434),#1389,.F.);
#2434 = FACE_BOUND('',#2435,.F.);
#2435 = EDGE_LOOP('',(#2436,#2461,#2462,#2463));
#2436 = ORIENTED_EDGE('',*,*,#2437,.F.);
#2437 = EDGE_CURVE('',#2271,#2390,#2438,.T.);
#2438 = SURFACE_CURVE('',#2439,(#2444,#2450),.PCURVE_S1.);
#2439 = CIRCLE('',#2440,6.000025539497);
#2440 = AXIS2_PLACEMENT_3D('',#2441,#2442,#2443);
#2441 = CARTESIAN_POINT('',(-140.,22.,3.552713678801E-15));
#2442 = DIRECTION('',(0.,-1.,-2.2E-16));
#2443 = DIRECTION('',(1.,0.,0.));
#2444 = PCURVE('',#1389,#2445);
#2445 = DEFINITIONAL_REPRESENTATION('',(#2446),#2449);
#2446 = B_SPLINE_CURVE_WITH_KNOTS('',1,(#2447,#2448),.UNSPECIFIED.,.F.,
  .F.,(2,2),(1.570795305215,4.712388980385),.PIECEWISE_BEZIER_KNOTS.);
#2447 = CARTESIAN_POINT('',(1.570795305215,0.));
#2448 = CARTESIAN_POINT('',(4.712388980385,0.));
#2449 = ( GEOMETRIC_REPRESENTATION_CONTEXT(2) 
PARAMETRIC_REPRESENTATION_CONTEXT() REPRESENTATION_CONTEXT('2D SPACE',''
  ) );
#2450 = PCURVE('',#2231,#2451);
#2451 = DEFINITIONAL_REPRESENTATION('',(#2452),#2460);
#2452 = ( BOUNDED_CURVE() B_SPLINE_CURVE(2,(#2453,#2454,#2455,#2456,
#2457,#2458,#2459),.UNSPECIFIED.,.T.,.F.) B_SPLINE_CURVE_WITH_KNOTS((1,2
    ,2,2,2,1),(-2.094395102393,0.,2.094395102393,4.188790204786,
6.28318530718,8.377580409573),.UNSPECIFIED.) CURVE() 
GEOMETRIC_REPRESENTATION_ITEM() RATIONAL_B_SPLINE_CURVE((1.,0.5,1.,0.5,
1.,0.5,1.)) REPRESENTATION_ITEM('') );
#2453 = CARTESIAN_POINT('',(3.552713678801E-15,-67.69842102531));
#2454 = CARTESIAN_POINT('',(10.392349081119,-67.69842102531));
#2455 = CARTESIAN_POINT('',(5.196174540559,-76.69845933455));
#2456 = CARTESIAN_POINT('',(5.02229609315E-15,-85.6984976438));
#2457 = CARTESIAN_POINT('',(-5.196174540559,-76.69845933455));
#2458 = CARTESIAN_POINT('',(-10.39234908111,-67.69842102531));
#2459 = CARTESIAN_POINT('',(3.552713678801E-15,-67.69842102531));
#2460 = ( GEOMETRIC_REPRESENTATION_CONTEXT(2) 
PARAMETRIC_REPRESENTATION_CONTEXT() REPRESENTATION_CONTEXT('2D SPACE',''
  ) );
#2461 = ORIENTED_EDGE('',*,*,#2314,.T.);
#2462 = ORIENTED_EDGE('',*,*,#1368,.T.);
#2463 = ORIENTED_EDGE('',*,*,#2412,.F.);
#2464 = ADVANCED_FACE('',(#2465),#1525,.T.);
#2465 = FACE_BOUND('',#2466,.T.);
#2466 = EDGE_LOOP('',(#2467,#2468,#2469,#2491));
#2467 = ORIENTED_EDGE('',*,*,#2193,.F.);
#2468 = ORIENTED_EDGE('',*,*,#1509,.T.);
#2469 = ORIENTED_EDGE('',*,*,#2470,.F.);
#2470 = EDGE_CURVE('',#2471,#1510,#2473,.T.);
#2471 = VERTEX_POINT('',#2472);
#2472 = CARTESIAN_POINT('',(-90.00002009999,22.,-19.98461144595));
#2473 = SURFACE_CURVE('',#2474,(#2478,#2485),.PCURVE_S1.);
#2474 = LINE('',#2475,#2476);
#2475 = CARTESIAN_POINT('',(-90.00002009999,22.,-19.98461144595));
#2476 = VECTOR('',#2477,1.);
#2477 = DIRECTION('',(0.,1.,-2.2E-16));
#2478 = PCURVE('',#1525,#2479);
#2479 = DEFINITIONAL_REPRESENTATION('',(#2480),#2484);
#2480 = LINE('',#2481,#2482);
#2481 = CARTESIAN_POINT('',(50.785694185743,-8.427448139463E-33));
#2482 = VECTOR('',#2483,1.);
#2483 = DIRECTION('',(2.21270506314E-22,-1.));
#2484 = ( GEOMETRIC_REPRESENTATION_CONTEXT(2) 
PARAMETRIC_REPRESENTATION_CONTEXT() REPRESENTATION_CONTEXT('2D SPACE',''
  ) );
#2485 = PCURVE('',#1558,#2486);
#2486 = DEFINITIONAL_REPRESENTATION('',(#2487),#2490);
#2487 = B_SPLINE_CURVE_WITH_KNOTS('',1,(#2488,#2489),.UNSPECIFIED.,.F.,
  .F.,(2,2),(0.,6.),.PIECEWISE_BEZIER_KNOTS.);
#2488 = CARTESIAN_POINT('',(4.71238797461,0.));
#2489 = CARTESIAN_POINT('',(4.71238797461,-6.));
#2490 = ( GEOMETRIC_REPRESENTATION_CONTEXT(2) 
PARAMETRIC_REPRESENTATION_CONTEXT() REPRESENTATION_CONTEXT('2D SPACE',''
  ) );
#2491 = ORIENTED_EDGE('',*,*,#2492,.F.);
#2492 = EDGE_CURVE('',#2194,#2471,#2493,.T.);
#2493 = SURFACE_CURVE('',#2494,(#2498,#2505),.PCURVE_S1.);
#2494 = LINE('',#2495,#2496);
#2495 = CARTESIAN_POINT('',(-140.7857142857,22.,-19.98456036697));
#2496 = VECTOR('',#2497,1.);
#2497 = DIRECTION('',(0.999999999999,0.,-1.0057750287E-06));
#2498 = PCURVE('',#1525,#2499);
#2499 = DEFINITIONAL_REPRESENTATION('',(#2500),#2504);
#2500 = LINE('',#2501,#2502);
#2501 = CARTESIAN_POINT('',(0.,-3.552713678801E-15));
#2502 = VECTOR('',#2503,1.);
#2503 = DIRECTION('',(1.,0.));
#2504 = ( GEOMETRIC_REPRESENTATION_CONTEXT(2) 
PARAMETRIC_REPRESENTATION_CONTEXT() REPRESENTATION_CONTEXT('2D SPACE',''
  ) );
#2505 = PCURVE('',#2231,#2506);
#2506 = DEFINITIONAL_REPRESENTATION('',(#2507),#2511);
#2507 = LINE('',#2508,#2509);
#2508 = CARTESIAN_POINT('',(-19.98456036697,-74.48416085052));
#2509 = VECTOR('',#2510,1.);
#2510 = DIRECTION('',(-1.0057750287E-06,0.999999999999));
#2511 = ( GEOMETRIC_REPRESENTATION_CONTEXT(2) 
PARAMETRIC_REPRESENTATION_CONTEXT() REPRESENTATION_CONTEXT('2D SPACE',''
  ) );
#2512 = ADVANCED_FACE('',(#2513),#1558,.T.);
#2513 = FACE_BOUND('',#2514,.T.);
#2514 = EDGE_LOOP('',(#2515,#2516,#2517,#2539));
#2515 = ORIENTED_EDGE('',*,*,#2470,.T.);
#2516 = ORIENTED_EDGE('',*,*,#1537,.T.);
#2517 = ORIENTED_EDGE('',*,*,#2518,.F.);
#2518 = EDGE_CURVE('',#2519,#1538,#2521,.T.);
#2519 = VERTEX_POINT('',#2520);
#2520 = CARTESIAN_POINT('',(-90.,22.,19.984560366974));
#2521 = SURFACE_CURVE('',#2522,(#2526,#2532),.PCURVE_S1.);
#2522 = LINE('',#2523,#2524);
#2523 = CARTESIAN_POINT('',(-90.,22.,19.984560366974));
#2524 = VECTOR('',#2525,1.);
#2525 = DIRECTION('',(0.,1.,-2.2E-16));
#2526 = PCURVE('',#1558,#2527);
#2527 = DEFINITIONAL_REPRESENTATION('',(#2528),#2531);
#2528 = B_SPLINE_CURVE_WITH_KNOTS('',1,(#2529,#2530),.UNSPECIFIED.,.F.,
  .F.,(2,2),(0.,6.),.PIECEWISE_BEZIER_KNOTS.);
#2529 = CARTESIAN_POINT('',(7.853981633974,0.));
#2530 = CARTESIAN_POINT('',(7.853981633974,-6.));
#2531 = ( GEOMETRIC_REPRESENTATION_CONTEXT(2) 
PARAMETRIC_REPRESENTATION_CONTEXT() REPRESENTATION_CONTEXT('2D SPACE',''
  ) );
#2532 = PCURVE('',#1585,#2533);
#2533 = DEFINITIONAL_REPRESENTATION('',(#2534),#2538);
#2534 = LINE('',#2535,#2536);
#2535 = CARTESIAN_POINT('',(50.785714285714,0.));
#2536 = VECTOR('',#2537,1.);
#2537 = DIRECTION('',(0.,-1.));
#2538 = ( GEOMETRIC_REPRESENTATION_CONTEXT(2) 
PARAMETRIC_REPRESENTATION_CONTEXT() REPRESENTATION_CONTEXT('2D SPACE',''
  ) );
#2539 = ORIENTED_EDGE('',*,*,#2540,.F.);
#2540 = EDGE_CURVE('',#2471,#2519,#2541,.T.);
#2541 = SURFACE_CURVE('',#2542,(#2547,#2553),.PCURVE_S1.);
#2542 = CIRCLE('',#2543,19.984585906471);
#2543 = AXIS2_PLACEMENT_3D('',#2544,#2545,#2546);
#2544 = CARTESIAN_POINT('',(-90.,22.,-2.553949656559E-05));
#2545 = DIRECTION('',(0.,-1.,-2.2E-16));
#2546 = DIRECTION('',(1.,0.,0.));
#2547 = PCURVE('',#1558,#2548);
#2548 = DEFINITIONAL_REPRESENTATION('',(#2549),#2552);
#2549 = B_SPLINE_CURVE_WITH_KNOTS('',1,(#2550,#2551),.UNSPECIFIED.,.F.,
  .F.,(2,2),(4.71238797461,7.853981633974),.PIECEWISE_BEZIER_KNOTS.);
#2550 = CARTESIAN_POINT('',(4.71238797461,0.));
#2551 = CARTESIAN_POINT('',(7.853981633974,0.));
#2552 = ( GEOMETRIC_REPRESENTATION_CONTEXT(2) 
PARAMETRIC_REPRESENTATION_CONTEXT() REPRESENTATION_CONTEXT('2D SPACE',''
  ) );
#2553 = PCURVE('',#2231,#2554);
#2554 = DEFINITIONAL_REPRESENTATION('',(#2555),#2563);
#2555 = ( BOUNDED_CURVE() B_SPLINE_CURVE(2,(#2556,#2557,#2558,#2559,
#2560,#2561,#2562),.UNSPECIFIED.,.T.,.F.) B_SPLINE_CURVE_WITH_KNOTS((1,2
    ,2,2,2,1),(-2.094395102393,0.,2.094395102393,4.188790204786,
6.28318530718,8.377580409573),.UNSPECIFIED.) CURVE() 
GEOMETRIC_REPRESENTATION_ITEM() RATIONAL_B_SPLINE_CURVE((1.,0.5,1.,0.5,
1.,0.5,1.)) REPRESENTATION_ITEM('') );
#2556 = CARTESIAN_POINT('',(-2.553949656559E-05,-3.71386065834));
#2557 = CARTESIAN_POINT('',(34.614292618735,-3.71386065834));
#2558 = CARTESIAN_POINT('',(17.307133539619,-33.69073951804));
#2559 = CARTESIAN_POINT('',(-2.553949656069E-05,-63.66761837775));
#2560 = CARTESIAN_POINT('',(-17.30718461861,-33.69073951804));
#2561 = CARTESIAN_POINT('',(-34.61434369772,-3.71386065834));
#2562 = CARTESIAN_POINT('',(-2.553949656559E-05,-3.71386065834));
#2563 = ( GEOMETRIC_REPRESENTATION_CONTEXT(2) 
PARAMETRIC_REPRESENTATION_CONTEXT() REPRESENTATION_CONTEXT('2D SPACE',''
  ) );
#2564 = ADVANCED_FACE('',(#2565),#1585,.F.);
#2565 = FACE_BOUND('',#2566,.F.);
#2566 = EDGE_LOOP('',(#2567,#2568,#2569,#2570));
#2567 = ORIENTED_EDGE('',*,*,#2243,.F.);
#2568 = ORIENTED_EDGE('',*,*,#1569,.T.);
#2569 = ORIENTED_EDGE('',*,*,#2518,.F.);
#2570 = ORIENTED_EDGE('',*,*,#2571,.F.);
#2571 = EDGE_CURVE('',#2216,#2519,#2572,.T.);
#2572 = SURFACE_CURVE('',#2573,(#2577,#2584),.PCURVE_S1.);
#2573 = LINE('',#2574,#2575);
#2574 = CARTESIAN_POINT('',(-140.7857142857,22.,19.984560366974));
#2575 = VECTOR('',#2576,1.);
#2576 = DIRECTION('',(1.,0.,0.));
#2577 = PCURVE('',#1585,#2578);
#2578 = DEFINITIONAL_REPRESENTATION('',(#2579),#2583);
#2579 = LINE('',#2580,#2581);
#2580 = CARTESIAN_POINT('',(0.,1.06581410364E-14));
#2581 = VECTOR('',#2582,1.);
#2582 = DIRECTION('',(1.,0.));
#2583 = ( GEOMETRIC_REPRESENTATION_CONTEXT(2) 
PARAMETRIC_REPRESENTATION_CONTEXT() REPRESENTATION_CONTEXT('2D SPACE',''
  ) );
#2584 = PCURVE('',#2231,#2585);
#2585 = DEFINITIONAL_REPRESENTATION('',(#2586),#2590);
#2586 = LINE('',#2587,#2588);
#2587 = CARTESIAN_POINT('',(19.984560366974,-74.48416085052));
#2588 = VECTOR('',#2589,1.);
#2589 = DIRECTION('',(0.,1.));
#2590 = ( GEOMETRIC_REPRESENTATION_CONTEXT(2) 
PARAMETRIC_REPRESENTATION_CONTEXT() REPRESENTATION_CONTEXT('2D SPACE',''
  ) );
#2591 = ADVANCED_FACE('',(#2592),#1770,.T.);
#2592 = FACE_BOUND('',#2593,.T.);
#2593 = EDGE_LOOP('',(#2594,#2595,#2596,#2597));
#2594 = ORIENTED_EDGE('',*,*,#2021,.F.);
#2595 = ORIENTED_EDGE('',*,*,#2070,.F.);
#2596 = ORIENTED_EDGE('',*,*,#1723,.F.);
#2597 = ORIENTED_EDGE('',*,*,#1817,.T.);
#2598 = ADVANCED_FACE('',(#2599),#1890,.F.);
#2599 = FACE_BOUND('',#2600,.F.);
#2600 = EDGE_LOOP('',(#2601,#2602,#2622,#2623));
#2601 = ORIENTED_EDGE('',*,*,#2122,.F.);
#2602 = ORIENTED_EDGE('',*,*,#2603,.T.);
#2603 = EDGE_CURVE('',#2123,#1875,#2604,.T.);
#2604 = SURFACE_CURVE('',#2605,(#2609,#2616),.PCURVE_S1.);
#2605 = LINE('',#2606,#2607);
#2606 = CARTESIAN_POINT('',(26.45740821148,23.5,10.));
#2607 = VECTOR('',#2608,1.);
#2608 = DIRECTION('',(0.,-2.2E-16,-1.));
#2609 = PCURVE('',#1890,#2610);
#2610 = DEFINITIONAL_REPRESENTATION('',(#2611),#2615);
#2611 = LINE('',#2612,#2613);
#2612 = CARTESIAN_POINT('',(0.,0.));
#2613 = VECTOR('',#2614,1.);
#2614 = DIRECTION('',(0.,-1.));
#2615 = ( GEOMETRIC_REPRESENTATION_CONTEXT(2) 
PARAMETRIC_REPRESENTATION_CONTEXT() REPRESENTATION_CONTEXT('2D SPACE',''
  ) );
#2616 = PCURVE('',#1981,#2617);
#2617 = DEFINITIONAL_REPRESENTATION('',(#2618),#2621);
#2618 = B_SPLINE_CURVE_WITH_KNOTS('',1,(#2619,#2620),.UNSPECIFIED.,.F.,
  .F.,(2,2),(11.,20.),.PIECEWISE_BEZIER_KNOTS.);
#2619 = CARTESIAN_POINT('',(6.28318530718,-11.));
#2620 = CARTESIAN_POINT('',(6.28318530718,-20.));
#2621 = ( GEOMETRIC_REPRESENTATION_CONTEXT(2) 
PARAMETRIC_REPRESENTATION_CONTEXT() REPRESENTATION_CONTEXT('2D SPACE',''
  ) );
#2622 = ORIENTED_EDGE('',*,*,#1872,.F.);
#2623 = ORIENTED_EDGE('',*,*,#2624,.F.);
#2624 = EDGE_CURVE('',#2098,#1873,#2625,.T.);
#2625 = SURFACE_CURVE('',#2626,(#2630,#2637),.PCURVE_S1.);
#2626 = LINE('',#2627,#2628);
#2627 = CARTESIAN_POINT('',(26.45740821148,20.5,10.));
#2628 = VECTOR('',#2629,1.);
#2629 = DIRECTION('',(0.,-2.2E-16,-1.));
#2630 = PCURVE('',#1890,#2631);
#2631 = DEFINITIONAL_REPRESENTATION('',(#2632),#2636);
#2632 = LINE('',#2633,#2634);
#2633 = CARTESIAN_POINT('',(3.,1.1163568394E-15));
#2634 = VECTOR('',#2635,1.);
#2635 = DIRECTION('',(0.,-1.));
#2636 = ( GEOMETRIC_REPRESENTATION_CONTEXT(2) 
PARAMETRIC_REPRESENTATION_CONTEXT() REPRESENTATION_CONTEXT('2D SPACE',''
  ) );
#2637 = PCURVE('',#1923,#2638);
#2638 = DEFINITIONAL_REPRESENTATION('',(#2639),#2642);
#2639 = B_SPLINE_CURVE_WITH_KNOTS('',1,(#2640,#2641),.UNSPECIFIED.,.F.,
  .F.,(2,2),(11.,20.),.PIECEWISE_BEZIER_KNOTS.);
#2640 = CARTESIAN_POINT('',(9.6E-16,-11.));
#2641 = CARTESIAN_POINT('',(9.6E-16,-20.));
#2642 = ( GEOMETRIC_REPRESENTATION_CONTEXT(2) 
PARAMETRIC_REPRESENTATION_CONTEXT() REPRESENTATION_CONTEXT('2D SPACE',''
  ) );
#2643 = ADVANCED_FACE('',(#2644),#1981,.F.);
#2644 = FACE_BOUND('',#2645,.F.);
#2645 = EDGE_LOOP('',(#2646,#2647,#2667,#2668));
#2646 = ORIENTED_EDGE('',*,*,#2145,.F.);
#2647 = ORIENTED_EDGE('',*,*,#2648,.T.);
#2648 = EDGE_CURVE('',#2146,#1935,#2649,.T.);
#2649 = SURFACE_CURVE('',#2650,(#2654,#2660),.PCURVE_S1.);
#2650 = LINE('',#2651,#2652);
#2651 = CARTESIAN_POINT('',(32.45740821148,23.5,10.));
#2652 = VECTOR('',#2653,1.);
#2653 = DIRECTION('',(0.,-2.2E-16,-1.));
#2654 = PCURVE('',#1981,#2655);
#2655 = DEFINITIONAL_REPRESENTATION('',(#2656),#2659);
#2656 = B_SPLINE_CURVE_WITH_KNOTS('',1,(#2657,#2658),.UNSPECIFIED.,.F.,
  .F.,(2,2),(11.,20.),.PIECEWISE_BEZIER_KNOTS.);
#2657 = CARTESIAN_POINT('',(3.14159265359,-11.));
#2658 = CARTESIAN_POINT('',(3.14159265359,-20.));
#2659 = ( GEOMETRIC_REPRESENTATION_CONTEXT(2) 
PARAMETRIC_REPRESENTATION_CONTEXT() REPRESENTATION_CONTEXT('2D SPACE',''
  ) );
#2660 = PCURVE('',#1950,#2661);
#2661 = DEFINITIONAL_REPRESENTATION('',(#2662),#2666);
#2662 = LINE('',#2663,#2664);
#2663 = CARTESIAN_POINT('',(3.,-1.1163568394E-15));
#2664 = VECTOR('',#2665,1.);
#2665 = DIRECTION('',(0.,-1.));
#2666 = ( GEOMETRIC_REPRESENTATION_CONTEXT(2) 
PARAMETRIC_REPRESENTATION_CONTEXT() REPRESENTATION_CONTEXT('2D SPACE',''
  ) );
#2667 = ORIENTED_EDGE('',*,*,#1962,.T.);
#2668 = ORIENTED_EDGE('',*,*,#2603,.F.);
#2669 = ADVANCED_FACE('',(#2670),#1950,.F.);
#2670 = FACE_BOUND('',#2671,.F.);
#2671 = EDGE_LOOP('',(#2672,#2673,#2693,#2694));
#2672 = ORIENTED_EDGE('',*,*,#2168,.F.);
#2673 = ORIENTED_EDGE('',*,*,#2674,.T.);
#2674 = EDGE_CURVE('',#2100,#1903,#2675,.T.);
#2675 = SURFACE_CURVE('',#2676,(#2680,#2687),.PCURVE_S1.);
#2676 = LINE('',#2677,#2678);
#2677 = CARTESIAN_POINT('',(32.45740821148,20.5,10.));
#2678 = VECTOR('',#2679,1.);
#2679 = DIRECTION('',(0.,-2.2E-16,-1.));
#2680 = PCURVE('',#1950,#2681);
#2681 = DEFINITIONAL_REPRESENTATION('',(#2682),#2686);
#2682 = LINE('',#2683,#2684);
#2683 = CARTESIAN_POINT('',(0.,0.));
#2684 = VECTOR('',#2685,1.);
#2685 = DIRECTION('',(0.,-1.));
#2686 = ( GEOMETRIC_REPRESENTATION_CONTEXT(2) 
PARAMETRIC_REPRESENTATION_CONTEXT() REPRESENTATION_CONTEXT('2D SPACE',''
  ) );
#2687 = PCURVE('',#1923,#2688);
#2688 = DEFINITIONAL_REPRESENTATION('',(#2689),#2692);
#2689 = B_SPLINE_CURVE_WITH_KNOTS('',1,(#2690,#2691),.UNSPECIFIED.,.F.,
  .F.,(2,2),(11.,20.),.PIECEWISE_BEZIER_KNOTS.);
#2690 = CARTESIAN_POINT('',(3.14159265359,-11.));
#2691 = CARTESIAN_POINT('',(3.14159265359,-20.));
#2692 = ( GEOMETRIC_REPRESENTATION_CONTEXT(2) 
PARAMETRIC_REPRESENTATION_CONTEXT() REPRESENTATION_CONTEXT('2D SPACE',''
  ) );
#2693 = ORIENTED_EDGE('',*,*,#1934,.F.);
#2694 = ORIENTED_EDGE('',*,*,#2648,.F.);
#2695 = ADVANCED_FACE('',(#2696),#1923,.F.);
#2696 = FACE_BOUND('',#2697,.F.);
#2697 = EDGE_LOOP('',(#2698,#2699,#2700,#2701));
#2698 = ORIENTED_EDGE('',*,*,#2097,.F.);
#2699 = ORIENTED_EDGE('',*,*,#2624,.T.);
#2700 = ORIENTED_EDGE('',*,*,#1902,.T.);
#2701 = ORIENTED_EDGE('',*,*,#2674,.F.);
#2702 = ADVANCED_FACE('',(#2703,#2709),#2231,.F.);
#2703 = FACE_BOUND('',#2704,.F.);
#2704 = EDGE_LOOP('',(#2705,#2706,#2707,#2708));
#2705 = ORIENTED_EDGE('',*,*,#2492,.F.);
#2706 = ORIENTED_EDGE('',*,*,#2215,.T.);
#2707 = ORIENTED_EDGE('',*,*,#2571,.T.);
#2708 = ORIENTED_EDGE('',*,*,#2540,.F.);
#2709 = FACE_BOUND('',#2710,.F.);
#2710 = EDGE_LOOP('',(#2711,#2712,#2713,#2714));
#2711 = ORIENTED_EDGE('',*,*,#2268,.T.);
#2712 = ORIENTED_EDGE('',*,*,#2437,.T.);
#2713 = ORIENTED_EDGE('',*,*,#2389,.T.);
#2714 = ORIENTED_EDGE('',*,*,#2337,.T.);
#2715 = ( GEOMETRIC_REPRESENTATION_CONTEXT(3) 
GLOBAL_UNCERTAINTY_ASSIGNED_CONTEXT((#2719)) 
GLOBAL_UNIT_ASSIGNED_CONTEXT((#2716,#2717,#2718)) REPRESENTATION_CONTEXT
('Context #1','3D Context with UNIT and UNCERTAINTY') );
#2716 = ( LENGTH_UNIT() NAMED_UNIT(*) SI_UNIT(.MILLI.,.METRE.) );
#2717 = ( NAMED_UNIT(*) PLANE_ANGLE_UNIT() SI_UNIT($,.RADIAN.) );
#2718 = ( NAMED_UNIT(*) SI_UNIT($,.STERADIAN.) SOLID_ANGLE_UNIT() );
#2719 = UNCERTAINTY_MEASURE_WITH_UNIT(LENGTH_MEASURE(2.E-07),#2716,
  'distance_accuracy_value','confusion accuracy');
#2720 = PRODUCT_RELATED_PRODUCT_CATEGORY('part',$,(#7));
#2721 = MECHANICAL_DESIGN_GEOMETRIC_PRESENTATION_REPRESENTATION('',(
    #2722),#2715);
#2722 = STYLED_ITEM('color',(#2723),#15);
#2723 = PRESENTATION_STYLE_ASSIGNMENT((#2724,#2730));
#2724 = SURFACE_STYLE_USAGE(.BOTH.,#2725);
#2725 = SURFACE_SIDE_STYLE('',(#2726));
#2726 = SURFACE_STYLE_FILL_AREA(#2727);
#2727 = FILL_AREA_STYLE('',(#2728));
#2728 = FILL_AREA_STYLE_COLOUR('',#2729);
#2729 = COLOUR_RGB('',0.800000010877,0.800000010877,0.901960800373);
#2730 = CURVE_STYLE('',#2731,POSITIVE_LENGTH_MEASURE(0.1),#2729);
#2731 = DRAUGHTING_PRE_DEFINED_CURVE_FONT('continuous');
ENDSEC;
END-ISO-10303-21;
