ISO-10303-21;
HEADER;
FILE_DESCRIPTION (( 'STEP AP214' ),
    '1' );
FILE_NAME ('Flanged Pipe Elbow.STEP',
    '2026-03-15T16:06:31',
    ( '' ),
    ( '' ),
    'SwSTEP 2.0',
    'SolidWorks 2026',
    '' );
FILE_SCHEMA (( 'AUTOMOTIVE_DESIGN' ));
ENDSEC;

DATA;
#1 = AXIS2_PLACEMENT_3D ( 'NONE', #595, #348, #2466 ) ;
#2 = ORIENTED_EDGE ( 'NONE', *, *, #882, .F. ) ;
#3 = CARTESIAN_POINT ( 'NONE',  ( 151.5544456622763789, 32.00000000000000000, 87.50000000000071054 ) ) ;
#4 = DIRECTION ( 'NONE',  ( 0.000000000000000000, -1.000000000000000000, 0.000000000000000000 ) ) ;
#5 = DIRECTION ( 'NONE',  ( -0.000000000000000000, 1.000000000000000000, -0.000000000000000000 ) ) ;
#6 = CARTESIAN_POINT ( 'NONE',  ( -49.56274458521270532, 225.0000000000000000, 0.000000000000000000 ) ) ;
#7 = EDGE_LOOP ( 'NONE', ( #390, #2648, #1361, #1676 ) ) ;
#8 = CARTESIAN_POINT ( 'NONE',  ( -11.60120513964287881, 87.01227829608806985, 96.30466041833491886 ) ) ;
#9 = ORIENTED_EDGE ( 'NONE', *, *, #447, .F. ) ;
#10 = ORIENTED_EDGE ( 'NONE', *, *, #2202, .T. ) ;
#11 = CARTESIAN_POINT ( 'NONE',  ( -151.5544456622775442, 225.0000000000000000, 87.49999999999859313 ) ) ;
#12 = B_SPLINE_CURVE_WITH_KNOTS ( 'NONE', 3,
 ( #174, #1422, #573, #2240, #1811, #2642, #2037, #994, #2210, #978, #2485, #2275, #1614, #2258, #2473, #2459, #964, #547, #2053, #1825, #805, #1008, #790, #373, #339, #1795, #186, #1626, #402, #1169, #2661, #2005, #1023, #1855, #773, #2705, #561, #1394, #2227, #1063, #2107, #1897, #214, #2346, #29, #1666, #861, #887 ),
 .UNSPECIFIED., .F., .F.,
 ( 4, 2, 2, 2, 2, 2, 2, 2, 2, 2, 2, 2, 2, 2, 2, 2, 2, 2, 2, 2, 2, 2, 2, 4 ),
 ( 0.3249800863582389399, 0.3351272627635294987, 0.3376640568648521246, 0.3402008509661747504, 0.3452744391688200576, 0.3554216155741105609, 0.3604952037767558681, 0.3655687919794011198, 0.3757159683846916787, 0.3858631447899822375, 0.3909367329926275447, 0.3960103211952727964, 0.4061574976005634108, 0.4163046740058539696, 0.4264518504111445285, 0.4315254386137898912, 0.4365990268164351429, 0.4467462032217257573, 0.4568933796270163716, 0.4619669678296617343, 0.4645037619309844157, 0.4670405560323070415, 0.4771877324375976004, 0.4873349088428882148 ),
 .UNSPECIFIED. ) ;
#13 = CARTESIAN_POINT ( 'NONE',  ( 6.377982988679319121, 85.22046134476366319, 96.79433506333542425 ) ) ;
#14 = VERTEX_POINT ( 'NONE', #1097 ) ;
#15 = EDGE_LOOP ( 'NONE', ( #522, #609, #2244, #2676 ) ) ;
#16 = CYLINDRICAL_SURFACE ( 'NONE', #381, 23.49999999999999289 ) ;
#17 = DIRECTION ( 'NONE',  ( 0.5000000000000039968, 0.000000000000000000, -0.8660254037844363761 ) ) ;
#18 = CARTESIAN_POINT ( 'NONE',  ( 0.000000000000000000, 32.00000000000000000, -175.0000000000000000 ) ) ;
#19 = CARTESIAN_POINT ( 'NONE',  ( -18.49216568813486816, 91.39491732358979448, -138.7795649521867745 ) ) ;
#20 = ORIENTED_EDGE ( 'NONE', *, *, #1648, .T. ) ;
#21 = CARTESIAN_POINT ( 'NONE',  ( -26.56022914776711019, 103.4505617713281111, 93.29567308567614248 ) ) ;
#22 = ORIENTED_EDGE ( 'NONE', *, *, #2424, .T. ) ;
#23 = CYLINDRICAL_SURFACE ( 'NONE', #2085, 50.00000000000000711 ) ;
#24 = CARTESIAN_POINT ( 'NONE',  ( 0.000000000000000000, 140.5000000000000000, -97.00000000000000000 ) ) ;
#25 = ADVANCED_FACE ( 'NONE', ( #1129 ), #714, .F. ) ;
#26 = LINE ( 'NONE', #2315, #423 ) ;
#27 = ORIENTED_EDGE ( 'NONE', *, *, #1548, .T. ) ;
#28 = CARTESIAN_POINT ( 'NONE',  ( -20.43529291120899671, 93.33663447326672724, -94.82528829080941080 ) ) ;
#29 = CARTESIAN_POINT ( 'NONE',  ( -13.52172034947622592, 13.36077347922882375, 139.3862553534660265 ) ) ;
#30 = CARTESIAN_POINT ( 'NONE',  ( -151.5544456622775442, 193.0000000000000000, 87.49999999999859313 ) ) ;
#31 = EDGE_CURVE ( 'NONE', #35, #2281, #2392, .T. ) ;
#32 = EDGE_CURVE ( 'NONE', #1225, #109, #2182, .T. ) ;
#33 = CARTESIAN_POINT ( 'NONE',  ( 0.000000000000000000, 225.0000000000000000, -151.5000000000000000 ) ) ;
#34 = ORIENTED_EDGE ( 'NONE', *, *, #1113, .T. ) ;
#35 = VERTEX_POINT ( 'NONE', #739 ) ;
#36 = CARTESIAN_POINT ( 'NONE',  ( 0.000000000000000000, 112.5000000000000000, -225.0000000000000000 ) ) ;
#37 = AXIS2_PLACEMENT_3D ( 'NONE', #11, #1820, #2656 ) ;
#38 = VERTEX_POINT ( 'NONE', #2084 ) ;
#39 = DIRECTION ( 'NONE',  ( -0.8660254037844364872, 0.000000000000000000, -0.5000000000000036637 ) ) ;
#40 = DIRECTION ( 'NONE',  ( 0.000000000000000000, -0.000000000000000000, 1.000000000000000000 ) ) ;
#41 = CARTESIAN_POINT ( 'NONE',  ( 27.63456950616202690, 107.8992192664671137, -92.98045832057364635 ) ) ;
#42 = VECTOR ( 'NONE', #888, 1000.000000000000000 ) ;
#43 = DIRECTION ( 'NONE',  ( -0.8660254037844432595, 0.000000000000000000, 0.4999999999999920064 ) ) ;
#44 = EDGE_LOOP ( 'NONE', ( #1864, #288, #1176, #468 ) ) ;
#45 = EDGE_CURVE ( 'NONE', #2593, #2352, #816, .T. ) ;
#46 = VECTOR ( 'NONE', #2218, 999.9999999999998863 ) ;
#47 = LINE ( 'NONE', #1737, #1589 ) ;
#48 = VERTEX_POINT ( 'NONE', #752 ) ;
#49 = CARTESIAN_POINT ( 'NONE',  ( 151.5544456622763789, 0.000000000000000000, 87.50000000000071054 ) ) ;
#50 = CARTESIAN_POINT ( 'NONE',  ( 89.44491712244560233, 67.67146416378248830, 107.7188331443735336 ) ) ;
#51 = ORIENTED_EDGE ( 'NONE', *, *, #272, .F. ) ;
#52 = FACE_OUTER_BOUND ( 'NONE', #2511, .T. ) ;
#53 = CARTESIAN_POINT ( 'NONE',  ( 28.00000000000000000, 112.5000000000000000, -92.87087810503355456 ) ) ;
#54 = DIRECTION ( 'NONE',  ( 0.000000000000000000, 0.000000000000000000, 1.000000000000000000 ) ) ;
#55 = ADVANCED_FACE ( 'NONE', ( #116 ), #959, .F. ) ;
#56 = CARTESIAN_POINT ( 'NONE',  ( 3.652305770279484776, 84.67766411518751113, -139.9641274730731766 ) ) ;
#57 = DIRECTION ( 'NONE',  ( 0.000000000000000000, 0.000000000000000000, -1.000000000000000000 ) ) ;
#58 = ORIENTED_EDGE ( 'NONE', *, *, #911, .T. ) ;
#59 = DIRECTION ( 'NONE',  ( 0.000000000000000000, 0.000000000000000000, 1.000000000000000000 ) ) ;
#60 = AXIS2_PLACEMENT_3D ( 'NONE', #1137, #113, #2607 ) ;
#61 = DIRECTION ( 'NONE',  ( -0.8660254037844364872, 0.000000000000000000, -0.5000000000000036637 ) ) ;
#62 = CIRCLE ( 'NONE', #1461, 23.50000000000001421 ) ;
#63 = EDGE_CURVE ( 'NONE', #177, #1508, #2211, .T. ) ;
#64 = DIRECTION ( 'NONE',  ( 0.000000000000000000, 1.000000000000000000, -0.000000000000000000 ) ) ;
#65 = VERTEX_POINT ( 'NONE', #367 ) ;
#66 = VECTOR ( 'NONE', #1915, 1000.000000000000000 ) ;
#67 = B_SPLINE_CURVE_WITH_KNOTS ( 'NONE', 3,
 ( #383, #1808, #960, #1609, #2657, #2469, #944, #1150, #1791, #754, #1592, #726, #2437, #2223, #1405, #322, #543, #1986, #740, #351, #2205, #335, #557, #1419, #1196, #1389, #2017, #769, #2455, #580, #2032, #2253, #1209, #2116 ),
 .UNSPECIFIED., .F., .F.,
 ( 4, 2, 2, 2, 2, 2, 2, 2, 2, 2, 2, 2, 2, 2, 2, 2, 4 ),
 ( 0.000000000000000000, 0.005486521768567560568, 0.008229782652851343888, 0.009601413094993229910, 0.01097304353713511593, 0.01645956530570277451, 0.01783119574784470043, 0.01920282618998662288, 0.02194608707427043656, 0.02743260884283807780, 0.02880423928498002453, 0.03017586972712196780, 0.03291913061140577801, 0.03566239149568958822, 0.03703402193783147250, 0.03840565237997335679, 0.04389217414854089394 ),
 .UNSPECIFIED. ) ;
#68 = CARTESIAN_POINT ( 'NONE',  ( 64.95190528383324136, 75.00000000000061107, 145.0000000000000284 ) ) ;
#69 = DIRECTION ( 'NONE',  ( -0.000000000000000000, 1.000000000000000000, -0.000000000000000000 ) ) ;
#70 = ADVANCED_FACE ( 'NONE', ( #1404, #2623 ), #569, .T. ) ;
#71 = ORIENTED_EDGE ( 'NONE', *, *, #1730, .F. ) ;
#72 = CARTESIAN_POINT ( 'NONE',  ( -1.855958386235276869, 140.4536715655885644, 96.98659740129964746 ) ) ;
#73 = FACE_OUTER_BOUND ( 'NONE', #1921, .T. ) ;
#74 = ORIENTED_EDGE ( 'NONE', *, *, #399, .T. ) ;
#75 = CARTESIAN_POINT ( 'NONE',  ( -138.1729538226554723, 193.0000000000000000, 22.54406422813602617 ) ) ;
#76 = AXIS2_PLACEMENT_3D ( 'NONE', #2595, #2410, #508 ) ;
#77 = AXIS2_PLACEMENT_3D ( 'NONE', #1703, #2130, #245 ) ;
#78 = CARTESIAN_POINT ( 'NONE',  ( 1.714505518804604543E-14, 212.5000000000000284, 140.0000000000000284 ) ) ;
#79 = CARTESIAN_POINT ( 'NONE',  ( 34.00559650296462166, 18.45577442010147706, 135.8096916017965157 ) ) ;
#80 = ADVANCED_FACE ( 'NONE', ( #334 ), #542, .F. ) ;
#81 = AXIS2_PLACEMENT_3D ( 'NONE', #702, #1538, #2380 ) ;
#82 = EDGE_CURVE ( 'NONE', #545, #1987, #2355, .T. ) ;
#83 = CARTESIAN_POINT ( 'NONE',  ( -93.35813179663446704, 148.4825920503350574, 104.3411054191210070 ) ) ;
#84 = DIRECTION ( 'NONE',  ( -0.000000000000000000, -0.000000000000000000, 1.000000000000000000 ) ) ;
#85 = ORIENTED_EDGE ( 'NONE', *, *, #230, .F. ) ;
#86 = CARTESIAN_POINT ( 'NONE',  ( -151.5544456622775442, 193.0000000000000000, 87.49999999999859313 ) ) ;
#87 = CYLINDRICAL_SURFACE ( 'NONE', #1116, 23.49999999999999289 ) ;
#88 = EDGE_LOOP ( 'NONE', ( #2666, #732, #220, #766, #1072 ) ) ;
#89 = LINE ( 'NONE', #917, #66 ) ;
#90 = AXIS2_PLACEMENT_3D ( 'NONE', #1102, #69, #1527 ) ;
#91 = AXIS2_PLACEMENT_3D ( 'NONE', #1356, #2191, #2622 ) ;
#92 = DIRECTION ( 'NONE',  ( 0.000000000000000000, 1.000000000000000000, 0.000000000000000000 ) ) ;
#93 = CARTESIAN_POINT ( 'NONE',  ( 59.74768319542220496, 32.30739418056721490, 126.6124546466889598 ) ) ;
#94 = CARTESIAN_POINT ( 'NONE',  ( -81.24339228977021321, 170.8899156181151113, 114.0361661332500063 ) ) ;
#95 = CARTESIAN_POINT ( 'NONE',  ( -23.76190304906098660, 127.3183121459175453, 94.04483744995438599 ) ) ;
#96 =( NAMED_UNIT ( * ) PLANE_ANGLE_UNIT ( ) SI_UNIT ( $, .RADIAN. ) );
#97 = ORIENTED_EDGE ( 'NONE', *, *, #2043, .F. ) ;
#98 = CARTESIAN_POINT ( 'NONE',  ( 0.000000000000000000, 193.0000000000000000, 0.000000000000000000 ) ) ;
#99 = AXIS2_PLACEMENT_3D ( 'NONE', #1291, #649, #1081 ) ;
#100 = DIRECTION ( 'NONE',  ( -0.000000000000000000, 1.000000000000000000, -0.000000000000000000 ) ) ;
#101 = CARTESIAN_POINT ( 'NONE',  ( 99.94437822739585897, 109.0563456191674874, 98.03633135895884720 ) ) ;
#102 = EDGE_CURVE ( 'NONE', #1909, #796, #1160, .T. ) ;
#103 = EDGE_CURVE ( 'NONE', #673, #907, #579, .T. ) ;
#104 = DIRECTION ( 'NONE',  ( 0.000000000000000000, 0.000000000000000000, 1.000000000000000000 ) ) ;
#105 = ORIENTED_EDGE ( 'NONE', *, *, #1935, .T. ) ;
#106 = ADVANCED_FACE ( 'NONE', ( #1357 ), #1195, .T. ) ;
#107 = CARTESIAN_POINT ( 'NONE',  ( -26.55816100577230543, 121.5554689349148418, 93.29626423899999565 ) ) ;
#108 = FILL_AREA_STYLE_COLOUR ( '', #165 ) ;
#109 = VERTEX_POINT ( 'NONE', #1388 ) ;
#110 = CARTESIAN_POINT ( 'NONE',  ( -6.384624128285009803, 139.7777550922129990, -96.79383394392628759 ) ) ;
#111 = EDGE_CURVE ( 'NONE', #2117, #2626, #1418, .T. ) ;
#112 = EDGE_CURVE ( 'NONE', #936, #2237, #387, .T. ) ;
#113 = DIRECTION ( 'NONE',  ( -0.000000000000000000, -0.000000000000000000, 1.000000000000000000 ) ) ;
#114 = CARTESIAN_POINT ( 'NONE',  ( 26.19844972590790277, 122.4235065329998662, 93.39579271134853400 ) ) ;
#115 = VECTOR ( 'NONE', #584, 1000.000000000000000 ) ;
#116 = FACE_OUTER_BOUND ( 'NONE', #2520, .T. ) ;
#117 = CARTESIAN_POINT ( 'NONE',  ( 17.11271036369385712, 134.7386611414615061, -138.9587490301817070 ) ) ;
#118 = CARTESIAN_POINT ( 'NONE',  ( -121.0589888510695715, 193.0000000000000000, 127.1235676570855446 ) ) ;
#119 = ORIENTED_EDGE ( 'NONE', *, *, #2208, .T. ) ;
#120 = DIRECTION ( 'NONE',  ( 0.8660254037844432595, 0.000000000000000000, -0.4999999999999920064 ) ) ;
#121 = DIRECTION ( 'NONE',  ( 0.000000000000000000, -1.000000000000000000, 0.000000000000000000 ) ) ;
#122 = ORIENTED_EDGE ( 'NONE', *, *, #837, .T. ) ;
#123 = CARTESIAN_POINT ( 'NONE',  ( -27.82078712684812061, 116.1620710449005855, -92.92548237180736237 ) ) ;
#124 = FACE_OUTER_BOUND ( 'NONE', #1550, .T. ) ;
#125 = VECTOR ( 'NONE', #1037, 1000.000000000000000 ) ;
#126 = DIRECTION ( 'NONE',  ( 0.000000000000000000, -1.000000000000000000, 0.000000000000000000 ) ) ;
#127 = VECTOR ( 'NONE', #1632, 1000.000000000000000 ) ;
#128 = CARTESIAN_POINT ( 'NONE',  ( 17.07957944089101332, 134.7063891688295882, -95.48719208745461628 ) ) ;
#129 = FACE_OUTER_BOUND ( 'NONE', #1671, .T. ) ;
#130 = CARTESIAN_POINT ( 'NONE',  ( -24.78137229260655516, 225.0000000000000000, 42.92259589207372272 ) ) ;
#131 = DIRECTION ( 'NONE',  ( -0.000000000000000000, 1.000000000000000000, -0.000000000000000000 ) ) ;
#132 = CARTESIAN_POINT ( 'NONE',  ( -100.0000000000000000, 112.5000000000000142, 97.97958971132717920 ) ) ;
#133 = CARTESIAN_POINT ( 'NONE',  ( 64.95190528383324136, 75.00000000000061107, 145.0000000000000284 ) ) ;
#134 = ORIENTED_EDGE ( 'NONE', *, *, #63, .T. ) ;
#135 = CARTESIAN_POINT ( 'NONE',  ( 27.77262949287405647, 108.8226292888942055, -137.2176723162510825 ) ) ;
#136 = EDGE_CURVE ( 'NONE', #2446, #2089, #1033, .T. ) ;
#137 = DIRECTION ( 'NONE',  ( 0.000000000000000000, 0.000000000000000000, -1.000000000000000000 ) ) ;
#138 = ORIENTED_EDGE ( 'NONE', *, *, #2387, .F. ) ;
#139 = CARTESIAN_POINT ( 'NONE',  ( -49.56274458521270532, 193.0000000000000000, -130.9333202404222902 ) ) ;
#140 = B_SPLINE_CURVE_WITH_KNOTS ( 'NONE', 3,
 ( #53, #262, #1882, #2499, #617, #876, #1450, #2288, #2092, #1243, #2078, #1465, #432, #1260, #228, #1052, #847, #128, #2168, #2632, #1588, #921, #514, #1560, #2403, #1045, #1890, #24 ),
 .UNSPECIFIED., .F., .F.,
 ( 4, 2, 2, 2, 2, 2, 2, 2, 2, 2, 2, 2, 2, 4 ),
 ( 0.1320090431285279864, 0.1375077998017282255, 0.1388824889700282783, 0.1402571781383283311, 0.1430065564749284091, 0.1485053131481285649, 0.1512546914847286705, 0.1540040698213287762, 0.1567534481579288819, 0.1595028264945289875, 0.1650015831677291989, 0.1677509615043293323, 0.1705003398409294380, 0.1759990965141296493 ),
 .UNSPECIFIED. ) ;
#141 = CARTESIAN_POINT ( 'NONE',  ( 3.895155336266169108E-21, 84.50000000000000000, -140.0000000000000284 ) ) ;
#142 = ORIENTED_EDGE ( 'NONE', *, *, #515, .F. ) ;
#143 = LINE ( 'NONE', #1629, #1941 ) ;
#144 = ORIENTED_EDGE ( 'NONE', *, *, #1923, .T. ) ;
#145 = LINE ( 'NONE', #130, #1658 ) ;
#146 = EDGE_CURVE ( 'NONE', #2076, #2013, #2221, .T. ) ;
#147 = DIRECTION ( 'NONE',  ( 0.000000000000000000, 1.000000000000000000, 0.000000000000000000 ) ) ;
#148 = CARTESIAN_POINT ( 'NONE',  ( 26.20322102704934863, 122.3794238340905451, -137.5260564417649221 ) ) ;
#149 = CARTESIAN_POINT ( 'NONE',  ( -76.95190528383272976, 74.99999999999967315, 160.0000000000000000 ) ) ;
#150 = VECTOR ( 'NONE', #1098, 1000.000000000000000 ) ;
#151 = VERTEX_POINT ( 'NONE', #350 ) ;
#152 = CARTESIAN_POINT ( 'NONE',  ( 28.00000000000000000, 112.5000000000000000, -137.1714255958579827 ) ) ;
#153 = DIRECTION ( 'NONE',  ( 0.000000000000000000, 0.000000000000000000, 1.000000000000000000 ) ) ;
#154 = ORIENTED_EDGE ( 'NONE', *, *, #2488, .F. ) ;
#155 = CARTESIAN_POINT ( 'NONE',  ( 151.5544456622763789, 193.0000000000000000, 87.50000000000071054 ) ) ;
#156 = CIRCLE ( 'NONE', #2071, 50.00000000000001421 ) ;
#157 = EDGE_CURVE ( 'NONE', #35, #1460, #2394, .T. ) ;
#158 = DIRECTION ( 'NONE',  ( 0.000000000000000000, 1.000000000000000000, 0.000000000000000000 ) ) ;
#159 = ORIENTED_EDGE ( 'NONE', *, *, #2100, .T. ) ;
#160 = CARTESIAN_POINT ( 'NONE',  ( 19.15240722448458044, 132.9452678125748264, 95.09266656923493599 ) ) ;
#161 = ORIENTED_EDGE ( 'NONE', *, *, #1647, .F. ) ;
#162 = DIRECTION ( 'NONE',  ( -0.8660254037844363761, 0.000000000000000000, -0.5000000000000039968 ) ) ;
#163 = AXIS2_PLACEMENT_3D ( 'NONE', #2087, #223, #840 ) ;
#164 = FACE_OUTER_BOUND ( 'NONE', #1375, .T. ) ;
#165 = COLOUR_RGB ( '',0.7921568627450980005, 0.8196078431372548767, 0.9333333333333333481 ) ;
#166 = AXIS2_PLACEMENT_3D ( 'NONE', #292, #2580, #925 ) ;
#167 = DIRECTION ( 'NONE',  ( 0.000000000000000000, 0.000000000000000000, 1.000000000000000000 ) ) ;
#168 = DIRECTION ( 'NONE',  ( 1.000000000000000000, 0.000000000000000000, 0.000000000000000000 ) ) ;
#169 = EDGE_CURVE ( 'NONE', #1895, #2715, #725, .T. ) ;
#170 = CARTESIAN_POINT ( 'NONE',  ( 151.5544456622763789, 193.0000000000000000, 64.00000000000072475 ) ) ;
#171 = CARTESIAN_POINT ( 'NONE',  ( 151.5544456622763789, 32.00000000000000000, 87.50000000000071054 ) ) ;
#172 = ORIENTED_EDGE ( 'NONE', *, *, #1147, .F. ) ;
#173 = CARTESIAN_POINT ( 'NONE',  ( 26.20195978886761878, 102.6171642887785964, -137.5262973537627431 ) ) ;
#174 = CARTESIAN_POINT ( 'NONE',  ( -100.0000000000000000, 112.5000000000000142, 97.97958971132717920 ) ) ;
#175 = CARTESIAN_POINT ( 'NONE',  ( -100.0000000000000000, 112.5000000000000142, -225.0020000000000095 ) ) ;
#176 = DIRECTION ( 'NONE',  ( 1.000000000000000000, 0.000000000000000000, 0.000000000000000000 ) ) ;
#177 = VERTEX_POINT ( 'NONE', #2031 ) ;
#178 = CYLINDRICAL_SURFACE ( 'NONE', #1773, 100.0000000000000000 ) ;
#179 = CARTESIAN_POINT ( 'NONE',  ( -24.78137229260655516, 193.0000000000000000, 42.92259589207372272 ) ) ;
#180 = DIRECTION ( 'NONE',  ( 0.000000000000000000, 0.000000000000000000, -1.000000000000000000 ) ) ;
#181 = VECTOR ( 'NONE', #782, 1000.000000000000000 ) ;
#182 = CIRCLE ( 'NONE', #1616, 12.00000000000000711 ) ;
#183 = CARTESIAN_POINT ( 'NONE',  ( 18.52109587940683255, 133.5779055079740658, -138.7755598173883982 ) ) ;
#184 = ORIENTED_EDGE ( 'NONE', *, *, #2509, .T. ) ;
#185 = DIRECTION ( 'NONE',  ( 0.000000000000000000, 1.000000000000000000, -0.000000000000000000 ) ) ;
#186 = CARTESIAN_POINT ( 'NONE',  ( -66.43963238723127063, 37.69522170233963720, 123.2607907735721540 ) ) ;
#187 = FACE_OUTER_BOUND ( 'NONE', #2443, .T. ) ;
#188 = CARTESIAN_POINT ( 'NONE',  ( 69.90562558176976893, 184.0240330612659818, 121.3048277066226177 ) ) ;
#189 = EDGE_LOOP ( 'NONE', ( #134, #2483 ) ) ;
#190 = CARTESIAN_POINT ( 'NONE',  ( 28.00000000000000000, 114.3601204486357119, 92.87087810503355456 ) ) ;
#191 = ORIENTED_EDGE ( 'NONE', *, *, #2505, .F. ) ;
#192 = CARTESIAN_POINT ( 'NONE',  ( 0.000000000000000000, 32.00000000000000000, -175.0000000000000000 ) ) ;
#193 = EDGE_CURVE ( 'NONE', #2527, #2262, #2671, .T. ) ;
#194 = CARTESIAN_POINT ( 'NONE',  ( -151.5544456622775442, 193.0000000000000000, 110.9999999999985931 ) ) ;
#195 = AXIS2_PLACEMENT_3D ( 'NONE', #2694, #822, #176 ) ;
#196 = ORIENTED_EDGE ( 'NONE', *, *, #671, .T. ) ;
#197 = LINE ( 'NONE', #1035, #2655 ) ;
#198 = CARTESIAN_POINT ( 'NONE',  ( 0.000000000000000000, 32.00000000000000000, -140.0000000000000284 ) ) ;
#199 = FACE_BOUND ( 'NONE', #1263, .T. ) ;
#200 = VECTOR ( 'NONE', #1330, 1000.000000000000000 ) ;
#201 = EDGE_CURVE ( 'NONE', #673, #1095, #555, .T. ) ;
#202 = VECTOR ( 'NONE', #342, 1000.000000000000000 ) ;
#203 = CARTESIAN_POINT ( 'NONE',  ( 97.23656024304024470, 135.9056513116211136, 100.7242971566878538 ) ) ;
#204 = VERTEX_POINT ( 'NONE', #2143 ) ;
#205 = CARTESIAN_POINT ( 'NONE',  ( -24.24538380946090044, 98.46392638939670405, 93.92211701931238110 ) ) ;
#206 = ADVANCED_FACE ( 'NONE', ( #894 ), #23, .T. ) ;
#207 = ORIENTED_EDGE ( 'NONE', *, *, #1079, .T. ) ;
#208 = LINE ( 'NONE', #1030, #2056 ) ;
#209 = DIRECTION ( 'NONE',  ( 0.000000000000000000, 1.000000000000000000, 0.000000000000000000 ) ) ;
#210 = ORIENTED_EDGE ( 'NONE', *, *, #2549, .F. ) ;
#211 = VERTEX_POINT ( 'NONE', #1726 ) ;
#212 = ORIENTED_EDGE ( 'NONE', *, *, #1358, .T. ) ;
#213 = FACE_BOUND ( 'NONE', #759, .T. ) ;
#214 = CARTESIAN_POINT ( 'NONE',  ( -21.00343754688374887, 14.72693919918256711, 138.4180510106109239 ) ) ;
#215 = CARTESIAN_POINT ( 'NONE',  ( -151.5544456622775442, 32.00000000000000000, 63.99999999999858602 ) ) ;
#216 = VECTOR ( 'NONE', #2252, 999.9999999999998863 ) ;
#217 = CARTESIAN_POINT ( 'NONE',  ( -7.285961284280196182, 85.40238073030360511, -139.8218748608756528 ) ) ;
#218 = EDGE_LOOP ( 'NONE', ( #2684, #1256, #358, #2098 ) ) ;
#219 = CARTESIAN_POINT ( 'NONE',  ( -14.05061865492311313, 88.26332469632197331, 95.98042316143943253 ) ) ;
#220 = ORIENTED_EDGE ( 'NONE', *, *, #995, .T. ) ;
#221 = VERTEX_POINT ( 'NONE', #2154 ) ;
#222 = CARTESIAN_POINT ( 'NONE',  ( -64.95190528383272976, 74.99999999999967315, 160.0000000000000000 ) ) ;
#223 = DIRECTION ( 'NONE',  ( 0.000000000000000000, 1.000000000000000000, 0.000000000000000000 ) ) ;
#224 = ORIENTED_EDGE ( 'NONE', *, *, #2439, .T. ) ;
#225 = CIRCLE ( 'NONE', #1610, 50.00000000000001421 ) ;
#226 = ORIENTED_EDGE ( 'NONE', *, *, #1208, .F. ) ;
#227 = CARTESIAN_POINT ( 'NONE',  ( -25.09348155068229858, 100.0690334717752989, -93.69823380978215255 ) ) ;
#228 = CARTESIAN_POINT ( 'NONE',  ( 20.44804938159787611, 131.6494369094418175, -94.82250099317487013 ) ) ;
#229 = CARTESIAN_POINT ( 'NONE',  ( 0.000000000000000000, 112.5000000000000000, 135.0000000000000000 ) ) ;
#230 = EDGE_CURVE ( 'NONE', #1040, #2301, #1512, .T. ) ;
#231 = CARTESIAN_POINT ( 'NONE',  ( 0.000000000000000000, 112.5000000000000000, 160.0000000000000000 ) ) ;
#232 = VERTEX_POINT ( 'NONE', #78 ) ;
#233 = CARTESIAN_POINT ( 'NONE',  ( 26.51063094257492025, 121.5578374301627207, 93.30737140298431598 ) ) ;
#234 = ORIENTED_EDGE ( 'NONE', *, *, #1235, .F. ) ;
#235 = CARTESIAN_POINT ( 'NONE',  ( 0.000000000000000000, 112.5000000000000000, 134.9999999999999716 ) ) ;
#236 = CARTESIAN_POINT ( 'NONE',  ( 14.80659584842630849, 88.71740268204798952, 95.86639343148185333 ) ) ;
#237 = VERTEX_POINT ( 'NONE', #665 ) ;
#238 = EDGE_CURVE ( 'NONE', #1705, #1796, #1477, .T. ) ;
#239 = CARTESIAN_POINT ( 'NONE',  ( -21.05544476381566454, 94.02023575074350958, -94.68907898661167621 ) ) ;
#240 = CARTESIAN_POINT ( 'NONE',  ( 0.000000000000000000, 225.0000000000000000, 0.000000000000000000 ) ) ;
#241 = DIRECTION ( 'NONE',  ( -0.000000000000000000, -1.000000000000000000, -0.000000000000000000 ) ) ;
#242 = ORIENTED_EDGE ( 'NONE', *, *, #2711, .F. ) ;
#243 = CARTESIAN_POINT ( 'NONE',  ( 28.00000000000000000, 112.5000000000000000, 92.87087810503355456 ) ) ;
#244 = DIRECTION ( 'NONE',  ( 1.000000000000000000, 0.000000000000000000, 0.000000000000000000 ) ) ;
#245 = DIRECTION ( 'NONE',  ( 1.000000000000000000, 0.000000000000000000, 0.000000000000000000 ) ) ;
#246 = ORIENTED_EDGE ( 'NONE', *, *, #102, .T. ) ;
#247 = CARTESIAN_POINT ( 'NONE',  ( 151.5544456622763789, 225.0000000000000000, 111.0000000000007105 ) ) ;
#248 = FACE_OUTER_BOUND ( 'NONE', #1379, .T. ) ;
#249 = CARTESIAN_POINT ( 'NONE',  ( 15.20692739068745247, 88.98495355560818609, -95.80134002851220032 ) ) ;
#250 = AXIS2_PLACEMENT_3D ( 'NONE', #68, #703, #1975 ) ;
#251 = AXIS2_PLACEMENT_3D ( 'NONE', #963, #1200, #757 ) ;
#252 = FACE_OUTER_BOUND ( 'NONE', #2448, .T. ) ;
#253 = ORIENTED_EDGE ( 'NONE', *, *, #1935, .F. ) ;
#254 = DIRECTION ( 'NONE',  ( 0.000000000000000000, 0.000000000000000000, 1.000000000000000000 ) ) ;
#255 = DIRECTION ( 'NONE',  ( 0.8660254037844432595, 0.000000000000000000, -0.4999999999999920064 ) ) ;
#256 = ADVANCED_FACE ( 'NONE', ( #1319 ), #638, .F. ) ;
#257 = DIRECTION ( 'NONE',  ( -0.8660254037844363761, 0.000000000000000000, -0.5000000000000039968 ) ) ;
#258 = ORIENTED_EDGE ( 'NONE', *, *, #506, .F. ) ;
#259 = DIRECTION ( 'NONE',  ( 0.000000000000000000, -1.000000000000000000, 0.000000000000000000 ) ) ;
#260 = ORIENTED_EDGE ( 'NONE', *, *, #2208, .F. ) ;
#261 = CARTESIAN_POINT ( 'NONE',  ( -26.80936148198823687, 208.8540982999569735, 137.4191424250523426 ) ) ;
#262 = CARTESIAN_POINT ( 'NONE',  ( 28.00000000000000000, 114.3455495803923156, -92.87087810503354035 ) ) ;
#263 = CARTESIAN_POINT ( 'NONE',  ( 18.50470959891310585, 91.40705976647502951, -95.22771063385778234 ) ) ;
#264 = AXIS2_PLACEMENT_3D ( 'NONE', #2030, #2203, #1178 ) ;
#265 = CARTESIAN_POINT ( 'NONE',  ( -3.693310721645436612, 140.2707002331884212, 96.93401937878464025 ) ) ;
#266 = CARTESIAN_POINT ( 'NONE',  ( -12.81194817070590197, 87.59888451705481316, -139.4131266658413608 ) ) ;
#267 = ORIENTED_EDGE ( 'NONE', *, *, #2002, .T. ) ;
#268 = AXIS2_PLACEMENT_3D ( 'NONE', #1562, #1964, #1321 ) ;
#269 = FACE_BOUND ( 'NONE', #2512, .T. ) ;
#270 = CARTESIAN_POINT ( 'NONE',  ( 151.5544456622763789, 225.0000000000000000, 87.50000000000071054 ) ) ;
#271 = ORIENTED_EDGE ( 'NONE', *, *, #2333, .T. ) ;
#272 = EDGE_CURVE ( 'NONE', #1392, #2690, #1816, .T. ) ;
#273 = CARTESIAN_POINT ( 'NONE',  ( -75.40072179700770505, 178.2615138302122659, 117.9848207721481401 ) ) ;
#274 = DIRECTION ( 'NONE',  ( -0.000000000000000000, 0.000000000000000000, 1.000000000000000000 ) ) ;
#275 = ORIENTED_EDGE ( 'NONE', *, *, #333, .T. ) ;
#276 = CARTESIAN_POINT ( 'NONE',  ( -27.54794102199037198, 117.5324688860376483, 93.00602083962567690 ) ) ;
#277 = FACE_OUTER_BOUND ( 'NONE', #1880, .T. ) ;
#278 = ORIENTED_EDGE ( 'NONE', *, *, #1441, .T. ) ;
#279 = LINE ( 'NONE', #880, #1109 ) ;
#280 = ADVANCED_FACE ( 'NONE', ( #1268 ), #2548, .T. ) ;
#281 = EDGE_CURVE ( 'NONE', #48, #962, #2638, .T. ) ;
#282 = DIRECTION ( 'NONE',  ( -0.8660254037844363761, 0.000000000000000000, -0.5000000000000039968 ) ) ;
#283 = CARTESIAN_POINT ( 'NONE',  ( 77.90121214631878388, 49.79414535606276360, 116.3260972158866622 ) ) ;
#284 = AXIS2_PLACEMENT_3D ( 'NONE', #1202, #2023, #1583 ) ;
#285 = CARTESIAN_POINT ( 'NONE',  ( 88.61020923744207778, 193.0000000000000000, 108.3892560122854150 ) ) ;
#286 = ORIENTED_EDGE ( 'NONE', *, *, #1414, .T. ) ;
#287 = AXIS2_PLACEMENT_3D ( 'NONE', #1874, #590, #1056 ) ;
#288 = ORIENTED_EDGE ( 'NONE', *, *, #633, .T. ) ;
#289 = CARTESIAN_POINT ( 'NONE',  ( -59.08565528728743743, 193.2412158149225263, 126.9536632047902600 ) ) ;
#290 = LINE ( 'NONE', #1118, #1963 ) ;
#291 = EDGE_LOOP ( 'NONE', ( #323, #2110, #2162, #1382, #1034 ) ) ;
#292 = CARTESIAN_POINT ( 'NONE',  ( 0.000000000000000000, 112.5000000000000000, 160.0000000000000000 ) ) ;
#293 = CARTESIAN_POINT ( 'NONE',  ( -64.95190528383272976, 74.99999999999967315, 145.0000000000000284 ) ) ;
#294 = ORIENTED_EDGE ( 'NONE', *, *, #2239, .F. ) ;
#295 = CARTESIAN_POINT ( 'NONE',  ( 0.000000000000000000, 32.00000000000000000, 0.000000000000000000 ) ) ;
#296 = VECTOR ( 'NONE', #1745, 1000.000000000000000 ) ;
#297 = AXIS2_PLACEMENT_3D ( 'NONE', #616, #1022, #2287 ) ;
#298 = DIRECTION ( 'NONE',  ( -0.000000000000000000, 0.000000000000000000, -1.000000000000000000 ) ) ;
#299 = DIRECTION ( 'NONE',  ( -0.000000000000000000, 1.000000000000000000, -0.000000000000000000 ) ) ;
#300 = CARTESIAN_POINT ( 'NONE',  ( -3.671150695135530828, 84.72636919506560105, -96.93485964661525145 ) ) ;
#301 = ORIENTED_EDGE ( 'NONE', *, *, #671, .F. ) ;
#302 = CARTESIAN_POINT ( 'NONE',  ( -14.06640101111368679, 136.7783376196762504, 95.98685523772313388 ) ) ;
#303 = CARTESIAN_POINT ( 'NONE',  ( 151.5544456622763789, 32.00000000000000000, 111.0000000000007105 ) ) ;
#304 = ORIENTED_EDGE ( 'NONE', *, *, #399, .F. ) ;
#305 = FACE_OUTER_BOUND ( 'NONE', #2398, .T. ) ;
#306 = AXIS2_PLACEMENT_3D ( 'NONE', #1327, #2159, #1952 ) ;
#307 = EDGE_CURVE ( 'NONE', #2690, #1392, #1192, .T. ) ;
#308 = VECTOR ( 'NONE', #755, 1000.000000000000000 ) ;
#309 = CARTESIAN_POINT ( 'NONE',  ( 0.000000000000000000, 32.00000000000000000, 0.000000000000000000 ) ) ;
#310 = CARTESIAN_POINT ( 'NONE',  ( 90.82532423986678793, 70.53477689016257557, 106.5529336493463575 ) ) ;
#311 = CARTESIAN_POINT ( 'NONE',  ( -96.43285207497262945, 139.1730178861037359, 101.5011745558704348 ) ) ;
#312 = EDGE_CURVE ( 'NONE', #2479, #2527, #631, .T. ) ;
#313 = EDGE_LOOP ( 'NONE', ( #1151, #207, #429, #1529 ) ) ;
#314 = CARTESIAN_POINT ( 'NONE',  ( 7.708550503782213958, 85.57811142715073061, -139.7883077123270255 ) ) ;
#315 = PLANE ( 'NONE',  #76 ) ;
#316 = ORIENTED_EDGE ( 'NONE', *, *, #2101, .F. ) ;
#317 = DIRECTION ( 'NONE',  ( 0.000000000000000000, -0.000000000000000000, 1.000000000000000000 ) ) ;
#318 = FACE_OUTER_BOUND ( 'NONE', #2302, .T. ) ;
#319 = CARTESIAN_POINT ( 'NONE',  ( 24.28515221552325087, 126.5560942727467761, 93.91660535563974577 ) ) ;
#320 = AXIS2_PLACEMENT_3D ( 'NONE', #49, #1933, #61 ) ;
#321 = CARTESIAN_POINT ( 'NONE',  ( 121.0589888510678236, 193.0000000000000000, 127.1235676570872641 ) ) ;
#322 = CARTESIAN_POINT ( 'NONE',  ( -18.48721300969221559, 133.5492046540938702, -138.7758490223284866 ) ) ;
#323 = ORIENTED_EDGE ( 'NONE', *, *, #793, .F. ) ;
#324 = CARTESIAN_POINT ( 'NONE',  ( 138.1729538226551881, 32.00000000000000000, 22.54406422813796240 ) ) ;
#325 = CARTESIAN_POINT ( 'NONE',  ( -88.61020923744356992, 32.00000000000000000, 108.3892560122841502 ) ) ;
#326 = ORIENTED_EDGE ( 'NONE', *, *, #2011, .T. ) ;
#327 = CARTESIAN_POINT ( 'NONE',  ( -9.039279244680285430, 139.0048093261148949, -96.57889156892716187 ) ) ;
#328 = CARTESIAN_POINT ( 'NONE',  ( -121.0589888510695715, 225.0000000000000000, 127.1235676570855446 ) ) ;
#329 = DIRECTION ( 'NONE',  ( 0.000000000000000000, 1.000000000000000000, 0.000000000000000000 ) ) ;
#330 = DIRECTION ( 'NONE',  ( 0.000000000000000000, 0.000000000000000000, 1.000000000000000000 ) ) ;
#331 = DIRECTION ( 'NONE',  ( 0.000000000000000000, 0.000000000000000000, -1.000000000000000000 ) ) ;
#332 = CARTESIAN_POINT ( 'NONE',  ( -138.1729538226554723, 0.000000000000000000, 22.54406422813604038 ) ) ;
#333 = EDGE_CURVE ( 'NONE', #1595, #1021, #1506, .T. ) ;
#334 = FACE_OUTER_BOUND ( 'NONE', #1316, .T. ) ;
#335 = CARTESIAN_POINT ( 'NONE',  ( -24.25243639382129146, 126.5010983612477276, -137.8835628652463470 ) ) ;
#336 = CARTESIAN_POINT ( 'NONE',  ( -138.1729538226554723, 225.0000000000000000, 22.54406422813604038 ) ) ;
#337 = ORIENTED_EDGE ( 'NONE', *, *, #1644, .F. ) ;
#338 = CARTESIAN_POINT ( 'NONE',  ( 0.000000000000000000, 32.00000000000000000, 0.000000000000000000 ) ) ;
#339 = CARTESIAN_POINT ( 'NONE',  ( -73.18768269284566941, 44.28381725121455759, 119.3740566578856459 ) ) ;
#340 = EDGE_LOOP ( 'NONE', ( #2659, #161 ) ) ;
#341 = CARTESIAN_POINT ( 'NONE',  ( -7.275121027546553876, 139.5540864147106674, -96.73084775508979760 ) ) ;
#342 = DIRECTION ( 'NONE',  ( 0.000000000000000000, 1.000000000000000000, 0.000000000000000000 ) ) ;
#343 = VECTOR ( 'NONE', #455, 1000.000000000000000 ) ;
#344 = ORIENTED_EDGE ( 'NONE', *, *, #2590, .F. ) ;
#345 = LINE ( 'NONE', #2618, #420 ) ;
#346 = EDGE_CURVE ( 'NONE', #1304, #459, #1889, .T. ) ;
#347 = AXIS2_PLACEMENT_3D ( 'NONE', #229, #1826, #1053 ) ;
#348 = DIRECTION ( 'NONE',  ( -0.000000000000000000, 1.000000000000000000, -0.000000000000000000 ) ) ;
#349 = CARTESIAN_POINT ( 'NONE',  ( 49.56274458521270532, 225.0000000000000000, -0.000000000000000000 ) ) ;
#350 = CARTESIAN_POINT ( 'NONE',  ( -151.5544456622775442, 0.000000000000000000, 63.99999999999858602 ) ) ;
#351 = CARTESIAN_POINT ( 'NONE',  ( -23.53203794410264038, 127.6807456385388235, -138.0083711288779682 ) ) ;
#352 = DIRECTION ( 'NONE',  ( 0.000000000000000000, -1.000000000000000000, 0.000000000000000000 ) ) ;
#353 = EDGE_CURVE ( 'NONE', #708, #829, #1369, .T. ) ;
#354 = EDGE_CURVE ( 'NONE', #1903, #14, #2519, .T. ) ;
#355 = VERTEX_POINT ( 'NONE', #1085 ) ;
#356 = LINE ( 'NONE', #1182, #1073 ) ;
#357 = DIRECTION ( 'NONE',  ( 1.000000000000000000, 0.000000000000000000, -0.000000000000000000 ) ) ;
#358 = ORIENTED_EDGE ( 'NONE', *, *, #1887, .T. ) ;
#359 = DIRECTION ( 'NONE',  ( 0.000000000000000000, 0.000000000000000000, 1.000000000000000000 ) ) ;
#360 = CARTESIAN_POINT ( 'NONE',  ( 17.02403101003420005, 211.0978161918177989, 139.0010607400320737 ) ) ;
#361 = DIRECTION ( 'NONE',  ( 0.000000000000000000, 1.000000000000000000, 0.000000000000000000 ) ) ;
#362 = EDGE_CURVE ( 'NONE', #2502, #1364, #467, .T. ) ;
#363 = EDGE_CURVE ( 'NONE', #14, #1903, #1500, .T. ) ;
#364 = ORIENTED_EDGE ( 'NONE', *, *, #1071, .F. ) ;
#365 = CARTESIAN_POINT ( 'NONE',  ( 151.5544456622763789, 193.0000000000000000, 64.00000000000072475 ) ) ;
#366 = DIRECTION ( 'NONE',  ( 0.000000000000000000, 1.000000000000000000, 0.000000000000000000 ) ) ;
#367 = CARTESIAN_POINT ( 'NONE',  ( 0.000000000000000000, 32.00000000000000000, -225.0000000000000000 ) ) ;
#368 = CARTESIAN_POINT ( 'NONE',  ( 25.16122742075318186, 124.9202132034139510, -137.7222633409657249 ) ) ;
#369 = LINE ( 'NONE', #1223, #1088 ) ;
#370 = VERTEX_POINT ( 'NONE', #691 ) ;
#371 = ORIENTED_EDGE ( 'NONE', *, *, #2357, .T. ) ;
#372 = DIRECTION ( 'NONE',  ( -0.000000000000000000, -1.000000000000000000, -0.000000000000000000 ) ) ;
#373 = CARTESIAN_POINT ( 'NONE',  ( -75.29899877378674944, 46.62059929491240240, 118.0502830869551047 ) ) ;
#374 = CARTESIAN_POINT ( 'NONE',  ( -25.11793735605149180, 124.9065287372531827, -93.69251541579777154 ) ) ;
#375 = CARTESIAN_POINT ( 'NONE',  ( -28.00000000000000000, 112.5000000000000000, -137.1714255958580111 ) ) ;
#376 = EDGE_LOOP ( 'NONE', ( #924, #1494, #1066, #583 ) ) ;
#377 = VERTEX_POINT ( 'NONE', #1519 ) ;
#378 = CARTESIAN_POINT ( 'NONE',  ( 12.00000000000000711, 187.5000000000000000, 145.0000000000000284 ) ) ;
#379 = PRODUCT_DEFINITION_FORMATION_WITH_SPECIFIED_SOURCE ( 'ANY', '', #2250, .NOT_KNOWN. ) ;
#380 = CYLINDRICAL_SURFACE ( 'NONE', #1775, 97.00000000000000000 ) ;
#381 = AXIS2_PLACEMENT_3D ( 'NONE', #3, #2318, #413 ) ;
#382 = DIRECTION ( 'NONE',  ( -0.000000000000000000, 1.000000000000000000, -0.000000000000000000 ) ) ;
#383 = CARTESIAN_POINT ( 'NONE',  ( 0.000000000000000000, 140.5000000000000000, -140.0000000000000284 ) ) ;
#384 = ORIENTED_EDGE ( 'NONE', *, *, #2344, .T. ) ;
#385 = CARTESIAN_POINT ( 'NONE',  ( 1.714505518806294914E-14, 225.0000000000000000, 140.0000000000000284 ) ) ;
#386 = DIRECTION ( 'NONE',  ( 0.000000000000000000, 1.000000000000000000, 0.000000000000000000 ) ) ;
#387 = CIRCLE ( 'NONE', #37, 50.00000000000000711 ) ;
#388 = DIRECTION ( 'NONE',  ( 1.000000000000000000, 0.000000000000000000, 0.000000000000000000 ) ) ;
#389 = CARTESIAN_POINT ( 'NONE',  ( 13.67777284978102337, 211.6190152532314812, 139.3718712223011664 ) ) ;
#390 = ORIENTED_EDGE ( 'NONE', *, *, #1079, .F. ) ;
#391 = CARTESIAN_POINT ( 'NONE',  ( -0.9185670278008677414, 84.49999999999997158, 96.99999999999997158 ) ) ;
#392 = EDGE_CURVE ( 'NONE', #1232, #211, #2365, .T. ) ;
#393 = ORIENTED_EDGE ( 'NONE', *, *, #1113, .F. ) ;
#394 = DIRECTION ( 'NONE',  ( 0.000000000000000000, 1.000000000000000000, 0.000000000000000000 ) ) ;
#395 = VECTOR ( 'NONE', #274, 1000.000000000000000 ) ;
#396 = VECTOR ( 'NONE', #2224, 1000.000000000000000 ) ;
#397 = CARTESIAN_POINT ( 'NONE',  ( 88.61020923744207778, 32.00000000000000000, 108.3892560122854150 ) ) ;
#398 = EDGE_CURVE ( 'NONE', #1472, #936, #1848, .T. ) ;
#399 = EDGE_CURVE ( 'NONE', #641, #1663, #2415, .T. ) ;
#400 = ORIENTED_EDGE ( 'NONE', *, *, #2713, .T. ) ;
#401 = LINE ( 'NONE', #1652, #1812 ) ;
#402 = CARTESIAN_POINT ( 'NONE',  ( -59.05003448769350882, 31.73232753693320518, 126.9704577846725044 ) ) ;
#403 = PLANE ( 'NONE',  #2583 ) ;
#404 = CARTESIAN_POINT ( 'NONE',  ( 61.54806322477061542, 191.3797226677650372, 125.7753163638119815 ) ) ;
#405 = ORIENTED_EDGE ( 'NONE', *, *, #1077, .T. ) ;
#406 = CARTESIAN_POINT ( 'NONE',  ( -19.16614969173711103, 92.06731338854591229, 95.08992747377287458 ) ) ;
#407 = VERTEX_POINT ( 'NONE', #2598 ) ;
#408 = CARTESIAN_POINT ( 'NONE',  ( -151.5544456622775442, 225.0000000000000000, 63.99999999999858602 ) ) ;
#409 = FACE_OUTER_BOUND ( 'NONE', #2371, .T. ) ;
#410 = ORIENTED_EDGE ( 'NONE', *, *, #651, .F. ) ;
#411 = VERTEX_POINT ( 'NONE', #1760 ) ;
#412 = ORIENTED_EDGE ( 'NONE', *, *, #2713, .F. ) ;
#413 = DIRECTION ( 'NONE',  ( 0.000000000000000000, 0.000000000000000000, -1.000000000000000000 ) ) ;
#414 = LINE ( 'NONE', #2541, #2716 ) ;
#415 = DIRECTION ( 'NONE',  ( 0.000000000000000000, -1.000000000000000000, 0.000000000000000000 ) ) ;
#416 = VECTOR ( 'NONE', #966, 1000.000000000000000 ) ;
#417 = CARTESIAN_POINT ( 'NONE',  ( 89.43134875933824901, 157.3577961264693954, 107.7304743355296779 ) ) ;
#418 = ORIENTED_EDGE ( 'NONE', *, *, #793, .T. ) ;
#419 = CARTESIAN_POINT ( 'NONE',  ( -21.10441105728466837, 94.00817103158699695, 94.68551229105234768 ) ) ;
#420 = VECTOR ( 'NONE', #955, 1000.000000000000000 ) ;
#421 = EDGE_LOOP ( 'NONE', ( #1247, #2342 ) ) ;
#422 = ORIENTED_EDGE ( 'NONE', *, *, #353, .F. ) ;
#423 = VECTOR ( 'NONE', #799, 1000.000000000000000 ) ;
#424 = CARTESIAN_POINT ( 'NONE',  ( 25.14526624756480189, 100.0469081640438560, 93.68698048560193570 ) ) ;
#425 = ORIENTED_EDGE ( 'NONE', *, *, #2376, .F. ) ;
#426 = CARTESIAN_POINT ( 'NONE',  ( 0.000000000000000000, 0.000000000000000000, -97.00000000000000000 ) ) ;
#427 = AXIS2_PLACEMENT_3D ( 'NONE', #498, #1957, #1134 ) ;
#428 = EDGE_CURVE ( 'NONE', #204, #411, #713, .T. ) ;
#429 = ORIENTED_EDGE ( 'NONE', *, *, #1358, .F. ) ;
#430 = ORIENTED_EDGE ( 'NONE', *, *, #1080, .F. ) ;
#431 = DIRECTION ( 'NONE',  ( 0.000000000000000000, 1.000000000000000000, 0.000000000000000000 ) ) ;
#432 = CARTESIAN_POINT ( 'NONE',  ( 22.21314936491521408, 129.5705685417082407, -94.42418775955678711 ) ) ;
#433 = CYLINDRICAL_SURFACE ( 'NONE', #347, 50.00000000000000000 ) ;
#434 = VECTOR ( 'NONE', #282, 999.9999999999998863 ) ;
#435 = CYLINDRICAL_SURFACE ( 'NONE', #1974, 23.49999999999999289 ) ;
#436 = ORIENTED_EDGE ( 'NONE', *, *, #201, .F. ) ;
#437 = ORIENTED_EDGE ( 'NONE', *, *, #1286, .T. ) ;
#438 = ORIENTED_EDGE ( 'NONE', *, *, #1638, .T. ) ;
#439 = DIRECTION ( 'NONE',  ( 1.000000000000000000, 0.000000000000000000, 0.000000000000000000 ) ) ;
#440 = ADVANCED_FACE ( 'NONE', ( #2215, #1785 ), #1173, .F. ) ;
#441 = CARTESIAN_POINT ( 'NONE',  ( -28.00000000000000000, 112.5000000000000000, 134.9999999999999716 ) ) ;
#442 = VERTEX_POINT ( 'NONE', #2008 ) ;
#443 = CIRCLE ( 'NONE', #1999, 50.00000000000000711 ) ;
#444 = VECTOR ( 'NONE', #1206, 1000.000000000000000 ) ;
#445 = ORIENTED_EDGE ( 'NONE', *, *, #2421, .T. ) ;
#446 = CARTESIAN_POINT ( 'NONE',  ( -22.21449814335508322, 95.43103655317456457, -94.42388207320088611 ) ) ;
#447 = EDGE_CURVE ( 'NONE', #1280, #1457, #1978, .T. ) ;
#448 = CARTESIAN_POINT ( 'NONE',  ( 151.5544456622763789, 193.0000000000000000, 111.0000000000007105 ) ) ;
#449 = PLANE ( 'NONE',  #868 ) ;
#450 = ORIENTED_EDGE ( 'NONE', *, *, #2680, .T. ) ;
#451 = CARTESIAN_POINT ( 'NONE',  ( 0.000000000000000000, 225.0000000000000000, 0.000000000000000000 ) ) ;
#452 = ORIENTED_EDGE ( 'NONE', *, *, #559, .T. ) ;
#453 = ORIENTED_EDGE ( 'NONE', *, *, #1447, .F. ) ;
#454 = CARTESIAN_POINT ( 'NONE',  ( 151.5544456622763789, 0.000000000000000000, 87.50000000000071054 ) ) ;
#455 = DIRECTION ( 'NONE',  ( 0.000000000000000000, -1.000000000000000000, 0.000000000000000000 ) ) ;
#456 = ADVANCED_FACE ( 'NONE', ( #318 ), #747, .T. ) ;
#457 = CARTESIAN_POINT ( 'NONE',  ( 20.43303697010577835, 93.33451572199503232, 94.82574371669274171 ) ) ;
#458 = VERTEX_POINT ( 'NONE', #906 ) ;
#459 = VERTEX_POINT ( 'NONE', #1961 ) ;
#460 = CARTESIAN_POINT ( 'NONE',  ( -14.03861931692239295, 88.25607612445837447, -95.98224090422893084 ) ) ;
#461 = PLANE ( 'NONE',  #1997 ) ;
#462 = CARTESIAN_POINT ( 'NONE',  ( 11.58769255929283837, 86.99391920656540833, -96.30911737923243265 ) ) ;
#463 = CARTESIAN_POINT ( 'NONE',  ( -11.14636253800589216, 86.81015179667036819, -139.5562202125166777 ) ) ;
#464 = EDGE_LOOP ( 'NONE', ( #2003, #1682 ) ) ;
#465 = CARTESIAN_POINT ( 'NONE',  ( 0.000000000000000000, 112.5000000000000000, 160.0000000000000000 ) ) ;
#466 = VECTOR ( 'NONE', #1545, 1000.000000000000000 ) ;
#467 = LINE ( 'NONE', #1294, #1458 ) ;
#468 = ORIENTED_EDGE ( 'NONE', *, *, #363, .F. ) ;
#469 = CARTESIAN_POINT ( 'NONE',  ( -16.89200750132588880, 211.1214119677397605, 139.0177949772138106 ) ) ;
#470 = CARTESIAN_POINT ( 'NONE',  ( 88.61020923744206357, 0.000000000000000000, 108.3892560122854007 ) ) ;
#471 = CARTESIAN_POINT ( 'NONE',  ( 17.10156852641859260, 90.25443520391301888, -95.49290353070377080 ) ) ;
#472 = CARTESIAN_POINT ( 'NONE',  ( 1.714505518806294914E-14, 225.0000000000000000, 140.0000000000000284 ) ) ;
#473 = ORIENTED_EDGE ( 'NONE', *, *, #2549, .T. ) ;
#474 = CARTESIAN_POINT ( 'NONE',  ( 24.78137229260595120, 225.0000000000000000, 42.92259589207406378 ) ) ;
#475 = ORIENTED_EDGE ( 'NONE', *, *, #1798, .T. ) ;
#476 = DIRECTION ( 'NONE',  ( 0.000000000000000000, 0.000000000000000000, 1.000000000000000000 ) ) ;
#477 = CARTESIAN_POINT ( 'NONE',  ( 99.13031692393329308, 98.91378366297877278, 98.86061488696508093 ) ) ;
#478 = ADVANCED_FACE ( 'NONE', ( #124 ), #929, .F. ) ;
#479 = PRODUCT_DEFINITION ( 'UNKNOWN', '', #379, #1689 ) ;
#480 = ORIENTED_EDGE ( 'NONE', *, *, #946, .T. ) ;
#481 = VECTOR ( 'NONE', #2514, 1000.000000000000000 ) ;
#482 = CARTESIAN_POINT ( 'NONE',  ( -51.04616945556733754, 198.5523809058691995, 130.3979656086228829 ) ) ;
#483 = ADVANCED_FACE ( 'NONE', ( #2584 ), #536, .F. ) ;
#484 = CARTESIAN_POINT ( 'NONE',  ( 0.000000000000000000, 193.0000000000000000, -175.0000000000000000 ) ) ;
#485 = EDGE_CURVE ( 'NONE', #65, #2628, #513, .T. ) ;
#486 = VECTOR ( 'NONE', #1787, 1000.000000000000000 ) ;
#487 = DIRECTION ( 'NONE',  ( 0.000000000000000000, 1.000000000000000000, 0.000000000000000000 ) ) ;
#488 = CARTESIAN_POINT ( 'NONE',  ( -22.76433821598581275, 96.17168410328993389, -138.1377883909387663 ) ) ;
#489 = VERTEX_POINT ( 'NONE', #2432 ) ;
#490 = PLANE ( 'NONE',  #893 ) ;
#491 = CARTESIAN_POINT ( 'NONE',  ( 49.56274458521270532, 193.0000000000000000, -168.4019435300256760 ) ) ;
#492 = CARTESIAN_POINT ( 'NONE',  ( 99.98603413882118218, 110.7741243010199526, 97.99384185117489210 ) ) ;
#493 = PRODUCT_CONTEXT ( 'NONE', #1391, 'mechanical' ) ;
#494 = ORIENTED_EDGE ( 'NONE', *, *, #2091, .T. ) ;
#495 = CARTESIAN_POINT ( 'NONE',  ( -53.79772608254980071, 196.8567617938657008, 129.2832236997144548 ) ) ;
#496 = LINE ( 'NONE', #910, #42 ) ;
#497 = CARTESIAN_POINT ( 'NONE',  ( -27.95510006973669803, 114.3322116827821873, 92.88445101064237974 ) ) ;
#498 = CARTESIAN_POINT ( 'NONE',  ( 0.000000000000000000, 187.5000000000000000, 145.0000000000000284 ) ) ;
#499 = VERTEX_POINT ( 'NONE', #700 ) ;
#500 = LINE ( 'NONE', #474, #200 ) ;
#501 = B_SPLINE_CURVE_WITH_KNOTS ( 'NONE', 3,
 ( #2230, #792, #1628, #967, #2665, #2068, #203, #1203, #807, #2057, #2040, #564, #417, #1640, #1425, #2278, #2476, #605, #981, #1453, #2261, #188, #588, #1437, #1800, #775, #1601, #404, #1025, #1857, #2243, #761, #1814, #2647, #2291, #2709, #1617, #2445, #1828, #1656, #1398, #360, #389, #2501, #2024, #2461, #575, #1412 ),
 .UNSPECIFIED., .F., .F.,
 ( 4, 2, 2, 2, 2, 2, 2, 2, 2, 2, 2, 2, 2, 2, 2, 2, 2, 2, 2, 2, 2, 2, 2, 4 ),
 ( 0.000000000000000000, 0.01016376717177947323, 0.02032753434355898808, 0.02540941792944871255, 0.03049130151533843355, 0.04065506868711795535, 0.05081883585889748756, 0.05590071944478729876, 0.06098260303067711691, 0.07114637020245667687, 0.08131013737423624377, 0.08639202096012606191, 0.08893296275307095711, 0.09147390454601585230, 0.1016376717177955719, 0.1118014388895752637, 0.1219652060613549832, 0.1270470896472448430, 0.1295880314401897382, 0.1321289732331346334, 0.1422927404049142419, 0.1524565075766938227, 0.1575383911625836408, 0.1626202747484734590 ),
 .UNSPECIFIED. ) ;
#502 = FACE_OUTER_BOUND ( 'NONE', #2095, .T. ) ;
#503 = CARTESIAN_POINT ( 'NONE',  ( 99.77933870057277943, 105.6446468869253437, 98.20437516570625291 ) ) ;
#504 = AXIS2_PLACEMENT_3D ( 'NONE', #2200, #100, #1353 ) ;
#505 = CARTESIAN_POINT ( 'NONE',  ( -66.46657181392238556, 187.2308892115172512, 123.2232606044201333 ) ) ;
#506 = EDGE_CURVE ( 'NONE', #1987, #1265, #1534, .T. ) ;
#507 = CARTESIAN_POINT ( 'NONE',  ( 22.77081163940497177, 96.18063859565076257, -138.1367229948769193 ) ) ;
#508 = DIRECTION ( 'NONE',  ( 1.000000000000000000, 0.000000000000000000, -0.000000000000000000 ) ) ;
#509 = ORIENTED_EDGE ( 'NONE', *, *, #112, .F. ) ;
#510 = DIRECTION ( 'NONE',  ( -0.000000000000000000, -1.000000000000000000, -0.000000000000000000 ) ) ;
#511 = VECTOR ( 'NONE', #121, 1000.000000000000000 ) ;
#512 = AXIS2_PLACEMENT_3D ( 'NONE', #1635, #2691, #949 ) ;
#513 = LINE ( 'NONE', #1366, #668 ) ;
#514 = CARTESIAN_POINT ( 'NONE',  ( 9.058628606165990860, 139.0103664048917551, -96.58018441673033294 ) ) ;
#515 = EDGE_CURVE ( 'NONE', #1970, #2508, #526, .T. ) ;
#516 = CARTESIAN_POINT ( 'NONE',  ( 24.78137229260655516, 193.0000000000000000, -42.92259589207372272 ) ) ;
#517 = DIRECTION ( 'NONE',  ( 0.8660254037844431485, 0.000000000000000000, -0.4999999999999920619 ) ) ;
#518 = CARTESIAN_POINT ( 'NONE',  ( -151.5544456622775442, 32.00000000000000000, 110.9999999999985931 ) ) ;
#519 = CARTESIAN_POINT ( 'NONE',  ( -46.74173596176708401, 200.9188387064334052, 131.9755482353416767 ) ) ;
#520 = VERTEX_POINT ( 'NONE', #2188 ) ;
#521 = CARTESIAN_POINT ( 'NONE',  ( -19.15882261566752476, 132.9395135040566345, 95.09140085262991704 ) ) ;
#522 = ORIENTED_EDGE ( 'NONE', *, *, #1308, .F. ) ;
#523 = CARTESIAN_POINT ( 'NONE',  ( -17.06985436473923201, 134.6997980810236584, -95.48696314637101068 ) ) ;
#524 = VECTOR ( 'NONE', #1996, 1000.000000000000000 ) ;
#525 = AXIS2_PLACEMENT_3D ( 'NONE', #133, #2637, #1374 ) ;
#526 = LINE ( 'NONE', #1571, #1578 ) ;
#527 = CYLINDRICAL_SURFACE ( 'NONE', #2220, 23.49999999999999289 ) ;
#528 = DIRECTION ( 'NONE',  ( 0.5000000000000039968, 0.000000000000000000, -0.8660254037844363761 ) ) ;
#529 = DIRECTION ( 'NONE',  ( 0.000000000000000000, 0.000000000000000000, 1.000000000000000000 ) ) ;
#530 = CARTESIAN_POINT ( 'NONE',  ( 26.03784077348545622, 122.8072869460488192, -137.5574886072072047 ) ) ;
#531 = ORIENTED_EDGE ( 'NONE', *, *, #2127, .T. ) ;
#532 = CARTESIAN_POINT ( 'NONE',  ( -16.33119056826621929, 135.2621954865536793, 95.61839372516797653 ) ) ;
#533 = DIRECTION ( 'NONE',  ( 0.000000000000000000, -0.000000000000000000, 1.000000000000000000 ) ) ;
#534 = ORIENTED_EDGE ( 'NONE', *, *, #1606, .T. ) ;
#535 = FACE_OUTER_BOUND ( 'NONE', #1426, .T. ) ;
#536 = CYLINDRICAL_SURFACE ( 'NONE', #60, 50.00000000000000000 ) ;
#537 = CARTESIAN_POINT ( 'NONE',  ( -170.6217334362814881, 193.0000000000000000, 41.27837587293742416 ) ) ;
#538 = ADVANCED_FACE ( 'NONE', ( #502 ), #1333, .T. ) ;
#539 = CARTESIAN_POINT ( 'NONE',  ( 0.000000000000000000, 32.00000000000000000, -175.0000000000000000 ) ) ;
#540 = CARTESIAN_POINT ( 'NONE',  ( 4.575300272253448597, 84.87247796387094922, -96.89311500392946641 ) ) ;
#541 = CIRCLE ( 'NONE', #2639, 50.00000000000002842 ) ;
#542 = CYLINDRICAL_SURFACE ( 'NONE', #1954, 28.00000000000000000 ) ;
#543 = CARTESIAN_POINT ( 'NONE',  ( -19.16395152284099979, 132.9345995660040387, -138.6836904925486067 ) ) ;
#544 = CARTESIAN_POINT ( 'NONE',  ( 64.95190528383324136, 75.00000000000061107, 145.0000000000000284 ) ) ;
#545 = VERTEX_POINT ( 'NONE', #1126 ) ;
#546 = CARTESIAN_POINT ( 'NONE',  ( 27.28041676022535356, 106.1271793391807137, -137.3164667870374274 ) ) ;
#547 = CARTESIAN_POINT ( 'NONE',  ( -86.35644964569198123, 61.97662619050555577, 110.2104428821268698 ) ) ;
#548 = EDGE_CURVE ( 'NONE', #2301, #1040, #2190, .T. ) ;
#549 = ORIENTED_EDGE ( 'NONE', *, *, #2075, .F. ) ;
#550 = CARTESIAN_POINT ( 'NONE',  ( -27.05234361980137692, 119.7811968063564052, -93.15174940466626197 ) ) ;
#551 = DIRECTION ( 'NONE',  ( -0.8660254037844363761, 0.000000000000000000, -0.5000000000000039968 ) ) ;
#552 = CARTESIAN_POINT ( 'NONE',  ( 0.000000000000000000, 32.00000000000000000, -175.0000000000000000 ) ) ;
#553 = EDGE_CURVE ( 'NONE', #1725, #1438, #918, .T. ) ;
#554 = LINE ( 'NONE', #2435, #2180 ) ;
#555 = CIRCLE ( 'NONE', #1125, 23.49999999999999289 ) ;
#556 = CARTESIAN_POINT ( 'NONE',  ( 2.877919977996280320E-15, 193.0000000000000000, -198.4999999999999716 ) ) ;
#557 = CARTESIAN_POINT ( 'NONE',  ( -24.47834862403151490, 126.1021921617772819, -137.8436013125201214 ) ) ;
#558 = ORIENTED_EDGE ( 'NONE', *, *, #1728, .T. ) ;
#559 = EDGE_CURVE ( 'NONE', #2715, #1895, #1713, .T. ) ;
#560 = CARTESIAN_POINT ( 'NONE',  ( 0.000000000000000000, 225.0000000000000000, -175.0000000000000000 ) ) ;
#561 = CARTESIAN_POINT ( 'NONE',  ( -33.17646465295645442, 18.10447190898231540, 136.0514575373390755 ) ) ;
#562 = ORIENTED_EDGE ( 'NONE', *, *, #2421, .F. ) ;
#563 = CARTESIAN_POINT ( 'NONE',  ( -26.20719096126109449, 122.4001887841876339, -93.39333347695851728 ) ) ;
#564 = CARTESIAN_POINT ( 'NONE',  ( 90.82178852872623054, 154.4739405373923091, 106.5560575702028814 ) ) ;
#565 = VERTEX_POINT ( 'NONE', #141 ) ;
#566 = CARTESIAN_POINT ( 'NONE',  ( 17.07336150927690710, 134.7110116553355397, 95.48828303648410554 ) ) ;
#567 = EDGE_LOOP ( 'NONE', ( #1929, #1057, #58, #2525 ) ) ;
#568 = CARTESIAN_POINT ( 'NONE',  ( 0.000000000000000000, 32.00000000000000000, -198.4999999999999716 ) ) ;
#569 = PLANE ( 'NONE',  #2172 ) ;
#570 = CARTESIAN_POINT ( 'NONE',  ( 3.683910587814290594, 140.3176523078400351, -139.9631964402894084 ) ) ;
#571 = ORIENTED_EDGE ( 'NONE', *, *, #682, .F. ) ;
#572 = CARTESIAN_POINT ( 'NONE',  ( -24.78137229260595120, 193.0000000000000000, -42.92259589207406378 ) ) ;
#573 = CARTESIAN_POINT ( 'NONE',  ( -99.82851221731550595, 105.7181536198609706, 98.15556010584589330 ) ) ;
#574 = CARTESIAN_POINT ( 'NONE',  ( -10.33791786581682892, 138.5257150422459063, -96.44847847789256434 ) ) ;
#575 = CARTESIAN_POINT ( 'NONE',  ( 1.710140878363979766, 212.4999999999999716, 140.0000000000000000 ) ) ;
#576 = ORIENTED_EDGE ( 'NONE', *, *, #362, .T. ) ;
#577 = CARTESIAN_POINT ( 'NONE',  ( -2.594492523122586401E-15, 140.5000000000002558, 97.00000000000007105 ) ) ;
#578 = DIRECTION ( 'NONE',  ( -0.000000000000000000, 1.000000000000000000, -0.000000000000000000 ) ) ;
#579 = LINE ( 'NONE', #556, #689 ) ;
#580 = CARTESIAN_POINT ( 'NONE',  ( -27.27053135233400383, 118.8664443270041602, -137.3183573312575732 ) ) ;
#581 = CARTESIAN_POINT ( 'NONE',  ( 151.5544456622763789, 225.0000000000000000, 87.50000000000071054 ) ) ;
#582 = EDGE_LOOP ( 'NONE', ( #10, #2063, #1611, #1174 ) ) ;
#583 = ORIENTED_EDGE ( 'NONE', *, *, #506, .T. ) ;
#584 = DIRECTION ( 'NONE',  ( 0.000000000000000000, 1.000000000000000000, 0.000000000000000000 ) ) ;
#585 = EDGE_CURVE ( 'NONE', #2165, #1664, #2418, .T. ) ;
#586 = FACE_OUTER_BOUND ( 'NONE', #2493, .T. ) ;
#587 = DIRECTION ( 'NONE',  ( 0.000000000000000000, 0.000000000000000000, 1.000000000000000000 ) ) ;
#588 = CARTESIAN_POINT ( 'NONE',  ( 68.76664655708744078, 185.1200164517030089, 121.9546300427361558 ) ) ;
#589 = ORIENTED_EDGE ( 'NONE', *, *, #553, .T. ) ;
#590 = DIRECTION ( 'NONE',  ( 0.000000000000000000, 1.000000000000000000, 0.000000000000000000 ) ) ;
#591 = ORIENTED_EDGE ( 'NONE', *, *, #1781, .F. ) ;
#592 = EDGE_CURVE ( 'NONE', #1050, #1280, #1010, .T. ) ;
#593 = CARTESIAN_POINT ( 'NONE',  ( 24.78137229260595120, 32.00000000000000000, 42.92259589207406378 ) ) ;
#594 = AXIS2_PLACEMENT_3D ( 'NONE', #1309, #299, #257 ) ;
#595 = CARTESIAN_POINT ( 'NONE',  ( -151.5544456622775442, 32.00000000000000000, 87.49999999999859313 ) ) ;
#596 = EDGE_CURVE ( 'NONE', #2508, #1663, #1360, .T. ) ;
#597 = AXIS2_PLACEMENT_3D ( 'NONE', #1854, #628, #2077 ) ;
#598 = EDGE_CURVE ( 'NONE', #2207, #232, #501, .T. ) ;
#599 = PLANE ( 'NONE',  #1296 ) ;
#600 = DIRECTION ( 'NONE',  ( 0.000000000000000000, 0.000000000000000000, 1.000000000000000000 ) ) ;
#601 = ORIENTED_EDGE ( 'NONE', *, *, #1878, .T. ) ;
#602 = DIRECTION ( 'NONE',  ( -0.000000000000000000, -0.000000000000000000, 1.000000000000000000 ) ) ;
#603 = CARTESIAN_POINT ( 'NONE',  ( 0.000000000000000000, 225.0000000000000000, 0.000000000000000000 ) ) ;
#604 = DIRECTION ( 'NONE',  ( 0.000000000000000000, 0.000000000000000000, 1.000000000000000000 ) ) ;
#605 = CARTESIAN_POINT ( 'NONE',  ( 81.19428974118538633, 170.9594530855676453, 114.0714756668409251 ) ) ;
#606 = ORIENTED_EDGE ( 'NONE', *, *, #447, .T. ) ;
#607 = CARTESIAN_POINT ( 'NONE',  ( -9.051754415805984166, 85.93950456289518058, 96.59190106331595871 ) ) ;
#608 = AXIS2_PLACEMENT_3D ( 'NONE', #2065, #2442, #137 ) ;
#609 = ORIENTED_EDGE ( 'NONE', *, *, #1860, .F. ) ;
#610 = CARTESIAN_POINT ( 'NONE',  ( 151.5544456622763789, 0.000000000000000000, 64.00000000000072475 ) ) ;
#611 = AXIS2_PLACEMENT_3D ( 'NONE', #192, #578, #1193 ) ;
#612 = VECTOR ( 'NONE', #1966, 1000.000000000000000 ) ;
#613 = CARTESIAN_POINT ( 'NONE',  ( 28.00000000000000000, 110.6387220301517118, 92.87087810503355456 ) ) ;
#614 = EDGE_LOOP ( 'NONE', ( #531, #246 ) ) ;
#615 = EDGE_LOOP ( 'NONE', ( #154, #344, #979, #2058, #1569, #2310 ) ) ;
#616 = CARTESIAN_POINT ( 'NONE',  ( 0.000000000000000000, 193.0000000000000000, 0.000000000000000000 ) ) ;
#617 = CARTESIAN_POINT ( 'NONE',  ( 27.26941276808251402, 118.8712106107500261, -93.08809186745671127 ) ) ;
#618 = CARTESIAN_POINT ( 'NONE',  ( 0.000000000000000000, 112.5000000000000000, 135.0000000000000000 ) ) ;
#619 = DIRECTION ( 'NONE',  ( 0.000000000000000000, 0.000000000000000000, 1.000000000000000000 ) ) ;
#620 = ORIENTED_EDGE ( 'NONE', *, *, #844, .T. ) ;
#621 = CARTESIAN_POINT ( 'NONE',  ( -17.07183558840376136, 90.28770591755524322, 95.48857149843227887 ) ) ;
#622 = EDGE_LOOP ( 'NONE', ( #1509, #316 ) ) ;
#623 = CARTESIAN_POINT ( 'NONE',  ( 23.58878502879629480, 15.26373090655579645, 138.0386131613919929 ) ) ;
#624 = EDGE_CURVE ( 'NONE', #1277, #565, #2263, .T. ) ;
#625 = CARTESIAN_POINT ( 'NONE',  ( 151.5544456622763789, 193.0000000000000000, 87.50000000000071054 ) ) ;
#626 = ORIENTED_EDGE ( 'NONE', *, *, #2592, .T. ) ;
#627 = ORIENTED_EDGE ( 'NONE', *, *, #111, .F. ) ;
#628 = DIRECTION ( 'NONE',  ( 0.000000000000000000, -1.000000000000000000, 0.000000000000000000 ) ) ;
#629 = DIRECTION ( 'NONE',  ( 1.000000000000000000, 0.000000000000000000, 0.000000000000000000 ) ) ;
#630 = CARTESIAN_POINT ( 'NONE',  ( 0.000000000000000000, 112.5000000000000000, -225.0020000000000095 ) ) ;
#631 = CIRCLE ( 'NONE', #1290, 50.00000000000002842 ) ;
#632 = AXIS2_PLACEMENT_3D ( 'NONE', #674, #2375, #1305 ) ;
#633 = EDGE_CURVE ( 'NONE', #411, #204, #1536, .T. ) ;
#634 = CARTESIAN_POINT ( 'NONE',  ( -22.22166830017872385, 95.44036012519791257, -138.2264133853965689 ) ) ;
#635 = VERTEX_POINT ( 'NONE', #33 ) ;
#636 = CARTESIAN_POINT ( 'NONE',  ( -27.09333563007537649, 105.1962629704854635, 93.14018127687442927 ) ) ;
#637 = CIRCLE ( 'NONE', #2645, 140.0000000000000284 ) ;
#638 = CYLINDRICAL_SURFACE ( 'NONE', #988, 28.00000000000000000 ) ;
#639 = ADVANCED_FACE ( 'NONE', ( #1039 ), #435, .F. ) ;
#640 = CARTESIAN_POINT ( 'NONE',  ( 100.0000000000000000, 112.5000000000000000, -225.0020000000000095 ) ) ;
#641 = VERTEX_POINT ( 'NONE', #1884 ) ;
#642 = VECTOR ( 'NONE', #1782, 1000.000000000000000 ) ;
#643 = CIRCLE ( 'NONE', #251, 140.0000000000000284 ) ;
#644 = ORIENTED_EDGE ( 'NONE', *, *, #1183, .F. ) ;
#645 = CARTESIAN_POINT ( 'NONE',  ( -23.76865366020460968, 97.67173942157705824, -94.04425893181310414 ) ) ;
#646 = CARTESIAN_POINT ( 'NONE',  ( -24.78137229260595120, 32.00000000000000000, -42.92259589207406378 ) ) ;
#647 = DIRECTION ( 'NONE',  ( 0.000000000000000000, 0.000000000000000000, 1.000000000000000000 ) ) ;
#648 = VECTOR ( 'NONE', #1807, 999.9999999999998863 ) ;
#649 = DIRECTION ( 'NONE',  ( -1.000000000000000000, 0.000000000000000000, 0.000000000000000000 ) ) ;
#650 = ORIENTED_EDGE ( 'NONE', *, *, #398, .T. ) ;
#651 = EDGE_CURVE ( 'NONE', #2395, #2564, #2234, .T. ) ;
#652 = DIRECTION ( 'NONE',  ( -0.000000000000000000, 1.000000000000000000, -0.000000000000000000 ) ) ;
#653 = DIRECTION ( 'NONE',  ( 1.000000000000000000, 0.000000000000000000, 0.000000000000000000 ) ) ;
#654 = DIRECTION ( 'NONE',  ( 0.000000000000000000, 0.000000000000000000, 1.000000000000000000 ) ) ;
#655 = ORIENTED_EDGE ( 'NONE', *, *, #1846, .F. ) ;
#656 = AXIS2_PLACEMENT_3D ( 'NONE', #1403, #2233, #2653 ) ;
#657 = VECTOR ( 'NONE', #1832, 1000.000000000000000 ) ;
#658 = CARTESIAN_POINT ( 'NONE',  ( -27.63434984216090839, 107.8973554580270928, -92.98052504668675056 ) ) ;
#659 = DIRECTION ( 'NONE',  ( -0.8660254037844363761, 0.000000000000000000, -0.5000000000000039968 ) ) ;
#660 = CARTESIAN_POINT ( 'NONE',  ( 24.27989772179963524, 98.43634365769784722, -93.91788808297354763 ) ) ;
#661 = CARTESIAN_POINT ( 'NONE',  ( 3.895155336266169108E-21, 84.50000000000000000, -140.0000000000000284 ) ) ;
#662 = ORIENTED_EDGE ( 'NONE', *, *, #1526, .T. ) ;
#663 = CARTESIAN_POINT ( 'NONE',  ( -88.61020923744355571, 225.0000000000000000, 108.3892560122841644 ) ) ;
#664 = ORIENTED_EDGE ( 'NONE', *, *, #2214, .F. ) ;
#665 = CARTESIAN_POINT ( 'NONE',  ( 1.714505518806294914E-14, 0.000000000000000000, 140.0000000000000284 ) ) ;
#666 = ORIENTED_EDGE ( 'NONE', *, *, #2571, .F. ) ;
#667 = CARTESIAN_POINT ( 'NONE',  ( -23.53935060497414611, 209.7046968791414656, 138.0168886078976982 ) ) ;
#668 = VECTOR ( 'NONE', #2400, 1000.000000000000000 ) ;
#669 = CARTESIAN_POINT ( 'NONE',  ( 5.033139599870344760, 84.95218125715551594, -96.87040172121558612 ) ) ;
#670 = ADVANCED_FACE ( 'NONE', ( #252 ), #1501, .F. ) ;
#671 = EDGE_CURVE ( 'NONE', #1364, #1456, #1481, .T. ) ;
#672 = CARTESIAN_POINT ( 'NONE',  ( -11.56601908520603317, 86.99628838604616021, -139.5220475118489389 ) ) ;
#673 = VERTEX_POINT ( 'NONE', #2321 ) ;
#674 = CARTESIAN_POINT ( 'NONE',  ( 0.000000000000000000, 0.000000000000000000, 0.000000000000000000 ) ) ;
#675 = ORIENTED_EDGE ( 'NONE', *, *, #548, .F. ) ;
#676 = DIRECTION ( 'NONE',  ( 0.000000000000000000, -1.000000000000000000, 0.000000000000000000 ) ) ;
#677 = CARTESIAN_POINT ( 'NONE',  ( 33.21529609983321052, 18.17371711922206146, 136.0051813974283164 ) ) ;
#678 = ADVANCED_FACE ( 'NONE', ( #1668 ), #449, .T. ) ;
#679 = DIRECTION ( 'NONE',  ( 0.000000000000000000, 0.000000000000000000, 1.000000000000000000 ) ) ;
#680 = ORIENTED_EDGE ( 'NONE', *, *, #1561, .T. ) ;
#681 = EDGE_CURVE ( 'NONE', #1225, #2612, #2109, .T. ) ;
#682 = EDGE_CURVE ( 'NONE', #1478, #237, #2568, .T. ) ;
#683 = CARTESIAN_POINT ( 'NONE',  ( -6.806546738095955007, 212.3255573189971983, 139.8752422959337309 ) ) ;
#684 = CARTESIAN_POINT ( 'NONE',  ( 12.41542411876828567, 87.38616091806601105, -96.20565591813567607 ) ) ;
#685 = CARTESIAN_POINT ( 'NONE',  ( 20.43109025270623746, 93.34847376323021706, -138.5015077728600659 ) ) ;
#686 = CARTESIAN_POINT ( 'NONE',  ( -138.1729538226554723, 32.00000000000000000, 22.54406422813602617 ) ) ;
#687 = ORIENTED_EDGE ( 'NONE', *, *, #1248, .F. ) ;
#688 = FACE_BOUND ( 'NONE', #916, .T. ) ;
#689 = VECTOR ( 'NONE', #2204, 1000.000000000000000 ) ;
#690 = ORIENTED_EDGE ( 'NONE', *, *, #2357, .F. ) ;
#691 = CARTESIAN_POINT ( 'NONE',  ( 49.56274458521270532, 193.0000000000000000, -130.9333202404222902 ) ) ;
#692 = CARTESIAN_POINT ( 'NONE',  ( 95.69346645338227120, 83.45783709330476086, 102.1903844815443563 ) ) ;
#693 = ORIENTED_EDGE ( 'NONE', *, *, #103, .T. ) ;
#694 = CARTESIAN_POINT ( 'NONE',  ( 50.00000000000000000, 112.5000000000000000, 160.0000000000000000 ) ) ;
#695 = DIRECTION ( 'NONE',  ( 0.8660254037844431485, 0.000000000000000000, -0.4999999999999920619 ) ) ;
#696 = CARTESIAN_POINT ( 'NONE',  ( 1.830060437047575705, 84.50000000000001421, -140.0000000000000568 ) ) ;
#697 = CYLINDRICAL_SURFACE ( 'NONE', #1335, 12.00000000000001066 ) ;
#698 = ORIENTED_EDGE ( 'NONE', *, *, #592, .T. ) ;
#699 = DIRECTION ( 'NONE',  ( -0.8660254037844363761, 0.000000000000000000, -0.5000000000000039968 ) ) ;
#700 = CARTESIAN_POINT ( 'NONE',  ( -49.56274458521270532, 193.0000000000000000, -130.9333202404222902 ) ) ;
#701 = CARTESIAN_POINT ( 'NONE',  ( 98.61844201952807509, 95.60237928232865556, 99.37448904238985392 ) ) ;
#702 = CARTESIAN_POINT ( 'NONE',  ( 0.000000000000000000, 32.00000000000000000, -175.0000000000000000 ) ) ;
#703 = DIRECTION ( 'NONE',  ( -0.000000000000000000, 0.000000000000000000, 1.000000000000000000 ) ) ;
#704 = DIRECTION ( 'NONE',  ( 0.000000000000000000, 1.000000000000000000, 0.000000000000000000 ) ) ;
#705 = ORIENTED_EDGE ( 'NONE', *, *, #2268, .T. ) ;
#706 = CARTESIAN_POINT ( 'NONE',  ( 18.50147385948407575, 91.40431217218285553, -138.7782288901234153 ) ) ;
#707 = FACE_OUTER_BOUND ( 'NONE', #1532, .T. ) ;
#708 = VERTEX_POINT ( 'NONE', #686 ) ;
#709 = CARTESIAN_POINT ( 'NONE',  ( 0.000000000000000000, 193.0000000000000000, -175.0000000000000000 ) ) ;
#710 = ADVANCED_FACE ( 'NONE', ( #73 ), #1315, .T. ) ;
#711 = DIRECTION ( 'NONE',  ( -0.000000000000000000, -0.000000000000000000, 1.000000000000000000 ) ) ;
#712 = CARTESIAN_POINT ( 'NONE',  ( 93.33146057763293868, 76.45061803052483640, 104.3647721168627527 ) ) ;
#713 = CIRCLE ( 'NONE', #504, 23.50000000000001421 ) ;
#714 = CYLINDRICAL_SURFACE ( 'NONE', #81, 23.49999999999999289 ) ;
#715 = DIRECTION ( 'NONE',  ( -0.000000000000000000, 1.000000000000000000, -0.000000000000000000 ) ) ;
#716 = ORIENTED_EDGE ( 'NONE', *, *, #1870, .T. ) ;
#717 = FACE_OUTER_BOUND ( 'NONE', #582, .T. ) ;
#718 = DIRECTION ( 'NONE',  ( 0.000000000000000000, -1.000000000000000000, 0.000000000000000000 ) ) ;
#719 = ORIENTED_EDGE ( 'NONE', *, *, #2086, .T. ) ;
#720 = CARTESIAN_POINT ( 'NONE',  ( -18.49444887039081564, 133.5426903691055429, -95.22328228468134625 ) ) ;
#721 = CIRCLE ( 'NONE', #512, 50.00000000000000000 ) ;
#722 = ADVANCED_FACE ( 'NONE', ( #707 ), #1531, .F. ) ;
#723 = CARTESIAN_POINT ( 'NONE',  ( 151.5544456622763789, 193.0000000000000000, 87.50000000000071054 ) ) ;
#724 = CARTESIAN_POINT ( 'NONE',  ( 100.0000000000000000, 112.5000000000000000, 97.97958971132716499 ) ) ;
#725 = CIRCLE ( 'NONE', #1733, 23.49999999999999289 ) ;
#726 = CARTESIAN_POINT ( 'NONE',  ( -15.94386172028278104, 135.5217800125844576, -139.0896817292272090 ) ) ;
#727 = AXIS2_PLACEMENT_3D ( 'NONE', #1925, #1288, #2133 ) ;
#728 = CIRCLE ( 'NONE', #1655, 50.00000000000001421 ) ;
#729 = ORIENTED_EDGE ( 'NONE', *, *, #2586, .T. ) ;
#730 = CARTESIAN_POINT ( 'NONE',  ( -27.09383487013174374, 119.8048527890695851, 93.14004285795185467 ) ) ;
#731 = DIRECTION ( 'NONE',  ( 0.000000000000000000, 0.000000000000000000, 1.000000000000000000 ) ) ;
#732 = ORIENTED_EDGE ( 'NONE', *, *, #896, .T. ) ;
#733 = DIRECTION ( 'NONE',  ( 0.000000000000000000, 1.000000000000000000, 0.000000000000000000 ) ) ;
#734 = CIRCLE ( 'NONE', #264, 12.00000000000000711 ) ;
#735 = AXIS2_PLACEMENT_3D ( 'NONE', #581, #2048, #2658 ) ;
#736 = DIRECTION ( 'NONE',  ( -0.000000000000000000, -1.000000000000000000, -0.000000000000000000 ) ) ;
#737 = CARTESIAN_POINT ( 'NONE',  ( 9.040895065089715743, 139.0163296221151086, 96.58182469288662730 ) ) ;
#738 = DIRECTION ( 'NONE',  ( 0.4999999999999920064, -0.000000000000000000, 0.8660254037844432595 ) ) ;
#739 = CARTESIAN_POINT ( 'NONE',  ( -151.5544456622775442, 32.00000000000000000, 110.9999999999985931 ) ) ;
#740 = CARTESIAN_POINT ( 'NONE',  ( -22.25286994400141438, 129.5938394274251948, -138.2240455291183423 ) ) ;
#741 = ORIENTED_EDGE ( 'NONE', *, *, #2419, .T. ) ;
#742 = CARTESIAN_POINT ( 'NONE',  ( -100.0000000000000000, 112.5000000000000142, 97.97958971132717920 ) ) ;
#743 = CARTESIAN_POINT ( 'NONE',  ( 0.000000000000000000, 225.0000000000000000, 0.000000000000000000 ) ) ;
#744 = VERTEX_POINT ( 'NONE', #1339 ) ;
#745 = CARTESIAN_POINT ( 'NONE',  ( -16.33254330768210849, 135.2477249845850622, -95.61583596900938176 ) ) ;
#746 = ADVANCED_FACE ( 'NONE', ( #2175 ), #87, .F. ) ;
#747 = PLANE ( 'NONE',  #2340 ) ;
#748 = CARTESIAN_POINT ( 'NONE',  ( 24.78137229260595120, 193.0000000000000000, 42.92259589207406378 ) ) ;
#749 = LINE ( 'NONE', #2670, #181 ) ;
#750 = AXIS2_PLACEMENT_3D ( 'NONE', #1784, #2199, #317 ) ;
#751 = EDGE_CURVE ( 'NONE', #411, #14, #1735, .T. ) ;
#752 = CARTESIAN_POINT ( 'NONE',  ( -100.0000000000000000, 112.5000000000000142, 160.0000000000000000 ) ) ;
#753 = ADVANCED_FACE ( 'NONE', ( #1989 ), #2151, .F. ) ;
#754 = CARTESIAN_POINT ( 'NONE',  ( -12.43645298006402378, 137.6535829567201858, -139.4568895967889546 ) ) ;
#755 = DIRECTION ( 'NONE',  ( 0.000000000000000000, -1.000000000000000000, 0.000000000000000000 ) ) ;
#756 = ORIENTED_EDGE ( 'NONE', *, *, #2075, .T. ) ;
#757 = DIRECTION ( 'NONE',  ( 0.000000000000000000, 0.000000000000000000, 1.000000000000000000 ) ) ;
#758 = CYLINDRICAL_SURFACE ( 'NONE', #608, 140.0000000000000284 ) ;
#759 = EDGE_LOOP ( 'NONE', ( #762, #1643 ) ) ;
#760 = DIRECTION ( 'NONE',  ( -0.000000000000000000, 1.000000000000000000, -0.000000000000000000 ) ) ;
#761 = CARTESIAN_POINT ( 'NONE',  ( 45.38499988279796327, 201.6658873081961758, 132.4734637874899761 ) ) ;
#762 = ORIENTED_EDGE ( 'NONE', *, *, #1758, .F. ) ;
#763 = AXIS2_PLACEMENT_3D ( 'NONE', #743, #386, #1227 ) ;
#764 = CARTESIAN_POINT ( 'NONE',  ( 12.43458068350002677, 137.6539025008451915, 96.21466849785733189 ) ) ;
#765 = VECTOR ( 'NONE', #789, 1000.000000000000000 ) ;
#766 = ORIENTED_EDGE ( 'NONE', *, *, #2669, .T. ) ;
#767 = CARTESIAN_POINT ( 'NONE',  ( 76.95190528383325557, 75.00000000000061107, 145.0000000000000284 ) ) ;
#768 = DIRECTION ( 'NONE',  ( -0.000000000000000000, 1.000000000000000000, -0.000000000000000000 ) ) ;
#769 = CARTESIAN_POINT ( 'NONE',  ( -26.92254828120335475, 120.2062913668950728, -137.3870259064400443 ) ) ;
#770 = LINE ( 'NONE', #2206, #1827 ) ;
#771 = EDGE_LOOP ( 'NONE', ( #2497, #258, #1167, #719 ) ) ;
#772 = DIRECTION ( 'NONE',  ( -0.5000000000000039968, 0.8660254037844363761, 0.000000000000000000 ) ) ;
#773 = CARTESIAN_POINT ( 'NONE',  ( -42.31455834924157955, 21.83439886140775599, 133.4892007884616874 ) ) ;
#774 = CARTESIAN_POINT ( 'NONE',  ( 0.000000000000000000, 140.5000000000000000, -97.00000000000000000 ) ) ;
#775 = CARTESIAN_POINT ( 'NONE',  ( 65.21971741864265937, 188.3091286770621764, 123.8824074303101384 ) ) ;
#776 = ORIENTED_EDGE ( 'NONE', *, *, #1719, .F. ) ;
#777 = AXIS2_PLACEMENT_3D ( 'NONE', #2554, #1693, #1499 ) ;
#778 = CARTESIAN_POINT ( 'NONE',  ( -151.5544456622775442, 193.0000000000000000, 110.9999999999985931 ) ) ;
#779 = AXIS2_PLACEMENT_3D ( 'NONE', #544, #600, #2271 ) ;
#780 = ORIENTED_EDGE ( 'NONE', *, *, #1923, .F. ) ;
#781 = DIRECTION ( 'NONE',  ( 1.000000000000000000, 0.000000000000000000, 0.000000000000000000 ) ) ;
#782 = DIRECTION ( 'NONE',  ( 0.000000000000000000, 1.000000000000000000, 0.000000000000000000 ) ) ;
#783 = ADVANCED_FACE ( 'NONE', ( #277 ), #697, .F. ) ;
#784 = MANIFOLD_SOLID_BREP ( 'CirPattern2', #2265 ) ;
#785 = CARTESIAN_POINT ( 'NONE',  ( 24.78137229260655516, 225.0000000000000000, -42.92259589207372272 ) ) ;
#786 = CARTESIAN_POINT ( 'NONE',  ( 9.053337402598163663, 139.0119321366928204, -139.7097460469049395 ) ) ;
#787 = ORIENTED_EDGE ( 'NONE', *, *, #1696, .T. ) ;
#788 = ORIENTED_EDGE ( 'NONE', *, *, #896, .F. ) ;
#789 = DIRECTION ( 'NONE',  ( -0.000000000000000000, -1.000000000000000000, -0.000000000000000000 ) ) ;
#790 = CARTESIAN_POINT ( 'NONE',  ( -78.31297862878342642, 50.29400316941486437, 116.0539939709055091 ) ) ;
#791 = DIRECTION ( 'NONE',  ( 0.000000000000000000, 0.000000000000000000, -1.000000000000000000 ) ) ;
#792 = CARTESIAN_POINT ( 'NONE',  ( 100.0000000000000426, 115.9545689252894931, 97.97958971132717920 ) ) ;
#793 = EDGE_CURVE ( 'NONE', #2596, #2690, #926, .T. ) ;
#794 = LINE ( 'NONE', #1189, #2522 ) ;
#795 = ADVANCED_FACE ( 'NONE', ( #1755 ), #315, .T. ) ;
#796 = VERTEX_POINT ( 'NONE', #1542 ) ;
#797 = DIRECTION ( 'NONE',  ( -0.5000000000000036637, 0.8660254037844364872, 0.000000000000000000 ) ) ;
#798 = CARTESIAN_POINT ( 'NONE',  ( 2.877919977996280320E-15, 32.00000000000000000, -151.5000000000000000 ) ) ;
#799 = DIRECTION ( 'NONE',  ( 0.000000000000000000, 1.000000000000000000, 0.000000000000000000 ) ) ;
#800 = DIRECTION ( 'NONE',  ( 0.000000000000000000, 1.000000000000000000, 0.000000000000000000 ) ) ;
#801 = AXIS2_PLACEMENT_3D ( 'NONE', #1992, #954, #1972 ) ;
#802 = ORIENTED_EDGE ( 'NONE', *, *, #1932, .F. ) ;
#803 = ORIENTED_EDGE ( 'NONE', *, *, #1441, .F. ) ;
#804 = PLANE ( 'NONE',  #2169 ) ;
#805 = CARTESIAN_POINT ( 'NONE',  ( -81.17218628543169245, 54.07426101815516262, 114.0718969564372998 ) ) ;
#806 = CARTESIAN_POINT ( 'NONE',  ( -49.56274458521270532, 225.0000000000000000, -130.9333202404222902 ) ) ;
#807 = CARTESIAN_POINT ( 'NONE',  ( 95.94478766584799700, 140.7371212899020918, 101.9561300194468743 ) ) ;
#808 = ORIENTED_EDGE ( 'NONE', *, *, #485, .T. ) ;
#809 = DIRECTION ( 'NONE',  ( -0.000000000000000000, -0.000000000000000000, 1.000000000000000000 ) ) ;
#810 = ORIENTED_EDGE ( 'NONE', *, *, #651, .T. ) ;
#811 = CARTESIAN_POINT ( 'NONE',  ( 1.703477633047391082, 12.49999999999999645, 140.0000000000000568 ) ) ;
#812 = CARTESIAN_POINT ( 'NONE',  ( 49.56274458521270532, 32.00000000000000000, 0.000000000000000000 ) ) ;
#813 = B_SPLINE_CURVE_WITH_KNOTS ( 'NONE', 3,
 ( #2284, #613, #2061, #2073, #2714, #1031, #1222, #1662, #1017, #424, #2492, #1850, #2328, #856, #1687, #1431, #457, #1445, #1674, #236, #2537, #2102, #1283, #2507, #1459, #2299, #13, #2688, #1047, #1059 ),
 .UNSPECIFIED., .F., .F.,
 ( 4, 2, 2, 2, 2, 2, 2, 2, 2, 2, 2, 2, 2, 2, 4 ),
 ( 0.000000000000000000, 0.005502135672572147293, 0.008253203508858220072, 0.009628737427001238247, 0.01100427134514425469, 0.01650640701771625279, 0.01788194093585926750, 0.01925747485400227874, 0.02200854269028830121, 0.02751067836286038432, 0.03026174619914643107, 0.03301281403543247783, 0.03576388187171853500, 0.03851494970800457829, 0.04401708538057667874 ),
 .UNSPECIFIED. ) ;
#814 = CARTESIAN_POINT ( 'NONE',  ( 0.000000000000000000, 0.000000000000000000, -225.0000000000000000 ) ) ;
#815 = ORIENTED_EDGE ( 'NONE', *, *, #1673, .F. ) ;
#816 = CIRCLE ( 'NONE', #1257, 50.00000000000002842 ) ;
#817 = EDGE_LOOP ( 'NONE', ( #1858, #662, #965, #1723, #1454 ) ) ;
#818 = DIRECTION ( 'NONE',  ( 0.000000000000000000, 0.000000000000000000, 1.000000000000000000 ) ) ;
#819 = CARTESIAN_POINT ( 'NONE',  ( 0.000000000000000000, 0.000000000000000000, -175.0000000000000000 ) ) ;
#820 = DIRECTION ( 'NONE',  ( -0.8660254037844363761, 0.000000000000000000, -0.5000000000000039968 ) ) ;
#821 = EDGE_CURVE ( 'NONE', #635, #907, #858, .T. ) ;
#822 = DIRECTION ( 'NONE',  ( 0.000000000000000000, 0.000000000000000000, 1.000000000000000000 ) ) ;
#823 = CARTESIAN_POINT ( 'NONE',  ( -25.50933488377183878, 100.9194836062163319, 93.58635547455834569 ) ) ;
#824 = AXIS2_PLACEMENT_3D ( 'NONE', #1377, #357, #1637 ) ;
#825 = ORIENTED_EDGE ( 'NONE', *, *, #2379, .F. ) ;
#826 = FACE_BOUND ( 'NONE', #903, .T. ) ;
#827 = AXIS2_PLACEMENT_3D ( 'NONE', #2644, #760, #1009 ) ;
#828 = LINE ( 'NONE', #194, #2124 ) ;
#829 = VERTEX_POINT ( 'NONE', #325 ) ;
#830 = EDGE_LOOP ( 'NONE', ( #1395, #589, #927, #1914, #851, #1429, #425, #1279, #2317, #1553 ) ) ;
#831 = CARTESIAN_POINT ( 'NONE',  ( -28.00000000000000000, 112.5000000000000000, -92.87087810503356877 ) ) ;
#832 = FACE_OUTER_BOUND ( 'NONE', #2316, .T. ) ;
#833 = LINE ( 'NONE', #1451, #2402 ) ;
#834 = CARTESIAN_POINT ( 'NONE',  ( -17.08325270601582346, 90.24059165154311302, -138.9621670451995499 ) ) ;
#835 = ORIENTED_EDGE ( 'NONE', *, *, #624, .T. ) ;
#836 = CARTESIAN_POINT ( 'NONE',  ( -22.25512032006904661, 95.41133181126181739, 94.41820501672593480 ) ) ;
#837 = EDGE_CURVE ( 'NONE', #1267, #1705, #1154, .T. ) ;
#838 = ORIENTED_EDGE ( 'NONE', *, *, #363, .T. ) ;
#839 = CARTESIAN_POINT ( 'NONE',  ( 0.000000000000000000, 112.5000000000000000, -225.0000000000000000 ) ) ;
#840 = DIRECTION ( 'NONE',  ( 0.000000000000000000, 0.000000000000000000, 1.000000000000000000 ) ) ;
#841 = ORIENTED_EDGE ( 'NONE', *, *, #624, .F. ) ;
#842 = EDGE_CURVE ( 'NONE', #1297, #2329, #1947, .T. ) ;
#843 = B_SPLINE_CURVE_WITH_KNOTS ( 'NONE', 3,
 ( #1424, #2055, #1511, #1289, #2566, #540, #669, #1313, #1490, #462, #684, #2120, #2359, #1707, #249, #471, #263, #2135, #2331, #1302, #1078, #660, #1912, #2578, #1898, #41, #2108, #2542, #2591, #1574 ),
 .UNSPECIFIED., .F., .F.,
 ( 4, 2, 2, 2, 2, 2, 2, 2, 2, 2, 2, 2, 2, 2, 4 ),
 ( 0.08801147449775885423, 0.09076132253718190157, 0.09213624655689342524, 0.09351117057660496279, 0.09901086665545108523, 0.1017607146948741464, 0.1031356387145856840, 0.1045105627342972354, 0.1100102588131433440, 0.1127601068525664191, 0.1155099548919894942, 0.1210096509708356444, 0.1265093470496818084, 0.1292591950891048835, 0.1320090431285279864 ),
 .UNSPECIFIED. ) ;
#844 = EDGE_CURVE ( 'NONE', #2628, #1267, #728, .T. ) ;
#845 = ORIENTED_EDGE ( 'NONE', *, *, #2414, .F. ) ;
#846 = CARTESIAN_POINT ( 'NONE',  ( -27.09352509081504223, 105.1988076269595922, -93.14012140199990597 ) ) ;
#847 = CARTESIAN_POINT ( 'NONE',  ( 18.49173038740691410, 133.5449913536373572, -95.22379846395340053 ) ) ;
#848 = DIRECTION ( 'NONE',  ( 0.000000000000000000, -1.000000000000000000, 0.000000000000000000 ) ) ;
#849 = B_SPLINE_CURVE_WITH_KNOTS ( 'NONE', 3,
 ( #1927, #696, #56, #889, #1721, #1530, #314, #1142, #1328, #1133, #1968, #1122, #2383, #2372, #706, #1956, #685, #1744, #2594, #1754, #507, #2603, #2396, #1810, #173, #2484, #2004, #1153, #546, #2660, #135, #2020, #993, #1596, #1212, #152 ),
 .UNSPECIFIED., .F., .F.,
 ( 4, 2, 2, 2, 2, 2, 2, 2, 2, 2, 2, 2, 2, 2, 2, 2, 2, 4 ),
 ( 0.08776240457290258867, 0.09324787211969773337, 0.09461923900639651608, 0.09599060589309531266, 0.09873333966649289195, 0.1014760734398904851, 0.1042188072132880783, 0.1097042747600832369, 0.1110756416467820196, 0.1124470085334808162, 0.1151897423068783538, 0.1206752098536734430, 0.1220465767403721979, 0.1234179436270709668, 0.1261606774004684628, 0.1289034111738659727, 0.1302747780605647554, 0.1316461449472635103 ),
 .UNSPECIFIED. ) ;
#850 = CARTESIAN_POINT ( 'NONE',  ( -12.39851133226290969, 87.39045957587389069, -139.4505340833148068 ) ) ;
#851 = ORIENTED_EDGE ( 'NONE', *, *, #1730, .T. ) ;
#852 = CARTESIAN_POINT ( 'NONE',  ( 0.000000000000000000, 0.000000000000000000, -175.0000000000000000 ) ) ;
#853 = VECTOR ( 'NONE', #2082, 1000.000000000000000 ) ;
#854 = EDGE_LOOP ( 'NONE', ( #1523, #1885 ) ) ;
#855 = DIRECTION ( 'NONE',  ( 0.000000000000000000, 1.000000000000000000, 0.000000000000000000 ) ) ;
#856 = CARTESIAN_POINT ( 'NONE',  ( 22.20200904115461071, 95.43302330998842820, 94.42536765961955325 ) ) ;
#857 = EDGE_LOOP ( 'NONE', ( #1013, #1462, #475, #2228 ) ) ;
#858 = CIRCLE ( 'NONE', #1594, 23.49999999999999289 ) ;
#859 = CIRCLE ( 'NONE', #938, 23.50000000000001421 ) ;
#860 = CARTESIAN_POINT ( 'NONE',  ( -18.49494064247924996, 91.39833491537793009, -95.22963380082525475 ) ) ;
#861 = CARTESIAN_POINT ( 'NONE',  ( -3.410841449936289127, 12.49999999999999822, 140.0000000000000853 ) ) ;
#862 = CYLINDRICAL_SURFACE ( 'NONE', #777, 23.50000000000000711 ) ;
#863 = CARTESIAN_POINT ( 'NONE',  ( -4.583842084807563388, 84.87389734801348595, -139.9256841967762455 ) ) ;
#864 = ORIENTED_EDGE ( 'NONE', *, *, #63, .F. ) ;
#865 = CARTESIAN_POINT ( 'NONE',  ( 0.000000000000000000, 193.0000000000000000, -151.5000000000000000 ) ) ;
#866 = DIRECTION ( 'NONE',  ( -0.000000000000000000, -0.000000000000000000, 1.000000000000000000 ) ) ;
#867 = CARTESIAN_POINT ( 'NONE',  ( 9.410337806909531366, 12.94009907709767226, 139.6859695775139301 ) ) ;
#868 = AXIS2_PLACEMENT_3D ( 'NONE', #1276, #1913, #43 ) ;
#869 =( NAMED_UNIT ( * ) PLANE_ANGLE_UNIT ( ) SI_UNIT ( $, .RADIAN. ) );
#870 = ORIENTED_EDGE ( 'NONE', *, *, #1719, .T. ) ;
#871 = ADVANCED_FACE ( 'NONE', ( #586 ), #1213, .T. ) ;
#872 = ADVANCED_FACE ( 'NONE', ( #2678 ), #758, .T. ) ;
#873 = CIRCLE ( 'NONE', #2181, 50.00000000000001421 ) ;
#874 = ORIENTED_EDGE ( 'NONE', *, *, #592, .F. ) ;
#875 = LINE ( 'NONE', #1273, #2128 ) ;
#876 = CARTESIAN_POINT ( 'NONE',  ( 27.04451444621214051, 119.7668724862362950, -93.15367925427716500 ) ) ;
#877 = CARTESIAN_POINT ( 'NONE',  ( 64.95190528383324136, 75.00000000000061107, 160.0000000000000000 ) ) ;
#878 = CARTESIAN_POINT ( 'NONE',  ( -20.43724844617051417, 93.35503953798699683, -138.5005993359508238 ) ) ;
#879 = ORIENTED_EDGE ( 'NONE', *, *, #559, .F. ) ;
#880 = CARTESIAN_POINT ( 'NONE',  ( 151.5544456622763789, 32.00000000000000000, 64.00000000000072475 ) ) ;
#881 = ADVANCED_FACE ( 'NONE', ( #2021 ), #1201, .F. ) ;
#882 = EDGE_CURVE ( 'NONE', #641, #1970, #2364, .T. ) ;
#883 = CARTESIAN_POINT ( 'NONE',  ( 0.000000000000000000, 0.000000000000000000, 0.000000000000000000 ) ) ;
#884 = CARTESIAN_POINT ( 'NONE',  ( 97.23289440089335756, 89.07915684994458161, 100.7278368528323966 ) ) ;
#885 = VERTEX_POINT ( 'NONE', #1409 ) ;
#886 = CARTESIAN_POINT ( 'NONE',  ( -3.414803612486643658, 212.5000000000000853, 140.0000000000001137 ) ) ;
#887 = CARTESIAN_POINT ( 'NONE',  ( 1.714505518779661708E-14, 12.49999999999999822, 140.0000000000000284 ) ) ;
#888 = DIRECTION ( 'NONE',  ( 0.000000000000000000, 1.000000000000000000, 0.000000000000000000 ) ) ;
#889 = CARTESIAN_POINT ( 'NONE',  ( 5.920045249403043996, 85.12908621884439242, -139.8755128106459154 ) ) ;
#890 = DIRECTION ( 'NONE',  ( 0.000000000000000000, 0.000000000000000000, 1.000000000000000000 ) ) ;
#891 = VERTEX_POINT ( 'NONE', #198 ) ;
#892 = PLANE ( 'NONE',  #2382 ) ;
#893 = AXIS2_PLACEMENT_3D ( 'NONE', #1317, #2153, #1981 ) ;
#894 = FACE_OUTER_BOUND ( 'NONE', #771, .T. ) ;
#895 = CARTESIAN_POINT ( 'NONE',  ( 62.90546887095101170, 34.74772742918162294, 125.0790758899511843 ) ) ;
#896 = EDGE_CURVE ( 'NONE', #2362, #1478, #12, .T. ) ;
#897 = ORIENTED_EDGE ( 'NONE', *, *, #1332, .T. ) ;
#898 = CARTESIAN_POINT ( 'NONE',  ( -84.74855381809931032, 165.6747464721818801, 111.4559042978900010 ) ) ;
#899 = LINE ( 'NONE', #2149, #395 ) ;
#900 = AXIS2_PLACEMENT_3D ( 'NONE', #625, #1876, #1005 ) ;
#901 = CARTESIAN_POINT ( 'NONE',  ( -0.9228494315317077312, 140.5000000000000568, 97.00000000000005684 ) ) ;
#902 = FILL_AREA_STYLE ('',( #108 ) ) ;
#903 = EDGE_LOOP ( 'NONE', ( #2255, #1026 ) ) ;
#904 = DIRECTION ( 'NONE',  ( 0.000000000000000000, 1.000000000000000000, -0.000000000000000000 ) ) ;
#905 = EDGE_CURVE ( 'NONE', #829, #520, #414, .T. ) ;
#906 = CARTESIAN_POINT ( 'NONE',  ( -50.00000000000000000, 112.5000000000000000, 135.0000000000000000 ) ) ;
#907 = VERTEX_POINT ( 'NONE', #2119 ) ;
#908 = VECTOR ( 'NONE', #587, 1000.000000000000000 ) ;
#909 = CARTESIAN_POINT ( 'NONE',  ( -99.82847994322044372, 119.2616589773268316, 98.15554863262737229 ) ) ;
#910 = CARTESIAN_POINT ( 'NONE',  ( -151.5544456622775442, 193.0000000000000000, 137.4999999999986073 ) ) ;
#911 = EDGE_CURVE ( 'NONE', #545, #708, #1692, .T. ) ;
#912 = CIRCLE ( 'NONE', #2222, 97.00000000000000000 ) ;
#913 = VERTEX_POINT ( 'NONE', #470 ) ;
#914 = CARTESIAN_POINT ( 'NONE',  ( -151.5544456622775442, 0.000000000000000000, 110.9999999999985931 ) ) ;
#915 = DIRECTION ( 'NONE',  ( 0.000000000000000000, 1.000000000000000000, 0.000000000000000000 ) ) ;
#916 = EDGE_LOOP ( 'NONE', ( #1809, #1695 ) ) ;
#917 = CARTESIAN_POINT ( 'NONE',  ( 24.78137229260595120, 0.000000000000000000, 42.92259589207406378 ) ) ;
#918 = LINE ( 'NONE', #2617, #1233 ) ;
#919 = CARTESIAN_POINT ( 'NONE',  ( 79.84772800323679576, 52.29230729068319050, 114.9985715099854104 ) ) ;
#920 = EDGE_CURVE ( 'NONE', #1011, #2089, #1301, .T. ) ;
#921 = CARTESIAN_POINT ( 'NONE',  ( 9.924661762546087118, 138.6980225900600487, -96.49467200221928920 ) ) ;
#922 = CARTESIAN_POINT ( 'NONE',  ( -45.28487632302162069, 201.6738191149141812, 132.4827901018698242 ) ) ;
#923 = ADVANCED_FACE ( 'NONE', ( #832 ), #461, .F. ) ;
#924 = ORIENTED_EDGE ( 'NONE', *, *, #1183, .T. ) ;
#925 = DIRECTION ( 'NONE',  ( 1.000000000000000000, 0.000000000000000000, 0.000000000000000000 ) ) ;
#926 = LINE ( 'NONE', #2164, #296 ) ;
#927 = ORIENTED_EDGE ( 'NONE', *, *, #2249, .F. ) ;
#928 = CARTESIAN_POINT ( 'NONE',  ( -3.689420704648860294, 140.3162824148918162, -96.94651635907045772 ) ) ;
#929 = CYLINDRICAL_SURFACE ( 'NONE', #1014, 23.49999999999999289 ) ;
#930 = CARTESIAN_POINT ( 'NONE',  ( 99.99719444907701416, 111.6358402628411142, 97.98245335709894732 ) ) ;
#931 = CARTESIAN_POINT ( 'NONE',  ( -65.27445482154629985, 188.2743976073212480, 123.8592763784400432 ) ) ;
#932 = ORIENTED_EDGE ( 'NONE', *, *, #2619, .T. ) ;
#933 = CARTESIAN_POINT ( 'NONE',  ( -25.50681388838356867, 124.0860607487315121, 93.58704319778364322 ) ) ;
#934 = SURFACE_STYLE_FILL_AREA ( #902 ) ;
#935 = AXIS2_PLACEMENT_3D ( 'NONE', #2589, #715, #2565 ) ;
#936 = VERTEX_POINT ( 'NONE', #1091 ) ;
#937 = CARTESIAN_POINT ( 'NONE',  ( 0.000000000000000000, 0.000000000000000000, 0.000000000000000000 ) ) ;
#938 = AXIS2_PLACEMENT_3D ( 'NONE', #1881, #1665, #39 ) ;
#939 = B_SPLINE_CURVE_WITH_KNOTS ( 'NONE', 3,
 ( #973, #1763, #2422, #1577, #1776, #2673, #2624, #148, #530, #368, #2236, #1359, #2636, #1622, #2047, #183, #117, #1180, #2610, #1164, #786, #2407, #1373, #570, #1565, #2193 ),
 .UNSPECIFIED., .F., .F.,
 ( 4, 2, 2, 2, 2, 2, 2, 2, 2, 2, 2, 2, 4 ),
 ( 0.1316461449472635103, 0.1371281438349716275, 0.1398691432788256583, 0.1412396430007526738, 0.1426101427226796892, 0.1480921416103878063, 0.1508331410542418372, 0.1535741404980958957, 0.1590561393858040407, 0.1645381382735122133, 0.1672791377173662997, 0.1700201371612203860, 0.1755021360489285587 ),
 .UNSPECIFIED. ) ;
#940 = CARTESIAN_POINT ( 'NONE',  ( 49.56274458521270532, 32.00000000000000000, 0.000000000000000000 ) ) ;
#941 = FACE_OUTER_BOUND ( 'NONE', #1823, .T. ) ;
#942 = CARTESIAN_POINT ( 'NONE',  ( -121.0589888510695715, 32.00000000000000000, 127.1235676570855446 ) ) ;
#943 = DIRECTION ( 'NONE',  ( -0.5000000000000036637, 0.8660254037844364872, 0.000000000000000000 ) ) ;
#944 = CARTESIAN_POINT ( 'NONE',  ( -9.018828901635526307, 139.0117751779515913, -139.7098806510053066 ) ) ;
#945 = CARTESIAN_POINT ( 'NONE',  ( 121.0589888510678236, 193.0000000000000000, 127.1235676570872641 ) ) ;
#946 = EDGE_CURVE ( 'NONE', #65, #998, #1166, .T. ) ;
#947 = ADVANCED_FACE ( 'NONE', ( #248 ), #1076, .F. ) ;
#948 = ORIENTED_EDGE ( 'NONE', *, *, #2650, .F. ) ;
#949 = DIRECTION ( 'NONE',  ( 1.000000000000000000, 0.000000000000000000, 0.000000000000000000 ) ) ;
#950 = CARTESIAN_POINT ( 'NONE',  ( -49.56274458521270532, 0.000000000000000000, 0.000000000000000000 ) ) ;
#951 = ORIENTED_EDGE ( 'NONE', *, *, #1750, .T. ) ;
#952 = PLANE ( 'NONE',  #750 ) ;
#953 = VECTOR ( 'NONE', #2449, 1000.000000000000000 ) ;
#954 = DIRECTION ( 'NONE',  ( 0.000000000000000000, 1.000000000000000000, 0.000000000000000000 ) ) ;
#955 = DIRECTION ( 'NONE',  ( 0.000000000000000000, -1.000000000000000000, 0.000000000000000000 ) ) ;
#956 = EDGE_CURVE ( 'NONE', #2027, #1348, #140, .T. ) ;
#957 = CARTESIAN_POINT ( 'NONE',  ( 0.000000000000000000, 0.000000000000000000, -175.0000000000000000 ) ) ;
#958 = FACE_BOUND ( 'NONE', #1688, .T. ) ;
#959 = CYLINDRICAL_SURFACE ( 'NONE', #2575, 12.00000000000000711 ) ;
#960 = CARTESIAN_POINT ( 'NONE',  ( -3.679111951439983041, 140.3173866243741372, -139.9631531404533291 ) ) ;
#961 = CARTESIAN_POINT ( 'NONE',  ( 50.00000000000000000, 112.5000000000000000, 135.0000000000000000 ) ) ;
#962 = VERTEX_POINT ( 'NONE', #1701 ) ;
#963 = CARTESIAN_POINT ( 'NONE',  ( 0.000000000000000000, 225.0000000000000000, 0.000000000000000000 ) ) ;
#964 = CARTESIAN_POINT ( 'NONE',  ( -89.38286219951679357, 67.54722876701556800, 107.7705064510029587 ) ) ;
#965 = ORIENTED_EDGE ( 'NONE', *, *, #1318, .F. ) ;
#966 = DIRECTION ( 'NONE',  ( 0.000000000000000000, 1.000000000000000000, 0.000000000000000000 ) ) ;
#967 = CARTESIAN_POINT ( 'NONE',  ( 99.13216749328408639, 126.0720732932747126, 98.85875465628744507 ) ) ;
#968 = DIRECTION ( 'NONE',  ( 0.000000000000000000, 1.000000000000000000, 0.000000000000000000 ) ) ;
#969 = FACE_BOUND ( 'NONE', #2212, .T. ) ;
#970 = FACE_OUTER_BOUND ( 'NONE', #1518, .T. ) ;
#971 = CIRCLE ( 'NONE', #2158, 100.0000000000000000 ) ;
#972 = DIRECTION ( 'NONE',  ( 0.8660254037844431485, 0.000000000000000000, -0.4999999999999922839 ) ) ;
#973 = CARTESIAN_POINT ( 'NONE',  ( 28.00000000000000000, 112.5000000000000000, -137.1714255958579827 ) ) ;
#974 = LINE ( 'NONE', #1623, #308 ) ;
#975 = CIRCLE ( 'NONE', #2161, 140.0000000000000284 ) ;
#976 = ORIENTED_EDGE ( 'NONE', *, *, #2452, .T. ) ;
#977 = DIRECTION ( 'NONE',  ( -0.4999999999999920064, 0.000000000000000000, -0.8660254037844432595 ) ) ;
#978 = CARTESIAN_POINT ( 'NONE',  ( -97.25315902871173535, 88.98328722713226568, 100.7110831813146206 ) ) ;
#979 = ORIENTED_EDGE ( 'NONE', *, *, #2586, .F. ) ;
#980 = CARTESIAN_POINT ( 'NONE',  ( 151.5544456622763789, 225.0000000000000000, 87.50000000000071054 ) ) ;
#981 = CARTESIAN_POINT ( 'NONE',  ( 79.31618533436913765, 173.4818982012361062, 115.3890859836989051 ) ) ;
#982 = AXIS2_PLACEMENT_3D ( 'NONE', #1969, #915, #731 ) ;
#983 = DIRECTION ( 'NONE',  ( 0.000000000000000000, 0.000000000000000000, 1.000000000000000000 ) ) ;
#984 = EDGE_CURVE ( 'NONE', #708, #1796, #2115, .T. ) ;
#985 = ORIENTED_EDGE ( 'NONE', *, *, #102, .F. ) ;
#986 = FACE_OUTER_BOUND ( 'NONE', #1698, .T. ) ;
#987 = DIRECTION ( 'NONE',  ( -0.000000000000000000, -1.000000000000000000, -0.000000000000000000 ) ) ;
#988 = AXIS2_PLACEMENT_3D ( 'NONE', #36, #866, #1711 ) ;
#989 = DIRECTION ( 'NONE',  ( 0.000000000000000000, 0.000000000000000000, 1.000000000000000000 ) ) ;
#990 = LINE ( 'NONE', #170, #1378 ) ;
#991 = LINE ( 'NONE', #2470, #396 ) ;
#992 = EDGE_LOOP ( 'NONE', ( #1651, #410 ) ) ;
#993 = CARTESIAN_POINT ( 'NONE',  ( 27.94270248430296277, 110.6510942085828617, -137.1831109252475187 ) ) ;
#994 = CARTESIAN_POINT ( 'NONE',  ( -98.56912581858873068, 95.55892640140406513, 99.41962017749723657 ) ) ;
#995 = EDGE_CURVE ( 'NONE', #1478, #2207, #1372, .T. ) ;
#996 = FACE_OUTER_BOUND ( 'NONE', #1793, .T. ) ;
#997 = CARTESIAN_POINT ( 'NONE',  ( -28.00000000000000711, 111.5844885066657213, -137.1714255958580679 ) ) ;
#998 = VERTEX_POINT ( 'NONE', #2683 ) ;
#999 = CIRCLE ( 'NONE', #306, 140.0000000000000284 ) ;
#1000 = FACE_OUTER_BOUND ( 'NONE', #817, .T. ) ;
#1001 = AXIS2_PLACEMENT_3D ( 'NONE', #748, #738, #1995 ) ;
#1002 = VERTEX_POINT ( 'NONE', #2631 ) ;
#1003 = DIRECTION ( 'NONE',  ( -0.000000000000000000, 1.000000000000000000, -0.000000000000000000 ) ) ;
#1004 = LINE ( 'NONE', #2686, #524 ) ;
#1005 = DIRECTION ( 'NONE',  ( -0.8660254037844364872, 0.000000000000000000, -0.5000000000000036637 ) ) ;
#1006 = ORIENTED_EDGE ( 'NONE', *, *, #2101, .T. ) ;
#1007 = CARTESIAN_POINT ( 'NONE',  ( -64.95190528383272976, 74.99999999999967315, 145.0000000000000284 ) ) ;
#1008 = CARTESIAN_POINT ( 'NONE',  ( -79.28803670354074029, 51.54183370844017276, 115.3894654519850178 ) ) ;
#1009 = DIRECTION ( 'NONE',  ( -0.8660254037844362651, 0.000000000000000000, -0.5000000000000039968 ) ) ;
#1010 = LINE ( 'NONE', #1187, #1840 ) ;
#1011 = VERTEX_POINT ( 'NONE', #1204 ) ;
#1012 = CYLINDRICAL_SURFACE ( 'NONE', #287, 50.00000000000001421 ) ;
#1013 = ORIENTED_EDGE ( 'NONE', *, *, #1870, .F. ) ;
#1014 = AXIS2_PLACEMENT_3D ( 'NONE', #723, #1584, #1738 ) ;
#1015 = CARTESIAN_POINT ( 'NONE',  ( 5.987011274032420616, 12.67568559110864967, 139.8745609284998750 ) ) ;
#1016 = CARTESIAN_POINT ( 'NONE',  ( 1.187907395172932673E-14, 225.0000000000000000, 97.00000000000000000 ) ) ;
#1017 = CARTESIAN_POINT ( 'NONE',  ( 26.02627321915932157, 102.1634944611271010, 93.44338672570586368 ) ) ;
#1018 = CIRCLE ( 'NONE', #1586, 12.00000000000000711 ) ;
#1019 = EDGE_CURVE ( 'NONE', #1050, #1472, #2217, .T. ) ;
#1020 = ORIENTED_EDGE ( 'NONE', *, *, #2592, .F. ) ;
#1021 = VERTEX_POINT ( 'NONE', #1572 ) ;
#1022 = DIRECTION ( 'NONE',  ( 0.000000000000000000, 1.000000000000000000, 0.000000000000000000 ) ) ;
#1023 = CARTESIAN_POINT ( 'NONE',  ( -49.53151363355787851, 25.61340617783863749, 130.9539594646945488 ) ) ;
#1024 = PLANE ( 'NONE',  #2454 ) ;
#1025 = CARTESIAN_POINT ( 'NONE',  ( 59.00824792116792139, 193.2971249703870171, 126.9893291088474996 ) ) ;
#1026 = ORIENTED_EDGE ( 'NONE', *, *, #1285, .T. ) ;
#1027 = CARTESIAN_POINT ( 'NONE',  ( -18.48260012872040292, 91.44704127101550739, 95.22556563050973466 ) ) ;
#1028 = EDGE_LOOP ( 'NONE', ( #1061, #1779 ) ) ;
#1029 = ADVANCED_FACE ( 'NONE', ( #2042 ), #527, .F. ) ;
#1030 = CARTESIAN_POINT ( 'NONE',  ( -151.5544456622775442, 193.0000000000000000, 63.99999999999858602 ) ) ;
#1031 = CARTESIAN_POINT ( 'NONE',  ( 26.65123471848412251, 103.9020733599449358, 93.26698893140674329 ) ) ;
#1032 = EDGE_LOOP ( 'NONE', ( #122, #1817, #393, #405 ) ) ;
#1033 = CIRCLE ( 'NONE', #1861, 12.00000000000000711 ) ;
#1034 = ORIENTED_EDGE ( 'NONE', *, *, #272, .T. ) ;
#1035 = CARTESIAN_POINT ( 'NONE',  ( -138.1729538226554723, 193.0000000000000000, 22.54406422813602617 ) ) ;
#1036 = ADVANCED_FACE ( 'NONE', ( #941 ), #1175, .F. ) ;
#1037 = DIRECTION ( 'NONE',  ( 0.8660254037844432595, 0.000000000000000000, -0.4999999999999919509 ) ) ;
#1038 = DIRECTION ( 'NONE',  ( -0.000000000000000000, 0.000000000000000000, 1.000000000000000000 ) ) ;
#1039 = FACE_OUTER_BOUND ( 'NONE', #1329, .T. ) ;
#1040 = VERTEX_POINT ( 'NONE', #778 ) ;
#1041 = DIRECTION ( 'NONE',  ( 1.000000000000000000, 0.000000000000000000, 0.000000000000000000 ) ) ;
#1042 = ORIENTED_EDGE ( 'NONE', *, *, #2332, .F. ) ;
#1043 = CARTESIAN_POINT ( 'NONE',  ( 0.000000000000000000, 112.5000000000000000, 135.0000000000000000 ) ) ;
#1044 = ADVANCED_FACE ( 'NONE', ( #1000 ), #178, .T. ) ;
#1045 = CARTESIAN_POINT ( 'NONE',  ( 3.690683145898336903, 140.3164366573651023, -96.94655601415823298 ) ) ;
#1046 = AXIS2_PLACEMENT_3D ( 'NONE', #2267, #394, #1590 ) ;
#1047 = CARTESIAN_POINT ( 'NONE',  ( 1.838134875105339239, 84.50000000000001421, 97.00000000000001421 ) ) ;
#1048 = ORIENTED_EDGE ( 'NONE', *, *, #548, .T. ) ;
#1049 = ORIENTED_EDGE ( 'NONE', *, *, #515, .T. ) ;
#1050 = VERTEX_POINT ( 'NONE', #1159 ) ;
#1051 = CARTESIAN_POINT ( 'NONE',  ( -25.67670335828806571, 101.3232867979552196, -93.54004786851017172 ) ) ;
#1052 = CARTESIAN_POINT ( 'NONE',  ( 19.16506237128456291, 132.9334050457999865, -95.09011411507337641 ) ) ;
#1053 = DIRECTION ( 'NONE',  ( 1.000000000000000000, 0.000000000000000000, 0.000000000000000000 ) ) ;
#1054 = CARTESIAN_POINT ( 'NONE',  ( -27.09772527870813263, 105.2150294262565637, -137.3530030043784222 ) ) ;
#1055 = ORIENTED_EDGE ( 'NONE', *, *, #32, .T. ) ;
#1056 = DIRECTION ( 'NONE',  ( 0.000000000000000000, 0.000000000000000000, 1.000000000000000000 ) ) ;
#1057 = ORIENTED_EDGE ( 'NONE', *, *, #2086, .F. ) ;
#1058 = DIRECTION ( 'NONE',  ( 0.000000000000000000, -1.000000000000000000, 0.000000000000000000 ) ) ;
#1059 = CARTESIAN_POINT ( 'NONE',  ( 1.187907397800217667E-14, 84.50000000000000000, 97.00000000000000000 ) ) ;
#1060 = ORIENTED_EDGE ( 'NONE', *, *, #428, .T. ) ;
#1061 = ORIENTED_EDGE ( 'NONE', *, *, #428, .F. ) ;
#1062 = CARTESIAN_POINT ( 'NONE',  ( 151.5544456622763789, 225.0000000000000000, 137.5000000000007390 ) ) ;
#1063 = CARTESIAN_POINT ( 'NONE',  ( -24.30729558101774757, 15.49549008050424881, 137.8762196671866320 ) ) ;
#1064 = DIRECTION ( 'NONE',  ( 0.000000000000000000, 1.000000000000000000, 0.000000000000000000 ) ) ;
#1065 = CARTESIAN_POINT ( 'NONE',  ( -23.77703934666677910, 97.68509553383462674, -137.9670833056154606 ) ) ;
#1066 = ORIENTED_EDGE ( 'NONE', *, *, #2002, .F. ) ;
#1067 = CARTESIAN_POINT ( 'NONE',  ( -27.63585383609481738, 107.9056626930473612, 92.98007923051710577 ) ) ;
#1068 = CARTESIAN_POINT ( 'NONE',  ( -151.5544456622775442, 32.00000000000000000, 87.49999999999859313 ) ) ;
#1069 = CARTESIAN_POINT ( 'NONE',  ( 6.847286460820971143, 12.73101269889243170, 139.8350767199296456 ) ) ;
#1070 = ADVANCED_FACE ( 'NONE', ( #2433 ), #1830, .F. ) ;
#1071 = EDGE_CURVE ( 'NONE', #2612, #377, #794, .T. ) ;
#1072 = ORIENTED_EDGE ( 'NONE', *, *, #281, .F. ) ;
#1073 = VECTOR ( 'NONE', #2238, 1000.000000000000000 ) ;
#1074 = B_SPLINE_CURVE_WITH_KNOTS ( 'NONE', 3,
 ( #1131, #886, #683, #1967, #469, #1510, #667, #261, #1547, #2358, #1539, #2157, #1731, #922, #519, #482, #495, #289, #2381, #931, #505, #2148, #1300, #1742, #273, #2393, #94, #898, #1336, #1346, #2171, #2577, #2132, #83, #2183, #311, #1101, #1938, #2369, #1139, #1326, #1117, #1951, #909, #1821, #132 ),
 .UNSPECIFIED., .F., .F.,
 ( 4, 2, 2, 2, 2, 2, 2, 2, 2, 2, 2, 2, 2, 2, 2, 2, 2, 2, 2, 2, 2, 2, 4 ),
 ( 0.1626202747484734590, 0.1727677629740838050, 0.1829152511996941510, 0.1879889953124993240, 0.1930627394253044971, 0.2032102276509148431, 0.2082839717637200161, 0.2133577158765251891, 0.2235052041021355351, 0.2336526923277458812, 0.2387264364405510264, 0.2438001805533561717, 0.2539476687789664622, 0.2640951570045768082, 0.2742426452301870987, 0.2793163893429922995, 0.2843901334557975003, 0.2945376216814079018, 0.3046851099070183588, 0.3072219819634209315, 0.3097588540198235041, 0.3148325981326286493, 0.3249800863582389399 ),
 .UNSPECIFIED. ) ;
#1075 = CARTESIAN_POINT ( 'NONE',  ( 49.56274458521270532, 32.00000000000000000, -130.9333202404222902 ) ) ;
#1076 = CYLINDRICAL_SURFACE ( 'NONE', #2270, 12.00000000000001066 ) ;
#1077 = EDGE_CURVE ( 'NONE', #998, #1267, #345, .T. ) ;
#1078 = CARTESIAN_POINT ( 'NONE',  ( 22.76437596801023844, 96.17186010101168847, -94.29238553893854657 ) ) ;
#1079 = EDGE_CURVE ( 'NONE', #2593, #2479, #143, .T. ) ;
#1080 = EDGE_CURVE ( 'NONE', #1438, #355, #1953, .T. ) ;
#1081 = DIRECTION ( 'NONE',  ( 0.000000000000000000, 0.000000000000000000, 1.000000000000000000 ) ) ;
#1082 = ORIENTED_EDGE ( 'NONE', *, *, #1235, .T. ) ;
#1083 = DIRECTION ( 'NONE',  ( 1.000000000000000000, 0.000000000000000000, 0.000000000000000000 ) ) ;
#1084 = EDGE_LOOP ( 'NONE', ( #879, #1540 ) ) ;
#1085 = CARTESIAN_POINT ( 'NONE',  ( 28.00000000000000000, 112.5000000000000000, 92.87087810503355456 ) ) ;
#1086 = ORIENTED_EDGE ( 'NONE', *, *, #598, .F. ) ;
#1087 = CIRCLE ( 'NONE', #1216, 23.49999999999999289 ) ;
#1088 = VECTOR ( 'NONE', #2674, 1000.000000000000000 ) ;
#1089 = ORIENTED_EDGE ( 'NONE', *, *, #1561, .F. ) ;
#1090 = CARTESIAN_POINT ( 'NONE',  ( -7.304262741450868290, 85.40678072120732622, -96.74152250650520557 ) ) ;
#1091 = CARTESIAN_POINT ( 'NONE',  ( -151.5544456622775442, 225.0000000000000000, 137.4999999999986358 ) ) ;
#1092 = DIRECTION ( 'NONE',  ( 0.000000000000000000, 1.000000000000000000, -0.000000000000000000 ) ) ;
#1093 = CARTESIAN_POINT ( 'NONE',  ( 138.1729538226551881, 225.0000000000000000, 22.54406422813794109 ) ) ;
#1094 = CARTESIAN_POINT ( 'NONE',  ( -3.209566044802241169, 84.68073041976019510, -139.9639588816388311 ) ) ;
#1095 = VERTEX_POINT ( 'NONE', #865 ) ;
#1096 = CYLINDRICAL_SURFACE ( 'NONE', #1368, 23.50000000000000711 ) ;
#1097 = CARTESIAN_POINT ( 'NONE',  ( 151.5544456622763789, 0.000000000000000000, 111.0000000000007105 ) ) ;
#1098 = DIRECTION ( 'NONE',  ( -0.000000000000000000, -1.000000000000000000, -0.000000000000000000 ) ) ;
#1099 = LINE ( 'NONE', #285, #1132 ) ;
#1100 = VERTEX_POINT ( 'NONE', #1440 ) ;
#1101 = CARTESIAN_POINT ( 'NONE',  ( -97.26579261822222122, 135.9667107246675357, 100.6988966557786256 ) ) ;
#1102 = CARTESIAN_POINT ( 'NONE',  ( -151.5544456622775442, 0.000000000000000000, 87.49999999999859313 ) ) ;
#1103 = ADVANCED_FACE ( 'NONE', ( #2097 ), #1670, .F. ) ;
#1104 = ORIENTED_EDGE ( 'NONE', *, *, #2307, .T. ) ;
#1105 = CARTESIAN_POINT ( 'NONE',  ( -2.594492523122586401E-15, 140.5000000000002558, 97.00000000000007105 ) ) ;
#1106 = DIRECTION ( 'NONE',  ( 0.000000000000000000, 0.000000000000000000, 1.000000000000000000 ) ) ;
#1107 = ORIENTED_EDGE ( 'NONE', *, *, #2579, .T. ) ;
#1108 = DIRECTION ( 'NONE',  ( 0.000000000000000000, 0.000000000000000000, 1.000000000000000000 ) ) ;
#1109 = VECTOR ( 'NONE', #1959, 1000.000000000000000 ) ;
#1110 = DIRECTION ( 'NONE',  ( 0.000000000000000000, 0.000000000000000000, 1.000000000000000000 ) ) ;
#1111 = CIRCLE ( 'NONE', #2431, 12.00000000000000888 ) ;
#1112 = CARTESIAN_POINT ( 'NONE',  ( 100.0000000000000142, 112.0693749625813496, 97.97958971132715078 ) ) ;
#1113 = EDGE_CURVE ( 'NONE', #998, #744, #2696, .T. ) ;
#1114 = EDGE_LOOP ( 'NONE', ( #138, #1230, #191, #9, #445, #2700, #2640, #226, #2440, #1505, #835, #1756, #1104, #2517, #2198, #2675, #2083, #1990, #870, #571, #788, #666 ) ) ;
#1115 = CIRCLE ( 'NONE', #594, 140.0000000000000568 ) ;
#1116 = AXIS2_PLACEMENT_3D ( 'NONE', #2614, #1552, #1106 ) ;
#1117 = CARTESIAN_POINT ( 'NONE',  ( -99.10038116803588082, 125.9905897343536481, 98.89007354481600487 ) ) ;
#1118 = CARTESIAN_POINT ( 'NONE',  ( 28.00000000000000000, 112.5000000000000000, -225.0000000000000000 ) ) ;
#1119 = AXIS2_PLACEMENT_3D ( 'NONE', #572, #1393, #120 ) ;
#1120 = ADVANCED_FACE ( 'NONE', ( #1483 ), #1012, .T. ) ;
#1121 = ORIENTED_EDGE ( 'NONE', *, *, #2379, .T. ) ;
#1122 = CARTESIAN_POINT ( 'NONE',  ( 14.01364159648966456, 88.24180152771329233, -139.2992417180240921 ) ) ;
#1123 = ORIENTED_EDGE ( 'NONE', *, *, #837, .F. ) ;
#1124 = DIRECTION ( 'NONE',  ( 0.000000000000000000, 0.000000000000000000, 1.000000000000000000 ) ) ;
#1125 = AXIS2_PLACEMENT_3D ( 'NONE', #2521, #1945, #1110 ) ;
#1126 = CARTESIAN_POINT ( 'NONE',  ( -170.6217334362814881, 32.00000000000000000, 41.27837587293742416 ) ) ;
#1127 = FACE_BOUND ( 'NONE', #189, .T. ) ;
#1128 = EDGE_CURVE ( 'NONE', #442, #1725, #2028, .T. ) ;
#1129 = FACE_OUTER_BOUND ( 'NONE', #857, .T. ) ;
#1130 = VECTOR ( 'NONE', #415, 1000.000000000000000 ) ;
#1131 = CARTESIAN_POINT ( 'NONE',  ( 1.714505518804604543E-14, 212.5000000000000284, 140.0000000000000284 ) ) ;
#1132 = VECTOR ( 'NONE', #1761, 1000.000000000000000 ) ;
#1133 = CARTESIAN_POINT ( 'NONE',  ( 11.56874524226208401, 86.98536058669800752, -139.5237572280214806 ) ) ;
#1134 = DIRECTION ( 'NONE',  ( 1.000000000000000000, 0.000000000000000000, 0.000000000000000000 ) ) ;
#1135 = ORIENTED_EDGE ( 'NONE', *, *, #2054, .T. ) ;
#1136 = CARTESIAN_POINT ( 'NONE',  ( 49.56274458521270532, 193.0000000000000000, -168.4019435300256760 ) ) ;
#1137 = CARTESIAN_POINT ( 'NONE',  ( 0.000000000000000000, 112.5000000000000000, 135.0000000000000000 ) ) ;
#1138 = CARTESIAN_POINT ( 'NONE',  ( 94.45732674934198769, 79.50300931924404324, 103.3423468911712177 ) ) ;
#1139 = CARTESIAN_POINT ( 'NONE',  ( -98.57428156642833983, 129.3472918218111829, 99.41406108287608845 ) ) ;
#1140 = VECTOR ( 'NONE', #1343, 1000.000000000000000 ) ;
#1141 = ORIENTED_EDGE ( 'NONE', *, *, #2202, .F. ) ;
#1142 = CARTESIAN_POINT ( 'NONE',  ( 9.023328814378222873, 85.97795486956736966, -139.7116689217115493 ) ) ;
#1143 = DIRECTION ( 'NONE',  ( 0.000000000000000000, 1.000000000000000000, -0.000000000000000000 ) ) ;
#1144 = ORIENTED_EDGE ( 'NONE', *, *, #136, .T. ) ;
#1145 = CARTESIAN_POINT ( 'NONE',  ( -12.45518027833446872, 137.6442779256655626, -96.21212620168117269 ) ) ;
#1146 = DIRECTION ( 'NONE',  ( 0.000000000000000000, 0.000000000000000000, 1.000000000000000000 ) ) ;
#1147 = EDGE_CURVE ( 'NONE', #2295, #2408, #1111, .T. ) ;
#1148 = EDGE_CURVE ( 'NONE', #2532, #2596, #1165, .T. ) ;
#1149 = DIRECTION ( 'NONE',  ( 0.8660254037844431485, 0.000000000000000000, -0.4999999999999920619 ) ) ;
#1150 = CARTESIAN_POINT ( 'NONE',  ( -9.888678957383925550, 138.6997619516097302, -139.6510080692326028 ) ) ;
#1151 = ORIENTED_EDGE ( 'NONE', *, *, #1922, .T. ) ;
#1152 = EDGE_CURVE ( 'NONE', #1508, #177, #1197, .T. ) ;
#1153 = CARTESIAN_POINT ( 'NONE',  ( 27.05806472503206095, 105.2402968981643454, -137.3606019689175923 ) ) ;
#1154 = LINE ( 'NONE', #950, #642 ) ;
#1155 = ORIENTED_EDGE ( 'NONE', *, *, #1387, .F. ) ;
#1156 = DIRECTION ( 'NONE',  ( -0.8660254037844362651, 0.000000000000000000, -0.5000000000000039968 ) ) ;
#1157 = EDGE_CURVE ( 'NONE', #370, #1304, #975, .T. ) ;
#1158 = DIRECTION ( 'NONE',  ( -1.000000000000000000, 0.000000000000000000, 0.000000000000000000 ) ) ;
#1159 = CARTESIAN_POINT ( 'NONE',  ( -170.6217334362814881, 193.0000000000000000, 41.27837587293742416 ) ) ;
#1160 = CIRCLE ( 'NONE', #2708, 12.00000000000000888 ) ;
#1161 = CARTESIAN_POINT ( 'NONE',  ( 1.497379672015501696E-19, 84.50000000000000000, -97.00000000000000000 ) ) ;
#1162 = CARTESIAN_POINT ( 'NONE',  ( -49.56274458521270532, 193.0000000000000000, 0.000000000000000000 ) ) ;
#1163 = DIRECTION ( 'NONE',  ( 0.000000000000000000, 1.000000000000000000, 0.000000000000000000 ) ) ;
#1164 = CARTESIAN_POINT ( 'NONE',  ( 9.913556925657452723, 138.7021407185803525, -139.6511145925106803 ) ) ;
#1165 = B_SPLINE_CURVE_WITH_KNOTS ( 'NONE', 3,
 ( #2111, #391, #2710, #1217, #2059, #1886, #607, #1249, #8, #1659, #2280, #219, #2518, #2503, #621, #1027, #406, #419, #836, #1231, #205, #1278, #823, #21, #636, #1067, #1469, #1859, #2312, #1264 ),
 .UNSPECIFIED., .F., .F.,
 ( 4, 2, 2, 2, 2, 2, 2, 2, 2, 2, 2, 2, 2, 2, 4 ),
 ( 0.04401708538057667874, 0.04676665532767983191, 0.04951622527478297814, 0.05501536516898927753, 0.05639015014254084718, 0.05776493511609241682, 0.06051450506319552836, 0.06326407501029863989, 0.06601364495740175142, 0.07151278485160798837, 0.07426235479871109990, 0.07701192474581419756, 0.08251106464002043450, 0.08526063458712354604, 0.08801020453422665757 ),
 .UNSPECIFIED. ) ;
#1166 = CIRCLE ( 'NONE', #727, 50.00000000000001421 ) ;
#1167 = ORIENTED_EDGE ( 'NONE', *, *, #82, .F. ) ;
#1168 = CARTESIAN_POINT ( 'NONE',  ( 49.56274458521270532, 32.00000000000000000, -130.9333202404222902 ) ) ;
#1169 = CARTESIAN_POINT ( 'NONE',  ( -55.07008240881599903, 29.01427130634257878, 128.7221307866211077 ) ) ;
#1170 = VERTEX_POINT ( 'NONE', #1944 ) ;
#1171 = CARTESIAN_POINT ( 'NONE',  ( -27.27967847716763927, 118.8773726844353007, -93.08520027254590445 ) ) ;
#1172 = CIRCLE ( 'NONE', #1524, 140.0000000000000284 ) ;
#1173 = PLANE ( 'NONE',  #2242 ) ;
#1174 = ORIENTED_EDGE ( 'NONE', *, *, #1019, .F. ) ;
#1175 = CYLINDRICAL_SURFACE ( 'NONE', #1436, 23.50000000000000711 ) ;
#1176 = ORIENTED_EDGE ( 'NONE', *, *, #1323, .T. ) ;
#1177 = DIRECTION ( 'NONE',  ( 0.000000000000000000, 0.000000000000000000, 1.000000000000000000 ) ) ;
#1178 = DIRECTION ( 'NONE',  ( 1.000000000000000000, 0.000000000000000000, 0.000000000000000000 ) ) ;
#1179 = DIRECTION ( 'NONE',  ( 0.8660254037844431485, 0.000000000000000000, -0.4999999999999922839 ) ) ;
#1180 = CARTESIAN_POINT ( 'NONE',  ( 14.04720677908995263, 136.7915394131766220, -139.3020271558537218 ) ) ;
#1181 = ORIENTED_EDGE ( 'NONE', *, *, #157, .T. ) ;
#1182 = CARTESIAN_POINT ( 'NONE',  ( 49.56274458521270532, 0.000000000000000000, 0.000000000000000000 ) ) ;
#1183 = EDGE_CURVE ( 'NONE', #1265, #520, #89, .T. ) ;
#1184 = DIRECTION ( 'NONE',  ( -0.000000000000000000, -1.000000000000000000, -0.000000000000000000 ) ) ;
#1185 = ORIENTED_EDGE ( 'NONE', *, *, #1559, .T. ) ;
#1186 = DIRECTION ( 'NONE',  ( -0.5000000000000036637, 0.8660254037844364872, 0.000000000000000000 ) ) ;
#1187 = CARTESIAN_POINT ( 'NONE',  ( -24.78137229260595120, 193.0000000000000000, -42.92259589207406378 ) ) ;
#1188 = ORIENTED_EDGE ( 'NONE', *, *, #1323, .F. ) ;
#1189 = CARTESIAN_POINT ( 'NONE',  ( 24.78137229260655516, 0.000000000000000000, -42.92259589207372272 ) ) ;
#1190 = ORIENTED_EDGE ( 'NONE', *, *, #1286, .F. ) ;
#1191 = CARTESIAN_POINT ( 'NONE',  ( 121.0589888510678236, 225.0000000000000000, 127.1235676570872641 ) ) ;
#1192 = CIRCLE ( 'NONE', #2475, 28.00000000000000000 ) ;
#1193 = DIRECTION ( 'NONE',  ( 0.000000000000000000, 0.000000000000000000, 1.000000000000000000 ) ) ;
#1194 = ADVANCED_FACE ( 'NONE', ( #1710, #1293 ), #892, .F. ) ;
#1195 = CYLINDRICAL_SURFACE ( 'NONE', #2314, 50.00000000000001421 ) ;
#1196 = CARTESIAN_POINT ( 'NONE',  ( -25.51513775221307156, 124.0675853403393063, -137.6557446215838638 ) ) ;
#1197 = CIRCLE ( 'NONE', #1241, 23.49999999999999289 ) ;
#1198 = EDGE_LOOP ( 'NONE', ( #1258, #1865 ) ) ;
#1199 = ORIENTED_EDGE ( 'NONE', *, *, #2579, .F. ) ;
#1200 = DIRECTION ( 'NONE',  ( 0.000000000000000000, 1.000000000000000000, 0.000000000000000000 ) ) ;
#1201 = PLANE ( 'NONE',  #824 ) ;
#1202 = CARTESIAN_POINT ( 'NONE',  ( 0.000000000000000000, 32.00000000000000000, -175.0000000000000000 ) ) ;
#1203 = CARTESIAN_POINT ( 'NONE',  ( 96.40332099596845694, 139.1302997010522233, 101.5220783207053188 ) ) ;
#1204 = CARTESIAN_POINT ( 'NONE',  ( -76.95190528383272976, 74.99999999999967315, 145.0000000000000284 ) ) ;
#1205 = CIRCLE ( 'NONE', #2390, 140.0000000000000284 ) ;
#1206 = DIRECTION ( 'NONE',  ( 0.8660254037844432595, 0.000000000000000000, -0.4999999999999919509 ) ) ;
#1207 = CARTESIAN_POINT ( 'NONE',  ( 1.187907395172932673E-14, 225.0000000000000000, 97.00000000000000000 ) ) ;
#1208 = EDGE_CURVE ( 'NONE', #1304, #499, #637, .T. ) ;
#1209 = CARTESIAN_POINT ( 'NONE',  ( -28.00000000000000355, 114.3319388574766577, -137.1714255958579827 ) ) ;
#1210 = APPLICATION_CONTEXT ( 'automotive_design' ) ;
#1211 = EDGE_LOOP ( 'NONE', ( #2186, #1675 ) ) ;
#1212 = CARTESIAN_POINT ( 'NONE',  ( 27.99999999999999645, 112.0377298371680297, -137.1714255958579258 ) ) ;
#1213 = CYLINDRICAL_SURFACE ( 'NONE', #2494, 140.0000000000000284 ) ;
#1214 = LINE ( 'NONE', #2079, #1130 ) ;
#1215 = CARTESIAN_POINT ( 'NONE',  ( -27.77300818916884140, 108.8234274278626543, -137.2175960226948916 ) ) ;
#1216 = AXIS2_PLACEMENT_3D ( 'NONE', #484, #1092, #2417 ) ;
#1217 = CARTESIAN_POINT ( 'NONE',  ( -3.690991310874862208, 84.72878813297673162, 96.93416567691200214 ) ) ;
#1218 = AXIS2_PLACEMENT_3D ( 'NONE', #516, #528, #162 ) ;
#1219 = ORIENTED_EDGE ( 'NONE', *, *, #1332, .F. ) ;
#1220 = PLANE ( 'NONE',  #1001 ) ;
#1221 = FACE_OUTER_BOUND ( 'NONE', #2131, .T. ) ;
#1222 = CARTESIAN_POINT ( 'NONE',  ( 26.50514336733283827, 103.4617083701912463, 93.30864772023842590 ) ) ;
#1223 = CARTESIAN_POINT ( 'NONE',  ( -24.78137229260595120, 225.0000000000000000, -42.92259589207406378 ) ) ;
#1224 = UNCERTAINTY_MEASURE_WITH_UNIT (LENGTH_MEASURE( 1.000000000000000082E-05 ), #2587, 'distance_accuracy_value', 'NONE');
#1225 = VERTEX_POINT ( 'NONE', #2557 ) ;
#1226 = CARTESIAN_POINT ( 'NONE',  ( -11.58230456113666840, 86.99146650903060163, -96.30976739456205848 ) ) ;
#1227 = DIRECTION ( 'NONE',  ( 0.000000000000000000, 0.000000000000000000, 1.000000000000000000 ) ) ;
#1228 = CYLINDRICAL_SURFACE ( 'NONE', #1741, 12.00000000000001066 ) ;
#1229 = DIRECTION ( 'NONE',  ( 0.000000000000000000, 1.000000000000000000, 0.000000000000000000 ) ) ;
#1230 = ORIENTED_EDGE ( 'NONE', *, *, #842, .F. ) ;
#1231 = CARTESIAN_POINT ( 'NONE',  ( -23.77392279960823629, 97.68012027883986548, 94.04292929018416203 ) ) ;
#1232 = VERTEX_POINT ( 'NONE', #1136 ) ;
#1233 = VECTOR ( 'NONE', #736, 1000.000000000000000 ) ;
#1234 = DIRECTION ( 'NONE',  ( -0.8660254037844362651, 0.000000000000000000, -0.5000000000000039968 ) ) ;
#1235 = EDGE_CURVE ( 'NONE', #2352, #1634, #47, .T. ) ;
#1236 = CARTESIAN_POINT ( 'NONE',  ( 170.6217334362809197, 0.000000000000000000, 41.27837587293981869 ) ) ;
#1237 = ORIENTED_EDGE ( 'NONE', *, *, #2332, .T. ) ;
#1238 = AXIS2_PLACEMENT_3D ( 'NONE', #937, #733, #359 ) ;
#1239 = ORIENTED_EDGE ( 'NONE', *, *, #2173, .F. ) ;
#1240 = ORIENTED_EDGE ( 'NONE', *, *, #193, .F. ) ;
#1241 = AXIS2_PLACEMENT_3D ( 'NONE', #852, #652, #2293 ) ;
#1242 = LINE ( 'NONE', #1449, #1549 ) ;
#1243 = CARTESIAN_POINT ( 'NONE',  ( 25.15474470350017455, 124.9328081959884713, -93.68440517396687994 ) ) ;
#1244 = DIRECTION ( 'NONE',  ( 0.000000000000000000, 0.000000000000000000, 1.000000000000000000 ) ) ;
#1245 = ADVANCED_FACE ( 'NONE', ( #1971 ), #2166, .F. ) ;
#1246 = DIRECTION ( 'NONE',  ( 0.8660254037844431485, 0.000000000000000000, -0.4999999999999922839 ) ) ;
#1247 = ORIENTED_EDGE ( 'NONE', *, *, #1406, .T. ) ;
#1248 = EDGE_CURVE ( 'NONE', #1232, #2502, #156, .T. ) ;
#1249 = CARTESIAN_POINT ( 'NONE',  ( -11.17808060499892520, 86.82388950834004504, 96.35472803424069355 ) ) ;
#1250 = AXIS2_PLACEMENT_3D ( 'NONE', #2373, #718, #1581 ) ;
#1251 = EDGE_LOOP ( 'NONE', ( #1199, #1020, #2006, #22 ) ) ;
#1252 = ORIENTED_EDGE ( 'NONE', *, *, #354, .F. ) ;
#1253 = CARTESIAN_POINT ( 'NONE',  ( -24.78137229260655516, 32.00000000000000000, 42.92259589207372272 ) ) ;
#1254 = VECTOR ( 'NONE', #1475, 1000.000000000000000 ) ;
#1255 = CYLINDRICAL_SURFACE ( 'NONE', #163, 50.00000000000001421 ) ;
#1256 = ORIENTED_EDGE ( 'NONE', *, *, #2127, .F. ) ;
#1257 = AXIS2_PLACEMENT_3D ( 'NONE', #2635, #1790, #2453 ) ;
#1258 = ORIENTED_EDGE ( 'NONE', *, *, #1960, .T. ) ;
#1259 = CARTESIAN_POINT ( 'NONE',  ( -28.00000000000000355, 111.5815509041580214, -92.87087810503358298 ) ) ;
#1260 = CARTESIAN_POINT ( 'NONE',  ( 21.05770164224436414, 130.9770537854770112, -94.68856552037460972 ) ) ;
#1261 = CARTESIAN_POINT ( 'NONE',  ( 0.000000000000000000, 225.0000000000000000, 0.000000000000000000 ) ) ;
#1262 = CARTESIAN_POINT ( 'NONE',  ( -0.9147485193706568207, 84.50000000000002842, -140.0000000000000284 ) ) ;
#1263 = EDGE_LOOP ( 'NONE', ( #626, #2538 ) ) ;
#1264 = CARTESIAN_POINT ( 'NONE',  ( -28.00000000000000000, 112.5000000000000000, 92.87087810503355456 ) ) ;
#1265 = VERTEX_POINT ( 'NONE', #2386 ) ;
#1266 = AXIS2_PLACEMENT_3D ( 'NONE', #630, #1466, #2305 ) ;
#1267 = VERTEX_POINT ( 'NONE', #2546 ) ;
#1268 = FACE_OUTER_BOUND ( 'NONE', #2216, .T. ) ;
#1269 = CIRCLE ( 'NONE', #779, 12.00000000000000888 ) ;
#1270 = CARTESIAN_POINT ( 'NONE',  ( 24.78137229260655516, 32.00000000000000000, -42.92259589207372272 ) ) ;
#1271 = ORIENTED_EDGE ( 'NONE', *, *, #2049, .F. ) ;
#1272 = ORIENTED_EDGE ( 'NONE', *, *, #1798, .F. ) ;
#1273 = CARTESIAN_POINT ( 'NONE',  ( 50.00000000000000000, 112.5000000000000000, 135.0000000000000000 ) ) ;
#1274 = CARTESIAN_POINT ( 'NONE',  ( 1.714505518779661708E-14, 12.49999999999999822, 140.0000000000000284 ) ) ;
#1275 = EDGE_CURVE ( 'NONE', #2335, #891, #2296, .T. ) ;
#1276 = CARTESIAN_POINT ( 'NONE',  ( -24.78137229260595120, 32.00000000000000000, -42.92259589207406378 ) ) ;
#1277 = VERTEX_POINT ( 'NONE', #1533 ) ;
#1278 = CARTESIAN_POINT ( 'NONE',  ( -25.11619608831450989, 100.0892509281800784, 93.69300611844413140 ) ) ;
#1279 = ORIENTED_EDGE ( 'NONE', *, *, #2509, .F. ) ;
#1280 = VERTEX_POINT ( 'NONE', #75 ) ;
#1281 = DIRECTION ( 'NONE',  ( -0.000000000000000000, 1.000000000000000000, -0.000000000000000000 ) ) ;
#1282 = CARTESIAN_POINT ( 'NONE',  ( 3.413106374997766146, 12.54349491065980438, 139.9689219098904118 ) ) ;
#1283 = CARTESIAN_POINT ( 'NONE',  ( 11.58542322985323203, 86.99295990157688152, 96.30937407888841051 ) ) ;
#1284 = ORIENTED_EDGE ( 'NONE', *, *, #1720, .F. ) ;
#1285 = EDGE_CURVE ( 'NONE', #1664, #2165, #1939, .T. ) ;
#1286 = EDGE_CURVE ( 'NONE', #2237, #1297, #500, .T. ) ;
#1287 = CARTESIAN_POINT ( 'NONE',  ( 12.00000000000000711, 187.5000000000000000, 160.0000000000000000 ) ) ;
#1288 = DIRECTION ( 'NONE',  ( -0.000000000000000000, 1.000000000000000000, -0.000000000000000000 ) ) ;
#1289 = CARTESIAN_POINT ( 'NONE',  ( 3.204441285453714094, 84.68017310483631377, -96.94813512049933024 ) ) ;
#1290 = AXIS2_PLACEMENT_3D ( 'NONE', #270, #1700, #2125 ) ;
#1291 = CARTESIAN_POINT ( 'NONE',  ( 49.56274458521270532, 193.0000000000000000, 0.000000000000000000 ) ) ;
#1292 = EDGE_LOOP ( 'NONE', ( #1877, #1042, #1746, #2147 ) ) ;
#1293 = FACE_BOUND ( 'NONE', #464, .T. ) ;
#1294 = CARTESIAN_POINT ( 'NONE',  ( -49.56274458521270532, 193.0000000000000000, -168.4019435300256760 ) ) ;
#1295 = CARTESIAN_POINT ( 'NONE',  ( 84.80603321855817001, 59.41631215296464319, 111.4122794713384508 ) ) ;
#1296 = AXIS2_PLACEMENT_3D ( 'NONE', #1270, #2482, #2269 ) ;
#1297 = VERTEX_POINT ( 'NONE', #663 ) ;
#1298 = AXIS2_PLACEMENT_3D ( 'NONE', #2052, #977, #2427 ) ;
#1299 = CARTESIAN_POINT ( 'NONE',  ( 0.000000000000000000, 112.5000000000000000, 134.9999999999999716 ) ) ;
#1300 = CARTESIAN_POINT ( 'NONE',  ( -69.94406525789545981, 183.9866924194017486, 121.2827596962458898 ) ) ;
#1301 = LINE ( 'NONE', #1867, #481 ) ;
#1302 = CARTESIAN_POINT ( 'NONE',  ( 22.22228160478015013, 95.44111851318595541, -94.42205275585925506 ) ) ;
#1303 = CARTESIAN_POINT ( 'NONE',  ( -26.56685461438171458, 103.4678836644679052, -137.4580503800394524 ) ) ;
#1304 = VERTEX_POINT ( 'NONE', #2336 ) ;
#1305 = DIRECTION ( 'NONE',  ( 0.000000000000000000, 0.000000000000000000, 1.000000000000000000 ) ) ;
#1306 = DIRECTION ( 'NONE',  ( 0.000000000000000000, 1.000000000000000000, 0.000000000000000000 ) ) ;
#1307 = AXIS2_PLACEMENT_3D ( 'NONE', #1434, #153, #2692 ) ;
#1308 = EDGE_CURVE ( 'NONE', #1900, #913, #2177, .T. ) ;
#1309 = CARTESIAN_POINT ( 'NONE',  ( 0.000000000000000000, 32.00000000000000000, 0.000000000000000000 ) ) ;
#1310 = ORIENTED_EDGE ( 'NONE', *, *, #2290, .T. ) ;
#1311 = CIRCLE ( 'NONE', #1439, 140.0000000000000284 ) ;
#1312 = CARTESIAN_POINT ( 'NONE',  ( -64.95190528383272976, 74.99999999999967315, 145.0000000000000284 ) ) ;
#1313 = CARTESIAN_POINT ( 'NONE',  ( 7.305586678430190162, 85.40635884916348175, -96.74163522014399064 ) ) ;
#1314 = CARTESIAN_POINT ( 'NONE',  ( -27.81986400891755906, 115.7041100816315549, 92.92500945057626893 ) ) ;
#1315 = CYLINDRICAL_SURFACE ( 'NONE', #1250, 50.00000000000000711 ) ;
#1316 = EDGE_LOOP ( 'NONE', ( #841, #1955, #184, #534, #802, #1980 ) ) ;
#1317 = CARTESIAN_POINT ( 'NONE',  ( 0.000000000000000000, 112.5000000000000000, 160.0000000000000000 ) ) ;
#1318 = EDGE_CURVE ( 'NONE', #962, #48, #971, .T. ) ;
#1319 = FACE_OUTER_BOUND ( 'NONE', #2292, .T. ) ;
#1320 = CARTESIAN_POINT ( 'NONE',  ( 26.83459156911066401, 16.10941556451638590, 137.4431673900749615 ) ) ;
#1321 = DIRECTION ( 'NONE',  ( 0.000000000000000000, -0.000000000000000000, 1.000000000000000000 ) ) ;
#1322 = ORIENTED_EDGE ( 'NONE', *, *, #1157, .F. ) ;
#1323 = EDGE_CURVE ( 'NONE', #204, #1903, #279, .T. ) ;
#1324 = ADVANCED_FACE ( 'NONE', ( #305 ), #1096, .F. ) ;
#1325 = CARTESIAN_POINT ( 'NONE',  ( -151.5544456622775442, 0.000000000000000000, 87.49999999999859313 ) ) ;
#1326 = CARTESIAN_POINT ( 'NONE',  ( -98.71415063581440563, 128.5073999764922803, 99.27512031011109173 ) ) ;
#1327 = CARTESIAN_POINT ( 'NONE',  ( 0.000000000000000000, 0.000000000000000000, 0.000000000000000000 ) ) ;
#1328 = CARTESIAN_POINT ( 'NONE',  ( 9.882918986961167107, 86.28625163834166756, -139.6532943034335119 ) ) ;
#1329 = EDGE_LOOP ( 'NONE', ( #1060, #2018, #1252, #1188 ) ) ;
#1330 = DIRECTION ( 'NONE',  ( 0.8660254037844432595, 0.000000000000000000, -0.4999999999999919509 ) ) ;
#1331 = ADVANCED_FACE ( 'NONE', ( #2140, #269, #688, #1517, #2363 ), #490, .T. ) ;
#1332 = EDGE_CURVE ( 'NONE', #377, #1605, #1802, .T. ) ;
#1333 = PLANE ( 'NONE',  #2689 ) ;
#1334 = FACE_BOUND ( 'NONE', #1432, .T. ) ;
#1335 = AXIS2_PLACEMENT_3D ( 'NONE', #293, #533, #2428 ) ;
#1336 = CARTESIAN_POINT ( 'NONE',  ( -86.38557072065941611, 162.9747616976715960, 110.1877854969777388 ) ) ;
#1337 = VECTOR ( 'NONE', #1514, 1000.000000000000000 ) ;
#1338 = CARTESIAN_POINT ( 'NONE',  ( -4.601008948083887162, 140.1345378300143523, 96.89498441050736233 ) ) ;
#1339 = CARTESIAN_POINT ( 'NONE',  ( -49.56274458521270532, 32.00000000000000000, -130.9333202404222902 ) ) ;
#1340 = ORIENTED_EDGE ( 'NONE', *, *, #1841, .F. ) ;
#1341 = DIRECTION ( 'NONE',  ( 0.000000000000000000, 0.000000000000000000, 1.000000000000000000 ) ) ;
#1342 = AXIS2_PLACEMENT_3D ( 'NONE', #1371, #768, #1149 ) ;
#1343 = DIRECTION ( 'NONE',  ( 0.000000000000000000, -1.000000000000000000, 0.000000000000000000 ) ) ;
#1344 = CARTESIAN_POINT ( 'NONE',  ( 51.05590906362346004, 26.45456574152711582, 130.3934717169036901 ) ) ;
#1345 = APPLICATION_PROTOCOL_DEFINITION ( 'draft international standard', 'automotive_design', 1998, #1210 ) ;
#1346 = CARTESIAN_POINT ( 'NONE',  ( -88.66579475056460069, 158.7700652748993377, 108.3481913398478014 ) ) ;
#1347 = CIRCLE ( 'NONE', #735, 23.50000000000001421 ) ;
#1348 = VERTEX_POINT ( 'NONE', #1570 ) ;
#1349 = CARTESIAN_POINT ( 'NONE',  ( -23.51679180633150779, 127.7042235116297206, 94.10647602407347279 ) ) ;
#1350 = ORIENTED_EDGE ( 'NONE', *, *, #1275, .F. ) ;
#1351 = CARTESIAN_POINT ( 'NONE',  ( -28.00000000000000355, 114.3379448501741393, -92.87087810503355456 ) ) ;
#1352 = EDGE_CURVE ( 'NONE', #1943, #885, #2425, .T. ) ;
#1353 = DIRECTION ( 'NONE',  ( -0.8660254037844364872, 0.000000000000000000, -0.5000000000000036637 ) ) ;
#1354 = DIRECTION ( 'NONE',  ( 0.000000000000000000, 1.000000000000000000, 0.000000000000000000 ) ) ;
#1355 = EDGE_CURVE ( 'NONE', #1348, #407, #2451, .T. ) ;
#1356 = CARTESIAN_POINT ( 'NONE',  ( -151.5544456622775442, 193.0000000000000000, 87.49999999999859313 ) ) ;
#1357 = FACE_OUTER_BOUND ( 'NONE', #2022, .T. ) ;
#1358 = EDGE_CURVE ( 'NONE', #2013, #2479, #541, .T. ) ;
#1359 = CARTESIAN_POINT ( 'NONE',  ( 22.77631354654306861, 128.8119111200699649, -138.1358231808786741 ) ) ;
#1360 = CIRCLE ( 'NONE', #195, 12.00000000000000711 ) ;
#1361 = ORIENTED_EDGE ( 'NONE', *, *, #1781, .T. ) ;
#1362 = LINE ( 'NONE', #1780, #115 ) ;
#1363 = SURFACE_SIDE_STYLE ('',( #934 ) ) ;
#1364 = VERTEX_POINT ( 'NONE', #2187 ) ;
#1365 = FACE_BOUND ( 'NONE', #622, .T. ) ;
#1366 = CARTESIAN_POINT ( 'NONE',  ( 0.000000000000000000, 32.00000000000000000, -225.0000000000000000 ) ) ;
#1367 = CARTESIAN_POINT ( 'NONE',  ( 3.669217718323856126, 140.3193258289304310, 96.94738912651155260 ) ) ;
#1368 = AXIS2_PLACEMENT_3D ( 'NONE', #2570, #1503, #2350 ) ;
#1369 = CIRCLE ( 'NONE', #1891, 140.0000000000000284 ) ;
#1370 = CARTESIAN_POINT ( 'NONE',  ( 28.00000000000000000, 112.5000000000000000, -137.1714255958579827 ) ) ;
#1371 = CARTESIAN_POINT ( 'NONE',  ( -151.5544456622775442, 32.00000000000000000, 87.49999999999859313 ) ) ;
#1372 = B_SPLINE_CURVE_WITH_KNOTS ( 'NONE', 3,
 ( #2339, #811, #1282, #1015, #1069, #1905, #867, #1645, #1660, #623, #1320, #2155, #2574, #677, #79, #1739, #2126, #1934, #2389, #1344, #2366, #1962, #2608, #2354, #93, #1507, #895, #2179, #1558, #1749, #1535, #283, #2401, #2560, #919, #2585, #2599, #1295, #1727, #50, #310, #712, #1138, #692, #1546, #2378, #1919, #884, #1712, #701, #477, #1973, #503, #2144, #101, #1520, #492, #930, #1112, #724 ),
 .UNSPECIFIED., .F., .F.,
 ( 4, 2, 2, 2, 2, 2, 2, 2, 2, 2, 2, 2, 2, 2, 2, 2, 2, 2, 2, 2, 2, 2, 2, 2, 2, 2, 2, 2, 2, 4 ),
 ( 0.4873349088428882148, 0.4924027163908824001, 0.4949366201648795482, 0.4974705239388766409, 0.5076061390348650670, 0.5177417541308534377, 0.5202756579048505303, 0.5228095616788476230, 0.5278773692268418083, 0.5380129843228301789, 0.5481485994188185495, 0.5506825031928156422, 0.5532164069668127349, 0.5582842145148069202, 0.5684198296107951798, 0.5785554447067835504, 0.5810893484807806431, 0.5836232522547777357, 0.5886910598027719210, 0.5988266748987602917, 0.6089622899947486623, 0.6190979050907370329, 0.6216318088647341256, 0.6241657126387312182, 0.6292335201867254035, 0.6393691352827137742, 0.6444369428307079595, 0.6469708466047050521, 0.6482377984917035985, 0.6495047503787021448 ),
 .UNSPECIFIED. ) ;
#1373 = CARTESIAN_POINT ( 'NONE',  ( 6.393281823434058708, 139.7758903028090174, -139.8568655314306284 ) ) ;
#1374 = DIRECTION ( 'NONE',  ( -0.4999999999999919509, -0.8660254037844432595, 0.000000000000000000 ) ) ;
#1375 = EDGE_LOOP ( 'NONE', ( #2429, #1768, #2506, #1950, #2176, #1579, #2139, #71, #948, #430 ) ) ;
#1376 = CARTESIAN_POINT ( 'NONE',  ( 52.95190528383322714, 75.00000000000061107, 160.0000000000000000 ) ) ;
#1377 = CARTESIAN_POINT ( 'NONE',  ( -49.56274458521270532, 32.00000000000000000, 0.000000000000000000 ) ) ;
#1378 = VECTOR ( 'NONE', #2000, 1000.000000000000000 ) ;
#1379 = EDGE_LOOP ( 'NONE', ( #2702, #2697, #326, #1516 ) ) ;
#1380 = CARTESIAN_POINT ( 'NONE',  ( -28.00000000000000000, 112.5000000000000000, -92.87087810503356877 ) ) ;
#1381 = CARTESIAN_POINT ( 'NONE',  ( -12.00000000000000711, 187.5000000000000000, 145.0000000000000284 ) ) ;
#1382 = ORIENTED_EDGE ( 'NONE', *, *, #1720, .T. ) ;
#1383 = DIRECTION ( 'NONE',  ( 1.000000000000000000, 0.000000000000000000, 0.000000000000000000 ) ) ;
#1384 = AXIS2_PLACEMENT_3D ( 'NONE', #1998, #131, #1179 ) ;
#1385 = CARTESIAN_POINT ( 'NONE',  ( -50.00000000000000000, 112.5000000000000000, 135.0000000000000000 ) ) ;
#1386 = LINE ( 'NONE', #798, #127 ) ;
#1387 = EDGE_CURVE ( 'NONE', #2009, #38, #62, .T. ) ;
#1388 = CARTESIAN_POINT ( 'NONE',  ( 138.1729538226552165, 32.00000000000000000, 22.54406422813794819 ) ) ;
#1389 = CARTESIAN_POINT ( 'NONE',  ( -26.21362675085005733, 122.3831704269206995, -137.5244416618523928 ) ) ;
#1390 = CARTESIAN_POINT ( 'NONE',  ( 88.61020923744207778, 193.0000000000000000, 108.3892560122854150 ) ) ;
#1391 = APPLICATION_CONTEXT ( 'automotive_design' ) ;
#1392 = VERTEX_POINT ( 'NONE', #2213 ) ;
#1393 = DIRECTION ( 'NONE',  ( 0.4999999999999920064, -0.000000000000000000, 0.8660254037844432595 ) ) ;
#1394 = CARTESIAN_POINT ( 'NONE',  ( -28.38887029524226691, 16.59968495373617259, 137.1012081259159743 ) ) ;
#1395 = ORIENTED_EDGE ( 'NONE', *, *, #1128, .T. ) ;
#1396 = DIRECTION ( 'NONE',  ( 0.000000000000000000, 0.000000000000000000, 1.000000000000000000 ) ) ;
#1397 = CIRCLE ( 'NONE', #2096, 12.00000000000000888 ) ;
#1398 = CARTESIAN_POINT ( 'NONE',  ( 23.62050434757218298, 209.7286931105856524, 138.0332724130346378 ) ) ;
#1399 = ORIENTED_EDGE ( 'NONE', *, *, #346, .F. ) ;
#1400 = DIRECTION ( 'NONE',  ( 1.000000000000000000, 0.000000000000000000, 0.000000000000000000 ) ) ;
#1401 = ADVANCED_FACE ( 'NONE', ( #535, #1991, #2229, #1600, #1365 ), #952, .T. ) ;
#1402 = FACE_OUTER_BOUND ( 'NONE', #2374, .T. ) ;
#1403 = CARTESIAN_POINT ( 'NONE',  ( 0.000000000000000000, 193.0000000000000000, 0.000000000000000000 ) ) ;
#1404 = FACE_BOUND ( 'NONE', #2286, .T. ) ;
#1405 = CARTESIAN_POINT ( 'NONE',  ( -17.42121981777212625, 134.4251594160630532, -138.9123084152168133 ) ) ;
#1406 = EDGE_CURVE ( 'NONE', #1002, #1011, #1018, .T. ) ;
#1407 = ORIENTED_EDGE ( 'NONE', *, *, #1636, .F. ) ;
#1408 = CARTESIAN_POINT ( 'NONE',  ( 170.6217334362809197, 193.0000000000000000, 41.27837587293981869 ) ) ;
#1409 = CARTESIAN_POINT ( 'NONE',  ( 0.000000000000000000, 32.00000000000000000, -198.4999999999999716 ) ) ;
#1410 = CARTESIAN_POINT ( 'NONE',  ( -23.78431168086007119, 127.3038220804672278, -94.04033309849296529 ) ) ;
#1411 = AXIS2_PLACEMENT_3D ( 'NONE', #231, #890, #2531 ) ;
#1412 = CARTESIAN_POINT ( 'NONE',  ( 1.714505518804604543E-14, 212.5000000000000284, 140.0000000000000284 ) ) ;
#1413 = DIRECTION ( 'NONE',  ( -0.8660254037844363761, 0.000000000000000000, -0.5000000000000039968 ) ) ;
#1414 = EDGE_CURVE ( 'NONE', #499, #1456, #2007, .T. ) ;
#1415 = AXIS2_PLACEMENT_3D ( 'NONE', #2559, #2534, #244 ) ;
#1416 = PLANE ( 'NONE',  #656 ) ;
#1417 = LINE ( 'NONE', #2251, #2486 ) ;
#1418 = LINE ( 'NONE', #1253, #216 ) ;
#1419 = CARTESIAN_POINT ( 'NONE',  ( -25.12513639948402755, 124.8921044528151896, -137.7277002551259386 ) ) ;
#1420 = ORIENTED_EDGE ( 'NONE', *, *, #1788, .F. ) ;
#1421 = FACE_OUTER_BOUND ( 'NONE', #376, .T. ) ;
#1422 = CARTESIAN_POINT ( 'NONE',  ( -100.0000000000000142, 109.1141755306388035, 97.97958971132712236 ) ) ;
#1423 = PRODUCT_DEFINITION_SHAPE ( 'NONE', 'NONE',  #479 ) ;
#1424 = CARTESIAN_POINT ( 'NONE',  ( 1.497379672015501696E-19, 84.50000000000000000, -97.00000000000000000 ) ) ;
#1425 = CARTESIAN_POINT ( 'NONE',  ( 86.35579641125603700, 162.9501950578827518, 110.1987608662370093 ) ) ;
#1426 = EDGE_LOOP ( 'NONE', ( #1783, #1543, #650, #2551, #437, #1715, #1121, #2556, #212, #2105, #1753, #224, #664, #271, #196 ) ) ;
#1427 = CARTESIAN_POINT ( 'NONE',  ( 64.95190528383324136, 75.00000000000061107, 160.0000000000000000 ) ) ;
#1428 = AXIS2_PLACEMENT_3D ( 'NONE', #86, #487, #1766 ) ;
#1429 = ORIENTED_EDGE ( 'NONE', *, *, #585, .F. ) ;
#1430 = LINE ( 'NONE', #767, #486 ) ;
#1431 = CARTESIAN_POINT ( 'NONE',  ( 21.04543869447270410, 94.00869141263967776, 94.69131776069107786 ) ) ;
#1432 = EDGE_LOOP ( 'NONE', ( #2668, #838 ) ) ;
#1433 = CARTESIAN_POINT ( 'NONE',  ( -27.77124950647341706, 108.8092703307497686, -92.93958729964973031 ) ) ;
#1434 = CARTESIAN_POINT ( 'NONE',  ( 0.000000000000000000, 187.5000000000000000, 145.0000000000000284 ) ) ;
#1435 = CARTESIAN_POINT ( 'NONE',  ( 0.000000000000000000, 193.0000000000000000, 0.000000000000000000 ) ) ;
#1436 = AXIS2_PLACEMENT_3D ( 'NONE', #2010, #1354, #330 ) ;
#1437 = CARTESIAN_POINT ( 'NONE',  ( 67.01242547955351370, 186.7291347678628597, 122.9218479288336425 ) ) ;
#1438 = VERTEX_POINT ( 'NONE', #1797 ) ;
#1439 = AXIS2_PLACEMENT_3D ( 'NONE', #1620, #2046, #1833 ) ;
#1440 = CARTESIAN_POINT ( 'NONE',  ( 88.61020923744206357, 225.0000000000000000, 108.3892560122854007 ) ) ;
#1441 = EDGE_CURVE ( 'NONE', #1900, #2612, #1484, .T. ) ;
#1442 = AXIS2_PLACEMENT_3D ( 'NONE', #1325, #1537, #517 ) ;
#1443 = ORIENTED_EDGE ( 'NONE', *, *, #1922, .F. ) ;
#1444 = CARTESIAN_POINT ( 'NONE',  ( 52.95190528383322714, 75.00000000000061107, 145.0000000000000284 ) ) ;
#1445 = CARTESIAN_POINT ( 'NONE',  ( 18.50568289716246184, 91.40879685180740921, 95.22742454509658216 ) ) ;
#1446 = ORIENTED_EDGE ( 'NONE', *, *, #307, .F. ) ;
#1447 = EDGE_CURVE ( 'NONE', #38, #2426, #2515, .T. ) ;
#1448 = ORIENTED_EDGE ( 'NONE', *, *, #392, .F. ) ;
#1449 = CARTESIAN_POINT ( 'NONE',  ( -88.61020923744356992, 193.0000000000000000, 108.3892560122841502 ) ) ;
#1450 = CARTESIAN_POINT ( 'NONE',  ( 26.92025160341108858, 120.2144893800446965, -93.18969710370770088 ) ) ;
#1451 = CARTESIAN_POINT ( 'NONE',  ( -24.78137229260595120, 0.000000000000000000, -42.92259589207406378 ) ) ;
#1452 = ADVANCED_FACE ( 'NONE', ( #187, #199 ), #1024, .F. ) ;
#1453 = CARTESIAN_POINT ( 'NONE',  ( 75.33622969168978045, 178.3354134190928733, 118.0260603256348872 ) ) ;
#1454 = ORIENTED_EDGE ( 'NONE', *, *, #598, .T. ) ;
#1455 = DIRECTION ( 'NONE',  ( 0.000000000000000000, 0.000000000000000000, 1.000000000000000000 ) ) ;
#1456 = VERTEX_POINT ( 'NONE', #806 ) ;
#1457 = VERTEX_POINT ( 'NONE', #2487 ) ;
#1458 = VECTOR ( 'NONE', #1918, 1000.000000000000000 ) ;
#1459 = CARTESIAN_POINT ( 'NONE',  ( 9.041208353329588832, 85.98392694935343172, 96.58175709395503361 ) ) ;
#1460 = VERTEX_POINT ( 'NONE', #215 ) ;
#1461 = AXIS2_PLACEMENT_3D ( 'NONE', #155, #1615, #2616 ) ;
#1462 = ORIENTED_EDGE ( 'NONE', *, *, #1352, .T. ) ;
#1463 = AXIS2_PLACEMENT_3D ( 'NONE', #1845, #809, #1041 ) ;
#1464 = DIRECTION ( 'NONE',  ( 0.000000000000000000, -1.000000000000000000, 0.000000000000000000 ) ) ;
#1465 = CARTESIAN_POINT ( 'NONE',  ( 22.75999369677210638, 128.8349048680110229, -94.29348020935321983 ) ) ;
#1466 = DIRECTION ( 'NONE',  ( 0.000000000000000000, 0.000000000000000000, 1.000000000000000000 ) ) ;
#1467 = CARTESIAN_POINT ( 'NONE',  ( -27.63645246378275999, 107.9102425878662359, -137.2452550459117617 ) ) ;
#1468 = ORIENTED_EDGE ( 'NONE', *, *, #1157, .T. ) ;
#1469 = CARTESIAN_POINT ( 'NONE',  ( -27.77362540437255589, 108.8287986853672464, 92.93887618527195116 ) ) ;
#1470 = AXIS2_PLACEMENT_3D ( 'NONE', #1312, #104, #1525 ) ;
#1471 = MECHANICAL_DESIGN_GEOMETRIC_PRESENTATION_REPRESENTATION (  '', ( #1684 ), #2034 ) ;
#1472 = VERTEX_POINT ( 'NONE', #1639 ) ;
#1473 = DIRECTION ( 'NONE',  ( 0.000000000000000000, 0.000000000000000000, 1.000000000000000000 ) ) ;
#1474 = CIRCLE ( 'NONE', #297, 140.0000000000000568 ) ;
#1475 = DIRECTION ( 'NONE',  ( 0.000000000000000000, 0.000000000000000000, 1.000000000000000000 ) ) ;
#1476 = ORIENTED_EDGE ( 'NONE', *, *, #2452, .F. ) ;
#1477 = CIRCLE ( 'NONE', #1690, 140.0000000000000284 ) ;
#1478 = VERTEX_POINT ( 'NONE', #1274 ) ;
#1479 = CARTESIAN_POINT ( 'NONE',  ( -22.75688770459354515, 96.16138712739395089, -94.29419704760833554 ) ) ;
#1480 = FACE_OUTER_BOUND ( 'NONE', #218, .T. ) ;
#1481 = LINE ( 'NONE', #6, #2540 ) ;
#1482 = ORIENTED_EDGE ( 'NONE', *, *, #1834, .F. ) ;
#1483 = FACE_OUTER_BOUND ( 'NONE', #313, .T. ) ;
#1484 = CIRCLE ( 'NONE', #827, 50.00000000000002842 ) ;
#1485 = DIRECTION ( 'NONE',  ( 0.000000000000000000, 0.000000000000000000, -1.000000000000000000 ) ) ;
#1486 = CIRCLE ( 'NONE', #2405, 50.00000000000002842 ) ;
#1487 = CARTESIAN_POINT ( 'NONE',  ( 0.000000000000000000, 193.0000000000000000, -175.0000000000000000 ) ) ;
#1488 = ORIENTED_EDGE ( 'NONE', *, *, #946, .F. ) ;
#1489 = DIRECTION ( 'NONE',  ( -0.000000000000000000, -0.000000000000000000, 1.000000000000000000 ) ) ;
#1490 = CARTESIAN_POINT ( 'NONE',  ( 9.056525688374200911, 85.94216786679609754, -96.59121170850694682 ) ) ;
#1491 = CARTESIAN_POINT ( 'NONE',  ( -1.831463368547521009, 84.54471358355128530, -139.9910359344401627 ) ) ;
#1492 = ORIENTED_EDGE ( 'NONE', *, *, #821, .F. ) ;
#1493 = CARTESIAN_POINT ( 'NONE',  ( -24.78137229260655516, 0.000000000000000000, 42.92259589207372272 ) ) ;
#1494 = ORIENTED_EDGE ( 'NONE', *, *, #905, .F. ) ;
#1495 = DIRECTION ( 'NONE',  ( 0.000000000000000000, 0.000000000000000000, 1.000000000000000000 ) ) ;
#1496 = AXIS2_PLACEMENT_3D ( 'NONE', #2489, #158, #619 ) ;
#1497 = ORIENTED_EDGE ( 'NONE', *, *, #2043, .T. ) ;
#1498 = CYLINDRICAL_SURFACE ( 'NONE', #250, 12.00000000000001066 ) ;
#1499 = DIRECTION ( 'NONE',  ( 0.000000000000000000, 0.000000000000000000, -1.000000000000000000 ) ) ;
#1500 = CIRCLE ( 'NONE', #320, 23.50000000000001421 ) ;
#1501 = PLANE ( 'NONE',  #99 ) ;
#1502 = VERTEX_POINT ( 'NONE', #1856 ) ;
#1503 = DIRECTION ( 'NONE',  ( 0.000000000000000000, -1.000000000000000000, 0.000000000000000000 ) ) ;
#1504 = EDGE_CURVE ( 'NONE', #1456, #2156, #1172, .T. ) ;
#1505 = ORIENTED_EDGE ( 'NONE', *, *, #2590, .T. ) ;
#1506 = LINE ( 'NONE', #2573, #2562 ) ;
#1507 = CARTESIAN_POINT ( 'NONE',  ( 61.66022942128061857, 33.75627130341813853, 125.6981041354109436 ) ) ;
#1508 = VERTEX_POINT ( 'NONE', #1839 ) ;
#1509 = ORIENTED_EDGE ( 'NONE', *, *, #2424, .F. ) ;
#1510 = CARTESIAN_POINT ( 'NONE',  ( -21.87866115264795397, 210.0920329235512440, 138.2900791655189892 ) ) ;
#1511 = CARTESIAN_POINT ( 'NONE',  ( 1.832357288165563425, 84.54490535727555311, -96.98700869676581249 ) ) ;
#1512 = CIRCLE ( 'NONE', #2662, 23.49999999999999289 ) ;
#1513 = EDGE_CURVE ( 'NONE', #1595, #65, #225, .T. ) ;
#1514 = DIRECTION ( 'NONE',  ( -0.000000000000000000, -1.000000000000000000, -0.000000000000000000 ) ) ;
#1515 = DIRECTION ( 'NONE',  ( -0.8660254037844364872, 0.000000000000000000, -0.5000000000000036637 ) ) ;
#1516 = ORIENTED_EDGE ( 'NONE', *, *, #2160, .F. ) ;
#1517 = FACE_BOUND ( 'NONE', #992, .T. ) ;
#1518 = EDGE_LOOP ( 'NONE', ( #698, #606, #2457, #2103, #1141 ) ) ;
#1519 = CARTESIAN_POINT ( 'NONE',  ( 138.1729538226551881, 0.000000000000000000, 22.54406422813794109 ) ) ;
#1520 = CARTESIAN_POINT ( 'NONE',  ( 99.97767937526302262, 110.3440778246997809, 98.00236669659153677 ) ) ;
#1521 = ADVANCED_FACE ( 'NONE', ( #2289 ), #403, .T. ) ;
#1522 = FACE_BOUND ( 'NONE', #2572, .T. ) ;
#1523 = ORIENTED_EDGE ( 'NONE', *, *, #136, .F. ) ;
#1524 = AXIS2_PLACEMENT_3D ( 'NONE', #1261, #1679, #604 ) ;
#1525 = DIRECTION ( 'NONE',  ( -0.5000000000000036637, 0.8660254037844364872, 0.000000000000000000 ) ) ;
#1526 = EDGE_CURVE ( 'NONE', #2362, #48, #2529, .T. ) ;
#1527 = DIRECTION ( 'NONE',  ( 0.8660254037844431485, 0.000000000000000000, -0.4999999999999922839 ) ) ;
#1528 = ADVANCED_FACE ( 'NONE', ( #1480 ), #1228, .F. ) ;
#1529 = ORIENTED_EDGE ( 'NONE', *, *, #146, .F. ) ;
#1530 = CARTESIAN_POINT ( 'NONE',  ( 7.266051454129335951, 85.45528276924919453, -139.8120331606266689 ) ) ;
#1531 = CYLINDRICAL_SURFACE ( 'NONE', #427, 12.00000000000000711 ) ;
#1532 = EDGE_LOOP ( 'NONE', ( #304, #2044, #1049, #1624 ) ) ;
#1533 = CARTESIAN_POINT ( 'NONE',  ( -28.00000000000000000, 112.5000000000000000, -137.1714255958580111 ) ) ;
#1534 = LINE ( 'NONE', #2377, #1140 ) ;
#1535 = CARTESIAN_POINT ( 'NONE',  ( 75.40228162221070818, 46.73933627127478729, 117.9841170823243601 ) ) ;
#1536 = CIRCLE ( 'NONE', #2467, 23.50000000000001421 ) ;
#1537 = DIRECTION ( 'NONE',  ( -0.000000000000000000, 1.000000000000000000, -0.000000000000000000 ) ) ;
#1538 = DIRECTION ( 'NONE',  ( 0.000000000000000000, -1.000000000000000000, 0.000000000000000000 ) ) ;
#1539 = CARTESIAN_POINT ( 'NONE',  ( -36.30436584826998114, 205.7353071284607040, 135.2476680398694668 ) ) ;
#1540 = ORIENTED_EDGE ( 'NONE', *, *, #169, .F. ) ;
#1541 = CARTESIAN_POINT ( 'NONE',  ( -27.76345075817024011, 116.1611574319504001, 92.94189488271898369 ) ) ;
#1542 = CARTESIAN_POINT ( 'NONE',  ( 76.95190528383325557, 75.00000000000061107, 145.0000000000000284 ) ) ;
#1543 = ORIENTED_EDGE ( 'NONE', *, *, #2091, .F. ) ;
#1544 = DIRECTION ( 'NONE',  ( -0.000000000000000000, 1.000000000000000000, -0.000000000000000000 ) ) ;
#1545 = DIRECTION ( 'NONE',  ( -0.000000000000000000, -0.000000000000000000, 1.000000000000000000 ) ) ;
#1546 = CARTESIAN_POINT ( 'NONE',  ( 95.93239152082981036, 84.25695762302576952, 101.9660486891712452 ) ) ;
#1547 = CARTESIAN_POINT ( 'NONE',  ( -28.42282248120747568, 208.3902048535087488, 137.0941370782118724 ) ) ;
#1548 = EDGE_CURVE ( 'NONE', #1170, #1796, #833, .T. ) ;
#1549 = VECTOR ( 'NONE', #1910, 1000.000000000000000 ) ;
#1550 = EDGE_LOOP ( 'NONE', ( #1155, #1107, #1006, #453 ) ) ;
#1551 = CARTESIAN_POINT ( 'NONE',  ( -21.09577979295552197, 131.0014826468484728, 94.68742300571794601 ) ) ;
#1552 = DIRECTION ( 'NONE',  ( 0.000000000000000000, 1.000000000000000000, 0.000000000000000000 ) ) ;
#1553 = ORIENTED_EDGE ( 'NONE', *, *, #2170, .F. ) ;
#1554 = CARTESIAN_POINT ( 'NONE',  ( -25.50792085535935172, 124.0834610406080571, -93.58673821463763431 ) ) ;
#1555 = LINE ( 'NONE', #2019, #1337 ) ;
#1556 = AXIS2_PLACEMENT_3D ( 'NONE', #1299, #1473, #439 ) ;
#1557 = DIRECTION ( 'NONE',  ( 0.8660254037844431485, 0.000000000000000000, -0.4999999999999920619 ) ) ;
#1558 = CARTESIAN_POINT ( 'NONE',  ( 68.87474653023765825, 39.93170125961909633, 121.9133307876241901 ) ) ;
#1559 = EDGE_CURVE ( 'NONE', #1460, #151, #1214, .T. ) ;
#1560 = CARTESIAN_POINT ( 'NONE',  ( 7.286442569517221912, 139.5511743520903281, -96.73002909580463893 ) ) ;
#1561 = EDGE_CURVE ( 'NONE', #458, #2152, #2320, .T. ) ;
#1562 = CARTESIAN_POINT ( 'NONE',  ( 0.000000000000000000, 0.000000000000000000, 0.000000000000000000 ) ) ;
#1563 = VECTOR ( 'NONE', #241, 1000.000000000000000 ) ;
#1564 = CARTESIAN_POINT ( 'NONE',  ( 24.78137229260655516, 32.00000000000000000, -42.92259589207372272 ) ) ;
#1565 = CARTESIAN_POINT ( 'NONE',  ( 1.853996111734940611, 140.5000000000000284, -140.0000000000000568 ) ) ;
#1566 = AXIS2_PLACEMENT_3D ( 'NONE', #2685, #1772, #1573 ) ;
#1567 = ORIENTED_EDGE ( 'NONE', *, *, #2619, .F. ) ;
#1568 = CARTESIAN_POINT ( 'NONE',  ( -24.46264192835262463, 126.1305151839223271, 93.86495441848683186 ) ) ;
#1569 = ORIENTED_EDGE ( 'NONE', *, *, #956, .T. ) ;
#1570 = CARTESIAN_POINT ( 'NONE',  ( 0.000000000000000000, 140.5000000000000000, -97.00000000000000000 ) ) ;
#1571 = CARTESIAN_POINT ( 'NONE',  ( 12.00000000000000711, 187.5000000000000000, 145.0000000000000284 ) ) ;
#1572 = CARTESIAN_POINT ( 'NONE',  ( 49.56274458521270532, 0.000000000000000000, -168.4019435300256760 ) ) ;
#1573 = DIRECTION ( 'NONE',  ( 0.000000000000000000, 0.000000000000000000, 1.000000000000000000 ) ) ;
#1574 = CARTESIAN_POINT ( 'NONE',  ( 28.00000000000000000, 112.5000000000000000, -92.87087810503355456 ) ) ;
#1575 = ADVANCED_FACE ( 'NONE', ( #1667 ), #2319, .T. ) ;
#1576 = DIRECTION ( 'NONE',  ( 1.000000000000000000, 0.000000000000000000, 0.000000000000000000 ) ) ;
#1577 = CARTESIAN_POINT ( 'NONE',  ( 27.28382079995077092, 118.8583866147677952, -137.3157900672592007 ) ) ;
#1578 = VECTOR ( 'NONE', #711, 1000.000000000000000 ) ;
#1579 = ORIENTED_EDGE ( 'NONE', *, *, #2376, .T. ) ;
#1580 = LINE ( 'NONE', #2641, #1906 ) ;
#1581 = DIRECTION ( 'NONE',  ( 0.000000000000000000, 0.000000000000000000, -1.000000000000000000 ) ) ;
#1582 = EDGE_LOOP ( 'NONE', ( #2651, #716, #864, #1272 ) ) ;
#1583 = DIRECTION ( 'NONE',  ( 0.000000000000000000, 0.000000000000000000, 1.000000000000000000 ) ) ;
#1584 = DIRECTION ( 'NONE',  ( 0.000000000000000000, 1.000000000000000000, 0.000000000000000000 ) ) ;
#1585 = CARTESIAN_POINT ( 'NONE',  ( 0.000000000000000000, 112.5000000000000000, -225.0020000000000095 ) ) ;
#1586 = AXIS2_PLACEMENT_3D ( 'NONE', #2629, #1396, #1186 ) ;
#1587 = ADVANCED_FACE ( 'NONE', ( #996 ), #433, .F. ) ;
#1588 = CARTESIAN_POINT ( 'NONE',  ( 12.45562859352527596, 137.6435580469652962, -96.21195279177879911 ) ) ;
#1589 = VECTOR ( 'NONE', #699, 999.9999999999998863 ) ;
#1590 = DIRECTION ( 'NONE',  ( 0.000000000000000000, 0.000000000000000000, 1.000000000000000000 ) ) ;
#1591 = DIRECTION ( 'NONE',  ( 0.000000000000000000, 0.000000000000000000, 1.000000000000000000 ) ) ;
#1592 = CARTESIAN_POINT ( 'NONE',  ( -14.04332141222003116, 136.7926002677040458, -139.3022819813234605 ) ) ;
#1593 = DIRECTION ( 'NONE',  ( 0.000000000000000000, -0.000000000000000000, 1.000000000000000000 ) ) ;
#1594 = AXIS2_PLACEMENT_3D ( 'NONE', #2384, #1143, #1979 ) ;
#1595 = VERTEX_POINT ( 'NONE', #2693 ) ;
#1596 = CARTESIAN_POINT ( 'NONE',  ( 27.98846265971876690, 111.5731598318291731, -137.1737821276375371 ) ) ;
#1597 = DIRECTION ( 'NONE',  ( 0.000000000000000000, 0.000000000000000000, 1.000000000000000000 ) ) ;
#1598 = ADVANCED_FACE ( 'NONE', ( #1883 ), #2679, .T. ) ;
#1599 = ORIENTED_EDGE ( 'NONE', *, *, #1841, .T. ) ;
#1600 = FACE_BOUND ( 'NONE', #1084, .T. ) ;
#1601 = CARTESIAN_POINT ( 'NONE',  ( 64.61178452595129329, 188.8279321172861387, 124.2006116880796185 ) ) ;
#1602 = ORIENTED_EDGE ( 'NONE', *, *, #1513, .T. ) ;
#1603 = CARTESIAN_POINT ( 'NONE',  ( 16.33735555594564204, 135.2582419764499946, 95.61742064126846685 ) ) ;
#1604 = VECTOR ( 'NONE', #1985, 1000.000000000000000 ) ;
#1605 = VERTEX_POINT ( 'NONE', #1627 ) ;
#1606 = EDGE_CURVE ( 'NONE', #2051, #2027, #843, .T. ) ;
#1607 = LINE ( 'NONE', #1819, #2543 ) ;
#1608 = CARTESIAN_POINT ( 'NONE',  ( 0.000000000000000000, 187.5000000000000000, 145.0000000000000284 ) ) ;
#1609 = CARTESIAN_POINT ( 'NONE',  ( -6.368751270380872853, 139.7813988478652902, -139.8579423297022402 ) ) ;
#1610 = AXIS2_PLACEMENT_3D ( 'NONE', #2474, #5, #647 ) ;
#1611 = ORIENTED_EDGE ( 'NONE', *, *, #398, .F. ) ;
#1612 = ORIENTED_EDGE ( 'NONE', *, *, #485, .F. ) ;
#1613 = DIRECTION ( 'NONE',  ( 0.000000000000000000, 0.000000000000000000, 1.000000000000000000 ) ) ;
#1614 = CARTESIAN_POINT ( 'NONE',  ( -94.40767718393652785, 79.48649748766062828, 103.3817010021822256 ) ) ;
#1615 = DIRECTION ( 'NONE',  ( 0.000000000000000000, 1.000000000000000000, 0.000000000000000000 ) ) ;
#1616 = AXIS2_PLACEMENT_3D ( 'NONE', #2045, #1177, #797 ) ;
#1617 = CARTESIAN_POINT ( 'NONE',  ( 33.26239267197190230, 206.8097003708333261, 135.9936801524310965 ) ) ;
#1618 = ORIENTED_EDGE ( 'NONE', *, *, #2650, .T. ) ;
#1619 = CARTESIAN_POINT ( 'NONE',  ( 22.20858045409135428, 129.5767194031614338, 94.42528017578561617 ) ) ;
#1620 = CARTESIAN_POINT ( 'NONE',  ( 0.000000000000000000, 0.000000000000000000, 0.000000000000000000 ) ) ;
#1621 = DIRECTION ( 'NONE',  ( -0.000000000000000000, -0.000000000000000000, 1.000000000000000000 ) ) ;
#1622 = CARTESIAN_POINT ( 'NONE',  ( 21.06214977106267483, 130.9722857758246164, -138.4078466661318316 ) ) ;
#1623 = CARTESIAN_POINT ( 'NONE',  ( -170.6217334362814881, 32.00000000000000000, 41.27837587293742416 ) ) ;
#1624 = ORIENTED_EDGE ( 'NONE', *, *, #596, .T. ) ;
#1625 = CARTESIAN_POINT ( 'NONE',  ( -50.00000000000000000, 112.5000000000000000, 160.0000000000000000 ) ) ;
#1626 = CARTESIAN_POINT ( 'NONE',  ( -61.58562489542270413, 33.65083758115853385, 125.7563441744274968 ) ) ;
#1627 = CARTESIAN_POINT ( 'NONE',  ( 49.56274458521270532, 0.000000000000000000, -130.9333202404222902 ) ) ;
#1628 = CARTESIAN_POINT ( 'NONE',  ( 99.82160436357453648, 119.3582146128966031, 98.16255552088365732 ) ) ;
#1629 = CARTESIAN_POINT ( 'NONE',  ( 151.5544456622763789, 193.0000000000000000, 137.5000000000007390 ) ) ;
#1630 = DIRECTION ( 'NONE',  ( 0.000000000000000000, -1.000000000000000000, 0.000000000000000000 ) ) ;
#1631 = AXIS2_PLACEMENT_3D ( 'NONE', #454, #1281, #2114 ) ;
#1632 = DIRECTION ( 'NONE',  ( 0.000000000000000000, -1.000000000000000000, 0.000000000000000000 ) ) ;
#1633 = FACE_OUTER_BOUND ( 'NONE', #1292, .T. ) ;
#1634 = VERTEX_POINT ( 'NONE', #1743 ) ;
#1635 = CARTESIAN_POINT ( 'NONE',  ( 0.000000000000000000, 112.5000000000000000, 135.0000000000000000 ) ) ;
#1636 = EDGE_CURVE ( 'NONE', #1095, #673, #1087, .T. ) ;
#1637 = DIRECTION ( 'NONE',  ( -0.000000000000000000, 0.000000000000000000, -1.000000000000000000 ) ) ;
#1638 = EDGE_CURVE ( 'NONE', #221, #489, #443, .T. ) ;
#1639 = CARTESIAN_POINT ( 'NONE',  ( -170.6217334362814881, 225.0000000000000000, 41.27837587293742416 ) ) ;
#1640 = CARTESIAN_POINT ( 'NONE',  ( 87.14930282014512386, 161.5667506721427173, 109.5716857967002795 ) ) ;
#1641 = CARTESIAN_POINT ( 'NONE',  ( 27.27596747776854613, 118.8925908878699289, 93.08628728228947580 ) ) ;
#1642 = CIRCLE ( 'NONE', #1764, 140.0000000000000284 ) ;
#1643 = ORIENTED_EDGE ( 'NONE', *, *, #157, .F. ) ;
#1644 = EDGE_CURVE ( 'NONE', #2408, #2295, #1397, .T. ) ;
#1645 = CARTESIAN_POINT ( 'NONE',  ( 13.65493313473183612, 13.37787294565124441, 139.3740853684442698 ) ) ;
#1646 = LINE ( 'NONE', #1162, #1699 ) ;
#1647 = EDGE_CURVE ( 'NONE', #1725, #442, #912, .T. ) ;
#1648 = EDGE_CURVE ( 'NONE', #1909, #2295, #899, .T. ) ;
#1649 = DIRECTION ( 'NONE',  ( 0.000000000000000000, 1.000000000000000000, 0.000000000000000000 ) ) ;
#1650 = ORIENTED_EDGE ( 'NONE', *, *, #1077, .F. ) ;
#1651 = ORIENTED_EDGE ( 'NONE', *, *, #2268, .F. ) ;
#1652 = CARTESIAN_POINT ( 'NONE',  ( -28.00000000000000000, 112.5000000000000000, -225.0000000000000000 ) ) ;
#1653 = DIRECTION ( 'NONE',  ( -0.000000000000000000, 1.000000000000000000, -0.000000000000000000 ) ) ;
#1654 = DIRECTION ( 'NONE',  ( 1.000000000000000000, 0.000000000000000000, 0.000000000000000000 ) ) ;
#1655 = AXIS2_PLACEMENT_3D ( 'NONE', #819, #1653, #1597 ) ;
#1656 = CARTESIAN_POINT ( 'NONE',  ( 26.87070601893867305, 208.8807341727307971, 137.4362470993355601 ) ) ;
#1657 = ORIENTED_EDGE ( 'NONE', *, *, #1860, .T. ) ;
#1658 = VECTOR ( 'NONE', #2480, 999.9999999999998863 ) ;
#1659 = CARTESIAN_POINT ( 'NONE',  ( -12.43279209656721918, 87.40741944255881890, 96.20083814430313396 ) ) ;
#1660 = CARTESIAN_POINT ( 'NONE',  ( 16.99894839073547814, 13.89797892559926318, 139.0040476254713724 ) ) ;
#1661 = CARTESIAN_POINT ( 'NONE',  ( 121.0589888510678236, 0.000000000000000000, 127.1235676570872641 ) ) ;
#1662 = CARTESIAN_POINT ( 'NONE',  ( 26.19261205364351497, 102.5924062297817869, 93.39685989426922674 ) ) ;
#1663 = VERTEX_POINT ( 'NONE', #1926 ) ;
#1664 = VERTEX_POINT ( 'NONE', #1940 ) ;
#1665 = DIRECTION ( 'NONE',  ( 0.000000000000000000, 1.000000000000000000, 0.000000000000000000 ) ) ;
#1666 = CARTESIAN_POINT ( 'NONE',  ( -6.797062960482429972, 12.67403598533367237, 139.8755340929296551 ) ) ;
#1667 = FACE_OUTER_BOUND ( 'NONE', #88, .T. ) ;
#1668 = FACE_OUTER_BOUND ( 'NONE', #567, .T. ) ;
#1669 = ORIENTED_EDGE ( 'NONE', *, *, #2054, .F. ) ;
#1670 = CYLINDRICAL_SURFACE ( 'NONE', #1463, 28.00000000000000000 ) ;
#1671 = EDGE_LOOP ( 'NONE', ( #1488, #808, #620, #1650 ) ) ;
#1672 = DIRECTION ( 'NONE',  ( 0.8660254037844431485, 0.000000000000000000, -0.4999999999999922839 ) ) ;
#1673 = EDGE_CURVE ( 'NONE', #221, #936, #496, .T. ) ;
#1674 = CARTESIAN_POINT ( 'NONE',  ( 17.10152850328289276, 90.25305445510842617, 95.49314322800677246 ) ) ;
#1675 = ORIENTED_EDGE ( 'NONE', *, *, #281, .T. ) ;
#1676 = ORIENTED_EDGE ( 'NONE', *, *, #312, .F. ) ;
#1677 = AXIS2_PLACEMENT_3D ( 'NONE', #2597, #510, #1930 ) ;
#1678 = CARTESIAN_POINT ( 'NONE',  ( -24.23802998338005565, 98.45174023786958628, -93.92399995407424740 ) ) ;
#1679 = DIRECTION ( 'NONE',  ( 0.000000000000000000, 1.000000000000000000, 0.000000000000000000 ) ) ;
#1680 = ADVANCED_FACE ( 'NONE', ( #1732 ), #862, .F. ) ;
#1681 = DIRECTION ( 'NONE',  ( -0.000000000000000000, 1.000000000000000000, -0.000000000000000000 ) ) ;
#1682 = ORIENTED_EDGE ( 'NONE', *, *, #201, .T. ) ;
#1683 = CARTESIAN_POINT ( 'NONE',  ( 0.000000000000000000, 193.0000000000000000, 0.000000000000000000 ) ) ;
#1684 = STYLED_ITEM ( 'NONE', ( #1767 ), #784 ) ;
#1685 = DIRECTION ( 'NONE',  ( 0.000000000000000000, 1.000000000000000000, 0.000000000000000000 ) ) ;
#1686 = VECTOR ( 'NONE', #1988, 1000.000000000000000 ) ;
#1687 = CARTESIAN_POINT ( 'NONE',  ( 21.91807829167927579, 95.06992284071102972, 94.49172916861328986 ) ) ;
#1688 = EDGE_LOOP ( 'NONE', ( #2081, #1048 ) ) ;
#1689 = PRODUCT_DEFINITION_CONTEXT ( 'detailed design', #1210, 'design' ) ;
#1690 = AXIS2_PLACEMENT_3D ( 'NONE', #883, #855, #1904 ) ;
#1691 = CARTESIAN_POINT ( 'NONE',  ( -17.09183295962851545, 90.24727111526750889, -95.49459876794563229 ) ) ;
#1692 = LINE ( 'NONE', #646, #125 ) ;
#1693 = DIRECTION ( 'NONE',  ( 0.000000000000000000, -1.000000000000000000, 0.000000000000000000 ) ) ;
#1694 = CARTESIAN_POINT ( 'NONE',  ( 151.5544456622763789, 32.00000000000000000, 87.50000000000071054 ) ) ;
#1695 = ORIENTED_EDGE ( 'NONE', *, *, #1728, .F. ) ;
#1696 = EDGE_CURVE ( 'NONE', #2281, #151, #2142, .T. ) ;
#1697 = DIRECTION ( 'NONE',  ( 0.000000000000000000, 1.000000000000000000, -0.000000000000000000 ) ) ;
#1698 = EDGE_LOOP ( 'NONE', ( #1190, #2035, #159, #2411 ) ) ;
#1699 = VECTOR ( 'NONE', #2491, 1000.000000000000000 ) ;
#1700 = DIRECTION ( 'NONE',  ( 0.000000000000000000, 1.000000000000000000, 0.000000000000000000 ) ) ;
#1701 = CARTESIAN_POINT ( 'NONE',  ( 100.0000000000000000, 112.5000000000000000, 160.0000000000000000 ) ) ;
#1702 = VECTOR ( 'NONE', #800, 1000.000000000000000 ) ;
#1703 = CARTESIAN_POINT ( 'NONE',  ( 0.000000000000000000, 0.000000000000000000, 0.000000000000000000 ) ) ;
#1704 = ORIENTED_EDGE ( 'NONE', *, *, #146, .T. ) ;
#1705 = VERTEX_POINT ( 'NONE', #2370 ) ;
#1706 = DIRECTION ( 'NONE',  ( 0.000000000000000000, 1.000000000000000000, 0.000000000000000000 ) ) ;
#1707 = CARTESIAN_POINT ( 'NONE',  ( 14.82089716304823845, 88.73970551237034954, -95.86187553754082558 ) ) ;
#1708 = CARTESIAN_POINT ( 'NONE',  ( -14.02842480682915038, 88.25026659250760019, -139.2977634714147257 ) ) ;
#1709 = ORIENTED_EDGE ( 'NONE', *, *, #1352, .F. ) ;
#1710 = FACE_OUTER_BOUND ( 'NONE', #1893, .T. ) ;
#1711 = DIRECTION ( 'NONE',  ( 1.000000000000000000, 0.000000000000000000, 0.000000000000000000 ) ) ;
#1712 = CARTESIAN_POINT ( 'NONE',  ( 97.60949686438874551, 90.70165614203199311, 100.3623817303060406 ) ) ;
#1713 = CIRCLE ( 'NONE', #2067, 23.49999999999999289 ) ;
#1714 = CARTESIAN_POINT ( 'NONE',  ( 28.00000000000000000, 112.5000000000000000, -225.0000000000000000 ) ) ;
#1715 = ORIENTED_EDGE ( 'NONE', *, *, #842, .T. ) ;
#1716 = CARTESIAN_POINT ( 'NONE',  ( -0.9165707188552605356, 84.50000000000000000, -97.00000000000001421 ) ) ;
#1717 = DIRECTION ( 'NONE',  ( -0.4999999999999920064, -0.8660254037844433705, 0.000000000000000000 ) ) ;
#1718 = AXIS2_PLACEMENT_3D ( 'NONE', #2099, #1685, #1495 ) ;
#1719 = EDGE_CURVE ( 'NONE', #520, #237, #999, .T. ) ;
#1720 = EDGE_CURVE ( 'NONE', #355, #1392, #290, .T. ) ;
#1721 = CARTESIAN_POINT ( 'NONE',  ( 6.372417419097750724, 85.23088688530367563, -139.8556127457135858 ) ) ;
#1722 = CARTESIAN_POINT ( 'NONE',  ( 170.6217334362809197, 32.00000000000000000, 41.27837587293981869 ) ) ;
#1723 = ORIENTED_EDGE ( 'NONE', *, *, #2669, .F. ) ;
#1724 = DIRECTION ( 'NONE',  ( 0.000000000000000000, 0.000000000000000000, 1.000000000000000000 ) ) ;
#1725 = VERTEX_POINT ( 'NONE', #1016 ) ;
#1726 = CARTESIAN_POINT ( 'NONE',  ( 49.56274458521270532, 225.0000000000000000, -168.4019435300256760 ) ) ;
#1727 = CARTESIAN_POINT ( 'NONE',  ( 86.43529380031093012, 62.11219582166600617, 110.1484461927651068 ) ) ;
#1728 = EDGE_CURVE ( 'NONE', #1663, #2508, #734, .T. ) ;
#1729 = ORIENTED_EDGE ( 'NONE', *, *, #1147, .T. ) ;
#1730 = EDGE_CURVE ( 'NONE', #2532, #1664, #2219, .T. ) ;
#1731 = CARTESIAN_POINT ( 'NONE',  ( -42.33616588836674310, 203.1109215106186525, 133.4543320939420141 ) ) ;
#1732 = FACE_OUTER_BOUND ( 'NONE', #2605, .T. ) ;
#1733 = AXIS2_PLACEMENT_3D ( 'NONE', #2016, #147, #972 ) ;
#1734 = CARTESIAN_POINT ( 'NONE',  ( -17.06197305371471984, 134.7199110088071734, 95.49034175502052335 ) ) ;
#1735 = LINE ( 'NONE', #303, #511 ) ;
#1736 = ORIENTED_EDGE ( 'NONE', *, *, #1406, .F. ) ;
#1737 = CARTESIAN_POINT ( 'NONE',  ( 24.78137229260655516, 193.0000000000000000, -42.92259589207372272 ) ) ;
#1738 = DIRECTION ( 'NONE',  ( 0.000000000000000000, 0.000000000000000000, 1.000000000000000000 ) ) ;
#1739 = CARTESIAN_POINT ( 'NONE',  ( 36.35368019058069677, 19.32705451483191439, 135.2073283612653256 ) ) ;
#1740 = CARTESIAN_POINT ( 'NONE',  ( 0.000000000000000000, 225.0000000000000000, -175.0000000000000000 ) ) ;
#1741 = AXIS2_PLACEMENT_3D ( 'NONE', #2707, #1038, #1654 ) ;
#1742 = CARTESIAN_POINT ( 'NONE',  ( -73.29443676883887804, 180.6028881194197027, 119.3090348468667798 ) ) ;
#1743 = CARTESIAN_POINT ( 'NONE',  ( 138.1729538226551881, 193.0000000000000000, 22.54406422813796240 ) ) ;
#1744 = CARTESIAN_POINT ( 'NONE',  ( 21.04744515145520367, 94.02798173700576001, -138.4091837880216644 ) ) ;
#1745 = DIRECTION ( 'NONE',  ( -0.000000000000000000, -0.000000000000000000, 1.000000000000000000 ) ) ;
#1746 = ORIENTED_EDGE ( 'NONE', *, *, #32, .F. ) ;
#1747 = DIRECTION ( 'NONE',  ( 0.000000000000000000, 1.000000000000000000, -0.000000000000000000 ) ) ;
#1748 = CARTESIAN_POINT ( 'NONE',  ( -151.5544456622775442, 225.0000000000000000, 87.49999999999859313 ) ) ;
#1749 = CARTESIAN_POINT ( 'NONE',  ( 73.29816368682922700, 44.40251185383969101, 119.3062032480958408 ) ) ;
#1750 = EDGE_CURVE ( 'NONE', #1095, #635, #749, .T. ) ;
#1751 = LINE ( 'NONE', #1714, #2323 ) ;
#1752 = CARTESIAN_POINT ( 'NONE',  ( 170.6217334362809197, 225.0000000000000000, 41.27837587293981869 ) ) ;
#1753 = ORIENTED_EDGE ( 'NONE', *, *, #193, .T. ) ;
#1754 = CARTESIAN_POINT ( 'NONE',  ( 22.22578691383622740, 95.44529065354736019, -138.2257735530957632 ) ) ;
#1755 = FACE_OUTER_BOUND ( 'NONE', #1198, .T. ) ;
#1756 = ORIENTED_EDGE ( 'NONE', *, *, #2239, .T. ) ;
#1757 = CARTESIAN_POINT ( 'NONE',  ( -8.598820144910249041, 139.1509481358638993, -96.61913043213253616 ) ) ;
#1758 = EDGE_CURVE ( 'NONE', #1460, #35, #1822, .T. ) ;
#1759 = ADVANCED_FACE ( 'NONE', ( #970, #958 ), #1416, .F. ) ;
#1760 = CARTESIAN_POINT ( 'NONE',  ( 151.5544456622763789, 32.00000000000000000, 111.0000000000007105 ) ) ;
#1761 = DIRECTION ( 'NONE',  ( 0.000000000000000000, 1.000000000000000000, 0.000000000000000000 ) ) ;
#1762 = CIRCLE ( 'NONE', #900, 23.50000000000001421 ) ;
#1763 = CARTESIAN_POINT ( 'NONE',  ( 27.99999999999999645, 114.3479114109031372, -137.1714255958580111 ) ) ;
#1764 = AXIS2_PLACEMENT_3D ( 'NONE', #338, #2036, #2257 ) ;
#1765 = ORIENTED_EDGE ( 'NONE', *, *, #1559, .F. ) ;
#1766 = DIRECTION ( 'NONE',  ( 0.000000000000000000, 0.000000000000000000, 1.000000000000000000 ) ) ;
#1767 = PRESENTATION_STYLE_ASSIGNMENT (( #2397 ) ) ;
#1768 = ORIENTED_EDGE ( 'NONE', *, *, #1647, .T. ) ;
#1769 = CARTESIAN_POINT ( 'NONE',  ( -14.06020267761073583, 136.7827205843771026, -95.98790387951527237 ) ) ;
#1770 = CARTESIAN_POINT ( 'NONE',  ( -151.5544456622775442, 193.0000000000000000, 87.49999999999859313 ) ) ;
#1771 = DIRECTION ( 'NONE',  ( -0.000000000000000000, -0.000000000000000000, 1.000000000000000000 ) ) ;
#1772 = DIRECTION ( 'NONE',  ( 0.000000000000000000, -1.000000000000000000, 0.000000000000000000 ) ) ;
#1773 = AXIS2_PLACEMENT_3D ( 'NONE', #1585, #983, #1400 ) ;
#1774 = DIRECTION ( 'NONE',  ( -0.000000000000000000, -0.000000000000000000, 1.000000000000000000 ) ) ;
#1775 = AXIS2_PLACEMENT_3D ( 'NONE', #2015, #987, #180 ) ;
#1776 = CARTESIAN_POINT ( 'NONE',  ( 27.06127209385691401, 119.7483967097196285, -137.3599727533159012 ) ) ;
#1777 = FACE_OUTER_BOUND ( 'NONE', #614, .T. ) ;
#1778 = AXIS2_PLACEMENT_3D ( 'NONE', #2283, #1862, #1234 ) ;
#1779 = ORIENTED_EDGE ( 'NONE', *, *, #633, .F. ) ;
#1780 = CARTESIAN_POINT ( 'NONE',  ( 49.56274458521270532, 193.0000000000000000, -130.9333202404222902 ) ) ;
#1781 = EDGE_CURVE ( 'NONE', #2352, #2527, #554, .T. ) ;
#1782 = DIRECTION ( 'NONE',  ( 0.000000000000000000, 0.000000000000000000, 1.000000000000000000 ) ) ;
#1783 = ORIENTED_EDGE ( 'NONE', *, *, #1504, .T. ) ;
#1784 = CARTESIAN_POINT ( 'NONE',  ( 0.000000000000000000, 225.0000000000000000, 0.000000000000000000 ) ) ;
#1785 = FACE_BOUND ( 'NONE', #1028, .T. ) ;
#1786 = CARTESIAN_POINT ( 'NONE',  ( 7.267496336320857786, 139.5443485379086610, 96.72840912658320178 ) ) ;
#1787 = DIRECTION ( 'NONE',  ( -0.000000000000000000, 0.000000000000000000, 1.000000000000000000 ) ) ;
#1788 = EDGE_CURVE ( 'NONE', #1595, #2335, #1849, .T. ) ;
#1789 = CARTESIAN_POINT ( 'NONE',  ( 100.0000000000000000, 112.5000000000000000, 97.97958971132716499 ) ) ;
#1790 = DIRECTION ( 'NONE',  ( 0.000000000000000000, 1.000000000000000000, 0.000000000000000000 ) ) ;
#1791 = CARTESIAN_POINT ( 'NONE',  ( -10.31793009604552580, 138.5336479325504513, -139.6199158687761894 ) ) ;
#1792 = CARTESIAN_POINT ( 'NONE',  ( -52.95190528383271555, 74.99999999999967315, 145.0000000000000284 ) ) ;
#1793 = EDGE_LOOP ( 'NONE', ( #1089, #1135, #810, #845 ) ) ;
#1794 = CARTESIAN_POINT ( 'NONE',  ( 49.56274458521270532, 225.0000000000000000, -130.9333202404222902 ) ) ;
#1795 = CARTESIAN_POINT ( 'NONE',  ( -68.75799717985088932, 39.82110133897204207, 121.9792610435248292 ) ) ;
#1796 = VERTEX_POINT ( 'NONE', #332 ) ;
#1797 = CARTESIAN_POINT ( 'NONE',  ( -2.594492523122586401E-15, 140.5000000000002558, 97.00000000000007105 ) ) ;
#1798 = EDGE_CURVE ( 'NONE', #885, #177, #2247, .T. ) ;
#1799 = AXIS2_PLACEMENT_3D ( 'NONE', #1982, #329, #1557 ) ;
#1800 = CARTESIAN_POINT ( 'NONE',  ( 66.42005500213849700, 187.2596938493990137, 123.2430067160398863 ) ) ;
#1801 = CARTESIAN_POINT ( 'NONE',  ( 5.922356333475071288, 139.8703639631333431, 96.82008783836562316 ) ) ;
#1802 = CIRCLE ( 'NONE', #1238, 140.0000000000000284 ) ;
#1803 = AXIS2_PLACEMENT_3D ( 'NONE', #2416, #1771, #1383 ) ;
#1804 = PLANE ( 'NONE',  #1566 ) ;
#1805 = DIRECTION ( 'NONE',  ( 0.000000000000000000, -1.000000000000000000, 0.000000000000000000 ) ) ;
#1806 = EDGE_CURVE ( 'NONE', #744, #1705, #1607, .T. ) ;
#1807 = DIRECTION ( 'NONE',  ( -0.8660254037844363761, 0.000000000000000000, -0.5000000000000039968 ) ) ;
#1808 = CARTESIAN_POINT ( 'NONE',  ( -1.855525736913474999, 140.4999999999999716, -140.0000000000000284 ) ) ;
#1809 = ORIENTED_EDGE ( 'NONE', *, *, #596, .F. ) ;
#1810 = CARTESIAN_POINT ( 'NONE',  ( 26.03490478289295496, 102.1851868024263581, -137.5580458151256096 ) ) ;
#1811 = CARTESIAN_POINT ( 'NONE',  ( -99.29393430643011698, 100.6069998742680838, 98.69517900972982716 ) ) ;
#1812 = VECTOR ( 'NONE', #602, 1000.000000000000000 ) ;
#1813 = CARTESIAN_POINT ( 'NONE',  ( -9.908865725886910170, 138.6921336798542654, -96.49355028172733739 ) ) ;
#1814 = CARTESIAN_POINT ( 'NONE',  ( 42.46918561098967615, 203.0934767711811730, 133.4401853452606019 ) ) ;
#1815 = CARTESIAN_POINT ( 'NONE',  ( 20.43620478733726031, 131.6620774528862228, 94.82505719286540113 ) ) ;
#1816 = CIRCLE ( 'NONE', #1556, 28.00000000000000000 ) ;
#1817 = ORIENTED_EDGE ( 'NONE', *, *, #1806, .F. ) ;
#1818 = LINE ( 'NONE', #179, #46 ) ;
#1819 = CARTESIAN_POINT ( 'NONE',  ( -49.56274458521270532, 32.00000000000000000, -130.9333202404222902 ) ) ;
#1820 = DIRECTION ( 'NONE',  ( 0.000000000000000000, 1.000000000000000000, 0.000000000000000000 ) ) ;
#1821 = CARTESIAN_POINT ( 'NONE',  ( -100.0000000000000426, 115.8859285149426483, 97.97958971132719341 ) ) ;
#1822 = CIRCLE ( 'NONE', #1, 23.49999999999999289 ) ;
#1823 = EDGE_LOOP ( 'NONE', ( #780, #85, #932, #452 ) ) ;
#1824 = CARTESIAN_POINT ( 'NONE',  ( 1.714505518806294914E-14, 225.0000000000000000, 140.0000000000000284 ) ) ;
#1825 = CARTESIAN_POINT ( 'NONE',  ( -82.08263499668372276, 55.36050151144966236, 113.4179576812916537 ) ) ;
#1826 = DIRECTION ( 'NONE',  ( -0.000000000000000000, -0.000000000000000000, 1.000000000000000000 ) ) ;
#1827 = VECTOR ( 'NONE', #352, 1000.000000000000000 ) ;
#1828 = CARTESIAN_POINT ( 'NONE',  ( 30.87470493489162848, 207.6181246807636853, 136.5555743968458557 ) ) ;
#1829 = ORIENTED_EDGE ( 'NONE', *, *, #2160, .T. ) ;
#1830 = CYLINDRICAL_SURFACE ( 'NONE', #1803, 28.00000000000000000 ) ;
#1831 = ORIENTED_EDGE ( 'NONE', *, *, #1887, .F. ) ;
#1832 = DIRECTION ( 'NONE',  ( -0.000000000000000000, -0.000000000000000000, 1.000000000000000000 ) ) ;
#1833 = DIRECTION ( 'NONE',  ( 0.000000000000000000, 0.000000000000000000, 1.000000000000000000 ) ) ;
#1834 = EDGE_CURVE ( 'NONE', #885, #1943, #2495, .T. ) ;
#1835 = CARTESIAN_POINT ( 'NONE',  ( 151.5544456622763789, 193.0000000000000000, 137.5000000000007390 ) ) ;
#1836 = ORIENTED_EDGE ( 'NONE', *, *, #2414, .T. ) ;
#1837 = PLANE ( 'NONE',  #1119 ) ;
#1838 = DIRECTION ( 'NONE',  ( 0.000000000000000000, 0.000000000000000000, -1.000000000000000000 ) ) ;
#1839 = CARTESIAN_POINT ( 'NONE',  ( 2.877919977996281109E-15, 0.000000000000000000, -151.5000000000000000 ) ) ;
#1840 = VECTOR ( 'NONE', #1842, 1000.000000000000000 ) ;
#1841 = EDGE_CURVE ( 'NONE', #237, #913, #1311, .T. ) ;
#1842 = DIRECTION ( 'NONE',  ( 0.8660254037844432595, 0.000000000000000000, -0.4999999999999919509 ) ) ;
#1843 = ORIENTED_EDGE ( 'NONE', *, *, #1750, .F. ) ;
#1844 = ADVANCED_FACE ( 'NONE', ( #164 ), #380, .F. ) ;
#1845 = CARTESIAN_POINT ( 'NONE',  ( 0.000000000000000000, 112.5000000000000000, -225.0000000000000000 ) ) ;
#1846 = EDGE_CURVE ( 'NONE', #2502, #499, #1646, .T. ) ;
#1847 = ORIENTED_EDGE ( 'NONE', *, *, #362, .F. ) ;
#1848 = CIRCLE ( 'NONE', #1799, 50.00000000000000711 ) ;
#1849 = LINE ( 'NONE', #812, #1917 ) ;
#1850 = CARTESIAN_POINT ( 'NONE',  ( 23.01365886659241866, 96.54443187382749159, 94.23078061097609748 ) ) ;
#1851 = ORIENTED_EDGE ( 'NONE', *, *, #31, .F. ) ;
#1852 = CARTESIAN_POINT ( 'NONE',  ( 0.000000000000000000, 225.0000000000000000, -97.00000000000000000 ) ) ;
#1853 = VERTEX_POINT ( 'NONE', #1370 ) ;
#1854 = CARTESIAN_POINT ( 'NONE',  ( 0.000000000000000000, 32.00000000000000000, 0.000000000000000000 ) ) ;
#1855 = CARTESIAN_POINT ( 'NONE',  ( -45.24919860036423103, 23.26371734872015296, 132.5207583560911928 ) ) ;
#1856 = CARTESIAN_POINT ( 'NONE',  ( 151.5544456622763789, 225.0000000000000000, 64.00000000000072475 ) ) ;
#1857 = CARTESIAN_POINT ( 'NONE',  ( 53.74589822474596446, 196.8891411866574117, 129.3044525693390483 ) ) ;
#1858 = ORIENTED_EDGE ( 'NONE', *, *, #2571, .T. ) ;
#1859 = CARTESIAN_POINT ( 'NONE',  ( -27.95510928984124988, 110.6659193616416417, 92.88444885596700829 ) ) ;
#1860 = EDGE_CURVE ( 'NONE', #2117, #1900, #1004, .T. ) ;
#1861 = AXIS2_PLACEMENT_3D ( 'NONE', #222, #2192, #943 ) ;
#1862 = DIRECTION ( 'NONE',  ( 0.000000000000000000, 1.000000000000000000, 0.000000000000000000 ) ) ;
#1863 = CYLINDRICAL_SURFACE ( 'NONE', #2701, 23.49999999999999289 ) ;
#1864 = ORIENTED_EDGE ( 'NONE', *, *, #751, .F. ) ;
#1865 = ORIENTED_EDGE ( 'NONE', *, *, #882, .T. ) ;
#1866 = FACE_OUTER_BOUND ( 'NONE', #2025, .T. ) ;
#1867 = CARTESIAN_POINT ( 'NONE',  ( -76.95190528383272976, 74.99999999999967315, 145.0000000000000284 ) ) ;
#1868 = DIRECTION ( 'NONE',  ( 0.000000000000000000, 1.000000000000000000, 0.000000000000000000 ) ) ;
#1869 = VECTOR ( 'NONE', #968, 1000.000000000000000 ) ;
#1870 = EDGE_CURVE ( 'NONE', #1943, #1508, #1386, .T. ) ;
#1871 = CARTESIAN_POINT ( 'NONE',  ( -9.031286809093078460, 85.93327202698085898, -139.7187024843188965 ) ) ;
#1872 = EDGE_LOOP ( 'NONE', ( #2477, #1407, #951, #2464 ) ) ;
#1873 = CIRCLE ( 'NONE', #1778, 50.00000000000002842 ) ;
#1874 = CARTESIAN_POINT ( 'NONE',  ( 151.5544456622763789, 193.0000000000000000, 87.50000000000071054 ) ) ;
#1875 = CARTESIAN_POINT ( 'NONE',  ( 64.95190528383324136, 75.00000000000061107, 145.0000000000000284 ) ) ;
#1876 = DIRECTION ( 'NONE',  ( 0.000000000000000000, 1.000000000000000000, 0.000000000000000000 ) ) ;
#1877 = ORIENTED_EDGE ( 'NONE', *, *, #1071, .T. ) ;
#1878 = EDGE_CURVE ( 'NONE', #2013, #1100, #145, .T. ) ;
#1879 = ORIENTED_EDGE ( 'NONE', *, *, #681, .F. ) ;
#1880 = EDGE_LOOP ( 'NONE', ( #1976, #1736, #1829, #1144 ) ) ;
#1881 = CARTESIAN_POINT ( 'NONE',  ( 151.5544456622763789, 225.0000000000000000, 87.50000000000071054 ) ) ;
#1882 = CARTESIAN_POINT ( 'NONE',  ( 27.81930309821729352, 116.1692381917146832, -92.92591972625454844 ) ) ;
#1883 = FACE_OUTER_BOUND ( 'NONE', #2576, .T. ) ;
#1884 = CARTESIAN_POINT ( 'NONE',  ( -12.00000000000000711, 187.5000000000000000, 145.0000000000000284 ) ) ;
#1885 = ORIENTED_EDGE ( 'NONE', *, *, #2011, .F. ) ;
#1886 = CARTESIAN_POINT ( 'NONE',  ( -7.301622197988404395, 85.40658248849713630, 96.74158203113609034 ) ) ;
#1887 = EDGE_CURVE ( 'NONE', #796, #2408, #1430, .T. ) ;
#1888 = ORIENTED_EDGE ( 'NONE', *, *, #682, .T. ) ;
#1889 = LINE ( 'NONE', #2353, #150 ) ;
#1890 = CARTESIAN_POINT ( 'NONE',  ( 1.860033601919807822, 140.4999999999999716, -96.99999999999997158 ) ) ;
#1891 = AXIS2_PLACEMENT_3D ( 'NONE', #2326, #2338, #255 ) ;
#1892 = FACE_OUTER_BOUND ( 'NONE', #7, .T. ) ;
#1893 = EDGE_LOOP ( 'NONE', ( #119, #1468, #2069, #655, #687 ) ) ;
#1894 = ADVANCED_FACE ( 'NONE', ( #1221 ), #2634, .F. ) ;
#1895 = VERTEX_POINT ( 'NONE', #408 ) ;
#1896 = CARTESIAN_POINT ( 'NONE',  ( -49.56274458521270532, 193.0000000000000000, -168.4019435300256760 ) ) ;
#1897 = CARTESIAN_POINT ( 'NONE',  ( -21.83060358355750452, 14.90828228700450886, 138.2900025782221007 ) ) ;
#1898 = CARTESIAN_POINT ( 'NONE',  ( 27.09580043805170035, 105.2086311835795840, -93.13945374437530234 ) ) ;
#1899 = DIRECTION ( 'NONE',  ( 0.000000000000000000, 0.000000000000000000, 1.000000000000000000 ) ) ;
#1900 = VERTEX_POINT ( 'NONE', #1661 ) ;
#1901 = DIRECTION ( 'NONE',  ( 0.000000000000000000, 0.000000000000000000, 1.000000000000000000 ) ) ;
#1902 = CIRCLE ( 'NONE', #2033, 23.49999999999999289 ) ;
#1903 = VERTEX_POINT ( 'NONE', #610 ) ;
#1904 = DIRECTION ( 'NONE',  ( 0.000000000000000000, 0.000000000000000000, 1.000000000000000000 ) ) ;
#1905 = CARTESIAN_POINT ( 'NONE',  ( 8.558182340880682304, 12.86319116920021166, 139.7408012291521402 ) ) ;
#1906 = VECTOR ( 'NONE', #372, 1000.000000000000000 ) ;
#1907 = ORIENTED_EDGE ( 'NONE', *, *, #1788, .T. ) ;
#1908 = AXIS2_PLACEMENT_3D ( 'NONE', #2406, #382, #529 ) ;
#1909 = VERTEX_POINT ( 'NONE', #1444 ) ;
#1910 = DIRECTION ( 'NONE',  ( 0.000000000000000000, 1.000000000000000000, 0.000000000000000000 ) ) ;
#1911 = CARTESIAN_POINT ( 'NONE',  ( -64.95190528383272976, 74.99999999999967315, 145.0000000000000284 ) ) ;
#1912 = CARTESIAN_POINT ( 'NONE',  ( 25.14375013538241177, 100.0415742037059630, -93.68743058979511318 ) ) ;
#1913 = DIRECTION ( 'NONE',  ( -0.4999999999999920064, 0.000000000000000000, -0.8660254037844432595 ) ) ;
#1914 = ORIENTED_EDGE ( 'NONE', *, *, #1148, .F. ) ;
#1915 = DIRECTION ( 'NONE',  ( 0.8660254037844432595, 0.000000000000000000, -0.4999999999999919509 ) ) ;
#1916 = ORIENTED_EDGE ( 'NONE', *, *, #2344, .F. ) ;
#1917 = VECTOR ( 'NONE', #2060, 1000.000000000000000 ) ;
#1918 = DIRECTION ( 'NONE',  ( 0.000000000000000000, 1.000000000000000000, 0.000000000000000000 ) ) ;
#1919 = CARTESIAN_POINT ( 'NONE',  ( 96.60776874655820734, 86.66142554879948534, 101.3263156118294148 ) ) ;
#1920 = AXIS2_PLACEMENT_3D ( 'NONE', #539, #1630, #331 ) ;
#1921 = EDGE_LOOP ( 'NONE', ( #278, #1879, #549, #1657 ) ) ;
#1922 = EDGE_CURVE ( 'NONE', #2076, #2593, #1873, .T. ) ;
#1923 = EDGE_CURVE ( 'NONE', #2301, #1895, #208, .T. ) ;
#1924 = CARTESIAN_POINT ( 'NONE',  ( -4.594317385065243897, 84.86413663305398813, -96.89536034059368319 ) ) ;
#1925 = CARTESIAN_POINT ( 'NONE',  ( 0.000000000000000000, 32.00000000000000000, -175.0000000000000000 ) ) ;
#1926 = CARTESIAN_POINT ( 'NONE',  ( -12.00000000000000711, 187.5000000000000000, 160.0000000000000000 ) ) ;
#1927 = CARTESIAN_POINT ( 'NONE',  ( 3.895155336266169108E-21, 84.50000000000000000, -140.0000000000000284 ) ) ;
#1928 = CARTESIAN_POINT ( 'NONE',  ( 151.5544456622763789, 32.00000000000000000, 87.50000000000071054 ) ) ;
#1929 = ORIENTED_EDGE ( 'NONE', *, *, #1548, .F. ) ;
#1930 = DIRECTION ( 'NONE',  ( 0.000000000000000000, 0.000000000000000000, -1.000000000000000000 ) ) ;
#1931 = ADVANCED_FACE ( 'NONE', ( #2712, #826, #1522, #1334, #1127 ), #1949, .F. ) ;
#1932 = EDGE_CURVE ( 'NONE', #1853, #2027, #1751, .T. ) ;
#1933 = DIRECTION ( 'NONE',  ( -0.000000000000000000, 1.000000000000000000, -0.000000000000000000 ) ) ;
#1934 = CARTESIAN_POINT ( 'NONE',  ( 42.43920820663770144, 21.89212896998904867, 133.4499459047187884 ) ) ;
#1935 = EDGE_CURVE ( 'NONE', #2113, #1100, #1099, .T. ) ;
#1936 = APPLICATION_PROTOCOL_DEFINITION ( 'draft international standard', 'automotive_design', 1998, #1391 ) ;
#1937 = ORIENTED_EDGE ( 'NONE', *, *, #333, .F. ) ;
#1938 = CARTESIAN_POINT ( 'NONE',  ( -98.11415814177459538, 131.8473390934966005, 99.86825501486822532 ) ) ;
#1939 = CIRCLE ( 'NONE', #632, 97.00000000000000000 ) ;
#1940 = CARTESIAN_POINT ( 'NONE',  ( 1.187907395172932673E-14, 0.000000000000000000, 97.00000000000000000 ) ) ;
#1941 = VECTOR ( 'NONE', #361, 1000.000000000000000 ) ;
#1942 = CARTESIAN_POINT ( 'NONE',  ( -27.62761327821598201, 117.0747411175074149, 92.98236395651095165 ) ) ;
#1943 = VERTEX_POINT ( 'NONE', #2146 ) ;
#1944 = CARTESIAN_POINT ( 'NONE',  ( -170.6217334362814881, 0.000000000000000000, 41.27837587293742416 ) ) ;
#1945 = DIRECTION ( 'NONE',  ( 0.000000000000000000, 1.000000000000000000, -0.000000000000000000 ) ) ;
#1946 = ADVANCED_FACE ( 'NONE', ( #2391 ), #2404, .T. ) ;
#1947 = CIRCLE ( 'NONE', #763, 140.0000000000000284 ) ;
#1948 =( GEOMETRIC_REPRESENTATION_CONTEXT ( 3 ) GLOBAL_UNCERTAINTY_ASSIGNED_CONTEXT ( ( #1224 ) ) GLOBAL_UNIT_ASSIGNED_CONTEXT ( ( #2587, #869, #2563 ) ) REPRESENTATION_CONTEXT ( 'NONE', 'WORKASPACE' ) );
#1949 = PLANE ( 'NONE',  #268 ) ;
#1950 = ORIENTED_EDGE ( 'NONE', *, *, #956, .F. ) ;
#1951 = CARTESIAN_POINT ( 'NONE',  ( -99.31454938834150425, 124.3102345347411131, 98.67461458539986552 ) ) ;
#1952 = DIRECTION ( 'NONE',  ( 0.000000000000000000, 0.000000000000000000, 1.000000000000000000 ) ) ;
#1953 = B_SPLINE_CURVE_WITH_KNOTS ( 'NONE', 3,
 ( #577, #2649, #1367, #1801, #2189, #1786, #2447, #737, #2201, #764, #1993, #1603, #566, #2026, #160, #1815, #2245, #1619, #2463, #319, #1983, #114, #233, #2264, #1641, #2478, #190, #243 ),
 .UNSPECIFIED., .F., .F.,
 ( 4, 2, 2, 2, 2, 2, 2, 2, 2, 2, 2, 2, 2, 4 ),
 ( 0.1320064718440154827, 0.1375051857607515193, 0.1388798642399355354, 0.1402545427191195515, 0.1430038996774875837, 0.1485026135942236480, 0.1512519705525916802, 0.1540013275109597124, 0.1567506844693277446, 0.1595000414276957768, 0.1649987553444318966, 0.1677481123027999566, 0.1704974692611679887, 0.1759961831779041364 ),
 .UNSPECIFIED. ) ;
#1954 = AXIS2_PLACEMENT_3D ( 'NONE', #839, #1621, #168 ) ;
#1955 = ORIENTED_EDGE ( 'NONE', *, *, #2488, .T. ) ;
#1956 = CARTESIAN_POINT ( 'NONE',  ( 20.11554450327673038, 93.01736271495664710, -138.5477217555018967 ) ) ;
#1957 = DIRECTION ( 'NONE',  ( -0.000000000000000000, -0.000000000000000000, 1.000000000000000000 ) ) ;
#1958 = ORIENTED_EDGE ( 'NONE', *, *, #1758, .T. ) ;
#1959 = DIRECTION ( 'NONE',  ( 0.000000000000000000, -1.000000000000000000, 0.000000000000000000 ) ) ;
#1960 = EDGE_CURVE ( 'NONE', #1970, #641, #1965, .T. ) ;
#1961 = CARTESIAN_POINT ( 'NONE',  ( 0.000000000000000000, 140.5000000000000000, -140.0000000000000284 ) ) ;
#1962 = CARTESIAN_POINT ( 'NONE',  ( 57.13659284944853312, 30.42649100293509079, 127.8121254679753207 ) ) ;
#1963 = VECTOR ( 'NONE', #84, 1000.000000000000000 ) ;
#1964 = DIRECTION ( 'NONE',  ( 0.000000000000000000, 1.000000000000000000, 0.000000000000000000 ) ) ;
#1965 = CIRCLE ( 'NONE', #2672, 12.00000000000000711 ) ;
#1966 = DIRECTION ( 'NONE',  ( -0.000000000000000000, -1.000000000000000000, -0.000000000000000000 ) ) ;
#1967 = CARTESIAN_POINT ( 'NONE',  ( -13.54514987150748340, 211.6362692837726627, 139.3841504648303271 ) ) ;
#1968 = CARTESIAN_POINT ( 'NONE',  ( 12.39498170671129174, 87.37617122319906571, -139.4525916664931344 ) ) ;
#1969 = CARTESIAN_POINT ( 'NONE',  ( 151.5544456622763789, 193.0000000000000000, 87.50000000000071054 ) ) ;
#1970 = VERTEX_POINT ( 'NONE', #378 ) ;
#1971 = FACE_OUTER_BOUND ( 'NONE', #830, .T. ) ;
#1972 = DIRECTION ( 'NONE',  ( 0.8660254037844432595, 0.000000000000000000, -0.4999999999999920064 ) ) ;
#1973 = CARTESIAN_POINT ( 'NONE',  ( 99.64837507717956555, 103.9529188358427945, 98.33748813039116499 ) ) ;
#1974 = AXIS2_PLACEMENT_3D ( 'NONE', #1694, #2094, #57 ) ;
#1975 = DIRECTION ( 'NONE',  ( 1.000000000000000000, 0.000000000000000000, 0.000000000000000000 ) ) ;
#1976 = ORIENTED_EDGE ( 'NONE', *, *, #920, .F. ) ;
#1977 = CYLINDRICAL_SURFACE ( 'NONE', #1428, 50.00000000000000000 ) ;
#1978 = CIRCLE ( 'NONE', #801, 140.0000000000000284 ) ;
#1979 = DIRECTION ( 'NONE',  ( 0.000000000000000000, 0.000000000000000000, 1.000000000000000000 ) ) ;
#1980 = ORIENTED_EDGE ( 'NONE', *, *, #2282, .F. ) ;
#1981 = DIRECTION ( 'NONE',  ( 1.000000000000000000, 0.000000000000000000, -0.000000000000000000 ) ) ;
#1982 = CARTESIAN_POINT ( 'NONE',  ( -151.5544456622775442, 225.0000000000000000, 87.49999999999859313 ) ) ;
#1983 = CARTESIAN_POINT ( 'NONE',  ( 25.14446996253992594, 124.9536994547237185, 93.68717674896261371 ) ) ;
#1984 = ADVANCED_FACE ( 'NONE', ( #986 ), #1220, .T. ) ;
#1985 = DIRECTION ( 'NONE',  ( 0.000000000000000000, 1.000000000000000000, 0.000000000000000000 ) ) ;
#1986 = CARTESIAN_POINT ( 'NONE',  ( -21.09558374206363851, 131.0012414759797821, -138.4076173228658320 ) ) ;
#1987 = VERTEX_POINT ( 'NONE', #942 ) ;
#1988 = DIRECTION ( 'NONE',  ( 0.000000000000000000, -1.000000000000000000, 0.000000000000000000 ) ) ;
#1989 = FACE_OUTER_BOUND ( 'NONE', #1251, .T. ) ;
#1990 = ORIENTED_EDGE ( 'NONE', *, *, #905, .T. ) ;
#1991 = FACE_BOUND ( 'NONE', #340, .T. ) ;
#1992 = CARTESIAN_POINT ( 'NONE',  ( 0.000000000000000000, 193.0000000000000000, 0.000000000000000000 ) ) ;
#1993 = CARTESIAN_POINT ( 'NONE',  ( 14.04310236660192857, 136.7935862647178169, 95.99058569736810398 ) ) ;
#1994 = ADVANCED_FACE ( 'NONE', ( #1402, #969 ), #1804, .F. ) ;
#1995 = DIRECTION ( 'NONE',  ( 0.8660254037844432595, 0.000000000000000000, -0.4999999999999920064 ) ) ;
#1996 = DIRECTION ( 'NONE',  ( 0.000000000000000000, -1.000000000000000000, 0.000000000000000000 ) ) ;
#1997 = AXIS2_PLACEMENT_3D ( 'NONE', #2304, #17, #659 ) ;
#1998 = CARTESIAN_POINT ( 'NONE',  ( -151.5544456622775442, 32.00000000000000000, 87.49999999999859313 ) ) ;
#1999 = AXIS2_PLACEMENT_3D ( 'NONE', #30, #704, #695 ) ;
#2000 = DIRECTION ( 'NONE',  ( 0.000000000000000000, 1.000000000000000000, 0.000000000000000000 ) ) ;
#2001 = LINE ( 'NONE', #1792, #2277 ) ;
#2002 = EDGE_CURVE ( 'NONE', #1987, #829, #2266, .T. ) ;
#2003 = ORIENTED_EDGE ( 'NONE', *, *, #1636, .T. ) ;
#2004 = CARTESIAN_POINT ( 'NONE',  ( 26.65799524611569637, 103.9231807524129465, -137.4386035633363292 ) ) ;
#2005 = CARTESIAN_POINT ( 'NONE',  ( -50.93944573125274644, 26.43128949805966954, 130.4124603588730338 ) ) ;
#2006 = ORIENTED_EDGE ( 'NONE', *, *, #1447, .T. ) ;
#2007 = LINE ( 'NONE', #139, #416 ) ;
#2008 = CARTESIAN_POINT ( 'NONE',  ( 0.000000000000000000, 225.0000000000000000, -97.00000000000000000 ) ) ;
#2009 = VERTEX_POINT ( 'NONE', #365 ) ;
#2010 = CARTESIAN_POINT ( 'NONE',  ( -151.5544456622775442, 193.0000000000000000, 87.49999999999859313 ) ) ;
#2011 = EDGE_CURVE ( 'NONE', #2089, #2446, #182, .T. ) ;
#2012 = ADVANCED_FACE ( 'NONE', ( #129 ), #2029, .T. ) ;
#2013 = VERTEX_POINT ( 'NONE', #1191 ) ;
#2014 = DIRECTION ( 'NONE',  ( 0.000000000000000000, 0.000000000000000000, 1.000000000000000000 ) ) ;
#2015 = CARTESIAN_POINT ( 'NONE',  ( 0.000000000000000000, 225.0000000000000000, 0.000000000000000000 ) ) ;
#2016 = CARTESIAN_POINT ( 'NONE',  ( -151.5544456622775442, 225.0000000000000000, 87.49999999999859313 ) ) ;
#2017 = CARTESIAN_POINT ( 'NONE',  ( -26.52211586578749092, 121.5232754774843897, -137.4650913631672609 ) ) ;
#2018 = ORIENTED_EDGE ( 'NONE', *, *, #751, .T. ) ;
#2019 = CARTESIAN_POINT ( 'NONE',  ( 0.000000000000000000, 225.0000000000000000, -140.0000000000000284 ) ) ;
#2020 = CARTESIAN_POINT ( 'NONE',  ( 27.90851306946624177, 110.1923173256985393, -137.1900762973075700 ) ) ;
#2021 = FACE_OUTER_BOUND ( 'NONE', #1032, .T. ) ;
#2022 = EDGE_LOOP ( 'NONE', ( #2225, #1448, #2273, #576 ) ) ;
#2023 = DIRECTION ( 'NONE',  ( -0.000000000000000000, 1.000000000000000000, -0.000000000000000000 ) ) ;
#2024 = CARTESIAN_POINT ( 'NONE',  ( 6.869808517848384533, 212.2786471862267774, 139.8419628382399651 ) ) ;
#2025 = EDGE_LOOP ( 'NONE', ( #2615, #2112, #267, #422 ) ) ;
#2026 = CARTESIAN_POINT ( 'NONE',  ( 18.48002961165928681, 133.5550995612013594, 95.22604883136938270 ) ) ;
#2027 = VERTEX_POINT ( 'NONE', #2434 ) ;
#2028 = CIRCLE ( 'NONE', #2297, 97.00000000000000000 ) ;
#2029 = CYLINDRICAL_SURFACE ( 'NONE', #1920, 50.00000000000001421 ) ;
#2030 = CARTESIAN_POINT ( 'NONE',  ( 0.000000000000000000, 187.5000000000000000, 160.0000000000000000 ) ) ;
#2031 = CARTESIAN_POINT ( 'NONE',  ( 0.000000000000000000, 0.000000000000000000, -198.4999999999999716 ) ) ;
#2032 = CARTESIAN_POINT ( 'NONE',  ( -27.37227509365260403, 118.4136417888335018, -137.2980952827875569 ) ) ;
#2033 = AXIS2_PLACEMENT_3D ( 'NONE', #1740, #64, #679 ) ;
#2034 =( GEOMETRIC_REPRESENTATION_CONTEXT ( 3 ) GLOBAL_UNCERTAINTY_ASSIGNED_CONTEXT ( ( #2104 ) ) GLOBAL_UNIT_ASSIGNED_CONTEXT ( ( #2604, #96, #2197 ) ) REPRESENTATION_CONTEXT ( 'NONE', 'WORKASPACE' ) );
#2035 = ORIENTED_EDGE ( 'NONE', *, *, #2134, .F. ) ;
#2036 = DIRECTION ( 'NONE',  ( -0.000000000000000000, 1.000000000000000000, -0.000000000000000000 ) ) ;
#2037 = CARTESIAN_POINT ( 'NONE',  ( -98.95723316729588248, 98.07141244951907311, 99.03281963113587949 ) ) ;
#2038 = VECTOR ( 'NONE', #1464, 1000.000000000000000 ) ;
#2039 = CARTESIAN_POINT ( 'NONE',  ( -1.861226721920513638, 140.5000000000000568, -97.00000000000004263 ) ) ;
#2040 = CARTESIAN_POINT ( 'NONE',  ( 93.33850011336446073, 148.5323930981648459, 104.3585888801133734 ) ) ;
#2041 = ORIENTED_EDGE ( 'NONE', *, *, #1696, .F. ) ;
#2042 = FACE_OUTER_BOUND ( 'NONE', #1582, .T. ) ;
#2043 = EDGE_CURVE ( 'NONE', #2076, #2113, #1818, .T. ) ;
#2044 = ORIENTED_EDGE ( 'NONE', *, *, #1960, .F. ) ;
#2045 = CARTESIAN_POINT ( 'NONE',  ( -64.95190528383272976, 74.99999999999967315, 160.0000000000000000 ) ) ;
#2046 = DIRECTION ( 'NONE',  ( 0.000000000000000000, 1.000000000000000000, 0.000000000000000000 ) ) ;
#2047 = CARTESIAN_POINT ( 'NONE',  ( 20.44976483576733983, 131.6476993776309996, -138.4999237074257508 ) ) ;
#2048 = DIRECTION ( 'NONE',  ( 0.000000000000000000, 1.000000000000000000, 0.000000000000000000 ) ) ;
#2049 = EDGE_CURVE ( 'NONE', #1021, #2628, #873, .T. ) ;
#2050 = VECTOR ( 'NONE', #1868, 1000.000000000000000 ) ;
#2051 = VERTEX_POINT ( 'NONE', #1161 ) ;
#2052 = CARTESIAN_POINT ( 'NONE',  ( 24.78137229260595120, 32.00000000000000000, 42.92259589207406378 ) ) ;
#2053 = CARTESIAN_POINT ( 'NONE',  ( -84.72106434030570199, 59.28095943054589156, 111.4769466186709934 ) ) ;
#2054 = EDGE_CURVE ( 'NONE', #458, #2395, #2652, .T. ) ;
#2055 = CARTESIAN_POINT ( 'NONE',  ( 0.9166616603124688734, 84.50000000000000000, -97.00000000000002842 ) ) ;
#2056 = VECTOR ( 'NONE', #2072, 1000.000000000000000 ) ;
#2057 = CARTESIAN_POINT ( 'NONE',  ( 94.46487262073432589, 145.4747939597748143, 103.3354090130601861 ) ) ;
#2058 = ORIENTED_EDGE ( 'NONE', *, *, #1932, .T. ) ;
#2059 = CARTESIAN_POINT ( 'NONE',  ( -4.602901309352134263, 84.86569090188690723, 96.89491805398598956 ) ) ;
#2060 = DIRECTION ( 'NONE',  ( 0.000000000000000000, 0.000000000000000000, 1.000000000000000000 ) ) ;
#2061 = CARTESIAN_POINT ( 'NONE',  ( 27.81627569675288569, 108.8106609989176690, 92.92682535066799687 ) ) ;
#2062 = ORIENTED_EDGE ( 'NONE', *, *, #1846, .T. ) ;
#2063 = ORIENTED_EDGE ( 'NONE', *, *, #1673, .T. ) ;
#2064 = CARTESIAN_POINT ( 'NONE',  ( -9.050479841873663389, 85.94008558260816244, -96.59178594889988290 ) ) ;
#2065 = CARTESIAN_POINT ( 'NONE',  ( 0.000000000000000000, 225.0000000000000000, 0.000000000000000000 ) ) ;
#2066 = DIRECTION ( 'NONE',  ( -0.5000000000000039968, 0.000000000000000000, 0.8660254037844363761 ) ) ;
#2067 = AXIS2_PLACEMENT_3D ( 'NONE', #1748, #1229, #1246 ) ;
#2068 = CARTESIAN_POINT ( 'NONE',  ( 97.61294117285804361, 134.2829081509684954, 100.3590300461020064 ) ) ;
#2069 = ORIENTED_EDGE ( 'NONE', *, *, #1208, .T. ) ;
#2070 = CARTESIAN_POINT ( 'NONE',  ( -49.56274458521270532, 32.00000000000000000, 0.000000000000000000 ) ) ;
#2071 = AXIS2_PLACEMENT_3D ( 'NONE', #709, #1697, #254 ) ;
#2072 = DIRECTION ( 'NONE',  ( 0.000000000000000000, 1.000000000000000000, 0.000000000000000000 ) ) ;
#2073 = CARTESIAN_POINT ( 'NONE',  ( 27.27785993963772881, 106.1158429617391761, 93.08573130701255138 ) ) ;
#2074 = EDGE_LOOP ( 'NONE', ( #494, #562, #874, #2349 ) ) ;
#2075 = EDGE_CURVE ( 'NONE', #2117, #1225, #1486, .T. ) ;
#2076 = VERTEX_POINT ( 'NONE', #945 ) ;
#2077 = DIRECTION ( 'NONE',  ( 0.8660254037844432595, 0.000000000000000000, -0.4999999999999919509 ) ) ;
#2078 = CARTESIAN_POINT ( 'NONE',  ( 24.29480309787449244, 126.5409495025016895, -93.91418122259621271 ) ) ;
#2079 = CARTESIAN_POINT ( 'NONE',  ( -151.5544456622775442, 32.00000000000000000, 63.99999999999858602 ) ) ;
#2080 = CARTESIAN_POINT ( 'NONE',  ( -20.11875276856200401, 93.02059212396461874, -138.5472618893899437 ) ) ;
#2081 = ORIENTED_EDGE ( 'NONE', *, *, #230, .T. ) ;
#2082 = DIRECTION ( 'NONE',  ( 0.000000000000000000, 0.000000000000000000, 1.000000000000000000 ) ) ;
#2083 = ORIENTED_EDGE ( 'NONE', *, *, #353, .T. ) ;
#2084 = CARTESIAN_POINT ( 'NONE',  ( 151.5544456622763789, 193.0000000000000000, 111.0000000000007105 ) ) ;
#2085 = AXIS2_PLACEMENT_3D ( 'NONE', #1068, #676, #1485 ) ;
#2086 = EDGE_CURVE ( 'NONE', #545, #1170, #974, .T. ) ;
#2087 = CARTESIAN_POINT ( 'NONE',  ( 151.5544456622763789, 193.0000000000000000, 87.50000000000071054 ) ) ;
#2088 = ORIENTED_EDGE ( 'NONE', *, *, #2049, .T. ) ;
#2089 = VERTEX_POINT ( 'NONE', #149 ) ;
#2090 = CARTESIAN_POINT ( 'NONE',  ( -27.95486412753682615, 110.6589795619714209, -92.88452378190332581 ) ) ;
#2091 = EDGE_CURVE ( 'NONE', #1472, #2156, #369, .T. ) ;
#2092 = CARTESIAN_POINT ( 'NONE',  ( 26.20621283992899464, 122.4029482363823718, -93.39361138248649752 ) ) ;
#2093 = DIRECTION ( 'NONE',  ( 0.8660254037844363761, 0.000000000000000000, 0.5000000000000039968 ) ) ;
#2094 = DIRECTION ( 'NONE',  ( 0.000000000000000000, -1.000000000000000000, 0.000000000000000000 ) ) ;
#2095 = EDGE_LOOP ( 'NONE', ( #690, #1937, #1907, #741 ) ) ;
#2096 = AXIS2_PLACEMENT_3D ( 'NONE', #877, #54, #1717 ) ;
#2097 = FACE_OUTER_BOUND ( 'NONE', #615, .T. ) ;
#2098 = ORIENTED_EDGE ( 'NONE', *, *, #1644, .T. ) ;
#2099 = CARTESIAN_POINT ( 'NONE',  ( -151.5544456622775442, 193.0000000000000000, 87.49999999999859313 ) ) ;
#2100 = EDGE_CURVE ( 'NONE', #489, #1457, #991, .T. ) ;
#2101 = EDGE_CURVE ( 'NONE', #1502, #2426, #1347, .T. ) ;
#2102 = CARTESIAN_POINT ( 'NONE',  ( 12.40873168648585079, 87.38314033921405155, 96.20646193239335275 ) ) ;
#2103 = ORIENTED_EDGE ( 'NONE', *, *, #1638, .F. ) ;
#2104 = UNCERTAINTY_MEASURE_WITH_UNIT (LENGTH_MEASURE( 1.000000000000000082E-05 ), #2604, 'distance_accuracy_value', 'NONE');
#2105 = ORIENTED_EDGE ( 'NONE', *, *, #312, .T. ) ;
#2106 = LINE ( 'NONE', #1075, #2038 ) ;
#2107 = CARTESIAN_POINT ( 'NONE',  ( -23.48194461060399263, 15.29240309368841544, 138.0191955606597105 ) ) ;
#2108 = CARTESIAN_POINT ( 'NONE',  ( 27.77070568635209469, 108.8067599770728293, -92.93974943972683889 ) ) ;
#2109 = LINE ( 'NONE', #1722, #2141 ) ;
#2110 = ORIENTED_EDGE ( 'NONE', *, *, #2249, .T. ) ;
#2111 = CARTESIAN_POINT ( 'NONE',  ( 1.187907397800217667E-14, 84.50000000000000000, 97.00000000000000000 ) ) ;
#2112 = ORIENTED_EDGE ( 'NONE', *, *, #82, .T. ) ;
#2113 = VERTEX_POINT ( 'NONE', #1390 ) ;
#2114 = DIRECTION ( 'NONE',  ( -0.8660254037844364872, 0.000000000000000000, -0.5000000000000036637 ) ) ;
#2115 = LINE ( 'NONE', #2535, #343 ) ;
#2116 = CARTESIAN_POINT ( 'NONE',  ( -28.00000000000000000, 112.5000000000000000, -137.1714255958580111 ) ) ;
#2117 = VERTEX_POINT ( 'NONE', #2438 ) ;
#2118 = CARTESIAN_POINT ( 'NONE',  ( -12.41272580630679734, 87.38476726633875558, -96.20601664854621049 ) ) ;
#2119 = CARTESIAN_POINT ( 'NONE',  ( 2.877919977996281109E-15, 225.0000000000000000, -198.4999999999999716 ) ) ;
#2120 = CARTESIAN_POINT ( 'NONE',  ( 13.63265387418842600, 88.03854735063517012, -96.03810959727641716 ) ) ;
#2121 = CARTESIAN_POINT ( 'NONE',  ( -21.35259835984776089, 94.38163895496327882, -138.3623956071209875 ) ) ;
#2122 = EDGE_LOOP ( 'NONE', ( #1492, #412 ) ) ;
#2123 = DIRECTION ( 'NONE',  ( -0.8660254037844363761, 0.000000000000000000, -0.5000000000000039968 ) ) ;
#2124 = VECTOR ( 'NONE', #209, 1000.000000000000000 ) ;
#2125 = DIRECTION ( 'NONE',  ( -0.8660254037844362651, 0.000000000000000000, -0.5000000000000039968 ) ) ;
#2126 = CARTESIAN_POINT ( 'NONE',  ( 37.89341374345610802, 19.94295074757075170, 134.7834663772301269 ) ) ;
#2127 = EDGE_CURVE ( 'NONE', #796, #1909, #1269, .T. ) ;
#2128 = VECTOR ( 'NONE', #1489, 1000.000000000000000 ) ;
#2129 = EDGE_CURVE ( 'NONE', #2626, #913, #770, .T. ) ;
#2130 = DIRECTION ( 'NONE',  ( 0.000000000000000000, 0.000000000000000000, 1.000000000000000000 ) ) ;
#2131 = EDGE_LOOP ( 'NONE', ( #675, #144, #2337, #1567 ) ) ;
#2132 = CARTESIAN_POINT ( 'NONE',  ( -91.46532061763939225, 152.9563598228644139, 105.9943247889852955 ) ) ;
#2133 = DIRECTION ( 'NONE',  ( 0.000000000000000000, 0.000000000000000000, 1.000000000000000000 ) ) ;
#2134 = EDGE_CURVE ( 'NONE', #489, #2237, #2456, .T. ) ;
#2135 = CARTESIAN_POINT ( 'NONE',  ( 20.44234049330628267, 93.34419627333478786, -94.82376285843227492 ) ) ;
#2136 = ADVANCED_FACE ( 'NONE', ( #1777 ), #2625, .T. ) ;
#2137 = CARTESIAN_POINT ( 'NONE',  ( -12.46071382109912484, 137.6426648430053206, 96.21166830860609309 ) ) ;
#2138 = CARTESIAN_POINT ( 'NONE',  ( -14.81201105189853351, 88.72114333365304617, -139.2163233131350069 ) ) ;
#2139 = ORIENTED_EDGE ( 'NONE', *, *, #1285, .F. ) ;
#2140 = FACE_BOUND ( 'NONE', #854, .T. ) ;
#2141 = VECTOR ( 'NONE', #2348, 1000.000000000000000 ) ;
#2142 = CIRCLE ( 'NONE', #90, 23.49999999999999289 ) ;
#2143 = CARTESIAN_POINT ( 'NONE',  ( 151.5544456622763789, 32.00000000000000000, 64.00000000000072475 ) ) ;
#2144 = CARTESIAN_POINT ( 'NONE',  ( 99.91119681552423515, 108.2010669525197386, 98.07016204836305917 ) ) ;
#2145 = CIRCLE ( 'NONE', #91, 50.00000000000000711 ) ;
#2146 = CARTESIAN_POINT ( 'NONE',  ( 2.877919977996281109E-15, 32.00000000000000000, -151.5000000000000000 ) ) ;
#2147 = ORIENTED_EDGE ( 'NONE', *, *, #681, .T. ) ;
#2148 = CARTESIAN_POINT ( 'NONE',  ( -68.80098440879243071, 185.0874335916380744, 121.9352355435509452 ) ) ;
#2149 = CARTESIAN_POINT ( 'NONE',  ( 52.95190528383322714, 75.00000000000061107, 145.0000000000000284 ) ) ;
#2150 = CARTESIAN_POINT ( 'NONE',  ( -24.23453963774240094, 126.5320169581394794, 93.92415331557694458 ) ) ;
#2151 = CYLINDRICAL_SURFACE ( 'NONE', #982, 23.49999999999999289 ) ;
#2152 = VERTEX_POINT ( 'NONE', #961 ) ;
#2153 = DIRECTION ( 'NONE',  ( 0.000000000000000000, 0.000000000000000000, 1.000000000000000000 ) ) ;
#2154 = CARTESIAN_POINT ( 'NONE',  ( -151.5544456622775442, 193.0000000000000000, 137.4999999999986358 ) ) ;
#2155 = CARTESIAN_POINT ( 'NONE',  ( 30.83191031435854867, 17.36800847822907912, 136.5652345192524990 ) ) ;
#2156 = VERTEX_POINT ( 'NONE', #336 ) ;
#2157 = CARTESIAN_POINT ( 'NONE',  ( -40.84278207588948817, 203.7938909294989571, 133.9191988654663987 ) ) ;
#2158 = AXIS2_PLACEMENT_3D ( 'NONE', #465, #1124, #1083 ) ;
#2159 = DIRECTION ( 'NONE',  ( 0.000000000000000000, 1.000000000000000000, 0.000000000000000000 ) ) ;
#2160 = EDGE_CURVE ( 'NONE', #1002, #2446, #2001, .T. ) ;
#2161 = AXIS2_PLACEMENT_3D ( 'NONE', #1683, #2324, #59 ) ;
#2162 = ORIENTED_EDGE ( 'NONE', *, *, #1080, .T. ) ;
#2163 = CARTESIAN_POINT ( 'NONE',  ( -28.00000000000000000, 112.5000000000000000, 92.87087810503355456 ) ) ;
#2164 = CARTESIAN_POINT ( 'NONE',  ( -28.00000000000000000, 112.5000000000000000, -225.0000000000000000 ) ) ;
#2165 = VERTEX_POINT ( 'NONE', #426 ) ;
#2166 = CYLINDRICAL_SURFACE ( 'NONE', #1677, 97.00000000000000000 ) ;
#2167 = DIRECTION ( 'NONE',  ( 1.000000000000000000, 0.000000000000000000, -0.000000000000000000 ) ) ;
#2168 = CARTESIAN_POINT ( 'NONE',  ( 16.33773259698867975, 135.2577345217385414, -95.61731536196693071 ) ) ;
#2169 = AXIS2_PLACEMENT_3D ( 'NONE', #1007, #2196, #772 ) ;
#2170 = EDGE_CURVE ( 'NONE', #442, #1348, #2526, .T. ) ;
#2171 = CARTESIAN_POINT ( 'NONE',  ( -89.39657594899800586, 157.3426265539102644, 107.7454896232291901 ) ) ;
#2172 = AXIS2_PLACEMENT_3D ( 'NONE', #1043, #2420, #2235 ) ;
#2173 = EDGE_CURVE ( 'NONE', #1170, #1265, #2621, .T. ) ;
#2174 = CARTESIAN_POINT ( 'NONE',  ( -9.044163770525161183, 139.0636233603578091, 96.59274097647549695 ) ) ;
#2175 = FACE_OUTER_BOUND ( 'NONE', #1872, .T. ) ;
#2176 = ORIENTED_EDGE ( 'NONE', *, *, #1606, .F. ) ;
#2177 = LINE ( 'NONE', #1493, #2561 ) ;
#2178 = DIRECTION ( 'NONE',  ( 0.8660254037844431485, 0.000000000000000000, -0.4999999999999922839 ) ) ;
#2179 = CARTESIAN_POINT ( 'NONE',  ( 66.55546546747912373, 37.79775350358406172, 123.1984698518639050 ) ) ;
#2180 = VECTOR ( 'NONE', #366, 1000.000000000000000 ) ;
#2181 = AXIS2_PLACEMENT_3D ( 'NONE', #957, #1003, #2014 ) ;
#2182 = LINE ( 'NONE', #1564, #648 ) ;
#2183 = CARTESIAN_POINT ( 'NONE',  ( -94.47907309418016553, 145.4309822163038461, 103.3222538604312319 ) ) ;
#2184 = ORIENTED_EDGE ( 'NONE', *, *, #995, .F. ) ;
#2185 = CARTESIAN_POINT ( 'NONE',  ( -7.292150504575825920, 139.5956158574407766, 96.74220221821443033 ) ) ;
#2186 = ORIENTED_EDGE ( 'NONE', *, *, #1318, .T. ) ;
#2187 = CARTESIAN_POINT ( 'NONE',  ( -49.56274458521270532, 225.0000000000000000, -168.4019435300256760 ) ) ;
#2188 = CARTESIAN_POINT ( 'NONE',  ( -88.61020923744355571, 0.000000000000000000, 108.3892560122841644 ) ) ;
#2189 = CARTESIAN_POINT ( 'NONE',  ( 6.371642504933233475, 139.7693135708922227, 96.79154822063458141 ) ) ;
#2190 = CIRCLE ( 'NONE', #2558, 23.49999999999999289 ) ;
#2191 = DIRECTION ( 'NONE',  ( 0.000000000000000000, 1.000000000000000000, 0.000000000000000000 ) ) ;
#2192 = DIRECTION ( 'NONE',  ( 0.000000000000000000, 0.000000000000000000, 1.000000000000000000 ) ) ;
#2193 = CARTESIAN_POINT ( 'NONE',  ( 0.000000000000000000, 140.5000000000000000, -140.0000000000000284 ) ) ;
#2194 = AXIS2_PLACEMENT_3D ( 'NONE', #295, #1544, #1341 ) ;
#2195 = ORIENTED_EDGE ( 'NONE', *, *, #2387, .T. ) ;
#2196 = DIRECTION ( 'NONE',  ( 0.000000000000000000, 0.000000000000000000, 1.000000000000000000 ) ) ;
#2197 =( NAMED_UNIT ( * ) SI_UNIT ( $, .STERADIAN. ) SOLID_ANGLE_UNIT ( ) );
#2198 = ORIENTED_EDGE ( 'NONE', *, *, #238, .T. ) ;
#2199 = DIRECTION ( 'NONE',  ( 0.000000000000000000, 1.000000000000000000, 0.000000000000000000 ) ) ;
#2200 = CARTESIAN_POINT ( 'NONE',  ( 151.5544456622763789, 32.00000000000000000, 87.50000000000071054 ) ) ;
#2201 = CARTESIAN_POINT ( 'NONE',  ( 9.904129585234871413, 138.7057745374564490, 96.49677986798644724 ) ) ;
#2202 = EDGE_CURVE ( 'NONE', #1050, #221, #2145, .T. ) ;
#2203 = DIRECTION ( 'NONE',  ( 0.000000000000000000, 0.000000000000000000, 1.000000000000000000 ) ) ;
#2204 = DIRECTION ( 'NONE',  ( 0.000000000000000000, 1.000000000000000000, 0.000000000000000000 ) ) ;
#2205 = CARTESIAN_POINT ( 'NONE',  ( -23.77963597996542688, 127.2898728533417341, -137.9658888715287048 ) ) ;
#2206 = CARTESIAN_POINT ( 'NONE',  ( 88.61020923744207778, 32.00000000000000000, 108.3892560122854150 ) ) ;
#2207 = VERTEX_POINT ( 'NONE', #1789 ) ;
#2208 = EDGE_CURVE ( 'NONE', #1232, #370, #1417, .T. ) ;
#2209 = CARTESIAN_POINT ( 'NONE',  ( -151.5544456622775442, 193.0000000000000000, 63.99999999999858602 ) ) ;
#2210 = CARTESIAN_POINT ( 'NONE',  ( -98.26964822233527741, 93.90216629725797759, 99.71610222232357046 ) ) ;
#2211 = CIRCLE ( 'NONE', #1908, 23.49999999999999289 ) ;
#2212 = EDGE_LOOP ( 'NONE', ( #1482, #1709 ) ) ;
#2213 = CARTESIAN_POINT ( 'NONE',  ( 28.00000000000000000, 112.5000000000000000, 134.9999999999999716 ) ) ;
#2214 = EDGE_CURVE ( 'NONE', #211, #2367, #2481, .T. ) ;
#2215 = FACE_OUTER_BOUND ( 'NONE', #2462, .T. ) ;
#2216 = EDGE_LOOP ( 'NONE', ( #815, #438, #2552, #509 ) ) ;
#2217 = LINE ( 'NONE', #537, #1869 ) ;
#2218 = DIRECTION ( 'NONE',  ( -0.8660254037844363761, 0.000000000000000000, -0.5000000000000039968 ) ) ;
#2219 = LINE ( 'NONE', #1207, #953 ) ;
#2220 = AXIS2_PLACEMENT_3D ( 'NONE', #552, #126, #2667 ) ;
#2221 = LINE ( 'NONE', #321, #1604 ) ;
#2222 = AXIS2_PLACEMENT_3D ( 'NONE', #240, #1064, #2347 ) ;
#2223 = CARTESIAN_POINT ( 'NONE',  ( -17.05677401683345806, 134.7098576015764877, -138.9575643114948207 ) ) ;
#2224 = DIRECTION ( 'NONE',  ( 0.8660254037844432595, 0.000000000000000000, -0.4999999999999919509 ) ) ;
#2225 = ORIENTED_EDGE ( 'NONE', *, *, #2333, .F. ) ;
#2226 = LINE ( 'NONE', #324, #1686 ) ;
#2227 = CARTESIAN_POINT ( 'NONE',  ( -26.77045366362249723, 16.13495932973466651, 137.4268135530795121 ) ) ;
#2228 = ORIENTED_EDGE ( 'NONE', *, *, #1152, .F. ) ;
#2229 = FACE_BOUND ( 'NONE', #2122, .T. ) ;
#2230 = CARTESIAN_POINT ( 'NONE',  ( 100.0000000000000000, 112.5000000000000000, 97.97958971132716499 ) ) ;
#2231 = ORIENTED_EDGE ( 'NONE', *, *, #2711, .T. ) ;
#2232 = ORIENTED_EDGE ( 'NONE', *, *, #2419, .F. ) ;
#2233 = DIRECTION ( 'NONE',  ( 0.000000000000000000, 1.000000000000000000, 0.000000000000000000 ) ) ;
#2234 = CIRCLE ( 'NONE', #1411, 50.00000000000000000 ) ;
#2235 = DIRECTION ( 'NONE',  ( 1.000000000000000000, 0.000000000000000000, -0.000000000000000000 ) ) ;
#2236 = CARTESIAN_POINT ( 'NONE',  ( 24.30231843954253534, 126.5268646211860641, -137.8784310071038135 ) ) ;
#2237 = VERTEX_POINT ( 'NONE', #328 ) ;
#2238 = DIRECTION ( 'NONE',  ( 0.000000000000000000, 0.000000000000000000, 1.000000000000000000 ) ) ;
#2239 = EDGE_CURVE ( 'NONE', #565, #891, #1555, .T. ) ;
#2240 = CARTESIAN_POINT ( 'NONE',  ( -99.39242694547884582, 101.4601496102497578, 98.59594733222361640 ) ) ;
#2241 = CARTESIAN_POINT ( 'NONE',  ( -19.16864344235026962, 132.9300758620356930, -95.08939481463306720 ) ) ;
#2242 = AXIS2_PLACEMENT_3D ( 'NONE', #309, #2630, #551 ) ;
#2243 = CARTESIAN_POINT ( 'NONE',  ( 51.02338561247891136, 198.5637426240561751, 130.4056399963485831 ) ) ;
#2244 = ORIENTED_EDGE ( 'NONE', *, *, #111, .T. ) ;
#2245 = CARTESIAN_POINT ( 'NONE',  ( 21.04762606652658263, 130.9887216519647097, 94.69082330946929460 ) ) ;
#2246 = EDGE_LOOP ( 'NONE', ( #384, #680 ) ) ;
#2247 = LINE ( 'NONE', #568, #2620 ) ;
#2248 = ADVANCED_FACE ( 'NONE', ( #717 ), #1977, .T. ) ;
#2249 = EDGE_CURVE ( 'NONE', #2596, #1438, #2523, .T. ) ;
#2250 = PRODUCT ( 'Flanged Pipe Elbow', 'Flanged Pipe Elbow', '', ( #493 ) ) ;
#2251 = CARTESIAN_POINT ( 'NONE',  ( 49.56274458521270532, 193.0000000000000000, -0.000000000000000000 ) ) ;
#2252 = DIRECTION ( 'NONE',  ( -0.8660254037844363761, 0.000000000000000000, -0.5000000000000039968 ) ) ;
#2253 = CARTESIAN_POINT ( 'NONE',  ( -27.82195281179702917, 116.1524772259169822, -137.2081394636699088 ) ) ;
#2254 = DIRECTION ( 'NONE',  ( -0.8660254037844362651, 0.000000000000000000, -0.5000000000000039968 ) ) ;
#2255 = ORIENTED_EDGE ( 'NONE', *, *, #585, .T. ) ;
#2256 = ORIENTED_EDGE ( 'NONE', *, *, #1513, .F. ) ;
#2257 = DIRECTION ( 'NONE',  ( 0.000000000000000000, 0.000000000000000000, 1.000000000000000000 ) ) ;
#2258 = CARTESIAN_POINT ( 'NONE',  ( -93.27188052122158979, 76.40211691201859878, 104.4075759579061042 ) ) ;
#2259 = VECTOR ( 'NONE', #167, 1000.000000000000000 ) ;
#2260 = DIRECTION ( 'NONE',  ( 0.000000000000000000, 1.000000000000000000, 0.000000000000000000 ) ) ;
#2261 = CARTESIAN_POINT ( 'NONE',  ( 73.23437752956353108, 180.6664222412175889, 119.3455353145028965 ) ) ;
#2262 = VERTEX_POINT ( 'NONE', #1093 ) ;
#2263 = B_SPLINE_CURVE_WITH_KNOTS ( 'NONE', 3,
 ( #375, #997, #2681, #1215, #1467, #1054, #1303, #2361, #2555, #2334, #1065, #488, #634, #2121, #2544, #878, #2080, #19, #834, #2138, #1708, #266, #850, #672, #463, #1871, #217, #2516, #863, #2309, #1094, #1491, #1262, #661 ),
 .UNSPECIFIED., .F., .F.,
 ( 4, 2, 2, 2, 2, 2, 2, 2, 2, 2, 2, 2, 2, 2, 2, 2, 4 ),
 ( 0.04389217414854089394, 0.04663406355006349119, 0.04937595295158608844, 0.05485973175463132456, 0.05760162115615394263, 0.06034351055767656763, 0.06308539995919917875, 0.06445634465996050166, 0.06582728936072181070, 0.07131106816376699131, 0.07405295756528958162, 0.07542390226605089065, 0.07679484696681218581, 0.08227862576985739418, 0.08364957047061868933, 0.08502051517137998449, 0.08776240457290258867 ),
 .UNSPECIFIED. ) ;
#2264 = CARTESIAN_POINT ( 'NONE',  ( 27.05129979958156738, 119.7859557394913708, 93.15206004303406928 ) ) ;
#2265 = CLOSED_SHELL ( 'NONE', ( #947, #2510, #55, #80, #256, #1587, #1044, #1029, #2012, #639, #1680, #478, #1120, #1894, #2248, #2611, #1245, #871, #872, #1401, #1931, #1844, #670, #456, #106, #746, #1194, #2343, #1984, #280, #1036, #1759, #923, #1946, #2663, #753, #1452, #678, #206, #2298, #1324, #2413, #1521, #710, #2704, #2504, #440, #538, #1598, #881, #25, #1994, #1331, #1575, #483, #70, #1070, #1103, #722, #795, #1528, #2136, #783, #2311 ) ) ;
#2266 = LINE ( 'NONE', #593, #444 ) ;
#2267 = CARTESIAN_POINT ( 'NONE',  ( -151.5544456622775442, 193.0000000000000000, 87.49999999999859313 ) ) ;
#2268 = EDGE_CURVE ( 'NONE', #2564, #2395, #2530, .T. ) ;
#2269 = DIRECTION ( 'NONE',  ( 0.8660254037844363761, 0.000000000000000000, 0.5000000000000039968 ) ) ;
#2270 = AXIS2_PLACEMENT_3D ( 'NONE', #1911, #40, #629 ) ;
#2271 = DIRECTION ( 'NONE',  ( -0.4999999999999920064, -0.8660254037844433705, 0.000000000000000000 ) ) ;
#2272 = AXIS2_PLACEMENT_3D ( 'NONE', #18, #848, #791 ) ;
#2273 = ORIENTED_EDGE ( 'NONE', *, *, #1248, .T. ) ;
#2274 = CARTESIAN_POINT ( 'NONE',  ( -25.48840635558175549, 100.9003066155602824, -93.59157535195024025 ) ) ;
#2275 = CARTESIAN_POINT ( 'NONE',  ( -94.93946131018269341, 81.04810541377923983, 102.8929187368449050 ) ) ;
#2276 = CARTESIAN_POINT ( 'NONE',  ( -24.78137229260655516, 32.00000000000000000, 42.92259589207372272 ) ) ;
#2277 = VECTOR ( 'NONE', #1593, 1000.000000000000000 ) ;
#2278 = CARTESIAN_POINT ( 'NONE',  ( 84.70234080145456801, 165.6794999784218021, 111.4746784387855172 ) ) ;
#2279 = ORIENTED_EDGE ( 'NONE', *, *, #2282, .T. ) ;
#2280 = CARTESIAN_POINT ( 'NONE',  ( -12.84204199480537056, 87.61444121595512513, 96.14700898162365661 ) ) ;
#2281 = VERTEX_POINT ( 'NONE', #914 ) ;
#2282 = EDGE_CURVE ( 'NONE', #565, #1853, #849, .T. ) ;
#2283 = CARTESIAN_POINT ( 'NONE',  ( 151.5544456622763789, 193.0000000000000000, 87.50000000000071054 ) ) ;
#2284 = CARTESIAN_POINT ( 'NONE',  ( 28.00000000000000000, 112.5000000000000000, 92.87087810503355456 ) ) ;
#2285 = ORIENTED_EDGE ( 'NONE', *, *, #31, .T. ) ;
#2286 = EDGE_LOOP ( 'NONE', ( #51, #1446 ) ) ;
#2287 = DIRECTION ( 'NONE',  ( -0.8660254037844363761, 0.000000000000000000, -0.5000000000000039968 ) ) ;
#2288 = CARTESIAN_POINT ( 'NONE',  ( 26.51665793161001616, 121.5399127916757465, -93.30565482769496555 ) ) ;
#2289 = FACE_OUTER_BOUND ( 'NONE', #15, .T. ) ;
#2290 = EDGE_CURVE ( 'NONE', #370, #2367, #1362, .T. ) ;
#2291 = CARTESIAN_POINT ( 'NONE',  ( 36.40039746514706565, 205.6547005627204783, 135.1947544887046320 ) ) ;
#2292 = EDGE_LOOP ( 'NONE', ( #2602, #418, #2325, #1284, #1618 ) ) ;
#2293 = DIRECTION ( 'NONE',  ( 0.000000000000000000, 0.000000000000000000, 1.000000000000000000 ) ) ;
#2294 = EDGE_LOOP ( 'NONE', ( #1669, #1916, #1836, #705 ) ) ;
#2295 = VERTEX_POINT ( 'NONE', #1376 ) ;
#2296 = CIRCLE ( 'NONE', #2194, 140.0000000000000284 ) ;
#2297 = AXIS2_PLACEMENT_3D ( 'NONE', #451, #2490, #1901 ) ;
#2298 = ADVANCED_FACE ( 'NONE', ( #1421 ), #2441, .F. ) ;
#2299 = CARTESIAN_POINT ( 'NONE',  ( 7.281964093594955223, 85.44785447593601191, 96.73030678532786908 ) ) ;
#2300 = ORIENTED_EDGE ( 'NONE', *, *, #238, .F. ) ;
#2301 = VERTEX_POINT ( 'NONE', #2209 ) ;
#2302 = EDGE_LOOP ( 'NONE', ( #301, #1847, #2062, #286 ) ) ;
#2303 = CARTESIAN_POINT ( 'NONE',  ( 0.000000000000000000, 225.0000000000000000, 0.000000000000000000 ) ) ;
#2304 = CARTESIAN_POINT ( 'NONE',  ( -24.78137229260655516, 193.0000000000000000, 42.92259589207372272 ) ) ;
#2305 = DIRECTION ( 'NONE',  ( 1.000000000000000000, 0.000000000000000000, 0.000000000000000000 ) ) ;
#2306 = CIRCLE ( 'NONE', #1470, 12.00000000000000711 ) ;
#2307 = EDGE_CURVE ( 'NONE', #891, #744, #1642, .T. ) ;
#2308 = AXIS2_PLACEMENT_3D ( 'NONE', #560, #185, #1613 ) ;
#2309 = CARTESIAN_POINT ( 'NONE',  ( -3.670551738203098324, 84.73779176769755850, -139.9526196829898197 ) ) ;
#2310 = ORIENTED_EDGE ( 'NONE', *, *, #1355, .T. ) ;
#2311 = ADVANCED_FACE ( 'NONE', ( #2458 ), #804, .T. ) ;
#2312 = CARTESIAN_POINT ( 'NONE',  ( -28.00000000000000000, 111.5834596632312525, 92.87087810503358298 ) ) ;
#2313 = CARTESIAN_POINT ( 'NONE',  ( -151.5544456622775442, 193.0000000000000000, 87.49999999999859313 ) ) ;
#2314 = AXIS2_PLACEMENT_3D ( 'NONE', #2468, #1163, #989 ) ;
#2315 = CARTESIAN_POINT ( 'NONE',  ( 138.1729538226551881, 193.0000000000000000, 22.54406422813796240 ) ) ;
#2316 = EDGE_LOOP ( 'NONE', ( #601, #253, #97, #1704 ) ) ;
#2317 = ORIENTED_EDGE ( 'NONE', *, *, #1355, .F. ) ;
#2318 = DIRECTION ( 'NONE',  ( 0.000000000000000000, -1.000000000000000000, 0.000000000000000000 ) ) ;
#2319 = CYLINDRICAL_SURFACE ( 'NONE', #1266, 100.0000000000000000 ) ;
#2320 = CIRCLE ( 'NONE', #2450, 50.00000000000000000 ) ;
#2321 = CARTESIAN_POINT ( 'NONE',  ( 2.877919977996281109E-15, 193.0000000000000000, -198.4999999999999716 ) ) ;
#2322 = EDGE_LOOP ( 'NONE', ( #1219, #364, #803, #2569, #1340, #776, #644, #1239, #27, #2300, #1123, #2385, #1271, #371 ) ) ;
#2323 = VECTOR ( 'NONE', #2600, 1000.000000000000000 ) ;
#2324 = DIRECTION ( 'NONE',  ( 0.000000000000000000, 1.000000000000000000, -0.000000000000000000 ) ) ;
#2325 = ORIENTED_EDGE ( 'NONE', *, *, #307, .T. ) ;
#2326 = CARTESIAN_POINT ( 'NONE',  ( 0.000000000000000000, 32.00000000000000000, 0.000000000000000000 ) ) ;
#2327 = B_SPLINE_CURVE_WITH_KNOTS ( 'NONE', 3,
 ( #831, #1259, #2090, #1433, #658, #846, #2513, #1051, #2274, #227, #2528, #1678, #645, #1479, #446, #239, #28, #860, #1691, #2330, #460, #2118, #1226, #2064, #1090, #1924, #300, #2345, #1716, #2553 ),
 .UNSPECIFIED., .F., .F.,
 ( 4, 2, 2, 2, 2, 2, 2, 2, 2, 2, 2, 2, 2, 2, 4 ),
 ( 0.04401827083956181413, 0.04676784606819912871, 0.04951742129683644328, 0.05501657175411112100, 0.05639135936842978869, 0.05776614698274846332, 0.06051572221138577096, 0.06326529744002307165, 0.06601487266866037928, 0.07151402312593502231, 0.07426359835457232994, 0.07701317358320963757, 0.08251232404048425284, 0.08526189926912154660, 0.08801147449775885423 ),
 .UNSPECIFIED. ) ;
#2328 = CARTESIAN_POINT ( 'NONE',  ( 22.74975903319937842, 96.17029201938160554, 94.29489767240430353 ) ) ;
#2329 = VERTEX_POINT ( 'NONE', #1824 ) ;
#2330 = CARTESIAN_POINT ( 'NONE',  ( -14.82263922931882050, 88.72778848188983147, -95.86384434822213052 ) ) ;
#2331 = CARTESIAN_POINT ( 'NONE',  ( 21.06257245004739076, 94.02831141747400068, -94.68749594396784630 ) ) ;
#2332 = EDGE_CURVE ( 'NONE', #109, #377, #2226, .T. ) ;
#2333 = EDGE_CURVE ( 'NONE', #211, #1364, #2609, .T. ) ;
#2334 = CARTESIAN_POINT ( 'NONE',  ( -24.24707229832666400, 98.46718133294211839, -137.8849991818288174 ) ) ;
#2335 = VERTEX_POINT ( 'NONE', #1168 ) ;
#2336 = CARTESIAN_POINT ( 'NONE',  ( 0.000000000000000000, 193.0000000000000000, -140.0000000000000284 ) ) ;
#2337 = ORIENTED_EDGE ( 'NONE', *, *, #169, .T. ) ;
#2338 = DIRECTION ( 'NONE',  ( -0.000000000000000000, 1.000000000000000000, -0.000000000000000000 ) ) ;
#2339 = CARTESIAN_POINT ( 'NONE',  ( 1.714505518779661708E-14, 12.49999999999999822, 140.0000000000000284 ) ) ;
#2340 = AXIS2_PLACEMENT_3D ( 'NONE', #2388, #1158, #1146 ) ;
#2341 = CARTESIAN_POINT ( 'NONE',  ( -151.5544456622775442, 225.0000000000000000, 110.9999999999985931 ) ) ;
#2342 = ORIENTED_EDGE ( 'NONE', *, *, #2547, .T. ) ;
#2343 = ADVANCED_FACE ( 'NONE', ( #2627 ), #1837, .F. ) ;
#2344 = EDGE_CURVE ( 'NONE', #2152, #458, #721, .T. ) ;
#2345 = CARTESIAN_POINT ( 'NONE',  ( -1.834107222955150274, 84.54489373638698169, -96.98701156768416354 ) ) ;
#2346 = CARTESIAN_POINT ( 'NONE',  ( -16.86015311091744806, 13.87349163933946450, 139.0214191657786955 ) ) ;
#2347 = DIRECTION ( 'NONE',  ( 0.000000000000000000, 0.000000000000000000, 1.000000000000000000 ) ) ;
#2348 = DIRECTION ( 'NONE',  ( 0.000000000000000000, -1.000000000000000000, 0.000000000000000000 ) ) ;
#2349 = ORIENTED_EDGE ( 'NONE', *, *, #1019, .T. ) ;
#2350 = DIRECTION ( 'NONE',  ( 0.000000000000000000, 0.000000000000000000, -1.000000000000000000 ) ) ;
#2351 = CIRCLE ( 'NONE', #935, 23.49999999999999289 ) ;
#2352 = VERTEX_POINT ( 'NONE', #1408 ) ;
#2353 = CARTESIAN_POINT ( 'NONE',  ( 0.000000000000000000, 225.0000000000000000, -140.0000000000000284 ) ) ;
#2354 = CARTESIAN_POINT ( 'NONE',  ( 59.10271537064907221, 31.83082415554473599, 126.9148723822438569 ) ) ;
#2355 = CIRCLE ( 'NONE', #1342, 50.00000000000000711 ) ;
#2356 = ORIENTED_EDGE ( 'NONE', *, *, #45, .F. ) ;
#2357 = EDGE_CURVE ( 'NONE', #1021, #1605, #356, .T. ) ;
#2358 = CARTESIAN_POINT ( 'NONE',  ( -33.20123294166114647, 206.8866040799114785, 136.0452688160256116 ) ) ;
#2359 = CARTESIAN_POINT ( 'NONE',  ( 14.03432232900234133, 88.26679171834237536, -95.98018530435479079 ) ) ;
#2360 = CARTESIAN_POINT ( 'NONE',  ( -27.99999999999999645, 113.4166059245730764, 92.87087810503355456 ) ) ;
#2361 = CARTESIAN_POINT ( 'NONE',  ( -25.51059619046449356, 100.9218436525011242, -137.6565938362665520 ) ) ;
#2362 = VERTEX_POINT ( 'NONE', #742 ) ;
#2363 = FACE_OUTER_BOUND ( 'NONE', #1211, .T. ) ;
#2364 = CIRCLE ( 'NONE', #1307, 12.00000000000000711 ) ;
#2365 = LINE ( 'NONE', #491, #202 ) ;
#2366 = CARTESIAN_POINT ( 'NONE',  ( 53.80686623617724962, 28.14812337356512728, 129.2799121720147468 ) ) ;
#2367 = VERTEX_POINT ( 'NONE', #1794 ) ;
#2368 = ORIENTED_EDGE ( 'NONE', *, *, #2214, .T. ) ;
#2369 = CARTESIAN_POINT ( 'NONE',  ( -98.27415068840392109, 131.0178706804977082, 99.71076087263695342 ) ) ;
#2370 = CARTESIAN_POINT ( 'NONE',  ( -49.56274458521270532, 0.000000000000000000, -130.9333202404222902 ) ) ;
#2371 = EDGE_LOOP ( 'NONE', ( #436, #693, #400, #1843 ) ) ;
#2372 = CARTESIAN_POINT ( 'NONE',  ( 17.09499783022453911, 90.24862720625732493, -138.9608319038562172 ) ) ;
#2373 = CARTESIAN_POINT ( 'NONE',  ( 151.5544456622763789, 32.00000000000000000, 87.50000000000071054 ) ) ;
#2374 = EDGE_LOOP ( 'NONE', ( #1420, #1602, #480, #34, #2682, #1350 ) ) ;
#2375 = DIRECTION ( 'NONE',  ( 0.000000000000000000, 1.000000000000000000, 0.000000000000000000 ) ) ;
#2376 = EDGE_CURVE ( 'NONE', #2051, #2165, #1580, .T. ) ;
#2377 = CARTESIAN_POINT ( 'NONE',  ( -121.0589888510695715, 32.00000000000000000, 127.1235676570855446 ) ) ;
#2378 = CARTESIAN_POINT ( 'NONE',  ( 96.38935059514139425, 85.85818554489472376, 101.5341908917145588 ) ) ;
#2379 = EDGE_CURVE ( 'NONE', #2329, #1100, #643, .T. ) ;
#2380 = DIRECTION ( 'NONE',  ( 0.000000000000000000, 0.000000000000000000, -1.000000000000000000 ) ) ;
#2381 = CARTESIAN_POINT ( 'NONE',  ( -61.62195607485305260, 191.3212513825992005, 125.7387518566666103 ) ) ;
#2382 = AXIS2_PLACEMENT_3D ( 'NONE', #2582, #904, #1724 ) ;
#2383 = CARTESIAN_POINT ( 'NONE',  ( 14.80895518454010507, 88.71901007427034358, -139.2166756710527409 ) ) ;
#2384 = CARTESIAN_POINT ( 'NONE',  ( 0.000000000000000000, 225.0000000000000000, -175.0000000000000000 ) ) ;
#2385 = ORIENTED_EDGE ( 'NONE', *, *, #844, .F. ) ;
#2386 = CARTESIAN_POINT ( 'NONE',  ( -121.0589888510695715, 0.000000000000000000, 127.1235676570855446 ) ) ;
#2387 = EDGE_CURVE ( 'NONE', #2329, #232, #2677, .T. ) ;
#2388 = CARTESIAN_POINT ( 'NONE',  ( -49.56274458521270532, 193.0000000000000000, 0.000000000000000000 ) ) ;
#2389 = CARTESIAN_POINT ( 'NONE',  ( 45.37206033268331851, 23.32658048381506077, 132.4784490317851464 ) ) ;
#2390 = AXIS2_PLACEMENT_3D ( 'NONE', #2303, #431, #818 ) ;
#2391 = FACE_OUTER_BOUND ( 'NONE', #2643, .T. ) ;
#2392 = LINE ( 'NONE', #518, #2536 ) ;
#2393 = CARTESIAN_POINT ( 'NONE',  ( -79.37521563739919372, 173.4050136792309900, 115.3484370187218389 ) ) ;
#2394 = CIRCLE ( 'NONE', #1384, 23.49999999999999289 ) ;
#2395 = VERTEX_POINT ( 'NONE', #1625 ) ;
#2396 = CARTESIAN_POINT ( 'NONE',  ( 25.15263772709509738, 100.0609072255335263, -137.7238562626583871 ) ) ;
#2397 = SURFACE_STYLE_USAGE ( .BOTH. , #1363 ) ;
#2398 = EDGE_LOOP ( 'NONE', ( #1851, #1181, #1185, #2041 ) ) ;
#2399 = CARTESIAN_POINT ( 'NONE',  ( -26.51648110889378174, 121.5399862753425992, -93.30570155180889458 ) ) ;
#2400 = DIRECTION ( 'NONE',  ( 0.000000000000000000, -1.000000000000000000, 0.000000000000000000 ) ) ;
#2401 = CARTESIAN_POINT ( 'NONE',  ( 78.39441892668499179, 50.41182133841888202, 115.9942327642832964 ) ) ;
#2402 = VECTOR ( 'NONE', #2500, 1000.000000000000000 ) ;
#2403 = CARTESIAN_POINT ( 'NONE',  ( 6.392943519612960479, 139.7758885419740977, -96.79330679043603425 ) ) ;
#2404 = PLANE ( 'NONE',  #1218 ) ;
#2405 = AXIS2_PLACEMENT_3D ( 'NONE', #171, #2423, #2254 ) ;
#2406 = CARTESIAN_POINT ( 'NONE',  ( 0.000000000000000000, 0.000000000000000000, -175.0000000000000000 ) ) ;
#2407 = CARTESIAN_POINT ( 'NONE',  ( 7.294459144101018921, 139.5487768585000765, -139.8126136098277641 ) ) ;
#2408 = VERTEX_POINT ( 'NONE', #2472 ) ;
#2409 = CARTESIAN_POINT ( 'NONE',  ( -18.47472784395714029, 133.5599098007734256, 95.22710078579537196 ) ) ;
#2410 = DIRECTION ( 'NONE',  ( 0.000000000000000000, 0.000000000000000000, 1.000000000000000000 ) ) ;
#2411 = ORIENTED_EDGE ( 'NONE', *, *, #2505, .T. ) ;
#2412 = CARTESIAN_POINT ( 'NONE',  ( -15.95836629050761601, 135.5117205784930832, -95.67903888650535293 ) ) ;
#2413 = ADVANCED_FACE ( 'NONE', ( #1866, #213 ), #2498, .F. ) ;
#2414 = EDGE_CURVE ( 'NONE', #2152, #2564, #875, .T. ) ;
#2415 = LINE ( 'NONE', #1381, #466 ) ;
#2416 = CARTESIAN_POINT ( 'NONE',  ( 0.000000000000000000, 112.5000000000000000, -225.0000000000000000 ) ) ;
#2417 = DIRECTION ( 'NONE',  ( 0.000000000000000000, 0.000000000000000000, 1.000000000000000000 ) ) ;
#2418 = CIRCLE ( 'NONE', #1496, 97.00000000000000000 ) ;
#2419 = EDGE_CURVE ( 'NONE', #2335, #1605, #2106, .T. ) ;
#2420 = DIRECTION ( 'NONE',  ( 0.000000000000000000, 0.000000000000000000, 1.000000000000000000 ) ) ;
#2421 = EDGE_CURVE ( 'NONE', #1280, #2156, #197, .T. ) ;
#2422 = CARTESIAN_POINT ( 'NONE',  ( 27.81885138092556531, 116.1681519860436111, -137.2087600148169599 ) ) ;
#2423 = DIRECTION ( 'NONE',  ( -0.000000000000000000, 1.000000000000000000, -0.000000000000000000 ) ) ;
#2424 = EDGE_CURVE ( 'NONE', #2426, #1502, #859, .T. ) ;
#2425 = CIRCLE ( 'NONE', #284, 23.49999999999999289 ) ;
#2426 = VERTEX_POINT ( 'NONE', #247 ) ;
#2427 = DIRECTION ( 'NONE',  ( -0.8660254037844432595, 0.000000000000000000, 0.4999999999999920064 ) ) ;
#2428 = DIRECTION ( 'NONE',  ( 1.000000000000000000, 0.000000000000000000, 0.000000000000000000 ) ) ;
#2429 = ORIENTED_EDGE ( 'NONE', *, *, #553, .F. ) ;
#2430 = CARTESIAN_POINT ( 'NONE',  ( -24.25681677521791357, 126.5156902171930255, -93.91914108367647884 ) ) ;
#2431 = AXIS2_PLACEMENT_3D ( 'NONE', #1427, #1455, #2533 ) ;
#2432 = CARTESIAN_POINT ( 'NONE',  ( -121.0589888510695715, 193.0000000000000000, 127.1235676570855446 ) ) ;
#2433 = FACE_OUTER_BOUND ( 'NONE', #291, .T. ) ;
#2434 = CARTESIAN_POINT ( 'NONE',  ( 28.00000000000000000, 112.5000000000000000, -92.87087810503355456 ) ) ;
#2435 = CARTESIAN_POINT ( 'NONE',  ( 170.6217334362809197, 193.0000000000000000, 41.27837587293981869 ) ) ;
#2436 = DIRECTION ( 'NONE',  ( -0.4999999999999920064, -0.8660254037844433705, 0.000000000000000000 ) ) ;
#2437 = CARTESIAN_POINT ( 'NONE',  ( -16.31851817945578276, 135.2577960042356722, -139.0461944235487977 ) ) ;
#2438 = CARTESIAN_POINT ( 'NONE',  ( 121.0589888510678236, 32.00000000000000000, 127.1235676570872641 ) ) ;
#2439 = EDGE_CURVE ( 'NONE', #2262, #2367, #1205, .T. ) ;
#2440 = ORIENTED_EDGE ( 'NONE', *, *, #346, .T. ) ;
#2441 = PLANE ( 'NONE',  #1298 ) ;
#2442 = DIRECTION ( 'NONE',  ( -0.000000000000000000, -1.000000000000000000, -0.000000000000000000 ) ) ;
#2443 = EDGE_LOOP ( 'NONE', ( #1497, #976, #234, #2356, #1443 ) ) ;
#2444 = DIRECTION ( 'NONE',  ( 0.000000000000000000, 1.000000000000000000, 0.000000000000000000 ) ) ;
#2445 = CARTESIAN_POINT ( 'NONE',  ( 31.67256085854019432, 207.3554439078901623, 136.3727124329799096 ) ) ;
#2446 = VERTEX_POINT ( 'NONE', #2703 ) ;
#2447 = CARTESIAN_POINT ( 'NONE',  ( 7.715212744418617596, 139.4200459204663787, 96.69370276008011444 ) ) ;
#2448 = EDGE_LOOP ( 'NONE', ( #2368, #2581, #260, #2496 ) ) ;
#2449 = DIRECTION ( 'NONE',  ( -0.000000000000000000, -1.000000000000000000, -0.000000000000000000 ) ) ;
#2450 = AXIS2_PLACEMENT_3D ( 'NONE', #618, #1244, #388 ) ;
#2451 = B_SPLINE_CURVE_WITH_KNOTS ( 'NONE', 3,
 ( #774, #2039, #928, #110, #341, #1757, #327, #1813, #574, #1145, #1769, #2412, #745, #523, #2606, #720, #2241, #2460, #2664, #1410, #2430, #374, #1554, #563, #2399, #550, #1171, #123, #1351, #1380 ),
 .UNSPECIFIED., .F., .F.,
 ( 4, 2, 2, 2, 2, 2, 2, 2, 2, 2, 2, 2, 2, 2, 4 ),
 ( 0.000000000000000000, 0.005502283854945152174, 0.008253425782417727827, 0.009628996746154012618, 0.01100456770989029914, 0.01650685156483549729, 0.01788242252857179249, 0.01925799349230808422, 0.02200913541978068155, 0.02751141927472586929, 0.03026256120219849438, 0.03301370312967115417, 0.03576484505714382089, 0.03851598698461648762, 0.04401827083956181413 ),
 .UNSPECIFIED. ) ;
#2452 = EDGE_CURVE ( 'NONE', #2113, #1634, #1474, .T. ) ;
#2453 = DIRECTION ( 'NONE',  ( -0.8660254037844362651, 0.000000000000000000, -0.5000000000000039968 ) ) ;
#2454 = AXIS2_PLACEMENT_3D ( 'NONE', #1435, #2260, #820 ) ;
#2455 = CARTESIAN_POINT ( 'NONE',  ( -27.04562326673255512, 119.7627650190164843, -137.3628312263093960 ) ) ;
#2456 = LINE ( 'NONE', #118, #1702 ) ;
#2457 = ORIENTED_EDGE ( 'NONE', *, *, #2100, .F. ) ;
#2458 = FACE_OUTER_BOUND ( 'NONE', #421, .T. ) ;
#2459 = CARTESIAN_POINT ( 'NONE',  ( -90.77395472487984307, 70.42206642360557112, 106.5969348851959211 ) ) ;
#2460 = CARTESIAN_POINT ( 'NONE',  ( -21.09418152713034900, 131.0022990542915124, -94.68767130008507138 ) ) ;
#2461 = CARTESIAN_POINT ( 'NONE',  ( 3.426074884775665463, 212.4561639633561185, 139.9686781048085038 ) ) ;
#2462 = EDGE_LOOP ( 'NONE', ( #627, #756, #1055, #242 ) ) ;
#2463 = CARTESIAN_POINT ( 'NONE',  ( 22.75969221153132693, 128.8349934655704203, 94.29353506657221828 ) ) ;
#2464 = ORIENTED_EDGE ( 'NONE', *, *, #821, .T. ) ;
#2465 = DIRECTION ( 'NONE',  ( 0.000000000000000000, 0.000000000000000000, 1.000000000000000000 ) ) ;
#2466 = DIRECTION ( 'NONE',  ( 0.8660254037844431485, 0.000000000000000000, -0.4999999999999922839 ) ) ;
#2467 = AXIS2_PLACEMENT_3D ( 'NONE', #1928, #1681, #1515 ) ;
#2468 = CARTESIAN_POINT ( 'NONE',  ( 0.000000000000000000, 193.0000000000000000, -175.0000000000000000 ) ) ;
#2469 = CARTESIAN_POINT ( 'NONE',  ( -8.579178289350066322, 139.1572629123535023, -139.7375841198378907 ) ) ;
#2470 = CARTESIAN_POINT ( 'NONE',  ( 24.78137229260595120, 193.0000000000000000, 42.92259589207406378 ) ) ;
#2471 = ORIENTED_EDGE ( 'NONE', *, *, #2129, .F. ) ;
#2472 = CARTESIAN_POINT ( 'NONE',  ( 76.95190528383325557, 75.00000000000061107, 160.0000000000000000 ) ) ;
#2473 = CARTESIAN_POINT ( 'NONE',  ( -92.67114852016791815, 74.88784678369920300, 104.9417103814365220 ) ) ;
#2474 = CARTESIAN_POINT ( 'NONE',  ( 0.000000000000000000, 32.00000000000000000, -175.0000000000000000 ) ) ;
#2475 = AXIS2_PLACEMENT_3D ( 'NONE', #235, #476, #653 ) ;
#2476 = CARTESIAN_POINT ( 'NONE',  ( 83.84538831964900396, 167.0202342524045491, 112.1211595523959517 ) ) ;
#2477 = ORIENTED_EDGE ( 'NONE', *, *, #103, .F. ) ;
#2478 = CARTESIAN_POINT ( 'NONE',  ( 27.81642650703080122, 116.1906499171298748, 92.92678593266731468 ) ) ;
#2479 = VERTEX_POINT ( 'NONE', #1062 ) ;
#2480 = DIRECTION ( 'NONE',  ( -0.8660254037844363761, 0.000000000000000000, -0.5000000000000039968 ) ) ;
#2481 = LINE ( 'NONE', #349, #2259 ) ;
#2482 = DIRECTION ( 'NONE',  ( -0.5000000000000039968, 0.000000000000000000, 0.8660254037844363761 ) ) ;
#2483 = ORIENTED_EDGE ( 'NONE', *, *, #1152, .T. ) ;
#2484 = CARTESIAN_POINT ( 'NONE',  ( 26.51352861871394140, 103.4863470969276449, -137.4665703391106035 ) ) ;
#2485 = CARTESIAN_POINT ( 'NONE',  ( -96.41851089522717189, 85.77243549313531901, 101.5149590797604588 ) ) ;
#2486 = VECTOR ( 'NONE', #2687, 1000.000000000000000 ) ;
#2487 = CARTESIAN_POINT ( 'NONE',  ( -88.61020923744356992, 193.0000000000000000, 108.3892560122841502 ) ) ;
#2488 = EDGE_CURVE ( 'NONE', #1277, #407, #401, .T. ) ;
#2489 = CARTESIAN_POINT ( 'NONE',  ( 0.000000000000000000, 0.000000000000000000, 0.000000000000000000 ) ) ;
#2490 = DIRECTION ( 'NONE',  ( 0.000000000000000000, 1.000000000000000000, 0.000000000000000000 ) ) ;
#2491 = DIRECTION ( 'NONE',  ( 0.000000000000000000, 0.000000000000000000, 1.000000000000000000 ) ) ;
#2492 = CARTESIAN_POINT ( 'NONE',  ( 24.28416086519086647, 98.44233626868830811, 93.91685511548200793 ) ) ;
#2493 = EDGE_LOOP ( 'NONE', ( #825, #2195, #1086, #2184, #1888, #1599, #2471, #2231, #1237, #897, #2232, #2695, #294, #2279, #729, #1399, #1322, #1310, #2588, #2545, #1476, #105 ) ) ;
#2494 = AXIS2_PLACEMENT_3D ( 'NONE', #603, #1184, #1838 ) ;
#2495 = CIRCLE ( 'NONE', #611, 23.49999999999999289 ) ;
#2496 = ORIENTED_EDGE ( 'NONE', *, *, #392, .T. ) ;
#2497 = ORIENTED_EDGE ( 'NONE', *, *, #2173, .T. ) ;
#2498 = PLANE ( 'NONE',  #597 ) ;
#2499 = CARTESIAN_POINT ( 'NONE',  ( 27.37043771970862949, 118.4220095738420753, -93.05841122862891268 ) ) ;
#2500 = DIRECTION ( 'NONE',  ( 0.8660254037844432595, 0.000000000000000000, -0.4999999999999919509 ) ) ;
#2501 = CARTESIAN_POINT ( 'NONE',  ( 8.582760441065458323, 212.1456290407984397, 139.7470436637042610 ) ) ;
#2502 = VERTEX_POINT ( 'NONE', #1896 ) ;
#2503 = CARTESIAN_POINT ( 'NONE',  ( -16.34142814034379754, 89.74512483750740444, 95.61664776937855947 ) ) ;
#2504 = ADVANCED_FACE ( 'NONE', ( #2539 ), #16, .F. ) ;
#2505 = EDGE_CURVE ( 'NONE', #1457, #1297, #1242, .T. ) ;
#2506 = ORIENTED_EDGE ( 'NONE', *, *, #2170, .T. ) ;
#2507 = CARTESIAN_POINT ( 'NONE',  ( 9.901660511344653415, 86.29335494353642844, 96.49701905240473820 ) ) ;
#2508 = VERTEX_POINT ( 'NONE', #1287 ) ;
#2509 = EDGE_CURVE ( 'NONE', #407, #2051, #2327, .T. ) ;
#2510 = ADVANCED_FACE ( 'NONE', ( #52 ), #1498, .F. ) ;
#2511 = EDGE_LOOP ( 'NONE', ( #985, #20, #1729, #1831 ) ) ;
#2512 = EDGE_LOOP ( 'NONE', ( #337, #172 ) ) ;
#2513 = CARTESIAN_POINT ( 'NONE',  ( -26.56072959581984705, 103.4490411037129292, -93.29558431576914757 ) ) ;
#2514 = DIRECTION ( 'NONE',  ( 0.000000000000000000, -0.000000000000000000, 1.000000000000000000 ) ) ;
#2515 = LINE ( 'NONE', #448, #2050 ) ;
#2516 = CARTESIAN_POINT ( 'NONE',  ( -5.037023361790361697, 84.95297142570782967, -139.9100818945624951 ) ) ;
#2517 = ORIENTED_EDGE ( 'NONE', *, *, #1806, .T. ) ;
#2518 = CARTESIAN_POINT ( 'NONE',  ( -14.83081921277457660, 88.73293415659730954, 95.86257041096602904 ) ) ;
#2519 = CIRCLE ( 'NONE', #1631, 23.50000000000001421 ) ;
#2520 = EDGE_LOOP ( 'NONE', ( #2, #74, #558, #142 ) ) ;
#2521 = CARTESIAN_POINT ( 'NONE',  ( 0.000000000000000000, 193.0000000000000000, -175.0000000000000000 ) ) ;
#2522 = VECTOR ( 'NONE', #1413, 999.9999999999998863 ) ;
#2523 = B_SPLINE_CURVE_WITH_KNOTS ( 'NONE', 3,
 ( #2163, #2360, #497, #1314, #1541, #1942, #276, #730, #107, #933, #2567, #1568, #2150, #95, #1349, #2613, #1551, #521, #2409, #1734, #532, #302, #2137, #2174, #2185, #1338, #265, #72, #901, #1105 ),
 .UNSPECIFIED., .F., .F.,
 ( 4, 2, 2, 2, 2, 2, 2, 2, 2, 2, 2, 2, 2, 2, 4 ),
 ( 0.08801020453422665757, 0.09075997124108839409, 0.09213485459451926929, 0.09350973794795013061, 0.09900927136167374243, 0.1017590380685355067, 0.1031339214219663958, 0.1045088047753972987, 0.1100083381891209522, 0.1127581048959827581, 0.1155078716028445640, 0.1210074050165682036, 0.1265069384302918154, 0.1292567051371536491, 0.1320064718440154827 ),
 .UNSPECIFIED. ) ;
#2524 = LINE ( 'NONE', #640, #1254 ) ;
#2525 = ORIENTED_EDGE ( 'NONE', *, *, #984, .T. ) ;
#2526 = LINE ( 'NONE', #1852, #612 ) ;
#2527 = VERTEX_POINT ( 'NONE', #1752 ) ;
#2528 = CARTESIAN_POINT ( 'NONE',  ( -24.88657218834284635, 99.65992797258203950, -93.75344522163673844 ) ) ;
#2529 = LINE ( 'NONE', #175, #908 ) ;
#2530 = CIRCLE ( 'NONE', #166, 50.00000000000000000 ) ;
#2531 = DIRECTION ( 'NONE',  ( 1.000000000000000000, 0.000000000000000000, 0.000000000000000000 ) ) ;
#2532 = VERTEX_POINT ( 'NONE', #2601 ) ;
#2533 = DIRECTION ( 'NONE',  ( -0.4999999999999920064, -0.8660254037844433705, 0.000000000000000000 ) ) ;
#2534 = DIRECTION ( 'NONE',  ( 0.000000000000000000, 0.000000000000000000, 1.000000000000000000 ) ) ;
#2535 = CARTESIAN_POINT ( 'NONE',  ( -138.1729538226554723, 32.00000000000000000, 22.54406422813602617 ) ) ;
#2536 = VECTOR ( 'NONE', #259, 1000.000000000000000 ) ;
#2537 = CARTESIAN_POINT ( 'NONE',  ( 14.01831984007804976, 88.24469191809576785, 95.98513764368688328 ) ) ;
#2538 = ORIENTED_EDGE ( 'NONE', *, *, #1387, .T. ) ;
#2539 = FACE_OUTER_BOUND ( 'NONE', #44, .T. ) ;
#2540 = VECTOR ( 'NONE', #1899, 1000.000000000000000 ) ;
#2541 = CARTESIAN_POINT ( 'NONE',  ( -88.61020923744356992, 32.00000000000000000, 108.3892560122841502 ) ) ;
#2542 = CARTESIAN_POINT ( 'NONE',  ( 27.95365661733860208, 110.6438755685940976, -92.88488683288105108 ) ) ;
#2543 = VECTOR ( 'NONE', #2698, 1000.000000000000000 ) ;
#2544 = CARTESIAN_POINT ( 'NONE',  ( -21.05371407090368052, 94.03512093288520646, -138.4082304788581155 ) ) ;
#2545 = ORIENTED_EDGE ( 'NONE', *, *, #2680, .F. ) ;
#2546 = CARTESIAN_POINT ( 'NONE',  ( -49.56274458521270532, 0.000000000000000000, -168.4019435300256760 ) ) ;
#2547 = EDGE_CURVE ( 'NONE', #1011, #1002, #2306, .T. ) ;
#2548 = CYLINDRICAL_SURFACE ( 'NONE', #1718, 50.00000000000000000 ) ;
#2549 = EDGE_CURVE ( 'NONE', #151, #2281, #2351, .T. ) ;
#2550 = SHAPE_DEFINITION_REPRESENTATION ( #1423, #2646 ) ;
#2551 = ORIENTED_EDGE ( 'NONE', *, *, #112, .T. ) ;
#2552 = ORIENTED_EDGE ( 'NONE', *, *, #2134, .T. ) ;
#2553 = CARTESIAN_POINT ( 'NONE',  ( 1.497379672015501696E-19, 84.50000000000000000, -97.00000000000000000 ) ) ;
#2554 = CARTESIAN_POINT ( 'NONE',  ( -151.5544456622775442, 32.00000000000000000, 87.49999999999859313 ) ) ;
#2555 = CARTESIAN_POINT ( 'NONE',  ( -25.11309906736047637, 100.0833672029915675, -137.7299015088814258 ) ) ;
#2556 = ORIENTED_EDGE ( 'NONE', *, *, #1878, .F. ) ;
#2557 = CARTESIAN_POINT ( 'NONE',  ( 170.6217334362809197, 32.00000000000000000, 41.27837587293981869 ) ) ;
#2558 = AXIS2_PLACEMENT_3D ( 'NONE', #1770, #92, #2178 ) ;
#2559 = CARTESIAN_POINT ( 'NONE',  ( 0.000000000000000000, 112.5000000000000000, 160.0000000000000000 ) ) ;
#2560 = CARTESIAN_POINT ( 'NONE',  ( 79.36768049769712263, 51.66088313609019167, 115.3304740553978718 ) ) ;
#2561 = VECTOR ( 'NONE', #2123, 999.9999999999998863 ) ;
#2562 = VECTOR ( 'NONE', #1058, 1000.000000000000000 ) ;
#2563 =( NAMED_UNIT ( * ) SI_UNIT ( $, .STERADIAN. ) SOLID_ANGLE_UNIT ( ) );
#2564 = VERTEX_POINT ( 'NONE', #694 ) ;
#2565 = DIRECTION ( 'NONE',  ( 0.8660254037844431485, 0.000000000000000000, -0.4999999999999922839 ) ) ;
#2566 = CARTESIAN_POINT ( 'NONE',  ( 3.661558972753617081, 84.73660085063204406, -96.93194568167419334 ) ) ;
#2567 = CARTESIAN_POINT ( 'NONE',  ( -25.11473835783114694, 124.9135850741601956, 93.69339352171691360 ) ) ;
#2568 = LINE ( 'NONE', #472, #1563 ) ;
#2569 = ORIENTED_EDGE ( 'NONE', *, *, #1308, .T. ) ;
#2570 = CARTESIAN_POINT ( 'NONE',  ( -151.5544456622775442, 32.00000000000000000, 87.49999999999859313 ) ) ;
#2571 = EDGE_CURVE ( 'NONE', #232, #2362, #1074, .T. ) ;
#2572 = EDGE_LOOP ( 'NONE', ( #473, #787 ) ) ;
#2573 = CARTESIAN_POINT ( 'NONE',  ( 49.56274458521270532, 32.00000000000000000, -168.4019435300256760 ) ) ;
#2574 = CARTESIAN_POINT ( 'NONE',  ( 31.62837074213518207, 17.62982712515916717, 136.3829587087221853 ) ) ;
#2575 = AXIS2_PLACEMENT_3D ( 'NONE', #1608, #1774, #1576 ) ;
#2576 = EDGE_LOOP ( 'NONE', ( #1612, #2256, #275, #2088 ) ) ;
#2577 = CARTESIAN_POINT ( 'NONE',  ( -90.79818155946472302, 154.4320780924687710, 106.5670143667769025 ) ) ;
#2578 = CARTESIAN_POINT ( 'NONE',  ( 26.56397400943516729, 103.4570011048125764, -93.29468423342389372 ) ) ;
#2579 = EDGE_CURVE ( 'NONE', #2009, #1502, #990, .T. ) ;
#2580 = DIRECTION ( 'NONE',  ( 0.000000000000000000, 0.000000000000000000, 1.000000000000000000 ) ) ;
#2581 = ORIENTED_EDGE ( 'NONE', *, *, #2290, .F. ) ;
#2582 = CARTESIAN_POINT ( 'NONE',  ( 0.000000000000000000, 193.0000000000000000, 0.000000000000000000 ) ) ;
#2583 = AXIS2_PLACEMENT_3D ( 'NONE', #2276, #2066, #2093 ) ;
#2584 = FACE_OUTER_BOUND ( 'NONE', #2294, .T. ) ;
#2585 = CARTESIAN_POINT ( 'NONE',  ( 81.26165708821389444, 54.19865523067956303, 114.0081907309379403 ) ) ;
#2586 = EDGE_CURVE ( 'NONE', #1853, #459, #939, .T. ) ;
#2587 =( LENGTH_UNIT ( ) NAMED_UNIT ( * ) SI_UNIT ( .MILLI., .METRE. ) );
#2588 = ORIENTED_EDGE ( 'NONE', *, *, #2439, .F. ) ;
#2589 = CARTESIAN_POINT ( 'NONE',  ( -151.5544456622775442, 0.000000000000000000, 87.49999999999859313 ) ) ;
#2590 = EDGE_CURVE ( 'NONE', #459, #1277, #67, .T. ) ;
#2591 = CARTESIAN_POINT ( 'NONE',  ( 27.99999999999999645, 111.5770675632849134, -92.87087810503354035 ) ) ;
#2592 = EDGE_CURVE ( 'NONE', #38, #2009, #1762, .T. ) ;
#2593 = VERTEX_POINT ( 'NONE', #1835 ) ;
#2594 = CARTESIAN_POINT ( 'NONE',  ( 21.34894336519618818, 94.37722990551793600, -138.3629651921437755 ) ) ;
#2595 = CARTESIAN_POINT ( 'NONE',  ( 0.000000000000000000, 187.5000000000000000, 145.0000000000000284 ) ) ;
#2596 = VERTEX_POINT ( 'NONE', #2699 ) ;
#2597 = CARTESIAN_POINT ( 'NONE',  ( 0.000000000000000000, 225.0000000000000000, 0.000000000000000000 ) ) ;
#2598 = CARTESIAN_POINT ( 'NONE',  ( -28.00000000000000000, 112.5000000000000000, -92.87087810503356877 ) ) ;
#2599 = CARTESIAN_POINT ( 'NONE',  ( 82.17162643076308370, 55.48851776922224133, 113.3534897192840845 ) ) ;
#2600 = DIRECTION ( 'NONE',  ( -0.000000000000000000, -0.000000000000000000, 1.000000000000000000 ) ) ;
#2601 = CARTESIAN_POINT ( 'NONE',  ( 1.187907397800217667E-14, 84.50000000000000000, 97.00000000000000000 ) ) ;
#2602 = ORIENTED_EDGE ( 'NONE', *, *, #1148, .T. ) ;
#2603 = CARTESIAN_POINT ( 'NONE',  ( 24.29107869717081769, 98.45474552811695901, -137.8803825990133873 ) ) ;
#2604 =( LENGTH_UNIT ( ) NAMED_UNIT ( * ) SI_UNIT ( .MILLI., .METRE. ) );
#2605 = EDGE_LOOP ( 'NONE', ( #1958, #2285, #210, #1765 ) ) ;
#2606 = CARTESIAN_POINT ( 'NONE',  ( -17.43303976284266810, 134.4157246942585289, -95.42126941436615084 ) ) ;
#2607 = DIRECTION ( 'NONE',  ( 1.000000000000000000, 0.000000000000000000, 0.000000000000000000 ) ) ;
#2608 = CARTESIAN_POINT ( 'NONE',  ( 57.79751167464718264, 30.89059772411866689, 127.5145616790656362 ) ) ;
#2609 = CIRCLE ( 'NONE', #2308, 50.00000000000001421 ) ;
#2610 = CARTESIAN_POINT ( 'NONE',  ( 12.43821940753585231, 137.6518161290223929, -139.4565895516059868 ) ) ;
#2611 = ADVANCED_FACE ( 'NONE', ( #409 ), #1863, .F. ) ;
#2612 = VERTEX_POINT ( 'NONE', #1236 ) ;
#2613 = CARTESIAN_POINT ( 'NONE',  ( -22.24796695300971905, 129.5983776341713281, 94.41991946071267705 ) ) ;
#2614 = CARTESIAN_POINT ( 'NONE',  ( 0.000000000000000000, 193.0000000000000000, -175.0000000000000000 ) ) ;
#2615 = ORIENTED_EDGE ( 'NONE', *, *, #911, .F. ) ;
#2616 = DIRECTION ( 'NONE',  ( -0.8660254037844364872, 0.000000000000000000, -0.5000000000000036637 ) ) ;
#2617 = CARTESIAN_POINT ( 'NONE',  ( 1.187907395172932673E-14, 225.0000000000000000, 97.00000000000000000 ) ) ;
#2618 = CARTESIAN_POINT ( 'NONE',  ( -49.56274458521270532, 32.00000000000000000, -168.4019435300256760 ) ) ;
#2619 = EDGE_CURVE ( 'NONE', #1040, #2715, #828, .T. ) ;
#2620 = VECTOR ( 'NONE', #1805, 1000.000000000000000 ) ;
#2621 = CIRCLE ( 'NONE', #1442, 50.00000000000000711 ) ;
#2622 = DIRECTION ( 'NONE',  ( 0.8660254037844431485, 0.000000000000000000, -0.4999999999999920619 ) ) ;
#2623 = FACE_OUTER_BOUND ( 'NONE', #2246, .T. ) ;
#2624 = CARTESIAN_POINT ( 'NONE',  ( 26.51374762372414651, 121.5129348400762552, -137.4665274878265677 ) ) ;
#2625 = PLANE ( 'NONE',  #525 ) ;
#2626 = VERTEX_POINT ( 'NONE', #397 ) ;
#2627 = FACE_OUTER_BOUND ( 'NONE', #2074, .T. ) ;
#2628 = VERTEX_POINT ( 'NONE', #814 ) ;
#2629 = CARTESIAN_POINT ( 'NONE',  ( -64.95190528383272976, 74.99999999999967315, 145.0000000000000284 ) ) ;
#2630 = DIRECTION ( 'NONE',  ( 0.000000000000000000, -1.000000000000000000, -0.000000000000000000 ) ) ;
#2631 = CARTESIAN_POINT ( 'NONE',  ( -52.95190528383271555, 74.99999999999967315, 145.0000000000000284 ) ) ;
#2632 = CARTESIAN_POINT ( 'NONE',  ( 14.05847915220164701, 136.7838034874615971, -95.98817207181961919 ) ) ;
#2633 = CARTESIAN_POINT ( 'NONE',  ( 0.000000000000000000, 187.5000000000000000, 145.0000000000000284 ) ) ;
#2634 = CYLINDRICAL_SURFACE ( 'NONE', #1046, 23.50000000000000711 ) ;
#2635 = CARTESIAN_POINT ( 'NONE',  ( 151.5544456622763789, 193.0000000000000000, 87.50000000000071054 ) ) ;
#2636 = CARTESIAN_POINT ( 'NONE',  ( 22.22473010172563690, 129.5558162123030286, -138.2259293462684013 ) ) ;
#2637 = DIRECTION ( 'NONE',  ( 0.000000000000000000, 0.000000000000000000, 1.000000000000000000 ) ) ;
#2638 = CIRCLE ( 'NONE', #1415, 100.0000000000000000 ) ;
#2639 = AXIS2_PLACEMENT_3D ( 'NONE', #980, #2444, #1156 ) ;
#2640 = ORIENTED_EDGE ( 'NONE', *, *, #1414, .F. ) ;
#2641 = CARTESIAN_POINT ( 'NONE',  ( 0.000000000000000000, 225.0000000000000000, -97.00000000000000000 ) ) ;
#2642 = CARTESIAN_POINT ( 'NONE',  ( -99.07640981508917832, 98.91346769065712863, 98.91354188363075650 ) ) ;
#2643 = EDGE_LOOP ( 'NONE', ( #1240, #591, #1082, #450 ) ) ;
#2644 = CARTESIAN_POINT ( 'NONE',  ( 151.5544456622763789, 0.000000000000000000, 87.50000000000071054 ) ) ;
#2645 = AXIS2_PLACEMENT_3D ( 'NONE', #98, #1747, #1108 ) ;
#2646 = ADVANCED_BREP_SHAPE_REPRESENTATION ( 'Flanged Pipe Elbow', ( #784, #77 ), #1948 ) ;
#2647 = CARTESIAN_POINT ( 'NONE',  ( 37.93739652188025246, 205.0389452345845882, 134.7710378493880512 ) ) ;
#2648 = ORIENTED_EDGE ( 'NONE', *, *, #45, .T. ) ;
#2649 = CARTESIAN_POINT ( 'NONE',  ( 1.845423831611687993, 140.5000000000000000, 97.00000000000001421 ) ) ;
#2650 = EDGE_CURVE ( 'NONE', #355, #2532, #813, .T. ) ;
#2651 = ORIENTED_EDGE ( 'NONE', *, *, #1834, .T. ) ;
#2652 = LINE ( 'NONE', #1385, #657 ) ;
#2653 = DIRECTION ( 'NONE',  ( 0.8660254037844432595, 0.000000000000000000, -0.4999999999999919509 ) ) ;
#2654 = PRESENTATION_LAYER_ASSIGNMENT (  '', '', ( #1684 ) ) ;
#2655 = VECTOR ( 'NONE', #1706, 1000.000000000000000 ) ;
#2656 = DIRECTION ( 'NONE',  ( 0.8660254037844431485, 0.000000000000000000, -0.4999999999999920619 ) ) ;
#2657 = CARTESIAN_POINT ( 'NONE',  ( -7.257618761895030524, 139.5587293549077685, -139.8145408495977335 ) ) ;
#2658 = DIRECTION ( 'NONE',  ( -0.8660254037844364872, 0.000000000000000000, -0.5000000000000036637 ) ) ;
#2659 = ORIENTED_EDGE ( 'NONE', *, *, #1128, .F. ) ;
#2660 = CARTESIAN_POINT ( 'NONE',  ( 27.63769932682890484, 107.9183455273940240, -137.2450026973912998 ) ) ;
#2661 = CARTESIAN_POINT ( 'NONE',  ( -53.71393729048960353, 28.13494206943608233, 129.2944310054196535 ) ) ;
#2662 = AXIS2_PLACEMENT_3D ( 'NONE', #2313, #1306, #1672 ) ;
#2663 = ADVANCED_FACE ( 'NONE', ( #1892 ), #1255, .T. ) ;
#2664 = CARTESIAN_POINT ( 'NONE',  ( -22.24948369066634157, 129.5981577015910773, -94.41965579862079494 ) ) ;
#2665 = CARTESIAN_POINT ( 'NONE',  ( 98.62106120826146594, 129.3822917245806536, 99.37188269826282294 ) ) ;
#2666 = ORIENTED_EDGE ( 'NONE', *, *, #1526, .F. ) ;
#2667 = DIRECTION ( 'NONE',  ( 0.000000000000000000, 0.000000000000000000, -1.000000000000000000 ) ) ;
#2668 = ORIENTED_EDGE ( 'NONE', *, *, #354, .T. ) ;
#2669 = EDGE_CURVE ( 'NONE', #2207, #962, #2524, .T. ) ;
#2670 = CARTESIAN_POINT ( 'NONE',  ( 0.000000000000000000, 193.0000000000000000, -151.5000000000000000 ) ) ;
#2671 = LINE ( 'NONE', #785, #434 ) ;
#2672 = AXIS2_PLACEMENT_3D ( 'NONE', #2633, #2465, #781 ) ;
#2673 = CARTESIAN_POINT ( 'NONE',  ( 26.65925199488291142, 121.0730513017910397, -137.4383604515336970 ) ) ;
#2674 = DIRECTION ( 'NONE',  ( 0.8660254037844432595, 0.000000000000000000, -0.4999999999999919509 ) ) ;
#2675 = ORIENTED_EDGE ( 'NONE', *, *, #984, .F. ) ;
#2676 = ORIENTED_EDGE ( 'NONE', *, *, #2129, .T. ) ;
#2677 = LINE ( 'NONE', #385, #765 ) ;
#2678 = FACE_OUTER_BOUND ( 'NONE', #1114, .T. ) ;
#2679 = CYLINDRICAL_SURFACE ( 'NONE', #2272, 50.00000000000001421 ) ;
#2680 = EDGE_CURVE ( 'NONE', #1634, #2262, #26, .T. ) ;
#2681 = CARTESIAN_POINT ( 'NONE',  ( -27.95521450516769946, 110.6661102203529623, -137.1805912805933758 ) ) ;
#2682 = ORIENTED_EDGE ( 'NONE', *, *, #2307, .F. ) ;
#2683 = CARTESIAN_POINT ( 'NONE',  ( -49.56274458521270532, 32.00000000000000000, -168.4019435300256760 ) ) ;
#2684 = ORIENTED_EDGE ( 'NONE', *, *, #1648, .F. ) ;
#2685 = CARTESIAN_POINT ( 'NONE',  ( 0.000000000000000000, 32.00000000000000000, 0.000000000000000000 ) ) ;
#2686 = CARTESIAN_POINT ( 'NONE',  ( 121.0589888510678236, 32.00000000000000000, 127.1235676570872641 ) ) ;
#2687 = DIRECTION ( 'NONE',  ( 0.000000000000000000, 0.000000000000000000, 1.000000000000000000 ) ) ;
#2688 = CARTESIAN_POINT ( 'NONE',  ( 3.662443047493382675, 84.67925062278987980, 96.94779203443667370 ) ) ;
#2689 = AXIS2_PLACEMENT_3D ( 'NONE', #940, #2167, #298 ) ;
#2690 = VERTEX_POINT ( 'NONE', #441 ) ;
#2691 = DIRECTION ( 'NONE',  ( 0.000000000000000000, 0.000000000000000000, 1.000000000000000000 ) ) ;
#2692 = DIRECTION ( 'NONE',  ( 1.000000000000000000, 0.000000000000000000, 0.000000000000000000 ) ) ;
#2693 = CARTESIAN_POINT ( 'NONE',  ( 49.56274458521270532, 32.00000000000000000, -168.4019435300256760 ) ) ;
#2694 = CARTESIAN_POINT ( 'NONE',  ( 0.000000000000000000, 187.5000000000000000, 160.0000000000000000 ) ) ;
#2695 = ORIENTED_EDGE ( 'NONE', *, *, #1275, .T. ) ;
#2696 = LINE ( 'NONE', #2070, #853 ) ;
#2697 = ORIENTED_EDGE ( 'NONE', *, *, #920, .T. ) ;
#2698 = DIRECTION ( 'NONE',  ( 0.000000000000000000, -1.000000000000000000, 0.000000000000000000 ) ) ;
#2699 = CARTESIAN_POINT ( 'NONE',  ( -28.00000000000000000, 112.5000000000000000, 92.87087810503355456 ) ) ;
#2700 = ORIENTED_EDGE ( 'NONE', *, *, #1504, .F. ) ;
#2701 = AXIS2_PLACEMENT_3D ( 'NONE', #1487, #1649, #654 ) ;
#2702 = ORIENTED_EDGE ( 'NONE', *, *, #2547, .F. ) ;
#2703 = CARTESIAN_POINT ( 'NONE',  ( -52.95190528383271555, 74.99999999999967315, 160.0000000000000000 ) ) ;
#2704 = ADVANCED_FACE ( 'NONE', ( #1633 ), #599, .F. ) ;
#2705 = CARTESIAN_POINT ( 'NONE',  ( -36.27817041980583923, 19.25479943125655069, 135.2545116675416068 ) ) ;
#2706 = PRODUCT_RELATED_PRODUCT_CATEGORY ( 'part', '', ( #2250 ) ) ;
#2707 = CARTESIAN_POINT ( 'NONE',  ( 64.95190528383324136, 75.00000000000061107, 145.0000000000000284 ) ) ;
#2708 = AXIS2_PLACEMENT_3D ( 'NONE', #1875, #1591, #2436 ) ;
#2709 = CARTESIAN_POINT ( 'NONE',  ( 34.05303114586546087, 206.5270592059350463, 135.7978045256961082 ) ) ;
#2710 = CARTESIAN_POINT ( 'NONE',  ( -1.841454860259782667, 84.54516733339879409, 96.98693178121271785 ) ) ;
#2711 = EDGE_CURVE ( 'NONE', #2626, #109, #1115, .T. ) ;
#2712 = FACE_OUTER_BOUND ( 'NONE', #2322, .T. ) ;
#2713 = EDGE_CURVE ( 'NONE', #907, #635, #1902, .T. ) ;
#2714 = CARTESIAN_POINT ( 'NONE',  ( 27.05424807364939710, 105.2255048780380093, 93.15119863197118377 ) ) ;
#2715 = VERTEX_POINT ( 'NONE', #2341 ) ;
#2716 = VECTOR ( 'NONE', #4, 1000.000000000000000 ) ;
ENDSEC;
END-ISO-10303-21;
