ISO-10303-21;
HEADER;
/* Generated by software containing ST-Developer
 * from STEP Tools, Inc. (www.steptools.com) 
 */

FILE_DESCRIPTION(
/* description */ (''),
/* implementation_level */ '2;1');

FILE_NAME(
/* name */ 
'C:\\Users\\Sven\\Desktop\\Pumpengeh\X\E4use_Tender31\\Pumpengeh\X\E4u
se.stp',
/* time_stamp */ '2020-06-04T06:56:35+02:00',
/* author */ ('Sven'),
/* organization */ (''),
/* preprocessor_version */ 'ST-DEVELOPER v18',
/* originating_system */ 'Autodesk Inventor 2020',
/* authorisation */ '');

FILE_SCHEMA (('AUTOMOTIVE_DESIGN { 1 0 10303 214 3 1 1 }'));
ENDSEC;

DATA;
#10=MECHANICAL_DESIGN_GEOMETRIC_PRESENTATION_REPRESENTATION('',(#13),#3540);
#11=SHAPE_REPRESENTATION_RELATIONSHIP('SRR','None',#3547,#12);
#12=ADVANCED_BREP_SHAPE_REPRESENTATION('',(#14),#3539);
#13=STYLED_ITEM('',(#3556),#14);
#14=MANIFOLD_SOLID_BREP('Volumenk\X\F6rper1',#1924);
#15=TOROIDAL_SURFACE('',#2081,9.35001864591056,0.999999999999996);
#16=TOROIDAL_SURFACE('',#2096,10.400406367315,0.199999999999984);
#17=TOROIDAL_SURFACE('',#2101,10.400406367315,0.199999999999984);
#18=TOROIDAL_SURFACE('',#2118,9.35001864591056,0.999999999999997);
#19=ELLIPSE('',#2072,58.0288161156755,7.5);
#20=ELLIPSE('',#2073,58.0288161156755,7.5);
#21=B_SPLINE_CURVE_WITH_KNOTS('',3,(#3101,#3102,#3103,#3104,#3105,#3106),
 .UNSPECIFIED.,.F.,.F.,(4,2,4),(1.50976604222851,1.64774067918411,1.83116085021439),
 .UNSPECIFIED.);
#22=B_SPLINE_CURVE_WITH_KNOTS('',3,(#3108,#3109,#3110,#3111,#3112,#3113,
#3114,#3115),.UNSPECIFIED.,.F.,.F.,(4,2,2,4),(0.969106195374338,1.02402307264694,
1.42205128036738,1.45765224840584),.UNSPECIFIED.);
#23=B_SPLINE_CURVE_WITH_KNOTS('',3,(#3117,#3118,#3119,#3120,#3121,#3122,
#3123,#3124,#3125,#3126),.UNSPECIFIED.,.F.,.F.,(4,2,2,2,4),(2.1710054538523,
2.23738792865034,2.38866425826903,2.7522461470415,2.99492010697788),
 .UNSPECIFIED.);
#24=B_SPLINE_CURVE_WITH_KNOTS('',3,(#3128,#3129,#3130,#3131,#3132,#3133,
#3134,#3135,#3136,#3137,#3138,#3139,#3140,#3141,#3142),.UNSPECIFIED.,.F.,
 .F.,(4,2,2,3,2,2,4),(-0.620501554949772,-0.553598770122271,-0.276799385061135,
0.,0.276799385061136,0.553598770122272,0.620501553735968),.UNSPECIFIED.);
#25=B_SPLINE_CURVE_WITH_KNOTS('',3,(#3144,#3145,#3146,#3147,#3148,#3149,
#3150,#3151,#3152,#3153),.UNSPECIFIED.,.F.,.F.,(4,2,2,2,4),(0.120907928836088,
0.363581888772474,0.727163777544948,0.878440107163633,0.944822581961678),
 .UNSPECIFIED.);
#26=B_SPLINE_CURVE_WITH_KNOTS('',3,(#3155,#3156,#3157,#3158,#3159,#3160,
#3161,#3162),.UNSPECIFIED.,.F.,.F.,(4,2,2,4),(4.30660481835967,4.34220578639813,
4.74023399411857,4.79515087139117),.UNSPECIFIED.);
#27=B_SPLINE_CURVE_WITH_KNOTS('',3,(#3163,#3164,#3165,#3166,#3167,#3168),
 .UNSPECIFIED.,.F.,.F.,(4,2,4),(0.974359668835122,1.15777983986541,1.29575447682101),
 .UNSPECIFIED.);
#28=B_SPLINE_CURVE_WITH_KNOTS('',3,(#3177,#3178,#3179,#3180,#3181,#3182),
 .UNSPECIFIED.,.F.,.F.,(4,2,4),(1.47410154995342,1.61817917024648,1.77203255655409),
 .UNSPECIFIED.);
#29=B_SPLINE_CURVE_WITH_KNOTS('',3,(#3186,#3187,#3188,#3189,#3190,#3191),
 .UNSPECIFIED.,.F.,.F.,(4,2,4),(0.974003620862201,1.12785700716982,1.27193462746287),
 .UNSPECIFIED.);
#30=B_SPLINE_CURVE_WITH_KNOTS('',3,(#3215,#3216,#3217,#3218,#3219,#3220,
#3221,#3222),.UNSPECIFIED.,.F.,.F.,(4,2,2,4),(2.55857582366237,2.62618265845679,
2.90298204351792,3.17978142857906),.UNSPECIFIED.);
#31=B_SPLINE_CURVE_WITH_KNOTS('',3,(#3224,#3225,#3226,#3227,#3228,#3229,
#3230,#3231,#3232,#3233),.UNSPECIFIED.,.F.,.F.,(4,2,2,2,4),(0.11476588220859,
0.363653748498473,0.727307496996947,0.878617144772768,0.944517858290515),
 .UNSPECIFIED.);
#32=B_SPLINE_CURVE_WITH_KNOTS('',3,(#3236,#3237,#3238,#3239,#3240,#3241,
#3242,#3243),.UNSPECIFIED.,.F.,.F.,(4,2,2,4),(4.3865707951943,4.41828712358453,
4.81500070255824,4.95609481829933),.UNSPECIFIED.);
#33=B_SPLINE_CURVE_WITH_KNOTS('',3,(#3245,#3246,#3247,#3248,#3249,#3250,
#3251,#3252),.UNSPECIFIED.,.F.,.F.,(4,2,2,4),(0.971792403860341,1.11288651960144,
1.50960009857515,1.54131642696537),.UNSPECIFIED.);
#34=B_SPLINE_CURVE_WITH_KNOTS('',3,(#3256,#3257,#3258,#3259,#3260,#3261,
#3262,#3263,#3264,#3265),.UNSPECIFIED.,.F.,.F.,(4,2,2,2,4),(2.17201296114835,
2.23791367466609,2.38922332244192,2.75287707094039,3.00176493723027),
 .UNSPECIFIED.);
#35=B_SPLINE_CURVE_WITH_KNOTS('',3,(#3266,#3267,#3268,#3269,#3270,#3271,
#3272,#3273),.UNSPECIFIED.,.F.,.F.,(4,2,2,4),(3.17978142857906,3.4565808136402,
3.73338019870133,3.80098703349575),.UNSPECIFIED.);
#36=FACE_BOUND('',#250,.T.);
#37=FACE_BOUND('',#252,.T.);
#38=FACE_BOUND('',#256,.T.);
#39=FACE_BOUND('',#258,.T.);
#40=FACE_BOUND('',#259,.T.);
#41=FACE_BOUND('',#260,.T.);
#42=FACE_BOUND('',#261,.T.);
#43=FACE_BOUND('',#262,.T.);
#44=FACE_BOUND('',#263,.T.);
#45=FACE_BOUND('',#264,.T.);
#46=FACE_BOUND('',#265,.T.);
#47=FACE_BOUND('',#266,.T.);
#48=FACE_BOUND('',#280,.T.);
#49=FACE_BOUND('',#283,.T.);
#50=FACE_BOUND('',#288,.T.);
#51=FACE_BOUND('',#292,.T.);
#52=FACE_BOUND('',#308,.T.);
#53=FACE_BOUND('',#311,.T.);
#54=FACE_BOUND('',#314,.T.);
#55=FACE_BOUND('',#317,.T.);
#56=FACE_BOUND('',#321,.T.);
#57=FACE_BOUND('',#323,.T.);
#58=FACE_BOUND('',#324,.T.);
#59=FACE_BOUND('',#325,.T.);
#60=FACE_BOUND('',#326,.T.);
#61=FACE_BOUND('',#327,.T.);
#62=FACE_BOUND('',#335,.T.);
#63=FACE_BOUND('',#342,.T.);
#64=CONICAL_SURFACE('',#2028,9.475,0.785398163397448);
#65=CONICAL_SURFACE('',#2100,10.4701819949371,0.129583395183927);
#66=CONICAL_SURFACE('',#2122,10.4701819949371,0.129583395183927);
#67=PLANE('',#1950);
#68=PLANE('',#1960);
#69=PLANE('',#1964);
#70=PLANE('',#1968);
#71=PLANE('',#1978);
#72=PLANE('',#1985);
#73=PLANE('',#1992);
#74=PLANE('',#2002);
#75=PLANE('',#2006);
#76=PLANE('',#2007);
#77=PLANE('',#2017);
#78=PLANE('',#2027);
#79=PLANE('',#2035);
#80=PLANE('',#2037);
#81=PLANE('',#2046);
#82=PLANE('',#2047);
#83=PLANE('',#2054);
#84=PLANE('',#2067);
#85=PLANE('',#2076);
#86=PLANE('',#2079);
#87=PLANE('',#2087);
#88=PLANE('',#2093);
#89=PLANE('',#2107);
#90=PLANE('',#2114);
#91=PLANE('',#2115);
#92=PLANE('',#2123);
#93=PLANE('',#2136);
#94=PLANE('',#2140);
#95=PLANE('',#2141);
#96=PLANE('',#2145);
#97=PLANE('',#2146);
#98=PLANE('',#2152);
#99=PLANE('',#2159);
#100=PLANE('',#2166);
#101=PLANE('',#2173);
#102=PLANE('',#2183);
#103=PLANE('',#2184);
#104=PLANE('',#2190);
#105=PLANE('',#2197);
#106=PLANE('',#2205);
#107=FACE_OUTER_BOUND('',#211,.T.);
#108=FACE_OUTER_BOUND('',#212,.T.);
#109=FACE_OUTER_BOUND('',#213,.T.);
#110=FACE_OUTER_BOUND('',#214,.T.);
#111=FACE_OUTER_BOUND('',#215,.T.);
#112=FACE_OUTER_BOUND('',#216,.T.);
#113=FACE_OUTER_BOUND('',#217,.T.);
#114=FACE_OUTER_BOUND('',#218,.T.);
#115=FACE_OUTER_BOUND('',#219,.T.);
#116=FACE_OUTER_BOUND('',#220,.T.);
#117=FACE_OUTER_BOUND('',#221,.T.);
#118=FACE_OUTER_BOUND('',#222,.T.);
#119=FACE_OUTER_BOUND('',#223,.T.);
#120=FACE_OUTER_BOUND('',#224,.T.);
#121=FACE_OUTER_BOUND('',#225,.T.);
#122=FACE_OUTER_BOUND('',#226,.T.);
#123=FACE_OUTER_BOUND('',#227,.T.);
#124=FACE_OUTER_BOUND('',#228,.T.);
#125=FACE_OUTER_BOUND('',#229,.T.);
#126=FACE_OUTER_BOUND('',#230,.T.);
#127=FACE_OUTER_BOUND('',#231,.T.);
#128=FACE_OUTER_BOUND('',#232,.T.);
#129=FACE_OUTER_BOUND('',#233,.T.);
#130=FACE_OUTER_BOUND('',#234,.T.);
#131=FACE_OUTER_BOUND('',#235,.T.);
#132=FACE_OUTER_BOUND('',#236,.T.);
#133=FACE_OUTER_BOUND('',#237,.T.);
#134=FACE_OUTER_BOUND('',#238,.T.);
#135=FACE_OUTER_BOUND('',#239,.T.);
#136=FACE_OUTER_BOUND('',#240,.T.);
#137=FACE_OUTER_BOUND('',#241,.T.);
#138=FACE_OUTER_BOUND('',#242,.T.);
#139=FACE_OUTER_BOUND('',#243,.T.);
#140=FACE_OUTER_BOUND('',#244,.T.);
#141=FACE_OUTER_BOUND('',#245,.T.);
#142=FACE_OUTER_BOUND('',#246,.T.);
#143=FACE_OUTER_BOUND('',#247,.T.);
#144=FACE_OUTER_BOUND('',#248,.T.);
#145=FACE_OUTER_BOUND('',#249,.T.);
#146=FACE_OUTER_BOUND('',#251,.T.);
#147=FACE_OUTER_BOUND('',#253,.T.);
#148=FACE_OUTER_BOUND('',#254,.T.);
#149=FACE_OUTER_BOUND('',#255,.T.);
#150=FACE_OUTER_BOUND('',#257,.T.);
#151=FACE_OUTER_BOUND('',#267,.T.);
#152=FACE_OUTER_BOUND('',#268,.T.);
#153=FACE_OUTER_BOUND('',#269,.T.);
#154=FACE_OUTER_BOUND('',#270,.T.);
#155=FACE_OUTER_BOUND('',#271,.T.);
#156=FACE_OUTER_BOUND('',#272,.T.);
#157=FACE_OUTER_BOUND('',#273,.T.);
#158=FACE_OUTER_BOUND('',#274,.T.);
#159=FACE_OUTER_BOUND('',#275,.T.);
#160=FACE_OUTER_BOUND('',#276,.T.);
#161=FACE_OUTER_BOUND('',#277,.T.);
#162=FACE_OUTER_BOUND('',#278,.T.);
#163=FACE_OUTER_BOUND('',#279,.T.);
#164=FACE_OUTER_BOUND('',#281,.T.);
#165=FACE_OUTER_BOUND('',#282,.T.);
#166=FACE_OUTER_BOUND('',#284,.T.);
#167=FACE_OUTER_BOUND('',#285,.T.);
#168=FACE_OUTER_BOUND('',#286,.T.);
#169=FACE_OUTER_BOUND('',#287,.T.);
#170=FACE_OUTER_BOUND('',#289,.T.);
#171=FACE_OUTER_BOUND('',#290,.T.);
#172=FACE_OUTER_BOUND('',#291,.T.);
#173=FACE_OUTER_BOUND('',#293,.T.);
#174=FACE_OUTER_BOUND('',#294,.T.);
#175=FACE_OUTER_BOUND('',#295,.T.);
#176=FACE_OUTER_BOUND('',#296,.T.);
#177=FACE_OUTER_BOUND('',#297,.T.);
#178=FACE_OUTER_BOUND('',#298,.T.);
#179=FACE_OUTER_BOUND('',#299,.T.);
#180=FACE_OUTER_BOUND('',#300,.T.);
#181=FACE_OUTER_BOUND('',#301,.T.);
#182=FACE_OUTER_BOUND('',#302,.T.);
#183=FACE_OUTER_BOUND('',#303,.T.);
#184=FACE_OUTER_BOUND('',#304,.T.);
#185=FACE_OUTER_BOUND('',#305,.T.);
#186=FACE_OUTER_BOUND('',#306,.T.);
#187=FACE_OUTER_BOUND('',#307,.T.);
#188=FACE_OUTER_BOUND('',#309,.T.);
#189=FACE_OUTER_BOUND('',#310,.T.);
#190=FACE_OUTER_BOUND('',#312,.T.);
#191=FACE_OUTER_BOUND('',#313,.T.);
#192=FACE_OUTER_BOUND('',#315,.T.);
#193=FACE_OUTER_BOUND('',#316,.T.);
#194=FACE_OUTER_BOUND('',#318,.T.);
#195=FACE_OUTER_BOUND('',#319,.T.);
#196=FACE_OUTER_BOUND('',#320,.T.);
#197=FACE_OUTER_BOUND('',#322,.T.);
#198=FACE_OUTER_BOUND('',#328,.T.);
#199=FACE_OUTER_BOUND('',#329,.T.);
#200=FACE_OUTER_BOUND('',#330,.T.);
#201=FACE_OUTER_BOUND('',#331,.T.);
#202=FACE_OUTER_BOUND('',#332,.T.);
#203=FACE_OUTER_BOUND('',#333,.T.);
#204=FACE_OUTER_BOUND('',#334,.T.);
#205=FACE_OUTER_BOUND('',#336,.T.);
#206=FACE_OUTER_BOUND('',#337,.T.);
#207=FACE_OUTER_BOUND('',#338,.T.);
#208=FACE_OUTER_BOUND('',#339,.T.);
#209=FACE_OUTER_BOUND('',#340,.T.);
#210=FACE_OUTER_BOUND('',#341,.T.);
#211=EDGE_LOOP('',(#1197,#1198,#1199,#1200));
#212=EDGE_LOOP('',(#1201,#1202,#1203,#1204));
#213=EDGE_LOOP('',(#1205,#1206,#1207,#1208));
#214=EDGE_LOOP('',(#1209,#1210,#1211,#1212));
#215=EDGE_LOOP('',(#1213,#1214,#1215,#1216));
#216=EDGE_LOOP('',(#1217,#1218,#1219,#1220));
#217=EDGE_LOOP('',(#1221,#1222,#1223,#1224));
#218=EDGE_LOOP('',(#1225,#1226,#1227,#1228));
#219=EDGE_LOOP('',(#1229,#1230,#1231,#1232,#1233,#1234,#1235,#1236));
#220=EDGE_LOOP('',(#1237,#1238,#1239,#1240));
#221=EDGE_LOOP('',(#1241,#1242,#1243,#1244));
#222=EDGE_LOOP('',(#1245,#1246,#1247,#1248));
#223=EDGE_LOOP('',(#1249,#1250,#1251,#1252));
#224=EDGE_LOOP('',(#1253,#1254,#1255,#1256));
#225=EDGE_LOOP('',(#1257,#1258,#1259,#1260));
#226=EDGE_LOOP('',(#1261,#1262,#1263,#1264));
#227=EDGE_LOOP('',(#1265,#1266,#1267,#1268));
#228=EDGE_LOOP('',(#1269,#1270,#1271,#1272,#1273,#1274,#1275,#1276));
#229=EDGE_LOOP('',(#1277,#1278,#1279,#1280));
#230=EDGE_LOOP('',(#1281,#1282,#1283,#1284));
#231=EDGE_LOOP('',(#1285,#1286,#1287,#1288));
#232=EDGE_LOOP('',(#1289,#1290,#1291,#1292));
#233=EDGE_LOOP('',(#1293,#1294,#1295,#1296));
#234=EDGE_LOOP('',(#1297,#1298,#1299,#1300));
#235=EDGE_LOOP('',(#1301,#1302,#1303,#1304));
#236=EDGE_LOOP('',(#1305,#1306,#1307,#1308));
#237=EDGE_LOOP('',(#1309,#1310,#1311,#1312,#1313,#1314,#1315,#1316));
#238=EDGE_LOOP('',(#1317,#1318,#1319,#1320));
#239=EDGE_LOOP('',(#1321,#1322,#1323,#1324));
#240=EDGE_LOOP('',(#1325,#1326,#1327,#1328));
#241=EDGE_LOOP('',(#1329,#1330,#1331,#1332));
#242=EDGE_LOOP('',(#1333,#1334,#1335,#1336));
#243=EDGE_LOOP('',(#1337,#1338,#1339,#1340));
#244=EDGE_LOOP('',(#1341,#1342,#1343,#1344));
#245=EDGE_LOOP('',(#1345,#1346,#1347,#1348));
#246=EDGE_LOOP('',(#1349,#1350,#1351,#1352,#1353,#1354,#1355,#1356));
#247=EDGE_LOOP('',(#1357,#1358,#1359,#1360,#1361));
#248=EDGE_LOOP('',(#1362,#1363,#1364,#1365,#1366,#1367));
#249=EDGE_LOOP('',(#1368));
#250=EDGE_LOOP('',(#1369));
#251=EDGE_LOOP('',(#1370,#1371));
#252=EDGE_LOOP('',(#1372));
#253=EDGE_LOOP('',(#1373,#1374,#1375,#1376));
#254=EDGE_LOOP('',(#1377,#1378,#1379,#1380,#1381,#1382));
#255=EDGE_LOOP('',(#1383,#1384));
#256=EDGE_LOOP('',(#1385));
#257=EDGE_LOOP('',(#1386,#1387));
#258=EDGE_LOOP('',(#1388,#1389,#1390,#1391,#1392,#1393,#1394,#1395));
#259=EDGE_LOOP('',(#1396,#1397,#1398,#1399,#1400,#1401,#1402,#1403));
#260=EDGE_LOOP('',(#1404,#1405,#1406,#1407,#1408,#1409,#1410,#1411));
#261=EDGE_LOOP('',(#1412,#1413,#1414,#1415,#1416,#1417,#1418,#1419));
#262=EDGE_LOOP('',(#1420));
#263=EDGE_LOOP('',(#1421));
#264=EDGE_LOOP('',(#1422));
#265=EDGE_LOOP('',(#1423));
#266=EDGE_LOOP('',(#1424,#1425));
#267=EDGE_LOOP('',(#1426,#1427,#1428));
#268=EDGE_LOOP('',(#1429,#1430,#1431,#1432,#1433,#1434,#1435,#1436,#1437,
#1438,#1439,#1440,#1441));
#269=EDGE_LOOP('',(#1442,#1443,#1444,#1445,#1446,#1447,#1448,#1449,#1450,
#1451,#1452,#1453));
#270=EDGE_LOOP('',(#1454,#1455,#1456,#1457));
#271=EDGE_LOOP('',(#1458,#1459,#1460,#1461));
#272=EDGE_LOOP('',(#1462,#1463));
#273=EDGE_LOOP('',(#1464,#1465,#1466,#1467,#1468,#1469,#1470,#1471,#1472,
#1473,#1474,#1475,#1476,#1477,#1478));
#274=EDGE_LOOP('',(#1479,#1480,#1481,#1482));
#275=EDGE_LOOP('',(#1483,#1484,#1485,#1486));
#276=EDGE_LOOP('',(#1487,#1488,#1489,#1490));
#277=EDGE_LOOP('',(#1491,#1492));
#278=EDGE_LOOP('',(#1493,#1494,#1495,#1496,#1497,#1498));
#279=EDGE_LOOP('',(#1499,#1500));
#280=EDGE_LOOP('',(#1501,#1502));
#281=EDGE_LOOP('',(#1503,#1504,#1505,#1506,#1507,#1508,#1509));
#282=EDGE_LOOP('',(#1510,#1511));
#283=EDGE_LOOP('',(#1512,#1513));
#284=EDGE_LOOP('',(#1514,#1515,#1516,#1517,#1518,#1519));
#285=EDGE_LOOP('',(#1520,#1521,#1522,#1523,#1524,#1525));
#286=EDGE_LOOP('',(#1526,#1527,#1528,#1529,#1530,#1531));
#287=EDGE_LOOP('',(#1532,#1533));
#288=EDGE_LOOP('',(#1534,#1535));
#289=EDGE_LOOP('',(#1536,#1537,#1538,#1539,#1540,#1541,#1542));
#290=EDGE_LOOP('',(#1543,#1544));
#291=EDGE_LOOP('',(#1545,#1546));
#292=EDGE_LOOP('',(#1547,#1548));
#293=EDGE_LOOP('',(#1549,#1550,#1551,#1552,#1553,#1554));
#294=EDGE_LOOP('',(#1555,#1556,#1557,#1558,#1559,#1560));
#295=EDGE_LOOP('',(#1561,#1562,#1563,#1564,#1565,#1566,#1567));
#296=EDGE_LOOP('',(#1568,#1569,#1570,#1571));
#297=EDGE_LOOP('',(#1572,#1573,#1574,#1575,#1576,#1577,#1578,#1579,#1580,
#1581,#1582,#1583,#1584));
#298=EDGE_LOOP('',(#1585,#1586,#1587,#1588));
#299=EDGE_LOOP('',(#1589,#1590,#1591,#1592));
#300=EDGE_LOOP('',(#1593,#1594,#1595,#1596,#1597,#1598));
#301=EDGE_LOOP('',(#1599,#1600,#1601,#1602));
#302=EDGE_LOOP('',(#1603,#1604,#1605,#1606,#1607));
#303=EDGE_LOOP('',(#1608,#1609,#1610,#1611,#1612,#1613));
#304=EDGE_LOOP('',(#1614,#1615,#1616,#1617,#1618,#1619,#1620));
#305=EDGE_LOOP('',(#1621,#1622,#1623,#1624,#1625));
#306=EDGE_LOOP('',(#1626,#1627,#1628,#1629,#1630,#1631));
#307=EDGE_LOOP('',(#1632,#1633));
#308=EDGE_LOOP('',(#1634));
#309=EDGE_LOOP('',(#1635,#1636,#1637,#1638,#1639,#1640));
#310=EDGE_LOOP('',(#1641,#1642));
#311=EDGE_LOOP('',(#1643));
#312=EDGE_LOOP('',(#1644,#1645,#1646,#1647,#1648,#1649));
#313=EDGE_LOOP('',(#1650,#1651));
#314=EDGE_LOOP('',(#1652));
#315=EDGE_LOOP('',(#1653,#1654,#1655,#1656,#1657,#1658));
#316=EDGE_LOOP('',(#1659,#1660));
#317=EDGE_LOOP('',(#1661));
#318=EDGE_LOOP('',(#1662,#1663,#1664,#1665));
#319=EDGE_LOOP('',(#1666,#1667,#1668,#1669,#1670,#1671));
#320=EDGE_LOOP('',(#1672,#1673));
#321=EDGE_LOOP('',(#1674));
#322=EDGE_LOOP('',(#1675,#1676,#1677,#1678,#1679,#1680,#1681,#1682,#1683,
#1684,#1685));
#323=EDGE_LOOP('',(#1686,#1687));
#324=EDGE_LOOP('',(#1688,#1689));
#325=EDGE_LOOP('',(#1690,#1691));
#326=EDGE_LOOP('',(#1692,#1693));
#327=EDGE_LOOP('',(#1694,#1695));
#328=EDGE_LOOP('',(#1696,#1697,#1698,#1699,#1700,#1701,#1702,#1703,#1704));
#329=EDGE_LOOP('',(#1705,#1706,#1707,#1708));
#330=EDGE_LOOP('',(#1709,#1710,#1711,#1712));
#331=EDGE_LOOP('',(#1713,#1714,#1715,#1716));
#332=EDGE_LOOP('',(#1717,#1718,#1719,#1720));
#333=EDGE_LOOP('',(#1721,#1722,#1723,#1724));
#334=EDGE_LOOP('',(#1725,#1726,#1727,#1728,#1729,#1730,#1731));
#335=EDGE_LOOP('',(#1732,#1733));
#336=EDGE_LOOP('',(#1734,#1735,#1736,#1737));
#337=EDGE_LOOP('',(#1738,#1739,#1740,#1741));
#338=EDGE_LOOP('',(#1742,#1743,#1744,#1745));
#339=EDGE_LOOP('',(#1746,#1747,#1748,#1749));
#340=EDGE_LOOP('',(#1750,#1751,#1752,#1753,#1754));
#341=EDGE_LOOP('',(#1755));
#342=EDGE_LOOP('',(#1756,#1757,#1758,#1759,#1760,#1761,#1762));
#343=LINE('',#2848,#453);
#344=LINE('',#2851,#454);
#345=LINE('',#2856,#455);
#346=LINE('',#2860,#456);
#347=LINE('',#2862,#457);
#348=LINE('',#2863,#458);
#349=LINE('',#2868,#459);
#350=LINE('',#2874,#460);
#351=LINE('',#2880,#461);
#352=LINE('',#2884,#462);
#353=LINE('',#2886,#463);
#354=LINE('',#2887,#464);
#355=LINE('',#2897,#465);
#356=LINE('',#2900,#466);
#357=LINE('',#2903,#467);
#358=LINE('',#2905,#468);
#359=LINE('',#2906,#469);
#360=LINE('',#2911,#470);
#361=LINE('',#2917,#471);
#362=LINE('',#2923,#472);
#363=LINE('',#2927,#473);
#364=LINE('',#2929,#474);
#365=LINE('',#2930,#475);
#366=LINE('',#2935,#476);
#367=LINE('',#2946,#477);
#368=LINE('',#2949,#478);
#369=LINE('',#2954,#479);
#370=LINE('',#2958,#480);
#371=LINE('',#2960,#481);
#372=LINE('',#2961,#482);
#373=LINE('',#2966,#483);
#374=LINE('',#2972,#484);
#375=LINE('',#2978,#485);
#376=LINE('',#2982,#486);
#377=LINE('',#2984,#487);
#378=LINE('',#2985,#488);
#379=LINE('',#2993,#489);
#380=LINE('',#2995,#490);
#381=LINE('',#2997,#491);
#382=LINE('',#2998,#492);
#383=LINE('',#3003,#493);
#384=LINE('',#3009,#494);
#385=LINE('',#3015,#495);
#386=LINE('',#3019,#496);
#387=LINE('',#3021,#497);
#388=LINE('',#3022,#498);
#389=LINE('',#3027,#499);
#390=LINE('',#3033,#500);
#391=LINE('',#3043,#501);
#392=LINE('',#3049,#502);
#393=LINE('',#3061,#503);
#394=LINE('',#3069,#504);
#395=LINE('',#3090,#505);
#396=LINE('',#3099,#506);
#397=LINE('',#3171,#507);
#398=LINE('',#3175,#508);
#399=LINE('',#3184,#509);
#400=LINE('',#3193,#510);
#401=LINE('',#3196,#511);
#402=LINE('',#3199,#512);
#403=LINE('',#3203,#513);
#404=LINE('',#3213,#514);
#405=LINE('',#3276,#515);
#406=LINE('',#3280,#516);
#407=LINE('',#3281,#517);
#408=LINE('',#3284,#518);
#409=LINE('',#3289,#519);
#410=LINE('',#3308,#520);
#411=LINE('',#3323,#521);
#412=LINE('',#3345,#522);
#413=LINE('',#3348,#523);
#414=LINE('',#3361,#524);
#415=LINE('',#3364,#525);
#416=LINE('',#3366,#526);
#417=LINE('',#3368,#527);
#418=LINE('',#3370,#528);
#419=LINE('',#3371,#529);
#420=LINE('',#3377,#530);
#421=LINE('',#3380,#531);
#422=LINE('',#3385,#532);
#423=LINE('',#3389,#533);
#424=LINE('',#3393,#534);
#425=LINE('',#3399,#535);
#426=LINE('',#3403,#536);
#427=LINE('',#3405,#537);
#428=LINE('',#3406,#538);
#429=LINE('',#3412,#539);
#430=LINE('',#3414,#540);
#431=LINE('',#3415,#541);
#432=LINE('',#3422,#542);
#433=LINE('',#3423,#543);
#434=LINE('',#3425,#544);
#435=LINE('',#3426,#545);
#436=LINE('',#3434,#546);
#437=LINE('',#3447,#547);
#438=LINE('',#3460,#548);
#439=LINE('',#3473,#549);
#440=LINE('',#3484,#550);
#441=LINE('',#3492,#551);
#442=LINE('',#3500,#552);
#443=LINE('',#3503,#553);
#444=LINE('',#3507,#554);
#445=LINE('',#3511,#555);
#446=LINE('',#3512,#556);
#447=LINE('',#3518,#557);
#448=LINE('',#3527,#558);
#449=LINE('',#3529,#559);
#450=LINE('',#3531,#560);
#451=LINE('',#3533,#561);
#452=LINE('',#3535,#562);
#453=VECTOR('',#2212,10.);
#454=VECTOR('',#2215,10.);
#455=VECTOR('',#2220,10.);
#456=VECTOR('',#2225,10.);
#457=VECTOR('',#2226,10.);
#458=VECTOR('',#2227,10.);
#459=VECTOR('',#2232,10.);
#460=VECTOR('',#2239,10.);
#461=VECTOR('',#2246,10.);
#462=VECTOR('',#2251,10.);
#463=VECTOR('',#2252,10.);
#464=VECTOR('',#2253,10.);
#465=VECTOR('',#2266,10.);
#466=VECTOR('',#2269,10.);
#467=VECTOR('',#2272,10.);
#468=VECTOR('',#2273,10.);
#469=VECTOR('',#2274,10.);
#470=VECTOR('',#2279,10.);
#471=VECTOR('',#2286,10.);
#472=VECTOR('',#2293,10.);
#473=VECTOR('',#2298,10.);
#474=VECTOR('',#2299,10.);
#475=VECTOR('',#2300,10.);
#476=VECTOR('',#2305,10.);
#477=VECTOR('',#2320,10.);
#478=VECTOR('',#2323,10.);
#479=VECTOR('',#2328,10.);
#480=VECTOR('',#2333,10.);
#481=VECTOR('',#2334,10.);
#482=VECTOR('',#2335,10.);
#483=VECTOR('',#2340,10.);
#484=VECTOR('',#2347,10.);
#485=VECTOR('',#2354,10.);
#486=VECTOR('',#2359,10.);
#487=VECTOR('',#2360,10.);
#488=VECTOR('',#2361,10.);
#489=VECTOR('',#2372,10.);
#490=VECTOR('',#2373,10.);
#491=VECTOR('',#2374,10.);
#492=VECTOR('',#2375,10.);
#493=VECTOR('',#2380,10.);
#494=VECTOR('',#2387,10.);
#495=VECTOR('',#2394,10.);
#496=VECTOR('',#2399,10.);
#497=VECTOR('',#2400,10.);
#498=VECTOR('',#2401,10.);
#499=VECTOR('',#2406,10.);
#500=VECTOR('',#2413,10.);
#501=VECTOR('',#2428,9.475);
#502=VECTOR('',#2435,8.975);
#503=VECTOR('',#2450,12.7);
#504=VECTOR('',#2459,25.75);
#505=VECTOR('',#2482,10.);
#506=VECTOR('',#2493,7.5);
#507=VECTOR('',#2496,10.);
#508=VECTOR('',#2499,10.);
#509=VECTOR('',#2500,10.);
#510=VECTOR('',#2501,10.);
#511=VECTOR('',#2504,10.);
#512=VECTOR('',#2507,10.);
#513=VECTOR('',#2512,10.);
#514=VECTOR('',#2525,7.5);
#515=VECTOR('',#2532,10.);
#516=VECTOR('',#2537,10.);
#517=VECTOR('',#2538,10.);
#518=VECTOR('',#2541,10.);
#519=VECTOR('',#2546,10.);
#520=VECTOR('',#2569,10.2281601054306);
#521=VECTOR('',#2590,10.4701819949371);
#522=VECTOR('',#2615,10.2281601054306);
#523=VECTOR('',#2620,10.);
#524=VECTOR('',#2637,10.4701819949371);
#525=VECTOR('',#2640,10.);
#526=VECTOR('',#2641,10.);
#527=VECTOR('',#2642,10.);
#528=VECTOR('',#2643,10.);
#529=VECTOR('',#2644,10.);
#530=VECTOR('',#2649,10.);
#531=VECTOR('',#2652,10.);
#532=VECTOR('',#2659,38.4);
#533=VECTOR('',#2662,10.);
#534=VECTOR('',#2665,10.);
#535=VECTOR('',#2672,10.);
#536=VECTOR('',#2677,10.);
#537=VECTOR('',#2678,10.);
#538=VECTOR('',#2679,10.);
#539=VECTOR('',#2686,10.);
#540=VECTOR('',#2689,10.);
#541=VECTOR('',#2690,10.);
#542=VECTOR('',#2699,10.);
#543=VECTOR('',#2700,10.);
#544=VECTOR('',#2703,10.);
#545=VECTOR('',#2704,10.);
#546=VECTOR('',#2713,4.05);
#547=VECTOR('',#2728,4.05);
#548=VECTOR('',#2743,4.05);
#549=VECTOR('',#2758,4.05);
#550=VECTOR('',#2771,26.7);
#551=VECTOR('',#2780,28.95);
#552=VECTOR('',#2791,10.);
#553=VECTOR('',#2794,10.);
#554=VECTOR('',#2799,10.);
#555=VECTOR('',#2804,10.);
#556=VECTOR('',#2805,10.);
#557=VECTOR('',#2814,10.);
#558=VECTOR('',#2827,2.75);
#559=VECTOR('',#2830,2.75);
#560=VECTOR('',#2833,2.75);
#561=VECTOR('',#2836,2.75);
#562=VECTOR('',#2839,5.1);
#563=CIRCLE('',#1945,28.25);
#564=CIRCLE('',#1946,28.25);
#565=CIRCLE('',#1948,2.00000000000001);
#566=CIRCLE('',#1949,2.00000000000001);
#567=CIRCLE('',#1952,2.);
#568=CIRCLE('',#1953,2.);
#569=CIRCLE('',#1955,36.);
#570=CIRCLE('',#1956,36.);
#571=CIRCLE('',#1958,2.);
#572=CIRCLE('',#1959,2.);
#573=CIRCLE('',#1962,2.);
#574=CIRCLE('',#1963,2.);
#575=CIRCLE('',#1966,2.00000000000001);
#576=CIRCLE('',#1967,2.00000000000001);
#577=CIRCLE('',#1970,2.);
#578=CIRCLE('',#1971,2.);
#579=CIRCLE('',#1973,36.);
#580=CIRCLE('',#1974,36.);
#581=CIRCLE('',#1976,2.);
#582=CIRCLE('',#1977,2.);
#583=CIRCLE('',#1980,2.00000000000001);
#584=CIRCLE('',#1981,2.00000000000001);
#585=CIRCLE('',#1983,28.25);
#586=CIRCLE('',#1984,28.25);
#587=CIRCLE('',#1987,36.);
#588=CIRCLE('',#1988,36.);
#589=CIRCLE('',#1990,2.);
#590=CIRCLE('',#1991,2.);
#591=CIRCLE('',#1994,2.);
#592=CIRCLE('',#1995,2.);
#593=CIRCLE('',#1997,28.25);
#594=CIRCLE('',#1998,28.25);
#595=CIRCLE('',#2000,2.00000000000001);
#596=CIRCLE('',#2001,2.00000000000001);
#597=CIRCLE('',#2004,2.);
#598=CIRCLE('',#2005,2.);
#599=CIRCLE('',#2009,2.);
#600=CIRCLE('',#2010,2.);
#601=CIRCLE('',#2012,28.25);
#602=CIRCLE('',#2013,28.25);
#603=CIRCLE('',#2015,2.00000000000001);
#604=CIRCLE('',#2016,2.00000000000001);
#605=CIRCLE('',#2019,2.);
#606=CIRCLE('',#2020,2.);
#607=CIRCLE('',#2022,36.);
#608=CIRCLE('',#2023,36.);
#609=CIRCLE('',#2025,2.);
#610=CIRCLE('',#2026,2.);
#611=CIRCLE('',#2029,9.975);
#612=CIRCLE('',#2030,8.975);
#613=CIRCLE('',#2031,8.975);
#614=CIRCLE('',#2033,8.975);
#615=CIRCLE('',#2034,8.975);
#616=CIRCLE('',#2036,12.7);
#617=CIRCLE('',#2038,5.1);
#618=CIRCLE('',#2040,12.7);
#619=CIRCLE('',#2042,25.75);
#620=CIRCLE('',#2043,25.75);
#621=CIRCLE('',#2044,25.75);
#622=CIRCLE('',#2045,25.75);
#623=CIRCLE('',#2048,38.4);
#624=CIRCLE('',#2049,38.4);
#625=CIRCLE('',#2050,2.75);
#626=CIRCLE('',#2051,2.75);
#627=CIRCLE('',#2052,2.75);
#628=CIRCLE('',#2053,2.75);
#629=CIRCLE('',#2055,7.5);
#630=CIRCLE('',#2056,7.5);
#631=CIRCLE('',#2058,7.5);
#632=CIRCLE('',#2059,7.5);
#633=CIRCLE('',#2061,25.1849999999982);
#634=CIRCLE('',#2062,25.1849999999982);
#635=CIRCLE('',#2064,20.);
#636=CIRCLE('',#2066,8.99999999999996);
#637=CIRCLE('',#2068,7.5);
#638=CIRCLE('',#2070,7.5);
#639=CIRCLE('',#2071,7.5);
#640=CIRCLE('',#2075,20.);
#641=CIRCLE('',#2078,8.99999999999998);
#642=CIRCLE('',#2080,10.2281601054306);
#643=CIRCLE('',#2082,9.35001864591056);
#644=CIRCLE('',#2083,9.35001864591056);
#645=CIRCLE('',#2084,0.999999999999996);
#646=CIRCLE('',#2085,10.3416344597844);
#647=CIRCLE('',#2086,10.3416344597844);
#648=CIRCLE('',#2089,10.2281601054306);
#649=CIRCLE('',#2090,10.2281601054306);
#650=CIRCLE('',#2091,10.2281601054306);
#651=CIRCLE('',#2092,10.2281601054306);
#652=CIRCLE('',#2094,10.400406367315);
#653=CIRCLE('',#2095,10.400406367315);
#654=CIRCLE('',#2097,10.5987295300898);
#655=CIRCLE('',#2098,10.5987295300898);
#656=CIRCLE('',#2099,0.199999999999984);
#657=CIRCLE('',#2102,10.400406367315);
#658=CIRCLE('',#2103,10.400406367315);
#659=CIRCLE('',#2104,0.199999999999984);
#660=CIRCLE('',#2105,10.5987295300898);
#661=CIRCLE('',#2106,10.5987295300898);
#662=CIRCLE('',#2108,10.2281601054306);
#663=CIRCLE('',#2109,10.2281601054306);
#664=CIRCLE('',#2111,10.2281601054306);
#665=CIRCLE('',#2112,10.2281601054306);
#666=CIRCLE('',#2113,10.2281601054306);
#667=CIRCLE('',#2116,9.35001864591056);
#668=CIRCLE('',#2117,9.35001864591056);
#669=CIRCLE('',#2119,10.3416344597844);
#670=CIRCLE('',#2120,10.3416344597844);
#671=CIRCLE('',#2121,0.999999999999997);
#672=CIRCLE('',#2125,20.);
#673=CIRCLE('',#2126,20.);
#674=CIRCLE('',#2128,38.4);
#675=CIRCLE('',#2129,38.4);
#676=CIRCLE('',#2130,38.4);
#677=CIRCLE('',#2131,38.4);
#678=CIRCLE('',#2132,38.4);
#679=CIRCLE('',#2134,20.);
#680=CIRCLE('',#2135,20.);
#681=CIRCLE('',#2138,0.999999999999992);
#682=CIRCLE('',#2139,0.999999999999992);
#683=CIRCLE('',#2143,0.999999999999992);
#684=CIRCLE('',#2144,0.999999999999992);
#685=CIRCLE('',#2148,4.05);
#686=CIRCLE('',#2149,4.05);
#687=CIRCLE('',#2150,4.05);
#688=CIRCLE('',#2151,4.05);
#689=CIRCLE('',#2153,2.75);
#690=CIRCLE('',#2155,4.05);
#691=CIRCLE('',#2156,4.05);
#692=CIRCLE('',#2157,4.05);
#693=CIRCLE('',#2158,4.05);
#694=CIRCLE('',#2160,2.75);
#695=CIRCLE('',#2162,4.05);
#696=CIRCLE('',#2163,4.05);
#697=CIRCLE('',#2164,4.05);
#698=CIRCLE('',#2165,4.05);
#699=CIRCLE('',#2167,2.75);
#700=CIRCLE('',#2169,4.05);
#701=CIRCLE('',#2170,4.05);
#702=CIRCLE('',#2171,4.05);
#703=CIRCLE('',#2172,4.05);
#704=CIRCLE('',#2174,2.75);
#705=CIRCLE('',#2176,26.7);
#706=CIRCLE('',#2177,26.7);
#707=CIRCLE('',#2179,28.95);
#708=CIRCLE('',#2180,28.95);
#709=CIRCLE('',#2181,28.95);
#710=CIRCLE('',#2182,28.95);
#711=CIRCLE('',#2186,25.1850000000004);
#712=CIRCLE('',#2187,25.1850000000004);
#713=CIRCLE('',#2189,8.99999999999998);
#714=CIRCLE('',#2192,20.);
#715=CIRCLE('',#2194,20.);
#716=CIRCLE('',#2196,8.99999999999996);
#717=CIRCLE('',#2198,5.1);
#718=CIRCLE('',#2199,5.1);
#719=VERTEX_POINT('',#2844);
#720=VERTEX_POINT('',#2845);
#721=VERTEX_POINT('',#2847);
#722=VERTEX_POINT('',#2849);
#723=VERTEX_POINT('',#2853);
#724=VERTEX_POINT('',#2855);
#725=VERTEX_POINT('',#2859);
#726=VERTEX_POINT('',#2861);
#727=VERTEX_POINT('',#2865);
#728=VERTEX_POINT('',#2867);
#729=VERTEX_POINT('',#2871);
#730=VERTEX_POINT('',#2873);
#731=VERTEX_POINT('',#2877);
#732=VERTEX_POINT('',#2879);
#733=VERTEX_POINT('',#2883);
#734=VERTEX_POINT('',#2885);
#735=VERTEX_POINT('',#2893);
#736=VERTEX_POINT('',#2894);
#737=VERTEX_POINT('',#2896);
#738=VERTEX_POINT('',#2898);
#739=VERTEX_POINT('',#2902);
#740=VERTEX_POINT('',#2904);
#741=VERTEX_POINT('',#2908);
#742=VERTEX_POINT('',#2910);
#743=VERTEX_POINT('',#2914);
#744=VERTEX_POINT('',#2916);
#745=VERTEX_POINT('',#2920);
#746=VERTEX_POINT('',#2922);
#747=VERTEX_POINT('',#2926);
#748=VERTEX_POINT('',#2928);
#749=VERTEX_POINT('',#2932);
#750=VERTEX_POINT('',#2934);
#751=VERTEX_POINT('',#2942);
#752=VERTEX_POINT('',#2943);
#753=VERTEX_POINT('',#2945);
#754=VERTEX_POINT('',#2947);
#755=VERTEX_POINT('',#2951);
#756=VERTEX_POINT('',#2953);
#757=VERTEX_POINT('',#2957);
#758=VERTEX_POINT('',#2959);
#759=VERTEX_POINT('',#2963);
#760=VERTEX_POINT('',#2965);
#761=VERTEX_POINT('',#2969);
#762=VERTEX_POINT('',#2971);
#763=VERTEX_POINT('',#2975);
#764=VERTEX_POINT('',#2977);
#765=VERTEX_POINT('',#2981);
#766=VERTEX_POINT('',#2983);
#767=VERTEX_POINT('',#2991);
#768=VERTEX_POINT('',#2992);
#769=VERTEX_POINT('',#2994);
#770=VERTEX_POINT('',#2996);
#771=VERTEX_POINT('',#3000);
#772=VERTEX_POINT('',#3002);
#773=VERTEX_POINT('',#3006);
#774=VERTEX_POINT('',#3008);
#775=VERTEX_POINT('',#3012);
#776=VERTEX_POINT('',#3014);
#777=VERTEX_POINT('',#3018);
#778=VERTEX_POINT('',#3020);
#779=VERTEX_POINT('',#3024);
#780=VERTEX_POINT('',#3026);
#781=VERTEX_POINT('',#3030);
#782=VERTEX_POINT('',#3032);
#783=VERTEX_POINT('',#3040);
#784=VERTEX_POINT('',#3042);
#785=VERTEX_POINT('',#3044);
#786=VERTEX_POINT('',#3048);
#787=VERTEX_POINT('',#3050);
#788=VERTEX_POINT('',#3054);
#789=VERTEX_POINT('',#3057);
#790=VERTEX_POINT('',#3060);
#791=VERTEX_POINT('',#3064);
#792=VERTEX_POINT('',#3065);
#793=VERTEX_POINT('',#3068);
#794=VERTEX_POINT('',#3070);
#795=VERTEX_POINT('',#3075);
#796=VERTEX_POINT('',#3076);
#797=VERTEX_POINT('',#3079);
#798=VERTEX_POINT('',#3081);
#799=VERTEX_POINT('',#3083);
#800=VERTEX_POINT('',#3085);
#801=VERTEX_POINT('',#3088);
#802=VERTEX_POINT('',#3089);
#803=VERTEX_POINT('',#3091);
#804=VERTEX_POINT('',#3095);
#805=VERTEX_POINT('',#3096);
#806=VERTEX_POINT('',#3100);
#807=VERTEX_POINT('',#3107);
#808=VERTEX_POINT('',#3116);
#809=VERTEX_POINT('',#3127);
#810=VERTEX_POINT('',#3143);
#811=VERTEX_POINT('',#3154);
#812=VERTEX_POINT('',#3170);
#813=VERTEX_POINT('',#3172);
#814=VERTEX_POINT('',#3174);
#815=VERTEX_POINT('',#3176);
#816=VERTEX_POINT('',#3183);
#817=VERTEX_POINT('',#3185);
#818=VERTEX_POINT('',#3192);
#819=VERTEX_POINT('',#3194);
#820=VERTEX_POINT('',#3198);
#821=VERTEX_POINT('',#3202);
#822=VERTEX_POINT('',#3208);
#823=VERTEX_POINT('',#3209);
#824=VERTEX_POINT('',#3212);
#825=VERTEX_POINT('',#3214);
#826=VERTEX_POINT('',#3223);
#827=VERTEX_POINT('',#3234);
#828=VERTEX_POINT('',#3244);
#829=VERTEX_POINT('',#3253);
#830=VERTEX_POINT('',#3255);
#831=VERTEX_POINT('',#3275);
#832=VERTEX_POINT('',#3279);
#833=VERTEX_POINT('',#3283);
#834=VERTEX_POINT('',#3287);
#835=VERTEX_POINT('',#3288);
#836=VERTEX_POINT('',#3292);
#837=VERTEX_POINT('',#3293);
#838=VERTEX_POINT('',#3296);
#839=VERTEX_POINT('',#3298);
#840=VERTEX_POINT('',#3303);
#841=VERTEX_POINT('',#3304);
#842=VERTEX_POINT('',#3307);
#843=VERTEX_POINT('',#3312);
#844=VERTEX_POINT('',#3313);
#845=VERTEX_POINT('',#3317);
#846=VERTEX_POINT('',#3318);
#847=VERTEX_POINT('',#3325);
#848=VERTEX_POINT('',#3326);
#849=VERTEX_POINT('',#3329);
#850=VERTEX_POINT('',#3331);
#851=VERTEX_POINT('',#3335);
#852=VERTEX_POINT('',#3336);
#853=VERTEX_POINT('',#3340);
#854=VERTEX_POINT('',#3341);
#855=VERTEX_POINT('',#3343);
#856=VERTEX_POINT('',#3350);
#857=VERTEX_POINT('',#3351);
#858=VERTEX_POINT('',#3355);
#859=VERTEX_POINT('',#3356);
#860=VERTEX_POINT('',#3363);
#861=VERTEX_POINT('',#3365);
#862=VERTEX_POINT('',#3367);
#863=VERTEX_POINT('',#3369);
#864=VERTEX_POINT('',#3373);
#865=VERTEX_POINT('',#3374);
#866=VERTEX_POINT('',#3376);
#867=VERTEX_POINT('',#3378);
#868=VERTEX_POINT('',#3383);
#869=VERTEX_POINT('',#3386);
#870=VERTEX_POINT('',#3388);
#871=VERTEX_POINT('',#3390);
#872=VERTEX_POINT('',#3392);
#873=VERTEX_POINT('',#3396);
#874=VERTEX_POINT('',#3398);
#875=VERTEX_POINT('',#3402);
#876=VERTEX_POINT('',#3404);
#877=VERTEX_POINT('',#3408);
#878=VERTEX_POINT('',#3410);
#879=VERTEX_POINT('',#3418);
#880=VERTEX_POINT('',#3420);
#881=VERTEX_POINT('',#3429);
#882=VERTEX_POINT('',#3430);
#883=VERTEX_POINT('',#3433);
#884=VERTEX_POINT('',#3435);
#885=VERTEX_POINT('',#3439);
#886=VERTEX_POINT('',#3442);
#887=VERTEX_POINT('',#3443);
#888=VERTEX_POINT('',#3446);
#889=VERTEX_POINT('',#3448);
#890=VERTEX_POINT('',#3452);
#891=VERTEX_POINT('',#3455);
#892=VERTEX_POINT('',#3456);
#893=VERTEX_POINT('',#3459);
#894=VERTEX_POINT('',#3461);
#895=VERTEX_POINT('',#3465);
#896=VERTEX_POINT('',#3468);
#897=VERTEX_POINT('',#3469);
#898=VERTEX_POINT('',#3472);
#899=VERTEX_POINT('',#3474);
#900=VERTEX_POINT('',#3478);
#901=VERTEX_POINT('',#3481);
#902=VERTEX_POINT('',#3483);
#903=VERTEX_POINT('',#3487);
#904=VERTEX_POINT('',#3488);
#905=VERTEX_POINT('',#3491);
#906=VERTEX_POINT('',#3493);
#907=VERTEX_POINT('',#3499);
#908=VERTEX_POINT('',#3502);
#909=VERTEX_POINT('',#3506);
#910=VERTEX_POINT('',#3510);
#911=VERTEX_POINT('',#3516);
#912=VERTEX_POINT('',#3522);
#913=VERTEX_POINT('',#3523);
#914=EDGE_CURVE('',#719,#720,#563,.T.);
#915=EDGE_CURVE('',#719,#721,#343,.T.);
#916=EDGE_CURVE('',#721,#722,#564,.T.);
#917=EDGE_CURVE('',#720,#722,#344,.T.);
#918=EDGE_CURVE('',#723,#719,#565,.T.);
#919=EDGE_CURVE('',#723,#724,#345,.T.);
#920=EDGE_CURVE('',#724,#721,#566,.T.);
#921=EDGE_CURVE('',#725,#723,#346,.T.);
#922=EDGE_CURVE('',#725,#726,#347,.T.);
#923=EDGE_CURVE('',#726,#724,#348,.T.);
#924=EDGE_CURVE('',#727,#725,#567,.T.);
#925=EDGE_CURVE('',#727,#728,#349,.T.);
#926=EDGE_CURVE('',#728,#726,#568,.T.);
#927=EDGE_CURVE('',#729,#727,#569,.T.);
#928=EDGE_CURVE('',#729,#730,#350,.T.);
#929=EDGE_CURVE('',#730,#728,#570,.T.);
#930=EDGE_CURVE('',#731,#729,#571,.T.);
#931=EDGE_CURVE('',#731,#732,#351,.T.);
#932=EDGE_CURVE('',#732,#730,#572,.T.);
#933=EDGE_CURVE('',#733,#731,#352,.T.);
#934=EDGE_CURVE('',#733,#734,#353,.T.);
#935=EDGE_CURVE('',#734,#732,#354,.T.);
#936=EDGE_CURVE('',#720,#733,#573,.T.);
#937=EDGE_CURVE('',#722,#734,#574,.T.);
#938=EDGE_CURVE('',#735,#736,#575,.T.);
#939=EDGE_CURVE('',#735,#737,#355,.T.);
#940=EDGE_CURVE('',#737,#738,#576,.T.);
#941=EDGE_CURVE('',#736,#738,#356,.T.);
#942=EDGE_CURVE('',#739,#735,#357,.T.);
#943=EDGE_CURVE('',#739,#740,#358,.T.);
#944=EDGE_CURVE('',#740,#737,#359,.T.);
#945=EDGE_CURVE('',#741,#739,#577,.T.);
#946=EDGE_CURVE('',#741,#742,#360,.T.);
#947=EDGE_CURVE('',#742,#740,#578,.T.);
#948=EDGE_CURVE('',#743,#741,#579,.T.);
#949=EDGE_CURVE('',#743,#744,#361,.T.);
#950=EDGE_CURVE('',#744,#742,#580,.T.);
#951=EDGE_CURVE('',#745,#743,#581,.T.);
#952=EDGE_CURVE('',#745,#746,#362,.T.);
#953=EDGE_CURVE('',#746,#744,#582,.T.);
#954=EDGE_CURVE('',#747,#745,#363,.T.);
#955=EDGE_CURVE('',#747,#748,#364,.T.);
#956=EDGE_CURVE('',#748,#746,#365,.T.);
#957=EDGE_CURVE('',#749,#747,#583,.T.);
#958=EDGE_CURVE('',#749,#750,#366,.T.);
#959=EDGE_CURVE('',#750,#748,#584,.T.);
#960=EDGE_CURVE('',#736,#749,#585,.T.);
#961=EDGE_CURVE('',#738,#750,#586,.T.);
#962=EDGE_CURVE('',#751,#752,#587,.T.);
#963=EDGE_CURVE('',#751,#753,#367,.T.);
#964=EDGE_CURVE('',#753,#754,#588,.T.);
#965=EDGE_CURVE('',#752,#754,#368,.T.);
#966=EDGE_CURVE('',#755,#751,#589,.T.);
#967=EDGE_CURVE('',#755,#756,#369,.T.);
#968=EDGE_CURVE('',#756,#753,#590,.T.);
#969=EDGE_CURVE('',#757,#755,#370,.T.);
#970=EDGE_CURVE('',#757,#758,#371,.T.);
#971=EDGE_CURVE('',#758,#756,#372,.T.);
#972=EDGE_CURVE('',#759,#757,#591,.T.);
#973=EDGE_CURVE('',#759,#760,#373,.T.);
#974=EDGE_CURVE('',#760,#758,#592,.T.);
#975=EDGE_CURVE('',#761,#759,#593,.T.);
#976=EDGE_CURVE('',#761,#762,#374,.T.);
#977=EDGE_CURVE('',#762,#760,#594,.T.);
#978=EDGE_CURVE('',#763,#761,#595,.T.);
#979=EDGE_CURVE('',#763,#764,#375,.T.);
#980=EDGE_CURVE('',#764,#762,#596,.T.);
#981=EDGE_CURVE('',#765,#763,#376,.T.);
#982=EDGE_CURVE('',#765,#766,#377,.T.);
#983=EDGE_CURVE('',#766,#764,#378,.T.);
#984=EDGE_CURVE('',#752,#765,#597,.T.);
#985=EDGE_CURVE('',#754,#766,#598,.T.);
#986=EDGE_CURVE('',#767,#768,#379,.T.);
#987=EDGE_CURVE('',#767,#769,#380,.T.);
#988=EDGE_CURVE('',#769,#770,#381,.T.);
#989=EDGE_CURVE('',#768,#770,#382,.T.);
#990=EDGE_CURVE('',#771,#767,#599,.T.);
#991=EDGE_CURVE('',#771,#772,#383,.T.);
#992=EDGE_CURVE('',#772,#769,#600,.T.);
#993=EDGE_CURVE('',#773,#771,#601,.T.);
#994=EDGE_CURVE('',#773,#774,#384,.T.);
#995=EDGE_CURVE('',#774,#772,#602,.T.);
#996=EDGE_CURVE('',#775,#773,#603,.T.);
#997=EDGE_CURVE('',#775,#776,#385,.T.);
#998=EDGE_CURVE('',#776,#774,#604,.T.);
#999=EDGE_CURVE('',#777,#775,#386,.T.);
#1000=EDGE_CURVE('',#777,#778,#387,.T.);
#1001=EDGE_CURVE('',#778,#776,#388,.T.);
#1002=EDGE_CURVE('',#779,#777,#605,.T.);
#1003=EDGE_CURVE('',#779,#780,#389,.T.);
#1004=EDGE_CURVE('',#780,#778,#606,.T.);
#1005=EDGE_CURVE('',#781,#779,#607,.T.);
#1006=EDGE_CURVE('',#781,#782,#390,.T.);
#1007=EDGE_CURVE('',#782,#780,#608,.T.);
#1008=EDGE_CURVE('',#768,#781,#609,.T.);
#1009=EDGE_CURVE('',#770,#782,#610,.T.);
#1010=EDGE_CURVE('',#783,#783,#611,.T.);
#1011=EDGE_CURVE('',#783,#784,#391,.T.);
#1012=EDGE_CURVE('',#784,#785,#612,.T.);
#1013=EDGE_CURVE('',#785,#784,#613,.T.);
#1014=EDGE_CURVE('',#785,#786,#392,.T.);
#1015=EDGE_CURVE('',#786,#787,#614,.T.);
#1016=EDGE_CURVE('',#787,#786,#615,.T.);
#1017=EDGE_CURVE('',#788,#788,#616,.T.);
#1018=EDGE_CURVE('',#789,#789,#617,.T.);
#1019=EDGE_CURVE('',#788,#790,#393,.T.);
#1020=EDGE_CURVE('',#790,#790,#618,.T.);
#1021=EDGE_CURVE('',#791,#792,#619,.T.);
#1022=EDGE_CURVE('',#792,#791,#620,.T.);
#1023=EDGE_CURVE('',#792,#793,#394,.T.);
#1024=EDGE_CURVE('',#793,#794,#621,.T.);
#1025=EDGE_CURVE('',#794,#793,#622,.T.);
#1026=EDGE_CURVE('',#795,#796,#623,.T.);
#1027=EDGE_CURVE('',#796,#795,#624,.T.);
#1028=EDGE_CURVE('',#797,#797,#625,.T.);
#1029=EDGE_CURVE('',#798,#798,#626,.T.);
#1030=EDGE_CURVE('',#799,#799,#627,.T.);
#1031=EDGE_CURVE('',#800,#800,#628,.T.);
#1032=EDGE_CURVE('',#801,#802,#395,.T.);
#1033=EDGE_CURVE('',#803,#801,#629,.T.);
#1034=EDGE_CURVE('',#802,#803,#630,.T.);
#1035=EDGE_CURVE('',#804,#805,#631,.T.);
#1036=EDGE_CURVE('',#805,#804,#632,.T.);
#1037=EDGE_CURVE('',#805,#803,#396,.T.);
#1038=EDGE_CURVE('',#806,#801,#21,.T.);
#1039=EDGE_CURVE('',#807,#806,#22,.T.);
#1040=EDGE_CURVE('',#808,#807,#23,.T.);
#1041=EDGE_CURVE('',#809,#808,#24,.T.);
#1042=EDGE_CURVE('',#810,#809,#25,.T.);
#1043=EDGE_CURVE('',#811,#810,#26,.T.);
#1044=EDGE_CURVE('',#802,#811,#27,.T.);
#1045=EDGE_CURVE('',#811,#812,#397,.T.);
#1046=EDGE_CURVE('',#812,#813,#633,.T.);
#1047=EDGE_CURVE('',#814,#813,#398,.T.);
#1048=EDGE_CURVE('',#814,#815,#28,.T.);
#1049=EDGE_CURVE('',#815,#816,#399,.T.);
#1050=EDGE_CURVE('',#816,#817,#29,.T.);
#1051=EDGE_CURVE('',#818,#817,#400,.T.);
#1052=EDGE_CURVE('',#819,#818,#634,.T.);
#1053=EDGE_CURVE('',#819,#806,#401,.T.);
#1054=EDGE_CURVE('',#810,#820,#402,.T.);
#1055=EDGE_CURVE('',#820,#812,#635,.T.);
#1056=EDGE_CURVE('',#809,#821,#403,.T.);
#1057=EDGE_CURVE('',#821,#820,#636,.T.);
#1058=EDGE_CURVE('',#816,#815,#637,.T.);
#1059=EDGE_CURVE('',#822,#823,#638,.T.);
#1060=EDGE_CURVE('',#823,#822,#639,.T.);
#1061=EDGE_CURVE('',#823,#824,#404,.T.);
#1062=EDGE_CURVE('',#825,#824,#30,.T.);
#1063=EDGE_CURVE('',#826,#825,#31,.T.);
#1064=EDGE_CURVE('',#827,#826,#19,.T.);
#1065=EDGE_CURVE('',#817,#827,#32,.T.);
#1066=EDGE_CURVE('',#828,#814,#33,.T.);
#1067=EDGE_CURVE('',#829,#828,#20,.T.);
#1068=EDGE_CURVE('',#830,#829,#34,.T.);
#1069=EDGE_CURVE('',#824,#830,#35,.T.);
#1070=EDGE_CURVE('',#831,#827,#405,.T.);
#1071=EDGE_CURVE('',#818,#831,#640,.T.);
#1072=EDGE_CURVE('',#832,#826,#406,.T.);
#1073=EDGE_CURVE('',#831,#832,#407,.T.);
#1074=EDGE_CURVE('',#833,#825,#408,.T.);
#1075=EDGE_CURVE('',#832,#833,#641,.T.);
#1076=EDGE_CURVE('',#834,#835,#409,.T.);
#1077=EDGE_CURVE('',#835,#834,#642,.T.);
#1078=EDGE_CURVE('',#836,#837,#643,.T.);
#1079=EDGE_CURVE('',#837,#836,#644,.T.);
#1080=EDGE_CURVE('',#837,#838,#645,.T.);
#1081=EDGE_CURVE('',#838,#839,#646,.T.);
#1082=EDGE_CURVE('',#839,#838,#647,.T.);
#1083=EDGE_CURVE('',#840,#841,#648,.T.);
#1084=EDGE_CURVE('',#841,#840,#649,.T.);
#1085=EDGE_CURVE('',#841,#842,#410,.T.);
#1086=EDGE_CURVE('',#835,#842,#650,.T.);
#1087=EDGE_CURVE('',#842,#834,#651,.T.);
#1088=EDGE_CURVE('',#843,#844,#652,.T.);
#1089=EDGE_CURVE('',#844,#843,#653,.T.);
#1090=EDGE_CURVE('',#845,#846,#654,.T.);
#1091=EDGE_CURVE('',#846,#845,#655,.T.);
#1092=EDGE_CURVE('',#846,#844,#656,.T.);
#1093=EDGE_CURVE('',#838,#846,#411,.T.);
#1094=EDGE_CURVE('',#847,#848,#657,.T.);
#1095=EDGE_CURVE('',#848,#847,#658,.T.);
#1096=EDGE_CURVE('',#848,#849,#659,.T.);
#1097=EDGE_CURVE('',#849,#850,#660,.T.);
#1098=EDGE_CURVE('',#850,#849,#661,.T.);
#1099=EDGE_CURVE('',#851,#852,#662,.T.);
#1100=EDGE_CURVE('',#852,#851,#663,.T.);
#1101=EDGE_CURVE('',#853,#854,#664,.T.);
#1102=EDGE_CURVE('',#855,#853,#665,.T.);
#1103=EDGE_CURVE('',#855,#852,#412,.T.);
#1104=EDGE_CURVE('',#854,#855,#666,.T.);
#1105=EDGE_CURVE('',#854,#853,#413,.T.);
#1106=EDGE_CURVE('',#856,#857,#667,.T.);
#1107=EDGE_CURVE('',#857,#856,#668,.T.);
#1108=EDGE_CURVE('',#858,#859,#669,.T.);
#1109=EDGE_CURVE('',#859,#858,#670,.T.);
#1110=EDGE_CURVE('',#859,#857,#671,.T.);
#1111=EDGE_CURVE('',#849,#859,#414,.T.);
#1112=EDGE_CURVE('',#860,#834,#415,.T.);
#1113=EDGE_CURVE('',#861,#860,#416,.T.);
#1114=EDGE_CURVE('',#862,#861,#417,.T.);
#1115=EDGE_CURVE('',#863,#862,#418,.T.);
#1116=EDGE_CURVE('',#835,#863,#419,.T.);
#1117=EDGE_CURVE('',#864,#865,#672,.T.);
#1118=EDGE_CURVE('',#865,#866,#420,.T.);
#1119=EDGE_CURVE('',#866,#867,#673,.T.);
#1120=EDGE_CURVE('',#867,#864,#421,.T.);
#1121=EDGE_CURVE('',#865,#862,#674,.T.);
#1122=EDGE_CURVE('',#868,#861,#675,.T.);
#1123=EDGE_CURVE('',#868,#796,#422,.T.);
#1124=EDGE_CURVE('',#869,#868,#676,.T.);
#1125=EDGE_CURVE('',#870,#869,#423,.T.);
#1126=EDGE_CURVE('',#870,#871,#677,.T.);
#1127=EDGE_CURVE('',#872,#871,#424,.T.);
#1128=EDGE_CURVE('',#866,#872,#678,.T.);
#1129=EDGE_CURVE('',#871,#873,#679,.T.);
#1130=EDGE_CURVE('',#873,#874,#425,.T.);
#1131=EDGE_CURVE('',#874,#872,#680,.T.);
#1132=EDGE_CURVE('',#875,#873,#426,.T.);
#1133=EDGE_CURVE('',#876,#875,#427,.T.);
#1134=EDGE_CURVE('',#874,#876,#428,.T.);
#1135=EDGE_CURVE('',#860,#877,#681,.T.);
#1136=EDGE_CURVE('',#878,#863,#682,.T.);
#1137=EDGE_CURVE('',#877,#878,#429,.T.);
#1138=EDGE_CURVE('',#877,#867,#430,.T.);
#1139=EDGE_CURVE('',#864,#878,#431,.T.);
#1140=EDGE_CURVE('',#876,#879,#683,.T.);
#1141=EDGE_CURVE('',#880,#875,#684,.T.);
#1142=EDGE_CURVE('',#853,#880,#432,.T.);
#1143=EDGE_CURVE('',#879,#854,#433,.T.);
#1144=EDGE_CURVE('',#870,#880,#434,.T.);
#1145=EDGE_CURVE('',#879,#869,#435,.T.);
#1146=EDGE_CURVE('',#881,#882,#685,.T.);
#1147=EDGE_CURVE('',#882,#881,#686,.T.);
#1148=EDGE_CURVE('',#882,#883,#436,.T.);
#1149=EDGE_CURVE('',#883,#884,#687,.T.);
#1150=EDGE_CURVE('',#884,#883,#688,.T.);
#1151=EDGE_CURVE('',#885,#885,#689,.T.);
#1152=EDGE_CURVE('',#886,#887,#690,.T.);
#1153=EDGE_CURVE('',#887,#886,#691,.T.);
#1154=EDGE_CURVE('',#887,#888,#437,.T.);
#1155=EDGE_CURVE('',#888,#889,#692,.T.);
#1156=EDGE_CURVE('',#889,#888,#693,.T.);
#1157=EDGE_CURVE('',#890,#890,#694,.T.);
#1158=EDGE_CURVE('',#891,#892,#695,.T.);
#1159=EDGE_CURVE('',#892,#891,#696,.T.);
#1160=EDGE_CURVE('',#892,#893,#438,.T.);
#1161=EDGE_CURVE('',#893,#894,#697,.T.);
#1162=EDGE_CURVE('',#894,#893,#698,.T.);
#1163=EDGE_CURVE('',#895,#895,#699,.T.);
#1164=EDGE_CURVE('',#896,#897,#700,.T.);
#1165=EDGE_CURVE('',#897,#896,#701,.T.);
#1166=EDGE_CURVE('',#897,#898,#439,.T.);
#1167=EDGE_CURVE('',#898,#899,#702,.T.);
#1168=EDGE_CURVE('',#899,#898,#703,.T.);
#1169=EDGE_CURVE('',#900,#900,#704,.T.);
#1170=EDGE_CURVE('',#901,#901,#705,.T.);
#1171=EDGE_CURVE('',#901,#902,#440,.T.);
#1172=EDGE_CURVE('',#902,#902,#706,.T.);
#1173=EDGE_CURVE('',#903,#904,#707,.T.);
#1174=EDGE_CURVE('',#904,#903,#708,.T.);
#1175=EDGE_CURVE('',#904,#905,#441,.T.);
#1176=EDGE_CURVE('',#905,#906,#709,.T.);
#1177=EDGE_CURVE('',#906,#905,#710,.T.);
#1178=EDGE_CURVE('',#907,#808,#442,.T.);
#1179=EDGE_CURVE('',#833,#907,#711,.T.);
#1180=EDGE_CURVE('',#830,#908,#443,.T.);
#1181=EDGE_CURVE('',#908,#821,#712,.T.);
#1182=EDGE_CURVE('',#829,#909,#444,.T.);
#1183=EDGE_CURVE('',#909,#908,#713,.T.);
#1184=EDGE_CURVE('',#828,#910,#445,.T.);
#1185=EDGE_CURVE('',#910,#909,#446,.T.);
#1186=EDGE_CURVE('',#813,#910,#714,.T.);
#1187=EDGE_CURVE('',#911,#819,#715,.T.);
#1188=EDGE_CURVE('',#911,#807,#447,.T.);
#1189=EDGE_CURVE('',#907,#911,#716,.T.);
#1190=EDGE_CURVE('',#912,#913,#717,.T.);
#1191=EDGE_CURVE('',#913,#912,#718,.T.);
#1192=EDGE_CURVE('',#895,#797,#448,.T.);
#1193=EDGE_CURVE('',#890,#798,#449,.T.);
#1194=EDGE_CURVE('',#900,#799,#450,.T.);
#1195=EDGE_CURVE('',#885,#800,#451,.T.);
#1196=EDGE_CURVE('',#913,#789,#452,.T.);
#1197=ORIENTED_EDGE('',*,*,#914,.F.);
#1198=ORIENTED_EDGE('',*,*,#915,.T.);
#1199=ORIENTED_EDGE('',*,*,#916,.T.);
#1200=ORIENTED_EDGE('',*,*,#917,.F.);
#1201=ORIENTED_EDGE('',*,*,#918,.F.);
#1202=ORIENTED_EDGE('',*,*,#919,.T.);
#1203=ORIENTED_EDGE('',*,*,#920,.T.);
#1204=ORIENTED_EDGE('',*,*,#915,.F.);
#1205=ORIENTED_EDGE('',*,*,#921,.F.);
#1206=ORIENTED_EDGE('',*,*,#922,.T.);
#1207=ORIENTED_EDGE('',*,*,#923,.T.);
#1208=ORIENTED_EDGE('',*,*,#919,.F.);
#1209=ORIENTED_EDGE('',*,*,#924,.F.);
#1210=ORIENTED_EDGE('',*,*,#925,.T.);
#1211=ORIENTED_EDGE('',*,*,#926,.T.);
#1212=ORIENTED_EDGE('',*,*,#922,.F.);
#1213=ORIENTED_EDGE('',*,*,#927,.F.);
#1214=ORIENTED_EDGE('',*,*,#928,.T.);
#1215=ORIENTED_EDGE('',*,*,#929,.T.);
#1216=ORIENTED_EDGE('',*,*,#925,.F.);
#1217=ORIENTED_EDGE('',*,*,#930,.F.);
#1218=ORIENTED_EDGE('',*,*,#931,.T.);
#1219=ORIENTED_EDGE('',*,*,#932,.T.);
#1220=ORIENTED_EDGE('',*,*,#928,.F.);
#1221=ORIENTED_EDGE('',*,*,#933,.F.);
#1222=ORIENTED_EDGE('',*,*,#934,.T.);
#1223=ORIENTED_EDGE('',*,*,#935,.T.);
#1224=ORIENTED_EDGE('',*,*,#931,.F.);
#1225=ORIENTED_EDGE('',*,*,#936,.F.);
#1226=ORIENTED_EDGE('',*,*,#917,.T.);
#1227=ORIENTED_EDGE('',*,*,#937,.T.);
#1228=ORIENTED_EDGE('',*,*,#934,.F.);
#1229=ORIENTED_EDGE('',*,*,#937,.F.);
#1230=ORIENTED_EDGE('',*,*,#916,.F.);
#1231=ORIENTED_EDGE('',*,*,#920,.F.);
#1232=ORIENTED_EDGE('',*,*,#923,.F.);
#1233=ORIENTED_EDGE('',*,*,#926,.F.);
#1234=ORIENTED_EDGE('',*,*,#929,.F.);
#1235=ORIENTED_EDGE('',*,*,#932,.F.);
#1236=ORIENTED_EDGE('',*,*,#935,.F.);
#1237=ORIENTED_EDGE('',*,*,#938,.F.);
#1238=ORIENTED_EDGE('',*,*,#939,.T.);
#1239=ORIENTED_EDGE('',*,*,#940,.T.);
#1240=ORIENTED_EDGE('',*,*,#941,.F.);
#1241=ORIENTED_EDGE('',*,*,#942,.F.);
#1242=ORIENTED_EDGE('',*,*,#943,.T.);
#1243=ORIENTED_EDGE('',*,*,#944,.T.);
#1244=ORIENTED_EDGE('',*,*,#939,.F.);
#1245=ORIENTED_EDGE('',*,*,#945,.F.);
#1246=ORIENTED_EDGE('',*,*,#946,.T.);
#1247=ORIENTED_EDGE('',*,*,#947,.T.);
#1248=ORIENTED_EDGE('',*,*,#943,.F.);
#1249=ORIENTED_EDGE('',*,*,#948,.F.);
#1250=ORIENTED_EDGE('',*,*,#949,.T.);
#1251=ORIENTED_EDGE('',*,*,#950,.T.);
#1252=ORIENTED_EDGE('',*,*,#946,.F.);
#1253=ORIENTED_EDGE('',*,*,#951,.F.);
#1254=ORIENTED_EDGE('',*,*,#952,.T.);
#1255=ORIENTED_EDGE('',*,*,#953,.T.);
#1256=ORIENTED_EDGE('',*,*,#949,.F.);
#1257=ORIENTED_EDGE('',*,*,#954,.F.);
#1258=ORIENTED_EDGE('',*,*,#955,.T.);
#1259=ORIENTED_EDGE('',*,*,#956,.T.);
#1260=ORIENTED_EDGE('',*,*,#952,.F.);
#1261=ORIENTED_EDGE('',*,*,#957,.F.);
#1262=ORIENTED_EDGE('',*,*,#958,.T.);
#1263=ORIENTED_EDGE('',*,*,#959,.T.);
#1264=ORIENTED_EDGE('',*,*,#955,.F.);
#1265=ORIENTED_EDGE('',*,*,#960,.F.);
#1266=ORIENTED_EDGE('',*,*,#941,.T.);
#1267=ORIENTED_EDGE('',*,*,#961,.T.);
#1268=ORIENTED_EDGE('',*,*,#958,.F.);
#1269=ORIENTED_EDGE('',*,*,#961,.F.);
#1270=ORIENTED_EDGE('',*,*,#940,.F.);
#1271=ORIENTED_EDGE('',*,*,#944,.F.);
#1272=ORIENTED_EDGE('',*,*,#947,.F.);
#1273=ORIENTED_EDGE('',*,*,#950,.F.);
#1274=ORIENTED_EDGE('',*,*,#953,.F.);
#1275=ORIENTED_EDGE('',*,*,#956,.F.);
#1276=ORIENTED_EDGE('',*,*,#959,.F.);
#1277=ORIENTED_EDGE('',*,*,#962,.F.);
#1278=ORIENTED_EDGE('',*,*,#963,.T.);
#1279=ORIENTED_EDGE('',*,*,#964,.T.);
#1280=ORIENTED_EDGE('',*,*,#965,.F.);
#1281=ORIENTED_EDGE('',*,*,#966,.F.);
#1282=ORIENTED_EDGE('',*,*,#967,.T.);
#1283=ORIENTED_EDGE('',*,*,#968,.T.);
#1284=ORIENTED_EDGE('',*,*,#963,.F.);
#1285=ORIENTED_EDGE('',*,*,#969,.F.);
#1286=ORIENTED_EDGE('',*,*,#970,.T.);
#1287=ORIENTED_EDGE('',*,*,#971,.T.);
#1288=ORIENTED_EDGE('',*,*,#967,.F.);
#1289=ORIENTED_EDGE('',*,*,#972,.F.);
#1290=ORIENTED_EDGE('',*,*,#973,.T.);
#1291=ORIENTED_EDGE('',*,*,#974,.T.);
#1292=ORIENTED_EDGE('',*,*,#970,.F.);
#1293=ORIENTED_EDGE('',*,*,#975,.F.);
#1294=ORIENTED_EDGE('',*,*,#976,.T.);
#1295=ORIENTED_EDGE('',*,*,#977,.T.);
#1296=ORIENTED_EDGE('',*,*,#973,.F.);
#1297=ORIENTED_EDGE('',*,*,#978,.F.);
#1298=ORIENTED_EDGE('',*,*,#979,.T.);
#1299=ORIENTED_EDGE('',*,*,#980,.T.);
#1300=ORIENTED_EDGE('',*,*,#976,.F.);
#1301=ORIENTED_EDGE('',*,*,#981,.F.);
#1302=ORIENTED_EDGE('',*,*,#982,.T.);
#1303=ORIENTED_EDGE('',*,*,#983,.T.);
#1304=ORIENTED_EDGE('',*,*,#979,.F.);
#1305=ORIENTED_EDGE('',*,*,#984,.F.);
#1306=ORIENTED_EDGE('',*,*,#965,.T.);
#1307=ORIENTED_EDGE('',*,*,#985,.T.);
#1308=ORIENTED_EDGE('',*,*,#982,.F.);
#1309=ORIENTED_EDGE('',*,*,#985,.F.);
#1310=ORIENTED_EDGE('',*,*,#964,.F.);
#1311=ORIENTED_EDGE('',*,*,#968,.F.);
#1312=ORIENTED_EDGE('',*,*,#971,.F.);
#1313=ORIENTED_EDGE('',*,*,#974,.F.);
#1314=ORIENTED_EDGE('',*,*,#977,.F.);
#1315=ORIENTED_EDGE('',*,*,#980,.F.);
#1316=ORIENTED_EDGE('',*,*,#983,.F.);
#1317=ORIENTED_EDGE('',*,*,#986,.F.);
#1318=ORIENTED_EDGE('',*,*,#987,.T.);
#1319=ORIENTED_EDGE('',*,*,#988,.T.);
#1320=ORIENTED_EDGE('',*,*,#989,.F.);
#1321=ORIENTED_EDGE('',*,*,#990,.F.);
#1322=ORIENTED_EDGE('',*,*,#991,.T.);
#1323=ORIENTED_EDGE('',*,*,#992,.T.);
#1324=ORIENTED_EDGE('',*,*,#987,.F.);
#1325=ORIENTED_EDGE('',*,*,#993,.F.);
#1326=ORIENTED_EDGE('',*,*,#994,.T.);
#1327=ORIENTED_EDGE('',*,*,#995,.T.);
#1328=ORIENTED_EDGE('',*,*,#991,.F.);
#1329=ORIENTED_EDGE('',*,*,#996,.F.);
#1330=ORIENTED_EDGE('',*,*,#997,.T.);
#1331=ORIENTED_EDGE('',*,*,#998,.T.);
#1332=ORIENTED_EDGE('',*,*,#994,.F.);
#1333=ORIENTED_EDGE('',*,*,#999,.F.);
#1334=ORIENTED_EDGE('',*,*,#1000,.T.);
#1335=ORIENTED_EDGE('',*,*,#1001,.T.);
#1336=ORIENTED_EDGE('',*,*,#997,.F.);
#1337=ORIENTED_EDGE('',*,*,#1002,.F.);
#1338=ORIENTED_EDGE('',*,*,#1003,.T.);
#1339=ORIENTED_EDGE('',*,*,#1004,.T.);
#1340=ORIENTED_EDGE('',*,*,#1000,.F.);
#1341=ORIENTED_EDGE('',*,*,#1005,.F.);
#1342=ORIENTED_EDGE('',*,*,#1006,.T.);
#1343=ORIENTED_EDGE('',*,*,#1007,.T.);
#1344=ORIENTED_EDGE('',*,*,#1003,.F.);
#1345=ORIENTED_EDGE('',*,*,#1008,.F.);
#1346=ORIENTED_EDGE('',*,*,#989,.T.);
#1347=ORIENTED_EDGE('',*,*,#1009,.T.);
#1348=ORIENTED_EDGE('',*,*,#1006,.F.);
#1349=ORIENTED_EDGE('',*,*,#1009,.F.);
#1350=ORIENTED_EDGE('',*,*,#988,.F.);
#1351=ORIENTED_EDGE('',*,*,#992,.F.);
#1352=ORIENTED_EDGE('',*,*,#995,.F.);
#1353=ORIENTED_EDGE('',*,*,#998,.F.);
#1354=ORIENTED_EDGE('',*,*,#1001,.F.);
#1355=ORIENTED_EDGE('',*,*,#1004,.F.);
#1356=ORIENTED_EDGE('',*,*,#1007,.F.);
#1357=ORIENTED_EDGE('',*,*,#1010,.T.);
#1358=ORIENTED_EDGE('',*,*,#1011,.T.);
#1359=ORIENTED_EDGE('',*,*,#1012,.T.);
#1360=ORIENTED_EDGE('',*,*,#1013,.T.);
#1361=ORIENTED_EDGE('',*,*,#1011,.F.);
#1362=ORIENTED_EDGE('',*,*,#1012,.F.);
#1363=ORIENTED_EDGE('',*,*,#1013,.F.);
#1364=ORIENTED_EDGE('',*,*,#1014,.T.);
#1365=ORIENTED_EDGE('',*,*,#1015,.T.);
#1366=ORIENTED_EDGE('',*,*,#1016,.T.);
#1367=ORIENTED_EDGE('',*,*,#1014,.F.);
#1368=ORIENTED_EDGE('',*,*,#1017,.F.);
#1369=ORIENTED_EDGE('',*,*,#1010,.F.);
#1370=ORIENTED_EDGE('',*,*,#1016,.F.);
#1371=ORIENTED_EDGE('',*,*,#1015,.F.);
#1372=ORIENTED_EDGE('',*,*,#1018,.F.);
#1373=ORIENTED_EDGE('',*,*,#1017,.T.);
#1374=ORIENTED_EDGE('',*,*,#1019,.T.);
#1375=ORIENTED_EDGE('',*,*,#1020,.T.);
#1376=ORIENTED_EDGE('',*,*,#1019,.F.);
#1377=ORIENTED_EDGE('',*,*,#1021,.F.);
#1378=ORIENTED_EDGE('',*,*,#1022,.F.);
#1379=ORIENTED_EDGE('',*,*,#1023,.T.);
#1380=ORIENTED_EDGE('',*,*,#1024,.T.);
#1381=ORIENTED_EDGE('',*,*,#1025,.T.);
#1382=ORIENTED_EDGE('',*,*,#1023,.F.);
#1383=ORIENTED_EDGE('',*,*,#1025,.F.);
#1384=ORIENTED_EDGE('',*,*,#1024,.F.);
#1385=ORIENTED_EDGE('',*,*,#1020,.F.);
#1386=ORIENTED_EDGE('',*,*,#1026,.F.);
#1387=ORIENTED_EDGE('',*,*,#1027,.F.);
#1388=ORIENTED_EDGE('',*,*,#914,.T.);
#1389=ORIENTED_EDGE('',*,*,#936,.T.);
#1390=ORIENTED_EDGE('',*,*,#933,.T.);
#1391=ORIENTED_EDGE('',*,*,#930,.T.);
#1392=ORIENTED_EDGE('',*,*,#927,.T.);
#1393=ORIENTED_EDGE('',*,*,#924,.T.);
#1394=ORIENTED_EDGE('',*,*,#921,.T.);
#1395=ORIENTED_EDGE('',*,*,#918,.T.);
#1396=ORIENTED_EDGE('',*,*,#938,.T.);
#1397=ORIENTED_EDGE('',*,*,#960,.T.);
#1398=ORIENTED_EDGE('',*,*,#957,.T.);
#1399=ORIENTED_EDGE('',*,*,#954,.T.);
#1400=ORIENTED_EDGE('',*,*,#951,.T.);
#1401=ORIENTED_EDGE('',*,*,#948,.T.);
#1402=ORIENTED_EDGE('',*,*,#945,.T.);
#1403=ORIENTED_EDGE('',*,*,#942,.T.);
#1404=ORIENTED_EDGE('',*,*,#962,.T.);
#1405=ORIENTED_EDGE('',*,*,#984,.T.);
#1406=ORIENTED_EDGE('',*,*,#981,.T.);
#1407=ORIENTED_EDGE('',*,*,#978,.T.);
#1408=ORIENTED_EDGE('',*,*,#975,.T.);
#1409=ORIENTED_EDGE('',*,*,#972,.T.);
#1410=ORIENTED_EDGE('',*,*,#969,.T.);
#1411=ORIENTED_EDGE('',*,*,#966,.T.);
#1412=ORIENTED_EDGE('',*,*,#986,.T.);
#1413=ORIENTED_EDGE('',*,*,#1008,.T.);
#1414=ORIENTED_EDGE('',*,*,#1005,.T.);
#1415=ORIENTED_EDGE('',*,*,#1002,.T.);
#1416=ORIENTED_EDGE('',*,*,#999,.T.);
#1417=ORIENTED_EDGE('',*,*,#996,.T.);
#1418=ORIENTED_EDGE('',*,*,#993,.T.);
#1419=ORIENTED_EDGE('',*,*,#990,.T.);
#1420=ORIENTED_EDGE('',*,*,#1028,.F.);
#1421=ORIENTED_EDGE('',*,*,#1029,.F.);
#1422=ORIENTED_EDGE('',*,*,#1030,.F.);
#1423=ORIENTED_EDGE('',*,*,#1031,.F.);
#1424=ORIENTED_EDGE('',*,*,#1021,.T.);
#1425=ORIENTED_EDGE('',*,*,#1022,.T.);
#1426=ORIENTED_EDGE('',*,*,#1032,.F.);
#1427=ORIENTED_EDGE('',*,*,#1033,.F.);
#1428=ORIENTED_EDGE('',*,*,#1034,.F.);
#1429=ORIENTED_EDGE('',*,*,#1035,.F.);
#1430=ORIENTED_EDGE('',*,*,#1036,.F.);
#1431=ORIENTED_EDGE('',*,*,#1037,.T.);
#1432=ORIENTED_EDGE('',*,*,#1033,.T.);
#1433=ORIENTED_EDGE('',*,*,#1038,.F.);
#1434=ORIENTED_EDGE('',*,*,#1039,.F.);
#1435=ORIENTED_EDGE('',*,*,#1040,.F.);
#1436=ORIENTED_EDGE('',*,*,#1041,.F.);
#1437=ORIENTED_EDGE('',*,*,#1042,.F.);
#1438=ORIENTED_EDGE('',*,*,#1043,.F.);
#1439=ORIENTED_EDGE('',*,*,#1044,.F.);
#1440=ORIENTED_EDGE('',*,*,#1034,.T.);
#1441=ORIENTED_EDGE('',*,*,#1037,.F.);
#1442=ORIENTED_EDGE('',*,*,#1038,.T.);
#1443=ORIENTED_EDGE('',*,*,#1032,.T.);
#1444=ORIENTED_EDGE('',*,*,#1044,.T.);
#1445=ORIENTED_EDGE('',*,*,#1045,.T.);
#1446=ORIENTED_EDGE('',*,*,#1046,.T.);
#1447=ORIENTED_EDGE('',*,*,#1047,.F.);
#1448=ORIENTED_EDGE('',*,*,#1048,.T.);
#1449=ORIENTED_EDGE('',*,*,#1049,.T.);
#1450=ORIENTED_EDGE('',*,*,#1050,.T.);
#1451=ORIENTED_EDGE('',*,*,#1051,.F.);
#1452=ORIENTED_EDGE('',*,*,#1052,.F.);
#1453=ORIENTED_EDGE('',*,*,#1053,.T.);
#1454=ORIENTED_EDGE('',*,*,#1043,.T.);
#1455=ORIENTED_EDGE('',*,*,#1054,.T.);
#1456=ORIENTED_EDGE('',*,*,#1055,.T.);
#1457=ORIENTED_EDGE('',*,*,#1045,.F.);
#1458=ORIENTED_EDGE('',*,*,#1042,.T.);
#1459=ORIENTED_EDGE('',*,*,#1056,.T.);
#1460=ORIENTED_EDGE('',*,*,#1057,.T.);
#1461=ORIENTED_EDGE('',*,*,#1054,.F.);
#1462=ORIENTED_EDGE('',*,*,#1049,.F.);
#1463=ORIENTED_EDGE('',*,*,#1058,.F.);
#1464=ORIENTED_EDGE('',*,*,#1059,.F.);
#1465=ORIENTED_EDGE('',*,*,#1060,.F.);
#1466=ORIENTED_EDGE('',*,*,#1061,.T.);
#1467=ORIENTED_EDGE('',*,*,#1062,.F.);
#1468=ORIENTED_EDGE('',*,*,#1063,.F.);
#1469=ORIENTED_EDGE('',*,*,#1064,.F.);
#1470=ORIENTED_EDGE('',*,*,#1065,.F.);
#1471=ORIENTED_EDGE('',*,*,#1050,.F.);
#1472=ORIENTED_EDGE('',*,*,#1058,.T.);
#1473=ORIENTED_EDGE('',*,*,#1048,.F.);
#1474=ORIENTED_EDGE('',*,*,#1066,.F.);
#1475=ORIENTED_EDGE('',*,*,#1067,.F.);
#1476=ORIENTED_EDGE('',*,*,#1068,.F.);
#1477=ORIENTED_EDGE('',*,*,#1069,.F.);
#1478=ORIENTED_EDGE('',*,*,#1061,.F.);
#1479=ORIENTED_EDGE('',*,*,#1065,.T.);
#1480=ORIENTED_EDGE('',*,*,#1070,.F.);
#1481=ORIENTED_EDGE('',*,*,#1071,.F.);
#1482=ORIENTED_EDGE('',*,*,#1051,.T.);
#1483=ORIENTED_EDGE('',*,*,#1064,.T.);
#1484=ORIENTED_EDGE('',*,*,#1072,.F.);
#1485=ORIENTED_EDGE('',*,*,#1073,.F.);
#1486=ORIENTED_EDGE('',*,*,#1070,.T.);
#1487=ORIENTED_EDGE('',*,*,#1063,.T.);
#1488=ORIENTED_EDGE('',*,*,#1074,.F.);
#1489=ORIENTED_EDGE('',*,*,#1075,.F.);
#1490=ORIENTED_EDGE('',*,*,#1072,.T.);
#1491=ORIENTED_EDGE('',*,*,#1076,.F.);
#1492=ORIENTED_EDGE('',*,*,#1077,.F.);
#1493=ORIENTED_EDGE('',*,*,#1078,.F.);
#1494=ORIENTED_EDGE('',*,*,#1079,.F.);
#1495=ORIENTED_EDGE('',*,*,#1080,.T.);
#1496=ORIENTED_EDGE('',*,*,#1081,.T.);
#1497=ORIENTED_EDGE('',*,*,#1082,.T.);
#1498=ORIENTED_EDGE('',*,*,#1080,.F.);
#1499=ORIENTED_EDGE('',*,*,#1078,.T.);
#1500=ORIENTED_EDGE('',*,*,#1079,.T.);
#1501=ORIENTED_EDGE('',*,*,#1059,.T.);
#1502=ORIENTED_EDGE('',*,*,#1060,.T.);
#1503=ORIENTED_EDGE('',*,*,#1083,.F.);
#1504=ORIENTED_EDGE('',*,*,#1084,.F.);
#1505=ORIENTED_EDGE('',*,*,#1085,.T.);
#1506=ORIENTED_EDGE('',*,*,#1086,.F.);
#1507=ORIENTED_EDGE('',*,*,#1077,.T.);
#1508=ORIENTED_EDGE('',*,*,#1087,.F.);
#1509=ORIENTED_EDGE('',*,*,#1085,.F.);
#1510=ORIENTED_EDGE('',*,*,#1088,.F.);
#1511=ORIENTED_EDGE('',*,*,#1089,.F.);
#1512=ORIENTED_EDGE('',*,*,#1083,.T.);
#1513=ORIENTED_EDGE('',*,*,#1084,.T.);
#1514=ORIENTED_EDGE('',*,*,#1090,.F.);
#1515=ORIENTED_EDGE('',*,*,#1091,.F.);
#1516=ORIENTED_EDGE('',*,*,#1092,.T.);
#1517=ORIENTED_EDGE('',*,*,#1089,.T.);
#1518=ORIENTED_EDGE('',*,*,#1088,.T.);
#1519=ORIENTED_EDGE('',*,*,#1092,.F.);
#1520=ORIENTED_EDGE('',*,*,#1082,.F.);
#1521=ORIENTED_EDGE('',*,*,#1081,.F.);
#1522=ORIENTED_EDGE('',*,*,#1093,.T.);
#1523=ORIENTED_EDGE('',*,*,#1091,.T.);
#1524=ORIENTED_EDGE('',*,*,#1090,.T.);
#1525=ORIENTED_EDGE('',*,*,#1093,.F.);
#1526=ORIENTED_EDGE('',*,*,#1094,.F.);
#1527=ORIENTED_EDGE('',*,*,#1095,.F.);
#1528=ORIENTED_EDGE('',*,*,#1096,.T.);
#1529=ORIENTED_EDGE('',*,*,#1097,.T.);
#1530=ORIENTED_EDGE('',*,*,#1098,.T.);
#1531=ORIENTED_EDGE('',*,*,#1096,.F.);
#1532=ORIENTED_EDGE('',*,*,#1094,.T.);
#1533=ORIENTED_EDGE('',*,*,#1095,.T.);
#1534=ORIENTED_EDGE('',*,*,#1099,.F.);
#1535=ORIENTED_EDGE('',*,*,#1100,.F.);
#1536=ORIENTED_EDGE('',*,*,#1101,.F.);
#1537=ORIENTED_EDGE('',*,*,#1102,.F.);
#1538=ORIENTED_EDGE('',*,*,#1103,.T.);
#1539=ORIENTED_EDGE('',*,*,#1100,.T.);
#1540=ORIENTED_EDGE('',*,*,#1099,.T.);
#1541=ORIENTED_EDGE('',*,*,#1103,.F.);
#1542=ORIENTED_EDGE('',*,*,#1104,.F.);
#1543=ORIENTED_EDGE('',*,*,#1105,.T.);
#1544=ORIENTED_EDGE('',*,*,#1101,.T.);
#1545=ORIENTED_EDGE('',*,*,#1106,.F.);
#1546=ORIENTED_EDGE('',*,*,#1107,.F.);
#1547=ORIENTED_EDGE('',*,*,#1035,.T.);
#1548=ORIENTED_EDGE('',*,*,#1036,.T.);
#1549=ORIENTED_EDGE('',*,*,#1108,.F.);
#1550=ORIENTED_EDGE('',*,*,#1109,.F.);
#1551=ORIENTED_EDGE('',*,*,#1110,.T.);
#1552=ORIENTED_EDGE('',*,*,#1107,.T.);
#1553=ORIENTED_EDGE('',*,*,#1106,.T.);
#1554=ORIENTED_EDGE('',*,*,#1110,.F.);
#1555=ORIENTED_EDGE('',*,*,#1098,.F.);
#1556=ORIENTED_EDGE('',*,*,#1097,.F.);
#1557=ORIENTED_EDGE('',*,*,#1111,.T.);
#1558=ORIENTED_EDGE('',*,*,#1109,.T.);
#1559=ORIENTED_EDGE('',*,*,#1108,.T.);
#1560=ORIENTED_EDGE('',*,*,#1111,.F.);
#1561=ORIENTED_EDGE('',*,*,#1086,.T.);
#1562=ORIENTED_EDGE('',*,*,#1087,.T.);
#1563=ORIENTED_EDGE('',*,*,#1112,.F.);
#1564=ORIENTED_EDGE('',*,*,#1113,.F.);
#1565=ORIENTED_EDGE('',*,*,#1114,.F.);
#1566=ORIENTED_EDGE('',*,*,#1115,.F.);
#1567=ORIENTED_EDGE('',*,*,#1116,.F.);
#1568=ORIENTED_EDGE('',*,*,#1117,.T.);
#1569=ORIENTED_EDGE('',*,*,#1118,.T.);
#1570=ORIENTED_EDGE('',*,*,#1119,.T.);
#1571=ORIENTED_EDGE('',*,*,#1120,.T.);
#1572=ORIENTED_EDGE('',*,*,#1118,.F.);
#1573=ORIENTED_EDGE('',*,*,#1121,.T.);
#1574=ORIENTED_EDGE('',*,*,#1114,.T.);
#1575=ORIENTED_EDGE('',*,*,#1122,.F.);
#1576=ORIENTED_EDGE('',*,*,#1123,.T.);
#1577=ORIENTED_EDGE('',*,*,#1027,.T.);
#1578=ORIENTED_EDGE('',*,*,#1026,.T.);
#1579=ORIENTED_EDGE('',*,*,#1123,.F.);
#1580=ORIENTED_EDGE('',*,*,#1124,.F.);
#1581=ORIENTED_EDGE('',*,*,#1125,.F.);
#1582=ORIENTED_EDGE('',*,*,#1126,.T.);
#1583=ORIENTED_EDGE('',*,*,#1127,.F.);
#1584=ORIENTED_EDGE('',*,*,#1128,.F.);
#1585=ORIENTED_EDGE('',*,*,#1129,.T.);
#1586=ORIENTED_EDGE('',*,*,#1130,.T.);
#1587=ORIENTED_EDGE('',*,*,#1131,.T.);
#1588=ORIENTED_EDGE('',*,*,#1127,.T.);
#1589=ORIENTED_EDGE('',*,*,#1130,.F.);
#1590=ORIENTED_EDGE('',*,*,#1132,.F.);
#1591=ORIENTED_EDGE('',*,*,#1133,.F.);
#1592=ORIENTED_EDGE('',*,*,#1134,.F.);
#1593=ORIENTED_EDGE('',*,*,#1135,.F.);
#1594=ORIENTED_EDGE('',*,*,#1112,.T.);
#1595=ORIENTED_EDGE('',*,*,#1076,.T.);
#1596=ORIENTED_EDGE('',*,*,#1116,.T.);
#1597=ORIENTED_EDGE('',*,*,#1136,.F.);
#1598=ORIENTED_EDGE('',*,*,#1137,.F.);
#1599=ORIENTED_EDGE('',*,*,#1120,.F.);
#1600=ORIENTED_EDGE('',*,*,#1138,.F.);
#1601=ORIENTED_EDGE('',*,*,#1137,.T.);
#1602=ORIENTED_EDGE('',*,*,#1139,.F.);
#1603=ORIENTED_EDGE('',*,*,#1121,.F.);
#1604=ORIENTED_EDGE('',*,*,#1117,.F.);
#1605=ORIENTED_EDGE('',*,*,#1139,.T.);
#1606=ORIENTED_EDGE('',*,*,#1136,.T.);
#1607=ORIENTED_EDGE('',*,*,#1115,.T.);
#1608=ORIENTED_EDGE('',*,*,#1140,.F.);
#1609=ORIENTED_EDGE('',*,*,#1133,.T.);
#1610=ORIENTED_EDGE('',*,*,#1141,.F.);
#1611=ORIENTED_EDGE('',*,*,#1142,.F.);
#1612=ORIENTED_EDGE('',*,*,#1105,.F.);
#1613=ORIENTED_EDGE('',*,*,#1143,.F.);
#1614=ORIENTED_EDGE('',*,*,#1104,.T.);
#1615=ORIENTED_EDGE('',*,*,#1102,.T.);
#1616=ORIENTED_EDGE('',*,*,#1142,.T.);
#1617=ORIENTED_EDGE('',*,*,#1144,.F.);
#1618=ORIENTED_EDGE('',*,*,#1125,.T.);
#1619=ORIENTED_EDGE('',*,*,#1145,.F.);
#1620=ORIENTED_EDGE('',*,*,#1143,.T.);
#1621=ORIENTED_EDGE('',*,*,#1144,.T.);
#1622=ORIENTED_EDGE('',*,*,#1141,.T.);
#1623=ORIENTED_EDGE('',*,*,#1132,.T.);
#1624=ORIENTED_EDGE('',*,*,#1129,.F.);
#1625=ORIENTED_EDGE('',*,*,#1126,.F.);
#1626=ORIENTED_EDGE('',*,*,#1146,.F.);
#1627=ORIENTED_EDGE('',*,*,#1147,.F.);
#1628=ORIENTED_EDGE('',*,*,#1148,.T.);
#1629=ORIENTED_EDGE('',*,*,#1149,.T.);
#1630=ORIENTED_EDGE('',*,*,#1150,.T.);
#1631=ORIENTED_EDGE('',*,*,#1148,.F.);
#1632=ORIENTED_EDGE('',*,*,#1150,.F.);
#1633=ORIENTED_EDGE('',*,*,#1149,.F.);
#1634=ORIENTED_EDGE('',*,*,#1151,.F.);
#1635=ORIENTED_EDGE('',*,*,#1152,.F.);
#1636=ORIENTED_EDGE('',*,*,#1153,.F.);
#1637=ORIENTED_EDGE('',*,*,#1154,.T.);
#1638=ORIENTED_EDGE('',*,*,#1155,.T.);
#1639=ORIENTED_EDGE('',*,*,#1156,.T.);
#1640=ORIENTED_EDGE('',*,*,#1154,.F.);
#1641=ORIENTED_EDGE('',*,*,#1156,.F.);
#1642=ORIENTED_EDGE('',*,*,#1155,.F.);
#1643=ORIENTED_EDGE('',*,*,#1157,.F.);
#1644=ORIENTED_EDGE('',*,*,#1158,.F.);
#1645=ORIENTED_EDGE('',*,*,#1159,.F.);
#1646=ORIENTED_EDGE('',*,*,#1160,.T.);
#1647=ORIENTED_EDGE('',*,*,#1161,.T.);
#1648=ORIENTED_EDGE('',*,*,#1162,.T.);
#1649=ORIENTED_EDGE('',*,*,#1160,.F.);
#1650=ORIENTED_EDGE('',*,*,#1162,.F.);
#1651=ORIENTED_EDGE('',*,*,#1161,.F.);
#1652=ORIENTED_EDGE('',*,*,#1163,.F.);
#1653=ORIENTED_EDGE('',*,*,#1164,.F.);
#1654=ORIENTED_EDGE('',*,*,#1165,.F.);
#1655=ORIENTED_EDGE('',*,*,#1166,.T.);
#1656=ORIENTED_EDGE('',*,*,#1167,.T.);
#1657=ORIENTED_EDGE('',*,*,#1168,.T.);
#1658=ORIENTED_EDGE('',*,*,#1166,.F.);
#1659=ORIENTED_EDGE('',*,*,#1168,.F.);
#1660=ORIENTED_EDGE('',*,*,#1167,.F.);
#1661=ORIENTED_EDGE('',*,*,#1169,.F.);
#1662=ORIENTED_EDGE('',*,*,#1170,.F.);
#1663=ORIENTED_EDGE('',*,*,#1171,.T.);
#1664=ORIENTED_EDGE('',*,*,#1172,.T.);
#1665=ORIENTED_EDGE('',*,*,#1171,.F.);
#1666=ORIENTED_EDGE('',*,*,#1173,.F.);
#1667=ORIENTED_EDGE('',*,*,#1174,.F.);
#1668=ORIENTED_EDGE('',*,*,#1175,.T.);
#1669=ORIENTED_EDGE('',*,*,#1176,.T.);
#1670=ORIENTED_EDGE('',*,*,#1177,.T.);
#1671=ORIENTED_EDGE('',*,*,#1175,.F.);
#1672=ORIENTED_EDGE('',*,*,#1177,.F.);
#1673=ORIENTED_EDGE('',*,*,#1176,.F.);
#1674=ORIENTED_EDGE('',*,*,#1172,.F.);
#1675=ORIENTED_EDGE('',*,*,#1128,.T.);
#1676=ORIENTED_EDGE('',*,*,#1131,.F.);
#1677=ORIENTED_EDGE('',*,*,#1134,.T.);
#1678=ORIENTED_EDGE('',*,*,#1140,.T.);
#1679=ORIENTED_EDGE('',*,*,#1145,.T.);
#1680=ORIENTED_EDGE('',*,*,#1124,.T.);
#1681=ORIENTED_EDGE('',*,*,#1122,.T.);
#1682=ORIENTED_EDGE('',*,*,#1113,.T.);
#1683=ORIENTED_EDGE('',*,*,#1135,.T.);
#1684=ORIENTED_EDGE('',*,*,#1138,.T.);
#1685=ORIENTED_EDGE('',*,*,#1119,.F.);
#1686=ORIENTED_EDGE('',*,*,#1146,.T.);
#1687=ORIENTED_EDGE('',*,*,#1147,.T.);
#1688=ORIENTED_EDGE('',*,*,#1152,.T.);
#1689=ORIENTED_EDGE('',*,*,#1153,.T.);
#1690=ORIENTED_EDGE('',*,*,#1158,.T.);
#1691=ORIENTED_EDGE('',*,*,#1159,.T.);
#1692=ORIENTED_EDGE('',*,*,#1164,.T.);
#1693=ORIENTED_EDGE('',*,*,#1165,.T.);
#1694=ORIENTED_EDGE('',*,*,#1173,.T.);
#1695=ORIENTED_EDGE('',*,*,#1174,.T.);
#1696=ORIENTED_EDGE('',*,*,#1041,.T.);
#1697=ORIENTED_EDGE('',*,*,#1178,.F.);
#1698=ORIENTED_EDGE('',*,*,#1179,.F.);
#1699=ORIENTED_EDGE('',*,*,#1074,.T.);
#1700=ORIENTED_EDGE('',*,*,#1062,.T.);
#1701=ORIENTED_EDGE('',*,*,#1069,.T.);
#1702=ORIENTED_EDGE('',*,*,#1180,.T.);
#1703=ORIENTED_EDGE('',*,*,#1181,.T.);
#1704=ORIENTED_EDGE('',*,*,#1056,.F.);
#1705=ORIENTED_EDGE('',*,*,#1068,.T.);
#1706=ORIENTED_EDGE('',*,*,#1182,.T.);
#1707=ORIENTED_EDGE('',*,*,#1183,.T.);
#1708=ORIENTED_EDGE('',*,*,#1180,.F.);
#1709=ORIENTED_EDGE('',*,*,#1067,.T.);
#1710=ORIENTED_EDGE('',*,*,#1184,.T.);
#1711=ORIENTED_EDGE('',*,*,#1185,.T.);
#1712=ORIENTED_EDGE('',*,*,#1182,.F.);
#1713=ORIENTED_EDGE('',*,*,#1066,.T.);
#1714=ORIENTED_EDGE('',*,*,#1047,.T.);
#1715=ORIENTED_EDGE('',*,*,#1186,.T.);
#1716=ORIENTED_EDGE('',*,*,#1184,.F.);
#1717=ORIENTED_EDGE('',*,*,#1039,.T.);
#1718=ORIENTED_EDGE('',*,*,#1053,.F.);
#1719=ORIENTED_EDGE('',*,*,#1187,.F.);
#1720=ORIENTED_EDGE('',*,*,#1188,.T.);
#1721=ORIENTED_EDGE('',*,*,#1040,.T.);
#1722=ORIENTED_EDGE('',*,*,#1188,.F.);
#1723=ORIENTED_EDGE('',*,*,#1189,.F.);
#1724=ORIENTED_EDGE('',*,*,#1178,.T.);
#1725=ORIENTED_EDGE('',*,*,#1057,.F.);
#1726=ORIENTED_EDGE('',*,*,#1181,.F.);
#1727=ORIENTED_EDGE('',*,*,#1183,.F.);
#1728=ORIENTED_EDGE('',*,*,#1185,.F.);
#1729=ORIENTED_EDGE('',*,*,#1186,.F.);
#1730=ORIENTED_EDGE('',*,*,#1046,.F.);
#1731=ORIENTED_EDGE('',*,*,#1055,.F.);
#1732=ORIENTED_EDGE('',*,*,#1190,.F.);
#1733=ORIENTED_EDGE('',*,*,#1191,.F.);
#1734=ORIENTED_EDGE('',*,*,#1163,.T.);
#1735=ORIENTED_EDGE('',*,*,#1192,.T.);
#1736=ORIENTED_EDGE('',*,*,#1028,.T.);
#1737=ORIENTED_EDGE('',*,*,#1192,.F.);
#1738=ORIENTED_EDGE('',*,*,#1157,.T.);
#1739=ORIENTED_EDGE('',*,*,#1193,.T.);
#1740=ORIENTED_EDGE('',*,*,#1029,.T.);
#1741=ORIENTED_EDGE('',*,*,#1193,.F.);
#1742=ORIENTED_EDGE('',*,*,#1169,.T.);
#1743=ORIENTED_EDGE('',*,*,#1194,.T.);
#1744=ORIENTED_EDGE('',*,*,#1030,.T.);
#1745=ORIENTED_EDGE('',*,*,#1194,.F.);
#1746=ORIENTED_EDGE('',*,*,#1151,.T.);
#1747=ORIENTED_EDGE('',*,*,#1195,.T.);
#1748=ORIENTED_EDGE('',*,*,#1031,.T.);
#1749=ORIENTED_EDGE('',*,*,#1195,.F.);
#1750=ORIENTED_EDGE('',*,*,#1190,.T.);
#1751=ORIENTED_EDGE('',*,*,#1196,.T.);
#1752=ORIENTED_EDGE('',*,*,#1018,.T.);
#1753=ORIENTED_EDGE('',*,*,#1196,.F.);
#1754=ORIENTED_EDGE('',*,*,#1191,.T.);
#1755=ORIENTED_EDGE('',*,*,#1170,.T.);
#1756=ORIENTED_EDGE('',*,*,#1179,.T.);
#1757=ORIENTED_EDGE('',*,*,#1189,.T.);
#1758=ORIENTED_EDGE('',*,*,#1187,.T.);
#1759=ORIENTED_EDGE('',*,*,#1052,.T.);
#1760=ORIENTED_EDGE('',*,*,#1071,.T.);
#1761=ORIENTED_EDGE('',*,*,#1073,.T.);
#1762=ORIENTED_EDGE('',*,*,#1075,.T.);
#1763=CYLINDRICAL_SURFACE('',#1944,28.25);
#1764=CYLINDRICAL_SURFACE('',#1947,2.00000000000001);
#1765=CYLINDRICAL_SURFACE('',#1951,2.);
#1766=CYLINDRICAL_SURFACE('',#1954,36.);
#1767=CYLINDRICAL_SURFACE('',#1957,2.);
#1768=CYLINDRICAL_SURFACE('',#1961,2.);
#1769=CYLINDRICAL_SURFACE('',#1965,2.00000000000001);
#1770=CYLINDRICAL_SURFACE('',#1969,2.);
#1771=CYLINDRICAL_SURFACE('',#1972,36.);
#1772=CYLINDRICAL_SURFACE('',#1975,2.);
#1773=CYLINDRICAL_SURFACE('',#1979,2.00000000000001);
#1774=CYLINDRICAL_SURFACE('',#1982,28.25);
#1775=CYLINDRICAL_SURFACE('',#1986,36.);
#1776=CYLINDRICAL_SURFACE('',#1989,2.);
#1777=CYLINDRICAL_SURFACE('',#1993,2.);
#1778=CYLINDRICAL_SURFACE('',#1996,28.25);
#1779=CYLINDRICAL_SURFACE('',#1999,2.00000000000001);
#1780=CYLINDRICAL_SURFACE('',#2003,2.);
#1781=CYLINDRICAL_SURFACE('',#2008,2.);
#1782=CYLINDRICAL_SURFACE('',#2011,28.25);
#1783=CYLINDRICAL_SURFACE('',#2014,2.00000000000001);
#1784=CYLINDRICAL_SURFACE('',#2018,2.);
#1785=CYLINDRICAL_SURFACE('',#2021,36.);
#1786=CYLINDRICAL_SURFACE('',#2024,2.);
#1787=CYLINDRICAL_SURFACE('',#2032,8.975);
#1788=CYLINDRICAL_SURFACE('',#2039,12.7);
#1789=CYLINDRICAL_SURFACE('',#2041,25.75);
#1790=CYLINDRICAL_SURFACE('',#2057,7.5);
#1791=CYLINDRICAL_SURFACE('',#2060,25.1849999999982);
#1792=CYLINDRICAL_SURFACE('',#2063,20.);
#1793=CYLINDRICAL_SURFACE('',#2065,8.99999999999996);
#1794=CYLINDRICAL_SURFACE('',#2069,7.5);
#1795=CYLINDRICAL_SURFACE('',#2074,20.);
#1796=CYLINDRICAL_SURFACE('',#2077,8.99999999999998);
#1797=CYLINDRICAL_SURFACE('',#2088,10.2281601054306);
#1798=CYLINDRICAL_SURFACE('',#2110,10.2281601054306);
#1799=CYLINDRICAL_SURFACE('',#2124,20.);
#1800=CYLINDRICAL_SURFACE('',#2127,38.4);
#1801=CYLINDRICAL_SURFACE('',#2133,20.);
#1802=CYLINDRICAL_SURFACE('',#2137,0.999999999999992);
#1803=CYLINDRICAL_SURFACE('',#2142,0.999999999999992);
#1804=CYLINDRICAL_SURFACE('',#2147,4.05);
#1805=CYLINDRICAL_SURFACE('',#2154,4.05);
#1806=CYLINDRICAL_SURFACE('',#2161,4.05);
#1807=CYLINDRICAL_SURFACE('',#2168,4.05);
#1808=CYLINDRICAL_SURFACE('',#2175,26.7);
#1809=CYLINDRICAL_SURFACE('',#2178,28.95);
#1810=CYLINDRICAL_SURFACE('',#2185,25.1850000000004);
#1811=CYLINDRICAL_SURFACE('',#2188,8.99999999999998);
#1812=CYLINDRICAL_SURFACE('',#2191,20.);
#1813=CYLINDRICAL_SURFACE('',#2193,20.);
#1814=CYLINDRICAL_SURFACE('',#2195,8.99999999999996);
#1815=CYLINDRICAL_SURFACE('',#2200,2.75);
#1816=CYLINDRICAL_SURFACE('',#2201,2.75);
#1817=CYLINDRICAL_SURFACE('',#2202,2.75);
#1818=CYLINDRICAL_SURFACE('',#2203,2.75);
#1819=CYLINDRICAL_SURFACE('',#2204,5.1);
#1820=ADVANCED_FACE('',(#107),#1763,.T.);
#1821=ADVANCED_FACE('',(#108),#1764,.F.);
#1822=ADVANCED_FACE('',(#109),#67,.F.);
#1823=ADVANCED_FACE('',(#110),#1765,.F.);
#1824=ADVANCED_FACE('',(#111),#1766,.F.);
#1825=ADVANCED_FACE('',(#112),#1767,.F.);
#1826=ADVANCED_FACE('',(#113),#68,.F.);
#1827=ADVANCED_FACE('',(#114),#1768,.F.);
#1828=ADVANCED_FACE('',(#115),#69,.T.);
#1829=ADVANCED_FACE('',(#116),#1769,.F.);
#1830=ADVANCED_FACE('',(#117),#70,.F.);
#1831=ADVANCED_FACE('',(#118),#1770,.F.);
#1832=ADVANCED_FACE('',(#119),#1771,.F.);
#1833=ADVANCED_FACE('',(#120),#1772,.F.);
#1834=ADVANCED_FACE('',(#121),#71,.F.);
#1835=ADVANCED_FACE('',(#122),#1773,.F.);
#1836=ADVANCED_FACE('',(#123),#1774,.T.);
#1837=ADVANCED_FACE('',(#124),#72,.T.);
#1838=ADVANCED_FACE('',(#125),#1775,.F.);
#1839=ADVANCED_FACE('',(#126),#1776,.F.);
#1840=ADVANCED_FACE('',(#127),#73,.F.);
#1841=ADVANCED_FACE('',(#128),#1777,.F.);
#1842=ADVANCED_FACE('',(#129),#1778,.T.);
#1843=ADVANCED_FACE('',(#130),#1779,.F.);
#1844=ADVANCED_FACE('',(#131),#74,.F.);
#1845=ADVANCED_FACE('',(#132),#1780,.F.);
#1846=ADVANCED_FACE('',(#133),#75,.T.);
#1847=ADVANCED_FACE('',(#134),#76,.F.);
#1848=ADVANCED_FACE('',(#135),#1781,.F.);
#1849=ADVANCED_FACE('',(#136),#1782,.T.);
#1850=ADVANCED_FACE('',(#137),#1783,.F.);
#1851=ADVANCED_FACE('',(#138),#77,.F.);
#1852=ADVANCED_FACE('',(#139),#1784,.F.);
#1853=ADVANCED_FACE('',(#140),#1785,.F.);
#1854=ADVANCED_FACE('',(#141),#1786,.F.);
#1855=ADVANCED_FACE('',(#142),#78,.T.);
#1856=ADVANCED_FACE('',(#143),#64,.F.);
#1857=ADVANCED_FACE('',(#144),#1787,.F.);
#1858=ADVANCED_FACE('',(#145,#36),#79,.T.);
#1859=ADVANCED_FACE('',(#146,#37),#80,.T.);
#1860=ADVANCED_FACE('',(#147),#1788,.T.);
#1861=ADVANCED_FACE('',(#148),#1789,.F.);
#1862=ADVANCED_FACE('',(#149,#38),#81,.T.);
#1863=ADVANCED_FACE('',(#150,#39,#40,#41,#42,#43,#44,#45,#46,#47),#82,.F.);
#1864=ADVANCED_FACE('',(#151),#83,.T.);
#1865=ADVANCED_FACE('',(#152),#1790,.F.);
#1866=ADVANCED_FACE('',(#153),#1791,.F.);
#1867=ADVANCED_FACE('',(#154),#1792,.T.);
#1868=ADVANCED_FACE('',(#155),#1793,.F.);
#1869=ADVANCED_FACE('',(#156),#84,.T.);
#1870=ADVANCED_FACE('',(#157),#1794,.F.);
#1871=ADVANCED_FACE('',(#158),#1795,.T.);
#1872=ADVANCED_FACE('',(#159),#85,.F.);
#1873=ADVANCED_FACE('',(#160),#1796,.F.);
#1874=ADVANCED_FACE('',(#161),#86,.T.);
#1875=ADVANCED_FACE('',(#162),#15,.T.);
#1876=ADVANCED_FACE('',(#163,#48),#87,.T.);
#1877=ADVANCED_FACE('',(#164),#1797,.T.);
#1878=ADVANCED_FACE('',(#165,#49),#88,.T.);
#1879=ADVANCED_FACE('',(#166),#16,.T.);
#1880=ADVANCED_FACE('',(#167),#65,.T.);
#1881=ADVANCED_FACE('',(#168),#17,.T.);
#1882=ADVANCED_FACE('',(#169,#50),#89,.T.);
#1883=ADVANCED_FACE('',(#170),#1798,.T.);
#1884=ADVANCED_FACE('',(#171),#90,.T.);
#1885=ADVANCED_FACE('',(#172,#51),#91,.T.);
#1886=ADVANCED_FACE('',(#173),#18,.T.);
#1887=ADVANCED_FACE('',(#174),#66,.T.);
#1888=ADVANCED_FACE('',(#175),#92,.T.);
#1889=ADVANCED_FACE('',(#176),#1799,.F.);
#1890=ADVANCED_FACE('',(#177),#1800,.T.);
#1891=ADVANCED_FACE('',(#178),#1801,.F.);
#1892=ADVANCED_FACE('',(#179),#93,.T.);
#1893=ADVANCED_FACE('',(#180),#1802,.T.);
#1894=ADVANCED_FACE('',(#181),#94,.T.);
#1895=ADVANCED_FACE('',(#182),#95,.F.);
#1896=ADVANCED_FACE('',(#183),#1803,.T.);
#1897=ADVANCED_FACE('',(#184),#96,.T.);
#1898=ADVANCED_FACE('',(#185),#97,.F.);
#1899=ADVANCED_FACE('',(#186),#1804,.F.);
#1900=ADVANCED_FACE('',(#187,#52),#98,.T.);
#1901=ADVANCED_FACE('',(#188),#1805,.F.);
#1902=ADVANCED_FACE('',(#189,#53),#99,.T.);
#1903=ADVANCED_FACE('',(#190),#1806,.F.);
#1904=ADVANCED_FACE('',(#191,#54),#100,.T.);
#1905=ADVANCED_FACE('',(#192),#1807,.F.);
#1906=ADVANCED_FACE('',(#193,#55),#101,.T.);
#1907=ADVANCED_FACE('',(#194),#1808,.T.);
#1908=ADVANCED_FACE('',(#195),#1809,.F.);
#1909=ADVANCED_FACE('',(#196,#56),#102,.T.);
#1910=ADVANCED_FACE('',(#197,#57,#58,#59,#60,#61),#103,.T.);
#1911=ADVANCED_FACE('',(#198),#1810,.F.);
#1912=ADVANCED_FACE('',(#199),#1811,.F.);
#1913=ADVANCED_FACE('',(#200),#104,.F.);
#1914=ADVANCED_FACE('',(#201),#1812,.T.);
#1915=ADVANCED_FACE('',(#202),#1813,.T.);
#1916=ADVANCED_FACE('',(#203),#1814,.F.);
#1917=ADVANCED_FACE('',(#204,#62),#105,.T.);
#1918=ADVANCED_FACE('',(#205),#1815,.F.);
#1919=ADVANCED_FACE('',(#206),#1816,.F.);
#1920=ADVANCED_FACE('',(#207),#1817,.F.);
#1921=ADVANCED_FACE('',(#208),#1818,.F.);
#1922=ADVANCED_FACE('',(#209),#1819,.F.);
#1923=ADVANCED_FACE('',(#210,#63),#106,.T.);
#1924=CLOSED_SHELL('',(#1820,#1821,#1822,#1823,#1824,#1825,#1826,#1827,
#1828,#1829,#1830,#1831,#1832,#1833,#1834,#1835,#1836,#1837,#1838,#1839,
#1840,#1841,#1842,#1843,#1844,#1845,#1846,#1847,#1848,#1849,#1850,#1851,
#1852,#1853,#1854,#1855,#1856,#1857,#1858,#1859,#1860,#1861,#1862,#1863,
#1864,#1865,#1866,#1867,#1868,#1869,#1870,#1871,#1872,#1873,#1874,#1875,
#1876,#1877,#1878,#1879,#1880,#1881,#1882,#1883,#1884,#1885,#1886,#1887,
#1888,#1889,#1890,#1891,#1892,#1893,#1894,#1895,#1896,#1897,#1898,#1899,
#1900,#1901,#1902,#1903,#1904,#1905,#1906,#1907,#1908,#1909,#1910,#1911,
#1912,#1913,#1914,#1915,#1916,#1917,#1918,#1919,#1920,#1921,#1922,#1923));
#1925=DERIVED_UNIT_ELEMENT(#1927,1.);
#1926=DERIVED_UNIT_ELEMENT(#3542,3.);
#1927=(
MASS_UNIT()
NAMED_UNIT(*)
SI_UNIT($,.GRAM.)
);
#1928=DERIVED_UNIT((#1925,#1926));
#1929=MEASURE_REPRESENTATION_ITEM('density measure',
POSITIVE_RATIO_MEASURE(1.),#1928);
#1930=PROPERTY_DEFINITION_REPRESENTATION(#1935,#1932);
#1931=PROPERTY_DEFINITION_REPRESENTATION(#1936,#1933);
#1932=REPRESENTATION('material name',(#1934),#3539);
#1933=REPRESENTATION('density',(#1929),#3539);
#1934=DESCRIPTIVE_REPRESENTATION_ITEM('Generisch','Generisch');
#1935=PROPERTY_DEFINITION('material property','material name',#3549);
#1936=PROPERTY_DEFINITION('material property','density of part',#3549);
#1937=DATE_TIME_ROLE('creation_date');
#1938=APPLIED_DATE_AND_TIME_ASSIGNMENT(#1939,#1937,(#3549));
#1939=DATE_AND_TIME(#1940,#1941);
#1940=CALENDAR_DATE(2020,3,6);
#1941=LOCAL_TIME(3,36,2.,#1942);
#1942=COORDINATED_UNIVERSAL_TIME_OFFSET(0,0,.BEHIND.);
#1943=AXIS2_PLACEMENT_3D('placement',#2842,#2206,#2207);
#1944=AXIS2_PLACEMENT_3D('',#2843,#2208,#2209);
#1945=AXIS2_PLACEMENT_3D('',#2846,#2210,#2211);
#1946=AXIS2_PLACEMENT_3D('',#2850,#2213,#2214);
#1947=AXIS2_PLACEMENT_3D('',#2852,#2216,#2217);
#1948=AXIS2_PLACEMENT_3D('',#2854,#2218,#2219);
#1949=AXIS2_PLACEMENT_3D('',#2857,#2221,#2222);
#1950=AXIS2_PLACEMENT_3D('',#2858,#2223,#2224);
#1951=AXIS2_PLACEMENT_3D('',#2864,#2228,#2229);
#1952=AXIS2_PLACEMENT_3D('',#2866,#2230,#2231);
#1953=AXIS2_PLACEMENT_3D('',#2869,#2233,#2234);
#1954=AXIS2_PLACEMENT_3D('',#2870,#2235,#2236);
#1955=AXIS2_PLACEMENT_3D('',#2872,#2237,#2238);
#1956=AXIS2_PLACEMENT_3D('',#2875,#2240,#2241);
#1957=AXIS2_PLACEMENT_3D('',#2876,#2242,#2243);
#1958=AXIS2_PLACEMENT_3D('',#2878,#2244,#2245);
#1959=AXIS2_PLACEMENT_3D('',#2881,#2247,#2248);
#1960=AXIS2_PLACEMENT_3D('',#2882,#2249,#2250);
#1961=AXIS2_PLACEMENT_3D('',#2888,#2254,#2255);
#1962=AXIS2_PLACEMENT_3D('',#2889,#2256,#2257);
#1963=AXIS2_PLACEMENT_3D('',#2890,#2258,#2259);
#1964=AXIS2_PLACEMENT_3D('',#2891,#2260,#2261);
#1965=AXIS2_PLACEMENT_3D('',#2892,#2262,#2263);
#1966=AXIS2_PLACEMENT_3D('',#2895,#2264,#2265);
#1967=AXIS2_PLACEMENT_3D('',#2899,#2267,#2268);
#1968=AXIS2_PLACEMENT_3D('',#2901,#2270,#2271);
#1969=AXIS2_PLACEMENT_3D('',#2907,#2275,#2276);
#1970=AXIS2_PLACEMENT_3D('',#2909,#2277,#2278);
#1971=AXIS2_PLACEMENT_3D('',#2912,#2280,#2281);
#1972=AXIS2_PLACEMENT_3D('',#2913,#2282,#2283);
#1973=AXIS2_PLACEMENT_3D('',#2915,#2284,#2285);
#1974=AXIS2_PLACEMENT_3D('',#2918,#2287,#2288);
#1975=AXIS2_PLACEMENT_3D('',#2919,#2289,#2290);
#1976=AXIS2_PLACEMENT_3D('',#2921,#2291,#2292);
#1977=AXIS2_PLACEMENT_3D('',#2924,#2294,#2295);
#1978=AXIS2_PLACEMENT_3D('',#2925,#2296,#2297);
#1979=AXIS2_PLACEMENT_3D('',#2931,#2301,#2302);
#1980=AXIS2_PLACEMENT_3D('',#2933,#2303,#2304);
#1981=AXIS2_PLACEMENT_3D('',#2936,#2306,#2307);
#1982=AXIS2_PLACEMENT_3D('',#2937,#2308,#2309);
#1983=AXIS2_PLACEMENT_3D('',#2938,#2310,#2311);
#1984=AXIS2_PLACEMENT_3D('',#2939,#2312,#2313);
#1985=AXIS2_PLACEMENT_3D('',#2940,#2314,#2315);
#1986=AXIS2_PLACEMENT_3D('',#2941,#2316,#2317);
#1987=AXIS2_PLACEMENT_3D('',#2944,#2318,#2319);
#1988=AXIS2_PLACEMENT_3D('',#2948,#2321,#2322);
#1989=AXIS2_PLACEMENT_3D('',#2950,#2324,#2325);
#1990=AXIS2_PLACEMENT_3D('',#2952,#2326,#2327);
#1991=AXIS2_PLACEMENT_3D('',#2955,#2329,#2330);
#1992=AXIS2_PLACEMENT_3D('',#2956,#2331,#2332);
#1993=AXIS2_PLACEMENT_3D('',#2962,#2336,#2337);
#1994=AXIS2_PLACEMENT_3D('',#2964,#2338,#2339);
#1995=AXIS2_PLACEMENT_3D('',#2967,#2341,#2342);
#1996=AXIS2_PLACEMENT_3D('',#2968,#2343,#2344);
#1997=AXIS2_PLACEMENT_3D('',#2970,#2345,#2346);
#1998=AXIS2_PLACEMENT_3D('',#2973,#2348,#2349);
#1999=AXIS2_PLACEMENT_3D('',#2974,#2350,#2351);
#2000=AXIS2_PLACEMENT_3D('',#2976,#2352,#2353);
#2001=AXIS2_PLACEMENT_3D('',#2979,#2355,#2356);
#2002=AXIS2_PLACEMENT_3D('',#2980,#2357,#2358);
#2003=AXIS2_PLACEMENT_3D('',#2986,#2362,#2363);
#2004=AXIS2_PLACEMENT_3D('',#2987,#2364,#2365);
#2005=AXIS2_PLACEMENT_3D('',#2988,#2366,#2367);
#2006=AXIS2_PLACEMENT_3D('',#2989,#2368,#2369);
#2007=AXIS2_PLACEMENT_3D('',#2990,#2370,#2371);
#2008=AXIS2_PLACEMENT_3D('',#2999,#2376,#2377);
#2009=AXIS2_PLACEMENT_3D('',#3001,#2378,#2379);
#2010=AXIS2_PLACEMENT_3D('',#3004,#2381,#2382);
#2011=AXIS2_PLACEMENT_3D('',#3005,#2383,#2384);
#2012=AXIS2_PLACEMENT_3D('',#3007,#2385,#2386);
#2013=AXIS2_PLACEMENT_3D('',#3010,#2388,#2389);
#2014=AXIS2_PLACEMENT_3D('',#3011,#2390,#2391);
#2015=AXIS2_PLACEMENT_3D('',#3013,#2392,#2393);
#2016=AXIS2_PLACEMENT_3D('',#3016,#2395,#2396);
#2017=AXIS2_PLACEMENT_3D('',#3017,#2397,#2398);
#2018=AXIS2_PLACEMENT_3D('',#3023,#2402,#2403);
#2019=AXIS2_PLACEMENT_3D('',#3025,#2404,#2405);
#2020=AXIS2_PLACEMENT_3D('',#3028,#2407,#2408);
#2021=AXIS2_PLACEMENT_3D('',#3029,#2409,#2410);
#2022=AXIS2_PLACEMENT_3D('',#3031,#2411,#2412);
#2023=AXIS2_PLACEMENT_3D('',#3034,#2414,#2415);
#2024=AXIS2_PLACEMENT_3D('',#3035,#2416,#2417);
#2025=AXIS2_PLACEMENT_3D('',#3036,#2418,#2419);
#2026=AXIS2_PLACEMENT_3D('',#3037,#2420,#2421);
#2027=AXIS2_PLACEMENT_3D('',#3038,#2422,#2423);
#2028=AXIS2_PLACEMENT_3D('',#3039,#2424,#2425);
#2029=AXIS2_PLACEMENT_3D('',#3041,#2426,#2427);
#2030=AXIS2_PLACEMENT_3D('',#3045,#2429,#2430);
#2031=AXIS2_PLACEMENT_3D('',#3046,#2431,#2432);
#2032=AXIS2_PLACEMENT_3D('',#3047,#2433,#2434);
#2033=AXIS2_PLACEMENT_3D('',#3051,#2436,#2437);
#2034=AXIS2_PLACEMENT_3D('',#3052,#2438,#2439);
#2035=AXIS2_PLACEMENT_3D('',#3053,#2440,#2441);
#2036=AXIS2_PLACEMENT_3D('',#3055,#2442,#2443);
#2037=AXIS2_PLACEMENT_3D('',#3056,#2444,#2445);
#2038=AXIS2_PLACEMENT_3D('',#3058,#2446,#2447);
#2039=AXIS2_PLACEMENT_3D('',#3059,#2448,#2449);
#2040=AXIS2_PLACEMENT_3D('',#3062,#2451,#2452);
#2041=AXIS2_PLACEMENT_3D('',#3063,#2453,#2454);
#2042=AXIS2_PLACEMENT_3D('',#3066,#2455,#2456);
#2043=AXIS2_PLACEMENT_3D('',#3067,#2457,#2458);
#2044=AXIS2_PLACEMENT_3D('',#3071,#2460,#2461);
#2045=AXIS2_PLACEMENT_3D('',#3072,#2462,#2463);
#2046=AXIS2_PLACEMENT_3D('',#3073,#2464,#2465);
#2047=AXIS2_PLACEMENT_3D('',#3074,#2466,#2467);
#2048=AXIS2_PLACEMENT_3D('',#3077,#2468,#2469);
#2049=AXIS2_PLACEMENT_3D('',#3078,#2470,#2471);
#2050=AXIS2_PLACEMENT_3D('',#3080,#2472,#2473);
#2051=AXIS2_PLACEMENT_3D('',#3082,#2474,#2475);
#2052=AXIS2_PLACEMENT_3D('',#3084,#2476,#2477);
#2053=AXIS2_PLACEMENT_3D('',#3086,#2478,#2479);
#2054=AXIS2_PLACEMENT_3D('',#3087,#2480,#2481);
#2055=AXIS2_PLACEMENT_3D('',#3092,#2483,#2484);
#2056=AXIS2_PLACEMENT_3D('',#3093,#2485,#2486);
#2057=AXIS2_PLACEMENT_3D('',#3094,#2487,#2488);
#2058=AXIS2_PLACEMENT_3D('',#3097,#2489,#2490);
#2059=AXIS2_PLACEMENT_3D('',#3098,#2491,#2492);
#2060=AXIS2_PLACEMENT_3D('',#3169,#2494,#2495);
#2061=AXIS2_PLACEMENT_3D('',#3173,#2497,#2498);
#2062=AXIS2_PLACEMENT_3D('',#3195,#2502,#2503);
#2063=AXIS2_PLACEMENT_3D('',#3197,#2505,#2506);
#2064=AXIS2_PLACEMENT_3D('',#3200,#2508,#2509);
#2065=AXIS2_PLACEMENT_3D('',#3201,#2510,#2511);
#2066=AXIS2_PLACEMENT_3D('',#3204,#2513,#2514);
#2067=AXIS2_PLACEMENT_3D('',#3205,#2515,#2516);
#2068=AXIS2_PLACEMENT_3D('',#3206,#2517,#2518);
#2069=AXIS2_PLACEMENT_3D('',#3207,#2519,#2520);
#2070=AXIS2_PLACEMENT_3D('',#3210,#2521,#2522);
#2071=AXIS2_PLACEMENT_3D('',#3211,#2523,#2524);
#2072=AXIS2_PLACEMENT_3D('',#3235,#2526,#2527);
#2073=AXIS2_PLACEMENT_3D('',#3254,#2528,#2529);
#2074=AXIS2_PLACEMENT_3D('',#3274,#2530,#2531);
#2075=AXIS2_PLACEMENT_3D('',#3277,#2533,#2534);
#2076=AXIS2_PLACEMENT_3D('',#3278,#2535,#2536);
#2077=AXIS2_PLACEMENT_3D('',#3282,#2539,#2540);
#2078=AXIS2_PLACEMENT_3D('',#3285,#2542,#2543);
#2079=AXIS2_PLACEMENT_3D('',#3286,#2544,#2545);
#2080=AXIS2_PLACEMENT_3D('',#3290,#2547,#2548);
#2081=AXIS2_PLACEMENT_3D('',#3291,#2549,#2550);
#2082=AXIS2_PLACEMENT_3D('',#3294,#2551,#2552);
#2083=AXIS2_PLACEMENT_3D('',#3295,#2553,#2554);
#2084=AXIS2_PLACEMENT_3D('',#3297,#2555,#2556);
#2085=AXIS2_PLACEMENT_3D('',#3299,#2557,#2558);
#2086=AXIS2_PLACEMENT_3D('',#3300,#2559,#2560);
#2087=AXIS2_PLACEMENT_3D('',#3301,#2561,#2562);
#2088=AXIS2_PLACEMENT_3D('',#3302,#2563,#2564);
#2089=AXIS2_PLACEMENT_3D('',#3305,#2565,#2566);
#2090=AXIS2_PLACEMENT_3D('',#3306,#2567,#2568);
#2091=AXIS2_PLACEMENT_3D('',#3309,#2570,#2571);
#2092=AXIS2_PLACEMENT_3D('',#3310,#2572,#2573);
#2093=AXIS2_PLACEMENT_3D('',#3311,#2574,#2575);
#2094=AXIS2_PLACEMENT_3D('',#3314,#2576,#2577);
#2095=AXIS2_PLACEMENT_3D('',#3315,#2578,#2579);
#2096=AXIS2_PLACEMENT_3D('',#3316,#2580,#2581);
#2097=AXIS2_PLACEMENT_3D('',#3319,#2582,#2583);
#2098=AXIS2_PLACEMENT_3D('',#3320,#2584,#2585);
#2099=AXIS2_PLACEMENT_3D('',#3321,#2586,#2587);
#2100=AXIS2_PLACEMENT_3D('',#3322,#2588,#2589);
#2101=AXIS2_PLACEMENT_3D('',#3324,#2591,#2592);
#2102=AXIS2_PLACEMENT_3D('',#3327,#2593,#2594);
#2103=AXIS2_PLACEMENT_3D('',#3328,#2595,#2596);
#2104=AXIS2_PLACEMENT_3D('',#3330,#2597,#2598);
#2105=AXIS2_PLACEMENT_3D('',#3332,#2599,#2600);
#2106=AXIS2_PLACEMENT_3D('',#3333,#2601,#2602);
#2107=AXIS2_PLACEMENT_3D('',#3334,#2603,#2604);
#2108=AXIS2_PLACEMENT_3D('',#3337,#2605,#2606);
#2109=AXIS2_PLACEMENT_3D('',#3338,#2607,#2608);
#2110=AXIS2_PLACEMENT_3D('',#3339,#2609,#2610);
#2111=AXIS2_PLACEMENT_3D('',#3342,#2611,#2612);
#2112=AXIS2_PLACEMENT_3D('',#3344,#2613,#2614);
#2113=AXIS2_PLACEMENT_3D('',#3346,#2616,#2617);
#2114=AXIS2_PLACEMENT_3D('',#3347,#2618,#2619);
#2115=AXIS2_PLACEMENT_3D('',#3349,#2621,#2622);
#2116=AXIS2_PLACEMENT_3D('',#3352,#2623,#2624);
#2117=AXIS2_PLACEMENT_3D('',#3353,#2625,#2626);
#2118=AXIS2_PLACEMENT_3D('',#3354,#2627,#2628);
#2119=AXIS2_PLACEMENT_3D('',#3357,#2629,#2630);
#2120=AXIS2_PLACEMENT_3D('',#3358,#2631,#2632);
#2121=AXIS2_PLACEMENT_3D('',#3359,#2633,#2634);
#2122=AXIS2_PLACEMENT_3D('',#3360,#2635,#2636);
#2123=AXIS2_PLACEMENT_3D('',#3362,#2638,#2639);
#2124=AXIS2_PLACEMENT_3D('',#3372,#2645,#2646);
#2125=AXIS2_PLACEMENT_3D('',#3375,#2647,#2648);
#2126=AXIS2_PLACEMENT_3D('',#3379,#2650,#2651);
#2127=AXIS2_PLACEMENT_3D('',#3381,#2653,#2654);
#2128=AXIS2_PLACEMENT_3D('',#3382,#2655,#2656);
#2129=AXIS2_PLACEMENT_3D('',#3384,#2657,#2658);
#2130=AXIS2_PLACEMENT_3D('',#3387,#2660,#2661);
#2131=AXIS2_PLACEMENT_3D('',#3391,#2663,#2664);
#2132=AXIS2_PLACEMENT_3D('',#3394,#2666,#2667);
#2133=AXIS2_PLACEMENT_3D('',#3395,#2668,#2669);
#2134=AXIS2_PLACEMENT_3D('',#3397,#2670,#2671);
#2135=AXIS2_PLACEMENT_3D('',#3400,#2673,#2674);
#2136=AXIS2_PLACEMENT_3D('',#3401,#2675,#2676);
#2137=AXIS2_PLACEMENT_3D('',#3407,#2680,#2681);
#2138=AXIS2_PLACEMENT_3D('',#3409,#2682,#2683);
#2139=AXIS2_PLACEMENT_3D('',#3411,#2684,#2685);
#2140=AXIS2_PLACEMENT_3D('',#3413,#2687,#2688);
#2141=AXIS2_PLACEMENT_3D('',#3416,#2691,#2692);
#2142=AXIS2_PLACEMENT_3D('',#3417,#2693,#2694);
#2143=AXIS2_PLACEMENT_3D('',#3419,#2695,#2696);
#2144=AXIS2_PLACEMENT_3D('',#3421,#2697,#2698);
#2145=AXIS2_PLACEMENT_3D('',#3424,#2701,#2702);
#2146=AXIS2_PLACEMENT_3D('',#3427,#2705,#2706);
#2147=AXIS2_PLACEMENT_3D('',#3428,#2707,#2708);
#2148=AXIS2_PLACEMENT_3D('',#3431,#2709,#2710);
#2149=AXIS2_PLACEMENT_3D('',#3432,#2711,#2712);
#2150=AXIS2_PLACEMENT_3D('',#3436,#2714,#2715);
#2151=AXIS2_PLACEMENT_3D('',#3437,#2716,#2717);
#2152=AXIS2_PLACEMENT_3D('',#3438,#2718,#2719);
#2153=AXIS2_PLACEMENT_3D('',#3440,#2720,#2721);
#2154=AXIS2_PLACEMENT_3D('',#3441,#2722,#2723);
#2155=AXIS2_PLACEMENT_3D('',#3444,#2724,#2725);
#2156=AXIS2_PLACEMENT_3D('',#3445,#2726,#2727);
#2157=AXIS2_PLACEMENT_3D('',#3449,#2729,#2730);
#2158=AXIS2_PLACEMENT_3D('',#3450,#2731,#2732);
#2159=AXIS2_PLACEMENT_3D('',#3451,#2733,#2734);
#2160=AXIS2_PLACEMENT_3D('',#3453,#2735,#2736);
#2161=AXIS2_PLACEMENT_3D('',#3454,#2737,#2738);
#2162=AXIS2_PLACEMENT_3D('',#3457,#2739,#2740);
#2163=AXIS2_PLACEMENT_3D('',#3458,#2741,#2742);
#2164=AXIS2_PLACEMENT_3D('',#3462,#2744,#2745);
#2165=AXIS2_PLACEMENT_3D('',#3463,#2746,#2747);
#2166=AXIS2_PLACEMENT_3D('',#3464,#2748,#2749);
#2167=AXIS2_PLACEMENT_3D('',#3466,#2750,#2751);
#2168=AXIS2_PLACEMENT_3D('',#3467,#2752,#2753);
#2169=AXIS2_PLACEMENT_3D('',#3470,#2754,#2755);
#2170=AXIS2_PLACEMENT_3D('',#3471,#2756,#2757);
#2171=AXIS2_PLACEMENT_3D('',#3475,#2759,#2760);
#2172=AXIS2_PLACEMENT_3D('',#3476,#2761,#2762);
#2173=AXIS2_PLACEMENT_3D('',#3477,#2763,#2764);
#2174=AXIS2_PLACEMENT_3D('',#3479,#2765,#2766);
#2175=AXIS2_PLACEMENT_3D('',#3480,#2767,#2768);
#2176=AXIS2_PLACEMENT_3D('',#3482,#2769,#2770);
#2177=AXIS2_PLACEMENT_3D('',#3485,#2772,#2773);
#2178=AXIS2_PLACEMENT_3D('',#3486,#2774,#2775);
#2179=AXIS2_PLACEMENT_3D('',#3489,#2776,#2777);
#2180=AXIS2_PLACEMENT_3D('',#3490,#2778,#2779);
#2181=AXIS2_PLACEMENT_3D('',#3494,#2781,#2782);
#2182=AXIS2_PLACEMENT_3D('',#3495,#2783,#2784);
#2183=AXIS2_PLACEMENT_3D('',#3496,#2785,#2786);
#2184=AXIS2_PLACEMENT_3D('',#3497,#2787,#2788);
#2185=AXIS2_PLACEMENT_3D('',#3498,#2789,#2790);
#2186=AXIS2_PLACEMENT_3D('',#3501,#2792,#2793);
#2187=AXIS2_PLACEMENT_3D('',#3504,#2795,#2796);
#2188=AXIS2_PLACEMENT_3D('',#3505,#2797,#2798);
#2189=AXIS2_PLACEMENT_3D('',#3508,#2800,#2801);
#2190=AXIS2_PLACEMENT_3D('',#3509,#2802,#2803);
#2191=AXIS2_PLACEMENT_3D('',#3513,#2806,#2807);
#2192=AXIS2_PLACEMENT_3D('',#3514,#2808,#2809);
#2193=AXIS2_PLACEMENT_3D('',#3515,#2810,#2811);
#2194=AXIS2_PLACEMENT_3D('',#3517,#2812,#2813);
#2195=AXIS2_PLACEMENT_3D('',#3519,#2815,#2816);
#2196=AXIS2_PLACEMENT_3D('',#3520,#2817,#2818);
#2197=AXIS2_PLACEMENT_3D('',#3521,#2819,#2820);
#2198=AXIS2_PLACEMENT_3D('',#3524,#2821,#2822);
#2199=AXIS2_PLACEMENT_3D('',#3525,#2823,#2824);
#2200=AXIS2_PLACEMENT_3D('',#3526,#2825,#2826);
#2201=AXIS2_PLACEMENT_3D('',#3528,#2828,#2829);
#2202=AXIS2_PLACEMENT_3D('',#3530,#2831,#2832);
#2203=AXIS2_PLACEMENT_3D('',#3532,#2834,#2835);
#2204=AXIS2_PLACEMENT_3D('',#3534,#2837,#2838);
#2205=AXIS2_PLACEMENT_3D('',#3536,#2840,#2841);
#2206=DIRECTION('axis',(0.,0.,1.));
#2207=DIRECTION('refdir',(1.,0.,0.));
#2208=DIRECTION('center_axis',(0.,1.,0.));
#2209=DIRECTION('ref_axis',(-0.972857515312175,0.,-0.231404958677686));
#2210=DIRECTION('center_axis',(0.,-1.,0.));
#2211=DIRECTION('ref_axis',(-0.972857515312175,0.,-0.231404958677686));
#2212=DIRECTION('',(0.,1.,0.));
#2213=DIRECTION('center_axis',(0.,-1.,0.));
#2214=DIRECTION('ref_axis',(-0.972857515312175,0.,-0.231404958677686));
#2215=DIRECTION('',(0.,1.,0.));
#2216=DIRECTION('center_axis',(0.,1.,0.));
#2217=DIRECTION('ref_axis',(-0.972857515312174,0.,-0.231404958677689));
#2218=DIRECTION('center_axis',(0.,1.,0.));
#2219=DIRECTION('ref_axis',(-0.972857515312174,0.,-0.231404958677689));
#2220=DIRECTION('',(0.,1.,0.));
#2221=DIRECTION('center_axis',(0.,1.,0.));
#2222=DIRECTION('ref_axis',(-0.972857515312174,0.,-0.231404958677689));
#2223=DIRECTION('center_axis',(0.,0.,-1.));
#2224=DIRECTION('ref_axis',(-1.,0.,0.));
#2225=DIRECTION('',(-1.,0.,0.));
#2226=DIRECTION('',(0.,1.,0.));
#2227=DIRECTION('',(-1.,0.,0.));
#2228=DIRECTION('center_axis',(0.,1.,0.));
#2229=DIRECTION('ref_axis',(0.,0.,-1.));
#2230=DIRECTION('center_axis',(0.,1.,0.));
#2231=DIRECTION('ref_axis',(0.,0.,-1.));
#2232=DIRECTION('',(0.,1.,0.));
#2233=DIRECTION('center_axis',(0.,1.,0.));
#2234=DIRECTION('ref_axis',(0.,0.,-1.));
#2235=DIRECTION('center_axis',(0.,1.,0.));
#2236=DIRECTION('ref_axis',(0.978576750565537,0.,0.205882352941176));
#2237=DIRECTION('center_axis',(0.,1.,0.));
#2238=DIRECTION('ref_axis',(0.978576750565537,0.,0.205882352941176));
#2239=DIRECTION('',(0.,1.,0.));
#2240=DIRECTION('center_axis',(0.,1.,0.));
#2241=DIRECTION('ref_axis',(0.978576750565537,0.,0.205882352941176));
#2242=DIRECTION('center_axis',(0.,1.,0.));
#2243=DIRECTION('ref_axis',(0.205882352941173,0.,0.978576750565538));
#2244=DIRECTION('center_axis',(0.,1.,0.));
#2245=DIRECTION('ref_axis',(0.205882352941173,0.,0.978576750565538));
#2246=DIRECTION('',(0.,1.,0.));
#2247=DIRECTION('center_axis',(0.,1.,0.));
#2248=DIRECTION('ref_axis',(0.205882352941173,0.,0.978576750565538));
#2249=DIRECTION('center_axis',(-1.,0.,2.88919713839712E-16));
#2250=DIRECTION('ref_axis',(2.88919713839712E-16,0.,1.));
#2251=DIRECTION('',(2.88919713839712E-16,0.,1.));
#2252=DIRECTION('',(0.,1.,0.));
#2253=DIRECTION('',(2.88919713839712E-16,0.,1.));
#2254=DIRECTION('center_axis',(0.,1.,0.));
#2255=DIRECTION('ref_axis',(-1.,0.,0.));
#2256=DIRECTION('center_axis',(0.,1.,0.));
#2257=DIRECTION('ref_axis',(-1.,0.,0.));
#2258=DIRECTION('center_axis',(0.,1.,0.));
#2259=DIRECTION('ref_axis',(-1.,0.,0.));
#2260=DIRECTION('center_axis',(0.,-1.,0.));
#2261=DIRECTION('ref_axis',(0.,0.,-1.));
#2262=DIRECTION('center_axis',(0.,1.,0.));
#2263=DIRECTION('ref_axis',(0.231404958677688,0.,-0.972857515312174));
#2264=DIRECTION('center_axis',(0.,1.,0.));
#2265=DIRECTION('ref_axis',(0.231404958677688,0.,-0.972857515312174));
#2266=DIRECTION('',(0.,1.,0.));
#2267=DIRECTION('center_axis',(0.,1.,0.));
#2268=DIRECTION('ref_axis',(0.231404958677688,0.,-0.972857515312174));
#2269=DIRECTION('',(0.,1.,0.));
#2270=DIRECTION('center_axis',(1.,0.,0.));
#2271=DIRECTION('ref_axis',(0.,0.,-1.));
#2272=DIRECTION('',(0.,0.,-1.));
#2273=DIRECTION('',(0.,1.,0.));
#2274=DIRECTION('',(0.,0.,-1.));
#2275=DIRECTION('center_axis',(0.,1.,0.));
#2276=DIRECTION('ref_axis',(1.,0.,0.));
#2277=DIRECTION('center_axis',(0.,1.,0.));
#2278=DIRECTION('ref_axis',(1.,0.,0.));
#2279=DIRECTION('',(0.,1.,0.));
#2280=DIRECTION('center_axis',(0.,1.,0.));
#2281=DIRECTION('ref_axis',(1.,0.,0.));
#2282=DIRECTION('center_axis',(0.,1.,0.));
#2283=DIRECTION('ref_axis',(-0.205882352941176,0.,0.978576750565537));
#2284=DIRECTION('center_axis',(0.,1.,0.));
#2285=DIRECTION('ref_axis',(-0.205882352941176,0.,0.978576750565537));
#2286=DIRECTION('',(0.,1.,0.));
#2287=DIRECTION('center_axis',(0.,1.,0.));
#2288=DIRECTION('ref_axis',(-0.205882352941176,0.,0.978576750565537));
#2289=DIRECTION('center_axis',(0.,1.,0.));
#2290=DIRECTION('ref_axis',(-0.978576750565538,0.,0.205882352941173));
#2291=DIRECTION('center_axis',(0.,1.,0.));
#2292=DIRECTION('ref_axis',(-0.978576750565538,0.,0.205882352941173));
#2293=DIRECTION('',(0.,1.,0.));
#2294=DIRECTION('center_axis',(0.,1.,0.));
#2295=DIRECTION('ref_axis',(-0.978576750565538,0.,0.205882352941173));
#2296=DIRECTION('center_axis',(-8.66759141519134E-16,0.,-1.));
#2297=DIRECTION('ref_axis',(-1.,0.,8.66759141519134E-16));
#2298=DIRECTION('',(-1.,0.,8.66759141519134E-16));
#2299=DIRECTION('',(0.,1.,0.));
#2300=DIRECTION('',(-1.,0.,8.66759141519134E-16));
#2301=DIRECTION('center_axis',(0.,1.,0.));
#2302=DIRECTION('ref_axis',(2.22044604925031E-15,0.,-1.));
#2303=DIRECTION('center_axis',(0.,1.,0.));
#2304=DIRECTION('ref_axis',(2.22044604925031E-15,0.,-1.));
#2305=DIRECTION('',(0.,1.,0.));
#2306=DIRECTION('center_axis',(0.,1.,0.));
#2307=DIRECTION('ref_axis',(2.22044604925031E-15,0.,-1.));
#2308=DIRECTION('center_axis',(0.,1.,0.));
#2309=DIRECTION('ref_axis',(0.231404958677686,0.,-0.972857515312175));
#2310=DIRECTION('center_axis',(0.,-1.,0.));
#2311=DIRECTION('ref_axis',(0.231404958677686,0.,-0.972857515312175));
#2312=DIRECTION('center_axis',(0.,-1.,0.));
#2313=DIRECTION('ref_axis',(0.231404958677686,0.,-0.972857515312175));
#2314=DIRECTION('center_axis',(0.,-1.,0.));
#2315=DIRECTION('ref_axis',(0.,0.,-1.));
#2316=DIRECTION('center_axis',(0.,1.,0.));
#2317=DIRECTION('ref_axis',(0.205882352941176,0.,-0.978576750565537));
#2318=DIRECTION('center_axis',(0.,1.,0.));
#2319=DIRECTION('ref_axis',(0.205882352941176,0.,-0.978576750565537));
#2320=DIRECTION('',(0.,1.,0.));
#2321=DIRECTION('center_axis',(0.,1.,0.));
#2322=DIRECTION('ref_axis',(0.205882352941176,0.,-0.978576750565537));
#2323=DIRECTION('',(0.,1.,0.));
#2324=DIRECTION('center_axis',(0.,1.,0.));
#2325=DIRECTION('ref_axis',(0.978576750565536,0.,-0.205882352941182));
#2326=DIRECTION('center_axis',(0.,1.,0.));
#2327=DIRECTION('ref_axis',(0.978576750565536,0.,-0.205882352941182));
#2328=DIRECTION('',(0.,1.,0.));
#2329=DIRECTION('center_axis',(0.,1.,0.));
#2330=DIRECTION('ref_axis',(0.978576750565536,0.,-0.205882352941182));
#2331=DIRECTION('center_axis',(2.88919713839711E-16,0.,1.));
#2332=DIRECTION('ref_axis',(1.,0.,-2.88919713839711E-16));
#2333=DIRECTION('',(1.,0.,-2.88919713839711E-16));
#2334=DIRECTION('',(0.,1.,0.));
#2335=DIRECTION('',(1.,0.,-2.88919713839711E-16));
#2336=DIRECTION('center_axis',(0.,1.,0.));
#2337=DIRECTION('ref_axis',(-2.22044604925031E-15,0.,1.));
#2338=DIRECTION('center_axis',(0.,1.,0.));
#2339=DIRECTION('ref_axis',(-2.22044604925031E-15,0.,1.));
#2340=DIRECTION('',(0.,1.,0.));
#2341=DIRECTION('center_axis',(0.,1.,0.));
#2342=DIRECTION('ref_axis',(-2.22044604925031E-15,0.,1.));
#2343=DIRECTION('center_axis',(0.,1.,0.));
#2344=DIRECTION('ref_axis',(-0.231404958677686,0.,0.972857515312175));
#2345=DIRECTION('center_axis',(0.,-1.,0.));
#2346=DIRECTION('ref_axis',(-0.231404958677686,0.,0.972857515312175));
#2347=DIRECTION('',(0.,1.,0.));
#2348=DIRECTION('center_axis',(0.,-1.,0.));
#2349=DIRECTION('ref_axis',(-0.231404958677686,0.,0.972857515312175));
#2350=DIRECTION('center_axis',(0.,1.,0.));
#2351=DIRECTION('ref_axis',(-0.231404958677685,0.,0.972857515312175));
#2352=DIRECTION('center_axis',(0.,1.,0.));
#2353=DIRECTION('ref_axis',(-0.231404958677685,0.,0.972857515312175));
#2354=DIRECTION('',(0.,1.,0.));
#2355=DIRECTION('center_axis',(0.,1.,0.));
#2356=DIRECTION('ref_axis',(-0.231404958677685,0.,0.972857515312175));
#2357=DIRECTION('center_axis',(-1.,0.,0.));
#2358=DIRECTION('ref_axis',(0.,0.,1.));
#2359=DIRECTION('',(0.,0.,1.));
#2360=DIRECTION('',(0.,1.,0.));
#2361=DIRECTION('',(0.,0.,1.));
#2362=DIRECTION('center_axis',(0.,1.,0.));
#2363=DIRECTION('ref_axis',(-1.,0.,0.));
#2364=DIRECTION('center_axis',(0.,1.,0.));
#2365=DIRECTION('ref_axis',(-1.,0.,0.));
#2366=DIRECTION('center_axis',(0.,1.,0.));
#2367=DIRECTION('ref_axis',(-1.,0.,0.));
#2368=DIRECTION('center_axis',(0.,-1.,0.));
#2369=DIRECTION('ref_axis',(0.,0.,-1.));
#2370=DIRECTION('center_axis',(1.,0.,0.));
#2371=DIRECTION('ref_axis',(0.,0.,-1.));
#2372=DIRECTION('',(0.,0.,-1.));
#2373=DIRECTION('',(0.,1.,0.));
#2374=DIRECTION('',(0.,0.,-1.));
#2375=DIRECTION('',(0.,1.,0.));
#2376=DIRECTION('center_axis',(0.,1.,0.));
#2377=DIRECTION('ref_axis',(1.,0.,2.22044604925031E-15));
#2378=DIRECTION('center_axis',(0.,1.,0.));
#2379=DIRECTION('ref_axis',(1.,0.,2.22044604925031E-15));
#2380=DIRECTION('',(0.,1.,0.));
#2381=DIRECTION('center_axis',(0.,1.,0.));
#2382=DIRECTION('ref_axis',(1.,0.,2.22044604925031E-15));
#2383=DIRECTION('center_axis',(0.,1.,0.));
#2384=DIRECTION('ref_axis',(0.972857515312175,0.,0.231404958677686));
#2385=DIRECTION('center_axis',(0.,-1.,0.));
#2386=DIRECTION('ref_axis',(0.972857515312175,0.,0.231404958677686));
#2387=DIRECTION('',(0.,1.,0.));
#2388=DIRECTION('center_axis',(0.,-1.,0.));
#2389=DIRECTION('ref_axis',(0.972857515312175,0.,0.231404958677686));
#2390=DIRECTION('center_axis',(0.,1.,0.));
#2391=DIRECTION('ref_axis',(0.972857515312173,0.,0.231404958677692));
#2392=DIRECTION('center_axis',(0.,1.,0.));
#2393=DIRECTION('ref_axis',(0.972857515312173,0.,0.231404958677692));
#2394=DIRECTION('',(0.,1.,0.));
#2395=DIRECTION('center_axis',(0.,1.,0.));
#2396=DIRECTION('ref_axis',(0.972857515312173,0.,0.231404958677692));
#2397=DIRECTION('center_axis',(1.73351828303827E-15,0.,1.));
#2398=DIRECTION('ref_axis',(1.,0.,-1.73351828303827E-15));
#2399=DIRECTION('',(1.,0.,-1.73351828303827E-15));
#2400=DIRECTION('',(0.,1.,0.));
#2401=DIRECTION('',(1.,0.,-1.73351828303827E-15));
#2402=DIRECTION('center_axis',(0.,1.,0.));
#2403=DIRECTION('ref_axis',(2.22044604925031E-15,0.,1.));
#2404=DIRECTION('center_axis',(0.,1.,0.));
#2405=DIRECTION('ref_axis',(2.22044604925031E-15,0.,1.));
#2406=DIRECTION('',(0.,1.,0.));
#2407=DIRECTION('center_axis',(0.,1.,0.));
#2408=DIRECTION('ref_axis',(2.22044604925031E-15,0.,1.));
#2409=DIRECTION('center_axis',(0.,1.,0.));
#2410=DIRECTION('ref_axis',(-0.978576750565537,0.,-0.205882352941176));
#2411=DIRECTION('center_axis',(0.,1.,0.));
#2412=DIRECTION('ref_axis',(-0.978576750565537,0.,-0.205882352941176));
#2413=DIRECTION('',(0.,1.,0.));
#2414=DIRECTION('center_axis',(0.,1.,0.));
#2415=DIRECTION('ref_axis',(-0.978576750565537,0.,-0.205882352941176));
#2416=DIRECTION('center_axis',(0.,1.,0.));
#2417=DIRECTION('ref_axis',(-0.205882352941182,0.,-0.978576750565536));
#2418=DIRECTION('center_axis',(0.,1.,0.));
#2419=DIRECTION('ref_axis',(-0.205882352941182,0.,-0.978576750565536));
#2420=DIRECTION('center_axis',(0.,1.,0.));
#2421=DIRECTION('ref_axis',(-0.205882352941182,0.,-0.978576750565536));
#2422=DIRECTION('center_axis',(0.,-1.,0.));
#2423=DIRECTION('ref_axis',(0.,0.,-1.));
#2424=DIRECTION('center_axis',(0.,-1.,0.));
#2425=DIRECTION('ref_axis',(-1.,0.,0.));
#2426=DIRECTION('center_axis',(0.,-1.,0.));
#2427=DIRECTION('ref_axis',(-1.,0.,0.));
#2428=DIRECTION('',(-0.707106781186547,0.707106781186547,-8.65956056235493E-17));
#2429=DIRECTION('center_axis',(0.,1.,0.));
#2430=DIRECTION('ref_axis',(-1.,0.,0.));
#2431=DIRECTION('center_axis',(0.,1.,0.));
#2432=DIRECTION('ref_axis',(-1.,0.,0.));
#2433=DIRECTION('center_axis',(0.,1.,0.));
#2434=DIRECTION('ref_axis',(1.,0.,0.));
#2435=DIRECTION('',(0.,1.,0.));
#2436=DIRECTION('center_axis',(0.,1.,0.));
#2437=DIRECTION('ref_axis',(1.,0.,0.));
#2438=DIRECTION('center_axis',(0.,1.,0.));
#2439=DIRECTION('ref_axis',(1.,0.,0.));
#2440=DIRECTION('center_axis',(0.,-1.,0.));
#2441=DIRECTION('ref_axis',(0.,0.,-1.));
#2442=DIRECTION('center_axis',(0.,1.,0.));
#2443=DIRECTION('ref_axis',(-1.,0.,0.));
#2444=DIRECTION('center_axis',(0.,-1.,0.));
#2445=DIRECTION('ref_axis',(0.,0.,-1.));
#2446=DIRECTION('center_axis',(0.,-1.,0.));
#2447=DIRECTION('ref_axis',(1.,0.,0.));
#2448=DIRECTION('center_axis',(0.,1.,0.));
#2449=DIRECTION('ref_axis',(-1.,0.,0.));
#2450=DIRECTION('',(0.,1.,0.));
#2451=DIRECTION('center_axis',(0.,-1.,0.));
#2452=DIRECTION('ref_axis',(-1.,0.,0.));
#2453=DIRECTION('center_axis',(0.,1.,0.));
#2454=DIRECTION('ref_axis',(1.,0.,0.));
#2455=DIRECTION('center_axis',(0.,1.,0.));
#2456=DIRECTION('ref_axis',(1.,0.,0.));
#2457=DIRECTION('center_axis',(0.,1.,0.));
#2458=DIRECTION('ref_axis',(1.,0.,0.));
#2459=DIRECTION('',(0.,1.,0.));
#2460=DIRECTION('center_axis',(0.,1.,0.));
#2461=DIRECTION('ref_axis',(1.,0.,0.));
#2462=DIRECTION('center_axis',(0.,1.,0.));
#2463=DIRECTION('ref_axis',(1.,0.,0.));
#2464=DIRECTION('center_axis',(0.,-1.,0.));
#2465=DIRECTION('ref_axis',(0.,0.,-1.));
#2466=DIRECTION('center_axis',(0.,1.,0.));
#2467=DIRECTION('ref_axis',(0.,0.,1.));
#2468=DIRECTION('center_axis',(0.,1.,0.));
#2469=DIRECTION('ref_axis',(-1.,0.,0.));
#2470=DIRECTION('center_axis',(0.,1.,0.));
#2471=DIRECTION('ref_axis',(-1.,0.,0.));
#2472=DIRECTION('center_axis',(0.,-1.,0.));
#2473=DIRECTION('ref_axis',(1.,0.,0.));
#2474=DIRECTION('center_axis',(0.,-1.,0.));
#2475=DIRECTION('ref_axis',(1.,0.,0.));
#2476=DIRECTION('center_axis',(0.,-1.,0.));
#2477=DIRECTION('ref_axis',(1.,0.,0.));
#2478=DIRECTION('center_axis',(0.,-1.,0.));
#2479=DIRECTION('ref_axis',(1.,0.,0.));
#2480=DIRECTION('center_axis',(0.,0.,1.));
#2481=DIRECTION('ref_axis',(1.,0.,0.));
#2482=DIRECTION('',(0.,-1.,0.));
#2483=DIRECTION('center_axis',(0.,0.,-1.));
#2484=DIRECTION('ref_axis',(1.,0.,0.));
#2485=DIRECTION('center_axis',(0.,0.,-1.));
#2486=DIRECTION('ref_axis',(1.,0.,0.));
#2487=DIRECTION('center_axis',(0.,0.,-1.));
#2488=DIRECTION('ref_axis',(1.,0.,0.));
#2489=DIRECTION('center_axis',(0.,0.,-1.));
#2490=DIRECTION('ref_axis',(1.,0.,0.));
#2491=DIRECTION('center_axis',(0.,0.,-1.));
#2492=DIRECTION('ref_axis',(1.,0.,0.));
#2493=DIRECTION('',(0.,0.,-1.));
#2494=DIRECTION('center_axis',(0.,-1.,0.));
#2495=DIRECTION('ref_axis',(-0.912168471263826,0.,-0.40981542190627));
#2496=DIRECTION('',(0.,-1.,0.));
#2497=DIRECTION('center_axis',(0.,-1.,0.));
#2498=DIRECTION('ref_axis',(-0.912168471263826,0.,-0.40981542190627));
#2499=DIRECTION('',(0.,-1.,0.));
#2500=DIRECTION('',(0.,1.,0.));
#2501=DIRECTION('',(0.,-1.,0.));
#2502=DIRECTION('center_axis',(0.,-1.,0.));
#2503=DIRECTION('ref_axis',(-0.912168471263826,0.,-0.40981542190627));
#2504=DIRECTION('',(0.,-1.,0.));
#2505=DIRECTION('center_axis',(0.,-1.,0.));
#2506=DIRECTION('ref_axis',(-0.987038166874117,0.,0.160485691367747));
#2507=DIRECTION('',(0.,-1.,0.));
#2508=DIRECTION('center_axis',(0.,1.,0.));
#2509=DIRECTION('ref_axis',(-0.987038166874117,0.,0.160485691367747));
#2510=DIRECTION('center_axis',(0.,-1.,0.));
#2511=DIRECTION('ref_axis',(-0.991612544033957,0.,0.129246131526262));
#2512=DIRECTION('',(0.,-1.,0.));
#2513=DIRECTION('center_axis',(0.,-1.,0.));
#2514=DIRECTION('ref_axis',(-0.991612544033957,0.,0.129246131526262));
#2515=DIRECTION('center_axis',(0.,0.,-1.));
#2516=DIRECTION('ref_axis',(-1.,0.,0.));
#2517=DIRECTION('center_axis',(0.,0.,1.));
#2518=DIRECTION('ref_axis',(-1.,0.,0.));
#2519=DIRECTION('center_axis',(0.,0.,1.));
#2520=DIRECTION('ref_axis',(-1.,0.,0.));
#2521=DIRECTION('center_axis',(0.,0.,1.));
#2522=DIRECTION('ref_axis',(-1.,0.,0.));
#2523=DIRECTION('center_axis',(0.,0.,1.));
#2524=DIRECTION('ref_axis',(-1.,0.,0.));
#2525=DIRECTION('',(0.,0.,1.));
#2526=DIRECTION('center_axis',(0.991612544033957,0.,0.129246131526264));
#2527=DIRECTION('ref_axis',(-0.129246131526264,0.,0.991612544033957));
#2528=DIRECTION('center_axis',(0.991612544033957,0.,0.129246131526264));
#2529=DIRECTION('ref_axis',(-0.129246131526264,0.,0.991612544033957));
#2530=DIRECTION('center_axis',(0.,-1.,0.));
#2531=DIRECTION('ref_axis',(-0.912168471263828,0.,-0.409815421906266));
#2532=DIRECTION('',(0.,-1.,0.));
#2533=DIRECTION('center_axis',(0.,1.,0.));
#2534=DIRECTION('ref_axis',(-0.912168471263828,0.,-0.409815421906266));
#2535=DIRECTION('center_axis',(0.991612544033957,0.,0.129246131526264));
#2536=DIRECTION('ref_axis',(-0.129246131526264,0.,0.991612544033957));
#2537=DIRECTION('',(0.,-1.,0.));
#2538=DIRECTION('',(-0.129246131526264,0.,0.991612544033957));
#2539=DIRECTION('center_axis',(0.,-1.,0.));
#2540=DIRECTION('ref_axis',(-0.499303790057297,0.,-0.866426987826683));
#2541=DIRECTION('',(0.,-1.,0.));
#2542=DIRECTION('center_axis',(0.,-1.,0.));
#2543=DIRECTION('ref_axis',(-0.499303790057297,0.,-0.866426987826683));
#2544=DIRECTION('center_axis',(0.,0.,1.));
#2545=DIRECTION('ref_axis',(1.,0.,0.));
#2546=DIRECTION('',(0.,-1.,0.));
#2547=DIRECTION('center_axis',(0.,0.,-1.));
#2548=DIRECTION('ref_axis',(1.,0.,0.));
#2549=DIRECTION('center_axis',(0.,0.,-1.));
#2550=DIRECTION('ref_axis',(-1.,0.,0.));
#2551=DIRECTION('center_axis',(0.,0.,-1.));
#2552=DIRECTION('ref_axis',(1.,0.,0.));
#2553=DIRECTION('center_axis',(0.,0.,-1.));
#2554=DIRECTION('ref_axis',(1.,0.,0.));
#2555=DIRECTION('center_axis',(0.,-1.,0.));
#2556=DIRECTION('ref_axis',(1.,0.,0.));
#2557=DIRECTION('center_axis',(0.,0.,-1.));
#2558=DIRECTION('ref_axis',(1.,0.,0.));
#2559=DIRECTION('center_axis',(0.,0.,-1.));
#2560=DIRECTION('ref_axis',(1.,0.,0.));
#2561=DIRECTION('center_axis',(0.,0.,-1.));
#2562=DIRECTION('ref_axis',(-1.,0.,0.));
#2563=DIRECTION('center_axis',(0.,0.,-1.));
#2564=DIRECTION('ref_axis',(-1.,0.,0.));
#2565=DIRECTION('center_axis',(0.,0.,-1.));
#2566=DIRECTION('ref_axis',(1.,0.,0.));
#2567=DIRECTION('center_axis',(0.,0.,-1.));
#2568=DIRECTION('ref_axis',(1.,0.,0.));
#2569=DIRECTION('',(0.,0.,1.));
#2570=DIRECTION('center_axis',(0.,0.,1.));
#2571=DIRECTION('ref_axis',(-1.,0.,0.));
#2572=DIRECTION('center_axis',(0.,0.,1.));
#2573=DIRECTION('ref_axis',(-1.,0.,0.));
#2574=DIRECTION('center_axis',(0.,0.,1.));
#2575=DIRECTION('ref_axis',(1.,0.,0.));
#2576=DIRECTION('center_axis',(0.,0.,-1.));
#2577=DIRECTION('ref_axis',(1.,0.,0.));
#2578=DIRECTION('center_axis',(0.,0.,-1.));
#2579=DIRECTION('ref_axis',(1.,0.,0.));
#2580=DIRECTION('center_axis',(0.,0.,-1.));
#2581=DIRECTION('ref_axis',(-1.,0.,0.));
#2582=DIRECTION('center_axis',(0.,0.,-1.));
#2583=DIRECTION('ref_axis',(1.,0.,0.));
#2584=DIRECTION('center_axis',(0.,0.,-1.));
#2585=DIRECTION('ref_axis',(1.,0.,0.));
#2586=DIRECTION('center_axis',(0.,-1.,0.));
#2587=DIRECTION('ref_axis',(1.,0.,0.));
#2588=DIRECTION('center_axis',(0.,0.,1.));
#2589=DIRECTION('ref_axis',(-1.,0.,0.));
#2590=DIRECTION('',(0.129221041921665,-1.58250135371853E-17,0.991615813873841));
#2591=DIRECTION('center_axis',(0.,0.,-1.));
#2592=DIRECTION('ref_axis',(-1.,0.,0.));
#2593=DIRECTION('center_axis',(0.,0.,-1.));
#2594=DIRECTION('ref_axis',(1.,0.,0.));
#2595=DIRECTION('center_axis',(0.,0.,-1.));
#2596=DIRECTION('ref_axis',(1.,0.,0.));
#2597=DIRECTION('center_axis',(0.,-1.,0.));
#2598=DIRECTION('ref_axis',(1.,0.,0.));
#2599=DIRECTION('center_axis',(0.,0.,-1.));
#2600=DIRECTION('ref_axis',(1.,0.,0.));
#2601=DIRECTION('center_axis',(0.,0.,-1.));
#2602=DIRECTION('ref_axis',(1.,0.,0.));
#2603=DIRECTION('center_axis',(0.,0.,-1.));
#2604=DIRECTION('ref_axis',(-1.,0.,0.));
#2605=DIRECTION('center_axis',(0.,0.,-1.));
#2606=DIRECTION('ref_axis',(1.,0.,0.));
#2607=DIRECTION('center_axis',(0.,0.,-1.));
#2608=DIRECTION('ref_axis',(1.,0.,0.));
#2609=DIRECTION('center_axis',(0.,0.,-1.));
#2610=DIRECTION('ref_axis',(-1.,0.,0.));
#2611=DIRECTION('center_axis',(0.,0.,-1.));
#2612=DIRECTION('ref_axis',(1.,0.,0.));
#2613=DIRECTION('center_axis',(0.,0.,-1.));
#2614=DIRECTION('ref_axis',(-1.,0.,0.));
#2615=DIRECTION('',(0.,0.,1.));
#2616=DIRECTION('center_axis',(0.,0.,-1.));
#2617=DIRECTION('ref_axis',(-1.,0.,0.));
#2618=DIRECTION('center_axis',(0.,0.,-1.));
#2619=DIRECTION('ref_axis',(-1.,0.,0.));
#2620=DIRECTION('',(0.,-1.,0.));
#2621=DIRECTION('center_axis',(0.,0.,1.));
#2622=DIRECTION('ref_axis',(1.,0.,0.));
#2623=DIRECTION('center_axis',(0.,0.,-1.));
#2624=DIRECTION('ref_axis',(1.,0.,0.));
#2625=DIRECTION('center_axis',(0.,0.,-1.));
#2626=DIRECTION('ref_axis',(1.,0.,0.));
#2627=DIRECTION('center_axis',(0.,0.,-1.));
#2628=DIRECTION('ref_axis',(-1.,0.,0.));
#2629=DIRECTION('center_axis',(0.,0.,-1.));
#2630=DIRECTION('ref_axis',(1.,0.,0.));
#2631=DIRECTION('center_axis',(0.,0.,-1.));
#2632=DIRECTION('ref_axis',(1.,0.,0.));
#2633=DIRECTION('center_axis',(0.,-1.,0.));
#2634=DIRECTION('ref_axis',(1.,0.,0.));
#2635=DIRECTION('center_axis',(0.,0.,-1.));
#2636=DIRECTION('ref_axis',(-1.,0.,0.));
#2637=DIRECTION('',(-0.129221041921665,1.58250135371853E-17,0.991615813873841));
#2638=DIRECTION('center_axis',(0.,0.,-1.));
#2639=DIRECTION('ref_axis',(1.,0.,0.));
#2640=DIRECTION('',(0.,-1.,0.));
#2641=DIRECTION('',(-1.,0.,0.));
#2642=DIRECTION('',(0.,1.,0.));
#2643=DIRECTION('',(1.,0.,0.));
#2644=DIRECTION('',(0.,-1.,0.));
#2645=DIRECTION('center_axis',(0.,-1.,0.));
#2646=DIRECTION('ref_axis',(0.941038386518161,0.,0.338299800619652));
#2647=DIRECTION('center_axis',(0.,-1.,0.));
#2648=DIRECTION('ref_axis',(0.941038386518161,0.,0.338299800619652));
#2649=DIRECTION('',(0.,1.,0.));
#2650=DIRECTION('center_axis',(0.,1.,0.));
#2651=DIRECTION('ref_axis',(0.941038386518161,0.,0.338299800619652));
#2652=DIRECTION('',(0.,-1.,0.));
#2653=DIRECTION('center_axis',(0.,1.,0.));
#2654=DIRECTION('ref_axis',(-1.,0.,0.));
#2655=DIRECTION('center_axis',(0.,-1.,0.));
#2656=DIRECTION('ref_axis',(-1.,0.,0.));
#2657=DIRECTION('center_axis',(0.,1.,0.));
#2658=DIRECTION('ref_axis',(-1.,0.,0.));
#2659=DIRECTION('',(0.,-1.,0.));
#2660=DIRECTION('center_axis',(0.,1.,0.));
#2661=DIRECTION('ref_axis',(-1.,0.,0.));
#2662=DIRECTION('',(0.,1.,0.));
#2663=DIRECTION('center_axis',(0.,-1.,0.));
#2664=DIRECTION('ref_axis',(-1.,0.,0.));
#2665=DIRECTION('',(0.,-1.,0.));
#2666=DIRECTION('center_axis',(0.,1.,0.));
#2667=DIRECTION('ref_axis',(-1.,0.,0.));
#2668=DIRECTION('center_axis',(0.,1.,0.));
#2669=DIRECTION('ref_axis',(0.941038386518161,0.,-0.338299800619653));
#2670=DIRECTION('center_axis',(0.,-1.,0.));
#2671=DIRECTION('ref_axis',(0.941038386518161,0.,-0.338299800619653));
#2672=DIRECTION('',(0.,1.,0.));
#2673=DIRECTION('center_axis',(0.,1.,0.));
#2674=DIRECTION('ref_axis',(0.941038386518161,0.,-0.338299800619653));
#2675=DIRECTION('center_axis',(-0.988666431674219,0.,0.150128900883767));
#2676=DIRECTION('ref_axis',(-0.150128900883767,0.,-0.988666431674218));
#2677=DIRECTION('',(-0.150128900883767,0.,-0.988666431674218));
#2678=DIRECTION('',(0.,-1.,0.));
#2679=DIRECTION('',(0.150128900883767,0.,0.988666431674218));
#2680=DIRECTION('center_axis',(0.,-1.,0.));
#2681=DIRECTION('ref_axis',(4.44089209850066E-15,0.,-1.));
#2682=DIRECTION('center_axis',(0.,1.,0.));
#2683=DIRECTION('ref_axis',(4.44089209850066E-15,0.,-1.));
#2684=DIRECTION('center_axis',(0.,-1.,0.));
#2685=DIRECTION('ref_axis',(4.44089209850066E-15,0.,-1.));
#2686=DIRECTION('',(0.,-1.,0.));
#2687=DIRECTION('center_axis',(-0.988666431674219,0.,-0.150128900883767));
#2688=DIRECTION('ref_axis',(0.150128900883767,0.,-0.988666431674218));
#2689=DIRECTION('',(-0.150128900883767,0.,0.988666431674218));
#2690=DIRECTION('',(0.150128900883767,0.,-0.988666431674218));
#2691=DIRECTION('center_axis',(0.,1.,0.));
#2692=DIRECTION('ref_axis',(0.,0.,1.));
#2693=DIRECTION('center_axis',(0.,-1.,0.));
#2694=DIRECTION('ref_axis',(-0.988666431674219,0.,0.15012890088376));
#2695=DIRECTION('center_axis',(0.,1.,0.));
#2696=DIRECTION('ref_axis',(-0.988666431674219,0.,0.15012890088376));
#2697=DIRECTION('center_axis',(0.,-1.,0.));
#2698=DIRECTION('ref_axis',(-0.988666431674219,0.,0.15012890088376));
#2699=DIRECTION('',(0.,-1.,0.));
#2700=DIRECTION('',(0.,-1.,0.));
#2701=DIRECTION('center_axis',(0.,0.,1.));
#2702=DIRECTION('ref_axis',(-1.,0.,0.));
#2703=DIRECTION('',(-1.,0.,0.));
#2704=DIRECTION('',(1.,0.,0.));
#2705=DIRECTION('center_axis',(0.,1.,0.));
#2706=DIRECTION('ref_axis',(0.,0.,1.));
#2707=DIRECTION('center_axis',(0.,-1.,0.));
#2708=DIRECTION('ref_axis',(1.,0.,0.));
#2709=DIRECTION('center_axis',(0.,-1.,0.));
#2710=DIRECTION('ref_axis',(1.,0.,0.));
#2711=DIRECTION('center_axis',(0.,-1.,0.));
#2712=DIRECTION('ref_axis',(1.,0.,0.));
#2713=DIRECTION('',(0.,-1.,0.));
#2714=DIRECTION('center_axis',(0.,-1.,0.));
#2715=DIRECTION('ref_axis',(1.,0.,0.));
#2716=DIRECTION('center_axis',(0.,-1.,0.));
#2717=DIRECTION('ref_axis',(1.,0.,0.));
#2718=DIRECTION('center_axis',(0.,1.,0.));
#2719=DIRECTION('ref_axis',(0.,0.,1.));
#2720=DIRECTION('center_axis',(0.,1.,0.));
#2721=DIRECTION('ref_axis',(1.,0.,0.));
#2722=DIRECTION('center_axis',(0.,-1.,0.));
#2723=DIRECTION('ref_axis',(1.,0.,0.));
#2724=DIRECTION('center_axis',(0.,-1.,0.));
#2725=DIRECTION('ref_axis',(1.,0.,0.));
#2726=DIRECTION('center_axis',(0.,-1.,0.));
#2727=DIRECTION('ref_axis',(1.,0.,0.));
#2728=DIRECTION('',(0.,-1.,0.));
#2729=DIRECTION('center_axis',(0.,-1.,0.));
#2730=DIRECTION('ref_axis',(1.,0.,0.));
#2731=DIRECTION('center_axis',(0.,-1.,0.));
#2732=DIRECTION('ref_axis',(1.,0.,0.));
#2733=DIRECTION('center_axis',(0.,1.,0.));
#2734=DIRECTION('ref_axis',(0.,0.,1.));
#2735=DIRECTION('center_axis',(0.,1.,0.));
#2736=DIRECTION('ref_axis',(1.,0.,0.));
#2737=DIRECTION('center_axis',(0.,-1.,0.));
#2738=DIRECTION('ref_axis',(1.,0.,0.));
#2739=DIRECTION('center_axis',(0.,-1.,0.));
#2740=DIRECTION('ref_axis',(1.,0.,0.));
#2741=DIRECTION('center_axis',(0.,-1.,0.));
#2742=DIRECTION('ref_axis',(1.,0.,0.));
#2743=DIRECTION('',(0.,-1.,0.));
#2744=DIRECTION('center_axis',(0.,-1.,0.));
#2745=DIRECTION('ref_axis',(1.,0.,0.));
#2746=DIRECTION('center_axis',(0.,-1.,0.));
#2747=DIRECTION('ref_axis',(1.,0.,0.));
#2748=DIRECTION('center_axis',(0.,1.,0.));
#2749=DIRECTION('ref_axis',(0.,0.,1.));
#2750=DIRECTION('center_axis',(0.,1.,0.));
#2751=DIRECTION('ref_axis',(1.,0.,0.));
#2752=DIRECTION('center_axis',(0.,-1.,0.));
#2753=DIRECTION('ref_axis',(1.,0.,0.));
#2754=DIRECTION('center_axis',(0.,-1.,0.));
#2755=DIRECTION('ref_axis',(1.,0.,0.));
#2756=DIRECTION('center_axis',(0.,-1.,0.));
#2757=DIRECTION('ref_axis',(1.,0.,0.));
#2758=DIRECTION('',(0.,-1.,0.));
#2759=DIRECTION('center_axis',(0.,-1.,0.));
#2760=DIRECTION('ref_axis',(1.,0.,0.));
#2761=DIRECTION('center_axis',(0.,-1.,0.));
#2762=DIRECTION('ref_axis',(1.,0.,0.));
#2763=DIRECTION('center_axis',(0.,1.,0.));
#2764=DIRECTION('ref_axis',(0.,0.,1.));
#2765=DIRECTION('center_axis',(0.,1.,0.));
#2766=DIRECTION('ref_axis',(1.,0.,0.));
#2767=DIRECTION('center_axis',(0.,-1.,0.));
#2768=DIRECTION('ref_axis',(-1.,0.,0.));
#2769=DIRECTION('center_axis',(0.,1.,0.));
#2770=DIRECTION('ref_axis',(-1.,0.,0.));
#2771=DIRECTION('',(0.,-1.,0.));
#2772=DIRECTION('center_axis',(0.,1.,0.));
#2773=DIRECTION('ref_axis',(-1.,0.,0.));
#2774=DIRECTION('center_axis',(0.,-1.,0.));
#2775=DIRECTION('ref_axis',(1.,0.,0.));
#2776=DIRECTION('center_axis',(0.,-1.,0.));
#2777=DIRECTION('ref_axis',(1.,0.,0.));
#2778=DIRECTION('center_axis',(0.,-1.,0.));
#2779=DIRECTION('ref_axis',(1.,0.,0.));
#2780=DIRECTION('',(0.,-1.,0.));
#2781=DIRECTION('center_axis',(0.,-1.,0.));
#2782=DIRECTION('ref_axis',(1.,0.,0.));
#2783=DIRECTION('center_axis',(0.,-1.,0.));
#2784=DIRECTION('ref_axis',(1.,0.,0.));
#2785=DIRECTION('center_axis',(0.,1.,0.));
#2786=DIRECTION('ref_axis',(0.,0.,1.));
#2787=DIRECTION('center_axis',(0.,1.,0.));
#2788=DIRECTION('ref_axis',(0.,0.,1.));
#2789=DIRECTION('center_axis',(0.,-1.,0.));
#2790=DIRECTION('ref_axis',(0.999999993743334,0.,-0.000111863002769361));
#2791=DIRECTION('',(0.,-1.,0.));
#2792=DIRECTION('center_axis',(0.,-1.,0.));
#2793=DIRECTION('ref_axis',(-0.499109935313525,0.,0.866538673384708));
#2794=DIRECTION('',(0.,-1.,0.));
#2795=DIRECTION('center_axis',(0.,-1.,0.));
#2796=DIRECTION('ref_axis',(-0.499109935313525,0.,0.866538673384708));
#2797=DIRECTION('center_axis',(0.,-1.,0.));
#2798=DIRECTION('ref_axis',(-0.499303790057297,0.,-0.866426987826683));
#2799=DIRECTION('',(0.,-1.,0.));
#2800=DIRECTION('center_axis',(0.,-1.,0.));
#2801=DIRECTION('ref_axis',(-0.499303790057297,0.,-0.866426987826683));
#2802=DIRECTION('center_axis',(0.991612544033957,0.,0.129246131526264));
#2803=DIRECTION('ref_axis',(-0.129246131526264,0.,0.991612544033957));
#2804=DIRECTION('',(0.,-1.,0.));
#2805=DIRECTION('',(-0.129246131526264,0.,0.991612544033957));
#2806=DIRECTION('center_axis',(0.,-1.,0.));
#2807=DIRECTION('ref_axis',(-0.912168471263828,0.,-0.409815421906266));
#2808=DIRECTION('center_axis',(0.,1.,0.));
#2809=DIRECTION('ref_axis',(-0.912168471263828,0.,-0.409815421906266));
#2810=DIRECTION('center_axis',(0.,-1.,0.));
#2811=DIRECTION('ref_axis',(-0.987038166874117,0.,0.160485691367747));
#2812=DIRECTION('center_axis',(0.,1.,0.));
#2813=DIRECTION('ref_axis',(-0.987038166874117,0.,0.160485691367747));
#2814=DIRECTION('',(0.,-1.,0.));
#2815=DIRECTION('center_axis',(0.,-1.,0.));
#2816=DIRECTION('ref_axis',(-0.991612544033957,0.,0.129246131526262));
#2817=DIRECTION('center_axis',(0.,-1.,0.));
#2818=DIRECTION('ref_axis',(-0.991612544033957,0.,0.129246131526262));
#2819=DIRECTION('center_axis',(0.,1.,0.));
#2820=DIRECTION('ref_axis',(0.,0.,1.));
#2821=DIRECTION('center_axis',(0.,1.,0.));
#2822=DIRECTION('ref_axis',(1.,0.,0.));
#2823=DIRECTION('center_axis',(0.,1.,0.));
#2824=DIRECTION('ref_axis',(1.,0.,0.));
#2825=DIRECTION('center_axis',(0.,1.,0.));
#2826=DIRECTION('ref_axis',(1.,0.,0.));
#2827=DIRECTION('',(0.,-1.,0.));
#2828=DIRECTION('center_axis',(0.,1.,0.));
#2829=DIRECTION('ref_axis',(1.,0.,0.));
#2830=DIRECTION('',(0.,-1.,0.));
#2831=DIRECTION('center_axis',(0.,1.,0.));
#2832=DIRECTION('ref_axis',(1.,0.,0.));
#2833=DIRECTION('',(0.,-1.,0.));
#2834=DIRECTION('center_axis',(0.,1.,0.));
#2835=DIRECTION('ref_axis',(1.,0.,0.));
#2836=DIRECTION('',(0.,-1.,0.));
#2837=DIRECTION('center_axis',(0.,1.,0.));
#2838=DIRECTION('ref_axis',(1.,0.,0.));
#2839=DIRECTION('',(0.,-1.,0.));
#2840=DIRECTION('center_axis',(0.,1.,0.));
#2841=DIRECTION('ref_axis',(0.,0.,1.));
#2842=CARTESIAN_POINT('',(0.,0.,0.));
#2843=CARTESIAN_POINT('Origin',(0.,0.,0.));
#2844=CARTESIAN_POINT('',(27.4832248075689,0.,6.53719008264463));
#2845=CARTESIAN_POINT('',(6.53719008264462,0.,27.4832248075689));
#2846=CARTESIAN_POINT('Origin',(0.,0.,0.));
#2847=CARTESIAN_POINT('',(27.4832248075689,11.,6.53719008264463));
#2848=CARTESIAN_POINT('',(27.4832248075689,0.,6.53719008264463));
#2849=CARTESIAN_POINT('',(6.53719008264462,11.,27.4832248075689));
#2850=CARTESIAN_POINT('Origin',(0.,11.,0.));
#2851=CARTESIAN_POINT('',(6.53719008264462,0.,27.4832248075689));
#2852=CARTESIAN_POINT('Origin',(29.4289398381933,0.,7.00000000000001));
#2853=CARTESIAN_POINT('',(29.4289398381933,0.,5.));
#2854=CARTESIAN_POINT('Origin',(29.4289398381933,0.,7.00000000000001));
#2855=CARTESIAN_POINT('',(29.4289398381933,11.,5.));
#2856=CARTESIAN_POINT('',(29.4289398381933,0.,5.));
#2857=CARTESIAN_POINT('Origin',(29.4289398381933,11.,7.00000000000001));
#2858=CARTESIAN_POINT('Origin',(33.2716095192283,0.,5.));
#2859=CARTESIAN_POINT('',(33.2716095192283,0.,5.));
#2860=CARTESIAN_POINT('',(16.6358047596141,0.,5.));
#2861=CARTESIAN_POINT('',(33.2716095192283,11.,5.));
#2862=CARTESIAN_POINT('',(33.2716095192283,0.,5.));
#2863=CARTESIAN_POINT('',(29.4289398381933,11.,5.));
#2864=CARTESIAN_POINT('Origin',(33.2716095192283,0.,7.));
#2865=CARTESIAN_POINT('',(35.2287630203593,0.,7.41176470588235));
#2866=CARTESIAN_POINT('Origin',(33.2716095192283,0.,7.));
#2867=CARTESIAN_POINT('',(35.2287630203593,11.,7.41176470588235));
#2868=CARTESIAN_POINT('',(35.2287630203593,0.,7.41176470588235));
#2869=CARTESIAN_POINT('Origin',(33.2716095192283,11.,7.));
#2870=CARTESIAN_POINT('Origin',(0.,0.,0.));
#2871=CARTESIAN_POINT('',(7.41176470588234,0.,35.2287630203593));
#2872=CARTESIAN_POINT('Origin',(0.,0.,0.));
#2873=CARTESIAN_POINT('',(7.41176470588234,11.,35.2287630203593));
#2874=CARTESIAN_POINT('',(7.41176470588234,0.,35.2287630203593));
#2875=CARTESIAN_POINT('Origin',(0.,11.,0.));
#2876=CARTESIAN_POINT('Origin',(6.99999999999999,0.,33.2716095192283));
#2877=CARTESIAN_POINT('',(4.99999999999999,0.,33.2716095192283));
#2878=CARTESIAN_POINT('Origin',(6.99999999999999,0.,33.2716095192283));
#2879=CARTESIAN_POINT('',(4.99999999999999,11.,33.2716095192283));
#2880=CARTESIAN_POINT('',(4.99999999999999,0.,33.2716095192283));
#2881=CARTESIAN_POINT('Origin',(6.99999999999999,11.,33.2716095192283));
#2882=CARTESIAN_POINT('Origin',(4.99999999999999,0.,29.4289398381933));
#2883=CARTESIAN_POINT('',(4.99999999999999,0.,29.4289398381933));
#2884=CARTESIAN_POINT('',(4.99999999999999,0.,14.7144699190966));
#2885=CARTESIAN_POINT('',(4.99999999999999,11.,29.4289398381933));
#2886=CARTESIAN_POINT('',(4.99999999999999,0.,29.4289398381933));
#2887=CARTESIAN_POINT('',(4.99999999999999,11.,33.2716095192283));
#2888=CARTESIAN_POINT('Origin',(6.99999999999999,0.,29.4289398381933));
#2889=CARTESIAN_POINT('Origin',(6.99999999999999,0.,29.4289398381933));
#2890=CARTESIAN_POINT('Origin',(6.99999999999999,11.,29.4289398381933));
#2891=CARTESIAN_POINT('Origin',(20.1358047596141,11.,20.1358047596141));
#2892=CARTESIAN_POINT('Origin',(-7.00000000000001,0.,29.4289398381933));
#2893=CARTESIAN_POINT('',(-5.,0.,29.4289398381933));
#2894=CARTESIAN_POINT('',(-6.53719008264463,0.,27.4832248075689));
#2895=CARTESIAN_POINT('Origin',(-7.00000000000001,0.,29.4289398381933));
#2896=CARTESIAN_POINT('',(-5.,11.,29.4289398381933));
#2897=CARTESIAN_POINT('',(-5.,0.,29.4289398381933));
#2898=CARTESIAN_POINT('',(-6.53719008264463,11.,27.4832248075689));
#2899=CARTESIAN_POINT('Origin',(-7.00000000000001,11.,29.4289398381933));
#2900=CARTESIAN_POINT('',(-6.53719008264463,0.,27.4832248075689));
#2901=CARTESIAN_POINT('Origin',(-5.,0.,33.2716095192283));
#2902=CARTESIAN_POINT('',(-5.,0.,33.2716095192283));
#2903=CARTESIAN_POINT('',(-5.,0.,16.6358047596141));
#2904=CARTESIAN_POINT('',(-5.,11.,33.2716095192283));
#2905=CARTESIAN_POINT('',(-5.,0.,33.2716095192283));
#2906=CARTESIAN_POINT('',(-5.,11.,29.4289398381933));
#2907=CARTESIAN_POINT('Origin',(-7.,0.,33.2716095192283));
#2908=CARTESIAN_POINT('',(-7.41176470588235,0.,35.2287630203593));
#2909=CARTESIAN_POINT('Origin',(-7.,0.,33.2716095192283));
#2910=CARTESIAN_POINT('',(-7.41176470588235,11.,35.2287630203593));
#2911=CARTESIAN_POINT('',(-7.41176470588235,0.,35.2287630203593));
#2912=CARTESIAN_POINT('Origin',(-7.,11.,33.2716095192283));
#2913=CARTESIAN_POINT('Origin',(0.,0.,0.));
#2914=CARTESIAN_POINT('',(-35.2287630203593,0.,7.41176470588234));
#2915=CARTESIAN_POINT('Origin',(0.,0.,0.));
#2916=CARTESIAN_POINT('',(-35.2287630203593,11.,7.41176470588234));
#2917=CARTESIAN_POINT('',(-35.2287630203593,0.,7.41176470588234));
#2918=CARTESIAN_POINT('Origin',(0.,11.,0.));
#2919=CARTESIAN_POINT('Origin',(-33.2716095192283,0.,7.));
#2920=CARTESIAN_POINT('',(-33.2716095192283,0.,5.));
#2921=CARTESIAN_POINT('Origin',(-33.2716095192283,0.,7.));
#2922=CARTESIAN_POINT('',(-33.2716095192283,11.,5.));
#2923=CARTESIAN_POINT('',(-33.2716095192283,0.,5.));
#2924=CARTESIAN_POINT('Origin',(-33.2716095192283,11.,7.));
#2925=CARTESIAN_POINT('Origin',(-29.4289398381933,0.,4.99999999999999));
#2926=CARTESIAN_POINT('',(-29.4289398381933,0.,4.99999999999999));
#2927=CARTESIAN_POINT('',(-14.7144699190966,0.,4.99999999999998));
#2928=CARTESIAN_POINT('',(-29.4289398381933,11.,4.99999999999999));
#2929=CARTESIAN_POINT('',(-29.4289398381933,0.,4.99999999999999));
#2930=CARTESIAN_POINT('',(-33.2716095192283,11.,5.));
#2931=CARTESIAN_POINT('Origin',(-29.4289398381933,0.,7.));
#2932=CARTESIAN_POINT('',(-27.4832248075689,0.,6.53719008264463));
#2933=CARTESIAN_POINT('Origin',(-29.4289398381933,0.,7.));
#2934=CARTESIAN_POINT('',(-27.4832248075689,11.,6.53719008264463));
#2935=CARTESIAN_POINT('',(-27.4832248075689,0.,6.53719008264463));
#2936=CARTESIAN_POINT('Origin',(-29.4289398381933,11.,7.));
#2937=CARTESIAN_POINT('Origin',(0.,0.,0.));
#2938=CARTESIAN_POINT('Origin',(0.,0.,0.));
#2939=CARTESIAN_POINT('Origin',(0.,11.,0.));
#2940=CARTESIAN_POINT('Origin',(-20.1358047596141,11.,20.1358047596141));
#2941=CARTESIAN_POINT('Origin',(0.,0.,0.));
#2942=CARTESIAN_POINT('',(35.2287630203593,0.,-7.41176470588237));
#2943=CARTESIAN_POINT('',(7.41176470588235,0.,-35.2287630203593));
#2944=CARTESIAN_POINT('Origin',(0.,0.,0.));
#2945=CARTESIAN_POINT('',(35.2287630203593,11.,-7.41176470588237));
#2946=CARTESIAN_POINT('',(35.2287630203593,0.,-7.41176470588237));
#2947=CARTESIAN_POINT('',(7.41176470588235,11.,-35.2287630203593));
#2948=CARTESIAN_POINT('Origin',(0.,11.,0.));
#2949=CARTESIAN_POINT('',(7.41176470588235,0.,-35.2287630203593));
#2950=CARTESIAN_POINT('Origin',(33.2716095192283,0.,-7.));
#2951=CARTESIAN_POINT('',(33.2716095192283,0.,-5.));
#2952=CARTESIAN_POINT('Origin',(33.2716095192283,0.,-7.));
#2953=CARTESIAN_POINT('',(33.2716095192283,11.,-5.));
#2954=CARTESIAN_POINT('',(33.2716095192283,0.,-5.));
#2955=CARTESIAN_POINT('Origin',(33.2716095192283,11.,-7.));
#2956=CARTESIAN_POINT('Origin',(29.4289398381933,0.,-5.));
#2957=CARTESIAN_POINT('',(29.4289398381933,0.,-5.));
#2958=CARTESIAN_POINT('',(14.7144699190966,0.,-4.99999999999999));
#2959=CARTESIAN_POINT('',(29.4289398381933,11.,-5.));
#2960=CARTESIAN_POINT('',(29.4289398381933,0.,-5.));
#2961=CARTESIAN_POINT('',(33.2716095192283,11.,-5.));
#2962=CARTESIAN_POINT('Origin',(29.4289398381933,0.,-7.));
#2963=CARTESIAN_POINT('',(27.483224807569,0.,-6.53719008264462));
#2964=CARTESIAN_POINT('Origin',(29.4289398381933,0.,-7.));
#2965=CARTESIAN_POINT('',(27.483224807569,11.,-6.53719008264462));
#2966=CARTESIAN_POINT('',(27.483224807569,0.,-6.53719008264462));
#2967=CARTESIAN_POINT('Origin',(29.4289398381933,11.,-7.));
#2968=CARTESIAN_POINT('Origin',(0.,0.,0.));
#2969=CARTESIAN_POINT('',(6.53719008264463,0.,-27.4832248075689));
#2970=CARTESIAN_POINT('Origin',(0.,0.,0.));
#2971=CARTESIAN_POINT('',(6.53719008264463,11.,-27.4832248075689));
#2972=CARTESIAN_POINT('',(6.53719008264463,0.,-27.4832248075689));
#2973=CARTESIAN_POINT('Origin',(0.,11.,0.));
#2974=CARTESIAN_POINT('Origin',(7.00000000000001,0.,-29.4289398381933));
#2975=CARTESIAN_POINT('',(5.,0.,-29.4289398381933));
#2976=CARTESIAN_POINT('Origin',(7.00000000000001,0.,-29.4289398381933));
#2977=CARTESIAN_POINT('',(5.,11.,-29.4289398381933));
#2978=CARTESIAN_POINT('',(5.,0.,-29.4289398381933));
#2979=CARTESIAN_POINT('Origin',(7.00000000000001,11.,-29.4289398381933));
#2980=CARTESIAN_POINT('Origin',(5.,0.,-33.2716095192283));
#2981=CARTESIAN_POINT('',(5.,0.,-33.2716095192283));
#2982=CARTESIAN_POINT('',(5.,0.,-16.6358047596141));
#2983=CARTESIAN_POINT('',(5.,11.,-33.2716095192283));
#2984=CARTESIAN_POINT('',(5.,0.,-33.2716095192283));
#2985=CARTESIAN_POINT('',(5.,11.,-29.4289398381933));
#2986=CARTESIAN_POINT('Origin',(7.,0.,-33.2716095192283));
#2987=CARTESIAN_POINT('Origin',(7.,0.,-33.2716095192283));
#2988=CARTESIAN_POINT('Origin',(7.,11.,-33.2716095192283));
#2989=CARTESIAN_POINT('Origin',(20.1358047596141,11.,-20.1358047596141));
#2990=CARTESIAN_POINT('Origin',(-5.,0.,-29.4289398381933));
#2991=CARTESIAN_POINT('',(-5.,0.,-29.4289398381933));
#2992=CARTESIAN_POINT('',(-5.,0.,-33.2716095192283));
#2993=CARTESIAN_POINT('',(-5.,0.,-14.7144699190966));
#2994=CARTESIAN_POINT('',(-5.,11.,-29.4289398381933));
#2995=CARTESIAN_POINT('',(-5.,0.,-29.4289398381933));
#2996=CARTESIAN_POINT('',(-5.,11.,-33.2716095192283));
#2997=CARTESIAN_POINT('',(-5.,11.,-33.2716095192283));
#2998=CARTESIAN_POINT('',(-5.,0.,-33.2716095192283));
#2999=CARTESIAN_POINT('Origin',(-7.,0.,-29.4289398381933));
#3000=CARTESIAN_POINT('',(-6.53719008264464,0.,-27.4832248075689));
#3001=CARTESIAN_POINT('Origin',(-7.,0.,-29.4289398381933));
#3002=CARTESIAN_POINT('',(-6.53719008264464,11.,-27.4832248075689));
#3003=CARTESIAN_POINT('',(-6.53719008264464,0.,-27.4832248075689));
#3004=CARTESIAN_POINT('Origin',(-7.,11.,-29.4289398381933));
#3005=CARTESIAN_POINT('Origin',(0.,0.,0.));
#3006=CARTESIAN_POINT('',(-27.4832248075689,0.,-6.53719008264463));
#3007=CARTESIAN_POINT('Origin',(0.,0.,0.));
#3008=CARTESIAN_POINT('',(-27.4832248075689,11.,-6.53719008264463));
#3009=CARTESIAN_POINT('',(-27.4832248075689,0.,-6.53719008264463));
#3010=CARTESIAN_POINT('Origin',(0.,11.,0.));
#3011=CARTESIAN_POINT('Origin',(-29.4289398381933,0.,-7.00000000000002));
#3012=CARTESIAN_POINT('',(-29.4289398381933,0.,-5.00000000000001));
#3013=CARTESIAN_POINT('Origin',(-29.4289398381933,0.,-7.00000000000002));
#3014=CARTESIAN_POINT('',(-29.4289398381933,11.,-5.00000000000001));
#3015=CARTESIAN_POINT('',(-29.4289398381933,0.,-5.00000000000001));
#3016=CARTESIAN_POINT('Origin',(-29.4289398381933,11.,-7.00000000000002));
#3017=CARTESIAN_POINT('Origin',(-33.2716095192282,0.,-5.));
#3018=CARTESIAN_POINT('',(-33.2716095192282,0.,-5.));
#3019=CARTESIAN_POINT('',(-16.6358047596141,0.,-5.00000000000003));
#3020=CARTESIAN_POINT('',(-33.2716095192282,11.,-5.));
#3021=CARTESIAN_POINT('',(-33.2716095192282,0.,-5.));
#3022=CARTESIAN_POINT('',(-29.4289398381933,11.,-5.00000000000001));
#3023=CARTESIAN_POINT('Origin',(-33.2716095192283,0.,-7.));
#3024=CARTESIAN_POINT('',(-35.2287630203593,0.,-7.41176470588235));
#3025=CARTESIAN_POINT('Origin',(-33.2716095192283,0.,-7.));
#3026=CARTESIAN_POINT('',(-35.2287630203593,11.,-7.41176470588235));
#3027=CARTESIAN_POINT('',(-35.2287630203593,0.,-7.41176470588235));
#3028=CARTESIAN_POINT('Origin',(-33.2716095192283,11.,-7.));
#3029=CARTESIAN_POINT('Origin',(0.,0.,0.));
#3030=CARTESIAN_POINT('',(-7.41176470588236,0.,-35.2287630203593));
#3031=CARTESIAN_POINT('Origin',(0.,0.,0.));
#3032=CARTESIAN_POINT('',(-7.41176470588236,11.,-35.2287630203593));
#3033=CARTESIAN_POINT('',(-7.41176470588236,0.,-35.2287630203593));
#3034=CARTESIAN_POINT('Origin',(0.,11.,0.));
#3035=CARTESIAN_POINT('Origin',(-7.,0.,-33.2716095192283));
#3036=CARTESIAN_POINT('Origin',(-7.,0.,-33.2716095192283));
#3037=CARTESIAN_POINT('Origin',(-7.,11.,-33.2716095192283));
#3038=CARTESIAN_POINT('Origin',(-20.1358047596141,11.,-20.1358047596141));
#3039=CARTESIAN_POINT('Origin',(0.,5.5,0.));
#3040=CARTESIAN_POINT('',(9.975,5.,1.22158518214948E-15));
#3041=CARTESIAN_POINT('Origin',(0.,5.,0.));
#3042=CARTESIAN_POINT('',(8.975,6.,-1.09912050223475E-15));
#3043=CARTESIAN_POINT('',(9.475,5.5,1.16035284219212E-15));
#3044=CARTESIAN_POINT('',(-8.975,6.,1.09912050223475E-15));
#3045=CARTESIAN_POINT('Origin',(0.,6.,0.));
#3046=CARTESIAN_POINT('Origin',(0.,6.,0.));
#3047=CARTESIAN_POINT('Origin',(0.,5.,0.));
#3048=CARTESIAN_POINT('',(-8.975,11.,1.09912050223475E-15));
#3049=CARTESIAN_POINT('',(-8.975,5.,1.09912050223475E-15));
#3050=CARTESIAN_POINT('',(8.975,11.,0.));
#3051=CARTESIAN_POINT('Origin',(0.,11.,0.));
#3052=CARTESIAN_POINT('Origin',(0.,11.,0.));
#3053=CARTESIAN_POINT('Origin',(0.,5.,0.));
#3054=CARTESIAN_POINT('',(12.7,5.,0.));
#3055=CARTESIAN_POINT('Origin',(0.,5.,0.));
#3056=CARTESIAN_POINT('Origin',(0.,11.,0.));
#3057=CARTESIAN_POINT('',(-5.1,11.,-6.2456986756515E-16));
#3058=CARTESIAN_POINT('Origin',(0.,11.,0.));
#3059=CARTESIAN_POINT('Origin',(0.,0.,0.));
#3060=CARTESIAN_POINT('',(12.7,11.,1.55530143491714E-15));
#3061=CARTESIAN_POINT('',(12.7,0.,-1.55530143491714E-15));
#3062=CARTESIAN_POINT('Origin',(0.,11.,0.));
#3063=CARTESIAN_POINT('Origin',(0.,0.,0.));
#3064=CARTESIAN_POINT('',(25.75,0.,0.));
#3065=CARTESIAN_POINT('',(-25.75,0.,3.15346550780443E-15));
#3066=CARTESIAN_POINT('Origin',(0.,0.,0.));
#3067=CARTESIAN_POINT('Origin',(0.,0.,0.));
#3068=CARTESIAN_POINT('',(-25.75,11.,3.15346550780443E-15));
#3069=CARTESIAN_POINT('',(-25.75,0.,3.15346550780443E-15));
#3070=CARTESIAN_POINT('',(25.75,11.,0.));
#3071=CARTESIAN_POINT('Origin',(0.,11.,0.));
#3072=CARTESIAN_POINT('Origin',(0.,11.,0.));
#3073=CARTESIAN_POINT('Origin',(0.,11.,0.));
#3074=CARTESIAN_POINT('Origin',(0.,0.,0.));
#3075=CARTESIAN_POINT('',(-38.4,0.,0.));
#3076=CARTESIAN_POINT('',(38.4,0.,-4.70264370872584E-15));
#3077=CARTESIAN_POINT('Origin',(0.,0.,0.));
#3078=CARTESIAN_POINT('Origin',(0.,0.,0.));
#3079=CARTESIAN_POINT('',(31.085,0.,3.36777869765522E-16));
#3080=CARTESIAN_POINT('Origin',(33.835,0.,0.));
#3081=CARTESIAN_POINT('',(-36.585,0.,3.36777869765522E-16));
#3082=CARTESIAN_POINT('Origin',(-33.835,0.,0.));
#3083=CARTESIAN_POINT('',(-2.75,0.,33.835));
#3084=CARTESIAN_POINT('Origin',(0.,0.,33.835));
#3085=CARTESIAN_POINT('',(-2.75,0.,-33.835));
#3086=CARTESIAN_POINT('Origin',(0.,0.,-33.835));
#3087=CARTESIAN_POINT('Origin',(-17.6,26.4,7.34969525071318));
#3088=CARTESIAN_POINT('',(-19.6449042728692,33.6158413587607,7.34969525071318));
#3089=CARTESIAN_POINT('',(-19.6449042728692,19.1841586412393,7.34969525071318));
#3090=CARTESIAN_POINT('',(-19.6449042728692,38.9,7.34969525071318));
#3091=CARTESIAN_POINT('',(-25.1,26.4,7.34969525071318));
#3092=CARTESIAN_POINT('Origin',(-17.6,26.4,7.34969525071318));
#3093=CARTESIAN_POINT('Origin',(-17.6,26.4,7.34969525071318));
#3094=CARTESIAN_POINT('Origin',(-17.6,26.4,59.3496952507132));
#3095=CARTESIAN_POINT('',(-10.1,26.4,59.3496952507132));
#3096=CARTESIAN_POINT('',(-25.1,26.4,59.3496952507132));
#3097=CARTESIAN_POINT('Origin',(-17.6,26.4,59.3496952507132));
#3098=CARTESIAN_POINT('Origin',(-17.6,26.4,59.3496952507132));
#3099=CARTESIAN_POINT('',(-25.1,26.4,59.3496952507132));
#3100=CARTESIAN_POINT('',(-18.4735544518594,33.8489531223949,10.468420017073));
#3101=CARTESIAN_POINT('Ctrl Pts',(-18.4735544518594,33.8489531223949,10.468420017073));
#3102=CARTESIAN_POINT('Ctrl Pts',(-18.6695101400899,33.8259729853195,10.035992008268));
#3103=CARTESIAN_POINT('Ctrl Pts',(-18.8538161491494,33.796525134855,9.59671423771687));
#3104=CARTESIAN_POINT('Ctrl Pts',(-19.2543502943074,33.7189741602115,8.56027188560068));
#3105=CARTESIAN_POINT('Ctrl Pts',(-19.4611579097477,33.6679134186065,7.95855348919056));
#3106=CARTESIAN_POINT('Ctrl Pts',(-19.6449042728692,33.6158413587607,7.34969525071318));
#3107=CARTESIAN_POINT('',(-16.9942019209587,33.8754938758205,15.2509076071275));
#3108=CARTESIAN_POINT('Ctrl Pts',(-16.9942019209587,33.8754938758205,15.2509076071275));
#3109=CARTESIAN_POINT('Ctrl Pts',(-17.0269002970988,33.8781436824798,15.0654420563369));
#3110=CARTESIAN_POINT('Ctrl Pts',(-17.062250662837,33.880793748327,14.880259555902));
#3111=CARTESIAN_POINT('Ctrl Pts',(-17.3755596699543,33.9017175884998,13.3564536495721));
#3112=CARTESIAN_POINT('Ctrl Pts',(-17.7916535810132,33.9168227467019,12.0404304767292));
#3113=CARTESIAN_POINT('Ctrl Pts',(-18.3749791008947,33.8600085501628,10.6885926297342));
#3114=CARTESIAN_POINT('Ctrl Pts',(-18.4238094013825,33.8547868294391,10.5781956164409));
#3115=CARTESIAN_POINT('Ctrl Pts',(-18.4735544518583,33.848953122395,10.4684200170725));
#3116=CARTESIAN_POINT('',(-12.5700837208711,31.9632672257365,21.8237764891939));
#3117=CARTESIAN_POINT('Ctrl Pts',(-12.5700837208711,31.9632672257365,21.8237764891939));
#3118=CARTESIAN_POINT('Ctrl Pts',(-12.7313849600961,32.1091045001475,21.7308700171018));
#3119=CARTESIAN_POINT('Ctrl Pts',(-12.8986994197628,32.2474500499594,21.6277511116065));
#3120=CARTESIAN_POINT('Ctrl Pts',(-13.4522440049504,32.6673189133609,21.2590282973544));
#3121=CARTESIAN_POINT('Ctrl Pts',(-13.844658034698,32.9037523856927,20.9509476791283));
#3122=CARTESIAN_POINT('Ctrl Pts',(-15.024208915737,33.5056168401174,19.8592787945324));
#3123=CARTESIAN_POINT('Ctrl Pts',(-15.7905448274471,33.697083727406,18.833035280837));
#3124=CARTESIAN_POINT('Ctrl Pts',(-16.646374158765,33.8472515895112,16.9054314988395));
#3125=CARTESIAN_POINT('Ctrl Pts',(-16.8805726031559,33.8662855982684,16.0772929519459));
#3126=CARTESIAN_POINT('Ctrl Pts',(-16.9942019209586,33.8754938758205,15.2509076071275));
#3127=CARTESIAN_POINT('',(-12.5700837208711,20.8367327742635,21.8237764891939));
#3128=CARTESIAN_POINT('Ctrl Pts',(-12.5700837208712,20.8367327742634,21.8237764891942));
#3129=CARTESIAN_POINT('Ctrl Pts',(-12.4155201981599,20.9764782776698,21.9128021636294));
#3130=CARTESIAN_POINT('Ctrl Pts',(-12.266460852539,21.1229786592305,21.9964691442865));
#3131=CARTESIAN_POINT('Ctrl Pts',(-11.5335554431862,21.9061737342093,22.3989909694846));
#3132=CARTESIAN_POINT('Ctrl Pts',(-10.9987865358008,22.7122110442971,22.6598197039197));
#3133=CARTESIAN_POINT('Ctrl Pts',(-10.2816567260854,24.4979821420034,22.9940917887218));
#3134=CARTESIAN_POINT('Ctrl Pts',(-10.1,25.4773353831295,23.071069004275));
#3135=CARTESIAN_POINT('Ctrl Pts',(-10.1,26.4,23.071069004275));
#3136=CARTESIAN_POINT('Ctrl Pts',(-10.1,27.3226646168705,23.071069004275));
#3137=CARTESIAN_POINT('Ctrl Pts',(-10.2816567260854,28.3020178579966,22.9940917887218));
#3138=CARTESIAN_POINT('Ctrl Pts',(-10.9987865358008,30.0877889557029,22.6598197039197));
#3139=CARTESIAN_POINT('Ctrl Pts',(-11.5335554431862,30.8938262657907,22.3989909694846));
#3140=CARTESIAN_POINT('Ctrl Pts',(-12.2664608499507,31.6770213380036,21.996469145708));
#3141=CARTESIAN_POINT('Ctrl Pts',(-12.4155201960058,31.8235217203826,21.9128021648702));
#3142=CARTESIAN_POINT('Ctrl Pts',(-12.5700837208712,31.9632672257366,21.8237764891942));
#3143=CARTESIAN_POINT('',(-16.9942019209587,18.9245061241795,15.2509076071275));
#3144=CARTESIAN_POINT('Ctrl Pts',(-16.9942019209586,18.9245061241795,15.2509076071275));
#3145=CARTESIAN_POINT('Ctrl Pts',(-16.8805726031559,18.9337144017316,16.0772929519459));
#3146=CARTESIAN_POINT('Ctrl Pts',(-16.646374158765,18.9527484104888,16.9054314988395));
#3147=CARTESIAN_POINT('Ctrl Pts',(-15.7905448274471,19.102916272594,18.833035280837));
#3148=CARTESIAN_POINT('Ctrl Pts',(-15.024208915737,19.2943831598826,19.8592787945324));
#3149=CARTESIAN_POINT('Ctrl Pts',(-13.844658034698,19.8962476143073,20.9509476791283));
#3150=CARTESIAN_POINT('Ctrl Pts',(-13.4522440049505,20.1326810866391,21.2590282973544));
#3151=CARTESIAN_POINT('Ctrl Pts',(-12.8986994197628,20.5525499500406,21.6277511116065));
#3152=CARTESIAN_POINT('Ctrl Pts',(-12.731384960096,20.6908954998525,21.7308700171018));
#3153=CARTESIAN_POINT('Ctrl Pts',(-12.5700837208711,20.8367327742635,21.8237764891939));
#3154=CARTESIAN_POINT('',(-18.4735544518594,18.9510468776051,10.468420017073));
#3155=CARTESIAN_POINT('Ctrl Pts',(-18.4735544518583,18.951046877605,10.4684200170725));
#3156=CARTESIAN_POINT('Ctrl Pts',(-18.4238094013825,18.9452131705609,10.5781956164409));
#3157=CARTESIAN_POINT('Ctrl Pts',(-18.3749791008947,18.9399914498372,10.6885926297342));
#3158=CARTESIAN_POINT('Ctrl Pts',(-17.7916535810132,18.8831772532981,12.0404304767292));
#3159=CARTESIAN_POINT('Ctrl Pts',(-17.3755596699543,18.8982824115002,13.3564536495721));
#3160=CARTESIAN_POINT('Ctrl Pts',(-17.062250662837,18.919206251673,14.880259555902));
#3161=CARTESIAN_POINT('Ctrl Pts',(-17.0269002970988,18.9218563175202,15.0654420563369));
#3162=CARTESIAN_POINT('Ctrl Pts',(-16.9942019209587,18.9245061241795,15.2509076071275));
#3163=CARTESIAN_POINT('Ctrl Pts',(-19.6449042728692,19.1841586412393,7.34969525071317));
#3164=CARTESIAN_POINT('Ctrl Pts',(-19.4611579097477,19.1320865813935,7.95855348919056));
#3165=CARTESIAN_POINT('Ctrl Pts',(-19.2543502943074,19.0810258397885,8.56027188560069));
#3166=CARTESIAN_POINT('Ctrl Pts',(-18.8538161491494,19.003474865145,9.59671423771687));
#3167=CARTESIAN_POINT('Ctrl Pts',(-18.6695101400899,18.9740270146805,10.035992008268));
#3168=CARTESIAN_POINT('Ctrl Pts',(-18.4735544518594,18.9510468776051,10.468420017073));
#3169=CARTESIAN_POINT('Origin',(4.46605028033924,38.9,0.0732884772415615));
#3170=CARTESIAN_POINT('',(-18.4735544518594,15.55,10.468420017073));
#3171=CARTESIAN_POINT('',(-18.4735544518594,38.9,10.468420017073));
#3172=CARTESIAN_POINT('',(-18.5069126684385,15.55,-10.2479129234671));
#3173=CARTESIAN_POINT('Origin',(4.46605028033924,15.55,0.0732884772415615));
#3174=CARTESIAN_POINT('',(-18.5069126684385,18.9550346265529,-10.2479129234671));
#3175=CARTESIAN_POINT('',(-18.5069126684385,38.9,-10.2479129234671));
#3176=CARTESIAN_POINT('',(-19.6001820291525,19.171634219946,-7.34969525071318));
#3177=CARTESIAN_POINT('Ctrl Pts',(-18.5069126684385,18.9550346265529,-10.2479129234671));
#3178=CARTESIAN_POINT('Ctrl Pts',(-18.7107815093713,18.9798690247358,-9.79414100803515));
#3179=CARTESIAN_POINT('Ctrl Pts',(-18.9018088761843,19.0116310782308,-9.33294297774451));
#3180=CARTESIAN_POINT('Ctrl Pts',(-19.2686096667231,19.0854178796162,-8.3667888816157));
#3181=CARTESIAN_POINT('Ctrl Pts',(-19.4425284005639,19.1280094277968,-7.86082783419993));
#3182=CARTESIAN_POINT('Ctrl Pts',(-19.6001820291525,19.171634219946,-7.34969525071318));
#3183=CARTESIAN_POINT('',(-19.6001820291525,33.628365780054,-7.34969525071318));
#3184=CARTESIAN_POINT('',(-19.6001820291525,38.9,-7.34969525071318));
#3185=CARTESIAN_POINT('',(-18.5069126684385,33.8449653734471,-10.2479129234671));
#3186=CARTESIAN_POINT('Ctrl Pts',(-19.6001820291525,33.628365780054,-7.34969525071318));
#3187=CARTESIAN_POINT('Ctrl Pts',(-19.4425284005639,33.6719905722032,-7.86082783419993));
#3188=CARTESIAN_POINT('Ctrl Pts',(-19.2686096667231,33.7145821203838,-8.3667888816157));
#3189=CARTESIAN_POINT('Ctrl Pts',(-18.9018088761843,33.7883689217692,-9.3329429777445));
#3190=CARTESIAN_POINT('Ctrl Pts',(-18.7107815093713,33.8201309752642,-9.79414100803515));
#3191=CARTESIAN_POINT('Ctrl Pts',(-18.5069126684385,33.8449653734471,-10.2479129234671));
#3192=CARTESIAN_POINT('',(-18.5069126684385,38.9,-10.2479129234671));
#3193=CARTESIAN_POINT('',(-18.5069126684385,38.9,-10.2479129234671));
#3194=CARTESIAN_POINT('',(-18.4735544518594,38.9,10.468420017073));
#3195=CARTESIAN_POINT('Origin',(4.46605028033924,38.9,0.0732884772415615));
#3196=CARTESIAN_POINT('',(-18.4735544518594,38.9,10.468420017073));
#3197=CARTESIAN_POINT('Origin',(-36.6904333338915,38.9,18.7234381150136));
#3198=CARTESIAN_POINT('',(-16.9942019209587,15.55,15.2509076071275));
#3199=CARTESIAN_POINT('',(-16.9942019209587,38.9,15.2509076071275));
#3200=CARTESIAN_POINT('Origin',(-36.6904333338915,15.55,18.7234381150136));
#3201=CARTESIAN_POINT('Origin',(-8.07809430304943,38.9,14.0249284287315));
#3202=CARTESIAN_POINT('',(-12.5700837208711,15.55,21.8237764891939));
#3203=CARTESIAN_POINT('',(-12.5700837208711,38.9,21.8237764891939));
#3204=CARTESIAN_POINT('Origin',(-8.07809430304943,15.55,14.0249284287315));
#3205=CARTESIAN_POINT('Origin',(-17.6,26.4,-7.34969525071318));
#3206=CARTESIAN_POINT('Origin',(-17.6,26.4,-7.34969525071318));
#3207=CARTESIAN_POINT('Origin',(-17.6,26.4,-59.3496952507132));
#3208=CARTESIAN_POINT('',(-25.1,26.4,-59.3496952507132));
#3209=CARTESIAN_POINT('',(-10.1,26.4,-59.3496952507132));
#3210=CARTESIAN_POINT('Origin',(-17.6,26.4,-59.3496952507132));
#3211=CARTESIAN_POINT('Origin',(-17.6,26.4,-59.3496952507132));
#3212=CARTESIAN_POINT('',(-10.1,26.4,-23.071069004275));
#3213=CARTESIAN_POINT('',(-10.1,26.4,-59.3496952507132));
#3214=CARTESIAN_POINT('',(-12.574965952593,31.9676775070401,-21.820963688415));
#3215=CARTESIAN_POINT('Ctrl Pts',(-12.5749659525931,31.9676775070402,-21.8209636884153));
#3216=CARTESIAN_POINT('Ctrl Pts',(-12.41865871333,31.826604465694,-21.911040288145));
#3217=CARTESIAN_POINT('Ctrl Pts',(-12.2679621582462,31.6786256613556,-21.9956446063506));
#3218=CARTESIAN_POINT('Ctrl Pts',(-11.5335554431862,30.8938262657907,-22.3989909694846));
#3219=CARTESIAN_POINT('Ctrl Pts',(-10.9987865358008,30.0877889557029,-22.6598197039197));
#3220=CARTESIAN_POINT('Ctrl Pts',(-10.2816567260854,28.3020178579966,-22.9940917887218));
#3221=CARTESIAN_POINT('Ctrl Pts',(-10.1,27.3226646168705,-23.071069004275));
#3222=CARTESIAN_POINT('Ctrl Pts',(-10.1,26.4,-23.071069004275));
#3223=CARTESIAN_POINT('',(-17.005744738383,33.8764203121574,-15.1863359817112));
#3224=CARTESIAN_POINT('Ctrl Pts',(-17.005744738383,33.8764203121574,-15.1863359817112));
#3225=CARTESIAN_POINT('Ctrl Pts',(-16.8952987923028,33.8676416344157,-16.0337082339985));
#3226=CARTESIAN_POINT('Ctrl Pts',(-16.6580537643175,33.8491608802179,-16.8845549485466));
#3227=CARTESIAN_POINT('Ctrl Pts',(-15.7931979065377,33.6977525307625,-18.8320694167726));
#3228=CARTESIAN_POINT('Ctrl Pts',(-15.0265760101189,33.5065081843783,-19.8584478364953));
#3229=CARTESIAN_POINT('Ctrl Pts',(-13.8465129895807,32.9048300085329,-20.9502171300257));
#3230=CARTESIAN_POINT('Ctrl Pts',(-13.4539191982753,32.6684375494125,-21.2583162763461));
#3231=CARTESIAN_POINT('Ctrl Pts',(-12.9013789160112,32.2495482584894,-21.6261952886109));
#3232=CARTESIAN_POINT('Ctrl Pts',(-12.7352255372355,32.1123176856844,-21.7286094345318));
#3233=CARTESIAN_POINT('Ctrl Pts',(-12.574965952593,31.9676775070401,-21.820963688415));
#3234=CARTESIAN_POINT('',(-16.9180312130359,33.8689302161425,-15.8592987310672));
#3235=CARTESIAN_POINT('Origin',(-17.6,26.4,-10.6270430665658));
#3236=CARTESIAN_POINT('Ctrl Pts',(-18.506912668439,33.844965373447,-10.2479129234673));
#3237=CARTESIAN_POINT('Ctrl Pts',(-18.4628863287221,33.8503284669245,-10.3459068906248));
#3238=CARTESIAN_POINT('Ctrl Pts',(-18.4195884652172,33.8552068812685,-10.4443921026784));
#3239=CARTESIAN_POINT('Ctrl Pts',(-17.8447873940408,33.9150771361893,-11.7810698525035));
#3240=CARTESIAN_POINT('Ctrl Pts',(-17.4311714604326,33.903108584054,-13.0935610085273));
#3241=CARTESIAN_POINT('Ctrl Pts',(-17.0602063147576,33.8811849092206,-14.9036157823557));
#3242=CARTESIAN_POINT('Ctrl Pts',(-16.9803307577495,33.8746186271609,-15.3813191637445));
#3243=CARTESIAN_POINT('Ctrl Pts',(-16.9180312130364,33.8689302161426,-15.8592987310673));
#3244=CARTESIAN_POINT('',(-16.9180312130359,18.9310697838575,-15.8592987310672));
#3245=CARTESIAN_POINT('Ctrl Pts',(-16.9180312130364,18.9310697838574,-15.8592987310673));
#3246=CARTESIAN_POINT('Ctrl Pts',(-16.9803307577495,18.9253813728391,-15.3813191637445));
#3247=CARTESIAN_POINT('Ctrl Pts',(-17.0602063147576,18.9188150907794,-14.9036157823557));
#3248=CARTESIAN_POINT('Ctrl Pts',(-17.4311714604326,18.896891415946,-13.0935610085273));
#3249=CARTESIAN_POINT('Ctrl Pts',(-17.8447873940408,18.8849228638107,-11.7810698525035));
#3250=CARTESIAN_POINT('Ctrl Pts',(-18.4195884652173,18.9447931187315,-10.4443921026783));
#3251=CARTESIAN_POINT('Ctrl Pts',(-18.4628863287221,18.9496715330755,-10.3459068906248));
#3252=CARTESIAN_POINT('Ctrl Pts',(-18.506912668439,18.955034626553,-10.2479129234673));
#3253=CARTESIAN_POINT('',(-17.005744738383,18.9235796878426,-15.1863359817112));
#3254=CARTESIAN_POINT('Origin',(-17.6,26.4,-10.6270430665658));
#3255=CARTESIAN_POINT('',(-12.574965952593,20.8323224929599,-21.820963688415));
#3256=CARTESIAN_POINT('Ctrl Pts',(-12.574965952593,20.8323224929599,-21.820963688415));
#3257=CARTESIAN_POINT('Ctrl Pts',(-12.7352255372355,20.6876823143157,-21.7286094345318));
#3258=CARTESIAN_POINT('Ctrl Pts',(-12.9013789160112,20.5504517415106,-21.6261952886109));
#3259=CARTESIAN_POINT('Ctrl Pts',(-13.4539191982753,20.1315624505875,-21.2583162763461));
#3260=CARTESIAN_POINT('Ctrl Pts',(-13.8465129895807,19.8951699914671,-20.9502171300257));
#3261=CARTESIAN_POINT('Ctrl Pts',(-15.0265760101188,19.2934918156217,-19.8584478364953));
#3262=CARTESIAN_POINT('Ctrl Pts',(-15.7931979065377,19.1022474692375,-18.8320694167726));
#3263=CARTESIAN_POINT('Ctrl Pts',(-16.6580537643175,18.9508391197821,-16.8845549485466));
#3264=CARTESIAN_POINT('Ctrl Pts',(-16.8952987923028,18.9323583655843,-16.0337082339985));
#3265=CARTESIAN_POINT('Ctrl Pts',(-17.005744738383,18.9235796878426,-15.1863359817112));
#3266=CARTESIAN_POINT('Ctrl Pts',(-10.1,26.4,-23.071069004275));
#3267=CARTESIAN_POINT('Ctrl Pts',(-10.1,25.4773353831295,-23.071069004275));
#3268=CARTESIAN_POINT('Ctrl Pts',(-10.2816567260854,24.4979821420034,-22.9940917887218));
#3269=CARTESIAN_POINT('Ctrl Pts',(-10.9987865358008,22.7122110442971,-22.6598197039197));
#3270=CARTESIAN_POINT('Ctrl Pts',(-11.5335554431862,21.9061737342093,-22.3989909694846));
#3271=CARTESIAN_POINT('Ctrl Pts',(-12.2679621582461,21.1213743386444,-21.9956446063506));
#3272=CARTESIAN_POINT('Ctrl Pts',(-12.41865871333,20.973395534306,-21.911040288145));
#3273=CARTESIAN_POINT('Ctrl Pts',(-12.5749659525931,20.8323224929598,-21.8209636884153));
#3274=CARTESIAN_POINT('Origin',(-36.7502820937156,38.9,-18.4442213615926));
#3275=CARTESIAN_POINT('',(-16.9180312130359,38.9,-15.8592987310672));
#3276=CARTESIAN_POINT('',(-16.9180312130359,38.9,-15.8592987310672));
#3277=CARTESIAN_POINT('Origin',(-36.7502820937156,38.9,-18.4442213615926));
#3278=CARTESIAN_POINT('Origin',(-16.9180312130359,38.9,-15.8592987310672));
#3279=CARTESIAN_POINT('',(-17.005744738383,38.9,-15.1863359817112));
#3280=CARTESIAN_POINT('',(-17.005744738383,38.9,-15.1863359817112));
#3281=CARTESIAN_POINT('',(-17.7930074563255,38.9,-9.1462357687044));
#3282=CARTESIAN_POINT('Origin',(-8.08123184207737,38.9,-14.0231207979749));
#3283=CARTESIAN_POINT('',(-12.574965952593,38.9,-21.820963688415));
#3284=CARTESIAN_POINT('',(-12.574965952593,38.9,-21.820963688415));
#3285=CARTESIAN_POINT('Origin',(-8.08123184207737,38.9,-14.0231207979749));
#3286=CARTESIAN_POINT('Origin',(-27.8281601054306,26.4,-38.4));
#3287=CARTESIAN_POINT('',(-27.7403864115453,27.7370948234402,-38.4));
#3288=CARTESIAN_POINT('',(-27.7403864115453,25.0629051765598,-38.4));
#3289=CARTESIAN_POINT('',(-27.7403864115453,38.9,-38.4));
#3290=CARTESIAN_POINT('Origin',(-17.6,26.4,-38.4));
#3291=CARTESIAN_POINT('Origin',(-17.6,26.4,-58.3496952507132));
#3292=CARTESIAN_POINT('',(-26.9500186459106,26.4,-59.3496952507132));
#3293=CARTESIAN_POINT('',(-8.24998135408945,26.4,-59.3496952507132));
#3294=CARTESIAN_POINT('Origin',(-17.6,26.4,-59.3496952507132));
#3295=CARTESIAN_POINT('Origin',(-17.6,26.4,-59.3496952507132));
#3296=CARTESIAN_POINT('',(-7.25836554021561,26.4,-58.4789162926348));
#3297=CARTESIAN_POINT('Origin',(-8.24998135408944,26.4,-58.3496952507132));
#3298=CARTESIAN_POINT('',(-27.9416344597844,26.4,-58.4789162926348));
#3299=CARTESIAN_POINT('Origin',(-17.6,26.4,-58.4789162926348));
#3300=CARTESIAN_POINT('Origin',(-17.6,26.4,-58.4789162926348));
#3301=CARTESIAN_POINT('Origin',(-17.6,26.4,-59.3496952507132));
#3302=CARTESIAN_POINT('Origin',(-17.6,26.4,-47.3400885812762));
#3303=CARTESIAN_POINT('',(-27.8281601054306,26.4,-56.2801771625524));
#3304=CARTESIAN_POINT('',(-7.3718398945694,26.4,-56.2801771625524));
#3305=CARTESIAN_POINT('Origin',(-17.6,26.4,-56.2801771625524));
#3306=CARTESIAN_POINT('Origin',(-17.6,26.4,-56.2801771625524));
#3307=CARTESIAN_POINT('',(-7.3718398945694,26.4,-38.4));
#3308=CARTESIAN_POINT('',(-7.3718398945694,26.4,-47.3400885812762));
#3309=CARTESIAN_POINT('Origin',(-17.6,26.4,-38.4));
#3310=CARTESIAN_POINT('Origin',(-17.6,26.4,-38.4));
#3311=CARTESIAN_POINT('Origin',(-28.000406367315,26.4,-56.2801771625524));
#3312=CARTESIAN_POINT('',(-28.000406367315,26.4,-56.2801771625524));
#3313=CARTESIAN_POINT('',(-7.19959363268502,26.4,-56.2801771625524));
#3314=CARTESIAN_POINT('Origin',(-17.6,26.4,-56.2801771625524));
#3315=CARTESIAN_POINT('Origin',(-17.6,26.4,-56.2801771625524));
#3316=CARTESIAN_POINT('Origin',(-17.6,26.4,-56.4801771625524));
#3317=CARTESIAN_POINT('',(-28.1987295300898,26.4,-56.5060213709367));
#3318=CARTESIAN_POINT('',(-7.00127046991025,26.4,-56.5060213709367));
#3319=CARTESIAN_POINT('Origin',(-17.6,26.4,-56.5060213709367));
#3320=CARTESIAN_POINT('Origin',(-17.6,26.4,-56.5060213709367));
#3321=CARTESIAN_POINT('Origin',(-7.199593632685,26.4,-56.4801771625524));
#3322=CARTESIAN_POINT('Origin',(-17.6,26.4,-57.4924688317858));
#3323=CARTESIAN_POINT('',(-7.12981800506293,26.4,-57.4924688317858));
#3324=CARTESIAN_POINT('Origin',(-17.6,26.4,56.4801771625524));
#3325=CARTESIAN_POINT('',(-28.000406367315,26.4,56.2801771625524));
#3326=CARTESIAN_POINT('',(-7.19959363268502,26.4,56.2801771625524));
#3327=CARTESIAN_POINT('Origin',(-17.6,26.4,56.2801771625524));
#3328=CARTESIAN_POINT('Origin',(-17.6,26.4,56.2801771625524));
#3329=CARTESIAN_POINT('',(-7.00127046991025,26.4,56.5060213709367));
#3330=CARTESIAN_POINT('Origin',(-7.199593632685,26.4,56.4801771625524));
#3331=CARTESIAN_POINT('',(-28.1987295300898,26.4,56.5060213709367));
#3332=CARTESIAN_POINT('Origin',(-17.6,26.4,56.5060213709367));
#3333=CARTESIAN_POINT('Origin',(-17.6,26.4,56.5060213709367));
#3334=CARTESIAN_POINT('Origin',(-27.8281601054306,26.4,56.2801771625524));
#3335=CARTESIAN_POINT('',(-27.8281601054306,26.4,56.2801771625524));
#3336=CARTESIAN_POINT('',(-7.3718398945694,26.4,56.2801771625524));
#3337=CARTESIAN_POINT('Origin',(-17.6,26.4,56.2801771625524));
#3338=CARTESIAN_POINT('Origin',(-17.6,26.4,56.2801771625524));
#3339=CARTESIAN_POINT('Origin',(-17.6,26.4,47.3400885812762));
#3340=CARTESIAN_POINT('',(-27.7403864115453,25.0629051765598,38.4));
#3341=CARTESIAN_POINT('',(-27.7403864115453,27.7370948234402,38.4));
#3342=CARTESIAN_POINT('Origin',(-17.6,26.4,38.4));
#3343=CARTESIAN_POINT('',(-7.3718398945694,26.4,38.4));
#3344=CARTESIAN_POINT('Origin',(-17.6,26.4,38.4));
#3345=CARTESIAN_POINT('',(-7.3718398945694,26.4,47.3400885812762));
#3346=CARTESIAN_POINT('Origin',(-17.6,26.4,38.4));
#3347=CARTESIAN_POINT('Origin',(-17.6,26.4,38.4));
#3348=CARTESIAN_POINT('',(-27.7403864115453,38.9,38.4));
#3349=CARTESIAN_POINT('Origin',(-26.9500186459106,26.4,59.3496952507132));
#3350=CARTESIAN_POINT('',(-26.9500186459106,26.4,59.3496952507132));
#3351=CARTESIAN_POINT('',(-8.24998135408945,26.4,59.3496952507132));
#3352=CARTESIAN_POINT('Origin',(-17.6,26.4,59.3496952507132));
#3353=CARTESIAN_POINT('Origin',(-17.6,26.4,59.3496952507132));
#3354=CARTESIAN_POINT('Origin',(-17.6,26.4,58.3496952507132));
#3355=CARTESIAN_POINT('',(-27.9416344597844,26.4,58.4789162926348));
#3356=CARTESIAN_POINT('',(-7.25836554021561,26.4,58.4789162926348));
#3357=CARTESIAN_POINT('Origin',(-17.6,26.4,58.4789162926348));
#3358=CARTESIAN_POINT('Origin',(-17.6,26.4,58.4789162926348));
#3359=CARTESIAN_POINT('Origin',(-8.24998135408944,26.4,58.3496952507132));
#3360=CARTESIAN_POINT('Origin',(-17.6,26.4,57.4924688317858));
#3361=CARTESIAN_POINT('',(-7.12981800506293,26.4,57.4924688317858));
#3362=CARTESIAN_POINT('Origin',(-27.7403864115453,38.9,-38.4));
#3363=CARTESIAN_POINT('',(-27.7403864115453,38.9,-38.4));
#3364=CARTESIAN_POINT('',(-27.7403864115453,38.9,-38.4));
#3365=CARTESIAN_POINT('',(2.35132185436292E-15,38.9,-38.4));
#3366=CARTESIAN_POINT('',(2.35132185436292E-15,38.9,-38.4));
#3367=CARTESIAN_POINT('',(4.44089209850063E-15,12.9,-38.4));
#3368=CARTESIAN_POINT('',(0.,0.,-38.4));
#3369=CARTESIAN_POINT('',(-27.7403864115453,12.9,-38.4));
#3370=CARTESIAN_POINT('',(2.35132185436292E-15,12.9,-38.4));
#3371=CARTESIAN_POINT('',(-27.7403864115453,38.9,-38.4));
#3372=CARTESIAN_POINT('Origin',(-50.1045780306556,0.,-30.00152096761));
#3373=CARTESIAN_POINT('',(-30.3312493971713,12.9,-26.9989429499346));
#3374=CARTESIAN_POINT('',(-32.9454759653626,12.9,-19.7270274855518));
#3375=CARTESIAN_POINT('Origin',(-50.1045780306556,12.9,-30.00152096761));
#3376=CARTESIAN_POINT('',(-32.9454759653626,38.9,-19.7270274855518));
#3377=CARTESIAN_POINT('',(-32.9454759653626,0.,-19.7270274855518));
#3378=CARTESIAN_POINT('',(-30.3312493971713,38.9,-26.9989429499346));
#3379=CARTESIAN_POINT('Origin',(-50.1045780306556,38.9,-30.00152096761));
#3380=CARTESIAN_POINT('',(-30.3312493971713,0.,-26.9989429499346));
#3381=CARTESIAN_POINT('Origin',(0.,0.,0.));
#3382=CARTESIAN_POINT('Origin',(0.,12.9,0.));
#3383=CARTESIAN_POINT('',(38.4,38.9,-4.70264370872584E-15));
#3384=CARTESIAN_POINT('Origin',(0.,38.9,0.));
#3385=CARTESIAN_POINT('',(38.4,0.,-4.70264370872584E-15));
#3386=CARTESIAN_POINT('',(2.35132185436292E-15,38.9,38.4));
#3387=CARTESIAN_POINT('Origin',(0.,38.9,0.));
#3388=CARTESIAN_POINT('',(4.44089209850063E-15,12.9,38.4));
#3389=CARTESIAN_POINT('',(0.,0.,38.4));
#3390=CARTESIAN_POINT('',(-32.9454759653626,12.9,19.7270274855518));
#3391=CARTESIAN_POINT('Origin',(0.,12.9,0.));
#3392=CARTESIAN_POINT('',(-32.9454759653626,38.9,19.7270274855518));
#3393=CARTESIAN_POINT('',(-32.9454759653626,0.,19.7270274855518));
#3394=CARTESIAN_POINT('Origin',(0.,38.9,0.));
#3395=CARTESIAN_POINT('Origin',(-50.1045780306556,0.,30.00152096761));
#3396=CARTESIAN_POINT('',(-30.3312493971713,12.9,26.9989429499346));
#3397=CARTESIAN_POINT('Origin',(-50.1045780306556,12.9,30.00152096761));
#3398=CARTESIAN_POINT('',(-30.3312493971713,38.9,26.9989429499346));
#3399=CARTESIAN_POINT('',(-30.3312493971713,0.,26.9989429499346));
#3400=CARTESIAN_POINT('Origin',(-50.1045780306556,38.9,30.00152096761));
#3401=CARTESIAN_POINT('Origin',(-28.7290528432195,38.9,37.5501289008838));
#3402=CARTESIAN_POINT('',(-28.7290528432195,12.9,37.5501289008838));
#3403=CARTESIAN_POINT('',(-30.9871715136905,12.9,22.6794003796645));
#3404=CARTESIAN_POINT('',(-28.7290528432195,38.9,37.5501289008838));
#3405=CARTESIAN_POINT('',(-28.7290528432195,38.9,37.5501289008838));
#3406=CARTESIAN_POINT('',(-30.9871715136905,38.9,22.6794003796645));
#3407=CARTESIAN_POINT('Origin',(-27.7403864115453,38.9,-37.4));
#3408=CARTESIAN_POINT('',(-28.7290528432195,38.9,-37.5501289008838));
#3409=CARTESIAN_POINT('Origin',(-27.7403864115453,38.9,-37.4));
#3410=CARTESIAN_POINT('',(-28.7290528432195,12.9,-37.5501289008838));
#3411=CARTESIAN_POINT('Origin',(-27.7403864115453,12.9,-37.4));
#3412=CARTESIAN_POINT('',(-28.7290528432195,38.9,-37.5501289008838));
#3413=CARTESIAN_POINT('Origin',(-30.9871715136905,38.9,-22.6794003796645));
#3414=CARTESIAN_POINT('',(-28.7290528432195,38.9,-37.5501289008838));
#3415=CARTESIAN_POINT('',(-28.7290528432195,12.9,-37.5501289008838));
#3416=CARTESIAN_POINT('Origin',(-15.4935857568453,12.9,-30.5397001898323));
#3417=CARTESIAN_POINT('Origin',(-27.7403864115453,38.9,37.4));
#3418=CARTESIAN_POINT('',(-27.7403864115453,38.9,38.4));
#3419=CARTESIAN_POINT('Origin',(-27.7403864115453,38.9,37.4));
#3420=CARTESIAN_POINT('',(-27.7403864115453,12.9,38.4));
#3421=CARTESIAN_POINT('Origin',(-27.7403864115453,12.9,37.4));
#3422=CARTESIAN_POINT('',(-27.7403864115453,38.9,38.4));
#3423=CARTESIAN_POINT('',(-27.7403864115453,38.9,38.4));
#3424=CARTESIAN_POINT('Origin',(4.44089209850063E-15,38.9,38.4));
#3425=CARTESIAN_POINT('',(-27.7403864115453,12.9,38.4));
#3426=CARTESIAN_POINT('',(-27.7403864115453,38.9,38.4));
#3427=CARTESIAN_POINT('Origin',(-15.4935857568453,12.9,30.5397001898323));
#3428=CARTESIAN_POINT('Origin',(0.,38.9,-33.835));
#3429=CARTESIAN_POINT('',(4.05,38.9,-33.835));
#3430=CARTESIAN_POINT('',(-4.05,38.9,-33.835));
#3431=CARTESIAN_POINT('Origin',(0.,38.9,-33.835));
#3432=CARTESIAN_POINT('Origin',(0.,38.9,-33.835));
#3433=CARTESIAN_POINT('',(-4.05,38.1,-33.835));
#3434=CARTESIAN_POINT('',(-4.05,38.9,-33.835));
#3435=CARTESIAN_POINT('',(4.05,38.1,-33.835));
#3436=CARTESIAN_POINT('Origin',(0.,38.1,-33.835));
#3437=CARTESIAN_POINT('Origin',(0.,38.1,-33.835));
#3438=CARTESIAN_POINT('Origin',(0.,38.1,-33.835));
#3439=CARTESIAN_POINT('',(-2.75,38.1,-33.835));
#3440=CARTESIAN_POINT('Origin',(0.,38.1,-33.835));
#3441=CARTESIAN_POINT('Origin',(-33.835,38.9,0.));
#3442=CARTESIAN_POINT('',(-29.785,38.9,0.));
#3443=CARTESIAN_POINT('',(-37.885,38.9,-4.95981953654678E-16));
#3444=CARTESIAN_POINT('Origin',(-33.835,38.9,0.));
#3445=CARTESIAN_POINT('Origin',(-33.835,38.9,0.));
#3446=CARTESIAN_POINT('',(-37.885,38.1,-4.95981953654678E-16));
#3447=CARTESIAN_POINT('',(-37.885,38.9,-4.95981953654678E-16));
#3448=CARTESIAN_POINT('',(-29.785,38.1,0.));
#3449=CARTESIAN_POINT('Origin',(-33.835,38.1,0.));
#3450=CARTESIAN_POINT('Origin',(-33.835,38.1,0.));
#3451=CARTESIAN_POINT('Origin',(-33.835,38.1,0.));
#3452=CARTESIAN_POINT('',(-36.585,38.1,3.36777869765522E-16));
#3453=CARTESIAN_POINT('Origin',(-33.835,38.1,0.));
#3454=CARTESIAN_POINT('Origin',(33.835,38.9,0.));
#3455=CARTESIAN_POINT('',(37.885,38.9,0.));
#3456=CARTESIAN_POINT('',(29.785,38.9,-4.95981953654678E-16));
#3457=CARTESIAN_POINT('Origin',(33.835,38.9,0.));
#3458=CARTESIAN_POINT('Origin',(33.835,38.9,0.));
#3459=CARTESIAN_POINT('',(29.785,38.1,-4.95981953654678E-16));
#3460=CARTESIAN_POINT('',(29.785,38.9,-4.95981953654678E-16));
#3461=CARTESIAN_POINT('',(37.885,38.1,0.));
#3462=CARTESIAN_POINT('Origin',(33.835,38.1,0.));
#3463=CARTESIAN_POINT('Origin',(33.835,38.1,0.));
#3464=CARTESIAN_POINT('Origin',(33.835,38.1,0.));
#3465=CARTESIAN_POINT('',(31.085,38.1,3.36777869765522E-16));
#3466=CARTESIAN_POINT('Origin',(33.835,38.1,0.));
#3467=CARTESIAN_POINT('Origin',(0.,38.9,33.835));
#3468=CARTESIAN_POINT('',(4.05,38.9,33.835));
#3469=CARTESIAN_POINT('',(-4.05,38.9,33.835));
#3470=CARTESIAN_POINT('Origin',(0.,38.9,33.835));
#3471=CARTESIAN_POINT('Origin',(0.,38.9,33.835));
#3472=CARTESIAN_POINT('',(-4.05,38.1,33.835));
#3473=CARTESIAN_POINT('',(-4.05,38.9,33.835));
#3474=CARTESIAN_POINT('',(4.05,38.1,33.835));
#3475=CARTESIAN_POINT('Origin',(0.,38.1,33.835));
#3476=CARTESIAN_POINT('Origin',(0.,38.1,33.835));
#3477=CARTESIAN_POINT('Origin',(0.,38.1,33.835));
#3478=CARTESIAN_POINT('',(-2.75,38.1,33.835));
#3479=CARTESIAN_POINT('Origin',(0.,38.1,33.835));
#3480=CARTESIAN_POINT('Origin',(0.,38.9,0.));
#3481=CARTESIAN_POINT('',(26.7,38.9,-3.26980695372343E-15));
#3482=CARTESIAN_POINT('Origin',(0.,38.9,0.));
#3483=CARTESIAN_POINT('',(26.7,37.7,-3.26980695372343E-15));
#3484=CARTESIAN_POINT('',(26.7,38.9,3.26980695372343E-15));
#3485=CARTESIAN_POINT('Origin',(0.,37.7,0.));
#3486=CARTESIAN_POINT('Origin',(0.,38.9,0.));
#3487=CARTESIAN_POINT('',(28.95,38.9,0.));
#3488=CARTESIAN_POINT('',(-28.95,38.9,-3.54535248353159E-15));
#3489=CARTESIAN_POINT('Origin',(0.,38.9,0.));
#3490=CARTESIAN_POINT('Origin',(0.,38.9,0.));
#3491=CARTESIAN_POINT('',(-28.95,37.7,-3.54535248353159E-15));
#3492=CARTESIAN_POINT('',(-28.95,38.9,-3.54535248353159E-15));
#3493=CARTESIAN_POINT('',(28.95,37.7,0.));
#3494=CARTESIAN_POINT('Origin',(0.,37.7,0.));
#3495=CARTESIAN_POINT('Origin',(0.,37.7,0.));
#3496=CARTESIAN_POINT('Origin',(0.,37.7,0.));
#3497=CARTESIAN_POINT('Origin',(0.,38.9,0.));
#3498=CARTESIAN_POINT('Origin',(0.,38.9,0.));
#3499=CARTESIAN_POINT('',(-12.5700837208711,38.9,21.8237764891939));
#3500=CARTESIAN_POINT('',(-12.5700837208711,38.9,21.8237764891939));
#3501=CARTESIAN_POINT('Origin',(0.,38.9,0.));
#3502=CARTESIAN_POINT('',(-12.574965952593,15.55,-21.820963688415));
#3503=CARTESIAN_POINT('',(-12.574965952593,38.9,-21.820963688415));
#3504=CARTESIAN_POINT('Origin',(0.,15.55,0.));
#3505=CARTESIAN_POINT('Origin',(-8.08123184207737,38.9,-14.0231207979749));
#3506=CARTESIAN_POINT('',(-17.005744738383,15.55,-15.1863359817112));
#3507=CARTESIAN_POINT('',(-17.005744738383,38.9,-15.1863359817112));
#3508=CARTESIAN_POINT('Origin',(-8.08123184207737,15.55,-14.0231207979749));
#3509=CARTESIAN_POINT('Origin',(-16.9180312130359,38.9,-15.8592987310672));
#3510=CARTESIAN_POINT('',(-16.9180312130359,15.55,-15.8592987310672));
#3511=CARTESIAN_POINT('',(-16.9180312130359,38.9,-15.8592987310672));
#3512=CARTESIAN_POINT('',(-17.005744738383,15.55,-15.1863359817112));
#3513=CARTESIAN_POINT('Origin',(-36.7502820937156,38.9,-18.4442213615926));
#3514=CARTESIAN_POINT('Origin',(-36.7502820937156,15.55,-18.4442213615926));
#3515=CARTESIAN_POINT('Origin',(-36.6904333338915,38.9,18.7234381150136));
#3516=CARTESIAN_POINT('',(-16.9942019209587,38.9,15.2509076071275));
#3517=CARTESIAN_POINT('Origin',(-36.6904333338915,38.9,18.7234381150136));
#3518=CARTESIAN_POINT('',(-16.9942019209587,38.9,15.2509076071275));
#3519=CARTESIAN_POINT('Origin',(-8.07809430304943,38.9,14.0249284287315));
#3520=CARTESIAN_POINT('Origin',(-8.07809430304943,38.9,14.0249284287315));
#3521=CARTESIAN_POINT('Origin',(2.23302514017071,15.55,0.));
#3522=CARTESIAN_POINT('',(5.1,15.55,0.));
#3523=CARTESIAN_POINT('',(-5.1,15.55,6.2456986756515E-16));
#3524=CARTESIAN_POINT('Origin',(0.,15.55,0.));
#3525=CARTESIAN_POINT('Origin',(0.,15.55,0.));
#3526=CARTESIAN_POINT('Origin',(33.835,0.,0.));
#3527=CARTESIAN_POINT('',(31.085,0.,3.36777869765522E-16));
#3528=CARTESIAN_POINT('Origin',(-33.835,0.,0.));
#3529=CARTESIAN_POINT('',(-36.585,0.,3.36777869765522E-16));
#3530=CARTESIAN_POINT('Origin',(0.,0.,33.835));
#3531=CARTESIAN_POINT('',(-2.75,0.,33.835));
#3532=CARTESIAN_POINT('Origin',(0.,0.,-33.835));
#3533=CARTESIAN_POINT('',(-2.75,0.,-33.835));
#3534=CARTESIAN_POINT('Origin',(0.,0.,0.));
#3535=CARTESIAN_POINT('',(-5.1,0.,6.2456986756515E-16));
#3536=CARTESIAN_POINT('Origin',(0.,38.9,0.));
#3537=UNCERTAINTY_MEASURE_WITH_UNIT(LENGTH_MEASURE(0.01),#3541,
'DISTANCE_ACCURACY_VALUE',
'Maximum model space distance between geometric entities at asserted c
onnectivities');
#3538=UNCERTAINTY_MEASURE_WITH_UNIT(LENGTH_MEASURE(0.01),#3541,
'DISTANCE_ACCURACY_VALUE',
'Maximum model space distance between geometric entities at asserted c
onnectivities');
#3539=(
GEOMETRIC_REPRESENTATION_CONTEXT(3)
GLOBAL_UNCERTAINTY_ASSIGNED_CONTEXT((#3537))
GLOBAL_UNIT_ASSIGNED_CONTEXT((#3541,#3543,#3544))
REPRESENTATION_CONTEXT('','3D')
);
#3540=(
GEOMETRIC_REPRESENTATION_CONTEXT(3)
GLOBAL_UNCERTAINTY_ASSIGNED_CONTEXT((#3538))
GLOBAL_UNIT_ASSIGNED_CONTEXT((#3541,#3543,#3544))
REPRESENTATION_CONTEXT('','3D')
);
#3541=(
LENGTH_UNIT()
NAMED_UNIT(*)
SI_UNIT(.MILLI.,.METRE.)
);
#3542=(
LENGTH_UNIT()
NAMED_UNIT(*)
SI_UNIT(.CENTI.,.METRE.)
);
#3543=(
NAMED_UNIT(*)
PLANE_ANGLE_UNIT()
SI_UNIT($,.RADIAN.)
);
#3544=(
NAMED_UNIT(*)
SI_UNIT($,.STERADIAN.)
SOLID_ANGLE_UNIT()
);
#3545=SHAPE_DEFINITION_REPRESENTATION(#3546,#3547);
#3546=PRODUCT_DEFINITION_SHAPE('',$,#3549);
#3547=SHAPE_REPRESENTATION('',(#1943),#3539);
#3548=PRODUCT_DEFINITION_CONTEXT('part definition',#3553,'design');
#3549=PRODUCT_DEFINITION('Pumpengeh\X\E4use','Pumpengeh\X\E4use',#3550,
#3548);
#3550=PRODUCT_DEFINITION_FORMATION('',$,#3555);
#3551=PRODUCT_RELATED_PRODUCT_CATEGORY('Pumpengeh\X\E4use',
'Pumpengeh\X\E4use',(#3555));
#3552=APPLICATION_PROTOCOL_DEFINITION('international standard',
'automotive_design',2009,#3553);
#3553=APPLICATION_CONTEXT(
'Core Data for Automotive Mechanical Design Process');
#3554=PRODUCT_CONTEXT('part definition',#3553,'mechanical');
#3555=PRODUCT('Pumpengeh\X\E4use','Pumpengeh\X\E4use',$,(#3554));
#3556=PRESENTATION_STYLE_ASSIGNMENT((#3557));
#3557=SURFACE_STYLE_USAGE(.BOTH.,#3560);
#3558=SURFACE_STYLE_RENDERING_WITH_PROPERTIES($,#3564,(#3559));
#3559=SURFACE_STYLE_TRANSPARENT(0.);
#3560=SURFACE_SIDE_STYLE('',(#3561,#3558));
#3561=SURFACE_STYLE_FILL_AREA(#3562);
#3562=FILL_AREA_STYLE('',(#3563));
#3563=FILL_AREA_STYLE_COLOUR('',#3564);
#3564=COLOUR_RGB('',0.749019607843137,0.749019607843137,0.749019607843137);
ENDSEC;
END-ISO-10303-21;
