ISO-10303-21;
HEADER;
FILE_DESCRIPTION((''),'2;1');
FILE_NAME('RUDDER_BASE_V2','2022-03-18T09:25:05',('s.savickij'),(''),
'CREO PARAMETRIC BY PTC INC, 2020342','CREO PARAMETRIC BY PTC INC, 2020342','');
FILE_SCHEMA(('CONFIG_CONTROL_DESIGN'));
ENDSEC;
DATA;
#2=CARTESIAN_POINT('',(-2.000518682742E1,4.117768418936E1,1.5E0));
#3=DIRECTION('',(0.E0,0.E0,1.E0));
#4=DIRECTION('',(1.E0,0.E0,0.E0));
#5=AXIS2_PLACEMENT_3D('',#2,#3,#4);
#7=CARTESIAN_POINT('',(-2.000518682742E1,4.117768418936E1,1.5E0));
#8=DIRECTION('',(0.E0,0.E0,1.E0));
#9=DIRECTION('',(-1.E0,0.E0,0.E0));
#10=AXIS2_PLACEMENT_3D('',#7,#8,#9);
#12=CARTESIAN_POINT('',(0.E0,6.527684189362E0,1.5E0));
#13=DIRECTION('',(0.E0,0.E0,1.E0));
#14=DIRECTION('',(1.E0,0.E0,0.E0));
#15=AXIS2_PLACEMENT_3D('',#12,#13,#14);
#17=CARTESIAN_POINT('',(0.E0,6.527684189362E0,1.5E0));
#18=DIRECTION('',(0.E0,0.E0,1.E0));
#19=DIRECTION('',(-1.E0,0.E0,0.E0));
#20=AXIS2_PLACEMENT_3D('',#17,#18,#19);
#22=CARTESIAN_POINT('',(2.000518682742E1,4.117768418936E1,1.5E0));
#23=DIRECTION('',(0.E0,0.E0,1.E0));
#24=DIRECTION('',(1.E0,0.E0,0.E0));
#25=AXIS2_PLACEMENT_3D('',#22,#23,#24);
#27=CARTESIAN_POINT('',(2.000518682742E1,4.117768418936E1,1.5E0));
#28=DIRECTION('',(0.E0,0.E0,1.E0));
#29=DIRECTION('',(-1.E0,0.E0,0.E0));
#30=AXIS2_PLACEMENT_3D('',#27,#28,#29);
#32=DIRECTION('',(0.E0,-1.E0,0.E0));
#33=VECTOR('',#32,5.542562584220E0);
#34=CARTESIAN_POINT('',(-5.557912666965E1,3.835549874100E1,1.5E0));
#35=LINE('',#34,#33);
#36=CARTESIAN_POINT('',(-4.947912666965E1,3.558421744889E1,1.5E0));
#37=DIRECTION('',(0.E0,0.E0,1.E0));
#38=DIRECTION('',(-9.104477611940E-1,-4.136240734493E-1,0.E0));
#39=AXIS2_PLACEMENT_3D('',#36,#37,#38);
#41=CARTESIAN_POINT('',(4.947912666965E1,3.558421744889E1,1.5E0));
#42=DIRECTION('',(0.E0,0.E0,1.E0));
#43=DIRECTION('',(9.104477611940E-1,4.136240734493E-1,0.E0));
#44=AXIS2_PLACEMENT_3D('',#41,#42,#43);
#46=DIRECTION('',(0.E0,1.E0,0.E0));
#47=VECTOR('',#46,5.542562584220E0);
#48=CARTESIAN_POINT('',(5.557912666965E1,3.281293615678E1,1.5E0));
#49=LINE('',#48,#47);
#50=CARTESIAN_POINT('',(2.473312550774E-13,-2.795402376790E2,1.5E0));
#51=DIRECTION('',(0.E0,0.E0,1.E0));
#52=DIRECTION('',(-1.219811935091E-1,9.925324117781E-1,0.E0));
#53=AXIS2_PLACEMENT_3D('',#50,#51,#52);
#55=CARTESIAN_POINT('',(-3.335082385344E1,-8.172392507227E0,1.5E0));
#56=DIRECTION('',(0.E0,0.E0,-1.E0));
#57=DIRECTION('',(6.615972657793E-1,7.498593587556E-1,0.E0));
#58=AXIS2_PLACEMENT_3D('',#55,#56,#57);
#60=CARTESIAN_POINT('',(-8.104566505796E1,-6.223008725820E1,1.5E0));
#61=DIRECTION('',(0.E0,0.E0,1.E0));
#62=DIRECTION('',(6.615972657793E-1,7.498593587556E-1,0.E0));
#63=AXIS2_PLACEMENT_3D('',#60,#61,#62);
#65=DIRECTION('',(9.921147013145E-1,-1.253332335643E-1,0.E0));
#66=VECTOR('',#65,3.435807173820E1);
#67=CARTESIAN_POINT('',(-1.044844718855E2,2.892577743952E1,1.5E0));
#68=LINE('',#67,#66);
#69=CARTESIAN_POINT('',(3.964897428848E-13,-2.795402376790E2,1.5E0));
#70=DIRECTION('',(0.E0,0.E0,1.E0));
#71=DIRECTION('',(2.983096837089E-1,9.544691365390E-1,0.E0));
#72=AXIS2_PLACEMENT_3D('',#69,#70,#71);
#74=DIRECTION('',(9.921147013145E-1,1.253332335643E-1,0.E0));
#75=VECTOR('',#74,3.435807173820E1);
#76=CARTESIAN_POINT('',(7.039732380521E1,2.461956920954E1,1.5E0));
#77=LINE('',#76,#75);
#78=CARTESIAN_POINT('',(8.104566505796E1,-6.223008725820E1,1.5E0));
#79=DIRECTION('',(0.E0,0.E0,1.E0));
#80=DIRECTION('',(-1.216953286029E-1,9.925675024885E-1,0.E0));
#81=AXIS2_PLACEMENT_3D('',#78,#79,#80);
#83=CARTESIAN_POINT('',(3.335082385344E1,-8.172392507226E0,1.5E0));
#84=DIRECTION('',(0.E0,0.E0,-1.E0));
#85=DIRECTION('',(-1.219811935088E-1,-9.925324117782E-1,0.E0));
#86=AXIS2_PLACEMENT_3D('',#83,#84,#85);
#88=CARTESIAN_POINT('',(9.104865897713E1,9.485146588336E1,1.5E0));
#89=DIRECTION('',(0.E0,0.E0,1.E0));
#90=DIRECTION('',(8.129344551529E-1,5.823551936964E-1,0.E0));
#91=AXIS2_PLACEMENT_3D('',#88,#89,#90);
#93=CARTESIAN_POINT('',(9.564231664520E1,-2.865222029528E1,1.5E0));
#94=DIRECTION('',(0.E0,0.E0,1.E0));
#95=DIRECTION('',(-3.562097454198E-1,-9.344060237755E-1,0.E0));
#96=AXIS2_PLACEMENT_3D('',#93,#94,#95);
#98=CARTESIAN_POINT('',(2.461078325811E-13,-2.795402376790E2,1.5E0));
#99=DIRECTION('',(0.E0,0.E0,-1.E0));
#100=DIRECTION('',(-3.562097454197E-1,9.344060237755E-1,0.E0));
#101=AXIS2_PLACEMENT_3D('',#98,#99,#100);
#103=CARTESIAN_POINT('',(-9.564231664520E1,-2.865222029528E1,1.5E0));
#104=DIRECTION('',(0.E0,0.E0,1.E0));
#105=DIRECTION('',(-8.539492557607E-1,-5.203562900415E-1,0.E0));
#106=AXIS2_PLACEMENT_3D('',#103,#104,#105);
#108=CARTESIAN_POINT('',(-9.104865897713E1,9.485146588336E1,1.5E0));
#109=DIRECTION('',(0.E0,0.E0,1.E0));
#110=DIRECTION('',(0.E0,1.E0,0.E0));
#111=AXIS2_PLACEMENT_3D('',#108,#109,#110);
#113=CARTESIAN_POINT('',(-7.103737110749E1,9.485146588336E1,1.5E0));
#114=DIRECTION('',(0.E0,0.E0,1.E0));
#115=DIRECTION('',(6.881622158616E-1,7.255568652149E-1,0.E0));
#116=AXIS2_PLACEMENT_3D('',#113,#114,#115);
#118=DIRECTION('',(-7.255568652149E-1,6.881622158616E-1,0.E0));
#119=VECTOR('',#118,6.784531613995E0);
#120=CARTESIAN_POINT('',(-4.650218446563E1,1.108609782329E2,1.5E0));
#121=LINE('',#120,#119);
#122=DIRECTION('',(-1.E0,0.E0,0.E0));
#123=VECTOR('',#122,5.171463597956E1);
#124=CARTESIAN_POINT('',(2.585731798978E1,1.026276841894E2,1.5E0));
#125=LINE('',#124,#123);
#126=DIRECTION('',(-7.255568652149E-1,-6.881622158616E-1,0.E0));
#127=VECTOR('',#126,6.784531613995E0);
#128=CARTESIAN_POINT('',(5.142474795543E1,1.155298365420E2,1.5E0));
#129=LINE('',#128,#127);
#130=CARTESIAN_POINT('',(7.103737110749E1,9.485146588336E1,1.5E0));
#131=DIRECTION('',(0.E0,0.E0,1.E0));
#132=DIRECTION('',(0.E0,1.E0,0.E0));
#133=AXIS2_PLACEMENT_3D('',#130,#131,#132);
#135=CARTESIAN_POINT('',(3.363403255643E1,1.131276841894E2,1.5E0));
#136=DIRECTION('',(0.E0,0.E0,1.E0));
#137=DIRECTION('',(0.E0,-1.E0,0.E0));
#138=AXIS2_PLACEMENT_3D('',#135,#136,#137);
#140=DIRECTION('',(1.E0,0.E0,0.E0));
#141=VECTOR('',#140,6.726806511287E1);
#142=CARTESIAN_POINT('',(-3.363403255643E1,8.462768418936E1,1.5E0));
#143=LINE('',#142,#141);
#144=CARTESIAN_POINT('',(-3.363403255643E1,1.131276841894E2,1.5E0));
#145=DIRECTION('',(0.E0,0.E0,1.E0));
#146=DIRECTION('',(-6.881622158616E-1,-7.255568652149E-1,0.E0));
#147=AXIS2_PLACEMENT_3D('',#144,#145,#146);
#149=DIRECTION('',(7.255568652149E-1,-6.881622158616E-1,0.E0));
#150=VECTOR('',#149,6.784531613995E0);
#151=CARTESIAN_POINT('',(-5.816921919829E1,9.711817183981E1,1.5E0));
#152=LINE('',#151,#150);
#153=DIRECTION('',(1.E0,0.E0,0.E0));
#154=VECTOR('',#153,1.594780675284E0);
#155=CARTESIAN_POINT('',(-8.040886634942E1,1.053514658834E2,1.5E0));
#156=LINE('',#155,#154);
#157=CARTESIAN_POINT('',(0.E0,2.962768418936E1,1.5E0));
#158=DIRECTION('',(0.E0,0.E0,-1.E0));
#159=DIRECTION('',(-9.244623205174E-1,3.812734162560E-1,0.E0));
#160=AXIS2_PLACEMENT_3D('',#157,#158,#159);
#162=CARTESIAN_POINT('',(0.E0,2.962768418936E1,1.5E0));
#163=DIRECTION('',(0.E0,0.E0,1.E0));
#164=DIRECTION('',(4.353830002533E-1,9.002453238370E-1,0.E0));
#165=AXIS2_PLACEMENT_3D('',#162,#163,#164);
#167=CARTESIAN_POINT('',(0.E0,2.962768418936E1,1.5E0));
#168=DIRECTION('',(0.E0,0.E0,-1.E0));
#169=DIRECTION('',(8.692850416154E-1,4.943111534486E-1,0.E0));
#170=AXIS2_PLACEMENT_3D('',#167,#168,#169);
#172=DIRECTION('',(1.E0,0.E0,0.E0));
#173=VECTOR('',#172,1.594780675284E0);
#174=CARTESIAN_POINT('',(7.881408567414E1,1.053514658834E2,1.5E0));
#175=LINE('',#174,#173);
#176=DIRECTION('',(7.255568652149E-1,6.881622158616E-1,0.E0));
#177=VECTOR('',#176,6.784531613995E0);
#178=CARTESIAN_POINT('',(5.324665570849E1,9.244931353074E1,1.5E0));
#179=LINE('',#178,#177);
#180=CARTESIAN_POINT('',(0.E0,9.362768418936E1,1.5E0));
#181=DIRECTION('',(0.E0,0.E0,1.E0));
#182=DIRECTION('',(-1.E0,0.E0,0.E0));
#183=AXIS2_PLACEMENT_3D('',#180,#181,#182);
#185=CARTESIAN_POINT('',(0.E0,9.362768418936E1,1.5E0));
#186=DIRECTION('',(0.E0,0.E0,1.E0));
#187=DIRECTION('',(1.E0,0.E0,0.E0));
#188=AXIS2_PLACEMENT_3D('',#185,#186,#187);
#190=CARTESIAN_POINT('',(8.970104261832E1,1.140536323950E2,1.5E0));
#191=DIRECTION('',(0.E0,0.E0,1.E0));
#192=DIRECTION('',(-9.900722170536E-1,1.405596137535E-1,0.E0));
#193=AXIS2_PLACEMENT_3D('',#190,#191,#192);
#195=CARTESIAN_POINT('',(8.970104261832E1,1.140536323950E2,1.5E0));
#196=DIRECTION('',(0.E0,0.E0,1.E0));
#197=DIRECTION('',(9.900722170536E-1,-1.405596137535E-1,0.E0));
#198=AXIS2_PLACEMENT_3D('',#195,#196,#197);
#200=CARTESIAN_POINT('',(1.314075057773E2,3.455895434851E1,1.5E0));
#201=DIRECTION('',(0.E0,0.E0,1.E0));
#202=DIRECTION('',(-3.750015330152E-2,9.992966218808E-1,0.E0));
#203=AXIS2_PLACEMENT_3D('',#200,#201,#202);
#205=CARTESIAN_POINT('',(1.314075057773E2,3.455895434851E1,1.5E0));
#206=DIRECTION('',(0.E0,0.E0,1.E0));
#207=DIRECTION('',(3.750015330152E-2,-9.992966218808E-1,0.E0));
#208=AXIS2_PLACEMENT_3D('',#205,#206,#207);
#210=CARTESIAN_POINT('',(9.411495778229E1,-4.554611793151E1,1.5E0));
#211=DIRECTION('',(0.E0,0.E0,1.E0));
#212=DIRECTION('',(9.938828893525E-1,1.104391336999E-1,0.E0));
#213=AXIS2_PLACEMENT_3D('',#210,#211,#212);
#215=CARTESIAN_POINT('',(9.411495778229E1,-4.554611793151E1,1.5E0));
#216=DIRECTION('',(0.E0,0.E0,1.E0));
#217=DIRECTION('',(-9.938828893525E-1,-1.104391336999E-1,0.E0));
#218=AXIS2_PLACEMENT_3D('',#215,#216,#217);
#220=CARTESIAN_POINT('',(4.866435134539E-2,-3.054024243447E1,1.5E0));
#221=DIRECTION('',(0.E0,0.E0,1.E0));
#222=DIRECTION('',(9.999999809018E-1,-1.954391620290E-4,0.E0));
#223=AXIS2_PLACEMENT_3D('',#220,#221,#222);
#225=CARTESIAN_POINT('',(4.866435134539E-2,-3.054024243447E1,1.5E0));
#226=DIRECTION('',(0.E0,0.E0,1.E0));
#227=DIRECTION('',(-9.999999809018E-1,1.954391620290E-4,0.E0));
#228=AXIS2_PLACEMENT_3D('',#225,#226,#227);
#230=CARTESIAN_POINT('',(-9.401820718287E1,-4.555670989497E1,1.5E0));
#231=DIRECTION('',(0.E0,0.E0,1.E0));
#232=DIRECTION('',(9.942359548012E-1,-1.072141137190E-1,0.E0));
#233=AXIS2_PLACEMENT_3D('',#230,#231,#232);
#235=CARTESIAN_POINT('',(-9.401820718287E1,-4.555670989497E1,1.5E0));
#236=DIRECTION('',(0.E0,0.E0,1.E0));
#237=DIRECTION('',(-9.942359548012E-1,1.072141137190E-1,0.E0));
#238=AXIS2_PLACEMENT_3D('',#235,#236,#237);
#240=CARTESIAN_POINT('',(-1.314111196251E2,3.446169276226E1,1.5E0));
#241=DIRECTION('',(0.E0,0.E0,1.E0));
#242=DIRECTION('',(-3.676052146691E-2,-9.993241036128E-1,0.E0));
#243=AXIS2_PLACEMENT_3D('',#240,#241,#242);
#245=CARTESIAN_POINT('',(-1.314111196251E2,3.446169276226E1,1.5E0));
#246=DIRECTION('',(0.E0,0.E0,1.E0));
#247=DIRECTION('',(3.676052146691E-2,9.993241036128E-1,0.E0));
#248=AXIS2_PLACEMENT_3D('',#245,#246,#247);
#250=CARTESIAN_POINT('',(-8.979738270264E1,1.140397956203E2,1.5E0));
#251=DIRECTION('',(0.E0,0.E0,1.E0));
#252=DIRECTION('',(-9.896109912312E-1,-1.437709498974E-1,0.E0));
#253=AXIS2_PLACEMENT_3D('',#250,#251,#252);
#255=CARTESIAN_POINT('',(-8.979738270264E1,1.140397956203E2,1.5E0));
#256=DIRECTION('',(0.E0,0.E0,1.E0));
#257=DIRECTION('',(9.896109912312E-1,1.437709498974E-1,0.E0));
#258=AXIS2_PLACEMENT_3D('',#255,#256,#257);
#260=DIRECTION('',(0.E0,0.E0,-1.E0));
#261=VECTOR('',#260,3.E0);
#262=CARTESIAN_POINT('',(-1.700518682742E1,4.117768418936E1,1.5E0));
#263=LINE('',#262,#261);
#264=DIRECTION('',(0.E0,0.E0,-1.E0));
#265=VECTOR('',#264,3.E0);
#266=CARTESIAN_POINT('',(-2.300518682742E1,4.117768418936E1,1.5E0));
#267=LINE('',#266,#265);
#268=CARTESIAN_POINT('',(-2.000518682742E1,4.117768418936E1,-1.5E0));
#269=DIRECTION('',(0.E0,0.E0,1.E0));
#270=DIRECTION('',(1.E0,0.E0,0.E0));
#271=AXIS2_PLACEMENT_3D('',#268,#269,#270);
#273=CARTESIAN_POINT('',(-2.000518682742E1,4.117768418936E1,-1.5E0));
#274=DIRECTION('',(0.E0,0.E0,1.E0));
#275=DIRECTION('',(-1.E0,0.E0,0.E0));
#276=AXIS2_PLACEMENT_3D('',#273,#274,#275);
#278=CARTESIAN_POINT('',(0.E0,6.527684189362E0,-1.5E0));
#279=DIRECTION('',(0.E0,0.E0,1.E0));
#280=DIRECTION('',(1.E0,0.E0,0.E0));
#281=AXIS2_PLACEMENT_3D('',#278,#279,#280);
#283=CARTESIAN_POINT('',(0.E0,6.527684189362E0,-1.5E0));
#284=DIRECTION('',(0.E0,0.E0,1.E0));
#285=DIRECTION('',(-1.E0,0.E0,0.E0));
#286=AXIS2_PLACEMENT_3D('',#283,#284,#285);
#288=CARTESIAN_POINT('',(2.000518682742E1,4.117768418936E1,-1.5E0));
#289=DIRECTION('',(0.E0,0.E0,1.E0));
#290=DIRECTION('',(1.E0,0.E0,0.E0));
#291=AXIS2_PLACEMENT_3D('',#288,#289,#290);
#293=CARTESIAN_POINT('',(2.000518682742E1,4.117768418936E1,-1.5E0));
#294=DIRECTION('',(0.E0,0.E0,1.E0));
#295=DIRECTION('',(-1.E0,0.E0,0.E0));
#296=AXIS2_PLACEMENT_3D('',#293,#294,#295);
#298=DIRECTION('',(0.E0,-1.E0,0.E0));
#299=VECTOR('',#298,5.542562584220E0);
#300=CARTESIAN_POINT('',(-5.557912666965E1,3.835549874100E1,-1.5E0));
#301=LINE('',#300,#299);
#302=CARTESIAN_POINT('',(-4.947912666965E1,3.558421744889E1,-1.5E0));
#303=DIRECTION('',(0.E0,0.E0,1.E0));
#304=DIRECTION('',(-9.104477611940E-1,-4.136240734493E-1,0.E0));
#305=AXIS2_PLACEMENT_3D('',#302,#303,#304);
#307=CARTESIAN_POINT('',(4.947912666965E1,3.558421744889E1,-1.5E0));
#308=DIRECTION('',(0.E0,0.E0,1.E0));
#309=DIRECTION('',(9.104477611940E-1,4.136240734493E-1,0.E0));
#310=AXIS2_PLACEMENT_3D('',#307,#308,#309);
#312=DIRECTION('',(0.E0,1.E0,0.E0));
#313=VECTOR('',#312,5.542562584220E0);
#314=CARTESIAN_POINT('',(5.557912666965E1,3.281293615678E1,-1.5E0));
#315=LINE('',#314,#313);
#316=CARTESIAN_POINT('',(2.473312550774E-13,-2.795402376790E2,-1.5E0));
#317=DIRECTION('',(0.E0,0.E0,1.E0));
#318=DIRECTION('',(-1.219811935091E-1,9.925324117781E-1,0.E0));
#319=AXIS2_PLACEMENT_3D('',#316,#317,#318);
#321=DIRECTION('',(9.921147013145E-1,-1.253332335643E-1,0.E0));
#322=VECTOR('',#321,3.435807173820E1);
#323=CARTESIAN_POINT('',(-1.044844718855E2,2.892577743952E1,-1.5E0));
#324=LINE('',#323,#322);
#325=CARTESIAN_POINT('',(-8.104566505796E1,-6.223008725820E1,-1.5E0));
#326=DIRECTION('',(0.E0,0.E0,1.E0));
#327=DIRECTION('',(6.615972657793E-1,7.498593587556E-1,0.E0));
#328=AXIS2_PLACEMENT_3D('',#325,#326,#327);
#330=CARTESIAN_POINT('',(-3.335082385344E1,-8.172392507227E0,-1.5E0));
#331=DIRECTION('',(0.E0,0.E0,-1.E0));
#332=DIRECTION('',(6.615972657793E-1,7.498593587556E-1,0.E0));
#333=AXIS2_PLACEMENT_3D('',#330,#331,#332);
#335=CARTESIAN_POINT('',(3.964897428848E-13,-2.795402376790E2,-1.5E0));
#336=DIRECTION('',(0.E0,0.E0,1.E0));
#337=DIRECTION('',(2.983096837089E-1,9.544691365390E-1,0.E0));
#338=AXIS2_PLACEMENT_3D('',#335,#336,#337);
#340=CARTESIAN_POINT('',(3.335082385344E1,-8.172392507226E0,-1.5E0));
#341=DIRECTION('',(0.E0,0.E0,-1.E0));
#342=DIRECTION('',(-1.219811935088E-1,-9.925324117782E-1,0.E0));
#343=AXIS2_PLACEMENT_3D('',#340,#341,#342);
#345=CARTESIAN_POINT('',(8.104566505796E1,-6.223008725820E1,-1.5E0));
#346=DIRECTION('',(0.E0,0.E0,1.E0));
#347=DIRECTION('',(-1.216953286029E-1,9.925675024885E-1,0.E0));
#348=AXIS2_PLACEMENT_3D('',#345,#346,#347);
#350=DIRECTION('',(9.921147013145E-1,1.253332335643E-1,0.E0));
#351=VECTOR('',#350,3.435807173820E1);
#352=CARTESIAN_POINT('',(7.039732380521E1,2.461956920954E1,-1.5E0));
#353=LINE('',#352,#351);
#354=CARTESIAN_POINT('',(9.104865897713E1,9.485146588336E1,-1.5E0));
#355=DIRECTION('',(0.E0,0.E0,-1.E0));
#356=DIRECTION('',(1.795055332447E-14,1.E0,0.E0));
#357=AXIS2_PLACEMENT_3D('',#354,#355,#356);
#359=CARTESIAN_POINT('',(7.103737110749E1,9.485146588336E1,-1.5E0));
#360=DIRECTION('',(0.E0,0.E0,-1.E0));
#361=DIRECTION('',(-6.881622158616E-1,7.255568652149E-1,0.E0));
#362=AXIS2_PLACEMENT_3D('',#359,#360,#361);
#364=DIRECTION('',(-7.255568652149E-1,-6.881622158616E-1,0.E0));
#365=VECTOR('',#364,6.784531613995E0);
#366=CARTESIAN_POINT('',(5.142474795543E1,1.155298365420E2,-1.5E0));
#367=LINE('',#366,#365);
#368=DIRECTION('',(-1.E0,0.E0,0.E0));
#369=VECTOR('',#368,5.171463597956E1);
#370=CARTESIAN_POINT('',(2.585731798978E1,1.026276841894E2,-1.5E0));
#371=LINE('',#370,#369);
#372=DIRECTION('',(-7.255568652149E-1,6.881622158616E-1,0.E0));
#373=VECTOR('',#372,6.784531613995E0);
#374=CARTESIAN_POINT('',(-4.650218446563E1,1.108609782329E2,-1.5E0));
#375=LINE('',#374,#373);
#376=CARTESIAN_POINT('',(-7.103737110749E1,9.485146588336E1,-1.5E0));
#377=DIRECTION('',(0.E0,0.E0,-1.E0));
#378=DIRECTION('',(0.E0,1.E0,0.E0));
#379=AXIS2_PLACEMENT_3D('',#376,#377,#378);
#381=CARTESIAN_POINT('',(-9.104865897713E1,9.485146588336E1,-1.5E0));
#382=DIRECTION('',(0.E0,0.E0,-1.E0));
#383=DIRECTION('',(-8.129344551529E-1,5.823551936964E-1,0.E0));
#384=AXIS2_PLACEMENT_3D('',#381,#382,#383);
#386=CARTESIAN_POINT('',(-9.564231664520E1,-2.865222029528E1,-1.5E0));
#387=DIRECTION('',(0.E0,0.E0,-1.E0));
#388=DIRECTION('',(3.562097454197E-1,-9.344060237755E-1,0.E0));
#389=AXIS2_PLACEMENT_3D('',#386,#387,#388);
#391=CARTESIAN_POINT('',(2.461078325811E-13,-2.795402376790E2,-1.5E0));
#392=DIRECTION('',(0.E0,0.E0,-1.E0));
#393=DIRECTION('',(-3.562097454197E-1,9.344060237755E-1,0.E0));
#394=AXIS2_PLACEMENT_3D('',#391,#392,#393);
#396=CARTESIAN_POINT('',(9.564231664520E1,-2.865222029528E1,-1.5E0));
#397=DIRECTION('',(0.E0,0.E0,-1.E0));
#398=DIRECTION('',(8.539492557607E-1,-5.203562900415E-1,0.E0));
#399=AXIS2_PLACEMENT_3D('',#396,#397,#398);
#401=CARTESIAN_POINT('',(3.363403255643E1,1.131276841894E2,-1.5E0));
#402=DIRECTION('',(0.E0,0.E0,-1.E0));
#403=DIRECTION('',(6.881622158616E-1,-7.255568652149E-1,0.E0));
#404=AXIS2_PLACEMENT_3D('',#401,#402,#403);
#406=DIRECTION('',(7.255568652149E-1,6.881622158616E-1,0.E0));
#407=VECTOR('',#406,6.784531613995E0);
#408=CARTESIAN_POINT('',(5.324665570849E1,9.244931353074E1,-1.5E0));
#409=LINE('',#408,#407);
#410=DIRECTION('',(1.E0,0.E0,0.E0));
#411=VECTOR('',#410,1.594780675284E0);
#412=CARTESIAN_POINT('',(7.881408567414E1,1.053514658834E2,-1.5E0));
#413=LINE('',#412,#411);
#414=CARTESIAN_POINT('',(0.E0,2.962768418936E1,-1.5E0));
#415=DIRECTION('',(0.E0,0.E0,-1.E0));
#416=DIRECTION('',(8.692850416154E-1,4.943111534486E-1,0.E0));
#417=AXIS2_PLACEMENT_3D('',#414,#415,#416);
#419=CARTESIAN_POINT('',(0.E0,2.962768418936E1,-1.5E0));
#420=DIRECTION('',(0.E0,0.E0,1.E0));
#421=DIRECTION('',(4.353830002533E-1,9.002453238370E-1,0.E0));
#422=AXIS2_PLACEMENT_3D('',#419,#420,#421);
#424=CARTESIAN_POINT('',(0.E0,2.962768418936E1,-1.5E0));
#425=DIRECTION('',(0.E0,0.E0,-1.E0));
#426=DIRECTION('',(-9.244623205174E-1,3.812734162560E-1,0.E0));
#427=AXIS2_PLACEMENT_3D('',#424,#425,#426);
#429=DIRECTION('',(1.E0,0.E0,0.E0));
#430=VECTOR('',#429,1.594780675284E0);
#431=CARTESIAN_POINT('',(-8.040886634942E1,1.053514658834E2,-1.5E0));
#432=LINE('',#431,#430);
#433=DIRECTION('',(7.255568652149E-1,-6.881622158616E-1,0.E0));
#434=VECTOR('',#433,6.784531613995E0);
#435=CARTESIAN_POINT('',(-5.816921919829E1,9.711817183981E1,-1.5E0));
#436=LINE('',#435,#434);
#437=CARTESIAN_POINT('',(-3.363403255643E1,1.131276841894E2,-1.5E0));
#438=DIRECTION('',(0.E0,0.E0,-1.E0));
#439=DIRECTION('',(0.E0,-1.E0,0.E0));
#440=AXIS2_PLACEMENT_3D('',#437,#438,#439);
#442=DIRECTION('',(1.E0,0.E0,0.E0));
#443=VECTOR('',#442,6.726806511287E1);
#444=CARTESIAN_POINT('',(-3.363403255643E1,8.462768418936E1,-1.5E0));
#445=LINE('',#444,#443);
#446=CARTESIAN_POINT('',(0.E0,9.362768418936E1,-1.5E0));
#447=DIRECTION('',(0.E0,0.E0,1.E0));
#448=DIRECTION('',(-1.E0,0.E0,0.E0));
#449=AXIS2_PLACEMENT_3D('',#446,#447,#448);
#451=CARTESIAN_POINT('',(0.E0,9.362768418936E1,-1.5E0));
#452=DIRECTION('',(0.E0,0.E0,1.E0));
#453=DIRECTION('',(1.E0,0.E0,0.E0));
#454=AXIS2_PLACEMENT_3D('',#451,#452,#453);
#456=CARTESIAN_POINT('',(8.970104261832E1,1.140536323950E2,-1.5E0));
#457=DIRECTION('',(0.E0,0.E0,1.E0));
#458=DIRECTION('',(-9.900722170536E-1,1.405596137535E-1,0.E0));
#459=AXIS2_PLACEMENT_3D('',#456,#457,#458);
#461=CARTESIAN_POINT('',(8.970104261832E1,1.140536323950E2,-1.5E0));
#462=DIRECTION('',(0.E0,0.E0,1.E0));
#463=DIRECTION('',(9.900722170536E-1,-1.405596137535E-1,0.E0));
#464=AXIS2_PLACEMENT_3D('',#461,#462,#463);
#466=CARTESIAN_POINT('',(1.314075057773E2,3.455895434851E1,-1.5E0));
#467=DIRECTION('',(0.E0,0.E0,1.E0));
#468=DIRECTION('',(-3.750015330152E-2,9.992966218808E-1,0.E0));
#469=AXIS2_PLACEMENT_3D('',#466,#467,#468);
#471=CARTESIAN_POINT('',(1.314075057773E2,3.455895434851E1,-1.5E0));
#472=DIRECTION('',(0.E0,0.E0,1.E0));
#473=DIRECTION('',(3.750015330152E-2,-9.992966218808E-1,0.E0));
#474=AXIS2_PLACEMENT_3D('',#471,#472,#473);
#476=CARTESIAN_POINT('',(9.411495778229E1,-4.554611793151E1,-1.5E0));
#477=DIRECTION('',(0.E0,0.E0,1.E0));
#478=DIRECTION('',(9.938828893525E-1,1.104391336999E-1,0.E0));
#479=AXIS2_PLACEMENT_3D('',#476,#477,#478);
#481=CARTESIAN_POINT('',(9.411495778229E1,-4.554611793151E1,-1.5E0));
#482=DIRECTION('',(0.E0,0.E0,1.E0));
#483=DIRECTION('',(-9.938828893525E-1,-1.104391336999E-1,0.E0));
#484=AXIS2_PLACEMENT_3D('',#481,#482,#483);
#486=CARTESIAN_POINT('',(4.866435134539E-2,-3.054024243447E1,-1.5E0));
#487=DIRECTION('',(0.E0,0.E0,1.E0));
#488=DIRECTION('',(9.999999809018E-1,-1.954391620290E-4,0.E0));
#489=AXIS2_PLACEMENT_3D('',#486,#487,#488);
#491=CARTESIAN_POINT('',(4.866435134539E-2,-3.054024243447E1,-1.5E0));
#492=DIRECTION('',(0.E0,0.E0,1.E0));
#493=DIRECTION('',(-9.999999809018E-1,1.954391620290E-4,0.E0));
#494=AXIS2_PLACEMENT_3D('',#491,#492,#493);
#496=CARTESIAN_POINT('',(-9.401820718287E1,-4.555670989497E1,-1.5E0));
#497=DIRECTION('',(0.E0,0.E0,1.E0));
#498=DIRECTION('',(9.942359548012E-1,-1.072141137190E-1,0.E0));
#499=AXIS2_PLACEMENT_3D('',#496,#497,#498);
#501=CARTESIAN_POINT('',(-9.401820718287E1,-4.555670989497E1,-1.5E0));
#502=DIRECTION('',(0.E0,0.E0,1.E0));
#503=DIRECTION('',(-9.942359548012E-1,1.072141137190E-1,0.E0));
#504=AXIS2_PLACEMENT_3D('',#501,#502,#503);
#506=CARTESIAN_POINT('',(-1.314111196251E2,3.446169276226E1,-1.5E0));
#507=DIRECTION('',(0.E0,0.E0,1.E0));
#508=DIRECTION('',(-3.676052146691E-2,-9.993241036128E-1,0.E0));
#509=AXIS2_PLACEMENT_3D('',#506,#507,#508);
#511=CARTESIAN_POINT('',(-1.314111196251E2,3.446169276226E1,-1.5E0));
#512=DIRECTION('',(0.E0,0.E0,1.E0));
#513=DIRECTION('',(3.676052146691E-2,9.993241036128E-1,0.E0));
#514=AXIS2_PLACEMENT_3D('',#511,#512,#513);
#516=CARTESIAN_POINT('',(-8.979738270264E1,1.140397956203E2,-1.5E0));
#517=DIRECTION('',(0.E0,0.E0,1.E0));
#518=DIRECTION('',(-9.896109912312E-1,-1.437709498974E-1,0.E0));
#519=AXIS2_PLACEMENT_3D('',#516,#517,#518);
#521=CARTESIAN_POINT('',(-8.979738270264E1,1.140397956203E2,-1.5E0));
#522=DIRECTION('',(0.E0,0.E0,1.E0));
#523=DIRECTION('',(9.896109912312E-1,1.437709498974E-1,0.E0));
#524=AXIS2_PLACEMENT_3D('',#521,#522,#523);
#526=DIRECTION('',(0.E0,0.E0,-1.E0));
#527=VECTOR('',#526,3.E0);
#528=CARTESIAN_POINT('',(3.E0,6.527684189362E0,1.5E0));
#529=LINE('',#528,#527);
#530=DIRECTION('',(0.E0,0.E0,-1.E0));
#531=VECTOR('',#530,3.E0);
#532=CARTESIAN_POINT('',(-3.E0,6.527684189362E0,1.5E0));
#533=LINE('',#532,#531);
#534=DIRECTION('',(0.E0,0.E0,-1.E0));
#535=VECTOR('',#534,3.E0);
#536=CARTESIAN_POINT('',(2.300518682742E1,4.117768418936E1,1.5E0));
#537=LINE('',#536,#535);
#538=DIRECTION('',(0.E0,0.E0,-1.E0));
#539=VECTOR('',#538,3.E0);
#540=CARTESIAN_POINT('',(1.700518682742E1,4.117768418936E1,1.5E0));
#541=LINE('',#540,#539);
#542=DIRECTION('',(0.E0,0.E0,-1.E0));
#543=VECTOR('',#542,3.E0);
#544=CARTESIAN_POINT('',(-5.557912666965E1,3.835549874100E1,1.5E0));
#545=LINE('',#544,#543);
#546=DIRECTION('',(0.E0,0.E0,-1.E0));
#547=VECTOR('',#546,3.E0);
#548=CARTESIAN_POINT('',(-5.557912666965E1,3.281293615678E1,1.5E0));
#549=LINE('',#548,#547);
#550=DIRECTION('',(0.E0,0.E0,-1.E0));
#551=VECTOR('',#550,3.E0);
#552=CARTESIAN_POINT('',(5.557912666965E1,3.835549874100E1,1.5E0));
#553=LINE('',#552,#551);
#554=DIRECTION('',(0.E0,0.E0,-1.E0));
#555=VECTOR('',#554,3.E0);
#556=CARTESIAN_POINT('',(5.557912666965E1,3.281293615678E1,1.5E0));
#557=LINE('',#556,#555);
#558=DIRECTION('',(0.E0,0.E0,-1.E0));
#559=VECTOR('',#558,3.E0);
#560=CARTESIAN_POINT('',(-7.696389839689E1,-3.328720045195E1,1.5E0));
#561=LINE('',#560,#559);
#562=CARTESIAN_POINT('',(-8.591318890815E1,-4.653126355778E0,1.5E0));
#563=DIRECTION('',(0.E0,0.E0,-1.E0));
#564=DIRECTION('',(2.983096837089E-1,-9.544691365390E-1,0.E0));
#565=AXIS2_PLACEMENT_3D('',#562,#563,#564);
#567=CARTESIAN_POINT('',(-8.591318890815E1,-4.653126355778E0,-1.5E0));
#568=DIRECTION('',(0.E0,0.E0,1.E0));
#569=DIRECTION('',(-9.287912314395E-1,-3.706033572448E-1,0.E0));
#570=AXIS2_PLACEMENT_3D('',#567,#568,#569);
#572=DIRECTION('',(0.E0,1.953992523340E-14,-1.E0));
#573=VECTOR('',#572,3.E0);
#574=CARTESIAN_POINT('',(-1.137769258513E2,-1.577122707312E1,1.5E0));
#575=LINE('',#574,#573);
#576=CARTESIAN_POINT('',(0.E0,2.962768418936E1,1.5E0));
#577=DIRECTION('',(0.E0,0.E0,-1.E0));
#578=DIRECTION('',(-9.287912314395E-1,-3.706033572448E-1,0.E0));
#579=AXIS2_PLACEMENT_3D('',#576,#577,#578);
#581=DIRECTION('',(0.E0,0.E0,-1.E0));
#582=VECTOR('',#581,3.E0);
#583=CARTESIAN_POINT('',(-1.212060243967E2,1.186959730080E1,1.5E0));
#584=LINE('',#583,#582);
#585=CARTESIAN_POINT('',(0.E0,2.962768418936E1,-1.5E0));
#586=DIRECTION('',(0.E0,0.E0,1.E0));
#587=DIRECTION('',(-9.894369338508E-1,-1.449639746005E-1,0.E0));
#588=AXIS2_PLACEMENT_3D('',#585,#586,#587);
#590=CARTESIAN_POINT('',(-1.063644703890E2,1.404405691980E1,1.5E0));
#591=DIRECTION('',(0.E0,0.E0,-1.E0));
#592=DIRECTION('',(-9.894369338508E-1,-1.449639746005E-1,0.E0));
#593=AXIS2_PLACEMENT_3D('',#590,#591,#592);
#595=DIRECTION('',(0.E0,0.E0,-1.E0));
#596=VECTOR('',#595,3.E0);
#597=CARTESIAN_POINT('',(-1.044844718855E2,2.892577743952E1,1.5E0));
#598=LINE('',#597,#596);
#599=CARTESIAN_POINT('',(-1.063644703890E2,1.404405691980E1,-1.5E0));
#600=DIRECTION('',(0.E0,0.E0,-1.E0));
#601=DIRECTION('',(-9.894369338508E-1,-1.449639746005E-1,0.E0));
#602=AXIS2_PLACEMENT_3D('',#599,#600,#601);
#604=DIRECTION('',(2.131628207280E-13,-2.723747153747E-14,-1.E0));
#605=VECTOR('',#604,3.E0);
#606=CARTESIAN_POINT('',(-7.039732380521E1,2.461956920954E1,1.5E0));
#607=LINE('',#606,#605);
#608=DIRECTION('',(0.E0,0.E0,-1.E0));
#609=VECTOR('',#608,3.E0);
#610=CARTESIAN_POINT('',(-2.315590430227E1,3.382606632914E0,1.5E0));
#611=LINE('',#610,#609);
#612=DIRECTION('',(0.E0,0.E0,-1.E0));
#613=VECTOR('',#612,3.E0);
#614=CARTESIAN_POINT('',(-3.147114792534E1,-2.346687544026E1,1.5E0));
#615=LINE('',#614,#613);
#616=DIRECTION('',(0.E0,0.E0,-1.E0));
#617=VECTOR('',#616,3.E0);
#618=CARTESIAN_POINT('',(1.137769258513E2,-1.577122707312E1,1.5E0));
#619=LINE('',#618,#617);
#620=CARTESIAN_POINT('',(0.E0,2.962768418936E1,-1.5E0));
#621=DIRECTION('',(0.E0,0.E0,1.E0));
#622=DIRECTION('',(9.287912314395E-1,-3.706033572448E-1,0.E0));
#623=AXIS2_PLACEMENT_3D('',#620,#621,#622);
#625=CARTESIAN_POINT('',(0.E0,2.962768418936E1,1.5E0));
#626=DIRECTION('',(0.E0,0.E0,-1.E0));
#627=DIRECTION('',(9.894369338508E-1,-1.449639746005E-1,0.E0));
#628=AXIS2_PLACEMENT_3D('',#625,#626,#627);
#630=CARTESIAN_POINT('',(8.591318890815E1,-4.653126355778E0,1.5E0));
#631=DIRECTION('',(0.E0,0.E0,-1.E0));
#632=DIRECTION('',(9.287912314395E-1,-3.706033572448E-1,0.E0));
#633=AXIS2_PLACEMENT_3D('',#630,#631,#632);
#635=CARTESIAN_POINT('',(8.591318890815E1,-4.653126355778E0,-1.5E0));
#636=DIRECTION('',(0.E0,0.E0,1.E0));
#637=DIRECTION('',(-2.983096837089E-1,-9.544691365390E-1,0.E0));
#638=AXIS2_PLACEMENT_3D('',#635,#636,#637);
#640=DIRECTION('',(0.E0,0.E0,-1.E0));
#641=VECTOR('',#640,3.E0);
#642=CARTESIAN_POINT('',(7.696389839689E1,-3.328720045195E1,1.5E0));
#643=LINE('',#642,#641);
#644=DIRECTION('',(0.E0,0.E0,-1.E0));
#645=VECTOR('',#644,3.E0);
#646=CARTESIAN_POINT('',(3.147114792534E1,-2.346687544026E1,1.5E0));
#647=LINE('',#646,#645);
#648=DIRECTION('',(0.E0,0.E0,-1.E0));
#649=VECTOR('',#648,3.E0);
#650=CARTESIAN_POINT('',(2.315590430227E1,3.382606632915E0,1.5E0));
#651=LINE('',#650,#649);
#652=DIRECTION('',(0.E0,0.E0,-1.E0));
#653=VECTOR('',#652,3.E0);
#654=CARTESIAN_POINT('',(7.039732380521E1,2.461956920954E1,1.5E0));
#655=LINE('',#654,#653);
#656=DIRECTION('',(0.E0,0.E0,-1.E0));
#657=VECTOR('',#656,3.E0);
#658=CARTESIAN_POINT('',(1.044844718855E2,2.892577743952E1,1.5E0));
#659=LINE('',#658,#657);
#660=CARTESIAN_POINT('',(1.063644703890E2,1.404405691980E1,1.5E0));
#661=DIRECTION('',(0.E0,0.E0,-1.E0));
#662=DIRECTION('',(-1.253332335643E-1,9.921147013145E-1,0.E0));
#663=AXIS2_PLACEMENT_3D('',#660,#661,#662);
#665=DIRECTION('',(0.E0,0.E0,-1.E0));
#666=VECTOR('',#665,3.E0);
#667=CARTESIAN_POINT('',(1.212060243967E2,1.186959730080E1,1.5E0));
#668=LINE('',#667,#666);
#669=CARTESIAN_POINT('',(1.063644703890E2,1.404405691980E1,-1.5E0));
#670=DIRECTION('',(0.E0,0.E0,-1.E0));
#671=DIRECTION('',(-1.253332335643E-1,9.921147013145E-1,0.E0));
#672=AXIS2_PLACEMENT_3D('',#669,#670,#671);
#674=DIRECTION('',(0.E0,0.E0,1.E0));
#675=VECTOR('',#674,3.E0);
#676=CARTESIAN_POINT('',(9.104865897713E1,1.233514658834E2,-1.5E0));
#677=LINE('',#676,#675);
#678=DIRECTION('',(-1.E0,0.E0,0.E0));
#679=VECTOR('',#678,2.001128786964E1);
#680=CARTESIAN_POINT('',(9.104865897713E1,1.233514658834E2,1.5E0));
#681=LINE('',#680,#679);
#682=DIRECTION('',(0.E0,0.E0,1.E0));
#683=VECTOR('',#682,3.E0);
#684=CARTESIAN_POINT('',(7.103737110749E1,1.233514658834E2,-1.5E0));
#685=LINE('',#684,#683);
#686=DIRECTION('',(1.E0,0.E0,0.E0));
#687=VECTOR('',#686,2.001128786964E1);
#688=CARTESIAN_POINT('',(7.103737110749E1,1.233514658834E2,-1.5E0));
#689=LINE('',#688,#687);
#690=DIRECTION('',(0.E0,0.E0,1.E0));
#691=VECTOR('',#690,3.E0);
#692=CARTESIAN_POINT('',(5.142474795543E1,1.155298365420E2,-1.5E0));
#693=LINE('',#692,#691);
#694=DIRECTION('',(0.E0,0.E0,-1.E0));
#695=VECTOR('',#694,3.E0);
#696=CARTESIAN_POINT('',(4.650218446563E1,1.108609782329E2,1.5E0));
#697=LINE('',#696,#695);
#698=CARTESIAN_POINT('',(2.585731798978E1,1.326276841894E2,1.5E0));
#699=DIRECTION('',(0.E0,0.E0,-1.E0));
#700=DIRECTION('',(6.881622158616E-1,-7.255568652149E-1,0.E0));
#701=AXIS2_PLACEMENT_3D('',#698,#699,#700);
#703=CARTESIAN_POINT('',(2.585731798978E1,1.326276841894E2,-1.5E0));
#704=DIRECTION('',(0.E0,0.E0,1.E0));
#705=DIRECTION('',(0.E0,-1.E0,0.E0));
#706=AXIS2_PLACEMENT_3D('',#703,#704,#705);
#708=DIRECTION('',(0.E0,0.E0,1.E0));
#709=VECTOR('',#708,3.E0);
#710=CARTESIAN_POINT('',(-2.585731798978E1,1.026276841894E2,-1.5E0));
#711=LINE('',#710,#709);
#712=DIRECTION('',(0.E0,0.E0,-1.E0));
#713=VECTOR('',#712,3.E0);
#714=CARTESIAN_POINT('',(2.585731798978E1,1.026276841894E2,1.5E0));
#715=LINE('',#714,#713);
#716=CARTESIAN_POINT('',(-2.585731798978E1,1.326276841894E2,-1.5E0));
#717=DIRECTION('',(0.E0,0.E0,1.E0));
#718=DIRECTION('',(-6.881622158616E-1,-7.255568652149E-1,0.E0));
#719=AXIS2_PLACEMENT_3D('',#716,#717,#718);
#721=CARTESIAN_POINT('',(-2.585731798978E1,1.326276841894E2,1.5E0));
#722=DIRECTION('',(0.E0,0.E0,-1.E0));
#723=DIRECTION('',(0.E0,-1.E0,0.E0));
#724=AXIS2_PLACEMENT_3D('',#721,#722,#723);
#726=DIRECTION('',(0.E0,0.E0,1.E0));
#727=VECTOR('',#726,3.E0);
#728=CARTESIAN_POINT('',(-5.142474795543E1,1.155298365420E2,-1.5E0));
#729=LINE('',#728,#727);
#730=DIRECTION('',(0.E0,0.E0,1.E0));
#731=VECTOR('',#730,3.E0);
#732=CARTESIAN_POINT('',(-4.650218446563E1,1.108609782329E2,-1.5E0));
#733=LINE('',#732,#731);
#734=DIRECTION('',(0.E0,0.E0,1.E0));
#735=VECTOR('',#734,3.E0);
#736=CARTESIAN_POINT('',(-7.103737110749E1,1.233514658834E2,-1.5E0));
#737=LINE('',#736,#735);
#738=DIRECTION('',(-1.E0,0.E0,0.E0));
#739=VECTOR('',#738,2.001128786964E1);
#740=CARTESIAN_POINT('',(-7.103737110749E1,1.233514658834E2,1.5E0));
#741=LINE('',#740,#739);
#742=DIRECTION('',(0.E0,0.E0,1.E0));
#743=VECTOR('',#742,3.E0);
#744=CARTESIAN_POINT('',(-9.104865897713E1,1.233514658834E2,-1.5E0));
#745=LINE('',#744,#743);
#746=DIRECTION('',(1.E0,0.E0,0.E0));
#747=VECTOR('',#746,2.001128786964E1);
#748=CARTESIAN_POINT('',(-9.104865897713E1,1.233514658834E2,-1.5E0));
#749=LINE('',#748,#747);
#750=DIRECTION('',(0.E0,0.E0,1.E0));
#751=VECTOR('',#750,3.E0);
#752=CARTESIAN_POINT('',(-1.142172909490E2,1.114485889037E2,-1.5E0));
#753=LINE('',#752,#751);
#754=CARTESIAN_POINT('',(0.E0,2.962768418936E1,1.5E0));
#755=DIRECTION('',(0.E0,0.E0,1.E0));
#756=DIRECTION('',(-8.129344551529E-1,5.823551936964E-1,0.E0));
#757=AXIS2_PLACEMENT_3D('',#754,#755,#756);
#759=DIRECTION('',(0.E0,0.E0,1.E0));
#760=VECTOR('',#759,3.E0);
#761=CARTESIAN_POINT('',(-1.199798704344E2,-4.348237456146E1,-1.5E0));
#762=LINE('',#761,#760);
#763=CARTESIAN_POINT('',(0.E0,2.962768418936E1,-1.5E0));
#764=DIRECTION('',(0.E0,0.E0,1.E0));
#765=DIRECTION('',(-8.129344551529E-1,5.823551936964E-1,0.E0));
#766=AXIS2_PLACEMENT_3D('',#763,#764,#765);
#768=DIRECTION('',(0.E0,0.E0,1.E0));
#769=VECTOR('',#768,3.E0);
#770=CARTESIAN_POINT('',(-8.549033890074E1,-5.528279197288E1,-1.5E0));
#771=LINE('',#770,#769);
#772=DIRECTION('',(0.E0,0.E0,1.E0));
#773=VECTOR('',#772,3.E0);
#774=CARTESIAN_POINT('',(8.549033890074E1,-5.528279197288E1,-1.5E0));
#775=LINE('',#774,#773);
#776=DIRECTION('',(0.E0,-1.421085471520E-14,1.E0));
#777=VECTOR('',#776,3.E0);
#778=CARTESIAN_POINT('',(1.142172909490E2,1.114485889037E2,-1.5E0));
#779=LINE('',#778,#777);
#780=CARTESIAN_POINT('',(0.E0,2.962768418936E1,-1.5E0));
#781=DIRECTION('',(0.E0,0.E0,1.E0));
#782=DIRECTION('',(8.539492557607E-1,-5.203562900415E-1,0.E0));
#783=AXIS2_PLACEMENT_3D('',#780,#781,#782);
#785=DIRECTION('',(0.E0,0.E0,1.E0));
#786=VECTOR('',#785,3.E0);
#787=CARTESIAN_POINT('',(1.199798704344E2,-4.348237456146E1,-1.5E0));
#788=LINE('',#787,#786);
#789=CARTESIAN_POINT('',(0.E0,2.962768418936E1,1.5E0));
#790=DIRECTION('',(0.E0,0.E0,1.E0));
#791=DIRECTION('',(8.539492557607E-1,-5.203562900415E-1,0.E0));
#792=AXIS2_PLACEMENT_3D('',#789,#790,#791);
#794=DIRECTION('',(0.E0,0.E0,-1.E0));
#795=VECTOR('',#794,3.E0);
#796=CARTESIAN_POINT('',(3.363403255643E1,8.462768418936E1,1.5E0));
#797=LINE('',#796,#795);
#798=DIRECTION('',(0.E0,0.E0,-1.E0));
#799=VECTOR('',#798,3.E0);
#800=CARTESIAN_POINT('',(-3.363403255643E1,8.462768418936E1,1.5E0));
#801=LINE('',#800,#799);
#802=DIRECTION('',(0.E0,0.E0,-1.E0));
#803=VECTOR('',#802,3.E0);
#804=CARTESIAN_POINT('',(-5.324665570849E1,9.244931353074E1,1.5E0));
#805=LINE('',#804,#803);
#806=DIRECTION('',(0.E0,0.E0,1.E0));
#807=VECTOR('',#806,3.E0);
#808=CARTESIAN_POINT('',(-5.816921919829E1,9.711817183981E1,-1.5E0));
#809=LINE('',#808,#807);
#810=CARTESIAN_POINT('',(-7.881408567414E1,7.535146588336E1,-1.5E0));
#811=DIRECTION('',(0.E0,0.E0,1.E0));
#812=DIRECTION('',(6.881622158616E-1,7.255568652149E-1,0.E0));
#813=AXIS2_PLACEMENT_3D('',#810,#811,#812);
#815=CARTESIAN_POINT('',(-7.881408567414E1,7.535146588336E1,1.5E0));
#816=DIRECTION('',(0.E0,0.E0,-1.E0));
#817=DIRECTION('',(0.E0,1.E0,0.E0));
#818=AXIS2_PLACEMENT_3D('',#815,#816,#817);
#820=DIRECTION('',(0.E0,0.E0,1.E0));
#821=VECTOR('',#820,3.E0);
#822=CARTESIAN_POINT('',(-8.040886634942E1,1.053514658834E2,-1.5E0));
#823=LINE('',#822,#821);
#824=DIRECTION('',(0.E0,0.E0,1.E0));
#825=VECTOR('',#824,3.E0);
#826=CARTESIAN_POINT('',(-7.881408567414E1,1.053514658834E2,-1.5E0));
#827=LINE('',#826,#825);
#828=CARTESIAN_POINT('',(-8.040886634942E1,7.535146588336E1,-1.5E0));
#829=DIRECTION('',(0.E0,0.E0,1.E0));
#830=DIRECTION('',(0.E0,1.E0,0.E0));
#831=AXIS2_PLACEMENT_3D('',#828,#829,#830);
#833=CARTESIAN_POINT('',(-8.040886634942E1,7.535146588336E1,1.5E0));
#834=DIRECTION('',(0.E0,0.E0,-1.E0));
#835=DIRECTION('',(-8.692850416154E-1,4.943111534486E-1,0.E0));
#836=AXIS2_PLACEMENT_3D('',#833,#834,#835);
#838=DIRECTION('',(0.E0,0.E0,1.E0));
#839=VECTOR('',#838,3.E0);
#840=CARTESIAN_POINT('',(-1.064874175979E2,9.018080048682E1,-1.5E0));
#841=LINE('',#840,#839);
#842=DIRECTION('',(0.E0,0.E0,1.E0));
#843=VECTOR('',#842,3.E0);
#844=CARTESIAN_POINT('',(1.064874175979E2,9.018080048682E1,-1.5E0));
#845=LINE('',#844,#843);
#846=DIRECTION('',(0.E0,0.E0,-1.E0));
#847=VECTOR('',#846,3.E0);
#848=CARTESIAN_POINT('',(1.132466342634E2,7.633367768072E1,1.5E0));
#849=LINE('',#848,#847);
#850=CARTESIAN_POINT('',(-9.937969945562E1,7.061457643688E1,1.5E0));
#851=DIRECTION('',(0.E0,0.E0,-1.E0));
#852=DIRECTION('',(-1.253332335643E-1,-9.921147013145E-1,0.E0));
#853=AXIS2_PLACEMENT_3D('',#850,#851,#852);
#855=DIRECTION('',(0.E0,0.E0,-1.E0));
#856=VECTOR('',#855,3.E0);
#857=CARTESIAN_POINT('',(-1.132466342634E2,7.633367768072E1,1.5E0));
#858=LINE('',#857,#856);
#859=CARTESIAN_POINT('',(-9.937969945562E1,7.061457643688E1,-1.5E0));
#860=DIRECTION('',(0.E0,0.E0,-1.E0));
#861=DIRECTION('',(-1.253332335643E-1,-9.921147013145E-1,0.E0));
#862=AXIS2_PLACEMENT_3D('',#859,#860,#861);
#864=DIRECTION('',(-9.921147013145E-1,1.253332335643E-1,0.E0));
#865=VECTOR('',#864,3.018770866794E1);
#866=CARTESIAN_POINT('',(-7.131002839063E1,5.194933277591E1,1.5E0));
#867=LINE('',#866,#865);
#868=DIRECTION('',(0.E0,0.E0,-1.E0));
#869=VECTOR('',#868,3.E0);
#870=CARTESIAN_POINT('',(-1.012596979591E2,5.573285591716E1,1.5E0));
#871=LINE('',#870,#869);
#872=DIRECTION('',(-9.921147013145E-1,1.253332335643E-1,0.E0));
#873=VECTOR('',#872,3.018770866794E1);
#874=CARTESIAN_POINT('',(-7.131002839063E1,5.194933277591E1,-1.5E0));
#875=LINE('',#874,#873);
#876=CARTESIAN_POINT('',(-5.877670503419E1,1.511608029074E2,1.5E0));
#877=DIRECTION('',(0.E0,0.E0,-1.E0));
#878=DIRECTION('',(4.353830002533E-1,-9.002453238370E-1,0.E0));
#879=AXIS2_PLACEMENT_3D('',#876,#877,#878);
#881=DIRECTION('',(0.E0,0.E0,-1.E0));
#882=VECTOR('',#881,3.E0);
#883=CARTESIAN_POINT('',(-7.131002839063E1,5.194933277591E1,1.5E0));
#884=LINE('',#883,#882);
#885=CARTESIAN_POINT('',(-5.877670503419E1,1.511608029074E2,-1.5E0));
#886=DIRECTION('',(0.E0,0.E0,-1.E0));
#887=DIRECTION('',(4.353830002533E-1,-9.002453238370E-1,0.E0));
#888=AXIS2_PLACEMENT_3D('',#885,#886,#887);
#890=DIRECTION('',(0.E0,0.E0,-1.E0));
#891=VECTOR('',#890,3.E0);
#892=CARTESIAN_POINT('',(-1.523840500886E1,6.113627052366E1,1.5E0));
#893=LINE('',#892,#891);
#894=CARTESIAN_POINT('',(5.877670503419E1,1.511608029074E2,1.5E0));
#895=DIRECTION('',(0.E0,0.E0,-1.E0));
#896=DIRECTION('',(1.253332335643E-1,-9.921147013145E-1,0.E0));
#897=AXIS2_PLACEMENT_3D('',#894,#895,#896);
#899=DIRECTION('',(0.E0,0.E0,-1.E0));
#900=VECTOR('',#899,3.E0);
#901=CARTESIAN_POINT('',(1.523840500887E1,6.113627052366E1,1.5E0));
#902=LINE('',#901,#900);
#903=CARTESIAN_POINT('',(5.877670503419E1,1.511608029074E2,-1.5E0));
#904=DIRECTION('',(0.E0,0.E0,-1.E0));
#905=DIRECTION('',(1.253332335643E-1,-9.921147013145E-1,0.E0));
#906=AXIS2_PLACEMENT_3D('',#903,#904,#905);
#908=DIRECTION('',(-9.921147013145E-1,-1.253332335643E-1,0.E0));
#909=VECTOR('',#908,3.018770866794E1);
#910=CARTESIAN_POINT('',(1.012596979591E2,5.573285591716E1,1.5E0));
#911=LINE('',#910,#909);
#912=DIRECTION('',(0.E0,0.E0,-1.E0));
#913=VECTOR('',#912,3.E0);
#914=CARTESIAN_POINT('',(7.131002839062E1,5.194933277591E1,1.5E0));
#915=LINE('',#914,#913);
#916=DIRECTION('',(-9.921147013145E-1,-1.253332335643E-1,0.E0));
#917=VECTOR('',#916,3.018770866794E1);
#918=CARTESIAN_POINT('',(1.012596979591E2,5.573285591716E1,-1.5E0));
#919=LINE('',#918,#917);
#920=CARTESIAN_POINT('',(9.937969945562E1,7.061457643688E1,1.5E0));
#921=DIRECTION('',(0.E0,0.E0,-1.E0));
#922=DIRECTION('',(9.244623205174E-1,3.812734162560E-1,0.E0));
#923=AXIS2_PLACEMENT_3D('',#920,#921,#922);
#925=DIRECTION('',(0.E0,0.E0,-1.E0));
#926=VECTOR('',#925,3.E0);
#927=CARTESIAN_POINT('',(1.012596979591E2,5.573285591716E1,1.5E0));
#928=LINE('',#927,#926);
#929=CARTESIAN_POINT('',(9.937969945562E1,7.061457643688E1,-1.5E0));
#930=DIRECTION('',(0.E0,0.E0,-1.E0));
#931=DIRECTION('',(9.244623205174E-1,3.812734162560E-1,0.E0));
#932=AXIS2_PLACEMENT_3D('',#929,#930,#931);
#934=CARTESIAN_POINT('',(8.040886634942E1,7.535146588336E1,-1.5E0));
#935=DIRECTION('',(0.E0,0.E0,1.E0));
#936=DIRECTION('',(8.692850416154E-1,4.943111534486E-1,0.E0));
#937=AXIS2_PLACEMENT_3D('',#934,#935,#936);
#939=CARTESIAN_POINT('',(8.040886634942E1,7.535146588336E1,1.5E0));
#940=DIRECTION('',(0.E0,0.E0,-1.E0));
#941=DIRECTION('',(0.E0,1.E0,0.E0));
#942=AXIS2_PLACEMENT_3D('',#939,#940,#941);
#944=DIRECTION('',(0.E0,0.E0,1.E0));
#945=VECTOR('',#944,3.E0);
#946=CARTESIAN_POINT('',(7.881408567414E1,1.053514658834E2,-1.5E0));
#947=LINE('',#946,#945);
#948=DIRECTION('',(0.E0,0.E0,1.E0));
#949=VECTOR('',#948,3.E0);
#950=CARTESIAN_POINT('',(8.040886634942E1,1.053514658834E2,-1.5E0));
#951=LINE('',#950,#949);
#952=CARTESIAN_POINT('',(7.881408567414E1,7.535146588336E1,-1.5E0));
#953=DIRECTION('',(0.E0,0.E0,1.E0));
#954=DIRECTION('',(0.E0,1.E0,0.E0));
#955=AXIS2_PLACEMENT_3D('',#952,#953,#954);
#957=CARTESIAN_POINT('',(7.881408567414E1,7.535146588336E1,1.5E0));
#958=DIRECTION('',(0.E0,0.E0,-1.E0));
#959=DIRECTION('',(-6.881622158616E-1,7.255568652149E-1,0.E0));
#960=AXIS2_PLACEMENT_3D('',#957,#958,#959);
#962=DIRECTION('',(1.421085471520E-14,1.421085471520E-14,-1.E0));
#963=VECTOR('',#962,3.E0);
#964=CARTESIAN_POINT('',(5.324665570849E1,9.244931353074E1,1.5E0));
#965=LINE('',#964,#963);
#966=DIRECTION('',(0.E0,0.E0,1.E0));
#967=VECTOR('',#966,3.E0);
#968=CARTESIAN_POINT('',(5.816921919829E1,9.711817183981E1,-1.5E0));
#969=LINE('',#968,#967);
#970=DIRECTION('',(0.E0,0.E0,-1.E0));
#971=VECTOR('',#970,3.E0);
#972=CARTESIAN_POINT('',(-2.1E0,9.362768418936E1,1.5E0));
#973=LINE('',#972,#971);
#974=DIRECTION('',(0.E0,0.E0,-1.E0));
#975=VECTOR('',#974,3.E0);
#976=CARTESIAN_POINT('',(2.1E0,9.362768418936E1,1.5E0));
#977=LINE('',#976,#975);
#978=DIRECTION('',(0.E0,0.E0,-1.E0));
#979=VECTOR('',#978,3.E0);
#980=CARTESIAN_POINT('',(8.762189096251E1,1.143488075839E2,1.5E0));
#981=LINE('',#980,#979);
#982=DIRECTION('',(0.E0,0.E0,-1.E0));
#983=VECTOR('',#982,3.E0);
#984=CARTESIAN_POINT('',(9.178019427413E1,1.137584572061E2,1.5E0));
#985=LINE('',#984,#983);
#986=DIRECTION('',(0.E0,0.E0,-1.E0));
#987=VECTOR('',#986,3.E0);
#988=CARTESIAN_POINT('',(1.313287554554E2,3.665747725446E1,1.5E0));
#989=LINE('',#988,#987);
#990=DIRECTION('',(0.E0,0.E0,-1.E0));
#991=VECTOR('',#990,3.E0);
#992=CARTESIAN_POINT('',(1.314862560993E2,3.246043144256E1,1.5E0));
#993=LINE('',#992,#991);
#994=DIRECTION('',(0.E0,0.E0,-1.E0));
#995=VECTOR('',#994,3.E0);
#996=CARTESIAN_POINT('',(9.620211184993E1,-4.531419575074E1,1.5E0));
#997=LINE('',#996,#995);
#998=DIRECTION('',(0.E0,0.E0,-1.E0));
#999=VECTOR('',#998,3.E0);
#1000=CARTESIAN_POINT('',(9.202780371465E1,-4.577804011228E1,1.5E0));
#1001=LINE('',#1000,#999);
#1002=DIRECTION('',(0.E0,0.E0,-1.E0));
#1003=VECTOR('',#1002,3.E0);
#1004=CARTESIAN_POINT('',(2.148664311239E0,-3.054065285671E1,1.5E0));
#1005=LINE('',#1004,#1003);
#1006=DIRECTION('',(0.E0,0.E0,-1.E0));
#1007=VECTOR('',#1006,3.E0);
#1008=CARTESIAN_POINT('',(-2.051335608548E0,-3.053983201223E1,1.5E0));
#1009=LINE('',#1008,#1007);
#1010=DIRECTION('',(0.E0,0.E0,-1.E0));
#1011=VECTOR('',#1010,3.E0);
#1012=CARTESIAN_POINT('',(-9.193031167779E1,-4.578185953378E1,1.5E0));
#1013=LINE('',#1012,#1011);
#1014=DIRECTION('',(0.E0,0.E0,-1.E0));
#1015=VECTOR('',#1014,3.E0);
#1016=CARTESIAN_POINT('',(-9.610610268795E1,-4.533156025616E1,1.5E0));
#1017=LINE('',#1016,#1015);
#1018=DIRECTION('',(0.E0,0.E0,-1.E0));
#1019=VECTOR('',#1018,3.E0);
#1020=CARTESIAN_POINT('',(-1.314883167202E2,3.236311214467E1,1.5E0));
#1021=LINE('',#1020,#1019);
#1022=DIRECTION('',(0.E0,0.E0,-1.E0));
#1023=VECTOR('',#1022,3.E0);
#1024=CARTESIAN_POINT('',(-1.313339225300E2,3.656027337985E1,1.5E0));
#1025=LINE('',#1024,#1023);
#1026=DIRECTION('',(0.E0,0.E0,-1.E0));
#1027=VECTOR('',#1026,3.E0);
#1028=CARTESIAN_POINT('',(-9.187556578422E1,1.137378766255E2,1.5E0));
#1029=LINE('',#1028,#1027);
#1030=DIRECTION('',(0.E0,0.E0,-1.E0));
#1031=VECTOR('',#1030,3.E0);
#1032=CARTESIAN_POINT('',(-8.771919962105E1,1.143417146151E2,1.5E0));
#1033=LINE('',#1032,#1031);
#1034=CARTESIAN_POINT('',(-1.012596979591E2,5.573285591716E1,1.5E0));
#1035=CARTESIAN_POINT('',(-1.132466342634E2,7.633367768072E1,1.5E0));
#1036=VERTEX_POINT('',#1034);
#1037=VERTEX_POINT('',#1035);
#1038=CARTESIAN_POINT('',(-1.212060243967E2,1.186959730080E1,1.5E0));
#1039=CARTESIAN_POINT('',(-1.044844718855E2,2.892577743952E1,1.5E0));
#1040=VERTEX_POINT('',#1038);
#1041=VERTEX_POINT('',#1039);
#1042=CARTESIAN_POINT('',(1.044844718855E2,2.892577743952E1,1.5E0));
#1043=CARTESIAN_POINT('',(1.212060243967E2,1.186959730080E1,1.5E0));
#1044=VERTEX_POINT('',#1042);
#1045=VERTEX_POINT('',#1043);
#1046=CARTESIAN_POINT('',(1.132466342634E2,7.633367768072E1,1.5E0));
#1047=CARTESIAN_POINT('',(1.012596979591E2,5.573285591716E1,1.5E0));
#1048=VERTEX_POINT('',#1046);
#1049=VERTEX_POINT('',#1047);
#1050=CARTESIAN_POINT('',(1.523840500887E1,6.113627052366E1,1.5E0));
#1051=CARTESIAN_POINT('',(-1.523840500886E1,6.113627052366E1,1.5E0));
#1052=VERTEX_POINT('',#1050);
#1053=VERTEX_POINT('',#1051);
#1054=CARTESIAN_POINT('',(-7.131002839063E1,5.194933277591E1,1.5E0));
#1055=VERTEX_POINT('',#1054);
#1056=CARTESIAN_POINT('',(7.131002839062E1,5.194933277591E1,1.5E0));
#1057=VERTEX_POINT('',#1056);
#1058=CARTESIAN_POINT('',(-1.700518682742E1,4.117768418936E1,1.5E0));
#1059=CARTESIAN_POINT('',(-2.300518682742E1,4.117768418936E1,1.5E0));
#1060=VERTEX_POINT('',#1058);
#1061=VERTEX_POINT('',#1059);
#1062=CARTESIAN_POINT('',(3.E0,6.527684189362E0,1.5E0));
#1063=CARTESIAN_POINT('',(-3.E0,6.527684189362E0,1.5E0));
#1064=VERTEX_POINT('',#1062);
#1065=VERTEX_POINT('',#1063);
#1066=CARTESIAN_POINT('',(2.300518682742E1,4.117768418936E1,1.5E0));
#1067=CARTESIAN_POINT('',(1.700518682742E1,4.117768418936E1,1.5E0));
#1068=VERTEX_POINT('',#1066);
#1069=VERTEX_POINT('',#1067);
#1070=CARTESIAN_POINT('',(-1.012596979591E2,5.573285591716E1,-1.5E0));
#1071=CARTESIAN_POINT('',(-1.132466342634E2,7.633367768072E1,-1.5E0));
#1072=VERTEX_POINT('',#1070);
#1073=VERTEX_POINT('',#1071);
#1074=CARTESIAN_POINT('',(-1.212060243967E2,1.186959730080E1,-1.5E0));
#1075=CARTESIAN_POINT('',(-1.044844718855E2,2.892577743952E1,-1.5E0));
#1076=VERTEX_POINT('',#1074);
#1077=VERTEX_POINT('',#1075);
#1078=CARTESIAN_POINT('',(1.044844718855E2,2.892577743952E1,-1.5E0));
#1079=CARTESIAN_POINT('',(1.212060243967E2,1.186959730080E1,-1.5E0));
#1080=VERTEX_POINT('',#1078);
#1081=VERTEX_POINT('',#1079);
#1082=CARTESIAN_POINT('',(1.132466342634E2,7.633367768072E1,-1.5E0));
#1083=CARTESIAN_POINT('',(1.012596979591E2,5.573285591716E1,-1.5E0));
#1084=VERTEX_POINT('',#1082);
#1085=VERTEX_POINT('',#1083);
#1086=CARTESIAN_POINT('',(1.523840500887E1,6.113627052366E1,-1.5E0));
#1087=CARTESIAN_POINT('',(-1.523840500886E1,6.113627052366E1,-1.5E0));
#1088=VERTEX_POINT('',#1086);
#1089=VERTEX_POINT('',#1087);
#1090=CARTESIAN_POINT('',(-7.131002839063E1,5.194933277591E1,-1.5E0));
#1091=VERTEX_POINT('',#1090);
#1092=CARTESIAN_POINT('',(7.131002839062E1,5.194933277591E1,-1.5E0));
#1093=VERTEX_POINT('',#1092);
#1094=CARTESIAN_POINT('',(-1.700518682742E1,4.117768418936E1,-1.5E0));
#1095=CARTESIAN_POINT('',(-2.300518682742E1,4.117768418936E1,-1.5E0));
#1096=VERTEX_POINT('',#1094);
#1097=VERTEX_POINT('',#1095);
#1098=CARTESIAN_POINT('',(3.E0,6.527684189362E0,-1.5E0));
#1099=CARTESIAN_POINT('',(-3.E0,6.527684189362E0,-1.5E0));
#1100=VERTEX_POINT('',#1098);
#1101=VERTEX_POINT('',#1099);
#1102=CARTESIAN_POINT('',(2.300518682742E1,4.117768418936E1,-1.5E0));
#1103=CARTESIAN_POINT('',(1.700518682742E1,4.117768418936E1,-1.5E0));
#1104=VERTEX_POINT('',#1102);
#1105=VERTEX_POINT('',#1103);
#1106=CARTESIAN_POINT('',(-2.315590430227E1,3.382606632914E0,1.5E0));
#1107=CARTESIAN_POINT('',(-7.039732380521E1,2.461956920954E1,1.5E0));
#1108=VERTEX_POINT('',#1106);
#1109=VERTEX_POINT('',#1107);
#1110=CARTESIAN_POINT('',(7.039732380521E1,2.461956920954E1,1.5E0));
#1111=CARTESIAN_POINT('',(2.315590430227E1,3.382606632915E0,1.5E0));
#1112=VERTEX_POINT('',#1110);
#1113=VERTEX_POINT('',#1111);
#1114=CARTESIAN_POINT('',(-2.315590430227E1,3.382606632914E0,-1.5E0));
#1115=CARTESIAN_POINT('',(-7.039732380521E1,2.461956920954E1,-1.5E0));
#1116=VERTEX_POINT('',#1114);
#1117=VERTEX_POINT('',#1115);
#1118=CARTESIAN_POINT('',(7.039732380521E1,2.461956920954E1,-1.5E0));
#1119=CARTESIAN_POINT('',(2.315590430227E1,3.382606632915E0,-1.5E0));
#1120=VERTEX_POINT('',#1118);
#1121=VERTEX_POINT('',#1119);
#1122=CARTESIAN_POINT('',(-1.199798704344E2,-4.348237456146E1,1.5E0));
#1123=CARTESIAN_POINT('',(-8.549033890074E1,-5.528279197288E1,1.5E0));
#1124=VERTEX_POINT('',#1122);
#1125=VERTEX_POINT('',#1123);
#1126=CARTESIAN_POINT('',(-8.549033890074E1,-5.528279197288E1,-1.5E0));
#1127=VERTEX_POINT('',#1126);
#1128=CARTESIAN_POINT('',(-1.199798704344E2,-4.348237456146E1,-1.5E0));
#1129=VERTEX_POINT('',#1128);
#1130=CARTESIAN_POINT('',(8.549033890074E1,-5.528279197288E1,1.5E0));
#1131=CARTESIAN_POINT('',(1.199798704344E2,-4.348237456146E1,1.5E0));
#1132=VERTEX_POINT('',#1130);
#1133=VERTEX_POINT('',#1131);
#1134=CARTESIAN_POINT('',(1.199798704344E2,-4.348237456146E1,-1.5E0));
#1135=VERTEX_POINT('',#1134);
#1136=CARTESIAN_POINT('',(8.549033890074E1,-5.528279197288E1,-1.5E0));
#1137=VERTEX_POINT('',#1136);
#1138=CARTESIAN_POINT('',(3.147114792535E1,-2.346687544026E1,1.5E0));
#1139=VERTEX_POINT('',#1138);
#1140=CARTESIAN_POINT('',(-3.147114792534E1,-2.346687544026E1,1.5E0));
#1141=VERTEX_POINT('',#1140);
#1142=CARTESIAN_POINT('',(3.147114792535E1,-2.346687544026E1,-1.5E0));
#1143=VERTEX_POINT('',#1142);
#1144=CARTESIAN_POINT('',(-3.147114792534E1,-2.346687544026E1,-1.5E0));
#1145=VERTEX_POINT('',#1144);
#1146=CARTESIAN_POINT('',(-7.696389839689E1,-3.328720045195E1,1.5E0));
#1147=CARTESIAN_POINT('',(-7.696389839689E1,-3.328720045195E1,-1.5E0));
#1148=VERTEX_POINT('',#1146);
#1149=VERTEX_POINT('',#1147);
#1150=CARTESIAN_POINT('',(-1.137769258513E2,-1.577122707312E1,1.5E0));
#1151=CARTESIAN_POINT('',(-1.137769258513E2,-1.577122707312E1,-1.5E0));
#1152=VERTEX_POINT('',#1150);
#1153=VERTEX_POINT('',#1151);
#1154=CARTESIAN_POINT('',(1.137769258513E2,-1.577122707312E1,1.5E0));
#1155=CARTESIAN_POINT('',(1.137769258513E2,-1.577122707312E1,-1.5E0));
#1156=VERTEX_POINT('',#1154);
#1157=VERTEX_POINT('',#1155);
#1158=CARTESIAN_POINT('',(7.696389839689E1,-3.328720045195E1,1.5E0));
#1159=CARTESIAN_POINT('',(7.696389839689E1,-3.328720045195E1,-1.5E0));
#1160=VERTEX_POINT('',#1158);
#1161=VERTEX_POINT('',#1159);
#1162=CARTESIAN_POINT('',(-5.557912666965E1,3.835549874100E1,1.5E0));
#1163=CARTESIAN_POINT('',(-5.557912666965E1,3.281293615678E1,1.5E0));
#1164=VERTEX_POINT('',#1162);
#1165=VERTEX_POINT('',#1163);
#1166=CARTESIAN_POINT('',(5.557912666965E1,3.835549874100E1,1.5E0));
#1167=CARTESIAN_POINT('',(5.557912666965E1,3.281293615678E1,1.5E0));
#1168=VERTEX_POINT('',#1166);
#1169=VERTEX_POINT('',#1167);
#1170=CARTESIAN_POINT('',(-5.557912666965E1,3.835549874100E1,-1.5E0));
#1171=CARTESIAN_POINT('',(-5.557912666965E1,3.281293615678E1,-1.5E0));
#1172=VERTEX_POINT('',#1170);
#1173=VERTEX_POINT('',#1171);
#1174=CARTESIAN_POINT('',(5.557912666965E1,3.835549874100E1,-1.5E0));
#1175=CARTESIAN_POINT('',(5.557912666965E1,3.281293615678E1,-1.5E0));
#1176=VERTEX_POINT('',#1174);
#1177=VERTEX_POINT('',#1175);
#1178=CARTESIAN_POINT('',(-8.040886634942E1,1.053514658834E2,-1.5E0));
#1179=CARTESIAN_POINT('',(-8.040886634942E1,1.053514658834E2,1.5E0));
#1180=VERTEX_POINT('',#1178);
#1181=VERTEX_POINT('',#1179);
#1182=CARTESIAN_POINT('',(-1.064874175979E2,9.018080048682E1,-1.5E0));
#1183=CARTESIAN_POINT('',(-1.064874175979E2,9.018080048682E1,1.5E0));
#1184=VERTEX_POINT('',#1182);
#1185=VERTEX_POINT('',#1183);
#1186=CARTESIAN_POINT('',(-5.816921919829E1,9.711817183981E1,-1.5E0));
#1187=CARTESIAN_POINT('',(-5.816921919829E1,9.711817183981E1,1.5E0));
#1188=VERTEX_POINT('',#1186);
#1189=VERTEX_POINT('',#1187);
#1190=CARTESIAN_POINT('',(-7.881408567414E1,1.053514658834E2,-1.5E0));
#1191=CARTESIAN_POINT('',(-7.881408567414E1,1.053514658834E2,1.5E0));
#1192=VERTEX_POINT('',#1190);
#1193=VERTEX_POINT('',#1191);
#1194=CARTESIAN_POINT('',(-4.650218446563E1,1.108609782329E2,-1.5E0));
#1195=CARTESIAN_POINT('',(-4.650218446563E1,1.108609782329E2,1.5E0));
#1196=VERTEX_POINT('',#1194);
#1197=VERTEX_POINT('',#1195);
#1198=CARTESIAN_POINT('',(-2.585731798978E1,1.026276841894E2,-1.5E0));
#1199=CARTESIAN_POINT('',(-2.585731798978E1,1.026276841894E2,1.5E0));
#1200=VERTEX_POINT('',#1198);
#1201=VERTEX_POINT('',#1199);
#1202=CARTESIAN_POINT('',(4.650218446563E1,1.108609782329E2,1.5E0));
#1203=CARTESIAN_POINT('',(4.650218446563E1,1.108609782329E2,-1.5E0));
#1204=VERTEX_POINT('',#1202);
#1205=VERTEX_POINT('',#1203);
#1206=CARTESIAN_POINT('',(2.585731798978E1,1.026276841894E2,1.5E0));
#1207=CARTESIAN_POINT('',(2.585731798978E1,1.026276841894E2,-1.5E0));
#1208=VERTEX_POINT('',#1206);
#1209=VERTEX_POINT('',#1207);
#1210=CARTESIAN_POINT('',(7.881408567414E1,1.053514658834E2,-1.5E0));
#1211=CARTESIAN_POINT('',(7.881408567414E1,1.053514658834E2,1.5E0));
#1212=VERTEX_POINT('',#1210);
#1213=VERTEX_POINT('',#1211);
#1214=CARTESIAN_POINT('',(5.816921919829E1,9.711817183981E1,-1.5E0));
#1215=CARTESIAN_POINT('',(5.816921919829E1,9.711817183981E1,1.5E0));
#1216=VERTEX_POINT('',#1214);
#1217=VERTEX_POINT('',#1215);
#1218=CARTESIAN_POINT('',(1.064874175979E2,9.018080048682E1,-1.5E0));
#1219=CARTESIAN_POINT('',(1.064874175979E2,9.018080048682E1,1.5E0));
#1220=VERTEX_POINT('',#1218);
#1221=VERTEX_POINT('',#1219);
#1222=CARTESIAN_POINT('',(8.040886634942E1,1.053514658834E2,-1.5E0));
#1223=CARTESIAN_POINT('',(8.040886634942E1,1.053514658834E2,1.5E0));
#1224=VERTEX_POINT('',#1222);
#1225=VERTEX_POINT('',#1223);
#1226=CARTESIAN_POINT('',(1.142172909490E2,1.114485889037E2,1.5E0));
#1227=CARTESIAN_POINT('',(9.104865897713E1,1.233514658834E2,1.5E0));
#1228=VERTEX_POINT('',#1226);
#1229=VERTEX_POINT('',#1227);
#1230=CARTESIAN_POINT('',(9.104865897713E1,1.233514658834E2,-1.5E0));
#1231=VERTEX_POINT('',#1230);
#1232=CARTESIAN_POINT('',(1.142172909490E2,1.114485889037E2,-1.5E0));
#1233=VERTEX_POINT('',#1232);
#1234=CARTESIAN_POINT('',(7.103737110749E1,1.233514658834E2,1.5E0));
#1235=CARTESIAN_POINT('',(5.142474795543E1,1.155298365420E2,1.5E0));
#1236=VERTEX_POINT('',#1234);
#1237=VERTEX_POINT('',#1235);
#1238=CARTESIAN_POINT('',(5.142474795543E1,1.155298365420E2,-1.5E0));
#1239=VERTEX_POINT('',#1238);
#1240=CARTESIAN_POINT('',(7.103737110749E1,1.233514658834E2,-1.5E0));
#1241=VERTEX_POINT('',#1240);
#1242=CARTESIAN_POINT('',(5.324665570849E1,9.244931353074E1,-1.5E0));
#1243=CARTESIAN_POINT('',(3.363403255643E1,8.462768418936E1,-1.5E0));
#1244=VERTEX_POINT('',#1242);
#1245=VERTEX_POINT('',#1243);
#1246=CARTESIAN_POINT('',(3.363403255643E1,8.462768418936E1,1.5E0));
#1247=VERTEX_POINT('',#1246);
#1248=CARTESIAN_POINT('',(5.324665570849E1,9.244931353074E1,1.5E0));
#1249=VERTEX_POINT('',#1248);
#1250=CARTESIAN_POINT('',(-3.363403255643E1,8.462768418936E1,-1.5E0));
#1251=CARTESIAN_POINT('',(-5.324665570849E1,9.244931353074E1,-1.5E0));
#1252=VERTEX_POINT('',#1250);
#1253=VERTEX_POINT('',#1251);
#1254=CARTESIAN_POINT('',(-5.324665570849E1,9.244931353074E1,1.5E0));
#1255=VERTEX_POINT('',#1254);
#1256=CARTESIAN_POINT('',(-3.363403255643E1,8.462768418936E1,1.5E0));
#1257=VERTEX_POINT('',#1256);
#1258=CARTESIAN_POINT('',(-5.142474795543E1,1.155298365420E2,1.5E0));
#1259=CARTESIAN_POINT('',(-7.103737110749E1,1.233514658834E2,1.5E0));
#1260=VERTEX_POINT('',#1258);
#1261=VERTEX_POINT('',#1259);
#1262=CARTESIAN_POINT('',(-7.103737110749E1,1.233514658834E2,-1.5E0));
#1263=VERTEX_POINT('',#1262);
#1264=CARTESIAN_POINT('',(-5.142474795543E1,1.155298365420E2,-1.5E0));
#1265=VERTEX_POINT('',#1264);
#1266=CARTESIAN_POINT('',(-9.104865897713E1,1.233514658834E2,1.5E0));
#1267=CARTESIAN_POINT('',(-1.142172909490E2,1.114485889037E2,1.5E0));
#1268=VERTEX_POINT('',#1266);
#1269=VERTEX_POINT('',#1267);
#1270=CARTESIAN_POINT('',(-1.142172909490E2,1.114485889037E2,-1.5E0));
#1271=VERTEX_POINT('',#1270);
#1272=CARTESIAN_POINT('',(-9.104865897713E1,1.233514658834E2,-1.5E0));
#1273=VERTEX_POINT('',#1272);
#1274=CARTESIAN_POINT('',(-2.1E0,9.362768418936E1,1.5E0));
#1275=CARTESIAN_POINT('',(2.1E0,9.362768418936E1,1.5E0));
#1276=VERTEX_POINT('',#1274);
#1277=VERTEX_POINT('',#1275);
#1278=CARTESIAN_POINT('',(-2.1E0,9.362768418936E1,-1.5E0));
#1279=CARTESIAN_POINT('',(2.1E0,9.362768418936E1,-1.5E0));
#1280=VERTEX_POINT('',#1278);
#1281=VERTEX_POINT('',#1279);
#1282=CARTESIAN_POINT('',(8.762189096251E1,1.143488075839E2,1.5E0));
#1283=CARTESIAN_POINT('',(9.178019427413E1,1.137584572061E2,1.5E0));
#1284=VERTEX_POINT('',#1282);
#1285=VERTEX_POINT('',#1283);
#1286=CARTESIAN_POINT('',(8.762189096251E1,1.143488075839E2,-1.5E0));
#1287=CARTESIAN_POINT('',(9.178019427413E1,1.137584572061E2,-1.5E0));
#1288=VERTEX_POINT('',#1286);
#1289=VERTEX_POINT('',#1287);
#1290=CARTESIAN_POINT('',(1.313287554554E2,3.665747725446E1,1.5E0));
#1291=CARTESIAN_POINT('',(1.314862560993E2,3.246043144256E1,1.5E0));
#1292=VERTEX_POINT('',#1290);
#1293=VERTEX_POINT('',#1291);
#1294=CARTESIAN_POINT('',(1.313287554554E2,3.665747725446E1,-1.5E0));
#1295=CARTESIAN_POINT('',(1.314862560993E2,3.246043144256E1,-1.5E0));
#1296=VERTEX_POINT('',#1294);
#1297=VERTEX_POINT('',#1295);
#1298=CARTESIAN_POINT('',(9.620211184993E1,-4.531419575074E1,1.5E0));
#1299=CARTESIAN_POINT('',(9.202780371465E1,-4.577804011228E1,1.5E0));
#1300=VERTEX_POINT('',#1298);
#1301=VERTEX_POINT('',#1299);
#1302=CARTESIAN_POINT('',(9.620211184993E1,-4.531419575074E1,-1.5E0));
#1303=CARTESIAN_POINT('',(9.202780371465E1,-4.577804011228E1,-1.5E0));
#1304=VERTEX_POINT('',#1302);
#1305=VERTEX_POINT('',#1303);
#1306=CARTESIAN_POINT('',(2.148664311239E0,-3.054065285671E1,1.5E0));
#1307=CARTESIAN_POINT('',(-2.051335608548E0,-3.053983201223E1,1.5E0));
#1308=VERTEX_POINT('',#1306);
#1309=VERTEX_POINT('',#1307);
#1310=CARTESIAN_POINT('',(2.148664311239E0,-3.054065285671E1,-1.5E0));
#1311=CARTESIAN_POINT('',(-2.051335608548E0,-3.053983201223E1,-1.5E0));
#1312=VERTEX_POINT('',#1310);
#1313=VERTEX_POINT('',#1311);
#1314=CARTESIAN_POINT('',(-9.193031167779E1,-4.578185953378E1,1.5E0));
#1315=CARTESIAN_POINT('',(-9.610610268795E1,-4.533156025616E1,1.5E0));
#1316=VERTEX_POINT('',#1314);
#1317=VERTEX_POINT('',#1315);
#1318=CARTESIAN_POINT('',(-9.193031167779E1,-4.578185953378E1,-1.5E0));
#1319=CARTESIAN_POINT('',(-9.610610268795E1,-4.533156025616E1,-1.5E0));
#1320=VERTEX_POINT('',#1318);
#1321=VERTEX_POINT('',#1319);
#1322=CARTESIAN_POINT('',(-1.314883167202E2,3.236311214467E1,1.5E0));
#1323=CARTESIAN_POINT('',(-1.313339225300E2,3.656027337985E1,1.5E0));
#1324=VERTEX_POINT('',#1322);
#1325=VERTEX_POINT('',#1323);
#1326=CARTESIAN_POINT('',(-1.314883167202E2,3.236311214467E1,-1.5E0));
#1327=CARTESIAN_POINT('',(-1.313339225300E2,3.656027337985E1,-1.5E0));
#1328=VERTEX_POINT('',#1326);
#1329=VERTEX_POINT('',#1327);
#1330=CARTESIAN_POINT('',(-9.187556578422E1,1.137378766255E2,1.5E0));
#1331=CARTESIAN_POINT('',(-8.771919962105E1,1.143417146151E2,1.5E0));
#1332=VERTEX_POINT('',#1330);
#1333=VERTEX_POINT('',#1331);
#1334=CARTESIAN_POINT('',(-9.187556578422E1,1.137378766255E2,-1.5E0));
#1335=CARTESIAN_POINT('',(-8.771919962105E1,1.143417146151E2,-1.5E0));
#1336=VERTEX_POINT('',#1334);
#1337=VERTEX_POINT('',#1335);
#1338=CARTESIAN_POINT('',(0.E0,0.E0,1.5E0));
#1339=DIRECTION('',(0.E0,0.E0,1.E0));
#1340=DIRECTION('',(1.E0,0.E0,0.E0));
#1341=AXIS2_PLACEMENT_3D('',#1338,#1339,#1340);
#1342=PLANE('',#1341);
#1344=ORIENTED_EDGE('',*,*,#1343,.F.);
#1346=ORIENTED_EDGE('',*,*,#1345,.F.);
#1348=ORIENTED_EDGE('',*,*,#1347,.F.);
#1350=ORIENTED_EDGE('',*,*,#1349,.F.);
#1352=ORIENTED_EDGE('',*,*,#1351,.F.);
#1354=ORIENTED_EDGE('',*,*,#1353,.F.);
#1356=ORIENTED_EDGE('',*,*,#1355,.F.);
#1358=ORIENTED_EDGE('',*,*,#1357,.F.);
#1360=ORIENTED_EDGE('',*,*,#1359,.F.);
#1362=ORIENTED_EDGE('',*,*,#1361,.F.);
#1364=ORIENTED_EDGE('',*,*,#1363,.F.);
#1366=ORIENTED_EDGE('',*,*,#1365,.F.);
#1368=ORIENTED_EDGE('',*,*,#1367,.F.);
#1370=ORIENTED_EDGE('',*,*,#1369,.F.);
#1372=ORIENTED_EDGE('',*,*,#1371,.F.);
#1374=ORIENTED_EDGE('',*,*,#1373,.F.);
#1375=EDGE_LOOP('',(#1344,#1346,#1348,#1350,#1352,#1354,#1356,#1358,#1360,#1362,
#1364,#1366,#1368,#1370,#1372,#1374));
#1376=FACE_OUTER_BOUND('',#1375,.F.);
#1378=ORIENTED_EDGE('',*,*,#1377,.T.);
#1380=ORIENTED_EDGE('',*,*,#1379,.T.);
#1381=EDGE_LOOP('',(#1378,#1380));
#1382=FACE_BOUND('',#1381,.F.);
#1384=ORIENTED_EDGE('',*,*,#1383,.T.);
#1386=ORIENTED_EDGE('',*,*,#1385,.T.);
#1387=EDGE_LOOP('',(#1384,#1386));
#1388=FACE_BOUND('',#1387,.F.);
#1390=ORIENTED_EDGE('',*,*,#1389,.T.);
#1392=ORIENTED_EDGE('',*,*,#1391,.T.);
#1393=EDGE_LOOP('',(#1390,#1392));
#1394=FACE_BOUND('',#1393,.F.);
#1396=ORIENTED_EDGE('',*,*,#1395,.T.);
#1398=ORIENTED_EDGE('',*,*,#1397,.T.);
#1399=EDGE_LOOP('',(#1396,#1398));
#1400=FACE_BOUND('',#1399,.F.);
#1402=ORIENTED_EDGE('',*,*,#1401,.F.);
#1404=ORIENTED_EDGE('',*,*,#1403,.F.);
#1406=ORIENTED_EDGE('',*,*,#1405,.F.);
#1408=ORIENTED_EDGE('',*,*,#1407,.F.);
#1410=ORIENTED_EDGE('',*,*,#1409,.T.);
#1412=ORIENTED_EDGE('',*,*,#1411,.F.);
#1414=ORIENTED_EDGE('',*,*,#1413,.F.);
#1415=EDGE_LOOP('',(#1402,#1404,#1406,#1408,#1410,#1412,#1414));
#1416=FACE_BOUND('',#1415,.F.);
#1418=ORIENTED_EDGE('',*,*,#1417,.F.);
#1420=ORIENTED_EDGE('',*,*,#1419,.F.);
#1422=ORIENTED_EDGE('',*,*,#1421,.F.);
#1424=ORIENTED_EDGE('',*,*,#1423,.F.);
#1426=ORIENTED_EDGE('',*,*,#1425,.F.);
#1428=ORIENTED_EDGE('',*,*,#1427,.T.);
#1430=ORIENTED_EDGE('',*,*,#1429,.F.);
#1431=EDGE_LOOP('',(#1418,#1420,#1422,#1424,#1426,#1428,#1430));
#1432=FACE_BOUND('',#1431,.F.);
#1434=ORIENTED_EDGE('',*,*,#1433,.T.);
#1436=ORIENTED_EDGE('',*,*,#1435,.T.);
#1437=EDGE_LOOP('',(#1434,#1436));
#1438=FACE_BOUND('',#1437,.F.);
#1440=ORIENTED_EDGE('',*,*,#1439,.F.);
#1442=ORIENTED_EDGE('',*,*,#1441,.F.);
#1444=ORIENTED_EDGE('',*,*,#1443,.F.);
#1446=ORIENTED_EDGE('',*,*,#1445,.F.);
#1448=ORIENTED_EDGE('',*,*,#1447,.F.);
#1450=ORIENTED_EDGE('',*,*,#1449,.F.);
#1452=ORIENTED_EDGE('',*,*,#1451,.F.);
#1454=ORIENTED_EDGE('',*,*,#1453,.F.);
#1456=ORIENTED_EDGE('',*,*,#1455,.F.);
#1458=ORIENTED_EDGE('',*,*,#1457,.F.);
#1460=ORIENTED_EDGE('',*,*,#1459,.F.);
#1462=ORIENTED_EDGE('',*,*,#1461,.F.);
#1464=ORIENTED_EDGE('',*,*,#1463,.F.);
#1466=ORIENTED_EDGE('',*,*,#1465,.F.);
#1468=ORIENTED_EDGE('',*,*,#1467,.F.);
#1470=ORIENTED_EDGE('',*,*,#1469,.F.);
#1472=ORIENTED_EDGE('',*,*,#1471,.F.);
#1474=ORIENTED_EDGE('',*,*,#1473,.F.);
#1476=ORIENTED_EDGE('',*,*,#1475,.F.);
#1478=ORIENTED_EDGE('',*,*,#1477,.F.);
#1479=EDGE_LOOP('',(#1440,#1442,#1444,#1446,#1448,#1450,#1452,#1454,#1456,#1458,
#1460,#1462,#1464,#1466,#1468,#1470,#1472,#1474,#1476,#1478));
#1480=FACE_BOUND('',#1479,.F.);
#1482=ORIENTED_EDGE('',*,*,#1481,.T.);
#1484=ORIENTED_EDGE('',*,*,#1483,.T.);
#1485=EDGE_LOOP('',(#1482,#1484));
#1486=FACE_BOUND('',#1485,.F.);
#1488=ORIENTED_EDGE('',*,*,#1487,.T.);
#1490=ORIENTED_EDGE('',*,*,#1489,.T.);
#1491=EDGE_LOOP('',(#1488,#1490));
#1492=FACE_BOUND('',#1491,.F.);
#1494=ORIENTED_EDGE('',*,*,#1493,.T.);
#1496=ORIENTED_EDGE('',*,*,#1495,.T.);
#1497=EDGE_LOOP('',(#1494,#1496));
#1498=FACE_BOUND('',#1497,.F.);
#1500=ORIENTED_EDGE('',*,*,#1499,.T.);
#1502=ORIENTED_EDGE('',*,*,#1501,.T.);
#1503=EDGE_LOOP('',(#1500,#1502));
#1504=FACE_BOUND('',#1503,.F.);
#1506=ORIENTED_EDGE('',*,*,#1505,.T.);
#1508=ORIENTED_EDGE('',*,*,#1507,.T.);
#1509=EDGE_LOOP('',(#1506,#1508));
#1510=FACE_BOUND('',#1509,.F.);
#1512=ORIENTED_EDGE('',*,*,#1511,.T.);
#1514=ORIENTED_EDGE('',*,*,#1513,.T.);
#1515=EDGE_LOOP('',(#1512,#1514));
#1516=FACE_BOUND('',#1515,.F.);
#1518=ORIENTED_EDGE('',*,*,#1517,.T.);
#1520=ORIENTED_EDGE('',*,*,#1519,.T.);
#1521=EDGE_LOOP('',(#1518,#1520));
#1522=FACE_BOUND('',#1521,.F.);
#1524=ORIENTED_EDGE('',*,*,#1523,.T.);
#1526=ORIENTED_EDGE('',*,*,#1525,.T.);
#1527=EDGE_LOOP('',(#1524,#1526));
#1528=FACE_BOUND('',#1527,.F.);
#1529=ADVANCED_FACE('',(#1376,#1382,#1388,#1394,#1400,#1416,#1432,#1438,#1480,
#1486,#1492,#1498,#1504,#1510,#1516,#1522,#1528),#1342,.T.);
#1530=CARTESIAN_POINT('',(-2.000518682742E1,4.117768418936E1,0.E0));
#1531=DIRECTION('',(0.E0,0.E0,1.E0));
#1532=DIRECTION('',(1.E0,0.E0,0.E0));
#1533=AXIS2_PLACEMENT_3D('',#1530,#1531,#1532);
#1534=CYLINDRICAL_SURFACE('',#1533,3.E0);
#1535=ORIENTED_EDGE('',*,*,#1433,.F.);
#1537=ORIENTED_EDGE('',*,*,#1536,.T.);
#1539=ORIENTED_EDGE('',*,*,#1538,.T.);
#1541=ORIENTED_EDGE('',*,*,#1540,.F.);
#1542=EDGE_LOOP('',(#1535,#1537,#1539,#1541));
#1543=FACE_OUTER_BOUND('',#1542,.F.);
#1544=ADVANCED_FACE('',(#1543),#1534,.F.);
#1545=CARTESIAN_POINT('',(-2.000518682742E1,4.117768418936E1,0.E0));
#1546=DIRECTION('',(0.E0,0.E0,1.E0));
#1547=DIRECTION('',(-1.E0,0.E0,0.E0));
#1548=AXIS2_PLACEMENT_3D('',#1545,#1546,#1547);
#1549=CYLINDRICAL_SURFACE('',#1548,3.E0);
#1550=ORIENTED_EDGE('',*,*,#1435,.F.);
#1551=ORIENTED_EDGE('',*,*,#1540,.T.);
#1553=ORIENTED_EDGE('',*,*,#1552,.T.);
#1554=ORIENTED_EDGE('',*,*,#1536,.F.);
#1555=EDGE_LOOP('',(#1550,#1551,#1553,#1554));
#1556=FACE_OUTER_BOUND('',#1555,.F.);
#1557=ADVANCED_FACE('',(#1556),#1549,.F.);
#1558=CARTESIAN_POINT('',(0.E0,0.E0,-1.5E0));
#1559=DIRECTION('',(0.E0,0.E0,1.E0));
#1560=DIRECTION('',(1.E0,0.E0,0.E0));
#1561=AXIS2_PLACEMENT_3D('',#1558,#1559,#1560);
#1562=PLANE('',#1561);
#1564=ORIENTED_EDGE('',*,*,#1563,.F.);
#1566=ORIENTED_EDGE('',*,*,#1565,.F.);
#1568=ORIENTED_EDGE('',*,*,#1567,.F.);
#1570=ORIENTED_EDGE('',*,*,#1569,.T.);
#1572=ORIENTED_EDGE('',*,*,#1571,.F.);
#1574=ORIENTED_EDGE('',*,*,#1573,.T.);
#1576=ORIENTED_EDGE('',*,*,#1575,.F.);
#1578=ORIENTED_EDGE('',*,*,#1577,.T.);
#1580=ORIENTED_EDGE('',*,*,#1579,.F.);
#1582=ORIENTED_EDGE('',*,*,#1581,.F.);
#1584=ORIENTED_EDGE('',*,*,#1583,.F.);
#1586=ORIENTED_EDGE('',*,*,#1585,.T.);
#1588=ORIENTED_EDGE('',*,*,#1587,.F.);
#1590=ORIENTED_EDGE('',*,*,#1589,.T.);
#1592=ORIENTED_EDGE('',*,*,#1591,.F.);
#1594=ORIENTED_EDGE('',*,*,#1593,.T.);
#1595=EDGE_LOOP('',(#1564,#1566,#1568,#1570,#1572,#1574,#1576,#1578,#1580,#1582,
#1584,#1586,#1588,#1590,#1592,#1594));
#1596=FACE_OUTER_BOUND('',#1595,.F.);
#1598=ORIENTED_EDGE('',*,*,#1597,.F.);
#1600=ORIENTED_EDGE('',*,*,#1599,.F.);
#1601=EDGE_LOOP('',(#1598,#1600));
#1602=FACE_BOUND('',#1601,.F.);
#1604=ORIENTED_EDGE('',*,*,#1603,.F.);
#1606=ORIENTED_EDGE('',*,*,#1605,.F.);
#1607=EDGE_LOOP('',(#1604,#1606));
#1608=FACE_BOUND('',#1607,.F.);
#1610=ORIENTED_EDGE('',*,*,#1609,.F.);
#1612=ORIENTED_EDGE('',*,*,#1611,.F.);
#1613=EDGE_LOOP('',(#1610,#1612));
#1614=FACE_BOUND('',#1613,.F.);
#1616=ORIENTED_EDGE('',*,*,#1615,.F.);
#1618=ORIENTED_EDGE('',*,*,#1617,.F.);
#1619=EDGE_LOOP('',(#1616,#1618));
#1620=FACE_BOUND('',#1619,.F.);
#1622=ORIENTED_EDGE('',*,*,#1621,.T.);
#1624=ORIENTED_EDGE('',*,*,#1623,.F.);
#1626=ORIENTED_EDGE('',*,*,#1625,.F.);
#1628=ORIENTED_EDGE('',*,*,#1627,.T.);
#1630=ORIENTED_EDGE('',*,*,#1629,.T.);
#1632=ORIENTED_EDGE('',*,*,#1631,.F.);
#1634=ORIENTED_EDGE('',*,*,#1633,.T.);
#1635=EDGE_LOOP('',(#1622,#1624,#1626,#1628,#1630,#1632,#1634));
#1636=FACE_BOUND('',#1635,.F.);
#1638=ORIENTED_EDGE('',*,*,#1637,.F.);
#1640=ORIENTED_EDGE('',*,*,#1639,.F.);
#1642=ORIENTED_EDGE('',*,*,#1641,.T.);
#1644=ORIENTED_EDGE('',*,*,#1643,.T.);
#1646=ORIENTED_EDGE('',*,*,#1645,.F.);
#1648=ORIENTED_EDGE('',*,*,#1647,.T.);
#1650=ORIENTED_EDGE('',*,*,#1649,.T.);
#1651=EDGE_LOOP('',(#1638,#1640,#1642,#1644,#1646,#1648,#1650));
#1652=FACE_BOUND('',#1651,.F.);
#1653=ORIENTED_EDGE('',*,*,#1538,.F.);
#1654=ORIENTED_EDGE('',*,*,#1552,.F.);
#1655=EDGE_LOOP('',(#1653,#1654));
#1656=FACE_BOUND('',#1655,.F.);
#1658=ORIENTED_EDGE('',*,*,#1657,.F.);
#1660=ORIENTED_EDGE('',*,*,#1659,.T.);
#1662=ORIENTED_EDGE('',*,*,#1661,.F.);
#1664=ORIENTED_EDGE('',*,*,#1663,.T.);
#1666=ORIENTED_EDGE('',*,*,#1665,.F.);
#1668=ORIENTED_EDGE('',*,*,#1667,.T.);
#1670=ORIENTED_EDGE('',*,*,#1669,.T.);
#1672=ORIENTED_EDGE('',*,*,#1671,.T.);
#1674=ORIENTED_EDGE('',*,*,#1673,.T.);
#1676=ORIENTED_EDGE('',*,*,#1675,.T.);
#1678=ORIENTED_EDGE('',*,*,#1677,.T.);
#1680=ORIENTED_EDGE('',*,*,#1679,.T.);
#1682=ORIENTED_EDGE('',*,*,#1681,.T.);
#1684=ORIENTED_EDGE('',*,*,#1683,.T.);
#1686=ORIENTED_EDGE('',*,*,#1685,.F.);
#1688=ORIENTED_EDGE('',*,*,#1687,.T.);
#1690=ORIENTED_EDGE('',*,*,#1689,.F.);
#1692=ORIENTED_EDGE('',*,*,#1691,.T.);
#1694=ORIENTED_EDGE('',*,*,#1693,.F.);
#1696=ORIENTED_EDGE('',*,*,#1695,.T.);
#1697=EDGE_LOOP('',(#1658,#1660,#1662,#1664,#1666,#1668,#1670,#1672,#1674,#1676,
#1678,#1680,#1682,#1684,#1686,#1688,#1690,#1692,#1694,#1696));
#1698=FACE_BOUND('',#1697,.F.);
#1700=ORIENTED_EDGE('',*,*,#1699,.F.);
#1702=ORIENTED_EDGE('',*,*,#1701,.F.);
#1703=EDGE_LOOP('',(#1700,#1702));
#1704=FACE_BOUND('',#1703,.F.);
#1706=ORIENTED_EDGE('',*,*,#1705,.F.);
#1708=ORIENTED_EDGE('',*,*,#1707,.F.);
#1709=EDGE_LOOP('',(#1706,#1708));
#1710=FACE_BOUND('',#1709,.F.);
#1712=ORIENTED_EDGE('',*,*,#1711,.F.);
#1714=ORIENTED_EDGE('',*,*,#1713,.F.);
#1715=EDGE_LOOP('',(#1712,#1714));
#1716=FACE_BOUND('',#1715,.F.);
#1718=ORIENTED_EDGE('',*,*,#1717,.F.);
#1720=ORIENTED_EDGE('',*,*,#1719,.F.);
#1721=EDGE_LOOP('',(#1718,#1720));
#1722=FACE_BOUND('',#1721,.F.);
#1724=ORIENTED_EDGE('',*,*,#1723,.F.);
#1726=ORIENTED_EDGE('',*,*,#1725,.F.);
#1727=EDGE_LOOP('',(#1724,#1726));
#1728=FACE_BOUND('',#1727,.F.);
#1730=ORIENTED_EDGE('',*,*,#1729,.F.);
#1732=ORIENTED_EDGE('',*,*,#1731,.F.);
#1733=EDGE_LOOP('',(#1730,#1732));
#1734=FACE_BOUND('',#1733,.F.);
#1736=ORIENTED_EDGE('',*,*,#1735,.F.);
#1738=ORIENTED_EDGE('',*,*,#1737,.F.);
#1739=EDGE_LOOP('',(#1736,#1738));
#1740=FACE_BOUND('',#1739,.F.);
#1742=ORIENTED_EDGE('',*,*,#1741,.F.);
#1744=ORIENTED_EDGE('',*,*,#1743,.F.);
#1745=EDGE_LOOP('',(#1742,#1744));
#1746=FACE_BOUND('',#1745,.F.);
#1747=ADVANCED_FACE('',(#1596,#1602,#1608,#1614,#1620,#1636,#1652,#1656,#1698,
#1704,#1710,#1716,#1722,#1728,#1734,#1740,#1746),#1562,.F.);
#1748=CARTESIAN_POINT('',(0.E0,6.527684189362E0,0.E0));
#1749=DIRECTION('',(0.E0,0.E0,1.E0));
#1750=DIRECTION('',(1.E0,0.E0,0.E0));
#1751=AXIS2_PLACEMENT_3D('',#1748,#1749,#1750);
#1752=CYLINDRICAL_SURFACE('',#1751,3.E0);
#1753=ORIENTED_EDGE('',*,*,#1377,.F.);
#1755=ORIENTED_EDGE('',*,*,#1754,.T.);
#1756=ORIENTED_EDGE('',*,*,#1597,.T.);
#1758=ORIENTED_EDGE('',*,*,#1757,.F.);
#1759=EDGE_LOOP('',(#1753,#1755,#1756,#1758));
#1760=FACE_OUTER_BOUND('',#1759,.F.);
#1761=ADVANCED_FACE('',(#1760),#1752,.F.);
#1762=CARTESIAN_POINT('',(0.E0,6.527684189362E0,0.E0));
#1763=DIRECTION('',(0.E0,0.E0,1.E0));
#1764=DIRECTION('',(-1.E0,0.E0,0.E0));
#1765=AXIS2_PLACEMENT_3D('',#1762,#1763,#1764);
#1766=CYLINDRICAL_SURFACE('',#1765,3.E0);
#1767=ORIENTED_EDGE('',*,*,#1379,.F.);
#1768=ORIENTED_EDGE('',*,*,#1757,.T.);
#1769=ORIENTED_EDGE('',*,*,#1599,.T.);
#1770=ORIENTED_EDGE('',*,*,#1754,.F.);
#1771=EDGE_LOOP('',(#1767,#1768,#1769,#1770));
#1772=FACE_OUTER_BOUND('',#1771,.F.);
#1773=ADVANCED_FACE('',(#1772),#1766,.F.);
#1774=CARTESIAN_POINT('',(2.000518682742E1,4.117768418936E1,0.E0));
#1775=DIRECTION('',(0.E0,0.E0,1.E0));
#1776=DIRECTION('',(1.E0,0.E0,0.E0));
#1777=AXIS2_PLACEMENT_3D('',#1774,#1775,#1776);
#1778=CYLINDRICAL_SURFACE('',#1777,3.E0);
#1779=ORIENTED_EDGE('',*,*,#1383,.F.);
#1781=ORIENTED_EDGE('',*,*,#1780,.T.);
#1782=ORIENTED_EDGE('',*,*,#1603,.T.);
#1784=ORIENTED_EDGE('',*,*,#1783,.F.);
#1785=EDGE_LOOP('',(#1779,#1781,#1782,#1784));
#1786=FACE_OUTER_BOUND('',#1785,.F.);
#1787=ADVANCED_FACE('',(#1786),#1778,.F.);
#1788=CARTESIAN_POINT('',(2.000518682742E1,4.117768418936E1,0.E0));
#1789=DIRECTION('',(0.E0,0.E0,1.E0));
#1790=DIRECTION('',(-1.E0,0.E0,0.E0));
#1791=AXIS2_PLACEMENT_3D('',#1788,#1789,#1790);
#1792=CYLINDRICAL_SURFACE('',#1791,3.E0);
#1793=ORIENTED_EDGE('',*,*,#1385,.F.);
#1794=ORIENTED_EDGE('',*,*,#1783,.T.);
#1795=ORIENTED_EDGE('',*,*,#1605,.T.);
#1796=ORIENTED_EDGE('',*,*,#1780,.F.);
#1797=EDGE_LOOP('',(#1793,#1794,#1795,#1796));
#1798=FACE_OUTER_BOUND('',#1797,.F.);
#1799=ADVANCED_FACE('',(#1798),#1792,.F.);
#1800=CARTESIAN_POINT('',(-5.557912666965E1,3.558421744889E1,0.E0));
#1801=DIRECTION('',(-1.E0,0.E0,0.E0));
#1802=DIRECTION('',(0.E0,-1.E0,0.E0));
#1803=AXIS2_PLACEMENT_3D('',#1800,#1801,#1802);
#1804=PLANE('',#1803);
#1805=ORIENTED_EDGE('',*,*,#1389,.F.);
#1807=ORIENTED_EDGE('',*,*,#1806,.T.);
#1808=ORIENTED_EDGE('',*,*,#1609,.T.);
#1810=ORIENTED_EDGE('',*,*,#1809,.F.);
#1811=EDGE_LOOP('',(#1805,#1807,#1808,#1810));
#1812=FACE_OUTER_BOUND('',#1811,.F.);
#1813=ADVANCED_FACE('',(#1812),#1804,.F.);
#1814=CARTESIAN_POINT('',(-4.947912666965E1,3.558421744889E1,0.E0));
#1815=DIRECTION('',(0.E0,0.E0,1.E0));
#1816=DIRECTION('',(-9.104477611940E-1,-4.136240734493E-1,0.E0));
#1817=AXIS2_PLACEMENT_3D('',#1814,#1815,#1816);
#1818=CYLINDRICAL_SURFACE('',#1817,6.7E0);
#1819=ORIENTED_EDGE('',*,*,#1391,.F.);
#1820=ORIENTED_EDGE('',*,*,#1809,.T.);
#1821=ORIENTED_EDGE('',*,*,#1611,.T.);
#1822=ORIENTED_EDGE('',*,*,#1806,.F.);
#1823=EDGE_LOOP('',(#1819,#1820,#1821,#1822));
#1824=FACE_OUTER_BOUND('',#1823,.F.);
#1825=ADVANCED_FACE('',(#1824),#1818,.F.);
#1826=CARTESIAN_POINT('',(4.947912666965E1,3.558421744889E1,0.E0));
#1827=DIRECTION('',(0.E0,0.E0,1.E0));
#1828=DIRECTION('',(9.104477611940E-1,4.136240734493E-1,0.E0));
#1829=AXIS2_PLACEMENT_3D('',#1826,#1827,#1828);
#1830=CYLINDRICAL_SURFACE('',#1829,6.7E0);
#1831=ORIENTED_EDGE('',*,*,#1395,.F.);
#1833=ORIENTED_EDGE('',*,*,#1832,.T.);
#1834=ORIENTED_EDGE('',*,*,#1615,.T.);
#1836=ORIENTED_EDGE('',*,*,#1835,.F.);
#1837=EDGE_LOOP('',(#1831,#1833,#1834,#1836));
#1838=FACE_OUTER_BOUND('',#1837,.F.);
#1839=ADVANCED_FACE('',(#1838),#1830,.F.);
#1840=CARTESIAN_POINT('',(5.557912666965E1,3.558421744889E1,0.E0));
#1841=DIRECTION('',(1.E0,0.E0,0.E0));
#1842=DIRECTION('',(0.E0,1.E0,0.E0));
#1843=AXIS2_PLACEMENT_3D('',#1840,#1841,#1842);
#1844=PLANE('',#1843);
#1845=ORIENTED_EDGE('',*,*,#1397,.F.);
#1846=ORIENTED_EDGE('',*,*,#1835,.T.);
#1847=ORIENTED_EDGE('',*,*,#1617,.T.);
#1848=ORIENTED_EDGE('',*,*,#1832,.F.);
#1849=EDGE_LOOP('',(#1845,#1846,#1847,#1848));
#1850=FACE_OUTER_BOUND('',#1849,.F.);
#1851=ADVANCED_FACE('',(#1850),#1844,.F.);
#1852=CARTESIAN_POINT('',(2.473312550774E-13,-2.795402376790E2,0.E0));
#1853=DIRECTION('',(0.E0,0.E0,1.E0));
#1854=DIRECTION('',(-3.488372093023E-2,9.993913777965E-1,0.E0));
#1855=AXIS2_PLACEMENT_3D('',#1852,#1853,#1854);
#1856=CYLINDRICAL_SURFACE('',#1855,2.58E2);
#1858=ORIENTED_EDGE('',*,*,#1857,.T.);
#1859=ORIENTED_EDGE('',*,*,#1621,.F.);
#1861=ORIENTED_EDGE('',*,*,#1860,.F.);
#1862=ORIENTED_EDGE('',*,*,#1405,.T.);
#1863=EDGE_LOOP('',(#1858,#1859,#1861,#1862));
#1864=FACE_OUTER_BOUND('',#1863,.F.);
#1865=ADVANCED_FACE('',(#1864),#1856,.T.);
#1866=CARTESIAN_POINT('',(-8.591318890815E1,-4.653126355778E0,3.78756E1));
#1867=DIRECTION('',(0.E0,0.E0,-1.E0));
#1868=DIRECTION('',(2.983096837089E-1,-9.544691365390E-1,0.E0));
#1869=AXIS2_PLACEMENT_3D('',#1866,#1867,#1868);
#1870=CYLINDRICAL_SURFACE('',#1869,3.E1);
#1871=ORIENTED_EDGE('',*,*,#1857,.F.);
#1872=ORIENTED_EDGE('',*,*,#1403,.T.);
#1874=ORIENTED_EDGE('',*,*,#1873,.T.);
#1875=ORIENTED_EDGE('',*,*,#1623,.T.);
#1876=EDGE_LOOP('',(#1871,#1872,#1874,#1875));
#1877=FACE_OUTER_BOUND('',#1876,.F.);
#1878=ADVANCED_FACE('',(#1877),#1870,.F.);
#1879=CARTESIAN_POINT('',(0.E0,2.962768418936E1,0.E0));
#1880=DIRECTION('',(0.E0,0.E0,-1.E0));
#1881=DIRECTION('',(-2.678302199258E-1,-9.634661246222E-1,0.E0));
#1882=AXIS2_PLACEMENT_3D('',#1879,#1880,#1881);
#1883=CYLINDRICAL_SURFACE('',#1882,1.225E2);
#1884=ORIENTED_EDGE('',*,*,#1873,.F.);
#1885=ORIENTED_EDGE('',*,*,#1401,.T.);
#1887=ORIENTED_EDGE('',*,*,#1886,.T.);
#1888=ORIENTED_EDGE('',*,*,#1625,.T.);
#1889=EDGE_LOOP('',(#1884,#1885,#1887,#1888));
#1890=FACE_OUTER_BOUND('',#1889,.F.);
#1891=ADVANCED_FACE('',(#1890),#1883,.F.);
#1892=CARTESIAN_POINT('',(-1.063644703890E2,1.404405691980E1,
1.065814103640E-14));
#1893=DIRECTION('',(0.E0,0.E0,-1.E0));
#1894=DIRECTION('',(-9.894369338508E-1,-1.449639746005E-1,0.E0));
#1895=AXIS2_PLACEMENT_3D('',#1892,#1893,#1894);
#1896=CYLINDRICAL_SURFACE('',#1895,1.5E1);
#1897=ORIENTED_EDGE('',*,*,#1413,.T.);
#1899=ORIENTED_EDGE('',*,*,#1898,.T.);
#1900=ORIENTED_EDGE('',*,*,#1627,.F.);
#1901=ORIENTED_EDGE('',*,*,#1886,.F.);
#1902=EDGE_LOOP('',(#1897,#1899,#1900,#1901));
#1903=FACE_OUTER_BOUND('',#1902,.F.);
#1904=ADVANCED_FACE('',(#1903),#1896,.F.);
#1905=CARTESIAN_POINT('',(-8.744089784535E1,2.677267332453E1,0.E0));
#1906=DIRECTION('',(-1.253332335643E-1,-9.921147013145E-1,0.E0));
#1907=DIRECTION('',(9.921147013145E-1,-1.253332335643E-1,0.E0));
#1908=AXIS2_PLACEMENT_3D('',#1905,#1906,#1907);
#1909=PLANE('',#1908);
#1911=ORIENTED_EDGE('',*,*,#1910,.T.);
#1912=ORIENTED_EDGE('',*,*,#1629,.F.);
#1913=ORIENTED_EDGE('',*,*,#1898,.F.);
#1914=ORIENTED_EDGE('',*,*,#1411,.T.);
#1915=EDGE_LOOP('',(#1911,#1912,#1913,#1914));
#1916=FACE_OUTER_BOUND('',#1915,.F.);
#1917=ADVANCED_FACE('',(#1916),#1909,.T.);
#1918=CARTESIAN_POINT('',(-8.104566505796E1,-6.223008725820E1,0.E0));
#1919=DIRECTION('',(0.E0,0.E0,1.E0));
#1920=DIRECTION('',(6.615972657793E-1,7.498593587556E-1,0.E0));
#1921=AXIS2_PLACEMENT_3D('',#1918,#1919,#1920);
#1922=CYLINDRICAL_SURFACE('',#1921,8.75E1);
#1923=ORIENTED_EDGE('',*,*,#1409,.F.);
#1925=ORIENTED_EDGE('',*,*,#1924,.T.);
#1926=ORIENTED_EDGE('',*,*,#1631,.T.);
#1927=ORIENTED_EDGE('',*,*,#1910,.F.);
#1928=EDGE_LOOP('',(#1923,#1925,#1926,#1927));
#1929=FACE_OUTER_BOUND('',#1928,.F.);
#1930=ADVANCED_FACE('',(#1929),#1922,.F.);
#1931=CARTESIAN_POINT('',(-3.335082385344E1,-8.172392507227E0,0.E0));
#1932=DIRECTION('',(0.E0,0.E0,-1.E0));
#1933=DIRECTION('',(6.615972657793E-1,7.498593587556E-1,0.E0));
#1934=AXIS2_PLACEMENT_3D('',#1931,#1932,#1933);
#1935=CYLINDRICAL_SURFACE('',#1934,1.540955514554E1);
#1936=ORIENTED_EDGE('',*,*,#1407,.T.);
#1937=ORIENTED_EDGE('',*,*,#1860,.T.);
#1938=ORIENTED_EDGE('',*,*,#1633,.F.);
#1939=ORIENTED_EDGE('',*,*,#1924,.F.);
#1940=EDGE_LOOP('',(#1936,#1937,#1938,#1939));
#1941=FACE_OUTER_BOUND('',#1940,.F.);
#1942=ADVANCED_FACE('',(#1941),#1935,.F.);
#1943=CARTESIAN_POINT('',(0.E0,2.962768418936E1,0.E0));
#1944=DIRECTION('',(0.E0,0.E0,-1.E0));
#1945=DIRECTION('',(9.894369338508E-1,-1.449639746005E-1,0.E0));
#1946=AXIS2_PLACEMENT_3D('',#1943,#1944,#1945);
#1947=CYLINDRICAL_SURFACE('',#1946,1.225E2);
#1949=ORIENTED_EDGE('',*,*,#1948,.T.);
#1950=ORIENTED_EDGE('',*,*,#1637,.T.);
#1952=ORIENTED_EDGE('',*,*,#1951,.F.);
#1953=ORIENTED_EDGE('',*,*,#1421,.T.);
#1954=EDGE_LOOP('',(#1949,#1950,#1952,#1953));
#1955=FACE_OUTER_BOUND('',#1954,.F.);
#1956=ADVANCED_FACE('',(#1955),#1947,.F.);
#1957=CARTESIAN_POINT('',(8.591318890815E1,-4.653126355778E0,3.78756E1));
#1958=DIRECTION('',(0.E0,0.E0,-1.E0));
#1959=DIRECTION('',(9.287912314395E-1,-3.706033572448E-1,0.E0));
#1960=AXIS2_PLACEMENT_3D('',#1957,#1958,#1959);
#1961=CYLINDRICAL_SURFACE('',#1960,3.E1);
#1962=ORIENTED_EDGE('',*,*,#1948,.F.);
#1963=ORIENTED_EDGE('',*,*,#1419,.T.);
#1965=ORIENTED_EDGE('',*,*,#1964,.T.);
#1966=ORIENTED_EDGE('',*,*,#1639,.T.);
#1967=EDGE_LOOP('',(#1962,#1963,#1965,#1966));
#1968=FACE_OUTER_BOUND('',#1967,.F.);
#1969=ADVANCED_FACE('',(#1968),#1961,.F.);
#1970=CARTESIAN_POINT('',(3.964897428848E-13,-2.795402376790E2,0.E0));
#1971=DIRECTION('',(0.E0,0.E0,1.E0));
#1972=DIRECTION('',(3.863634427091E-1,9.223466214705E-1,0.E0));
#1973=AXIS2_PLACEMENT_3D('',#1970,#1971,#1972);
#1974=CYLINDRICAL_SURFACE('',#1973,2.58E2);
#1975=ORIENTED_EDGE('',*,*,#1964,.F.);
#1976=ORIENTED_EDGE('',*,*,#1417,.T.);
#1978=ORIENTED_EDGE('',*,*,#1977,.T.);
#1979=ORIENTED_EDGE('',*,*,#1641,.F.);
#1980=EDGE_LOOP('',(#1975,#1976,#1978,#1979));
#1981=FACE_OUTER_BOUND('',#1980,.F.);
#1982=ADVANCED_FACE('',(#1981),#1974,.T.);
#1983=CARTESIAN_POINT('',(3.335082385344E1,-8.172392507226E0,0.E0));
#1984=DIRECTION('',(0.E0,0.E0,-1.E0));
#1985=DIRECTION('',(-1.219811935091E-1,-9.925324117781E-1,0.E0));
#1986=AXIS2_PLACEMENT_3D('',#1983,#1984,#1985);
#1987=CYLINDRICAL_SURFACE('',#1986,1.540955514554E1);
#1988=ORIENTED_EDGE('',*,*,#1429,.T.);
#1990=ORIENTED_EDGE('',*,*,#1989,.T.);
#1991=ORIENTED_EDGE('',*,*,#1643,.F.);
#1992=ORIENTED_EDGE('',*,*,#1977,.F.);
#1993=EDGE_LOOP('',(#1988,#1990,#1991,#1992));
#1994=FACE_OUTER_BOUND('',#1993,.F.);
#1995=ADVANCED_FACE('',(#1994),#1987,.F.);
#1996=CARTESIAN_POINT('',(8.104566505796E1,-6.223008725820E1,0.E0));
#1997=DIRECTION('',(0.E0,0.E0,1.E0));
#1998=DIRECTION('',(-1.216953286029E-1,9.925675024885E-1,0.E0));
#1999=AXIS2_PLACEMENT_3D('',#1996,#1997,#1998);
#2000=CYLINDRICAL_SURFACE('',#1999,8.75E1);
#2001=ORIENTED_EDGE('',*,*,#1427,.F.);
#2003=ORIENTED_EDGE('',*,*,#2002,.T.);
#2004=ORIENTED_EDGE('',*,*,#1645,.T.);
#2005=ORIENTED_EDGE('',*,*,#1989,.F.);
#2006=EDGE_LOOP('',(#2001,#2003,#2004,#2005));
#2007=FACE_OUTER_BOUND('',#2006,.F.);
#2008=ADVANCED_FACE('',(#2007),#2000,.F.);
#2009=CARTESIAN_POINT('',(8.744089784535E1,2.677267332453E1,0.E0));
#2010=DIRECTION('',(1.253332335643E-1,-9.921147013145E-1,0.E0));
#2011=DIRECTION('',(9.921147013145E-1,1.253332335643E-1,0.E0));
#2012=AXIS2_PLACEMENT_3D('',#2009,#2010,#2011);
#2013=PLANE('',#2012);
#2014=ORIENTED_EDGE('',*,*,#2002,.F.);
#2015=ORIENTED_EDGE('',*,*,#1425,.T.);
#2017=ORIENTED_EDGE('',*,*,#2016,.T.);
#2018=ORIENTED_EDGE('',*,*,#1647,.F.);
#2019=EDGE_LOOP('',(#2014,#2015,#2017,#2018));
#2020=FACE_OUTER_BOUND('',#2019,.F.);
#2021=ADVANCED_FACE('',(#2020),#2013,.T.);
#2022=CARTESIAN_POINT('',(1.063644703890E2,1.404405691980E1,
1.065814103640E-14));
#2023=DIRECTION('',(0.E0,0.E0,-1.E0));
#2024=DIRECTION('',(-1.253332335643E-1,9.921147013145E-1,0.E0));
#2025=AXIS2_PLACEMENT_3D('',#2022,#2023,#2024);
#2026=CYLINDRICAL_SURFACE('',#2025,1.5E1);
#2027=ORIENTED_EDGE('',*,*,#1423,.T.);
#2028=ORIENTED_EDGE('',*,*,#1951,.T.);
#2029=ORIENTED_EDGE('',*,*,#1649,.F.);
#2030=ORIENTED_EDGE('',*,*,#2016,.F.);
#2031=EDGE_LOOP('',(#2027,#2028,#2029,#2030));
#2032=FACE_OUTER_BOUND('',#2031,.F.);
#2033=ADVANCED_FACE('',(#2032),#2026,.F.);
#2034=CARTESIAN_POINT('',(9.104865897713E1,9.485146588336E1,-3.6072E1));
#2035=DIRECTION('',(0.E0,0.E0,1.E0));
#2036=DIRECTION('',(8.129344551529E-1,5.823551936964E-1,0.E0));
#2037=AXIS2_PLACEMENT_3D('',#2034,#2035,#2036);
#2038=CYLINDRICAL_SURFACE('',#2037,2.85E1);
#2039=ORIENTED_EDGE('',*,*,#1343,.T.);
#2041=ORIENTED_EDGE('',*,*,#2040,.F.);
#2042=ORIENTED_EDGE('',*,*,#1563,.T.);
#2044=ORIENTED_EDGE('',*,*,#2043,.T.);
#2045=EDGE_LOOP('',(#2039,#2041,#2042,#2044));
#2046=FACE_OUTER_BOUND('',#2045,.F.);
#2047=ADVANCED_FACE('',(#2046),#2038,.T.);
#2048=CARTESIAN_POINT('',(1.023357018320E2,1.233514658834E2,0.E0));
#2049=DIRECTION('',(0.E0,1.E0,0.E0));
#2050=DIRECTION('',(-1.E0,0.E0,0.E0));
#2051=AXIS2_PLACEMENT_3D('',#2048,#2049,#2050);
#2052=PLANE('',#2051);
#2053=ORIENTED_EDGE('',*,*,#2040,.T.);
#2054=ORIENTED_EDGE('',*,*,#1373,.T.);
#2056=ORIENTED_EDGE('',*,*,#2055,.F.);
#2057=ORIENTED_EDGE('',*,*,#1565,.T.);
#2058=EDGE_LOOP('',(#2053,#2054,#2056,#2057));
#2059=FACE_OUTER_BOUND('',#2058,.F.);
#2060=ADVANCED_FACE('',(#2059),#2052,.T.);
#2061=CARTESIAN_POINT('',(7.103737110749E1,9.485146588336E1,-3.6072E1));
#2062=DIRECTION('',(0.E0,0.E0,1.E0));
#2063=DIRECTION('',(0.E0,1.E0,0.E0));
#2064=AXIS2_PLACEMENT_3D('',#2061,#2062,#2063);
#2065=CYLINDRICAL_SURFACE('',#2064,2.85E1);
#2066=ORIENTED_EDGE('',*,*,#1371,.T.);
#2068=ORIENTED_EDGE('',*,*,#2067,.F.);
#2069=ORIENTED_EDGE('',*,*,#1567,.T.);
#2070=ORIENTED_EDGE('',*,*,#2055,.T.);
#2071=EDGE_LOOP('',(#2066,#2068,#2069,#2070));
#2072=FACE_OUTER_BOUND('',#2071,.F.);
#2073=ADVANCED_FACE('',(#2072),#2065,.T.);
#2074=CARTESIAN_POINT('',(4.874644895504E1,1.129895750364E2,0.E0));
#2075=DIRECTION('',(-6.881622158616E-1,7.255568652149E-1,0.E0));
#2076=DIRECTION('',(-7.255568652149E-1,-6.881622158616E-1,0.E0));
#2077=AXIS2_PLACEMENT_3D('',#2074,#2075,#2076);
#2078=PLANE('',#2077);
#2079=ORIENTED_EDGE('',*,*,#2067,.T.);
#2080=ORIENTED_EDGE('',*,*,#1369,.T.);
#2082=ORIENTED_EDGE('',*,*,#2081,.T.);
#2083=ORIENTED_EDGE('',*,*,#1569,.F.);
#2084=EDGE_LOOP('',(#2079,#2080,#2082,#2083));
#2085=FACE_OUTER_BOUND('',#2084,.F.);
#2086=ADVANCED_FACE('',(#2085),#2078,.T.);
#2087=CARTESIAN_POINT('',(2.585731798978E1,1.326276841894E2,3.78756E1));
#2088=DIRECTION('',(0.E0,0.E0,-1.E0));
#2089=DIRECTION('',(6.881622158616E-1,-7.255568652149E-1,0.E0));
#2090=AXIS2_PLACEMENT_3D('',#2087,#2088,#2089);
#2091=CYLINDRICAL_SURFACE('',#2090,3.E1);
#2092=ORIENTED_EDGE('',*,*,#2081,.F.);
#2093=ORIENTED_EDGE('',*,*,#1367,.T.);
#2095=ORIENTED_EDGE('',*,*,#2094,.T.);
#2096=ORIENTED_EDGE('',*,*,#1571,.T.);
#2097=EDGE_LOOP('',(#2092,#2093,#2095,#2096));
#2098=FACE_OUTER_BOUND('',#2097,.F.);
#2099=ADVANCED_FACE('',(#2098),#2091,.F.);
#2100=CARTESIAN_POINT('',(0.E0,1.026276841894E2,0.E0));
#2101=DIRECTION('',(0.E0,1.E0,0.E0));
#2102=DIRECTION('',(-1.E0,0.E0,0.E0));
#2103=AXIS2_PLACEMENT_3D('',#2100,#2101,#2102);
#2104=PLANE('',#2103);
#2106=ORIENTED_EDGE('',*,*,#2105,.F.);
#2107=ORIENTED_EDGE('',*,*,#1573,.F.);
#2108=ORIENTED_EDGE('',*,*,#2094,.F.);
#2109=ORIENTED_EDGE('',*,*,#1365,.T.);
#2110=EDGE_LOOP('',(#2106,#2107,#2108,#2109));
#2111=FACE_OUTER_BOUND('',#2110,.F.);
#2112=ADVANCED_FACE('',(#2111),#2104,.T.);
#2113=CARTESIAN_POINT('',(-2.585731798978E1,1.326276841894E2,-3.78756E1));
#2114=DIRECTION('',(0.E0,0.E0,1.E0));
#2115=DIRECTION('',(-6.881622158616E-1,-7.255568652149E-1,0.E0));
#2116=AXIS2_PLACEMENT_3D('',#2113,#2114,#2115);
#2117=CYLINDRICAL_SURFACE('',#2116,3.E1);
#2119=ORIENTED_EDGE('',*,*,#2118,.F.);
#2120=ORIENTED_EDGE('',*,*,#1575,.T.);
#2121=ORIENTED_EDGE('',*,*,#2105,.T.);
#2122=ORIENTED_EDGE('',*,*,#1363,.T.);
#2123=EDGE_LOOP('',(#2119,#2120,#2121,#2122));
#2124=FACE_OUTER_BOUND('',#2123,.F.);
#2125=ADVANCED_FACE('',(#2124),#2117,.F.);
#2126=CARTESIAN_POINT('',(-4.874644895504E1,1.129895750364E2,0.E0));
#2127=DIRECTION('',(6.881622158616E-1,7.255568652149E-1,0.E0));
#2128=DIRECTION('',(-7.255568652149E-1,6.881622158616E-1,0.E0));
#2129=AXIS2_PLACEMENT_3D('',#2126,#2127,#2128);
#2130=PLANE('',#2129);
#2132=ORIENTED_EDGE('',*,*,#2131,.F.);
#2133=ORIENTED_EDGE('',*,*,#1577,.F.);
#2134=ORIENTED_EDGE('',*,*,#2118,.T.);
#2135=ORIENTED_EDGE('',*,*,#1361,.T.);
#2136=EDGE_LOOP('',(#2132,#2133,#2134,#2135));
#2137=FACE_OUTER_BOUND('',#2136,.F.);
#2138=ADVANCED_FACE('',(#2137),#2130,.T.);
#2139=CARTESIAN_POINT('',(-7.103737110749E1,9.485146588336E1,-3.6072E1));
#2140=DIRECTION('',(0.E0,0.E0,1.E0));
#2141=DIRECTION('',(6.881622158616E-1,7.255568652149E-1,0.E0));
#2142=AXIS2_PLACEMENT_3D('',#2139,#2140,#2141);
#2143=CYLINDRICAL_SURFACE('',#2142,2.85E1);
#2144=ORIENTED_EDGE('',*,*,#1359,.T.);
#2146=ORIENTED_EDGE('',*,*,#2145,.F.);
#2147=ORIENTED_EDGE('',*,*,#1579,.T.);
#2148=ORIENTED_EDGE('',*,*,#2131,.T.);
#2149=EDGE_LOOP('',(#2144,#2146,#2147,#2148));
#2150=FACE_OUTER_BOUND('',#2149,.F.);
#2151=ADVANCED_FACE('',(#2150),#2143,.T.);
#2152=CARTESIAN_POINT('',(-7.725051288657E1,1.233514658834E2,0.E0));
#2153=DIRECTION('',(0.E0,1.E0,0.E0));
#2154=DIRECTION('',(-1.E0,0.E0,0.E0));
#2155=AXIS2_PLACEMENT_3D('',#2152,#2153,#2154);
#2156=PLANE('',#2155);
#2157=ORIENTED_EDGE('',*,*,#2145,.T.);
#2158=ORIENTED_EDGE('',*,*,#1357,.T.);
#2160=ORIENTED_EDGE('',*,*,#2159,.F.);
#2161=ORIENTED_EDGE('',*,*,#1581,.T.);
#2162=EDGE_LOOP('',(#2157,#2158,#2160,#2161));
#2163=FACE_OUTER_BOUND('',#2162,.F.);
#2164=ADVANCED_FACE('',(#2163),#2156,.T.);
#2165=CARTESIAN_POINT('',(-9.104865897713E1,9.485146588336E1,-3.6072E1));
#2166=DIRECTION('',(0.E0,0.E0,1.E0));
#2167=DIRECTION('',(0.E0,1.E0,0.E0));
#2168=AXIS2_PLACEMENT_3D('',#2165,#2166,#2167);
#2169=CYLINDRICAL_SURFACE('',#2168,2.85E1);
#2170=ORIENTED_EDGE('',*,*,#1355,.T.);
#2172=ORIENTED_EDGE('',*,*,#2171,.F.);
#2173=ORIENTED_EDGE('',*,*,#1583,.T.);
#2174=ORIENTED_EDGE('',*,*,#2159,.T.);
#2175=EDGE_LOOP('',(#2170,#2172,#2173,#2174));
#2176=FACE_OUTER_BOUND('',#2175,.F.);
#2177=ADVANCED_FACE('',(#2176),#2169,.T.);
#2178=CARTESIAN_POINT('',(0.E0,2.962768418936E1,0.E0));
#2179=DIRECTION('',(0.E0,0.E0,1.E0));
#2180=DIRECTION('',(-1.878046235154E-1,9.822064056940E-1,0.E0));
#2181=AXIS2_PLACEMENT_3D('',#2178,#2179,#2180);
#2182=CYLINDRICAL_SURFACE('',#2181,1.405E2);
#2183=ORIENTED_EDGE('',*,*,#2171,.T.);
#2184=ORIENTED_EDGE('',*,*,#1353,.T.);
#2186=ORIENTED_EDGE('',*,*,#2185,.F.);
#2187=ORIENTED_EDGE('',*,*,#1585,.F.);
#2188=EDGE_LOOP('',(#2183,#2184,#2186,#2187));
#2189=FACE_OUTER_BOUND('',#2188,.F.);
#2190=ADVANCED_FACE('',(#2189),#2182,.T.);
#2191=CARTESIAN_POINT('',(-9.564231664520E1,-2.865222029528E1,-3.6072E1));
#2192=DIRECTION('',(0.E0,0.E0,1.E0));
#2193=DIRECTION('',(-8.539492557607E-1,-5.203562900415E-1,0.E0));
#2194=AXIS2_PLACEMENT_3D('',#2191,#2192,#2193);
#2195=CYLINDRICAL_SURFACE('',#2194,2.85E1);
#2196=ORIENTED_EDGE('',*,*,#1351,.T.);
#2198=ORIENTED_EDGE('',*,*,#2197,.F.);
#2199=ORIENTED_EDGE('',*,*,#1587,.T.);
#2200=ORIENTED_EDGE('',*,*,#2185,.T.);
#2201=EDGE_LOOP('',(#2196,#2198,#2199,#2200));
#2202=FACE_OUTER_BOUND('',#2201,.F.);
#2203=ADVANCED_FACE('',(#2202),#2195,.T.);
#2204=CARTESIAN_POINT('',(2.461078325811E-13,-2.795402376790E2,0.E0));
#2205=DIRECTION('',(0.E0,0.E0,-1.E0));
#2206=DIRECTION('',(-4.375E-1,8.992184106211E-1,0.E0));
#2207=AXIS2_PLACEMENT_3D('',#2204,#2205,#2206);
#2208=CYLINDRICAL_SURFACE('',#2207,2.4E2);
#2209=ORIENTED_EDGE('',*,*,#2197,.T.);
#2210=ORIENTED_EDGE('',*,*,#1349,.T.);
#2212=ORIENTED_EDGE('',*,*,#2211,.F.);
#2213=ORIENTED_EDGE('',*,*,#1589,.F.);
#2214=EDGE_LOOP('',(#2209,#2210,#2212,#2213));
#2215=FACE_OUTER_BOUND('',#2214,.F.);
#2216=ADVANCED_FACE('',(#2215),#2208,.F.);
#2217=CARTESIAN_POINT('',(9.564231664520E1,-2.865222029528E1,-3.6072E1));
#2218=DIRECTION('',(0.E0,0.E0,1.E0));
#2219=DIRECTION('',(-3.562097454197E-1,-9.344060237755E-1,0.E0));
#2220=AXIS2_PLACEMENT_3D('',#2217,#2218,#2219);
#2221=CYLINDRICAL_SURFACE('',#2220,2.85E1);
#2222=ORIENTED_EDGE('',*,*,#1347,.T.);
#2224=ORIENTED_EDGE('',*,*,#2223,.F.);
#2225=ORIENTED_EDGE('',*,*,#1591,.T.);
#2226=ORIENTED_EDGE('',*,*,#2211,.T.);
#2227=EDGE_LOOP('',(#2222,#2224,#2225,#2226));
#2228=FACE_OUTER_BOUND('',#2227,.F.);
#2229=ADVANCED_FACE('',(#2228),#2221,.T.);
#2230=CARTESIAN_POINT('',(0.E0,2.962768418936E1,0.E0));
#2231=DIRECTION('',(0.E0,0.E0,1.E0));
#2232=DIRECTION('',(1.878046235154E-1,-9.822064056940E-1,0.E0));
#2233=AXIS2_PLACEMENT_3D('',#2230,#2231,#2232);
#2234=CYLINDRICAL_SURFACE('',#2233,1.405E2);
#2235=ORIENTED_EDGE('',*,*,#2043,.F.);
#2236=ORIENTED_EDGE('',*,*,#1593,.F.);
#2237=ORIENTED_EDGE('',*,*,#2223,.T.);
#2238=ORIENTED_EDGE('',*,*,#1345,.T.);
#2239=EDGE_LOOP('',(#2235,#2236,#2237,#2238));
#2240=FACE_OUTER_BOUND('',#2239,.F.);
#2241=ADVANCED_FACE('',(#2240),#2234,.T.);
#2242=CARTESIAN_POINT('',(3.363403255643E1,1.131276841894E2,3.6072E1));
#2243=DIRECTION('',(0.E0,0.E0,-1.E0));
#2244=DIRECTION('',(6.881622158616E-1,-7.255568652149E-1,0.E0));
#2245=AXIS2_PLACEMENT_3D('',#2242,#2243,#2244);
#2246=CYLINDRICAL_SURFACE('',#2245,2.85E1);
#2247=ORIENTED_EDGE('',*,*,#1657,.T.);
#2249=ORIENTED_EDGE('',*,*,#2248,.F.);
#2250=ORIENTED_EDGE('',*,*,#1439,.T.);
#2252=ORIENTED_EDGE('',*,*,#2251,.T.);
#2253=EDGE_LOOP('',(#2247,#2249,#2250,#2252));
#2254=FACE_OUTER_BOUND('',#2253,.F.);
#2255=ADVANCED_FACE('',(#2254),#2246,.T.);
#2256=CARTESIAN_POINT('',(-2.842170943040E-14,8.462768418936E1,0.E0));
#2257=DIRECTION('',(0.E0,-1.E0,0.E0));
#2258=DIRECTION('',(1.E0,0.E0,0.E0));
#2259=AXIS2_PLACEMENT_3D('',#2256,#2257,#2258);
#2260=PLANE('',#2259);
#2261=ORIENTED_EDGE('',*,*,#2248,.T.);
#2262=ORIENTED_EDGE('',*,*,#1695,.F.);
#2264=ORIENTED_EDGE('',*,*,#2263,.F.);
#2265=ORIENTED_EDGE('',*,*,#1441,.T.);
#2266=EDGE_LOOP('',(#2261,#2262,#2264,#2265));
#2267=FACE_OUTER_BOUND('',#2266,.F.);
#2268=ADVANCED_FACE('',(#2267),#2260,.T.);
#2269=CARTESIAN_POINT('',(-3.363403255643E1,1.131276841894E2,3.6072E1));
#2270=DIRECTION('',(0.E0,0.E0,-1.E0));
#2271=DIRECTION('',(0.E0,-1.E0,0.E0));
#2272=AXIS2_PLACEMENT_3D('',#2269,#2270,#2271);
#2273=CYLINDRICAL_SURFACE('',#2272,2.85E1);
#2274=ORIENTED_EDGE('',*,*,#1693,.T.);
#2276=ORIENTED_EDGE('',*,*,#2275,.F.);
#2277=ORIENTED_EDGE('',*,*,#1443,.T.);
#2278=ORIENTED_EDGE('',*,*,#2263,.T.);
#2279=EDGE_LOOP('',(#2274,#2276,#2277,#2278));
#2280=FACE_OUTER_BOUND('',#2279,.F.);
#2281=ADVANCED_FACE('',(#2280),#2273,.T.);
#2282=CARTESIAN_POINT('',(-5.592495470888E1,9.498957503636E1,0.E0));
#2283=DIRECTION('',(-6.881622158616E-1,-7.255568652149E-1,0.E0));
#2284=DIRECTION('',(7.255568652149E-1,-6.881622158616E-1,0.E0));
#2285=AXIS2_PLACEMENT_3D('',#2282,#2283,#2284);
#2286=PLANE('',#2285);
#2287=ORIENTED_EDGE('',*,*,#2275,.T.);
#2288=ORIENTED_EDGE('',*,*,#1691,.F.);
#2290=ORIENTED_EDGE('',*,*,#2289,.T.);
#2291=ORIENTED_EDGE('',*,*,#1445,.T.);
#2292=EDGE_LOOP('',(#2287,#2288,#2290,#2291));
#2293=FACE_OUTER_BOUND('',#2292,.F.);
#2294=ADVANCED_FACE('',(#2293),#2286,.T.);
#2295=CARTESIAN_POINT('',(-7.881408567414E1,7.535146588336E1,-3.78756E1));
#2296=DIRECTION('',(0.E0,0.E0,1.E0));
#2297=DIRECTION('',(6.881622158616E-1,7.255568652149E-1,0.E0));
#2298=AXIS2_PLACEMENT_3D('',#2295,#2296,#2297);
#2299=CYLINDRICAL_SURFACE('',#2298,3.E1);
#2300=ORIENTED_EDGE('',*,*,#2289,.F.);
#2301=ORIENTED_EDGE('',*,*,#1689,.T.);
#2303=ORIENTED_EDGE('',*,*,#2302,.T.);
#2304=ORIENTED_EDGE('',*,*,#1447,.T.);
#2305=EDGE_LOOP('',(#2300,#2301,#2303,#2304));
#2306=FACE_OUTER_BOUND('',#2305,.F.);
#2307=ADVANCED_FACE('',(#2306),#2299,.F.);
#2308=CARTESIAN_POINT('',(-8.083976576349E1,1.053514658834E2,0.E0));
#2309=DIRECTION('',(0.E0,-1.E0,0.E0));
#2310=DIRECTION('',(1.E0,0.E0,0.E0));
#2311=AXIS2_PLACEMENT_3D('',#2308,#2309,#2310);
#2312=PLANE('',#2311);
#2314=ORIENTED_EDGE('',*,*,#2313,.T.);
#2315=ORIENTED_EDGE('',*,*,#1449,.T.);
#2316=ORIENTED_EDGE('',*,*,#2302,.F.);
#2317=ORIENTED_EDGE('',*,*,#1687,.F.);
#2318=EDGE_LOOP('',(#2314,#2315,#2316,#2317));
#2319=FACE_OUTER_BOUND('',#2318,.F.);
#2320=ADVANCED_FACE('',(#2319),#2312,.T.);
#2321=CARTESIAN_POINT('',(-8.040886634942E1,7.535146588336E1,-3.78756E1));
#2322=DIRECTION('',(0.E0,0.E0,1.E0));
#2323=DIRECTION('',(0.E0,1.E0,0.E0));
#2324=AXIS2_PLACEMENT_3D('',#2321,#2322,#2323);
#2325=CYLINDRICAL_SURFACE('',#2324,3.E1);
#2326=ORIENTED_EDGE('',*,*,#2313,.F.);
#2327=ORIENTED_EDGE('',*,*,#1685,.T.);
#2329=ORIENTED_EDGE('',*,*,#2328,.T.);
#2330=ORIENTED_EDGE('',*,*,#1451,.T.);
#2331=EDGE_LOOP('',(#2326,#2327,#2329,#2330));
#2332=FACE_OUTER_BOUND('',#2331,.F.);
#2333=ADVANCED_FACE('',(#2332),#2325,.F.);
#2334=CARTESIAN_POINT('',(0.E0,2.962768418936E1,0.E0));
#2335=DIRECTION('',(0.E0,0.E0,-1.E0));
#2336=DIRECTION('',(-9.244623205174E-1,3.812734162560E-1,0.E0));
#2337=AXIS2_PLACEMENT_3D('',#2334,#2335,#2336);
#2338=CYLINDRICAL_SURFACE('',#2337,1.225E2);
#2339=ORIENTED_EDGE('',*,*,#2328,.F.);
#2340=ORIENTED_EDGE('',*,*,#1683,.F.);
#2342=ORIENTED_EDGE('',*,*,#2341,.F.);
#2343=ORIENTED_EDGE('',*,*,#1453,.T.);
#2344=EDGE_LOOP('',(#2339,#2340,#2342,#2343));
#2345=FACE_OUTER_BOUND('',#2344,.F.);
#2346=ADVANCED_FACE('',(#2345),#2338,.F.);
#2347=CARTESIAN_POINT('',(0.E0,2.962768418936E1,0.E0));
#2348=DIRECTION('',(0.E0,0.E0,-1.E0));
#2349=DIRECTION('',(-9.244623205174E-1,3.812734162560E-1,0.E0));
#2350=AXIS2_PLACEMENT_3D('',#2347,#2348,#2349);
#2351=CYLINDRICAL_SURFACE('',#2350,1.225E2);
#2353=ORIENTED_EDGE('',*,*,#2352,.T.);
#2354=ORIENTED_EDGE('',*,*,#1469,.T.);
#2356=ORIENTED_EDGE('',*,*,#2355,.T.);
#2357=ORIENTED_EDGE('',*,*,#1667,.F.);
#2358=EDGE_LOOP('',(#2353,#2354,#2356,#2357));
#2359=FACE_OUTER_BOUND('',#2358,.F.);
#2360=ADVANCED_FACE('',(#2359),#2351,.F.);
#2361=CARTESIAN_POINT('',(-9.937969945562E1,7.061457643688E1,
1.065814103640E-14));
#2362=DIRECTION('',(0.E0,0.E0,-1.E0));
#2363=DIRECTION('',(-1.253332335643E-1,-9.921147013145E-1,0.E0));
#2364=AXIS2_PLACEMENT_3D('',#2361,#2362,#2363);
#2365=CYLINDRICAL_SURFACE('',#2364,1.5E1);
#2366=ORIENTED_EDGE('',*,*,#1455,.T.);
#2367=ORIENTED_EDGE('',*,*,#2341,.T.);
#2368=ORIENTED_EDGE('',*,*,#1681,.F.);
#2370=ORIENTED_EDGE('',*,*,#2369,.F.);
#2371=EDGE_LOOP('',(#2366,#2367,#2368,#2370));
#2372=FACE_OUTER_BOUND('',#2371,.F.);
#2373=ADVANCED_FACE('',(#2372),#2365,.F.);
#2374=CARTESIAN_POINT('',(-8.628486317486E1,5.384109434654E1,0.E0));
#2375=DIRECTION('',(1.253332335643E-1,9.921147013145E-1,0.E0));
#2376=DIRECTION('',(-9.921147013145E-1,1.253332335643E-1,0.E0));
#2377=AXIS2_PLACEMENT_3D('',#2374,#2375,#2376);
#2378=PLANE('',#2377);
#2379=ORIENTED_EDGE('',*,*,#1457,.T.);
#2380=ORIENTED_EDGE('',*,*,#2369,.T.);
#2381=ORIENTED_EDGE('',*,*,#1679,.F.);
#2383=ORIENTED_EDGE('',*,*,#2382,.F.);
#2384=EDGE_LOOP('',(#2379,#2380,#2381,#2383));
#2385=FACE_OUTER_BOUND('',#2384,.F.);
#2386=ADVANCED_FACE('',(#2385),#2378,.T.);
#2387=CARTESIAN_POINT('',(-5.877670503419E1,1.511608029074E2,
2.842170943040E-14));
#2388=DIRECTION('',(0.E0,0.E0,-1.E0));
#2389=DIRECTION('',(4.353830002533E-1,-9.002453238370E-1,0.E0));
#2390=AXIS2_PLACEMENT_3D('',#2387,#2388,#2389);
#2391=CYLINDRICAL_SURFACE('',#2390,1.E2);
#2392=ORIENTED_EDGE('',*,*,#1459,.T.);
#2393=ORIENTED_EDGE('',*,*,#2382,.T.);
#2394=ORIENTED_EDGE('',*,*,#1677,.F.);
#2396=ORIENTED_EDGE('',*,*,#2395,.F.);
#2397=EDGE_LOOP('',(#2392,#2393,#2394,#2396));
#2398=FACE_OUTER_BOUND('',#2397,.F.);
#2399=ADVANCED_FACE('',(#2398),#2391,.F.);
#2400=CARTESIAN_POINT('',(0.E0,2.962768418936E1,0.E0));
#2401=DIRECTION('',(0.E0,0.E0,1.E0));
#2402=DIRECTION('',(4.353830002533E-1,9.002453238370E-1,0.E0));
#2403=AXIS2_PLACEMENT_3D('',#2400,#2401,#2402);
#2404=CYLINDRICAL_SURFACE('',#2403,3.5E1);
#2405=ORIENTED_EDGE('',*,*,#1461,.T.);
#2406=ORIENTED_EDGE('',*,*,#2395,.T.);
#2407=ORIENTED_EDGE('',*,*,#1675,.F.);
#2409=ORIENTED_EDGE('',*,*,#2408,.F.);
#2410=EDGE_LOOP('',(#2405,#2406,#2407,#2409));
#2411=FACE_OUTER_BOUND('',#2410,.F.);
#2412=ADVANCED_FACE('',(#2411),#2404,.T.);
#2413=CARTESIAN_POINT('',(5.877670503419E1,1.511608029074E2,
2.842170943040E-14));
#2414=DIRECTION('',(0.E0,0.E0,-1.E0));
#2415=DIRECTION('',(1.253332335643E-1,-9.921147013145E-1,0.E0));
#2416=AXIS2_PLACEMENT_3D('',#2413,#2414,#2415);
#2417=CYLINDRICAL_SURFACE('',#2416,1.E2);
#2418=ORIENTED_EDGE('',*,*,#1463,.T.);
#2419=ORIENTED_EDGE('',*,*,#2408,.T.);
#2420=ORIENTED_EDGE('',*,*,#1673,.F.);
#2422=ORIENTED_EDGE('',*,*,#2421,.F.);
#2423=EDGE_LOOP('',(#2418,#2419,#2420,#2422));
#2424=FACE_OUTER_BOUND('',#2423,.F.);
#2425=ADVANCED_FACE('',(#2424),#2417,.F.);
#2426=CARTESIAN_POINT('',(8.628486317486E1,5.384109434654E1,0.E0));
#2427=DIRECTION('',(-1.253332335643E-1,9.921147013145E-1,0.E0));
#2428=DIRECTION('',(-9.921147013145E-1,-1.253332335643E-1,0.E0));
#2429=AXIS2_PLACEMENT_3D('',#2426,#2427,#2428);
#2430=PLANE('',#2429);
#2431=ORIENTED_EDGE('',*,*,#1465,.T.);
#2432=ORIENTED_EDGE('',*,*,#2421,.T.);
#2433=ORIENTED_EDGE('',*,*,#1671,.F.);
#2435=ORIENTED_EDGE('',*,*,#2434,.F.);
#2436=EDGE_LOOP('',(#2431,#2432,#2433,#2435));
#2437=FACE_OUTER_BOUND('',#2436,.F.);
#2438=ADVANCED_FACE('',(#2437),#2430,.T.);
#2439=CARTESIAN_POINT('',(9.937969945562E1,7.061457643688E1,
1.065814103640E-14));
#2440=DIRECTION('',(0.E0,0.E0,-1.E0));
#2441=DIRECTION('',(9.244623205174E-1,3.812734162560E-1,0.E0));
#2442=AXIS2_PLACEMENT_3D('',#2439,#2440,#2441);
#2443=CYLINDRICAL_SURFACE('',#2442,1.5E1);
#2444=ORIENTED_EDGE('',*,*,#1467,.T.);
#2445=ORIENTED_EDGE('',*,*,#2434,.T.);
#2446=ORIENTED_EDGE('',*,*,#1669,.F.);
#2447=ORIENTED_EDGE('',*,*,#2355,.F.);
#2448=EDGE_LOOP('',(#2444,#2445,#2446,#2447));
#2449=FACE_OUTER_BOUND('',#2448,.F.);
#2450=ADVANCED_FACE('',(#2449),#2443,.F.);
#2451=CARTESIAN_POINT('',(8.040886634942E1,7.535146588336E1,-3.78756E1));
#2452=DIRECTION('',(0.E0,0.E0,1.E0));
#2453=DIRECTION('',(8.692850416154E-1,4.943111534486E-1,0.E0));
#2454=AXIS2_PLACEMENT_3D('',#2451,#2452,#2453);
#2455=CYLINDRICAL_SURFACE('',#2454,3.E1);
#2456=ORIENTED_EDGE('',*,*,#2352,.F.);
#2457=ORIENTED_EDGE('',*,*,#1665,.T.);
#2459=ORIENTED_EDGE('',*,*,#2458,.T.);
#2460=ORIENTED_EDGE('',*,*,#1471,.T.);
#2461=EDGE_LOOP('',(#2456,#2457,#2459,#2460));
#2462=FACE_OUTER_BOUND('',#2461,.F.);
#2463=ADVANCED_FACE('',(#2462),#2455,.F.);
#2464=CARTESIAN_POINT('',(8.083976576349E1,1.053514658834E2,0.E0));
#2465=DIRECTION('',(0.E0,-1.E0,0.E0));
#2466=DIRECTION('',(1.E0,0.E0,0.E0));
#2467=AXIS2_PLACEMENT_3D('',#2464,#2465,#2466);
#2468=PLANE('',#2467);
#2470=ORIENTED_EDGE('',*,*,#2469,.T.);
#2471=ORIENTED_EDGE('',*,*,#1473,.T.);
#2472=ORIENTED_EDGE('',*,*,#2458,.F.);
#2473=ORIENTED_EDGE('',*,*,#1663,.F.);
#2474=EDGE_LOOP('',(#2470,#2471,#2472,#2473));
#2475=FACE_OUTER_BOUND('',#2474,.F.);
#2476=ADVANCED_FACE('',(#2475),#2468,.T.);
#2477=CARTESIAN_POINT('',(7.881408567414E1,7.535146588336E1,-3.78756E1));
#2478=DIRECTION('',(0.E0,0.E0,1.E0));
#2479=DIRECTION('',(0.E0,1.E0,0.E0));
#2480=AXIS2_PLACEMENT_3D('',#2477,#2478,#2479);
#2481=CYLINDRICAL_SURFACE('',#2480,3.E1);
#2482=ORIENTED_EDGE('',*,*,#2469,.F.);
#2483=ORIENTED_EDGE('',*,*,#1661,.T.);
#2485=ORIENTED_EDGE('',*,*,#2484,.T.);
#2486=ORIENTED_EDGE('',*,*,#1475,.T.);
#2487=EDGE_LOOP('',(#2482,#2483,#2485,#2486));
#2488=FACE_OUTER_BOUND('',#2487,.F.);
#2489=ADVANCED_FACE('',(#2488),#2481,.F.);
#2490=CARTESIAN_POINT('',(5.592495470888E1,9.498957503636E1,0.E0));
#2491=DIRECTION('',(6.881622158616E-1,-7.255568652149E-1,0.E0));
#2492=DIRECTION('',(7.255568652149E-1,6.881622158616E-1,0.E0));
#2493=AXIS2_PLACEMENT_3D('',#2490,#2491,#2492);
#2494=PLANE('',#2493);
#2495=ORIENTED_EDGE('',*,*,#2251,.F.);
#2496=ORIENTED_EDGE('',*,*,#1477,.T.);
#2497=ORIENTED_EDGE('',*,*,#2484,.F.);
#2498=ORIENTED_EDGE('',*,*,#1659,.F.);
#2499=EDGE_LOOP('',(#2495,#2496,#2497,#2498));
#2500=FACE_OUTER_BOUND('',#2499,.F.);
#2501=ADVANCED_FACE('',(#2500),#2494,.T.);
#2502=CARTESIAN_POINT('',(0.E0,9.362768418936E1,0.E0));
#2503=DIRECTION('',(0.E0,0.E0,1.E0));
#2504=DIRECTION('',(-1.E0,0.E0,0.E0));
#2505=AXIS2_PLACEMENT_3D('',#2502,#2503,#2504);
#2506=CYLINDRICAL_SURFACE('',#2505,2.1E0);
#2507=ORIENTED_EDGE('',*,*,#1481,.F.);
#2509=ORIENTED_EDGE('',*,*,#2508,.T.);
#2510=ORIENTED_EDGE('',*,*,#1699,.T.);
#2512=ORIENTED_EDGE('',*,*,#2511,.F.);
#2513=EDGE_LOOP('',(#2507,#2509,#2510,#2512));
#2514=FACE_OUTER_BOUND('',#2513,.F.);
#2515=ADVANCED_FACE('',(#2514),#2506,.F.);
#2516=CARTESIAN_POINT('',(0.E0,9.362768418936E1,0.E0));
#2517=DIRECTION('',(0.E0,0.E0,1.E0));
#2518=DIRECTION('',(1.E0,0.E0,0.E0));
#2519=AXIS2_PLACEMENT_3D('',#2516,#2517,#2518);
#2520=CYLINDRICAL_SURFACE('',#2519,2.1E0);
#2521=ORIENTED_EDGE('',*,*,#1483,.F.);
#2522=ORIENTED_EDGE('',*,*,#2511,.T.);
#2523=ORIENTED_EDGE('',*,*,#1701,.T.);
#2524=ORIENTED_EDGE('',*,*,#2508,.F.);
#2525=EDGE_LOOP('',(#2521,#2522,#2523,#2524));
#2526=FACE_OUTER_BOUND('',#2525,.F.);
#2527=ADVANCED_FACE('',(#2526),#2520,.F.);
#2528=CARTESIAN_POINT('',(8.970104261832E1,1.140536323950E2,0.E0));
#2529=DIRECTION('',(0.E0,0.E0,1.E0));
#2530=DIRECTION('',(-9.900722170536E-1,1.405596137535E-1,0.E0));
#2531=AXIS2_PLACEMENT_3D('',#2528,#2529,#2530);
#2532=CYLINDRICAL_SURFACE('',#2531,2.1E0);
#2533=ORIENTED_EDGE('',*,*,#1487,.F.);
#2535=ORIENTED_EDGE('',*,*,#2534,.T.);
#2536=ORIENTED_EDGE('',*,*,#1705,.T.);
#2538=ORIENTED_EDGE('',*,*,#2537,.F.);
#2539=EDGE_LOOP('',(#2533,#2535,#2536,#2538));
#2540=FACE_OUTER_BOUND('',#2539,.F.);
#2541=ADVANCED_FACE('',(#2540),#2532,.F.);
#2542=CARTESIAN_POINT('',(8.970104261832E1,1.140536323950E2,0.E0));
#2543=DIRECTION('',(0.E0,0.E0,1.E0));
#2544=DIRECTION('',(9.900722170536E-1,-1.405596137535E-1,0.E0));
#2545=AXIS2_PLACEMENT_3D('',#2542,#2543,#2544);
#2546=CYLINDRICAL_SURFACE('',#2545,2.1E0);
#2547=ORIENTED_EDGE('',*,*,#1489,.F.);
#2548=ORIENTED_EDGE('',*,*,#2537,.T.);
#2549=ORIENTED_EDGE('',*,*,#1707,.T.);
#2550=ORIENTED_EDGE('',*,*,#2534,.F.);
#2551=EDGE_LOOP('',(#2547,#2548,#2549,#2550));
#2552=FACE_OUTER_BOUND('',#2551,.F.);
#2553=ADVANCED_FACE('',(#2552),#2546,.F.);
#2554=CARTESIAN_POINT('',(1.314075057773E2,3.455895434851E1,0.E0));
#2555=DIRECTION('',(0.E0,0.E0,1.E0));
#2556=DIRECTION('',(-3.750015330152E-2,9.992966218808E-1,0.E0));
#2557=AXIS2_PLACEMENT_3D('',#2554,#2555,#2556);
#2558=CYLINDRICAL_SURFACE('',#2557,2.1E0);
#2559=ORIENTED_EDGE('',*,*,#1493,.F.);
#2561=ORIENTED_EDGE('',*,*,#2560,.T.);
#2562=ORIENTED_EDGE('',*,*,#1711,.T.);
#2564=ORIENTED_EDGE('',*,*,#2563,.F.);
#2565=EDGE_LOOP('',(#2559,#2561,#2562,#2564));
#2566=FACE_OUTER_BOUND('',#2565,.F.);
#2567=ADVANCED_FACE('',(#2566),#2558,.F.);
#2568=CARTESIAN_POINT('',(1.314075057773E2,3.455895434851E1,0.E0));
#2569=DIRECTION('',(0.E0,0.E0,1.E0));
#2570=DIRECTION('',(3.750015330152E-2,-9.992966218808E-1,0.E0));
#2571=AXIS2_PLACEMENT_3D('',#2568,#2569,#2570);
#2572=CYLINDRICAL_SURFACE('',#2571,2.1E0);
#2573=ORIENTED_EDGE('',*,*,#1495,.F.);
#2574=ORIENTED_EDGE('',*,*,#2563,.T.);
#2575=ORIENTED_EDGE('',*,*,#1713,.T.);
#2576=ORIENTED_EDGE('',*,*,#2560,.F.);
#2577=EDGE_LOOP('',(#2573,#2574,#2575,#2576));
#2578=FACE_OUTER_BOUND('',#2577,.F.);
#2579=ADVANCED_FACE('',(#2578),#2572,.F.);
#2580=CARTESIAN_POINT('',(9.411495778229E1,-4.554611793151E1,0.E0));
#2581=DIRECTION('',(0.E0,0.E0,1.E0));
#2582=DIRECTION('',(9.938828893525E-1,1.104391336999E-1,0.E0));
#2583=AXIS2_PLACEMENT_3D('',#2580,#2581,#2582);
#2584=CYLINDRICAL_SURFACE('',#2583,2.1E0);
#2585=ORIENTED_EDGE('',*,*,#1499,.F.);
#2587=ORIENTED_EDGE('',*,*,#2586,.T.);
#2588=ORIENTED_EDGE('',*,*,#1717,.T.);
#2590=ORIENTED_EDGE('',*,*,#2589,.F.);
#2591=EDGE_LOOP('',(#2585,#2587,#2588,#2590));
#2592=FACE_OUTER_BOUND('',#2591,.F.);
#2593=ADVANCED_FACE('',(#2592),#2584,.F.);
#2594=CARTESIAN_POINT('',(9.411495778229E1,-4.554611793151E1,0.E0));
#2595=DIRECTION('',(0.E0,0.E0,1.E0));
#2596=DIRECTION('',(-9.938828893525E-1,-1.104391336999E-1,0.E0));
#2597=AXIS2_PLACEMENT_3D('',#2594,#2595,#2596);
#2598=CYLINDRICAL_SURFACE('',#2597,2.1E0);
#2599=ORIENTED_EDGE('',*,*,#1501,.F.);
#2600=ORIENTED_EDGE('',*,*,#2589,.T.);
#2601=ORIENTED_EDGE('',*,*,#1719,.T.);
#2602=ORIENTED_EDGE('',*,*,#2586,.F.);
#2603=EDGE_LOOP('',(#2599,#2600,#2601,#2602));
#2604=FACE_OUTER_BOUND('',#2603,.F.);
#2605=ADVANCED_FACE('',(#2604),#2598,.F.);
#2606=CARTESIAN_POINT('',(4.866435134539E-2,-3.054024243447E1,0.E0));
#2607=DIRECTION('',(0.E0,0.E0,1.E0));
#2608=DIRECTION('',(9.999999809018E-1,-1.954391620290E-4,0.E0));
#2609=AXIS2_PLACEMENT_3D('',#2606,#2607,#2608);
#2610=CYLINDRICAL_SURFACE('',#2609,2.1E0);
#2611=ORIENTED_EDGE('',*,*,#1505,.F.);
#2613=ORIENTED_EDGE('',*,*,#2612,.T.);
#2614=ORIENTED_EDGE('',*,*,#1723,.T.);
#2616=ORIENTED_EDGE('',*,*,#2615,.F.);
#2617=EDGE_LOOP('',(#2611,#2613,#2614,#2616));
#2618=FACE_OUTER_BOUND('',#2617,.F.);
#2619=ADVANCED_FACE('',(#2618),#2610,.F.);
#2620=CARTESIAN_POINT('',(4.866435134539E-2,-3.054024243447E1,0.E0));
#2621=DIRECTION('',(0.E0,0.E0,1.E0));
#2622=DIRECTION('',(-9.999999809018E-1,1.954391620290E-4,0.E0));
#2623=AXIS2_PLACEMENT_3D('',#2620,#2621,#2622);
#2624=CYLINDRICAL_SURFACE('',#2623,2.1E0);
#2625=ORIENTED_EDGE('',*,*,#1507,.F.);
#2626=ORIENTED_EDGE('',*,*,#2615,.T.);
#2627=ORIENTED_EDGE('',*,*,#1725,.T.);
#2628=ORIENTED_EDGE('',*,*,#2612,.F.);
#2629=EDGE_LOOP('',(#2625,#2626,#2627,#2628));
#2630=FACE_OUTER_BOUND('',#2629,.F.);
#2631=ADVANCED_FACE('',(#2630),#2624,.F.);
#2632=CARTESIAN_POINT('',(-9.401820718287E1,-4.555670989497E1,0.E0));
#2633=DIRECTION('',(0.E0,0.E0,1.E0));
#2634=DIRECTION('',(9.942359548012E-1,-1.072141137190E-1,0.E0));
#2635=AXIS2_PLACEMENT_3D('',#2632,#2633,#2634);
#2636=CYLINDRICAL_SURFACE('',#2635,2.1E0);
#2637=ORIENTED_EDGE('',*,*,#1511,.F.);
#2639=ORIENTED_EDGE('',*,*,#2638,.T.);
#2640=ORIENTED_EDGE('',*,*,#1729,.T.);
#2642=ORIENTED_EDGE('',*,*,#2641,.F.);
#2643=EDGE_LOOP('',(#2637,#2639,#2640,#2642));
#2644=FACE_OUTER_BOUND('',#2643,.F.);
#2645=ADVANCED_FACE('',(#2644),#2636,.F.);
#2646=CARTESIAN_POINT('',(-9.401820718287E1,-4.555670989497E1,0.E0));
#2647=DIRECTION('',(0.E0,0.E0,1.E0));
#2648=DIRECTION('',(-9.942359548012E-1,1.072141137190E-1,0.E0));
#2649=AXIS2_PLACEMENT_3D('',#2646,#2647,#2648);
#2650=CYLINDRICAL_SURFACE('',#2649,2.1E0);
#2651=ORIENTED_EDGE('',*,*,#1513,.F.);
#2652=ORIENTED_EDGE('',*,*,#2641,.T.);
#2653=ORIENTED_EDGE('',*,*,#1731,.T.);
#2654=ORIENTED_EDGE('',*,*,#2638,.F.);
#2655=EDGE_LOOP('',(#2651,#2652,#2653,#2654));
#2656=FACE_OUTER_BOUND('',#2655,.F.);
#2657=ADVANCED_FACE('',(#2656),#2650,.F.);
#2658=CARTESIAN_POINT('',(-1.314111196251E2,3.446169276226E1,0.E0));
#2659=DIRECTION('',(0.E0,0.E0,1.E0));
#2660=DIRECTION('',(-3.676052146691E-2,-9.993241036128E-1,0.E0));
#2661=AXIS2_PLACEMENT_3D('',#2658,#2659,#2660);
#2662=CYLINDRICAL_SURFACE('',#2661,2.1E0);
#2663=ORIENTED_EDGE('',*,*,#1517,.F.);
#2665=ORIENTED_EDGE('',*,*,#2664,.T.);
#2666=ORIENTED_EDGE('',*,*,#1735,.T.);
#2668=ORIENTED_EDGE('',*,*,#2667,.F.);
#2669=EDGE_LOOP('',(#2663,#2665,#2666,#2668));
#2670=FACE_OUTER_BOUND('',#2669,.F.);
#2671=ADVANCED_FACE('',(#2670),#2662,.F.);
#2672=CARTESIAN_POINT('',(-1.314111196251E2,3.446169276226E1,0.E0));
#2673=DIRECTION('',(0.E0,0.E0,1.E0));
#2674=DIRECTION('',(3.676052146691E-2,9.993241036128E-1,0.E0));
#2675=AXIS2_PLACEMENT_3D('',#2672,#2673,#2674);
#2676=CYLINDRICAL_SURFACE('',#2675,2.1E0);
#2677=ORIENTED_EDGE('',*,*,#1519,.F.);
#2678=ORIENTED_EDGE('',*,*,#2667,.T.);
#2679=ORIENTED_EDGE('',*,*,#1737,.T.);
#2680=ORIENTED_EDGE('',*,*,#2664,.F.);
#2681=EDGE_LOOP('',(#2677,#2678,#2679,#2680));
#2682=FACE_OUTER_BOUND('',#2681,.F.);
#2683=ADVANCED_FACE('',(#2682),#2676,.F.);
#2684=CARTESIAN_POINT('',(-8.979738270264E1,1.140397956203E2,0.E0));
#2685=DIRECTION('',(0.E0,0.E0,1.E0));
#2686=DIRECTION('',(-9.896109912312E-1,-1.437709498974E-1,0.E0));
#2687=AXIS2_PLACEMENT_3D('',#2684,#2685,#2686);
#2688=CYLINDRICAL_SURFACE('',#2687,2.1E0);
#2689=ORIENTED_EDGE('',*,*,#1523,.F.);
#2691=ORIENTED_EDGE('',*,*,#2690,.T.);
#2692=ORIENTED_EDGE('',*,*,#1741,.T.);
#2694=ORIENTED_EDGE('',*,*,#2693,.F.);
#2695=EDGE_LOOP('',(#2689,#2691,#2692,#2694));
#2696=FACE_OUTER_BOUND('',#2695,.F.);
#2697=ADVANCED_FACE('',(#2696),#2688,.F.);
#2698=CARTESIAN_POINT('',(-8.979738270264E1,1.140397956203E2,0.E0));
#2699=DIRECTION('',(0.E0,0.E0,1.E0));
#2700=DIRECTION('',(9.896109912312E-1,1.437709498974E-1,0.E0));
#2701=AXIS2_PLACEMENT_3D('',#2698,#2699,#2700);
#2702=CYLINDRICAL_SURFACE('',#2701,2.1E0);
#2703=ORIENTED_EDGE('',*,*,#1525,.F.);
#2704=ORIENTED_EDGE('',*,*,#2693,.T.);
#2705=ORIENTED_EDGE('',*,*,#1743,.T.);
#2706=ORIENTED_EDGE('',*,*,#2690,.F.);
#2707=EDGE_LOOP('',(#2703,#2704,#2705,#2706));
#2708=FACE_OUTER_BOUND('',#2707,.F.);
#2709=ADVANCED_FACE('',(#2708),#2702,.F.);
#2710=CLOSED_SHELL('',(#1529,#1544,#1557,#1747,#1761,#1773,#1787,#1799,#1813,
#1825,#1839,#1851,#1865,#1878,#1891,#1904,#1917,#1930,#1942,#1956,#1969,#1982,
#1995,#2008,#2021,#2033,#2047,#2060,#2073,#2086,#2099,#2112,#2125,#2138,#2151,
#2164,#2177,#2190,#2203,#2216,#2229,#2241,#2255,#2268,#2281,#2294,#2307,#2320,
#2333,#2346,#2360,#2373,#2386,#2399,#2412,#2425,#2438,#2450,#2463,#2476,#2489,
#2501,#2515,#2527,#2541,#2553,#2567,#2579,#2593,#2605,#2619,#2631,#2645,#2657,
#2671,#2683,#2697,#2709));
#2711=MANIFOLD_SOLID_BREP('',#2710);
#2713=DIMENSIONAL_EXPONENTS(0.E0,0.E0,0.E0,0.E0,0.E0,0.E0,0.E0);
#2715=PLANE_ANGLE_MEASURE_WITH_UNIT(PLANE_ANGLE_MEASURE(1.745329251994E-2),
#2714);
#2716=(CONVERSION_BASED_UNIT('DEGREE',#2715)NAMED_UNIT(*)PLANE_ANGLE_UNIT());
#2718=UNCERTAINTY_MEASURE_WITH_UNIT(LENGTH_MEASURE(3.311687436435E-3),#2712,
'closure',
'Maximum model space distance between geometric entities at asserted connectivities');
#2719=(GEOMETRIC_REPRESENTATION_CONTEXT(3)GLOBAL_UNCERTAINTY_ASSIGNED_CONTEXT((
#2718))GLOBAL_UNIT_ASSIGNED_CONTEXT((#2712,#2716,#2717))REPRESENTATION_CONTEXT(
'ID1','3'));
#2721=APPLICATION_CONTEXT(
'CONFIGURATION CONTROLLED 3D DESIGNS OF MECHANICAL PARTS AND ASSEMBLIES');
#2722=APPLICATION_PROTOCOL_DEFINITION('international standard',
'config_control_design',1994,#2721);
#2723=DESIGN_CONTEXT('',#2721,'design');
#2724=MECHANICAL_CONTEXT('',#2721,'mechanical');
#2725=PRODUCT('RUDDER_BASE_V2','RUDDER_BASE_V2','NOT SPECIFIED',(#2724));
#2726=PRODUCT_DEFINITION_FORMATION_WITH_SPECIFIED_SOURCE('7','LAST_VERSION',
#2725,.MADE.);
#2730=PRODUCT_CATEGORY('part','');
#2731=PRODUCT_RELATED_PRODUCT_CATEGORY('detail','',(#2725));
#2732=PRODUCT_CATEGORY_RELATIONSHIP('','',#2730,#2731);
#2733=SECURITY_CLASSIFICATION_LEVEL('unclassified');
#2734=SECURITY_CLASSIFICATION('','',#2733);
#2735=CC_DESIGN_SECURITY_CLASSIFICATION(#2734,(#2726));
#2736=APPROVAL_STATUS('approved');
#2737=APPROVAL(#2736,'');
#2738=CC_DESIGN_APPROVAL(#2737,(#2734,#2726,#2727));
#2739=CALENDAR_DATE(122,18,3);
#2740=COORDINATED_UNIVERSAL_TIME_OFFSET(3,0,.AHEAD.);
#2741=LOCAL_TIME(9,25,5.E0,#2740);
#2742=DATE_AND_TIME(#2739,#2741);
#2743=APPROVAL_DATE_TIME(#2742,#2737);
#2744=DATE_TIME_ROLE('creation_date');
#2745=CC_DESIGN_DATE_AND_TIME_ASSIGNMENT(#2742,#2744,(#2727));
#2746=DATE_TIME_ROLE('classification_date');
#2747=CC_DESIGN_DATE_AND_TIME_ASSIGNMENT(#2742,#2746,(#2734));
#2748=PERSON('UNSPECIFIED','UNSPECIFIED',$,$,$,$);
#2749=ORGANIZATION('UNSPECIFIED','UNSPECIFIED','UNSPECIFIED');
#2750=PERSON_AND_ORGANIZATION(#2748,#2749);
#2751=APPROVAL_ROLE('approver');
#2752=APPROVAL_PERSON_ORGANIZATION(#2750,#2737,#2751);
#2753=PERSON_AND_ORGANIZATION_ROLE('creator');
#2754=CC_DESIGN_PERSON_AND_ORGANIZATION_ASSIGNMENT(#2750,#2753,(#2726,#2727));
#2755=PERSON_AND_ORGANIZATION_ROLE('design_supplier');
#2756=CC_DESIGN_PERSON_AND_ORGANIZATION_ASSIGNMENT(#2750,#2755,(#2726));
#2757=PERSON_AND_ORGANIZATION_ROLE('classification_officer');
#2758=CC_DESIGN_PERSON_AND_ORGANIZATION_ASSIGNMENT(#2750,#2757,(#2734));
#2759=PERSON_AND_ORGANIZATION_ROLE('design_owner');
#2760=CC_DESIGN_PERSON_AND_ORGANIZATION_ASSIGNMENT(#2750,#2759,(#2725));
#6=CIRCLE('',#5,3.E0);
#11=CIRCLE('',#10,3.E0);
#16=CIRCLE('',#15,3.E0);
#21=CIRCLE('',#20,3.E0);
#26=CIRCLE('',#25,3.E0);
#31=CIRCLE('',#30,3.E0);
#40=CIRCLE('',#39,6.7E0);
#45=CIRCLE('',#44,6.7E0);
#54=CIRCLE('',#53,2.58E2);
#59=CIRCLE('',#58,1.540955514554E1);
#64=CIRCLE('',#63,8.75E1);
#73=CIRCLE('',#72,2.58E2);
#82=CIRCLE('',#81,8.75E1);
#87=CIRCLE('',#86,1.540955514554E1);
#92=CIRCLE('',#91,2.85E1);
#97=CIRCLE('',#96,2.85E1);
#102=CIRCLE('',#101,2.4E2);
#107=CIRCLE('',#106,2.85E1);
#112=CIRCLE('',#111,2.85E1);
#117=CIRCLE('',#116,2.85E1);
#134=CIRCLE('',#133,2.85E1);
#139=CIRCLE('',#138,2.85E1);
#148=CIRCLE('',#147,2.85E1);
#161=CIRCLE('',#160,1.225E2);
#166=CIRCLE('',#165,3.5E1);
#171=CIRCLE('',#170,1.225E2);
#184=CIRCLE('',#183,2.1E0);
#189=CIRCLE('',#188,2.1E0);
#194=CIRCLE('',#193,2.1E0);
#199=CIRCLE('',#198,2.1E0);
#204=CIRCLE('',#203,2.1E0);
#209=CIRCLE('',#208,2.1E0);
#214=CIRCLE('',#213,2.1E0);
#219=CIRCLE('',#218,2.1E0);
#224=CIRCLE('',#223,2.1E0);
#229=CIRCLE('',#228,2.1E0);
#234=CIRCLE('',#233,2.1E0);
#239=CIRCLE('',#238,2.1E0);
#244=CIRCLE('',#243,2.1E0);
#249=CIRCLE('',#248,2.1E0);
#254=CIRCLE('',#253,2.1E0);
#259=CIRCLE('',#258,2.1E0);
#272=CIRCLE('',#271,3.E0);
#277=CIRCLE('',#276,3.E0);
#282=CIRCLE('',#281,3.E0);
#287=CIRCLE('',#286,3.E0);
#292=CIRCLE('',#291,3.E0);
#297=CIRCLE('',#296,3.E0);
#306=CIRCLE('',#305,6.7E0);
#311=CIRCLE('',#310,6.7E0);
#320=CIRCLE('',#319,2.58E2);
#329=CIRCLE('',#328,8.75E1);
#334=CIRCLE('',#333,1.540955514554E1);
#339=CIRCLE('',#338,2.58E2);
#344=CIRCLE('',#343,1.540955514554E1);
#349=CIRCLE('',#348,8.75E1);
#358=CIRCLE('',#357,2.85E1);
#363=CIRCLE('',#362,2.85E1);
#380=CIRCLE('',#379,2.85E1);
#385=CIRCLE('',#384,2.85E1);
#390=CIRCLE('',#389,2.85E1);
#395=CIRCLE('',#394,2.4E2);
#400=CIRCLE('',#399,2.85E1);
#405=CIRCLE('',#404,2.85E1);
#418=CIRCLE('',#417,1.225E2);
#423=CIRCLE('',#422,3.5E1);
#428=CIRCLE('',#427,1.225E2);
#441=CIRCLE('',#440,2.85E1);
#450=CIRCLE('',#449,2.1E0);
#455=CIRCLE('',#454,2.1E0);
#460=CIRCLE('',#459,2.1E0);
#465=CIRCLE('',#464,2.1E0);
#470=CIRCLE('',#469,2.1E0);
#475=CIRCLE('',#474,2.1E0);
#480=CIRCLE('',#479,2.1E0);
#485=CIRCLE('',#484,2.1E0);
#490=CIRCLE('',#489,2.1E0);
#495=CIRCLE('',#494,2.1E0);
#500=CIRCLE('',#499,2.1E0);
#505=CIRCLE('',#504,2.1E0);
#510=CIRCLE('',#509,2.1E0);
#515=CIRCLE('',#514,2.1E0);
#520=CIRCLE('',#519,2.1E0);
#525=CIRCLE('',#524,2.1E0);
#566=CIRCLE('',#565,3.E1);
#571=CIRCLE('',#570,3.E1);
#580=CIRCLE('',#579,1.225E2);
#589=CIRCLE('',#588,1.225E2);
#594=CIRCLE('',#593,1.5E1);
#603=CIRCLE('',#602,1.5E1);
#624=CIRCLE('',#623,1.225E2);
#629=CIRCLE('',#628,1.225E2);
#634=CIRCLE('',#633,3.E1);
#639=CIRCLE('',#638,3.E1);
#664=CIRCLE('',#663,1.5E1);
#673=CIRCLE('',#672,1.5E1);
#702=CIRCLE('',#701,3.E1);
#707=CIRCLE('',#706,3.E1);
#720=CIRCLE('',#719,3.E1);
#725=CIRCLE('',#724,3.E1);
#758=CIRCLE('',#757,1.405E2);
#767=CIRCLE('',#766,1.405E2);
#784=CIRCLE('',#783,1.405E2);
#793=CIRCLE('',#792,1.405E2);
#814=CIRCLE('',#813,3.E1);
#819=CIRCLE('',#818,3.E1);
#832=CIRCLE('',#831,3.E1);
#837=CIRCLE('',#836,3.E1);
#854=CIRCLE('',#853,1.5E1);
#863=CIRCLE('',#862,1.5E1);
#880=CIRCLE('',#879,1.E2);
#889=CIRCLE('',#888,1.E2);
#898=CIRCLE('',#897,1.E2);
#907=CIRCLE('',#906,1.E2);
#924=CIRCLE('',#923,1.5E1);
#933=CIRCLE('',#932,1.5E1);
#938=CIRCLE('',#937,3.E1);
#943=CIRCLE('',#942,3.E1);
#956=CIRCLE('',#955,3.E1);
#961=CIRCLE('',#960,3.E1);
#1343=EDGE_CURVE('',#1228,#1229,#92,.T.);
#1345=EDGE_CURVE('',#1133,#1228,#793,.T.);
#1347=EDGE_CURVE('',#1132,#1133,#97,.T.);
#1349=EDGE_CURVE('',#1125,#1132,#102,.T.);
#1351=EDGE_CURVE('',#1124,#1125,#107,.T.);
#1353=EDGE_CURVE('',#1269,#1124,#758,.T.);
#1355=EDGE_CURVE('',#1268,#1269,#112,.T.);
#1357=EDGE_CURVE('',#1261,#1268,#741,.T.);
#1359=EDGE_CURVE('',#1260,#1261,#117,.T.);
#1361=EDGE_CURVE('',#1197,#1260,#121,.T.);
#1363=EDGE_CURVE('',#1201,#1197,#725,.T.);
#1365=EDGE_CURVE('',#1208,#1201,#125,.T.);
#1367=EDGE_CURVE('',#1204,#1208,#702,.T.);
#1369=EDGE_CURVE('',#1237,#1204,#129,.T.);
#1371=EDGE_CURVE('',#1236,#1237,#134,.T.);
#1373=EDGE_CURVE('',#1229,#1236,#681,.T.);
#1377=EDGE_CURVE('',#1064,#1065,#16,.T.);
#1379=EDGE_CURVE('',#1065,#1064,#21,.T.);
#1383=EDGE_CURVE('',#1068,#1069,#26,.T.);
#1385=EDGE_CURVE('',#1069,#1068,#31,.T.);
#1389=EDGE_CURVE('',#1164,#1165,#35,.T.);
#1391=EDGE_CURVE('',#1165,#1164,#40,.T.);
#1395=EDGE_CURVE('',#1168,#1169,#45,.T.);
#1397=EDGE_CURVE('',#1169,#1168,#49,.T.);
#1401=EDGE_CURVE('',#1152,#1040,#580,.T.);
#1403=EDGE_CURVE('',#1148,#1152,#566,.T.);
#1405=EDGE_CURVE('',#1141,#1148,#54,.T.);
#1407=EDGE_CURVE('',#1108,#1141,#59,.T.);
#1409=EDGE_CURVE('',#1108,#1109,#64,.T.);
#1411=EDGE_CURVE('',#1041,#1109,#68,.T.);
#1413=EDGE_CURVE('',#1040,#1041,#594,.T.);
#1417=EDGE_CURVE('',#1160,#1139,#73,.T.);
#1419=EDGE_CURVE('',#1156,#1160,#634,.T.);
#1421=EDGE_CURVE('',#1045,#1156,#629,.T.);
#1423=EDGE_CURVE('',#1044,#1045,#664,.T.);
#1425=EDGE_CURVE('',#1112,#1044,#77,.T.);
#1427=EDGE_CURVE('',#1112,#1113,#82,.T.);
#1429=EDGE_CURVE('',#1139,#1113,#87,.T.);
#1433=EDGE_CURVE('',#1060,#1061,#6,.T.);
#1435=EDGE_CURVE('',#1061,#1060,#11,.T.);
#1439=EDGE_CURVE('',#1247,#1249,#139,.T.);
#1441=EDGE_CURVE('',#1257,#1247,#143,.T.);
#1443=EDGE_CURVE('',#1255,#1257,#148,.T.);
#1445=EDGE_CURVE('',#1189,#1255,#152,.T.);
#1447=EDGE_CURVE('',#1193,#1189,#819,.T.);
#1449=EDGE_CURVE('',#1181,#1193,#156,.T.);
#1451=EDGE_CURVE('',#1185,#1181,#837,.T.);
#1453=EDGE_CURVE('',#1037,#1185,#161,.T.);
#1455=EDGE_CURVE('',#1036,#1037,#854,.T.);
#1457=EDGE_CURVE('',#1055,#1036,#867,.T.);
#1459=EDGE_CURVE('',#1053,#1055,#880,.T.);
#1461=EDGE_CURVE('',#1052,#1053,#166,.T.);
#1463=EDGE_CURVE('',#1057,#1052,#898,.T.);
#1465=EDGE_CURVE('',#1049,#1057,#911,.T.);
#1467=EDGE_CURVE('',#1048,#1049,#924,.T.);
#1469=EDGE_CURVE('',#1221,#1048,#171,.T.);
#1471=EDGE_CURVE('',#1225,#1221,#943,.T.);
#1473=EDGE_CURVE('',#1213,#1225,#175,.T.);
#1475=EDGE_CURVE('',#1217,#1213,#961,.T.);
#1477=EDGE_CURVE('',#1249,#1217,#179,.T.);
#1481=EDGE_CURVE('',#1276,#1277,#184,.T.);
#1483=EDGE_CURVE('',#1277,#1276,#189,.T.);
#1487=EDGE_CURVE('',#1284,#1285,#194,.T.);
#1489=EDGE_CURVE('',#1285,#1284,#199,.T.);
#1493=EDGE_CURVE('',#1292,#1293,#204,.T.);
#1495=EDGE_CURVE('',#1293,#1292,#209,.T.);
#1499=EDGE_CURVE('',#1300,#1301,#214,.T.);
#1501=EDGE_CURVE('',#1301,#1300,#219,.T.);
#1505=EDGE_CURVE('',#1308,#1309,#224,.T.);
#1507=EDGE_CURVE('',#1309,#1308,#229,.T.);
#1511=EDGE_CURVE('',#1316,#1317,#234,.T.);
#1513=EDGE_CURVE('',#1317,#1316,#239,.T.);
#1517=EDGE_CURVE('',#1324,#1325,#244,.T.);
#1519=EDGE_CURVE('',#1325,#1324,#249,.T.);
#1523=EDGE_CURVE('',#1332,#1333,#254,.T.);
#1525=EDGE_CURVE('',#1333,#1332,#259,.T.);
#1536=EDGE_CURVE('',#1060,#1096,#263,.T.);
#1538=EDGE_CURVE('',#1096,#1097,#272,.T.);
#1540=EDGE_CURVE('',#1061,#1097,#267,.T.);
#1552=EDGE_CURVE('',#1097,#1096,#277,.T.);
#1563=EDGE_CURVE('',#1231,#1233,#358,.T.);
#1565=EDGE_CURVE('',#1241,#1231,#689,.T.);
#1567=EDGE_CURVE('',#1239,#1241,#363,.T.);
#1569=EDGE_CURVE('',#1239,#1205,#367,.T.);
#1571=EDGE_CURVE('',#1209,#1205,#707,.T.);
#1573=EDGE_CURVE('',#1209,#1200,#371,.T.);
#1575=EDGE_CURVE('',#1196,#1200,#720,.T.);
#1577=EDGE_CURVE('',#1196,#1265,#375,.T.);
#1579=EDGE_CURVE('',#1263,#1265,#380,.T.);
#1581=EDGE_CURVE('',#1273,#1263,#749,.T.);
#1583=EDGE_CURVE('',#1271,#1273,#385,.T.);
#1585=EDGE_CURVE('',#1271,#1129,#767,.T.);
#1587=EDGE_CURVE('',#1127,#1129,#390,.T.);
#1589=EDGE_CURVE('',#1127,#1137,#395,.T.);
#1591=EDGE_CURVE('',#1135,#1137,#400,.T.);
#1593=EDGE_CURVE('',#1135,#1233,#784,.T.);
#1597=EDGE_CURVE('',#1100,#1101,#282,.T.);
#1599=EDGE_CURVE('',#1101,#1100,#287,.T.);
#1603=EDGE_CURVE('',#1104,#1105,#292,.T.);
#1605=EDGE_CURVE('',#1105,#1104,#297,.T.);
#1609=EDGE_CURVE('',#1172,#1173,#301,.T.);
#1611=EDGE_CURVE('',#1173,#1172,#306,.T.);
#1615=EDGE_CURVE('',#1176,#1177,#311,.T.);
#1617=EDGE_CURVE('',#1177,#1176,#315,.T.);
#1621=EDGE_CURVE('',#1145,#1149,#320,.T.);
#1623=EDGE_CURVE('',#1153,#1149,#571,.T.);
#1625=EDGE_CURVE('',#1076,#1153,#589,.T.);
#1627=EDGE_CURVE('',#1076,#1077,#603,.T.);
#1629=EDGE_CURVE('',#1077,#1117,#324,.T.);
#1631=EDGE_CURVE('',#1116,#1117,#329,.T.);
#1633=EDGE_CURVE('',#1116,#1145,#334,.T.);
#1637=EDGE_CURVE('',#1157,#1081,#624,.T.);
#1639=EDGE_CURVE('',#1161,#1157,#639,.T.);
#1641=EDGE_CURVE('',#1161,#1143,#339,.T.);
#1643=EDGE_CURVE('',#1143,#1121,#344,.T.);
#1645=EDGE_CURVE('',#1120,#1121,#349,.T.);
#1647=EDGE_CURVE('',#1120,#1080,#353,.T.);
#1649=EDGE_CURVE('',#1080,#1081,#673,.T.);
#1657=EDGE_CURVE('',#1244,#1245,#405,.T.);
#1659=EDGE_CURVE('',#1244,#1216,#409,.T.);
#1661=EDGE_CURVE('',#1212,#1216,#956,.T.);
#1663=EDGE_CURVE('',#1212,#1224,#413,.T.);
#1665=EDGE_CURVE('',#1220,#1224,#938,.T.);
#1667=EDGE_CURVE('',#1220,#1084,#418,.T.);
#1669=EDGE_CURVE('',#1084,#1085,#933,.T.);
#1671=EDGE_CURVE('',#1085,#1093,#919,.T.);
#1673=EDGE_CURVE('',#1093,#1088,#907,.T.);
#1675=EDGE_CURVE('',#1088,#1089,#423,.T.);
#1677=EDGE_CURVE('',#1089,#1091,#889,.T.);
#1679=EDGE_CURVE('',#1091,#1072,#875,.T.);
#1681=EDGE_CURVE('',#1072,#1073,#863,.T.);
#1683=EDGE_CURVE('',#1073,#1184,#428,.T.);
#1685=EDGE_CURVE('',#1180,#1184,#832,.T.);
#1687=EDGE_CURVE('',#1180,#1192,#432,.T.);
#1689=EDGE_CURVE('',#1188,#1192,#814,.T.);
#1691=EDGE_CURVE('',#1188,#1253,#436,.T.);
#1693=EDGE_CURVE('',#1252,#1253,#441,.T.);
#1695=EDGE_CURVE('',#1252,#1245,#445,.T.);
#1699=EDGE_CURVE('',#1280,#1281,#450,.T.);
#1701=EDGE_CURVE('',#1281,#1280,#455,.T.);
#1705=EDGE_CURVE('',#1288,#1289,#460,.T.);
#1707=EDGE_CURVE('',#1289,#1288,#465,.T.);
#1711=EDGE_CURVE('',#1296,#1297,#470,.T.);
#1713=EDGE_CURVE('',#1297,#1296,#475,.T.);
#1717=EDGE_CURVE('',#1304,#1305,#480,.T.);
#1719=EDGE_CURVE('',#1305,#1304,#485,.T.);
#1723=EDGE_CURVE('',#1312,#1313,#490,.T.);
#1725=EDGE_CURVE('',#1313,#1312,#495,.T.);
#1729=EDGE_CURVE('',#1320,#1321,#500,.T.);
#1731=EDGE_CURVE('',#1321,#1320,#505,.T.);
#1735=EDGE_CURVE('',#1328,#1329,#510,.T.);
#1737=EDGE_CURVE('',#1329,#1328,#515,.T.);
#1741=EDGE_CURVE('',#1336,#1337,#520,.T.);
#1743=EDGE_CURVE('',#1337,#1336,#525,.T.);
#1754=EDGE_CURVE('',#1064,#1100,#529,.T.);
#1757=EDGE_CURVE('',#1065,#1101,#533,.T.);
#1780=EDGE_CURVE('',#1068,#1104,#537,.T.);
#1783=EDGE_CURVE('',#1069,#1105,#541,.T.);
#1806=EDGE_CURVE('',#1164,#1172,#545,.T.);
#1809=EDGE_CURVE('',#1165,#1173,#549,.T.);
#1832=EDGE_CURVE('',#1168,#1176,#553,.T.);
#1835=EDGE_CURVE('',#1169,#1177,#557,.T.);
#1857=EDGE_CURVE('',#1148,#1149,#561,.T.);
#1860=EDGE_CURVE('',#1141,#1145,#615,.T.);
#1873=EDGE_CURVE('',#1152,#1153,#575,.T.);
#1886=EDGE_CURVE('',#1040,#1076,#584,.T.);
#1898=EDGE_CURVE('',#1041,#1077,#598,.T.);
#1910=EDGE_CURVE('',#1109,#1117,#607,.T.);
#1924=EDGE_CURVE('',#1108,#1116,#611,.T.);
#1948=EDGE_CURVE('',#1156,#1157,#619,.T.);
#1951=EDGE_CURVE('',#1045,#1081,#668,.T.);
#1964=EDGE_CURVE('',#1160,#1161,#643,.T.);
#1977=EDGE_CURVE('',#1139,#1143,#647,.T.);
#1989=EDGE_CURVE('',#1113,#1121,#651,.T.);
#2002=EDGE_CURVE('',#1112,#1120,#655,.T.);
#2016=EDGE_CURVE('',#1044,#1080,#659,.T.);
#2040=EDGE_CURVE('',#1231,#1229,#677,.T.);
#2043=EDGE_CURVE('',#1233,#1228,#779,.T.);
#2055=EDGE_CURVE('',#1241,#1236,#685,.T.);
#2067=EDGE_CURVE('',#1239,#1237,#693,.T.);
#2081=EDGE_CURVE('',#1204,#1205,#697,.T.);
#2094=EDGE_CURVE('',#1208,#1209,#715,.T.);
#2105=EDGE_CURVE('',#1200,#1201,#711,.T.);
#2118=EDGE_CURVE('',#1196,#1197,#733,.T.);
#2131=EDGE_CURVE('',#1265,#1260,#729,.T.);
#2145=EDGE_CURVE('',#1263,#1261,#737,.T.);
#2159=EDGE_CURVE('',#1273,#1268,#745,.T.);
#2171=EDGE_CURVE('',#1271,#1269,#753,.T.);
#2185=EDGE_CURVE('',#1129,#1124,#762,.T.);
#2197=EDGE_CURVE('',#1127,#1125,#771,.T.);
#2211=EDGE_CURVE('',#1137,#1132,#775,.T.);
#2223=EDGE_CURVE('',#1135,#1133,#788,.T.);
#2248=EDGE_CURVE('',#1247,#1245,#797,.T.);
#2251=EDGE_CURVE('',#1249,#1244,#965,.T.);
#2263=EDGE_CURVE('',#1257,#1252,#801,.T.);
#2275=EDGE_CURVE('',#1255,#1253,#805,.T.);
#2289=EDGE_CURVE('',#1188,#1189,#809,.T.);
#2302=EDGE_CURVE('',#1192,#1193,#827,.T.);
#2313=EDGE_CURVE('',#1180,#1181,#823,.T.);
#2328=EDGE_CURVE('',#1184,#1185,#841,.T.);
#2341=EDGE_CURVE('',#1037,#1073,#858,.T.);
#2352=EDGE_CURVE('',#1220,#1221,#845,.T.);
#2355=EDGE_CURVE('',#1048,#1084,#849,.T.);
#2369=EDGE_CURVE('',#1036,#1072,#871,.T.);
#2382=EDGE_CURVE('',#1055,#1091,#884,.T.);
#2395=EDGE_CURVE('',#1053,#1089,#893,.T.);
#2408=EDGE_CURVE('',#1052,#1088,#902,.T.);
#2421=EDGE_CURVE('',#1057,#1093,#915,.T.);
#2434=EDGE_CURVE('',#1049,#1085,#928,.T.);
#2458=EDGE_CURVE('',#1224,#1225,#951,.T.);
#2469=EDGE_CURVE('',#1212,#1213,#947,.T.);
#2484=EDGE_CURVE('',#1216,#1217,#969,.T.);
#2508=EDGE_CURVE('',#1276,#1280,#973,.T.);
#2511=EDGE_CURVE('',#1277,#1281,#977,.T.);
#2534=EDGE_CURVE('',#1284,#1288,#981,.T.);
#2537=EDGE_CURVE('',#1285,#1289,#985,.T.);
#2560=EDGE_CURVE('',#1292,#1296,#989,.T.);
#2563=EDGE_CURVE('',#1293,#1297,#993,.T.);
#2586=EDGE_CURVE('',#1300,#1304,#997,.T.);
#2589=EDGE_CURVE('',#1301,#1305,#1001,.T.);
#2612=EDGE_CURVE('',#1308,#1312,#1005,.T.);
#2615=EDGE_CURVE('',#1309,#1313,#1009,.T.);
#2638=EDGE_CURVE('',#1316,#1320,#1013,.T.);
#2641=EDGE_CURVE('',#1317,#1321,#1017,.T.);
#2664=EDGE_CURVE('',#1324,#1328,#1021,.T.);
#2667=EDGE_CURVE('',#1325,#1329,#1025,.T.);
#2690=EDGE_CURVE('',#1332,#1336,#1029,.T.);
#2693=EDGE_CURVE('',#1333,#1337,#1033,.T.);
#2712=(LENGTH_UNIT()NAMED_UNIT(*)SI_UNIT(.MILLI.,.METRE.));
#2714=(NAMED_UNIT(*)PLANE_ANGLE_UNIT()SI_UNIT($,.RADIAN.));
#2717=(NAMED_UNIT(*)SI_UNIT($,.STERADIAN.)SOLID_ANGLE_UNIT());
#2720=ADVANCED_BREP_SHAPE_REPRESENTATION('',(#2711),#2719);
#2727=PRODUCT_DEFINITION('design','',#2726,#2723);
#2728=PRODUCT_DEFINITION_SHAPE('','SHAPE FOR RUDDER_BASE_V2.',#2727);
#2729=SHAPE_DEFINITION_REPRESENTATION(#2728,#2720);
ENDSEC;
END-ISO-10303-21;
