ISO-10303-21;
HEADER;
FILE_DESCRIPTION(('CATIA V5 STEP Exchange'),'2;1');

FILE_NAME('F:\\work files\\catia\\completed files\\grabcad files for uploding\\valve of force chest pump\\valve of force chest pump.stp','2020-05-15T11:42:12+00:00',('none'),('none'),'CATIA Version 5 Release 21 GA (IN-10)','CATIA V5 STEP AP203','none');

FILE_SCHEMA(('CONFIG_CONTROL_DESIGN'));

ENDSEC;
/* file written by CATIA V5R21 */
DATA;
#5=PRODUCT('valve of force chest pump','','',(#2)) ;
#1=APPLICATION_CONTEXT('configuration controlled 3D design of mechanical parts and assemblies') ;
#14=PRODUCT_DEFINITION('',' ',#6,#3) ;
#16=SECURITY_CLASSIFICATION(' ',' ',#15) ;
#15=SECURITY_CLASSIFICATION_LEVEL('unclassified') ;
#47=CARTESIAN_POINT(' ',(0.,0.,0.)) ;
#52=CARTESIAN_POINT('Axis2P3D Location',(19.,107.,-103.75)) ;
#57=CARTESIAN_POINT('Axis2P3D Location',(19.,107.,-103.75)) ;
#61=CARTESIAN_POINT('Vertex',(14.5655753148,107.,-106.172537247)) ;
#63=CARTESIAN_POINT('Vertex',(23.4344246852,107.,-101.327462753)) ;
#66=CARTESIAN_POINT('Axis2P3D Location',(19.,107.,-103.75)) ;
#76=CARTESIAN_POINT('Axis2P3D Location',(0.,0.,120.)) ;
#81=CARTESIAN_POINT('Line Origine',(371.,36.0555127546,120.)) ;
#85=CARTESIAN_POINT('Vertex',(371.,3.39929907139E-014,120.)) ;
#87=CARTESIAN_POINT('Vertex',(371.,72.1110255093,120.)) ;
#90=CARTESIAN_POINT('Line Origine',(386.,72.1110255093,120.)) ;
#94=CARTESIAN_POINT('Vertex',(401.,72.1110255093,120.)) ;
#97=CARTESIAN_POINT('Line Origine',(401.,98.5555127546,120.)) ;
#101=CARTESIAN_POINT('Vertex',(401.,125.,120.)) ;
#104=CARTESIAN_POINT('Line Origine',(200.5,125.,120.)) ;
#108=CARTESIAN_POINT('Vertex',(0.,125.,120.)) ;
#111=CARTESIAN_POINT('Line Origine',(0.,62.5,120.)) ;
#115=CARTESIAN_POINT('Vertex',(0.,3.39929907139E-014,120.)) ;
#118=CARTESIAN_POINT('Line Origine',(185.5,0.,120.)) ;
#132=CARTESIAN_POINT('Axis2P3D Location',(0.,0.,0.)) ;
#137=CARTESIAN_POINT('Line Origine',(0.,46.8614980552,-106.98137929)) ;
#141=CARTESIAN_POINT('Vertex',(0.,46.8614980551,-120.)) ;
#143=CARTESIAN_POINT('Vertex',(0.,46.8614980552,-93.9627585803)) ;
#146=CARTESIAN_POINT('Axis2P3D Location',(0.,0.,0.)) ;
#150=CARTESIAN_POINT('Vertex',(0.,105.,1.28583667151E-014)) ;
#153=CARTESIAN_POINT('Axis2P3D Location',(0.,0.,0.)) ;
#157=CARTESIAN_POINT('Vertex',(0.,-105.,0.)) ;
#160=CARTESIAN_POINT('Axis2P3D Location',(0.,0.,0.)) ;
#164=CARTESIAN_POINT('Vertex',(0.,-46.861498056,-93.9627585799)) ;
#167=CARTESIAN_POINT('Line Origine',(0.,-46.861498056,-102.217237208)) ;
#171=CARTESIAN_POINT('Vertex',(0.,-46.8614980561,-110.471715837)) ;
#174=CARTESIAN_POINT('Axis2P3D Location',(0.,0.,0.)) ;
#179=CARTESIAN_POINT('Line Origine',(0.,125.,2.84217094304E-014)) ;
#183=CARTESIAN_POINT('Vertex',(0.,125.,-120.)) ;
#186=CARTESIAN_POINT('Line Origine',(0.,85.9307490276,-120.)) ;
#203=CARTESIAN_POINT('Axis2P3D Location',(200.5,0.,0.)) ;
#208=CARTESIAN_POINT('Line Origine',(185.5,-1.28624324733E-013,-120.)) ;
#212=CARTESIAN_POINT('Vertex',(18.,0.,-120.)) ;
#214=CARTESIAN_POINT('Vertex',(226.,8.57224447676E-015,-120.)) ;
#218=CARTESIAN_POINT('Control Point',(226.,-2.30926389122E-014,-120.)) ;
#219=CARTESIAN_POINT('Control Point',(226.,-4.35914151874,-120.)) ;
#220=CARTESIAN_POINT('Control Point',(226.339323478,-8.71828286602,-119.802061304)) ;
#221=CARTESIAN_POINT('Control Point',(227.017983146,-13.0287155233,-119.40613534)) ;
#222=CARTESIAN_POINT('Control Point',(229.701356804,-24.3016831143,-117.858139551)) ;
#223=CARTESIAN_POINT('Control Point',(234.566442164,-34.6697398962,-115.166747902)) ;
#224=CARTESIAN_POINT('Control Point',(238.370388955,-40.6453605772,-113.145030456)) ;
#225=CARTESIAN_POINT('Control Point',(244.959011676,-48.639065413,-109.880196627)) ;
#226=CARTESIAN_POINT('Control Point',(252.829925405,-55.253735145,-106.561338176)) ;
#227=CARTESIAN_POINT('Control Point',(255.508568033,-57.2466043509,-105.497796916)) ;
#228=CARTESIAN_POINT('Control Point',(263.566394964,-62.527001342,-102.528119449)) ;
#229=CARTESIAN_POINT('Control Point',(272.563048188,-66.4244602029,-99.9960611908)) ;
#230=CARTESIAN_POINT('Control Point',(278.787716907,-68.3248969633,-98.6648657238)) ;
#231=CARTESIAN_POINT('Control Point',(291.047173212,-70.5156314185,-97.1014046128)) ;
#232=CARTESIAN_POINT('Control Point',(303.554436503,-69.964967252,-97.4907872786)) ;
#233=CARTESIAN_POINT('Control Point',(309.373858857,-69.0783911292,-98.1396227357)) ;
#234=CARTESIAN_POINT('Control Point',(318.011689653,-66.8300454904,-99.7161671036)) ;
#235=CARTESIAN_POINT('Control Point',(326.032784802,-63.3404708849,-101.937877034)) ;
#236=CARTESIAN_POINT('Control Point',(328.754959578,-61.9749640436,-102.778486493)) ;
#237=CARTESIAN_POINT('Control Point',(335.259046372,-58.2608138828,-104.971865413)) ;
#238=CARTESIAN_POINT('Control Point',(341.175631013,-53.7445629976,-107.35986183)) ;
#239=CARTESIAN_POINT('Control Point',(344.475424541,-50.7883525875,-108.803730324)) ;
#240=CARTESIAN_POINT('Control Point',(350.181199444,-44.8046458547,-111.45707087)) ;
#241=CARTESIAN_POINT('Control Point',(354.97814706,-37.9996780079,-113.900654896)) ;
#242=CARTESIAN_POINT('Control Point',(356.994752309,-34.6760844269,-114.963929202)) ;
#243=CARTESIAN_POINT('Control Point',(361.334273993,-26.2505466716,-117.311140237)) ;
#244=CARTESIAN_POINT('Control Point',(364.246343257,-17.05174391,-118.976903151)) ;
#245=CARTESIAN_POINT('Control Point',(365.415720649,-11.4402171261,-119.659170379)) ;
#246=CARTESIAN_POINT('Control Point',(366.,-5.72010871063,-120.)) ;
#247=CARTESIAN_POINT('Control Point',(366.,-2.21163668088E-014,-120.)) ;
#248=CARTESIAN_POINT('Vertex',(366.,0.,-120.)) ;
#251=CARTESIAN_POINT('Line Origine',(185.5,-1.28624324733E-013,-120.)) ;
#255=CARTESIAN_POINT('Vertex',(371.,-1.28624324733E-013,-120.)) ;
#258=CARTESIAN_POINT('Axis2P3D Location',(371.,0.,0.)) ;
#264=CARTESIAN_POINT('Control Point',(0.,-46.8614980554,-110.471715837)) ;
#265=CARTESIAN_POINT('Control Point',(2.59218309251,-43.9850744155,-111.691879024)) ;
#266=CARTESIAN_POINT('Control Point',(4.99208425846,-40.9220824157,-112.880718436)) ;
#267=CARTESIAN_POINT('Control Point',(7.18712453363,-37.6823358415,-114.011532241)) ;
#268=CARTESIAN_POINT('Control Point',(12.2839100955,-28.8901523744,-116.715904385)) ;
#269=CARTESIAN_POINT('Control Point',(15.7849781423,-19.1295207907,-118.707720798)) ;
#270=CARTESIAN_POINT('Control Point',(17.2621454268,-12.8561041817,-119.569584833)) ;
#271=CARTESIAN_POINT('Control Point',(18.,-6.42805227694,-120.)) ;
#272=CARTESIAN_POINT('Control Point',(18.,5.65393065699E-010,-120.)) ;
#283=CARTESIAN_POINT('Axis2P3D Location',(192.,0.,0.)) ;
#287=CARTESIAN_POINT('Vertex',(192.,-120.,8.57224447676E-015)) ;
#289=CARTESIAN_POINT('Vertex',(192.,-119.725469717,8.11245346069)) ;
#292=CARTESIAN_POINT('Line Origine',(185.5,-119.725469717,8.11245346069)) ;
#296=CARTESIAN_POINT('Vertex',(242.,-119.725469717,8.11245346069)) ;
#299=CARTESIAN_POINT('Axis2P3D Location',(242.,0.,0.)) ;
#303=CARTESIAN_POINT('Vertex',(242.,-119.725469717,-8.11245346069)) ;
#306=CARTESIAN_POINT('Line Origine',(185.5,-119.725469717,-8.11245346069)) ;
#310=CARTESIAN_POINT('Vertex',(192.,-119.725469717,-8.11245346069)) ;
#313=CARTESIAN_POINT('Axis2P3D Location',(192.,0.,0.)) ;
#326=CARTESIAN_POINT('Control Point',(192.,-120.,-9.23705556488E-014)) ;
#327=CARTESIAN_POINT('Control Point',(192.,-120.,-4.35914151928)) ;
#328=CARTESIAN_POINT('Control Point',(191.660676522,-119.802061304,-8.71828286709)) ;
#329=CARTESIAN_POINT('Control Point',(190.982016854,-119.40613534,-13.0287155224)) ;
#330=CARTESIAN_POINT('Control Point',(188.298643196,-117.858139551,-24.3016831145)) ;
#331=CARTESIAN_POINT('Control Point',(183.433557835,-115.166747902,-34.6697398965)) ;
#332=CARTESIAN_POINT('Control Point',(179.629611045,-113.145030456,-40.6453605773)) ;
#333=CARTESIAN_POINT('Control Point',(173.040988324,-109.880196627,-48.639065413)) ;
#334=CARTESIAN_POINT('Control Point',(165.170074595,-106.561338175,-55.2537351453)) ;
#335=CARTESIAN_POINT('Control Point',(162.491431967,-105.497796916,-57.246604351)) ;
#336=CARTESIAN_POINT('Control Point',(154.433605036,-102.528119449,-62.5270013421)) ;
#337=CARTESIAN_POINT('Control Point',(145.436951811,-99.9960611907,-66.4244602031)) ;
#338=CARTESIAN_POINT('Control Point',(139.212283093,-98.6648657238,-68.3248969633)) ;
#339=CARTESIAN_POINT('Control Point',(126.952826788,-97.1014046128,-70.5156314184)) ;
#340=CARTESIAN_POINT('Control Point',(114.445563497,-97.4907872786,-69.964967252)) ;
#341=CARTESIAN_POINT('Control Point',(108.626141142,-98.1396227356,-69.0783911294)) ;
#342=CARTESIAN_POINT('Control Point',(99.9883103471,-99.7161671038,-66.83004549)) ;
#343=CARTESIAN_POINT('Control Point',(91.9672151986,-101.937877034,-63.3404708853)) ;
#344=CARTESIAN_POINT('Control Point',(89.2450404211,-102.778486493,-61.974964043)) ;
#345=CARTESIAN_POINT('Control Point',(82.7409536276,-104.971865413,-58.2608138825)) ;
#346=CARTESIAN_POINT('Control Point',(76.8243689874,-107.35986183,-53.7445629979)) ;
#347=CARTESIAN_POINT('Control Point',(73.5245754588,-108.803730324,-50.7883525868)) ;
#348=CARTESIAN_POINT('Control Point',(67.8188005559,-111.457070871,-44.8046458542)) ;
#349=CARTESIAN_POINT('Control Point',(63.0218529394,-113.900654896,-37.9996780073)) ;
#350=CARTESIAN_POINT('Control Point',(61.0052476911,-114.963929202,-34.6760844271)) ;
#351=CARTESIAN_POINT('Control Point',(56.6657260067,-117.311140237,-26.2505466717)) ;
#352=CARTESIAN_POINT('Control Point',(53.7536567438,-118.976903151,-17.0517439095)) ;
#353=CARTESIAN_POINT('Control Point',(52.5842793513,-119.659170379,-11.4402171263)) ;
#354=CARTESIAN_POINT('Control Point',(52.,-120.,-5.72010871072)) ;
#355=CARTESIAN_POINT('Control Point',(52.,-120.,1.34107699786E-014)) ;
#356=CARTESIAN_POINT('Vertex',(52.,-120.,0.)) ;
#360=CARTESIAN_POINT('Control Point',(52.,-120.,1.42108547152E-014)) ;
#361=CARTESIAN_POINT('Control Point',(52.,-120.,4.35914151853)) ;
#362=CARTESIAN_POINT('Control Point',(52.3393234783,-119.802061304,8.71828286559)) ;
#363=CARTESIAN_POINT('Control Point',(53.017983146,-119.40613534,13.0287155212)) ;
#364=CARTESIAN_POINT('Control Point',(55.7013568035,-117.858139551,24.301683112)) ;
#365=CARTESIAN_POINT('Control Point',(60.5664421628,-115.166747903,34.6697398934)) ;
#366=CARTESIAN_POINT('Control Point',(64.3703889533,-113.145030457,40.6453605757)) ;
#367=CARTESIAN_POINT('Control Point',(70.9590116741,-109.880196628,48.639065411)) ;
#368=CARTESIAN_POINT('Control Point',(78.8299254025,-106.561338177,55.2537351432)) ;
#369=CARTESIAN_POINT('Control Point',(81.5085680316,-105.497796917,57.2466043497)) ;
#370=CARTESIAN_POINT('Control Point',(89.566394962,-102.52811945,62.5270013408)) ;
#371=CARTESIAN_POINT('Control Point',(98.5630481858,-99.9960611913,66.4244602022)) ;
#372=CARTESIAN_POINT('Control Point',(104.787716905,-98.6648657244,68.3248969624)) ;
#373=CARTESIAN_POINT('Control Point',(117.04717321,-97.1014046127,70.5156314186)) ;
#374=CARTESIAN_POINT('Control Point',(129.554436501,-97.4907872786,69.9649672519)) ;
#375=CARTESIAN_POINT('Control Point',(135.373858855,-98.1396227354,69.0783911296)) ;
#376=CARTESIAN_POINT('Control Point',(144.011689651,-99.7161671031,66.8300454911)) ;
#377=CARTESIAN_POINT('Control Point',(152.0327848,-101.937877034,63.3404708859)) ;
#378=CARTESIAN_POINT('Control Point',(154.754959576,-102.778486492,61.9749640447)) ;
#379=CARTESIAN_POINT('Control Point',(161.25904637,-104.971865412,58.2608138845)) ;
#380=CARTESIAN_POINT('Control Point',(167.17563101,-107.359861829,53.744563)) ;
#381=CARTESIAN_POINT('Control Point',(170.47542454,-108.803730323,50.7883525885)) ;
#382=CARTESIAN_POINT('Control Point',(176.181199442,-111.45707087,44.8046458564)) ;
#383=CARTESIAN_POINT('Control Point',(180.978147058,-113.900654895,37.9996780108)) ;
#384=CARTESIAN_POINT('Control Point',(182.994752308,-114.963929202,34.6760844286)) ;
#385=CARTESIAN_POINT('Control Point',(187.334273993,-117.311140237,26.2505466732)) ;
#386=CARTESIAN_POINT('Control Point',(190.246343256,-118.976903151,17.0517439112)) ;
#387=CARTESIAN_POINT('Control Point',(191.415720649,-119.659170378,11.4402171275)) ;
#388=CARTESIAN_POINT('Control Point',(192.,-120.,5.72010871132)) ;
#389=CARTESIAN_POINT('Control Point',(192.,-120.,-9.15704709082E-014)) ;
#395=CARTESIAN_POINT('Axis2P3D Location',(52.,0.,0.)) ;
#399=CARTESIAN_POINT('Vertex',(52.,-119.725469717,-8.11245346069)) ;
#402=CARTESIAN_POINT('Line Origine',(185.5,-119.725469717,-8.11245346069)) ;
#406=CARTESIAN_POINT('Vertex',(2.,-119.725469717,-8.11245346069)) ;
#409=CARTESIAN_POINT('Axis2P3D Location',(2.,0.,0.)) ;
#413=CARTESIAN_POINT('Vertex',(2.,-119.725469717,8.11245346069)) ;
#416=CARTESIAN_POINT('Line Origine',(185.5,-119.725469717,8.11245346069)) ;
#420=CARTESIAN_POINT('Vertex',(52.,-119.725469717,8.11245346069)) ;
#423=CARTESIAN_POINT('Axis2P3D Location',(52.,0.,0.)) ;
#436=CARTESIAN_POINT('Axis2P3D Location',(371.,0.,0.)) ;
#441=CARTESIAN_POINT('Line Origine',(371.,36.0555127546,-120.)) ;
#445=CARTESIAN_POINT('Vertex',(371.,72.1110255093,-120.)) ;
#448=CARTESIAN_POINT('Axis2P3D Location',(371.,0.,0.)) ;
#460=CARTESIAN_POINT('Axis2P3D Location',(-52.,0.,-29.3399999973)) ;
#465=CARTESIAN_POINT('Line Origine',(18.,0.,-139.006762544)) ;
#469=CARTESIAN_POINT('Vertex',(18.,0.,-200.)) ;
#472=CARTESIAN_POINT('Axis2P3D Location',(-52.,0.,-200.)) ;
#476=CARTESIAN_POINT('Vertex',(-122.,8.57224447676E-015,-200.)) ;
#479=CARTESIAN_POINT('Line Origine',(-122.,8.57224447676E-015,-139.006762544)) ;
#483=CARTESIAN_POINT('Vertex',(-122.,8.57224447676E-015,-105.)) ;
#487=CARTESIAN_POINT('Control Point',(-122.,7.1054273576E-015,-105.)) ;
#488=CARTESIAN_POINT('Control Point',(-122.,7.50631069363,-105.)) ;
#489=CARTESIAN_POINT('Control Point',(-120.993844639,15.0126211613,-104.329229758)) ;
#490=CARTESIAN_POINT('Control Point',(-118.9791577,22.2474389556,-102.986189833)) ;
#491=CARTESIAN_POINT('Control Point',(-114.773422781,32.1555501862,-100.262860956)) ;
#492=CARTESIAN_POINT('Control Point',(-108.975542576,40.8694875604,-96.787196345)) ;
#493=CARTESIAN_POINT('Control Point',(-106.981533535,43.5121052159,-95.6222017387)) ;
#494=CARTESIAN_POINT('Control Point',(-100.77226323,50.8107409294,-92.11034389)) ;
#495=CARTESIAN_POINT('Control Point',(-93.4398321552,56.9320403717,-88.4003802207)) ;
#496=CARTESIAN_POINT('Control Point',(-88.1962019811,60.4133493842,-86.0062406837)) ;
#497=CARTESIAN_POINT('Control Point',(-80.0719435915,64.5805970219,-82.8556942486)) ;
#498=CARTESIAN_POINT('Control Point',(-71.2021018718,67.4030944961,-80.520002749)) ;
#499=CARTESIAN_POINT('Control Point',(-68.4608890873,68.1264079573,-79.9048630747)) ;
#500=CARTESIAN_POINT('Control Point',(-62.9208435325,69.2889605604,-78.8981895328)) ;
#501=CARTESIAN_POINT('Control Point',(-57.2287104946,69.8911185515,-78.3603957903)) ;
#502=CARTESIAN_POINT('Control Point',(-54.3848465677,70.0464362023,-78.2204829209)) ;
#503=CARTESIAN_POINT('Control Point',(-48.8986511525,70.0650203261,-78.2048863095)) ;
#504=CARTESIAN_POINT('Control Point',(-43.4575820463,69.5510646921,-78.6627438698)) ;
#505=CARTESIAN_POINT('Control Point',(-40.8677740753,69.1827219367,-78.9889395605)) ;
#506=CARTESIAN_POINT('Control Point',(-35.5146124203,68.1656759594,-79.8757312713)) ;
#507=CARTESIAN_POINT('Control Point',(-30.3544107267,66.6577274033,-81.1385519976)) ;
#508=CARTESIAN_POINT('Control Point',(-27.7190815402,65.7416263904,-81.8869110483)) ;
#509=CARTESIAN_POINT('Control Point',(-19.7792952548,62.5351771061,-84.4218228186)) ;
#510=CARTESIAN_POINT('Control Point',(-12.5351289097,58.2296963258,-87.4930294915)) ;
#511=CARTESIAN_POINT('Control Point',(-7.9816014564,54.863601966,-89.6781826321)) ;
#512=CARTESIAN_POINT('Control Point',(-3.78947472016,51.0664998933,-91.8656225614)) ;
#513=CARTESIAN_POINT('Control Point',(-2.13162820728E-014,46.8614980554,-93.9627585802)) ;
#515=CARTESIAN_POINT('Axis2P3D Location',(-52.,0.,-120.)) ;
#529=CARTESIAN_POINT('Axis2P3D Location',(296.,0.,-24.3399999974)) ;
#534=CARTESIAN_POINT('Line Origine',(226.,8.57224447676E-015,-155.)) ;
#538=CARTESIAN_POINT('Vertex',(226.,8.57224447676E-015,-190.)) ;
#541=CARTESIAN_POINT('Axis2P3D Location',(296.,0.,-190.)) ;
#545=CARTESIAN_POINT('Vertex',(366.,0.,-190.)) ;
#548=CARTESIAN_POINT('Line Origine',(366.,-1.71444889535E-014,-155.)) ;
#560=CARTESIAN_POINT('Axis2P3D Location',(192.,-250.,-8.11245346069)) ;
#565=CARTESIAN_POINT('Line Origine',(192.,-250.,4.05622673035)) ;
#569=CARTESIAN_POINT('Vertex',(192.,-250.,8.57224447676E-015)) ;
#571=CARTESIAN_POINT('Vertex',(192.,-250.,8.11245346069)) ;
#574=CARTESIAN_POINT('Line Origine',(192.,-184.862734858,8.11245346069)) ;
#579=CARTESIAN_POINT('Line Origine',(192.,-185.,2.19912976718E-010)) ;
#591=CARTESIAN_POINT('Axis2P3D Location',(242.,-250.,8.11245346069)) ;
#596=CARTESIAN_POINT('Line Origine',(242.,-184.862734858,8.11245346069)) ;
#600=CARTESIAN_POINT('Vertex',(242.,-250.,8.11245346069)) ;
#603=CARTESIAN_POINT('Line Origine',(242.,-250.,1.11910480882E-013)) ;
#607=CARTESIAN_POINT('Vertex',(242.,-250.,-8.11245346069)) ;
#610=CARTESIAN_POINT('Line Origine',(242.,-184.862734858,-8.11245346069)) ;
#622=CARTESIAN_POINT('Line Origine',(192.,-184.862734858,-8.11245346069)) ;
#626=CARTESIAN_POINT('Vertex',(192.,-250.,-8.11245346069)) ;
#629=CARTESIAN_POINT('Line Origine',(192.,-250.,-4.05622673035)) ;
#641=CARTESIAN_POINT('Axis2P3D Location',(122.,-59.3399999968,0.)) ;
#646=CARTESIAN_POINT('Axis2P3D Location',(122.,-250.,0.)) ;
#650=CARTESIAN_POINT('Vertex',(52.,-250.,-1.71444889535E-014)) ;
#653=CARTESIAN_POINT('Line Origine',(52.,-173.63706942,-1.71444889535E-014)) ;
#665=CARTESIAN_POINT('Axis2P3D Location',(122.,-250.,0.)) ;
#677=CARTESIAN_POINT('Axis2P3D Location',(52.,-250.,8.11245346069)) ;
#682=CARTESIAN_POINT('Line Origine',(52.,-250.,-4.05622673035)) ;
#686=CARTESIAN_POINT('Vertex',(52.,-250.,-8.11245346069)) ;
#689=CARTESIAN_POINT('Line Origine',(52.,-184.862734858,-8.11245346069)) ;
#701=CARTESIAN_POINT('Axis2P3D Location',(2.,-250.,-8.11245346069)) ;
#706=CARTESIAN_POINT('Line Origine',(2.,-184.862734858,-8.11245346069)) ;
#710=CARTESIAN_POINT('Vertex',(2.,-250.,-8.11245346069)) ;
#713=CARTESIAN_POINT('Line Origine',(2.,-250.,0.)) ;
#717=CARTESIAN_POINT('Vertex',(2.,-250.,8.11245346069)) ;
#720=CARTESIAN_POINT('Line Origine',(2.,-184.862734858,8.11245346069)) ;
#732=CARTESIAN_POINT('Line Origine',(52.,-184.862734858,8.11245346069)) ;
#736=CARTESIAN_POINT('Vertex',(52.,-250.,8.11245346069)) ;
#739=CARTESIAN_POINT('Line Origine',(52.,-250.,4.05622673035)) ;
#751=CARTESIAN_POINT('Axis2P3D Location',(0.,0.,-200.)) ;
#756=CARTESIAN_POINT('Axis2P3D Location',(-52.,0.,-200.)) ;
#760=CARTESIAN_POINT('Vertex',(-182.,-1.59198825997E-014,-200.)) ;
#762=CARTESIAN_POINT('Vertex',(78.,0.,-200.)) ;
#765=CARTESIAN_POINT('Axis2P3D Location',(-52.,0.,-200.)) ;
#774=CARTESIAN_POINT('Axis2P3D Location',(-136.437476869,-48.75,-200.)) ;
#778=CARTESIAN_POINT('Vertex',(-131.187476869,-57.8432667397,-200.)) ;
#780=CARTESIAN_POINT('Vertex',(-141.687476869,-39.6567332603,-200.)) ;
#783=CARTESIAN_POINT('Axis2P3D Location',(-136.437476869,-48.75,-200.)) ;
#792=CARTESIAN_POINT('Axis2P3D Location',(-52.,97.5,-200.)) ;
#796=CARTESIAN_POINT('Vertex',(-62.5,97.5,-200.)) ;
#798=CARTESIAN_POINT('Vertex',(-41.5,97.5,-200.)) ;
#801=CARTESIAN_POINT('Axis2P3D Location',(-52.,97.5,-200.)) ;
#810=CARTESIAN_POINT('Axis2P3D Location',(-52.,-97.5,-200.)) ;
#814=CARTESIAN_POINT('Vertex',(-62.5,-97.5,-200.)) ;
#816=CARTESIAN_POINT('Vertex',(-41.5,-97.5,-200.)) ;
#819=CARTESIAN_POINT('Axis2P3D Location',(-52.,-97.5,-200.)) ;
#828=CARTESIAN_POINT('Axis2P3D Location',(-52.,0.,-200.)) ;
#837=CARTESIAN_POINT('Axis2P3D Location',(-136.437476869,48.75,-200.)) ;
#841=CARTESIAN_POINT('Vertex',(-141.687476869,39.6567332603,-200.)) ;
#843=CARTESIAN_POINT('Vertex',(-131.187476869,57.8432667397,-200.)) ;
#846=CARTESIAN_POINT('Axis2P3D Location',(-136.437476869,48.75,-200.)) ;
#855=CARTESIAN_POINT('Axis2P3D Location',(32.437476869,48.75,-200.)) ;
#859=CARTESIAN_POINT('Vertex',(27.187476869,57.8432667397,-200.)) ;
#861=CARTESIAN_POINT('Vertex',(37.687476869,39.6567332603,-200.)) ;
#864=CARTESIAN_POINT('Axis2P3D Location',(32.437476869,48.75,-200.)) ;
#873=CARTESIAN_POINT('Axis2P3D Location',(32.437476869,-48.75,-200.)) ;
#877=CARTESIAN_POINT('Vertex',(37.687476869,-39.6567332603,-200.)) ;
#879=CARTESIAN_POINT('Vertex',(27.187476869,-57.8432667397,-200.)) ;
#882=CARTESIAN_POINT('Axis2P3D Location',(32.437476869,-48.75,-200.)) ;
#892=CARTESIAN_POINT('Axis2P3D Location',(0.,0.,-190.)) ;
#897=CARTESIAN_POINT('Axis2P3D Location',(296.,0.,-190.)) ;
#901=CARTESIAN_POINT('Vertex',(426.,0.,-190.)) ;
#903=CARTESIAN_POINT('Vertex',(166.,1.59198825997E-014,-190.)) ;
#906=CARTESIAN_POINT('Axis2P3D Location',(296.,0.,-190.)) ;
#915=CARTESIAN_POINT('Axis2P3D Location',(211.562523131,-48.75,-190.)) ;
#919=CARTESIAN_POINT('Vertex',(216.812523131,-57.8432667397,-190.)) ;
#921=CARTESIAN_POINT('Vertex',(206.312523131,-39.6567332603,-190.)) ;
#924=CARTESIAN_POINT('Axis2P3D Location',(211.562523131,-48.75,-190.)) ;
#933=CARTESIAN_POINT('Axis2P3D Location',(296.,-97.5,-190.)) ;
#937=CARTESIAN_POINT('Vertex',(285.5,-97.5,-190.)) ;
#939=CARTESIAN_POINT('Vertex',(306.5,-97.5,-190.)) ;
#942=CARTESIAN_POINT('Axis2P3D Location',(296.,-97.5,-190.)) ;
#951=CARTESIAN_POINT('Axis2P3D Location',(296.,0.,-190.)) ;
#960=CARTESIAN_POINT('Axis2P3D Location',(211.562523131,48.75,-190.)) ;
#964=CARTESIAN_POINT('Vertex',(206.312523131,39.6567332603,-190.)) ;
#966=CARTESIAN_POINT('Vertex',(216.812523131,57.8432667397,-190.)) ;
#969=CARTESIAN_POINT('Axis2P3D Location',(211.562523131,48.75,-190.)) ;
#978=CARTESIAN_POINT('Axis2P3D Location',(296.,97.5,-190.)) ;
#982=CARTESIAN_POINT('Vertex',(285.5,97.5,-190.)) ;
#984=CARTESIAN_POINT('Vertex',(306.5,97.5,-190.)) ;
#987=CARTESIAN_POINT('Axis2P3D Location',(296.,97.5,-190.)) ;
#996=CARTESIAN_POINT('Axis2P3D Location',(380.437476869,48.75,-190.)) ;
#1000=CARTESIAN_POINT('Vertex',(375.187476869,57.8432667397,-190.)) ;
#1002=CARTESIAN_POINT('Vertex',(385.687476869,39.6567332603,-190.)) ;
#1005=CARTESIAN_POINT('Axis2P3D Location',(380.437476869,48.75,-190.)) ;
#1014=CARTESIAN_POINT('Axis2P3D Location',(380.437476869,-48.75,-190.)) ;
#1018=CARTESIAN_POINT('Vertex',(385.687476869,-39.6567332603,-190.)) ;
#1020=CARTESIAN_POINT('Vertex',(375.187476869,-57.8432667397,-190.)) ;
#1023=CARTESIAN_POINT('Axis2P3D Location',(380.437476869,-48.75,-190.)) ;
#1033=CARTESIAN_POINT('Axis2P3D Location',(0.,-250.,0.)) ;
#1038=CARTESIAN_POINT('Axis2P3D Location',(122.,-250.,0.)) ;
#1042=CARTESIAN_POINT('Vertex',(-8.,-250.,0.)) ;
#1044=CARTESIAN_POINT('Vertex',(252.,-250.,1.59198825997E-014)) ;
#1047=CARTESIAN_POINT('Axis2P3D Location',(122.,-250.,0.)) ;
#1056=CARTESIAN_POINT('Axis2P3D Location',(122.,-250.,97.5)) ;
#1060=CARTESIAN_POINT('Vertex',(111.5,-250.,97.5)) ;
#1062=CARTESIAN_POINT('Vertex',(132.5,-250.,97.5)) ;
#1065=CARTESIAN_POINT('Axis2P3D Location',(122.,-250.,97.5)) ;
#1074=CARTESIAN_POINT('Line Origine',(217.,-250.,-8.11245346069)) ;
#1079=CARTESIAN_POINT('Line Origine',(217.,-250.,8.11245346069)) ;
#1095=CARTESIAN_POINT('Line Origine',(27.,-250.,8.11245346069)) ;
#1100=CARTESIAN_POINT('Line Origine',(27.,-250.,-8.11245346069)) ;
#1112=CARTESIAN_POINT('Axis2P3D Location',(37.562523131,-250.,48.75)) ;
#1116=CARTESIAN_POINT('Vertex',(42.812523131,-250.,57.8432667397)) ;
#1118=CARTESIAN_POINT('Vertex',(32.312523131,-250.,39.6567332603)) ;
#1121=CARTESIAN_POINT('Axis2P3D Location',(37.562523131,-250.,48.75)) ;
#1130=CARTESIAN_POINT('Axis2P3D Location',(37.562523131,-250.,-48.75)) ;
#1134=CARTESIAN_POINT('Vertex',(32.312523131,-250.,-39.6567332603)) ;
#1136=CARTESIAN_POINT('Vertex',(42.812523131,-250.,-57.8432667397)) ;
#1139=CARTESIAN_POINT('Axis2P3D Location',(37.562523131,-250.,-48.75)) ;
#1148=CARTESIAN_POINT('Axis2P3D Location',(122.,-250.,-97.5)) ;
#1152=CARTESIAN_POINT('Vertex',(111.5,-250.,-97.5)) ;
#1154=CARTESIAN_POINT('Vertex',(132.5,-250.,-97.5)) ;
#1157=CARTESIAN_POINT('Axis2P3D Location',(122.,-250.,-97.5)) ;
#1166=CARTESIAN_POINT('Axis2P3D Location',(206.437476869,-250.,-48.75)) ;
#1170=CARTESIAN_POINT('Vertex',(201.187476869,-250.,-57.8432667397)) ;
#1172=CARTESIAN_POINT('Vertex',(211.687476869,-250.,-39.6567332603)) ;
#1175=CARTESIAN_POINT('Axis2P3D Location',(206.437476869,-250.,-48.75)) ;
#1184=CARTESIAN_POINT('Axis2P3D Location',(206.437476869,-250.,48.75)) ;
#1188=CARTESIAN_POINT('Vertex',(211.687476869,-250.,39.6567332603)) ;
#1190=CARTESIAN_POINT('Vertex',(201.187476869,-250.,57.8432667397)) ;
#1193=CARTESIAN_POINT('Axis2P3D Location',(206.437476869,-250.,48.75)) ;
#1203=CARTESIAN_POINT('Axis2P3D Location',(-136.437476869,-48.75,-44.339999997)) ;
#1208=CARTESIAN_POINT('Line Origine',(-141.687476869,-39.6567332603,-215.)) ;
#1212=CARTESIAN_POINT('Vertex',(-141.687476869,-39.6567332603,-230.)) ;
#1215=CARTESIAN_POINT('Axis2P3D Location',(-136.437476869,-48.75,-230.)) ;
#1219=CARTESIAN_POINT('Vertex',(-131.187476869,-57.8432667397,-230.)) ;
#1222=CARTESIAN_POINT('Line Origine',(-131.187476869,-57.8432667397,-215.)) ;
#1234=CARTESIAN_POINT('Axis2P3D Location',(-136.437476869,-48.75,-230.)) ;
#1246=CARTESIAN_POINT('Axis2P3D Location',(-52.,97.5,-44.339999997)) ;
#1251=CARTESIAN_POINT('Line Origine',(-41.5,97.5,-215.)) ;
#1255=CARTESIAN_POINT('Vertex',(-41.5,97.5,-230.)) ;
#1258=CARTESIAN_POINT('Axis2P3D Location',(-52.,97.5,-230.)) ;
#1262=CARTESIAN_POINT('Vertex',(-62.5,97.5,-230.)) ;
#1265=CARTESIAN_POINT('Line Origine',(-62.5,97.5,-215.)) ;
#1277=CARTESIAN_POINT('Axis2P3D Location',(-52.,97.5,-230.)) ;
#1289=CARTESIAN_POINT('Axis2P3D Location',(-52.,-97.5,-44.339999997)) ;
#1294=CARTESIAN_POINT('Line Origine',(-41.5,-97.5,-215.)) ;
#1298=CARTESIAN_POINT('Vertex',(-41.5,-97.5,-230.)) ;
#1301=CARTESIAN_POINT('Axis2P3D Location',(-52.,-97.5,-230.)) ;
#1305=CARTESIAN_POINT('Vertex',(-62.5,-97.5,-230.)) ;
#1308=CARTESIAN_POINT('Line Origine',(-62.5,-97.5,-215.)) ;
#1320=CARTESIAN_POINT('Axis2P3D Location',(-52.,-97.5,-230.)) ;
#1332=CARTESIAN_POINT('Axis2P3D Location',(-136.437476869,48.75,-44.339999997)) ;
#1337=CARTESIAN_POINT('Line Origine',(-131.187476869,57.8432667397,-215.)) ;
#1341=CARTESIAN_POINT('Vertex',(-131.187476869,57.8432667397,-230.)) ;
#1344=CARTESIAN_POINT('Axis2P3D Location',(-136.437476869,48.75,-230.)) ;
#1348=CARTESIAN_POINT('Vertex',(-141.687476869,39.6567332603,-230.)) ;
#1351=CARTESIAN_POINT('Line Origine',(-141.687476869,39.6567332603,-215.)) ;
#1363=CARTESIAN_POINT('Axis2P3D Location',(-136.437476869,48.75,-230.)) ;
#1375=CARTESIAN_POINT('Axis2P3D Location',(32.437476869,48.75,-44.339999997)) ;
#1380=CARTESIAN_POINT('Line Origine',(37.687476869,39.6567332603,-215.)) ;
#1384=CARTESIAN_POINT('Vertex',(37.687476869,39.6567332603,-230.)) ;
#1387=CARTESIAN_POINT('Axis2P3D Location',(32.437476869,48.75,-230.)) ;
#1391=CARTESIAN_POINT('Vertex',(27.187476869,57.8432667397,-230.)) ;
#1394=CARTESIAN_POINT('Line Origine',(27.187476869,57.8432667397,-215.)) ;
#1406=CARTESIAN_POINT('Axis2P3D Location',(32.437476869,48.75,-230.)) ;
#1418=CARTESIAN_POINT('Axis2P3D Location',(32.437476869,-48.75,-44.339999997)) ;
#1423=CARTESIAN_POINT('Line Origine',(27.187476869,-57.8432667397,-215.)) ;
#1427=CARTESIAN_POINT('Vertex',(27.187476869,-57.8432667397,-230.)) ;
#1430=CARTESIAN_POINT('Axis2P3D Location',(32.437476869,-48.75,-230.)) ;
#1434=CARTESIAN_POINT('Vertex',(37.687476869,-39.6567332603,-230.)) ;
#1437=CARTESIAN_POINT('Line Origine',(37.687476869,-39.6567332603,-215.)) ;
#1449=CARTESIAN_POINT('Axis2P3D Location',(32.437476869,-48.75,-230.)) ;
#1461=CARTESIAN_POINT('Axis2P3D Location',(296.,0.,-205.)) ;
#1466=CARTESIAN_POINT('Line Origine',(426.,0.,-205.)) ;
#1470=CARTESIAN_POINT('Vertex',(426.,0.,-220.)) ;
#1473=CARTESIAN_POINT('Axis2P3D Location',(296.,0.,-220.)) ;
#1477=CARTESIAN_POINT('Vertex',(166.,1.59198825997E-014,-220.)) ;
#1480=CARTESIAN_POINT('Line Origine',(166.,1.59198825997E-014,-205.)) ;
#1492=CARTESIAN_POINT('Axis2P3D Location',(296.,0.,-220.)) ;
#1504=CARTESIAN_POINT('Axis2P3D Location',(122.,-265.,0.)) ;
#1509=CARTESIAN_POINT('Line Origine',(-8.,-265.,0.)) ;
#1513=CARTESIAN_POINT('Vertex',(-8.,-280.,0.)) ;
#1516=CARTESIAN_POINT('Axis2P3D Location',(122.,-280.,0.)) ;
#1520=CARTESIAN_POINT('Vertex',(252.,-280.,1.59198825997E-014)) ;
#1523=CARTESIAN_POINT('Line Origine',(252.,-265.,1.59198825997E-014)) ;
#1535=CARTESIAN_POINT('Axis2P3D Location',(122.,-280.,0.)) ;
#1547=CARTESIAN_POINT('Axis2P3D Location',(0.,0.,-230.)) ;
#1552=CARTESIAN_POINT('Axis2P3D Location',(-52.,0.,-230.)) ;
#1556=CARTESIAN_POINT('Vertex',(78.,0.,-230.)) ;
#1558=CARTESIAN_POINT('Vertex',(-182.,-1.59198825997E-014,-230.)) ;
#1561=CARTESIAN_POINT('Axis2P3D Location',(-52.,0.,-230.)) ;
#1582=CARTESIAN_POINT('Axis2P3D Location',(-52.,0.,-230.)) ;
#1586=CARTESIAN_POINT('Vertex',(-2.,0.,-230.)) ;
#1588=CARTESIAN_POINT('Vertex',(-102.,-6.12303176911E-015,-230.)) ;
#1591=CARTESIAN_POINT('Axis2P3D Location',(-52.,0.,-230.)) ;
#1613=CARTESIAN_POINT('Axis2P3D Location',(0.,0.,-220.)) ;
#1622=CARTESIAN_POINT('Axis2P3D Location',(211.562523131,-48.75,-220.)) ;
#1626=CARTESIAN_POINT('Vertex',(206.312523131,-39.6567332603,-220.)) ;
#1628=CARTESIAN_POINT('Vertex',(216.812523131,-57.8432667397,-220.)) ;
#1631=CARTESIAN_POINT('Axis2P3D Location',(211.562523131,-48.75,-220.)) ;
#1640=CARTESIAN_POINT('Axis2P3D Location',(296.,-97.5,-220.)) ;
#1644=CARTESIAN_POINT('Vertex',(285.5,-97.5,-220.)) ;
#1646=CARTESIAN_POINT('Vertex',(306.5,-97.5,-220.)) ;
#1649=CARTESIAN_POINT('Axis2P3D Location',(296.,-97.5,-220.)) ;
#1658=CARTESIAN_POINT('Axis2P3D Location',(296.,0.,-220.)) ;
#1662=CARTESIAN_POINT('Vertex',(246.,-6.12303176911E-015,-220.)) ;
#1664=CARTESIAN_POINT('Vertex',(346.,0.,-220.)) ;
#1667=CARTESIAN_POINT('Axis2P3D Location',(296.,0.,-220.)) ;
#1676=CARTESIAN_POINT('Axis2P3D Location',(211.562523131,48.75,-220.)) ;
#1680=CARTESIAN_POINT('Vertex',(216.812523131,57.8432667397,-220.)) ;
#1682=CARTESIAN_POINT('Vertex',(206.312523131,39.6567332603,-220.)) ;
#1685=CARTESIAN_POINT('Axis2P3D Location',(211.562523131,48.75,-220.)) ;
#1694=CARTESIAN_POINT('Axis2P3D Location',(296.,97.5,-220.)) ;
#1698=CARTESIAN_POINT('Vertex',(306.5,97.5,-220.)) ;
#1700=CARTESIAN_POINT('Vertex',(285.5,97.5,-220.)) ;
#1703=CARTESIAN_POINT('Axis2P3D Location',(296.,97.5,-220.)) ;
#1712=CARTESIAN_POINT('Axis2P3D Location',(380.437476869,48.75,-220.)) ;
#1716=CARTESIAN_POINT('Vertex',(385.687476869,39.6567332603,-220.)) ;
#1718=CARTESIAN_POINT('Vertex',(375.187476869,57.8432667397,-220.)) ;
#1721=CARTESIAN_POINT('Axis2P3D Location',(380.437476869,48.75,-220.)) ;
#1730=CARTESIAN_POINT('Axis2P3D Location',(380.437476869,-48.75,-220.)) ;
#1734=CARTESIAN_POINT('Vertex',(375.187476869,-57.8432667397,-220.)) ;
#1736=CARTESIAN_POINT('Vertex',(385.687476869,-39.6567332603,-220.)) ;
#1739=CARTESIAN_POINT('Axis2P3D Location',(380.437476869,-48.75,-220.)) ;
#1749=CARTESIAN_POINT('Axis2P3D Location',(0.,-280.,0.)) ;
#1758=CARTESIAN_POINT('Axis2P3D Location',(122.,-280.,97.5)) ;
#1762=CARTESIAN_POINT('Vertex',(111.5,-280.,97.5)) ;
#1764=CARTESIAN_POINT('Vertex',(132.5,-280.,97.5)) ;
#1767=CARTESIAN_POINT('Axis2P3D Location',(122.,-280.,97.5)) ;
#1776=CARTESIAN_POINT('Axis2P3D Location',(122.,-280.,0.)) ;
#1780=CARTESIAN_POINT('Vertex',(72.,-280.,2.83274922616E-014)) ;
#1782=CARTESIAN_POINT('Vertex',(172.,-280.,0.)) ;
#1785=CARTESIAN_POINT('Axis2P3D Location',(122.,-280.,0.)) ;
#1794=CARTESIAN_POINT('Axis2P3D Location',(37.562523131,-280.,48.75)) ;
#1798=CARTESIAN_POINT('Vertex',(32.312523131,-280.,39.6567332603)) ;
#1800=CARTESIAN_POINT('Vertex',(42.812523131,-280.,57.8432667397)) ;
#1803=CARTESIAN_POINT('Axis2P3D Location',(37.562523131,-280.,48.75)) ;
#1812=CARTESIAN_POINT('Axis2P3D Location',(37.562523131,-280.,-48.75)) ;
#1816=CARTESIAN_POINT('Vertex',(42.812523131,-280.,-57.8432667397)) ;
#1818=CARTESIAN_POINT('Vertex',(32.312523131,-280.,-39.6567332603)) ;
#1821=CARTESIAN_POINT('Axis2P3D Location',(37.562523131,-280.,-48.75)) ;
#1830=CARTESIAN_POINT('Axis2P3D Location',(122.,-280.,-97.5)) ;
#1834=CARTESIAN_POINT('Vertex',(132.5,-280.,-97.5)) ;
#1836=CARTESIAN_POINT('Vertex',(111.5,-280.,-97.5)) ;
#1839=CARTESIAN_POINT('Axis2P3D Location',(122.,-280.,-97.5)) ;
#1848=CARTESIAN_POINT('Axis2P3D Location',(206.437476869,-280.,-48.75)) ;
#1852=CARTESIAN_POINT('Vertex',(211.687476869,-280.,-39.6567332603)) ;
#1854=CARTESIAN_POINT('Vertex',(201.187476869,-280.,-57.8432667397)) ;
#1857=CARTESIAN_POINT('Axis2P3D Location',(206.437476869,-280.,-48.75)) ;
#1866=CARTESIAN_POINT('Axis2P3D Location',(206.437476869,-280.,48.75)) ;
#1870=CARTESIAN_POINT('Vertex',(201.187476869,-280.,57.8432667397)) ;
#1872=CARTESIAN_POINT('Vertex',(211.687476869,-280.,39.6567332603)) ;
#1875=CARTESIAN_POINT('Axis2P3D Location',(206.437476869,-280.,48.75)) ;
#1885=CARTESIAN_POINT('Axis2P3D Location',(301.,0.,0.)) ;
#1891=CARTESIAN_POINT('Control Point',(172.,-105.,1.59872115546E-014)) ;
#1892=CARTESIAN_POINT('Control Point',(172.,-105.,5.85161111481)) ;
#1893=CARTESIAN_POINT('Control Point',(171.143966184,-104.59236485,11.7032216242)) ;
#1894=CARTESIAN_POINT('Control Point',(169.43035852,-103.775924707,17.3430974262)) ;
#1895=CARTESIAN_POINT('Control Point',(165.443845937,-101.96888117,25.8425250445)) ;
#1896=CARTESIAN_POINT('Control Point',(159.730187083,-99.7102914851,33.0900334093)) ;
#1897=CARTESIAN_POINT('Control Point',(157.318131727,-98.8122247889,35.6519955469)) ;
#1898=CARTESIAN_POINT('Control Point',(150.7865886,-96.5712155228,41.4770024399)) ;
#1899=CARTESIAN_POINT('Control Point',(143.072787914,-94.5384389846,45.8021286626)) ;
#1900=CARTESIAN_POINT('Control Point',(138.096112017,-93.5102362374,47.794873984)) ;
#1901=CARTESIAN_POINT('Control Point',(127.968356368,-92.1640602948,50.3223675971)) ;
#1902=CARTESIAN_POINT('Control Point',(117.460431347,-92.2307301151,50.17782487)) ;
#1903=CARTESIAN_POINT('Control Point',(112.438434053,-92.6323391807,49.4593814922)) ;
#1904=CARTESIAN_POINT('Control Point',(104.978880955,-93.7233572913,47.4177785084)) ;
#1905=CARTESIAN_POINT('Control Point',(98.1559251158,-95.3182975946,44.0699720667)) ;
#1906=CARTESIAN_POINT('Control Point',(95.8442134208,-95.9279954747,42.7372037218)) ;
#1907=CARTESIAN_POINT('Control Point',(90.5125415824,-97.4753031129,39.1736379116)) ;
#1908=CARTESIAN_POINT('Control Point',(85.8217241649,-99.1193653592,34.8155455793)) ;
#1909=CARTESIAN_POINT('Control Point',(83.3179009669,-100.072846813,32.0129047187)) ;
#1910=CARTESIAN_POINT('Control Point',(77.9177442105,-102.25453407,24.6907734234)) ;
#1911=CARTESIAN_POINT('Control Point',(74.2370688825,-103.934371846,16.2083975023)) ;
#1912=CARTESIAN_POINT('Control Point',(72.7452003079,-104.645142711,10.919342368)) ;
#1913=CARTESIAN_POINT('Control Point',(72.,-105.,5.45967144748)) ;
#1914=CARTESIAN_POINT('Control Point',(72.,-105.,-7.95152673234E-014)) ;
#1915=CARTESIAN_POINT('Vertex',(172.,-105.,0.)) ;
#1917=CARTESIAN_POINT('Vertex',(72.,-105.,6.12303176911E-015)) ;
#1920=CARTESIAN_POINT('Line Origine',(301.,-105.,-8.04003673534E-014)) ;
#1924=CARTESIAN_POINT('Vertex',(38.,-105.,1.28583667151E-014)) ;
#1927=CARTESIAN_POINT('Axis2P3D Location',(38.,0.,0.)) ;
#1931=CARTESIAN_POINT('Vertex',(38.,105.,0.)) ;
#1934=CARTESIAN_POINT('Line Origine',(301.,105.,0.)) ;
#1938=CARTESIAN_POINT('Vertex',(53.,105.,-5.68434188608E-014)) ;
#1941=CARTESIAN_POINT('Axis2P3D Location',(53.,0.,0.)) ;
#1945=CARTESIAN_POINT('Vertex',(53.,100.,32.0156211872)) ;
#1948=CARTESIAN_POINT('Axis2P3D Location',(53.,0.,0.)) ;
#1952=CARTESIAN_POINT('Vertex',(53.,44.72135955,95.)) ;
#1955=CARTESIAN_POINT('Line Origine',(301.,44.72135955,95.)) ;
#1959=CARTESIAN_POINT('Vertex',(193.,44.72135955,95.)) ;
#1962=CARTESIAN_POINT('Axis2P3D Location',(193.,0.,0.)) ;
#1966=CARTESIAN_POINT('Vertex',(193.,-105.,1.28583667151E-014)) ;
#1969=CARTESIAN_POINT('Line Origine',(301.,-105.,-8.04003673534E-014)) ;
#1987=CARTESIAN_POINT('Control Point',(72.,-105.,1.42108547152E-014)) ;
#1988=CARTESIAN_POINT('Control Point',(72.,-105.,-5.85161111497)) ;
#1989=CARTESIAN_POINT('Control Point',(72.8560338159,-104.59236485,-11.7032216245)) ;
#1990=CARTESIAN_POINT('Control Point',(74.5696414803,-103.775924707,-17.343097428)) ;
#1991=CARTESIAN_POINT('Control Point',(78.5561540644,-101.968881169,-25.8425250462)) ;
#1992=CARTESIAN_POINT('Control Point',(84.2698129189,-99.7102914845,-33.090033411)) ;
#1993=CARTESIAN_POINT('Control Point',(86.6818682746,-98.8122247884,-35.6519955483)) ;
#1994=CARTESIAN_POINT('Control Point',(93.2134114014,-96.5712155223,-41.4770024411)) ;
#1995=CARTESIAN_POINT('Control Point',(100.927212088,-94.5384389842,-45.8021286633)) ;
#1996=CARTESIAN_POINT('Control Point',(105.903887985,-93.5102362371,-47.7948739847)) ;
#1997=CARTESIAN_POINT('Control Point',(116.031643634,-92.1640602947,-50.3223675973)) ;
#1998=CARTESIAN_POINT('Control Point',(126.539568655,-92.2307301152,-50.1778248698)) ;
#1999=CARTESIAN_POINT('Control Point',(131.561565949,-92.632339181,-49.4593814916)) ;
#2000=CARTESIAN_POINT('Control Point',(139.021119047,-93.7233572916,-47.4177785077)) ;
#2001=CARTESIAN_POINT('Control Point',(145.844074886,-95.318297595,-44.0699720659)) ;
#2002=CARTESIAN_POINT('Control Point',(148.155786581,-95.9279954753,-42.7372037206)) ;
#2003=CARTESIAN_POINT('Control Point',(153.487458419,-97.4753031135,-39.1736379101)) ;
#2004=CARTESIAN_POINT('Control Point',(158.178275836,-99.1193653595,-34.8155455783)) ;
#2005=CARTESIAN_POINT('Control Point',(160.682099035,-100.072846814,-32.0129047167)) ;
#2006=CARTESIAN_POINT('Control Point',(166.082255791,-102.25453407,-24.6907734215)) ;
#2007=CARTESIAN_POINT('Control Point',(169.762931118,-103.934371847,-16.2083975007)) ;
#2008=CARTESIAN_POINT('Control Point',(171.254799692,-104.645142711,-10.9193423675)) ;
#2009=CARTESIAN_POINT('Control Point',(172.,-105.,-5.45967144722)) ;
#2010=CARTESIAN_POINT('Control Point',(172.,-105.,-3.41715703974E-014)) ;
#2012=CARTESIAN_POINT('Axis2P3D Location',(193.,0.,0.)) ;
#2016=CARTESIAN_POINT('Vertex',(193.,44.72135955,-95.)) ;
#2019=CARTESIAN_POINT('Line Origine',(301.,44.72135955,-95.)) ;
#2023=CARTESIAN_POINT('Vertex',(53.,44.72135955,-95.)) ;
#2026=CARTESIAN_POINT('Axis2P3D Location',(53.,0.,0.)) ;
#2030=CARTESIAN_POINT('Vertex',(53.,100.,-32.0156211872)) ;
#2033=CARTESIAN_POINT('Axis2P3D Location',(53.,0.,0.)) ;
#2038=CARTESIAN_POINT('Axis2P3D Location',(38.,0.,0.)) ;
#2055=CARTESIAN_POINT('Axis2P3D Location',(212.,0.,0.)) ;
#2060=CARTESIAN_POINT('Line Origine',(19.,-72.,8.81716574752E-015)) ;
#2064=CARTESIAN_POINT('Vertex',(231.,-72.,8.81716574752E-015)) ;
#2066=CARTESIAN_POINT('Vertex',(193.,-72.,8.81716574752E-015)) ;
#2069=CARTESIAN_POINT('Axis2P3D Location',(231.,0.,0.)) ;
#2073=CARTESIAN_POINT('Vertex',(231.,72.,-1.7634331495E-014)) ;
#2076=CARTESIAN_POINT('Line Origine',(19.,72.,-1.7634331495E-014)) ;
#2080=CARTESIAN_POINT('Vertex',(193.,72.,-1.7634331495E-014)) ;
#2083=CARTESIAN_POINT('Axis2P3D Location',(193.,0.,0.)) ;
#2095=CARTESIAN_POINT('Axis2P3D Location',(231.,0.,0.)) ;
#2100=CARTESIAN_POINT('Axis2P3D Location',(193.,0.,0.)) ;
#2112=CARTESIAN_POINT('Axis2P3D Location',(0.,0.,-79.262)) ;
#2117=CARTESIAN_POINT('Line Origine',(-52.,-30.7007386882,-79.262)) ;
#2121=CARTESIAN_POINT('Vertex',(-12.5352734204,-30.7007386882,-79.262)) ;
#2123=CARTESIAN_POINT('Vertex',(-91.4647265796,-30.7007386882,-79.262)) ;
#2126=CARTESIAN_POINT('Axis2P3D Location',(-52.,-1.06581410364E-014,-79.262)) ;
#2136=CARTESIAN_POINT('Axis2P3D Location',(-100.,0.,0.)) ;
#2141=CARTESIAN_POINT('Axis2P3D Location',(-100.,0.,0.)) ;
#2145=CARTESIAN_POINT('Vertex',(-100.,14.,-83.8391316749)) ;
#2147=CARTESIAN_POINT('Vertex',(-100.,85.,0.)) ;
#2150=CARTESIAN_POINT('Axis2P3D Location',(-100.,0.,0.)) ;
#2154=CARTESIAN_POINT('Vertex',(-100.,-85.,1.04091540075E-014)) ;
#2157=CARTESIAN_POINT('Axis2P3D Location',(-100.,0.,0.)) ;
#2161=CARTESIAN_POINT('Vertex',(-100.,-14.,-83.8391316749)) ;
#2164=CARTESIAN_POINT('Line Origine',(-100.,-14.,-81.5505658374)) ;
#2168=CARTESIAN_POINT('Vertex',(-100.,-14.,-79.262)) ;
#2171=CARTESIAN_POINT('Line Origine',(-100.,1.95399252334E-014,-79.262)) ;
#2175=CARTESIAN_POINT('Vertex',(-100.,14.,-79.262)) ;
#2178=CARTESIAN_POINT('Line Origine',(-100.,14.,-81.5505658374)) ;
#2192=CARTESIAN_POINT('Axis2P3D Location',(-52.,-1.06581410364E-014,-79.262)) ;
#2196=CARTESIAN_POINT('Vertex',(-102.,-6.12303176911E-015,-79.262)) ;
#2199=CARTESIAN_POINT('Axis2P3D Location',(-52.,7.1054273576E-015,-79.262)) ;
#2210=CARTESIAN_POINT('Axis2P3D Location',(-50.,0.,0.)) ;
#2215=CARTESIAN_POINT('Line Origine',(-50.,85.,0.)) ;
#2219=CARTESIAN_POINT('Vertex',(0.,85.,0.)) ;
#2222=CARTESIAN_POINT('Axis2P3D Location',(0.,0.,0.)) ;
#2226=CARTESIAN_POINT('Vertex',(0.,-85.,1.04091540075E-014)) ;
#2229=CARTESIAN_POINT('Line Origine',(-50.,-85.,1.04091540075E-014)) ;
#2241=CARTESIAN_POINT('Axis2P3D Location',(0.,0.,0.)) ;
#2250=CARTESIAN_POINT('Axis2P3D Location',(0.,0.,0.)) ;
#2254=CARTESIAN_POINT('Vertex',(0.,72.,0.)) ;
#2256=CARTESIAN_POINT('Vertex',(0.,-72.,8.81716574752E-015)) ;
#2259=CARTESIAN_POINT('Axis2P3D Location',(0.,0.,0.)) ;
#2269=CARTESIAN_POINT('Line Origine',(19.,-72.,8.81716574752E-015)) ;
#2273=CARTESIAN_POINT('Vertex',(38.,-72.,8.81716574752E-015)) ;
#2276=CARTESIAN_POINT('Axis2P3D Location',(38.,0.,0.)) ;
#2280=CARTESIAN_POINT('Vertex',(38.,72.,0.)) ;
#2283=CARTESIAN_POINT('Line Origine',(19.,72.,-1.7634331495E-014)) ;
#2295=CARTESIAN_POINT('Axis2P3D Location',(38.,0.,0.)) ;
#2307=CARTESIAN_POINT('Line Origine',(-52.,30.7007386882,-79.262)) ;
#2311=CARTESIAN_POINT('Vertex',(-12.5352734204,30.7007386882,-79.262)) ;
#2313=CARTESIAN_POINT('Vertex',(-91.4647265796,30.7007386882,-79.262)) ;
#2316=CARTESIAN_POINT('Axis2P3D Location',(-52.,7.1054273576E-015,-79.262)) ;
#2326=CARTESIAN_POINT('Axis2P3D Location',(376.,0.,0.)) ;
#2331=CARTESIAN_POINT('Axis2P3D Location',(376.,-110.,0.)) ;
#2335=CARTESIAN_POINT('Vertex',(376.,-100.,0.)) ;
#2337=CARTESIAN_POINT('Vertex',(376.,-120.,1.22460635382E-015)) ;
#2340=CARTESIAN_POINT('Axis2P3D Location',(376.,-110.,0.)) ;
#2350=CARTESIAN_POINT('Axis2P3D Location',(376.,-33.9918693812,-104.616216792)) ;
#2354=CARTESIAN_POINT('Vertex',(376.,-30.9016994375,-95.1056516295)) ;
#2356=CARTESIAN_POINT('Vertex',(376.,-37.082039325,-114.126781955)) ;
#2359=CARTESIAN_POINT('Axis2P3D Location',(376.,-33.9918693812,-104.616216792)) ;
#2369=CARTESIAN_POINT('Axis2P3D Location',(376.,88.9918693812,-64.6563777522)) ;
#2373=CARTESIAN_POINT('Vertex',(376.,80.9016994375,-58.7785252292)) ;
#2375=CARTESIAN_POINT('Vertex',(376.,97.082039325,-70.5342302751)) ;
#2378=CARTESIAN_POINT('Axis2P3D Location',(376.,88.9918693812,-64.6563777522)) ;
#2388=CARTESIAN_POINT('Axis2P3D Location',(376.,88.9918693812,64.6563777522)) ;
#2392=CARTESIAN_POINT('Vertex',(376.,80.9016994375,58.7785252292)) ;
#2394=CARTESIAN_POINT('Vertex',(376.,97.082039325,70.5342302751)) ;
#2397=CARTESIAN_POINT('Axis2P3D Location',(376.,88.9918693812,64.6563777522)) ;
#2407=CARTESIAN_POINT('Axis2P3D Location',(376.,-33.9918693812,104.616216792)) ;
#2411=CARTESIAN_POINT('Vertex',(376.,-30.9016994375,95.1056516295)) ;
#2413=CARTESIAN_POINT('Vertex',(376.,-37.082039325,114.126781955)) ;
#2416=CARTESIAN_POINT('Axis2P3D Location',(376.,-33.9918693812,104.616216792)) ;
#2427=CARTESIAN_POINT('Control Point',(-91.4647265796,30.7007386882,-79.262)) ;
#2428=CARTESIAN_POINT('Control Point',(-94.3169355271,27.0343237721,-80.6821211963)) ;
#2429=CARTESIAN_POINT('Control Point',(-96.7376734902,22.9881547016,-81.9904927252)) ;
#2430=CARTESIAN_POINT('Control Point',(-98.6570710735,18.6043277479,-83.070271273)) ;
#2431=CARTESIAN_POINT('Control Point',(-100.,14.,-83.8391316749)) ;
#2434=CARTESIAN_POINT('Control Point',(-12.5352734204,30.7007386882,-79.262)) ;
#2435=CARTESIAN_POINT('Control Point',(-8.57969704336,25.6159835046,-81.2314903003)) ;
#2436=CARTESIAN_POINT('Control Point',(-5.40576270257,19.8481128438,-82.9967480019)) ;
#2437=CARTESIAN_POINT('Control Point',(-3.13459581856,13.4777880832,-84.3323841514)) ;
#2438=CARTESIAN_POINT('Control Point',(-2.,6.73648363728,-85.)) ;
#2439=CARTESIAN_POINT('Control Point',(-2.,-1.38372828337E-014,-85.)) ;
#2440=CARTESIAN_POINT('Vertex',(-2.,0.,-85.)) ;
#2444=CARTESIAN_POINT('Control Point',(-12.5352734204,-30.7007386882,-79.262)) ;
#2445=CARTESIAN_POINT('Control Point',(-8.57969704311,-25.6159835042,-81.2314903005)) ;
#2446=CARTESIAN_POINT('Control Point',(-5.4057627035,-19.8481128451,-82.9967480015)) ;
#2447=CARTESIAN_POINT('Control Point',(-3.13459581831,-13.4777880833,-84.3323841515)) ;
#2448=CARTESIAN_POINT('Control Point',(-2.,-6.73648363771,-85.)) ;
#2449=CARTESIAN_POINT('Control Point',(-2.,-8.56387001732E-014,-85.)) ;
#2452=CARTESIAN_POINT('Control Point',(-91.4647265796,-30.7007386882,-79.262)) ;
#2453=CARTESIAN_POINT('Control Point',(-94.316935527,-27.0343237721,-80.6821211963)) ;
#2454=CARTESIAN_POINT('Control Point',(-96.7376734901,-22.9881547018,-81.9904927251)) ;
#2455=CARTESIAN_POINT('Control Point',(-98.6570710735,-18.6043277479,-83.070271273)) ;
#2456=CARTESIAN_POINT('Control Point',(-100.,-14.,-83.8391316749)) ;
#2472=CARTESIAN_POINT('Axis2P3D Location',(-122.,0.,0.)) ;
#2477=CARTESIAN_POINT('Axis2P3D Location',(-122.,0.,0.)) ;
#2481=CARTESIAN_POINT('Vertex',(-122.,-105.,0.)) ;
#2483=CARTESIAN_POINT('Vertex',(-122.,105.,1.28583667151E-014)) ;
#2486=CARTESIAN_POINT('Axis2P3D Location',(-122.,0.,0.)) ;
#2491=CARTESIAN_POINT('Axis2P3D Location',(-122.,0.,0.)) ;
#2503=CARTESIAN_POINT('Control Point',(318.360679775,44.72135955,-95.)) ;
#2504=CARTESIAN_POINT('Control Point',(323.55611751,42.1236406824,-96.2228791525)) ;
#2505=CARTESIAN_POINT('Control Point',(328.329840381,38.7936977171,-97.6819855284)) ;
#2506=CARTESIAN_POINT('Control Point',(332.571331428,34.8244116556,-99.2179535579)) ;
#2507=CARTESIAN_POINT('Control Point',(339.484871584,26.1891568562,-101.979984712)) ;
#2508=CARTESIAN_POINT('Control Point',(343.855907851,15.8752842292,-103.978669958)) ;
#2509=CARTESIAN_POINT('Control Point',(345.285761979,10.6900922638,-104.659886657)) ;
#2510=CARTESIAN_POINT('Control Point',(346.,5.3450463844,-105.)) ;
#2511=CARTESIAN_POINT('Control Point',(346.,7.63833440942E-014,-105.)) ;
#2512=CARTESIAN_POINT('Vertex',(318.360679775,44.72135955,-95.)) ;
#2514=CARTESIAN_POINT('Vertex',(346.,0.,-105.)) ;
#2518=CARTESIAN_POINT('Control Point',(346.,-1.59872115546E-014,-105.)) ;
#2519=CARTESIAN_POINT('Control Point',(346.,-5.85161111483,-105.)) ;
#2520=CARTESIAN_POINT('Control Point',(345.143966184,-11.7032216243,-104.59236485)) ;
#2521=CARTESIAN_POINT('Control Point',(343.43035852,-17.3430974274,-103.775924707)) ;
#2522=CARTESIAN_POINT('Control Point',(339.443845936,-25.8425250458,-101.968881169)) ;
#2523=CARTESIAN_POINT('Control Point',(333.730187082,-33.0900334103,-99.7102914848)) ;
#2524=CARTESIAN_POINT('Control Point',(331.318131726,-35.6519955479,-98.8122247886)) ;
#2525=CARTESIAN_POINT('Control Point',(324.786588599,-41.4770024407,-96.5712155225)) ;
#2526=CARTESIAN_POINT('Control Point',(317.072787913,-45.8021286633,-94.5384389842)) ;
#2527=CARTESIAN_POINT('Control Point',(312.096112016,-47.7948739844,-93.5102362373)) ;
#2528=CARTESIAN_POINT('Control Point',(301.968356367,-50.3223675973,-92.1640602947)) ;
#2529=CARTESIAN_POINT('Control Point',(291.460431345,-50.1778248699,-92.2307301152)) ;
#2530=CARTESIAN_POINT('Control Point',(286.438434052,-49.4593814922,-92.6323391807)) ;
#2531=CARTESIAN_POINT('Control Point',(278.978880954,-47.417778508,-93.7233572915)) ;
#2532=CARTESIAN_POINT('Control Point',(272.155925115,-44.0699720663,-95.3182975948)) ;
#2533=CARTESIAN_POINT('Control Point',(269.844213419,-42.737203721,-95.9279954751)) ;
#2534=CARTESIAN_POINT('Control Point',(264.512541581,-39.1736379107,-97.4753031133)) ;
#2535=CARTESIAN_POINT('Control Point',(259.821724164,-34.8155455785,-99.1193653595)) ;
#2536=CARTESIAN_POINT('Control Point',(257.317900966,-32.0129047175,-100.072846814)) ;
#2537=CARTESIAN_POINT('Control Point',(251.91774421,-24.6907734221,-102.25453407)) ;
#2538=CARTESIAN_POINT('Control Point',(248.237068882,-16.2083975013,-103.934371847)) ;
#2539=CARTESIAN_POINT('Control Point',(246.745200308,-10.9193423677,-104.645142711)) ;
#2540=CARTESIAN_POINT('Control Point',(246.,-5.4596714473,-105.)) ;
#2541=CARTESIAN_POINT('Control Point',(246.,-1.95399252334E-014,-105.)) ;
#2542=CARTESIAN_POINT('Vertex',(246.,-6.12303176911E-015,-105.)) ;
#2546=CARTESIAN_POINT('Control Point',(273.639320225,44.72135955,-95.)) ;
#2547=CARTESIAN_POINT('Control Point',(268.443882491,42.1236406831,-96.2228791522)) ;
#2548=CARTESIAN_POINT('Control Point',(263.670159623,38.7936977186,-97.6819855278)) ;
#2549=CARTESIAN_POINT('Control Point',(259.428668576,34.8244116587,-99.2179535567)) ;
#2550=CARTESIAN_POINT('Control Point',(252.515128419,26.1891568605,-101.979984711)) ;
#2551=CARTESIAN_POINT('Control Point',(248.14409215,15.8752842346,-103.978669957)) ;
#2552=CARTESIAN_POINT('Control Point',(246.714238022,10.6900922664,-104.659886656)) ;
#2553=CARTESIAN_POINT('Control Point',(246.,5.3450463857,-105.)) ;
#2554=CARTESIAN_POINT('Control Point',(246.,-2.13162820728E-014,-105.)) ;
#2555=CARTESIAN_POINT('Vertex',(273.639320225,44.72135955,-95.)) ;
#2558=CARTESIAN_POINT('Line Origine',(301.,44.72135955,-95.)) ;
#2562=CARTESIAN_POINT('Vertex',(231.,44.72135955,-95.)) ;
#2565=CARTESIAN_POINT('Axis2P3D Location',(231.,0.,0.)) ;
#2569=CARTESIAN_POINT('Vertex',(231.,-105.,1.28583667151E-014)) ;
#2572=CARTESIAN_POINT('Line Origine',(301.,-105.,-8.04003673534E-014)) ;
#2576=CARTESIAN_POINT('Vertex',(371.,-105.,1.28583667151E-014)) ;
#2579=CARTESIAN_POINT('Axis2P3D Location',(371.,0.,0.)) ;
#2583=CARTESIAN_POINT('Vertex',(371.,44.72135955,-95.)) ;
#2586=CARTESIAN_POINT('Line Origine',(301.,44.72135955,-95.)) ;
#2602=CARTESIAN_POINT('Line Origine',(301.,44.72135955,95.)) ;
#2606=CARTESIAN_POINT('Vertex',(231.,44.72135955,95.)) ;
#2608=CARTESIAN_POINT('Vertex',(371.,44.72135955,95.)) ;
#2611=CARTESIAN_POINT('Axis2P3D Location',(371.,0.,0.)) ;
#2616=CARTESIAN_POINT('Axis2P3D Location',(231.,0.,0.)) ;
#2628=CARTESIAN_POINT('Axis2P3D Location',(38.,0.,0.)) ;
#2642=CARTESIAN_POINT('Axis2P3D Location',(386.,0.,5.00960731506)) ;
#2647=CARTESIAN_POINT('Line Origine',(386.,85.,5.00960731506)) ;
#2651=CARTESIAN_POINT('Vertex',(401.,85.,5.00960731506)) ;
#2653=CARTESIAN_POINT('Vertex',(371.,85.,5.00960731506)) ;
#2656=CARTESIAN_POINT('Axis2P3D Location',(401.,0.,5.00960731506)) ;
#2660=CARTESIAN_POINT('Vertex',(401.,-85.,5.00960731506)) ;
#2663=CARTESIAN_POINT('Line Origine',(386.,-85.,5.00960731506)) ;
#2667=CARTESIAN_POINT('Vertex',(371.,-85.,5.00960731506)) ;
#2670=CARTESIAN_POINT('Axis2P3D Location',(371.,0.,5.00960731506)) ;
#2682=CARTESIAN_POINT('Axis2P3D Location',(401.,0.,5.00960731506)) ;
#2687=CARTESIAN_POINT('Axis2P3D Location',(371.,0.,5.00960731506)) ;
#2699=CARTESIAN_POINT('Axis2P3D Location',(388.5,-110.,0.)) ;
#2704=CARTESIAN_POINT('Line Origine',(388.5,-120.,1.22460635382E-015)) ;
#2708=CARTESIAN_POINT('Vertex',(401.,-120.,1.22460635382E-015)) ;
#2711=CARTESIAN_POINT('Axis2P3D Location',(401.,-110.,0.)) ;
#2715=CARTESIAN_POINT('Vertex',(401.,-100.,0.)) ;
#2718=CARTESIAN_POINT('Line Origine',(388.5,-100.,-2.44921270764E-015)) ;
#2730=CARTESIAN_POINT('Axis2P3D Location',(401.,-110.,0.)) ;
#2742=CARTESIAN_POINT('Axis2P3D Location',(388.5,-33.9918693812,-104.616216792)) ;
#2747=CARTESIAN_POINT('Line Origine',(388.5,-37.082039325,-114.126781955)) ;
#2751=CARTESIAN_POINT('Vertex',(401.,-37.082039325,-114.126781955)) ;
#2754=CARTESIAN_POINT('Axis2P3D Location',(401.,-33.9918693812,-104.616216792)) ;
#2758=CARTESIAN_POINT('Vertex',(401.,-30.9016994375,-95.1056516295)) ;
#2761=CARTESIAN_POINT('Line Origine',(388.5,-30.9016994375,-95.1056516295)) ;
#2773=CARTESIAN_POINT('Axis2P3D Location',(401.,-33.9918693812,-104.616216792)) ;
#2785=CARTESIAN_POINT('Axis2P3D Location',(388.5,88.9918693812,-64.6563777522)) ;
#2790=CARTESIAN_POINT('Line Origine',(388.5,97.082039325,-70.5342302751)) ;
#2794=CARTESIAN_POINT('Vertex',(401.,97.082039325,-70.5342302751)) ;
#2797=CARTESIAN_POINT('Axis2P3D Location',(401.,88.9918693812,-64.6563777522)) ;
#2801=CARTESIAN_POINT('Vertex',(401.,80.9016994375,-58.7785252292)) ;
#2804=CARTESIAN_POINT('Line Origine',(388.5,80.9016994375,-58.7785252292)) ;
#2816=CARTESIAN_POINT('Axis2P3D Location',(401.,88.9918693812,-64.6563777522)) ;
#2828=CARTESIAN_POINT('Axis2P3D Location',(388.5,88.9918693812,64.6563777522)) ;
#2833=CARTESIAN_POINT('Line Origine',(388.5,97.082039325,70.5342302751)) ;
#2837=CARTESIAN_POINT('Vertex',(401.,97.082039325,70.5342302751)) ;
#2840=CARTESIAN_POINT('Axis2P3D Location',(401.,88.9918693812,64.6563777522)) ;
#2844=CARTESIAN_POINT('Vertex',(401.,80.9016994375,58.7785252292)) ;
#2847=CARTESIAN_POINT('Line Origine',(388.5,80.9016994375,58.7785252292)) ;
#2859=CARTESIAN_POINT('Axis2P3D Location',(401.,88.9918693812,64.6563777522)) ;
#2871=CARTESIAN_POINT('Axis2P3D Location',(388.5,-33.9918693812,104.616216792)) ;
#2876=CARTESIAN_POINT('Line Origine',(388.5,-37.082039325,114.126781955)) ;
#2880=CARTESIAN_POINT('Vertex',(401.,-37.082039325,114.126781955)) ;
#2883=CARTESIAN_POINT('Axis2P3D Location',(401.,-33.9918693812,104.616216792)) ;
#2887=CARTESIAN_POINT('Vertex',(401.,-30.9016994375,95.1056516295)) ;
#2890=CARTESIAN_POINT('Line Origine',(388.5,-30.9016994375,95.1056516295)) ;
#2902=CARTESIAN_POINT('Axis2P3D Location',(401.,-33.9918693812,104.616216792)) ;
#2914=CARTESIAN_POINT('Axis2P3D Location',(122.,-74.3399999965,0.)) ;
#2919=CARTESIAN_POINT('Line Origine',(72.,-186.14411539,6.12303176911E-015)) ;
#2924=CARTESIAN_POINT('Line Origine',(172.,-186.14411539,-1.22460635382E-014)) ;
#2943=CARTESIAN_POINT('Axis2P3D Location',(296.,0.,-39.3399999971)) ;
#2948=CARTESIAN_POINT('Axis2P3D Location',(296.,0.,-95.)) ;
#2953=CARTESIAN_POINT('Line Origine',(246.,-6.12303176911E-015,-156.14411539)) ;
#2958=CARTESIAN_POINT('Line Origine',(346.,1.22460635382E-014,-156.14411539)) ;
#2979=CARTESIAN_POINT('Axis2P3D Location',(-52.,0.,-154.020999998)) ;
#2984=CARTESIAN_POINT('Line Origine',(-102.,-6.12303176911E-015,-154.631)) ;
#2989=CARTESIAN_POINT('Line Origine',(-2.,1.22460635382E-014,-154.631)) ;
#3016=CARTESIAN_POINT('Axis2P3D Location',(206.437476869,-74.3399999965,48.75)) ;
#3021=CARTESIAN_POINT('Line Origine',(211.687476869,-265.,39.6567332603)) ;
#3026=CARTESIAN_POINT('Line Origine',(201.187476869,-265.,57.8432667397)) ;
#3045=CARTESIAN_POINT('Axis2P3D Location',(206.437476869,-74.3399999965,-48.75)) ;
#3050=CARTESIAN_POINT('Line Origine',(201.187476869,-265.,-57.8432667397)) ;
#3055=CARTESIAN_POINT('Line Origine',(211.687476869,-265.,-39.6567332603)) ;
#3074=CARTESIAN_POINT('Axis2P3D Location',(122.,-74.3399999965,-97.5)) ;
#3079=CARTESIAN_POINT('Line Origine',(111.5,-265.,-97.5)) ;
#3084=CARTESIAN_POINT('Line Origine',(132.5,-265.,-97.5)) ;
#3103=CARTESIAN_POINT('Axis2P3D Location',(37.562523131,-74.3399999965,-48.75)) ;
#3108=CARTESIAN_POINT('Line Origine',(32.312523131,-265.,-39.6567332603)) ;
#3113=CARTESIAN_POINT('Line Origine',(42.812523131,-265.,-57.8432667397)) ;
#3132=CARTESIAN_POINT('Axis2P3D Location',(37.562523131,-74.3399999965,48.75)) ;
#3137=CARTESIAN_POINT('Line Origine',(42.812523131,-265.,57.8432667397)) ;
#3142=CARTESIAN_POINT('Line Origine',(32.312523131,-265.,39.6567332603)) ;
#3161=CARTESIAN_POINT('Axis2P3D Location',(122.,-74.3399999965,97.5)) ;
#3166=CARTESIAN_POINT('Line Origine',(111.5,-265.,97.5)) ;
#3171=CARTESIAN_POINT('Line Origine',(132.5,-265.,97.5)) ;
#3190=CARTESIAN_POINT('Axis2P3D Location',(380.437476869,-48.75,-39.3399999971)) ;
#3195=CARTESIAN_POINT('Line Origine',(385.687476869,-39.6567332603,-205.)) ;
#3200=CARTESIAN_POINT('Line Origine',(375.187476869,-57.8432667397,-205.)) ;
#3219=CARTESIAN_POINT('Axis2P3D Location',(380.437476869,48.75,-39.3399999971)) ;
#3224=CARTESIAN_POINT('Line Origine',(375.187476869,57.8432667397,-205.)) ;
#3229=CARTESIAN_POINT('Line Origine',(385.687476869,39.6567332603,-205.)) ;
#3248=CARTESIAN_POINT('Axis2P3D Location',(296.,97.5,-39.3399999971)) ;
#3253=CARTESIAN_POINT('Line Origine',(285.5,97.5,-205.)) ;
#3258=CARTESIAN_POINT('Line Origine',(306.5,97.5,-205.)) ;
#3277=CARTESIAN_POINT('Axis2P3D Location',(211.562523131,48.75,-39.3399999971)) ;
#3282=CARTESIAN_POINT('Line Origine',(206.312523131,39.6567332603,-205.)) ;
#3287=CARTESIAN_POINT('Line Origine',(216.812523131,57.8432667397,-205.)) ;
#3306=CARTESIAN_POINT('Axis2P3D Location',(296.,-97.5,-39.3399999971)) ;
#3311=CARTESIAN_POINT('Line Origine',(285.5,-97.5,-205.)) ;
#3316=CARTESIAN_POINT('Line Origine',(306.5,-97.5,-205.)) ;
#3335=CARTESIAN_POINT('Axis2P3D Location',(211.562523131,-48.75,-39.3399999971)) ;
#3340=CARTESIAN_POINT('Line Origine',(216.812523131,-57.8432667397,-205.)) ;
#3345=CARTESIAN_POINT('Line Origine',(206.312523131,-39.6567332603,-205.)) ;
#3364=CARTESIAN_POINT('Axis2P3D Location',(-52.,0.,-215.)) ;
#3369=CARTESIAN_POINT('Line Origine',(-182.,-1.59198825997E-014,-215.)) ;
#3374=CARTESIAN_POINT('Line Origine',(78.,3.18397651994E-014,-215.)) ;
#3393=CARTESIAN_POINT('Axis2P3D Location',(296.,0.,-120.)) ;
#3405=CARTESIAN_POINT('Axis2P3D Location',(52.,-250.,8.11245346069)) ;
#3417=CARTESIAN_POINT('Axis2P3D Location',(2.,-250.,-8.11245346069)) ;
#3443=CARTESIAN_POINT('Axis2P3D Location',(-61.,0.,0.)) ;
#3448=CARTESIAN_POINT('Line Origine',(-61.3992333325,105.,-8.04003673534E-014)) ;
#3460=CARTESIAN_POINT('Line Origine',(-61.3992333325,-105.,0.)) ;
#3473=CARTESIAN_POINT('Control Point',(-122.,1.7763568394E-014,-105.)) ;
#3474=CARTESIAN_POINT('Control Point',(-122.,-7.50631069523,-105.)) ;
#3475=CARTESIAN_POINT('Control Point',(-120.993844638,-15.0126208821,-104.329229759)) ;
#3476=CARTESIAN_POINT('Control Point',(-118.979158009,-22.2474386979,-102.986189555)) ;
#3477=CARTESIAN_POINT('Control Point',(-114.77342263,-32.1555503215,-100.262861082)) ;
#3478=CARTESIAN_POINT('Control Point',(-108.975542637,-40.8694875123,-96.7871962805)) ;
#3479=CARTESIAN_POINT('Control Point',(-106.981533594,-43.5121051604,-95.6222016722)) ;
#3480=CARTESIAN_POINT('Control Point',(-100.772263088,-50.8107410672,-92.1103440016)) ;
#3481=CARTESIAN_POINT('Control Point',(-93.4398323952,-56.932040135,-88.4003799919)) ;
#3482=CARTESIAN_POINT('Control Point',(-88.1962022697,-60.4133490363,-86.0062404982)) ;
#3483=CARTESIAN_POINT('Control Point',(-80.0719434505,-64.5805971802,-82.8556943229)) ;
#3484=CARTESIAN_POINT('Control Point',(-71.2021019158,-67.4030944333,-80.5200027122)) ;
#3485=CARTESIAN_POINT('Control Point',(-68.4608891467,-68.1264079159,-79.9048630531)) ;
#3486=CARTESIAN_POINT('Control Point',(-62.920843453,-69.2889606053,-78.8981895504)) ;
#3487=CARTESIAN_POINT('Control Point',(-57.2287105518,-69.8911185099,-78.3603957708)) ;
#3488=CARTESIAN_POINT('Control Point',(-54.3848466288,-70.046436217,-78.2204829266)) ;
#3489=CARTESIAN_POINT('Control Point',(-48.8986510749,-70.0650203123,-78.2048863044)) ;
#3490=CARTESIAN_POINT('Control Point',(-43.4575820986,-69.5510647032,-78.662743876)) ;
#3491=CARTESIAN_POINT('Control Point',(-40.8677741169,-69.1827219825,-78.9889395841)) ;
#3492=CARTESIAN_POINT('Control Point',(-35.5146123507,-68.1656759044,-79.8757312496)) ;
#3493=CARTESIAN_POINT('Control Point',(-30.3544107807,-66.6577274573,-81.1385520267)) ;
#3494=CARTESIAN_POINT('Control Point',(-27.7190815801,-65.7416264512,-81.886911088)) ;
#3495=CARTESIAN_POINT('Control Point',(-19.7792951377,-62.5351769649,-84.4218227464)) ;
#3496=CARTESIAN_POINT('Control Point',(-12.5351291297,-58.2296966066,-87.4930296533)) ;
#3497=CARTESIAN_POINT('Control Point',(-7.98160124843,-54.8636017689,-89.6781824503)) ;
#3498=CARTESIAN_POINT('Control Point',(-3.78947471884,-51.0664998918,-91.8656225621)) ;
#3499=CARTESIAN_POINT('Control Point',(-5.51605889466E-015,-46.8614980554,-93.9627585802)) ;
#3517=CARTESIAN_POINT('Axis2P3D Location',(386.,0.,0.)) ;
#3522=CARTESIAN_POINT('Line Origine',(386.,72.1110255093,-120.)) ;
#3526=CARTESIAN_POINT('Vertex',(401.,72.1110255093,-120.)) ;
#3529=CARTESIAN_POINT('Axis2P3D Location',(401.,0.,0.)) ;
#3541=CARTESIAN_POINT('Axis2P3D Location',(231.,0.,0.)) ;
#3546=CARTESIAN_POINT('Line Origine',(231.,84.860679775,-95.)) ;
#3550=CARTESIAN_POINT('Vertex',(231.,125.,-95.)) ;
#3553=CARTESIAN_POINT('Line Origine',(231.,125.,0.)) ;
#3557=CARTESIAN_POINT('Vertex',(231.,125.,95.)) ;
#3560=CARTESIAN_POINT('Line Origine',(231.,84.860679775,95.)) ;
#3577=CARTESIAN_POINT('Axis2P3D Location',(231.,125.,-95.)) ;
#3582=CARTESIAN_POINT('Line Origine',(371.,84.860679775,-95.)) ;
#3586=CARTESIAN_POINT('Vertex',(371.,125.,-95.)) ;
#3589=CARTESIAN_POINT('Line Origine',(301.,125.,-95.)) ;
#3603=CARTESIAN_POINT('Line Origine',(371.,84.860679775,95.)) ;
#3607=CARTESIAN_POINT('Vertex',(371.,125.,95.)) ;
#3610=CARTESIAN_POINT('Line Origine',(371.,125.,0.)) ;
#3627=CARTESIAN_POINT('Axis2P3D Location',(371.,125.,95.)) ;
#3632=CARTESIAN_POINT('Line Origine',(301.,125.,95.)) ;
#3644=CARTESIAN_POINT('Axis2P3D Location',(53.,125.,-80.)) ;
#3649=CARTESIAN_POINT('Line Origine',(53.,84.860679775,-95.)) ;
#3653=CARTESIAN_POINT('Vertex',(53.,125.,-95.)) ;
#3656=CARTESIAN_POINT('Line Origine',(53.,125.,0.)) ;
#3660=CARTESIAN_POINT('Vertex',(53.,125.,95.)) ;
#3663=CARTESIAN_POINT('Line Origine',(53.,84.860679775,95.)) ;
#3678=CARTESIAN_POINT('Line Origine',(193.,84.860679775,-95.)) ;
#3682=CARTESIAN_POINT('Vertex',(193.,125.,-95.)) ;
#3685=CARTESIAN_POINT('Line Origine',(123.,125.,-95.)) ;
#3697=CARTESIAN_POINT('Axis2P3D Location',(193.,0.,0.)) ;
#3702=CARTESIAN_POINT('Line Origine',(193.,84.860679775,95.)) ;
#3706=CARTESIAN_POINT('Vertex',(193.,125.,95.)) ;
#3709=CARTESIAN_POINT('Line Origine',(193.,125.,0.)) ;
#3726=CARTESIAN_POINT('Line Origine',(123.,125.,95.)) ;
#3738=CARTESIAN_POINT('Axis2P3D Location',(0.,0.,-120.)) ;
#3743=CARTESIAN_POINT('Line Origine',(200.5,125.,-120.)) ;
#3747=CARTESIAN_POINT('Vertex',(401.,125.,-120.)) ;
#3750=CARTESIAN_POINT('Line Origine',(401.,98.5555127546,-120.)) ;
#3767=CARTESIAN_POINT('Axis2P3D Location',(401.,0.,0.)) ;
#3772=CARTESIAN_POINT('Line Origine',(401.,125.,2.84217094304E-014)) ;
#3808=CARTESIAN_POINT('Axis2P3D Location',(0.,125.,120.)) ;
#3819=CARTESIAN_POINT('Axis2P3D Location',(111.695,125.,-103.75)) ;
#3823=CARTESIAN_POINT('Vertex',(107.260575315,125.,-106.172537247)) ;
#3825=CARTESIAN_POINT('Vertex',(116.129424685,125.,-101.327462753)) ;
#3828=CARTESIAN_POINT('Axis2P3D Location',(111.695,125.,-103.75)) ;
#3837=CARTESIAN_POINT('Axis2P3D Location',(19.,125.,-103.75)) ;
#3841=CARTESIAN_POINT('Vertex',(14.5655753148,125.,-106.172537247)) ;
#3843=CARTESIAN_POINT('Vertex',(23.4344246852,125.,-101.327462753)) ;
#3846=CARTESIAN_POINT('Axis2P3D Location',(19.,125.,-103.75)) ;
#3867=CARTESIAN_POINT('Axis2P3D Location',(204.39,125.,-103.75)) ;
#3871=CARTESIAN_POINT('Vertex',(199.955575315,125.,-106.172537247)) ;
#3873=CARTESIAN_POINT('Vertex',(208.824424685,125.,-101.327462753)) ;
#3876=CARTESIAN_POINT('Axis2P3D Location',(204.39,125.,-103.75)) ;
#3885=CARTESIAN_POINT('Axis2P3D Location',(297.085,125.,-103.75)) ;
#3889=CARTESIAN_POINT('Vertex',(292.650575315,125.,-106.172537247)) ;
#3891=CARTESIAN_POINT('Vertex',(301.519424685,125.,-101.327462753)) ;
#3894=CARTESIAN_POINT('Axis2P3D Location',(297.085,125.,-103.75)) ;
#3903=CARTESIAN_POINT('Axis2P3D Location',(389.78,125.,-103.75)) ;
#3907=CARTESIAN_POINT('Vertex',(385.345575315,125.,-106.172537247)) ;
#3909=CARTESIAN_POINT('Vertex',(394.214424685,125.,-101.327462753)) ;
#3912=CARTESIAN_POINT('Axis2P3D Location',(389.78,125.,-103.75)) ;
#3921=CARTESIAN_POINT('Axis2P3D Location',(19.,125.,2.75)) ;
#3925=CARTESIAN_POINT('Vertex',(14.5655753148,125.,0.327462753433)) ;
#3927=CARTESIAN_POINT('Vertex',(23.4344246852,125.,5.17253724657)) ;
#3930=CARTESIAN_POINT('Axis2P3D Location',(19.,125.,2.75)) ;
#3939=CARTESIAN_POINT('Axis2P3D Location',(204.39,125.,2.75)) ;
#3943=CARTESIAN_POINT('Vertex',(199.955575315,125.,0.327462753433)) ;
#3945=CARTESIAN_POINT('Vertex',(208.824424685,125.,5.17253724657)) ;
#3948=CARTESIAN_POINT('Axis2P3D Location',(204.39,125.,2.75)) ;
#3957=CARTESIAN_POINT('Axis2P3D Location',(389.78,125.,2.75)) ;
#3961=CARTESIAN_POINT('Vertex',(385.345575315,125.,0.327462753433)) ;
#3963=CARTESIAN_POINT('Vertex',(394.214424685,125.,5.17253724657)) ;
#3966=CARTESIAN_POINT('Axis2P3D Location',(389.78,125.,2.75)) ;
#3975=CARTESIAN_POINT('Axis2P3D Location',(19.,125.,109.25)) ;
#3979=CARTESIAN_POINT('Vertex',(14.5655753148,125.,106.827462753)) ;
#3981=CARTESIAN_POINT('Vertex',(23.4344246852,125.,111.672537247)) ;
#3984=CARTESIAN_POINT('Axis2P3D Location',(19.,125.,109.25)) ;
#3993=CARTESIAN_POINT('Axis2P3D Location',(111.695,125.,109.25)) ;
#3997=CARTESIAN_POINT('Vertex',(107.260575315,125.,106.827462753)) ;
#3999=CARTESIAN_POINT('Vertex',(116.129424685,125.,111.672537247)) ;
#4002=CARTESIAN_POINT('Axis2P3D Location',(111.695,125.,109.25)) ;
#4011=CARTESIAN_POINT('Axis2P3D Location',(204.39,125.,109.25)) ;
#4015=CARTESIAN_POINT('Vertex',(199.955575315,125.,106.827462753)) ;
#4017=CARTESIAN_POINT('Vertex',(208.824424685,125.,111.672537247)) ;
#4020=CARTESIAN_POINT('Axis2P3D Location',(204.39,125.,109.25)) ;
#4029=CARTESIAN_POINT('Axis2P3D Location',(297.085,125.,109.25)) ;
#4033=CARTESIAN_POINT('Vertex',(292.650575315,125.,106.827462753)) ;
#4035=CARTESIAN_POINT('Vertex',(301.519424685,125.,111.672537247)) ;
#4038=CARTESIAN_POINT('Axis2P3D Location',(297.085,125.,109.25)) ;
#4047=CARTESIAN_POINT('Axis2P3D Location',(389.78,125.,109.25)) ;
#4051=CARTESIAN_POINT('Vertex',(385.345575315,125.,106.827462753)) ;
#4053=CARTESIAN_POINT('Vertex',(394.214424685,125.,111.672537247)) ;
#4056=CARTESIAN_POINT('Axis2P3D Location',(389.78,125.,109.25)) ;
#4066=CARTESIAN_POINT('Axis2P3D Location',(19.,124.9,-103.75)) ;
#4071=CARTESIAN_POINT('Line Origine',(14.5655753148,116.,-106.172537247)) ;
#4076=CARTESIAN_POINT('Line Origine',(23.4344246852,116.,-101.327462753)) ;
#4095=CARTESIAN_POINT('Axis2P3D Location',(111.695,107.,-103.75)) ;
#4099=CARTESIAN_POINT('Vertex',(107.260575315,107.,-106.172537247)) ;
#4101=CARTESIAN_POINT('Vertex',(116.129424685,107.,-101.327462753)) ;
#4104=CARTESIAN_POINT('Axis2P3D Location',(111.695,107.,-103.75)) ;
#4114=CARTESIAN_POINT('Axis2P3D Location',(111.695,124.9,-103.75)) ;
#4119=CARTESIAN_POINT('Line Origine',(116.129424685,116.,-101.327462753)) ;
#4124=CARTESIAN_POINT('Line Origine',(107.260575315,116.,-106.172537247)) ;
#4143=CARTESIAN_POINT('Axis2P3D Location',(204.39,107.,-103.75)) ;
#4147=CARTESIAN_POINT('Vertex',(199.955575315,107.,-106.172537247)) ;
#4149=CARTESIAN_POINT('Vertex',(208.824424685,107.,-101.327462753)) ;
#4152=CARTESIAN_POINT('Axis2P3D Location',(204.39,107.,-103.75)) ;
#4162=CARTESIAN_POINT('Axis2P3D Location',(204.39,124.9,-103.75)) ;
#4167=CARTESIAN_POINT('Line Origine',(208.824424685,116.,-101.327462753)) ;
#4172=CARTESIAN_POINT('Line Origine',(199.955575315,116.,-106.172537247)) ;
#4191=CARTESIAN_POINT('Axis2P3D Location',(297.085,107.,-103.75)) ;
#4195=CARTESIAN_POINT('Vertex',(292.650575315,107.,-106.172537247)) ;
#4197=CARTESIAN_POINT('Vertex',(301.519424685,107.,-101.327462753)) ;
#4200=CARTESIAN_POINT('Axis2P3D Location',(297.085,107.,-103.75)) ;
#4210=CARTESIAN_POINT('Axis2P3D Location',(297.085,124.9,-103.75)) ;
#4215=CARTESIAN_POINT('Line Origine',(301.519424685,116.,-101.327462753)) ;
#4220=CARTESIAN_POINT('Line Origine',(292.650575315,116.,-106.172537247)) ;
#4239=CARTESIAN_POINT('Axis2P3D Location',(389.78,107.,-103.75)) ;
#4243=CARTESIAN_POINT('Vertex',(385.345575315,107.,-106.172537247)) ;
#4245=CARTESIAN_POINT('Vertex',(394.214424685,107.,-101.327462753)) ;
#4248=CARTESIAN_POINT('Axis2P3D Location',(389.78,107.,-103.75)) ;
#4258=CARTESIAN_POINT('Axis2P3D Location',(389.78,124.9,-103.75)) ;
#4263=CARTESIAN_POINT('Line Origine',(394.214424685,116.,-101.327462753)) ;
#4268=CARTESIAN_POINT('Line Origine',(385.345575315,116.,-106.172537247)) ;
#4287=CARTESIAN_POINT('Axis2P3D Location',(19.,107.,2.75)) ;
#4291=CARTESIAN_POINT('Vertex',(14.5655753148,107.,0.327462753433)) ;
#4293=CARTESIAN_POINT('Vertex',(23.4344246852,107.,5.17253724657)) ;
#4296=CARTESIAN_POINT('Axis2P3D Location',(19.,107.,2.75)) ;
#4306=CARTESIAN_POINT('Axis2P3D Location',(19.,124.9,2.75)) ;
#4311=CARTESIAN_POINT('Line Origine',(23.4344246852,116.,5.17253724657)) ;
#4316=CARTESIAN_POINT('Line Origine',(14.5655753148,116.,0.327462753433)) ;
#4335=CARTESIAN_POINT('Axis2P3D Location',(204.39,107.,2.75)) ;
#4339=CARTESIAN_POINT('Vertex',(199.955575315,107.,0.327462753433)) ;
#4341=CARTESIAN_POINT('Vertex',(208.824424685,107.,5.17253724657)) ;
#4344=CARTESIAN_POINT('Axis2P3D Location',(204.39,107.,2.75)) ;
#4354=CARTESIAN_POINT('Axis2P3D Location',(204.39,124.9,2.75)) ;
#4359=CARTESIAN_POINT('Line Origine',(208.824424685,116.,5.17253724657)) ;
#4364=CARTESIAN_POINT('Line Origine',(199.955575315,116.,0.327462753433)) ;
#4383=CARTESIAN_POINT('Axis2P3D Location',(389.78,107.,2.75)) ;
#4387=CARTESIAN_POINT('Vertex',(385.345575315,107.,0.327462753433)) ;
#4389=CARTESIAN_POINT('Vertex',(394.214424685,107.,5.17253724657)) ;
#4392=CARTESIAN_POINT('Axis2P3D Location',(389.78,107.,2.75)) ;
#4402=CARTESIAN_POINT('Axis2P3D Location',(389.78,124.9,2.75)) ;
#4407=CARTESIAN_POINT('Line Origine',(394.214424685,116.,5.17253724657)) ;
#4412=CARTESIAN_POINT('Line Origine',(385.345575315,116.,0.327462753433)) ;
#4431=CARTESIAN_POINT('Axis2P3D Location',(19.,107.,109.25)) ;
#4435=CARTESIAN_POINT('Vertex',(14.5655753148,107.,106.827462753)) ;
#4437=CARTESIAN_POINT('Vertex',(23.4344246852,107.,111.672537247)) ;
#4440=CARTESIAN_POINT('Axis2P3D Location',(19.,107.,109.25)) ;
#4450=CARTESIAN_POINT('Axis2P3D Location',(19.,124.9,109.25)) ;
#4455=CARTESIAN_POINT('Line Origine',(23.4344246852,116.,111.672537247)) ;
#4460=CARTESIAN_POINT('Line Origine',(14.5655753148,116.,106.827462753)) ;
#4479=CARTESIAN_POINT('Axis2P3D Location',(111.695,107.,109.25)) ;
#4483=CARTESIAN_POINT('Vertex',(107.260575315,107.,106.827462753)) ;
#4485=CARTESIAN_POINT('Vertex',(116.129424685,107.,111.672537247)) ;
#4488=CARTESIAN_POINT('Axis2P3D Location',(111.695,107.,109.25)) ;
#4498=CARTESIAN_POINT('Axis2P3D Location',(111.695,124.9,109.25)) ;
#4503=CARTESIAN_POINT('Line Origine',(116.129424685,116.,111.672537247)) ;
#4508=CARTESIAN_POINT('Line Origine',(107.260575315,116.,106.827462753)) ;
#4527=CARTESIAN_POINT('Axis2P3D Location',(204.39,107.,109.25)) ;
#4531=CARTESIAN_POINT('Vertex',(199.955575315,107.,106.827462753)) ;
#4533=CARTESIAN_POINT('Vertex',(208.824424685,107.,111.672537247)) ;
#4536=CARTESIAN_POINT('Axis2P3D Location',(204.39,107.,109.25)) ;
#4546=CARTESIAN_POINT('Axis2P3D Location',(204.39,124.9,109.25)) ;
#4551=CARTESIAN_POINT('Line Origine',(208.824424685,116.,111.672537247)) ;
#4556=CARTESIAN_POINT('Line Origine',(199.955575315,116.,106.827462753)) ;
#4575=CARTESIAN_POINT('Axis2P3D Location',(297.085,107.,109.25)) ;
#4579=CARTESIAN_POINT('Vertex',(292.650575315,107.,106.827462753)) ;
#4581=CARTESIAN_POINT('Vertex',(301.519424685,107.,111.672537247)) ;
#4584=CARTESIAN_POINT('Axis2P3D Location',(297.085,107.,109.25)) ;
#4594=CARTESIAN_POINT('Axis2P3D Location',(297.085,124.9,109.25)) ;
#4599=CARTESIAN_POINT('Line Origine',(301.519424685,116.,111.672537247)) ;
#4604=CARTESIAN_POINT('Line Origine',(292.650575315,116.,106.827462753)) ;
#4623=CARTESIAN_POINT('Axis2P3D Location',(389.78,107.,109.25)) ;
#4627=CARTESIAN_POINT('Vertex',(385.345575315,107.,106.827462753)) ;
#4629=CARTESIAN_POINT('Vertex',(394.214424685,107.,111.672537247)) ;
#4632=CARTESIAN_POINT('Axis2P3D Location',(389.78,107.,109.25)) ;
#4642=CARTESIAN_POINT('Axis2P3D Location',(389.78,124.9,109.25)) ;
#4647=CARTESIAN_POINT('Line Origine',(394.214424685,116.,111.672537247)) ;
#4652=CARTESIAN_POINT('Line Origine',(385.345575315,116.,106.827462753)) ;
#53=DIRECTION('Axis2P3D Direction',(0.,-1.,-0.)) ;
#54=DIRECTION('Axis2P3D XDirection',(1.,0.,0.)) ;
#58=DIRECTION('Axis2P3D Direction',(0.,-1.,-0.)) ;
#67=DIRECTION('Axis2P3D Direction',(0.,-1.,-0.)) ;
#77=DIRECTION('Axis2P3D Direction',(0.,0.,-1.)) ;
#78=DIRECTION('Axis2P3D XDirection',(0.,1.,0.)) ;
#82=DIRECTION('Vector Direction',(0.,-1.,0.)) ;
#91=DIRECTION('Vector Direction',(-1.,0.,0.)) ;
#98=DIRECTION('Vector Direction',(0.,1.,0.)) ;
#105=DIRECTION('Vector Direction',(1.,0.,0.)) ;
#112=DIRECTION('Vector Direction',(0.,1.,0.)) ;
#119=DIRECTION('Vector Direction',(1.,0.,0.)) ;
#133=DIRECTION('Axis2P3D Direction',(1.,0.,0.)) ;
#134=DIRECTION('Axis2P3D XDirection',(0.,1.,0.)) ;
#138=DIRECTION('Vector Direction',(0.,1.23757784273E-012,1.)) ;
#147=DIRECTION('Axis2P3D Direction',(1.,0.,0.)) ;
#154=DIRECTION('Axis2P3D Direction',(1.,0.,0.)) ;
#161=DIRECTION('Axis2P3D Direction',(1.,0.,0.)) ;
#168=DIRECTION('Vector Direction',(0.,2.72226933157E-012,1.)) ;
#175=DIRECTION('Axis2P3D Direction',(1.,0.,0.)) ;
#180=DIRECTION('Vector Direction',(0.,0.,-1.)) ;
#187=DIRECTION('Vector Direction',(0.,1.,0.)) ;
#204=DIRECTION('Axis2P3D Direction',(1.,0.,0.)) ;
#205=DIRECTION('Axis2P3D XDirection',(0.,2.83274922616E-016,1.)) ;
#209=DIRECTION('Vector Direction',(1.,0.,0.)) ;
#252=DIRECTION('Vector Direction',(1.,0.,0.)) ;
#259=DIRECTION('Axis2P3D Direction',(1.,0.,0.)) ;
#284=DIRECTION('Axis2P3D Direction',(1.,0.,0.)) ;
#293=DIRECTION('Vector Direction',(1.,0.,0.)) ;
#300=DIRECTION('Axis2P3D Direction',(1.,0.,0.)) ;
#307=DIRECTION('Vector Direction',(1.,0.,0.)) ;
#314=DIRECTION('Axis2P3D Direction',(1.,0.,0.)) ;
#396=DIRECTION('Axis2P3D Direction',(1.,0.,0.)) ;
#403=DIRECTION('Vector Direction',(1.,0.,0.)) ;
#410=DIRECTION('Axis2P3D Direction',(1.,0.,0.)) ;
#417=DIRECTION('Vector Direction',(1.,0.,0.)) ;
#424=DIRECTION('Axis2P3D Direction',(1.,0.,0.)) ;
#437=DIRECTION('Axis2P3D Direction',(1.,0.,0.)) ;
#438=DIRECTION('Axis2P3D XDirection',(0.,1.,0.)) ;
#442=DIRECTION('Vector Direction',(0.,1.,0.)) ;
#449=DIRECTION('Axis2P3D Direction',(1.,0.,0.)) ;
#461=DIRECTION('Axis2P3D Direction',(0.,-0.,1.)) ;
#462=DIRECTION('Axis2P3D XDirection',(-1.,3.14160953111E-012,0.)) ;
#466=DIRECTION('Vector Direction',(0.,0.,1.)) ;
#473=DIRECTION('Axis2P3D Direction',(0.,-0.,1.)) ;
#480=DIRECTION('Vector Direction',(0.,0.,1.)) ;
#516=DIRECTION('Axis2P3D Direction',(0.,-0.,1.)) ;
#530=DIRECTION('Axis2P3D Direction',(0.,0.,1.)) ;
#531=DIRECTION('Axis2P3D XDirection',(1.,0.,0.)) ;
#535=DIRECTION('Vector Direction',(0.,0.,1.)) ;
#542=DIRECTION('Axis2P3D Direction',(0.,0.,1.)) ;
#549=DIRECTION('Vector Direction',(0.,0.,1.)) ;
#561=DIRECTION('Axis2P3D Direction',(-1.,0.,0.)) ;
#562=DIRECTION('Axis2P3D XDirection',(0.,0.,1.)) ;
#566=DIRECTION('Vector Direction',(0.,0.,1.)) ;
#575=DIRECTION('Vector Direction',(0.,1.,0.)) ;
#580=DIRECTION('Vector Direction',(0.,1.,0.)) ;
#592=DIRECTION('Axis2P3D Direction',(1.,0.,-0.)) ;
#593=DIRECTION('Axis2P3D XDirection',(-0.,0.,-1.)) ;
#597=DIRECTION('Vector Direction',(0.,1.,0.)) ;
#604=DIRECTION('Vector Direction',(0.,0.,-1.)) ;
#611=DIRECTION('Vector Direction',(0.,1.,0.)) ;
#623=DIRECTION('Vector Direction',(0.,1.,0.)) ;
#630=DIRECTION('Vector Direction',(0.,0.,1.)) ;
#642=DIRECTION('Axis2P3D Direction',(0.,1.,0.)) ;
#643=DIRECTION('Axis2P3D XDirection',(-1.,0.,0.)) ;
#647=DIRECTION('Axis2P3D Direction',(0.,1.,0.)) ;
#654=DIRECTION('Vector Direction',(0.,1.,0.)) ;
#666=DIRECTION('Axis2P3D Direction',(0.,1.,0.)) ;
#678=DIRECTION('Axis2P3D Direction',(1.,0.,-0.)) ;
#679=DIRECTION('Axis2P3D XDirection',(-0.,0.,-1.)) ;
#683=DIRECTION('Vector Direction',(0.,0.,-1.)) ;
#690=DIRECTION('Vector Direction',(0.,1.,0.)) ;
#702=DIRECTION('Axis2P3D Direction',(-1.,0.,0.)) ;
#703=DIRECTION('Axis2P3D XDirection',(0.,0.,1.)) ;
#707=DIRECTION('Vector Direction',(0.,1.,0.)) ;
#714=DIRECTION('Vector Direction',(0.,0.,1.)) ;
#721=DIRECTION('Vector Direction',(0.,1.,0.)) ;
#733=DIRECTION('Vector Direction',(0.,1.,0.)) ;
#740=DIRECTION('Vector Direction',(0.,0.,-1.)) ;
#752=DIRECTION('Axis2P3D Direction',(0.,0.,-1.)) ;
#753=DIRECTION('Axis2P3D XDirection',(1.,0.,0.)) ;
#757=DIRECTION('Axis2P3D Direction',(0.,0.,-1.)) ;
#766=DIRECTION('Axis2P3D Direction',(0.,0.,-1.)) ;
#775=DIRECTION('Axis2P3D Direction',(0.,0.,-1.)) ;
#784=DIRECTION('Axis2P3D Direction',(0.,0.,-1.)) ;
#793=DIRECTION('Axis2P3D Direction',(0.,0.,-1.)) ;
#802=DIRECTION('Axis2P3D Direction',(0.,0.,-1.)) ;
#811=DIRECTION('Axis2P3D Direction',(0.,0.,-1.)) ;
#820=DIRECTION('Axis2P3D Direction',(0.,0.,-1.)) ;
#829=DIRECTION('Axis2P3D Direction',(0.,0.,-1.)) ;
#838=DIRECTION('Axis2P3D Direction',(0.,0.,-1.)) ;
#847=DIRECTION('Axis2P3D Direction',(0.,0.,-1.)) ;
#856=DIRECTION('Axis2P3D Direction',(0.,0.,-1.)) ;
#865=DIRECTION('Axis2P3D Direction',(0.,0.,-1.)) ;
#874=DIRECTION('Axis2P3D Direction',(0.,0.,-1.)) ;
#883=DIRECTION('Axis2P3D Direction',(0.,0.,-1.)) ;
#893=DIRECTION('Axis2P3D Direction',(0.,0.,1.)) ;
#894=DIRECTION('Axis2P3D XDirection',(1.,0.,0.)) ;
#898=DIRECTION('Axis2P3D Direction',(0.,0.,1.)) ;
#907=DIRECTION('Axis2P3D Direction',(0.,0.,1.)) ;
#916=DIRECTION('Axis2P3D Direction',(0.,0.,1.)) ;
#925=DIRECTION('Axis2P3D Direction',(0.,0.,1.)) ;
#934=DIRECTION('Axis2P3D Direction',(0.,0.,1.)) ;
#943=DIRECTION('Axis2P3D Direction',(0.,0.,1.)) ;
#952=DIRECTION('Axis2P3D Direction',(0.,0.,1.)) ;
#961=DIRECTION('Axis2P3D Direction',(0.,0.,1.)) ;
#970=DIRECTION('Axis2P3D Direction',(0.,0.,1.)) ;
#979=DIRECTION('Axis2P3D Direction',(0.,0.,1.)) ;
#988=DIRECTION('Axis2P3D Direction',(0.,0.,1.)) ;
#997=DIRECTION('Axis2P3D Direction',(0.,0.,1.)) ;
#1006=DIRECTION('Axis2P3D Direction',(0.,0.,1.)) ;
#1015=DIRECTION('Axis2P3D Direction',(0.,0.,1.)) ;
#1024=DIRECTION('Axis2P3D Direction',(0.,0.,1.)) ;
#1034=DIRECTION('Axis2P3D Direction',(0.,1.,0.)) ;
#1035=DIRECTION('Axis2P3D XDirection',(-1.,0.,0.)) ;
#1039=DIRECTION('Axis2P3D Direction',(0.,1.,0.)) ;
#1048=DIRECTION('Axis2P3D Direction',(0.,1.,0.)) ;
#1057=DIRECTION('Axis2P3D Direction',(0.,1.,0.)) ;
#1066=DIRECTION('Axis2P3D Direction',(0.,1.,0.)) ;
#1075=DIRECTION('Vector Direction',(1.,0.,0.)) ;
#1080=DIRECTION('Vector Direction',(-1.,0.,0.)) ;
#1096=DIRECTION('Vector Direction',(-1.,0.,0.)) ;
#1101=DIRECTION('Vector Direction',(1.,0.,0.)) ;
#1113=DIRECTION('Axis2P3D Direction',(0.,1.,0.)) ;
#1122=DIRECTION('Axis2P3D Direction',(0.,1.,0.)) ;
#1131=DIRECTION('Axis2P3D Direction',(0.,1.,0.)) ;
#1140=DIRECTION('Axis2P3D Direction',(0.,1.,0.)) ;
#1149=DIRECTION('Axis2P3D Direction',(0.,1.,0.)) ;
#1158=DIRECTION('Axis2P3D Direction',(0.,1.,0.)) ;
#1167=DIRECTION('Axis2P3D Direction',(0.,1.,0.)) ;
#1176=DIRECTION('Axis2P3D Direction',(0.,1.,0.)) ;
#1185=DIRECTION('Axis2P3D Direction',(0.,1.,0.)) ;
#1194=DIRECTION('Axis2P3D Direction',(0.,1.,0.)) ;
#1204=DIRECTION('Axis2P3D Direction',(0.,-0.,-1.)) ;
#1205=DIRECTION('Axis2P3D XDirection',(0.5,-0.866025403784,0.)) ;
#1209=DIRECTION('Vector Direction',(0.,0.,-1.)) ;
#1216=DIRECTION('Axis2P3D Direction',(0.,-0.,-1.)) ;
#1223=DIRECTION('Vector Direction',(0.,0.,-1.)) ;
#1235=DIRECTION('Axis2P3D Direction',(0.,-0.,-1.)) ;
#1247=DIRECTION('Axis2P3D Direction',(-0.,0.,-1.)) ;
#1248=DIRECTION('Axis2P3D XDirection',(-1.,-1.22460635382E-016,0.)) ;
#1252=DIRECTION('Vector Direction',(0.,0.,-1.)) ;
#1259=DIRECTION('Axis2P3D Direction',(-0.,0.,-1.)) ;
#1266=DIRECTION('Vector Direction',(0.,0.,-1.)) ;
#1278=DIRECTION('Axis2P3D Direction',(-0.,0.,-1.)) ;
#1290=DIRECTION('Axis2P3D Direction',(0.,0.,-1.)) ;
#1291=DIRECTION('Axis2P3D XDirection',(-1.,-1.22460635382E-016,0.)) ;
#1295=DIRECTION('Vector Direction',(0.,0.,-1.)) ;
#1302=DIRECTION('Axis2P3D Direction',(0.,0.,-1.)) ;
#1309=DIRECTION('Vector Direction',(0.,0.,-1.)) ;
#1321=DIRECTION('Axis2P3D Direction',(0.,0.,-1.)) ;
#1333=DIRECTION('Axis2P3D Direction',(-0.,0.,-1.)) ;
#1334=DIRECTION('Axis2P3D XDirection',(-0.5,-0.866025403784,0.)) ;
#1338=DIRECTION('Vector Direction',(0.,0.,-1.)) ;
#1345=DIRECTION('Axis2P3D Direction',(-0.,0.,-1.)) ;
#1352=DIRECTION('Vector Direction',(0.,0.,-1.)) ;
#1364=DIRECTION('Axis2P3D Direction',(-0.,0.,-1.)) ;
#1376=DIRECTION('Axis2P3D Direction',(0.,0.,-1.)) ;
#1377=DIRECTION('Axis2P3D XDirection',(-0.5,0.866025403784,0.)) ;
#1381=DIRECTION('Vector Direction',(0.,0.,-1.)) ;
#1388=DIRECTION('Axis2P3D Direction',(0.,0.,-1.)) ;
#1395=DIRECTION('Vector Direction',(0.,0.,-1.)) ;
#1407=DIRECTION('Axis2P3D Direction',(0.,0.,-1.)) ;
#1419=DIRECTION('Axis2P3D Direction',(0.,0.,-1.)) ;
#1420=DIRECTION('Axis2P3D XDirection',(0.5,0.866025403784,0.)) ;
#1424=DIRECTION('Vector Direction',(0.,0.,-1.)) ;
#1431=DIRECTION('Axis2P3D Direction',(0.,0.,-1.)) ;
#1438=DIRECTION('Vector Direction',(0.,0.,-1.)) ;
#1450=DIRECTION('Axis2P3D Direction',(0.,0.,-1.)) ;
#1462=DIRECTION('Axis2P3D Direction',(0.,0.,1.)) ;
#1463=DIRECTION('Axis2P3D XDirection',(-1.,1.22460635382E-016,0.)) ;
#1467=DIRECTION('Vector Direction',(0.,0.,1.)) ;
#1474=DIRECTION('Axis2P3D Direction',(0.,0.,1.)) ;
#1481=DIRECTION('Vector Direction',(0.,0.,1.)) ;
#1493=DIRECTION('Axis2P3D Direction',(0.,0.,1.)) ;
#1505=DIRECTION('Axis2P3D Direction',(0.,1.,0.)) ;
#1506=DIRECTION('Axis2P3D XDirection',(1.,-0.,1.22460635382E-016)) ;
#1510=DIRECTION('Vector Direction',(0.,1.,0.)) ;
#1517=DIRECTION('Axis2P3D Direction',(0.,1.,0.)) ;
#1524=DIRECTION('Vector Direction',(0.,1.,0.)) ;
#1536=DIRECTION('Axis2P3D Direction',(0.,1.,0.)) ;
#1548=DIRECTION('Axis2P3D Direction',(0.,0.,-1.)) ;
#1549=DIRECTION('Axis2P3D XDirection',(1.,0.,0.)) ;
#1553=DIRECTION('Axis2P3D Direction',(0.,0.,-1.)) ;
#1562=DIRECTION('Axis2P3D Direction',(0.,0.,-1.)) ;
#1583=DIRECTION('Axis2P3D Direction',(0.,0.,-1.)) ;
#1592=DIRECTION('Axis2P3D Direction',(0.,0.,-1.)) ;
#1614=DIRECTION('Axis2P3D Direction',(0.,0.,1.)) ;
#1615=DIRECTION('Axis2P3D XDirection',(1.,0.,0.)) ;
#1623=DIRECTION('Axis2P3D Direction',(0.,0.,1.)) ;
#1632=DIRECTION('Axis2P3D Direction',(0.,0.,1.)) ;
#1641=DIRECTION('Axis2P3D Direction',(0.,0.,1.)) ;
#1650=DIRECTION('Axis2P3D Direction',(0.,0.,1.)) ;
#1659=DIRECTION('Axis2P3D Direction',(0.,0.,1.)) ;
#1668=DIRECTION('Axis2P3D Direction',(0.,0.,1.)) ;
#1677=DIRECTION('Axis2P3D Direction',(0.,0.,1.)) ;
#1686=DIRECTION('Axis2P3D Direction',(0.,0.,1.)) ;
#1695=DIRECTION('Axis2P3D Direction',(0.,0.,1.)) ;
#1704=DIRECTION('Axis2P3D Direction',(0.,0.,1.)) ;
#1713=DIRECTION('Axis2P3D Direction',(0.,0.,1.)) ;
#1722=DIRECTION('Axis2P3D Direction',(0.,0.,1.)) ;
#1731=DIRECTION('Axis2P3D Direction',(0.,0.,1.)) ;
#1740=DIRECTION('Axis2P3D Direction',(0.,0.,1.)) ;
#1750=DIRECTION('Axis2P3D Direction',(0.,1.,0.)) ;
#1751=DIRECTION('Axis2P3D XDirection',(-1.,0.,0.)) ;
#1759=DIRECTION('Axis2P3D Direction',(0.,1.,0.)) ;
#1768=DIRECTION('Axis2P3D Direction',(0.,1.,0.)) ;
#1777=DIRECTION('Axis2P3D Direction',(0.,1.,0.)) ;
#1786=DIRECTION('Axis2P3D Direction',(0.,1.,0.)) ;
#1795=DIRECTION('Axis2P3D Direction',(0.,1.,0.)) ;
#1804=DIRECTION('Axis2P3D Direction',(0.,1.,0.)) ;
#1813=DIRECTION('Axis2P3D Direction',(0.,1.,0.)) ;
#1822=DIRECTION('Axis2P3D Direction',(0.,1.,0.)) ;
#1831=DIRECTION('Axis2P3D Direction',(0.,1.,0.)) ;
#1840=DIRECTION('Axis2P3D Direction',(0.,1.,0.)) ;
#1849=DIRECTION('Axis2P3D Direction',(0.,1.,0.)) ;
#1858=DIRECTION('Axis2P3D Direction',(0.,1.,0.)) ;
#1867=DIRECTION('Axis2P3D Direction',(0.,1.,0.)) ;
#1876=DIRECTION('Axis2P3D Direction',(0.,1.,0.)) ;
#1886=DIRECTION('Axis2P3D Direction',(1.,0.,0.)) ;
#1887=DIRECTION('Axis2P3D XDirection',(0.,0.42591771,0.904761904762)) ;
#1921=DIRECTION('Vector Direction',(1.,0.,0.)) ;
#1928=DIRECTION('Axis2P3D Direction',(1.,0.,0.)) ;
#1935=DIRECTION('Vector Direction',(1.,0.,0.)) ;
#1942=DIRECTION('Axis2P3D Direction',(1.,0.,0.)) ;
#1949=DIRECTION('Axis2P3D Direction',(1.,0.,0.)) ;
#1956=DIRECTION('Vector Direction',(1.,0.,0.)) ;
#1963=DIRECTION('Axis2P3D Direction',(1.,0.,0.)) ;
#1970=DIRECTION('Vector Direction',(1.,0.,0.)) ;
#2013=DIRECTION('Axis2P3D Direction',(1.,0.,0.)) ;
#2020=DIRECTION('Vector Direction',(1.,0.,0.)) ;
#2027=DIRECTION('Axis2P3D Direction',(1.,0.,0.)) ;
#2034=DIRECTION('Axis2P3D Direction',(1.,0.,0.)) ;
#2039=DIRECTION('Axis2P3D Direction',(1.,0.,0.)) ;
#2056=DIRECTION('Axis2P3D Direction',(1.,0.,0.)) ;
#2057=DIRECTION('Axis2P3D XDirection',(0.,1.,0.)) ;
#2061=DIRECTION('Vector Direction',(1.,0.,0.)) ;
#2070=DIRECTION('Axis2P3D Direction',(1.,0.,0.)) ;
#2077=DIRECTION('Vector Direction',(1.,0.,0.)) ;
#2084=DIRECTION('Axis2P3D Direction',(1.,0.,0.)) ;
#2096=DIRECTION('Axis2P3D Direction',(1.,0.,0.)) ;
#2101=DIRECTION('Axis2P3D Direction',(1.,0.,0.)) ;
#2113=DIRECTION('Axis2P3D Direction',(0.,0.,1.)) ;
#2114=DIRECTION('Axis2P3D XDirection',(1.,0.,0.)) ;
#2118=DIRECTION('Vector Direction',(-1.,0.,0.)) ;
#2127=DIRECTION('Axis2P3D Direction',(0.,0.,1.)) ;
#2137=DIRECTION('Axis2P3D Direction',(1.,0.,0.)) ;
#2138=DIRECTION('Axis2P3D XDirection',(0.,1.,0.)) ;
#2142=DIRECTION('Axis2P3D Direction',(1.,0.,0.)) ;
#2151=DIRECTION('Axis2P3D Direction',(1.,0.,0.)) ;
#2158=DIRECTION('Axis2P3D Direction',(1.,0.,0.)) ;
#2165=DIRECTION('Vector Direction',(0.,0.,-1.)) ;
#2172=DIRECTION('Vector Direction',(0.,-1.,0.)) ;
#2179=DIRECTION('Vector Direction',(0.,0.,-1.)) ;
#2193=DIRECTION('Axis2P3D Direction',(0.,0.,1.)) ;
#2200=DIRECTION('Axis2P3D Direction',(0.,0.,1.)) ;
#2211=DIRECTION('Axis2P3D Direction',(1.,0.,0.)) ;
#2212=DIRECTION('Axis2P3D XDirection',(0.,-1.,1.22460635382E-016)) ;
#2216=DIRECTION('Vector Direction',(1.,0.,0.)) ;
#2223=DIRECTION('Axis2P3D Direction',(1.,0.,0.)) ;
#2230=DIRECTION('Vector Direction',(1.,0.,0.)) ;
#2242=DIRECTION('Axis2P3D Direction',(1.,0.,0.)) ;
#2251=DIRECTION('Axis2P3D Direction',(1.,0.,0.)) ;
#2260=DIRECTION('Axis2P3D Direction',(1.,0.,0.)) ;
#2270=DIRECTION('Vector Direction',(1.,0.,0.)) ;
#2277=DIRECTION('Axis2P3D Direction',(1.,0.,0.)) ;
#2284=DIRECTION('Vector Direction',(1.,0.,0.)) ;
#2296=DIRECTION('Axis2P3D Direction',(1.,0.,0.)) ;
#2308=DIRECTION('Vector Direction',(-1.,0.,0.)) ;
#2317=DIRECTION('Axis2P3D Direction',(0.,0.,1.)) ;
#2327=DIRECTION('Axis2P3D Direction',(1.,0.,0.)) ;
#2328=DIRECTION('Axis2P3D XDirection',(0.,1.,0.)) ;
#2332=DIRECTION('Axis2P3D Direction',(1.,0.,0.)) ;
#2341=DIRECTION('Axis2P3D Direction',(1.,0.,0.)) ;
#2351=DIRECTION('Axis2P3D Direction',(1.,0.,0.)) ;
#2360=DIRECTION('Axis2P3D Direction',(1.,0.,0.)) ;
#2370=DIRECTION('Axis2P3D Direction',(1.,0.,0.)) ;
#2379=DIRECTION('Axis2P3D Direction',(1.,0.,0.)) ;
#2389=DIRECTION('Axis2P3D Direction',(1.,0.,0.)) ;
#2398=DIRECTION('Axis2P3D Direction',(1.,0.,0.)) ;
#2408=DIRECTION('Axis2P3D Direction',(1.,0.,0.)) ;
#2417=DIRECTION('Axis2P3D Direction',(1.,0.,0.)) ;
#2473=DIRECTION('Axis2P3D Direction',(-1.,-0.,0.)) ;
#2474=DIRECTION('Axis2P3D XDirection',(0.,-1.,-0.)) ;
#2478=DIRECTION('Axis2P3D Direction',(-1.,-0.,0.)) ;
#2487=DIRECTION('Axis2P3D Direction',(-1.,-0.,0.)) ;
#2492=DIRECTION('Axis2P3D Direction',(-1.,-0.,0.)) ;
#2559=DIRECTION('Vector Direction',(1.,0.,0.)) ;
#2566=DIRECTION('Axis2P3D Direction',(1.,0.,0.)) ;
#2573=DIRECTION('Vector Direction',(1.,0.,0.)) ;
#2580=DIRECTION('Axis2P3D Direction',(1.,0.,0.)) ;
#2587=DIRECTION('Vector Direction',(1.,0.,0.)) ;
#2603=DIRECTION('Vector Direction',(1.,0.,0.)) ;
#2612=DIRECTION('Axis2P3D Direction',(1.,0.,0.)) ;
#2617=DIRECTION('Axis2P3D Direction',(1.,0.,0.)) ;
#2629=DIRECTION('Axis2P3D Direction',(1.,0.,0.)) ;
#2630=DIRECTION('Axis2P3D XDirection',(0.,1.,0.)) ;
#2643=DIRECTION('Axis2P3D Direction',(1.,0.,0.)) ;
#2644=DIRECTION('Axis2P3D XDirection',(0.,-1.,1.22460635382E-016)) ;
#2648=DIRECTION('Vector Direction',(1.,0.,0.)) ;
#2657=DIRECTION('Axis2P3D Direction',(1.,0.,0.)) ;
#2664=DIRECTION('Vector Direction',(1.,0.,0.)) ;
#2671=DIRECTION('Axis2P3D Direction',(1.,0.,0.)) ;
#2683=DIRECTION('Axis2P3D Direction',(1.,0.,0.)) ;
#2688=DIRECTION('Axis2P3D Direction',(1.,0.,0.)) ;
#2700=DIRECTION('Axis2P3D Direction',(1.,0.,0.)) ;
#2701=DIRECTION('Axis2P3D XDirection',(0.,1.,0.)) ;
#2705=DIRECTION('Vector Direction',(1.,0.,0.)) ;
#2712=DIRECTION('Axis2P3D Direction',(1.,0.,0.)) ;
#2719=DIRECTION('Vector Direction',(1.,0.,0.)) ;
#2731=DIRECTION('Axis2P3D Direction',(1.,0.,0.)) ;
#2743=DIRECTION('Axis2P3D Direction',(1.,0.,-0.)) ;
#2744=DIRECTION('Axis2P3D XDirection',(0.,0.309016994375,0.951056516295)) ;
#2748=DIRECTION('Vector Direction',(1.,0.,0.)) ;
#2755=DIRECTION('Axis2P3D Direction',(1.,0.,-0.)) ;
#2762=DIRECTION('Vector Direction',(1.,0.,0.)) ;
#2774=DIRECTION('Axis2P3D Direction',(1.,0.,-0.)) ;
#2786=DIRECTION('Axis2P3D Direction',(1.,0.,0.)) ;
#2787=DIRECTION('Axis2P3D XDirection',(0.,-0.809016994375,0.587785252292)) ;
#2791=DIRECTION('Vector Direction',(1.,0.,0.)) ;
#2798=DIRECTION('Axis2P3D Direction',(1.,0.,0.)) ;
#2805=DIRECTION('Vector Direction',(1.,0.,0.)) ;
#2817=DIRECTION('Axis2P3D Direction',(1.,0.,0.)) ;
#2829=DIRECTION('Axis2P3D Direction',(1.,0.,0.)) ;
#2830=DIRECTION('Axis2P3D XDirection',(0.,-0.809016994375,-0.587785252292)) ;
#2834=DIRECTION('Vector Direction',(1.,0.,0.)) ;
#2841=DIRECTION('Axis2P3D Direction',(1.,0.,0.)) ;
#2848=DIRECTION('Vector Direction',(1.,0.,0.)) ;
#2860=DIRECTION('Axis2P3D Direction',(1.,0.,0.)) ;
#2872=DIRECTION('Axis2P3D Direction',(1.,-0.,0.)) ;
#2873=DIRECTION('Axis2P3D XDirection',(0.,0.309016994375,-0.951056516295)) ;
#2877=DIRECTION('Vector Direction',(1.,0.,0.)) ;
#2884=DIRECTION('Axis2P3D Direction',(1.,-0.,0.)) ;
#2891=DIRECTION('Vector Direction',(1.,0.,0.)) ;
#2903=DIRECTION('Axis2P3D Direction',(1.,-0.,0.)) ;
#2915=DIRECTION('Axis2P3D Direction',(0.,-1.,0.)) ;
#2916=DIRECTION('Axis2P3D XDirection',(1.,0.,0.)) ;
#2920=DIRECTION('Vector Direction',(0.,-1.,0.)) ;
#2925=DIRECTION('Vector Direction',(0.,-1.,0.)) ;
#2944=DIRECTION('Axis2P3D Direction',(0.,0.,-1.)) ;
#2945=DIRECTION('Axis2P3D XDirection',(1.,0.,0.)) ;
#2949=DIRECTION('Axis2P3D Direction',(0.,0.,-1.)) ;
#2954=DIRECTION('Vector Direction',(0.,0.,-1.)) ;
#2959=DIRECTION('Vector Direction',(0.,0.,-1.)) ;
#2980=DIRECTION('Axis2P3D Direction',(0.,0.,-1.)) ;
#2981=DIRECTION('Axis2P3D XDirection',(1.,0.,0.)) ;
#2985=DIRECTION('Vector Direction',(0.,0.,-1.)) ;
#2990=DIRECTION('Vector Direction',(0.,0.,-1.)) ;
#3017=DIRECTION('Axis2P3D Direction',(0.,-1.,0.)) ;
#3018=DIRECTION('Axis2P3D XDirection',(-0.5,0.,0.866025403784)) ;
#3022=DIRECTION('Vector Direction',(0.,-1.,0.)) ;
#3027=DIRECTION('Vector Direction',(0.,-1.,0.)) ;
#3046=DIRECTION('Axis2P3D Direction',(0.,-1.,0.)) ;
#3047=DIRECTION('Axis2P3D XDirection',(0.5,0.,0.866025403784)) ;
#3051=DIRECTION('Vector Direction',(0.,-1.,0.)) ;
#3056=DIRECTION('Vector Direction',(0.,-1.,0.)) ;
#3075=DIRECTION('Axis2P3D Direction',(0.,-1.,0.)) ;
#3076=DIRECTION('Axis2P3D XDirection',(1.,0.,-2.44921270764E-016)) ;
#3080=DIRECTION('Vector Direction',(0.,-1.,0.)) ;
#3085=DIRECTION('Vector Direction',(0.,-1.,0.)) ;
#3104=DIRECTION('Axis2P3D Direction',(0.,-1.,0.)) ;
#3105=DIRECTION('Axis2P3D XDirection',(0.5,0.,-0.866025403784)) ;
#3109=DIRECTION('Vector Direction',(0.,-1.,0.)) ;
#3114=DIRECTION('Vector Direction',(0.,-1.,0.)) ;
#3133=DIRECTION('Axis2P3D Direction',(0.,-1.,0.)) ;
#3134=DIRECTION('Axis2P3D XDirection',(-0.5,-0.,-0.866025403784)) ;
#3138=DIRECTION('Vector Direction',(0.,-1.,0.)) ;
#3143=DIRECTION('Vector Direction',(0.,-1.,0.)) ;
#3162=DIRECTION('Axis2P3D Direction',(0.,-1.,0.)) ;
#3163=DIRECTION('Axis2P3D XDirection',(1.,0.,0.)) ;
#3167=DIRECTION('Vector Direction',(0.,-1.,0.)) ;
#3172=DIRECTION('Vector Direction',(0.,-1.,0.)) ;
#3191=DIRECTION('Axis2P3D Direction',(0.,0.,-1.)) ;
#3192=DIRECTION('Axis2P3D XDirection',(-0.5,-0.866025403784,0.)) ;
#3196=DIRECTION('Vector Direction',(0.,0.,-1.)) ;
#3201=DIRECTION('Vector Direction',(0.,0.,-1.)) ;
#3220=DIRECTION('Axis2P3D Direction',(0.,0.,-1.)) ;
#3221=DIRECTION('Axis2P3D XDirection',(0.5,-0.866025403784,0.)) ;
#3225=DIRECTION('Vector Direction',(0.,0.,-1.)) ;
#3230=DIRECTION('Vector Direction',(0.,0.,-1.)) ;
#3249=DIRECTION('Axis2P3D Direction',(-0.,0.,-1.)) ;
#3250=DIRECTION('Axis2P3D XDirection',(1.,2.88994089076E-016,0.)) ;
#3254=DIRECTION('Vector Direction',(0.,0.,-1.)) ;
#3259=DIRECTION('Vector Direction',(0.,0.,-1.)) ;
#3278=DIRECTION('Axis2P3D Direction',(-0.,0.,-1.)) ;
#3279=DIRECTION('Axis2P3D XDirection',(0.5,0.866025403784,0.)) ;
#3283=DIRECTION('Vector Direction',(0.,0.,-1.)) ;
#3288=DIRECTION('Vector Direction',(0.,0.,-1.)) ;
#3307=DIRECTION('Axis2P3D Direction',(0.,0.,-1.)) ;
#3308=DIRECTION('Axis2P3D XDirection',(1.,0.,0.)) ;
#3312=DIRECTION('Vector Direction',(0.,0.,-1.)) ;
#3317=DIRECTION('Vector Direction',(0.,0.,-1.)) ;
#3336=DIRECTION('Axis2P3D Direction',(0.,-0.,-1.)) ;
#3337=DIRECTION('Axis2P3D XDirection',(-0.5,0.866025403784,0.)) ;
#3341=DIRECTION('Vector Direction',(0.,0.,-1.)) ;
#3346=DIRECTION('Vector Direction',(0.,0.,-1.)) ;
#3365=DIRECTION('Axis2P3D Direction',(0.,0.,-1.)) ;
#3366=DIRECTION('Axis2P3D XDirection',(1.,0.,0.)) ;
#3370=DIRECTION('Vector Direction',(0.,0.,-1.)) ;
#3375=DIRECTION('Vector Direction',(0.,0.,-1.)) ;
#3394=DIRECTION('Axis2P3D Direction',(0.,0.,1.)) ;
#3406=DIRECTION('Axis2P3D Direction',(0.,0.,-1.)) ;
#3407=DIRECTION('Axis2P3D XDirection',(-1.,0.,0.)) ;
#3418=DIRECTION('Axis2P3D Direction',(-0.,0.,1.)) ;
#3419=DIRECTION('Axis2P3D XDirection',(1.,-0.,0.)) ;
#3444=DIRECTION('Axis2P3D Direction',(-1.,-0.,0.)) ;
#3445=DIRECTION('Axis2P3D XDirection',(-0.,4.7137465643E-012,-1.)) ;
#3449=DIRECTION('Vector Direction',(-1.,0.,0.)) ;
#3461=DIRECTION('Vector Direction',(-1.,0.,0.)) ;
#3518=DIRECTION('Axis2P3D Direction',(1.,0.,0.)) ;
#3519=DIRECTION('Axis2P3D XDirection',(0.,0.515078753638,0.857142857143)) ;
#3523=DIRECTION('Vector Direction',(1.,0.,0.)) ;
#3530=DIRECTION('Axis2P3D Direction',(1.,0.,0.)) ;
#3542=DIRECTION('Axis2P3D Direction',(1.,0.,0.)) ;
#3543=DIRECTION('Axis2P3D XDirection',(0.,1.,0.)) ;
#3547=DIRECTION('Vector Direction',(0.,-1.,0.)) ;
#3554=DIRECTION('Vector Direction',(0.,0.,1.)) ;
#3561=DIRECTION('Vector Direction',(0.,-1.,0.)) ;
#3578=DIRECTION('Axis2P3D Direction',(0.,0.,-1.)) ;
#3579=DIRECTION('Axis2P3D XDirection',(1.,0.,0.)) ;
#3583=DIRECTION('Vector Direction',(0.,-1.,0.)) ;
#3590=DIRECTION('Vector Direction',(1.,0.,0.)) ;
#3604=DIRECTION('Vector Direction',(0.,-1.,0.)) ;
#3611=DIRECTION('Vector Direction',(0.,0.,-1.)) ;
#3628=DIRECTION('Axis2P3D Direction',(0.,0.,1.)) ;
#3629=DIRECTION('Axis2P3D XDirection',(-1.,0.,0.)) ;
#3633=DIRECTION('Vector Direction',(-1.,0.,0.)) ;
#3645=DIRECTION('Axis2P3D Direction',(1.,0.,-0.)) ;
#3646=DIRECTION('Axis2P3D XDirection',(0.,0.,1.)) ;
#3650=DIRECTION('Vector Direction',(0.,-1.,0.)) ;
#3657=DIRECTION('Vector Direction',(0.,0.,1.)) ;
#3664=DIRECTION('Vector Direction',(0.,-1.,0.)) ;
#3679=DIRECTION('Vector Direction',(0.,-1.,0.)) ;
#3686=DIRECTION('Vector Direction',(1.,0.,0.)) ;
#3698=DIRECTION('Axis2P3D Direction',(1.,0.,0.)) ;
#3699=DIRECTION('Axis2P3D XDirection',(0.,1.,0.)) ;
#3703=DIRECTION('Vector Direction',(0.,-1.,0.)) ;
#3710=DIRECTION('Vector Direction',(0.,0.,-1.)) ;
#3727=DIRECTION('Vector Direction',(-1.,0.,0.)) ;
#3739=DIRECTION('Axis2P3D Direction',(0.,0.,-1.)) ;
#3740=DIRECTION('Axis2P3D XDirection',(0.,1.,0.)) ;
#3744=DIRECTION('Vector Direction',(1.,0.,0.)) ;
#3751=DIRECTION('Vector Direction',(0.,1.,0.)) ;
#3768=DIRECTION('Axis2P3D Direction',(1.,0.,0.)) ;
#3769=DIRECTION('Axis2P3D XDirection',(0.,1.,0.)) ;
#3773=DIRECTION('Vector Direction',(0.,0.,-1.)) ;
#3809=DIRECTION('Axis2P3D Direction',(0.,-1.,0.)) ;
#3810=DIRECTION('Axis2P3D XDirection',(0.,0.,-1.)) ;
#3820=DIRECTION('Axis2P3D Direction',(0.,-1.,0.)) ;
#3829=DIRECTION('Axis2P3D Direction',(0.,-1.,0.)) ;
#3838=DIRECTION('Axis2P3D Direction',(0.,-1.,0.)) ;
#3847=DIRECTION('Axis2P3D Direction',(0.,-1.,0.)) ;
#3868=DIRECTION('Axis2P3D Direction',(0.,-1.,0.)) ;
#3877=DIRECTION('Axis2P3D Direction',(0.,-1.,0.)) ;
#3886=DIRECTION('Axis2P3D Direction',(0.,-1.,0.)) ;
#3895=DIRECTION('Axis2P3D Direction',(0.,-1.,0.)) ;
#3904=DIRECTION('Axis2P3D Direction',(0.,-1.,0.)) ;
#3913=DIRECTION('Axis2P3D Direction',(0.,-1.,0.)) ;
#3922=DIRECTION('Axis2P3D Direction',(0.,-1.,0.)) ;
#3931=DIRECTION('Axis2P3D Direction',(0.,-1.,0.)) ;
#3940=DIRECTION('Axis2P3D Direction',(0.,-1.,0.)) ;
#3949=DIRECTION('Axis2P3D Direction',(0.,-1.,0.)) ;
#3958=DIRECTION('Axis2P3D Direction',(0.,-1.,0.)) ;
#3967=DIRECTION('Axis2P3D Direction',(0.,-1.,0.)) ;
#3976=DIRECTION('Axis2P3D Direction',(0.,-1.,0.)) ;
#3985=DIRECTION('Axis2P3D Direction',(0.,-1.,0.)) ;
#3994=DIRECTION('Axis2P3D Direction',(0.,-1.,0.)) ;
#4003=DIRECTION('Axis2P3D Direction',(0.,-1.,0.)) ;
#4012=DIRECTION('Axis2P3D Direction',(0.,-1.,0.)) ;
#4021=DIRECTION('Axis2P3D Direction',(0.,-1.,0.)) ;
#4030=DIRECTION('Axis2P3D Direction',(0.,-1.,0.)) ;
#4039=DIRECTION('Axis2P3D Direction',(0.,-1.,0.)) ;
#4048=DIRECTION('Axis2P3D Direction',(0.,-1.,0.)) ;
#4057=DIRECTION('Axis2P3D Direction',(0.,-1.,0.)) ;
#4067=DIRECTION('Axis2P3D Direction',(0.,-1.,-0.)) ;
#4068=DIRECTION('Axis2P3D XDirection',(0.87758256189,0.,0.479425538604)) ;
#4072=DIRECTION('Vector Direction',(0.,-1.,0.)) ;
#4077=DIRECTION('Vector Direction',(0.,-1.,0.)) ;
#4096=DIRECTION('Axis2P3D Direction',(0.,-1.,-0.)) ;
#4105=DIRECTION('Axis2P3D Direction',(0.,-1.,-0.)) ;
#4115=DIRECTION('Axis2P3D Direction',(0.,-1.,-0.)) ;
#4116=DIRECTION('Axis2P3D XDirection',(-0.87758256189,0.,-0.479425538604)) ;
#4120=DIRECTION('Vector Direction',(0.,-1.,0.)) ;
#4125=DIRECTION('Vector Direction',(0.,-1.,0.)) ;
#4144=DIRECTION('Axis2P3D Direction',(0.,-1.,-0.)) ;
#4153=DIRECTION('Axis2P3D Direction',(0.,-1.,-0.)) ;
#4163=DIRECTION('Axis2P3D Direction',(0.,-1.,0.)) ;
#4164=DIRECTION('Axis2P3D XDirection',(-0.87758256189,-0.,-0.479425538604)) ;
#4168=DIRECTION('Vector Direction',(0.,-1.,0.)) ;
#4173=DIRECTION('Vector Direction',(0.,-1.,0.)) ;
#4192=DIRECTION('Axis2P3D Direction',(0.,-1.,-0.)) ;
#4201=DIRECTION('Axis2P3D Direction',(0.,-1.,-0.)) ;
#4211=DIRECTION('Axis2P3D Direction',(0.,-1.,0.)) ;
#4212=DIRECTION('Axis2P3D XDirection',(-0.87758256189,-0.,-0.479425538604)) ;
#4216=DIRECTION('Vector Direction',(0.,-1.,0.)) ;
#4221=DIRECTION('Vector Direction',(0.,-1.,0.)) ;
#4240=DIRECTION('Axis2P3D Direction',(0.,-1.,-0.)) ;
#4249=DIRECTION('Axis2P3D Direction',(0.,-1.,-0.)) ;
#4259=DIRECTION('Axis2P3D Direction',(0.,-1.,0.)) ;
#4260=DIRECTION('Axis2P3D XDirection',(-0.87758256189,-0.,-0.479425538604)) ;
#4264=DIRECTION('Vector Direction',(0.,-1.,0.)) ;
#4269=DIRECTION('Vector Direction',(0.,-1.,0.)) ;
#4288=DIRECTION('Axis2P3D Direction',(0.,-1.,-0.)) ;
#4297=DIRECTION('Axis2P3D Direction',(0.,-1.,-0.)) ;
#4307=DIRECTION('Axis2P3D Direction',(0.,-1.,0.)) ;
#4308=DIRECTION('Axis2P3D XDirection',(-0.87758256189,-0.,-0.479425538604)) ;
#4312=DIRECTION('Vector Direction',(0.,-1.,0.)) ;
#4317=DIRECTION('Vector Direction',(0.,-1.,0.)) ;
#4336=DIRECTION('Axis2P3D Direction',(0.,-1.,-0.)) ;
#4345=DIRECTION('Axis2P3D Direction',(0.,-1.,-0.)) ;
#4355=DIRECTION('Axis2P3D Direction',(0.,-1.,0.)) ;
#4356=DIRECTION('Axis2P3D XDirection',(-0.87758256189,-0.,-0.479425538604)) ;
#4360=DIRECTION('Vector Direction',(0.,-1.,0.)) ;
#4365=DIRECTION('Vector Direction',(0.,-1.,0.)) ;
#4384=DIRECTION('Axis2P3D Direction',(0.,-1.,-0.)) ;
#4393=DIRECTION('Axis2P3D Direction',(0.,-1.,-0.)) ;
#4403=DIRECTION('Axis2P3D Direction',(0.,-1.,0.)) ;
#4404=DIRECTION('Axis2P3D XDirection',(-0.87758256189,-0.,-0.479425538604)) ;
#4408=DIRECTION('Vector Direction',(0.,-1.,0.)) ;
#4413=DIRECTION('Vector Direction',(0.,-1.,0.)) ;
#4432=DIRECTION('Axis2P3D Direction',(0.,-1.,-0.)) ;
#4441=DIRECTION('Axis2P3D Direction',(0.,-1.,-0.)) ;
#4451=DIRECTION('Axis2P3D Direction',(0.,-1.,0.)) ;
#4452=DIRECTION('Axis2P3D XDirection',(-0.87758256189,-0.,-0.479425538604)) ;
#4456=DIRECTION('Vector Direction',(0.,-1.,0.)) ;
#4461=DIRECTION('Vector Direction',(0.,-1.,0.)) ;
#4480=DIRECTION('Axis2P3D Direction',(0.,-1.,-0.)) ;
#4489=DIRECTION('Axis2P3D Direction',(0.,-1.,-0.)) ;
#4499=DIRECTION('Axis2P3D Direction',(0.,-1.,0.)) ;
#4500=DIRECTION('Axis2P3D XDirection',(-0.87758256189,-0.,-0.479425538604)) ;
#4504=DIRECTION('Vector Direction',(0.,-1.,0.)) ;
#4509=DIRECTION('Vector Direction',(0.,-1.,0.)) ;
#4528=DIRECTION('Axis2P3D Direction',(0.,-1.,-0.)) ;
#4537=DIRECTION('Axis2P3D Direction',(0.,-1.,-0.)) ;
#4547=DIRECTION('Axis2P3D Direction',(0.,-1.,0.)) ;
#4548=DIRECTION('Axis2P3D XDirection',(-0.87758256189,-0.,-0.479425538604)) ;
#4552=DIRECTION('Vector Direction',(0.,-1.,0.)) ;
#4557=DIRECTION('Vector Direction',(0.,-1.,0.)) ;
#4576=DIRECTION('Axis2P3D Direction',(0.,-1.,-0.)) ;
#4585=DIRECTION('Axis2P3D Direction',(0.,-1.,-0.)) ;
#4595=DIRECTION('Axis2P3D Direction',(0.,-1.,0.)) ;
#4596=DIRECTION('Axis2P3D XDirection',(-0.87758256189,-0.,-0.479425538604)) ;
#4600=DIRECTION('Vector Direction',(0.,-1.,0.)) ;
#4605=DIRECTION('Vector Direction',(0.,-1.,0.)) ;
#4624=DIRECTION('Axis2P3D Direction',(0.,-1.,-0.)) ;
#4633=DIRECTION('Axis2P3D Direction',(0.,-1.,-0.)) ;
#4643=DIRECTION('Axis2P3D Direction',(0.,-1.,0.)) ;
#4644=DIRECTION('Axis2P3D XDirection',(-0.87758256189,-0.,-0.479425538604)) ;
#4648=DIRECTION('Vector Direction',(0.,-1.,0.)) ;
#4653=DIRECTION('Vector Direction',(0.,-1.,0.)) ;
#48=AXIS2_PLACEMENT_3D(' ',#47,$,$) ;
#55=AXIS2_PLACEMENT_3D('Plane Axis2P3D',#52,#53,#54) ;
#59=AXIS2_PLACEMENT_3D('Circle Axis2P3D',#57,#58,$) ;
#68=AXIS2_PLACEMENT_3D('Circle Axis2P3D',#66,#67,$) ;
#79=AXIS2_PLACEMENT_3D('Plane Axis2P3D',#76,#77,#78) ;
#135=AXIS2_PLACEMENT_3D('Plane Axis2P3D',#132,#133,#134) ;
#148=AXIS2_PLACEMENT_3D('Circle Axis2P3D',#146,#147,$) ;
#155=AXIS2_PLACEMENT_3D('Circle Axis2P3D',#153,#154,$) ;
#162=AXIS2_PLACEMENT_3D('Circle Axis2P3D',#160,#161,$) ;
#176=AXIS2_PLACEMENT_3D('Circle Axis2P3D',#174,#175,$) ;
#206=AXIS2_PLACEMENT_3D('Cylinder Axis2P3D',#203,#204,#205) ;
#260=AXIS2_PLACEMENT_3D('Circle Axis2P3D',#258,#259,$) ;
#285=AXIS2_PLACEMENT_3D('Circle Axis2P3D',#283,#284,$) ;
#301=AXIS2_PLACEMENT_3D('Circle Axis2P3D',#299,#300,$) ;
#315=AXIS2_PLACEMENT_3D('Circle Axis2P3D',#313,#314,$) ;
#397=AXIS2_PLACEMENT_3D('Circle Axis2P3D',#395,#396,$) ;
#411=AXIS2_PLACEMENT_3D('Circle Axis2P3D',#409,#410,$) ;
#425=AXIS2_PLACEMENT_3D('Circle Axis2P3D',#423,#424,$) ;
#439=AXIS2_PLACEMENT_3D('Plane Axis2P3D',#436,#437,#438) ;
#450=AXIS2_PLACEMENT_3D('Circle Axis2P3D',#448,#449,$) ;
#463=AXIS2_PLACEMENT_3D('Cylinder Axis2P3D',#460,#461,#462) ;
#474=AXIS2_PLACEMENT_3D('Circle Axis2P3D',#472,#473,$) ;
#517=AXIS2_PLACEMENT_3D('Circle Axis2P3D',#515,#516,$) ;
#532=AXIS2_PLACEMENT_3D('Cylinder Axis2P3D',#529,#530,#531) ;
#543=AXIS2_PLACEMENT_3D('Circle Axis2P3D',#541,#542,$) ;
#563=AXIS2_PLACEMENT_3D('Plane Axis2P3D',#560,#561,#562) ;
#594=AXIS2_PLACEMENT_3D('Plane Axis2P3D',#591,#592,#593) ;
#644=AXIS2_PLACEMENT_3D('Cylinder Axis2P3D',#641,#642,#643) ;
#648=AXIS2_PLACEMENT_3D('Circle Axis2P3D',#646,#647,$) ;
#667=AXIS2_PLACEMENT_3D('Circle Axis2P3D',#665,#666,$) ;
#680=AXIS2_PLACEMENT_3D('Plane Axis2P3D',#677,#678,#679) ;
#704=AXIS2_PLACEMENT_3D('Plane Axis2P3D',#701,#702,#703) ;
#754=AXIS2_PLACEMENT_3D('Plane Axis2P3D',#751,#752,#753) ;
#758=AXIS2_PLACEMENT_3D('Circle Axis2P3D',#756,#757,$) ;
#767=AXIS2_PLACEMENT_3D('Circle Axis2P3D',#765,#766,$) ;
#776=AXIS2_PLACEMENT_3D('Circle Axis2P3D',#774,#775,$) ;
#785=AXIS2_PLACEMENT_3D('Circle Axis2P3D',#783,#784,$) ;
#794=AXIS2_PLACEMENT_3D('Circle Axis2P3D',#792,#793,$) ;
#803=AXIS2_PLACEMENT_3D('Circle Axis2P3D',#801,#802,$) ;
#812=AXIS2_PLACEMENT_3D('Circle Axis2P3D',#810,#811,$) ;
#821=AXIS2_PLACEMENT_3D('Circle Axis2P3D',#819,#820,$) ;
#830=AXIS2_PLACEMENT_3D('Circle Axis2P3D',#828,#829,$) ;
#839=AXIS2_PLACEMENT_3D('Circle Axis2P3D',#837,#838,$) ;
#848=AXIS2_PLACEMENT_3D('Circle Axis2P3D',#846,#847,$) ;
#857=AXIS2_PLACEMENT_3D('Circle Axis2P3D',#855,#856,$) ;
#866=AXIS2_PLACEMENT_3D('Circle Axis2P3D',#864,#865,$) ;
#875=AXIS2_PLACEMENT_3D('Circle Axis2P3D',#873,#874,$) ;
#884=AXIS2_PLACEMENT_3D('Circle Axis2P3D',#882,#883,$) ;
#895=AXIS2_PLACEMENT_3D('Plane Axis2P3D',#892,#893,#894) ;
#899=AXIS2_PLACEMENT_3D('Circle Axis2P3D',#897,#898,$) ;
#908=AXIS2_PLACEMENT_3D('Circle Axis2P3D',#906,#907,$) ;
#917=AXIS2_PLACEMENT_3D('Circle Axis2P3D',#915,#916,$) ;
#926=AXIS2_PLACEMENT_3D('Circle Axis2P3D',#924,#925,$) ;
#935=AXIS2_PLACEMENT_3D('Circle Axis2P3D',#933,#934,$) ;
#944=AXIS2_PLACEMENT_3D('Circle Axis2P3D',#942,#943,$) ;
#953=AXIS2_PLACEMENT_3D('Circle Axis2P3D',#951,#952,$) ;
#962=AXIS2_PLACEMENT_3D('Circle Axis2P3D',#960,#961,$) ;
#971=AXIS2_PLACEMENT_3D('Circle Axis2P3D',#969,#970,$) ;
#980=AXIS2_PLACEMENT_3D('Circle Axis2P3D',#978,#979,$) ;
#989=AXIS2_PLACEMENT_3D('Circle Axis2P3D',#987,#988,$) ;
#998=AXIS2_PLACEMENT_3D('Circle Axis2P3D',#996,#997,$) ;
#1007=AXIS2_PLACEMENT_3D('Circle Axis2P3D',#1005,#1006,$) ;
#1016=AXIS2_PLACEMENT_3D('Circle Axis2P3D',#1014,#1015,$) ;
#1025=AXIS2_PLACEMENT_3D('Circle Axis2P3D',#1023,#1024,$) ;
#1036=AXIS2_PLACEMENT_3D('Plane Axis2P3D',#1033,#1034,#1035) ;
#1040=AXIS2_PLACEMENT_3D('Circle Axis2P3D',#1038,#1039,$) ;
#1049=AXIS2_PLACEMENT_3D('Circle Axis2P3D',#1047,#1048,$) ;
#1058=AXIS2_PLACEMENT_3D('Circle Axis2P3D',#1056,#1057,$) ;
#1067=AXIS2_PLACEMENT_3D('Circle Axis2P3D',#1065,#1066,$) ;
#1114=AXIS2_PLACEMENT_3D('Circle Axis2P3D',#1112,#1113,$) ;
#1123=AXIS2_PLACEMENT_3D('Circle Axis2P3D',#1121,#1122,$) ;
#1132=AXIS2_PLACEMENT_3D('Circle Axis2P3D',#1130,#1131,$) ;
#1141=AXIS2_PLACEMENT_3D('Circle Axis2P3D',#1139,#1140,$) ;
#1150=AXIS2_PLACEMENT_3D('Circle Axis2P3D',#1148,#1149,$) ;
#1159=AXIS2_PLACEMENT_3D('Circle Axis2P3D',#1157,#1158,$) ;
#1168=AXIS2_PLACEMENT_3D('Circle Axis2P3D',#1166,#1167,$) ;
#1177=AXIS2_PLACEMENT_3D('Circle Axis2P3D',#1175,#1176,$) ;
#1186=AXIS2_PLACEMENT_3D('Circle Axis2P3D',#1184,#1185,$) ;
#1195=AXIS2_PLACEMENT_3D('Circle Axis2P3D',#1193,#1194,$) ;
#1206=AXIS2_PLACEMENT_3D('Cylinder Axis2P3D',#1203,#1204,#1205) ;
#1217=AXIS2_PLACEMENT_3D('Circle Axis2P3D',#1215,#1216,$) ;
#1236=AXIS2_PLACEMENT_3D('Circle Axis2P3D',#1234,#1235,$) ;
#1249=AXIS2_PLACEMENT_3D('Cylinder Axis2P3D',#1246,#1247,#1248) ;
#1260=AXIS2_PLACEMENT_3D('Circle Axis2P3D',#1258,#1259,$) ;
#1279=AXIS2_PLACEMENT_3D('Circle Axis2P3D',#1277,#1278,$) ;
#1292=AXIS2_PLACEMENT_3D('Cylinder Axis2P3D',#1289,#1290,#1291) ;
#1303=AXIS2_PLACEMENT_3D('Circle Axis2P3D',#1301,#1302,$) ;
#1322=AXIS2_PLACEMENT_3D('Circle Axis2P3D',#1320,#1321,$) ;
#1335=AXIS2_PLACEMENT_3D('Cylinder Axis2P3D',#1332,#1333,#1334) ;
#1346=AXIS2_PLACEMENT_3D('Circle Axis2P3D',#1344,#1345,$) ;
#1365=AXIS2_PLACEMENT_3D('Circle Axis2P3D',#1363,#1364,$) ;
#1378=AXIS2_PLACEMENT_3D('Cylinder Axis2P3D',#1375,#1376,#1377) ;
#1389=AXIS2_PLACEMENT_3D('Circle Axis2P3D',#1387,#1388,$) ;
#1408=AXIS2_PLACEMENT_3D('Circle Axis2P3D',#1406,#1407,$) ;
#1421=AXIS2_PLACEMENT_3D('Cylinder Axis2P3D',#1418,#1419,#1420) ;
#1432=AXIS2_PLACEMENT_3D('Circle Axis2P3D',#1430,#1431,$) ;
#1451=AXIS2_PLACEMENT_3D('Circle Axis2P3D',#1449,#1450,$) ;
#1464=AXIS2_PLACEMENT_3D('Cylinder Axis2P3D',#1461,#1462,#1463) ;
#1475=AXIS2_PLACEMENT_3D('Circle Axis2P3D',#1473,#1474,$) ;
#1494=AXIS2_PLACEMENT_3D('Circle Axis2P3D',#1492,#1493,$) ;
#1507=AXIS2_PLACEMENT_3D('Cylinder Axis2P3D',#1504,#1505,#1506) ;
#1518=AXIS2_PLACEMENT_3D('Circle Axis2P3D',#1516,#1517,$) ;
#1537=AXIS2_PLACEMENT_3D('Circle Axis2P3D',#1535,#1536,$) ;
#1550=AXIS2_PLACEMENT_3D('Plane Axis2P3D',#1547,#1548,#1549) ;
#1554=AXIS2_PLACEMENT_3D('Circle Axis2P3D',#1552,#1553,$) ;
#1563=AXIS2_PLACEMENT_3D('Circle Axis2P3D',#1561,#1562,$) ;
#1584=AXIS2_PLACEMENT_3D('Circle Axis2P3D',#1582,#1583,$) ;
#1593=AXIS2_PLACEMENT_3D('Circle Axis2P3D',#1591,#1592,$) ;
#1616=AXIS2_PLACEMENT_3D('Plane Axis2P3D',#1613,#1614,#1615) ;
#1624=AXIS2_PLACEMENT_3D('Circle Axis2P3D',#1622,#1623,$) ;
#1633=AXIS2_PLACEMENT_3D('Circle Axis2P3D',#1631,#1632,$) ;
#1642=AXIS2_PLACEMENT_3D('Circle Axis2P3D',#1640,#1641,$) ;
#1651=AXIS2_PLACEMENT_3D('Circle Axis2P3D',#1649,#1650,$) ;
#1660=AXIS2_PLACEMENT_3D('Circle Axis2P3D',#1658,#1659,$) ;
#1669=AXIS2_PLACEMENT_3D('Circle Axis2P3D',#1667,#1668,$) ;
#1678=AXIS2_PLACEMENT_3D('Circle Axis2P3D',#1676,#1677,$) ;
#1687=AXIS2_PLACEMENT_3D('Circle Axis2P3D',#1685,#1686,$) ;
#1696=AXIS2_PLACEMENT_3D('Circle Axis2P3D',#1694,#1695,$) ;
#1705=AXIS2_PLACEMENT_3D('Circle Axis2P3D',#1703,#1704,$) ;
#1714=AXIS2_PLACEMENT_3D('Circle Axis2P3D',#1712,#1713,$) ;
#1723=AXIS2_PLACEMENT_3D('Circle Axis2P3D',#1721,#1722,$) ;
#1732=AXIS2_PLACEMENT_3D('Circle Axis2P3D',#1730,#1731,$) ;
#1741=AXIS2_PLACEMENT_3D('Circle Axis2P3D',#1739,#1740,$) ;
#1752=AXIS2_PLACEMENT_3D('Plane Axis2P3D',#1749,#1750,#1751) ;
#1760=AXIS2_PLACEMENT_3D('Circle Axis2P3D',#1758,#1759,$) ;
#1769=AXIS2_PLACEMENT_3D('Circle Axis2P3D',#1767,#1768,$) ;
#1778=AXIS2_PLACEMENT_3D('Circle Axis2P3D',#1776,#1777,$) ;
#1787=AXIS2_PLACEMENT_3D('Circle Axis2P3D',#1785,#1786,$) ;
#1796=AXIS2_PLACEMENT_3D('Circle Axis2P3D',#1794,#1795,$) ;
#1805=AXIS2_PLACEMENT_3D('Circle Axis2P3D',#1803,#1804,$) ;
#1814=AXIS2_PLACEMENT_3D('Circle Axis2P3D',#1812,#1813,$) ;
#1823=AXIS2_PLACEMENT_3D('Circle Axis2P3D',#1821,#1822,$) ;
#1832=AXIS2_PLACEMENT_3D('Circle Axis2P3D',#1830,#1831,$) ;
#1841=AXIS2_PLACEMENT_3D('Circle Axis2P3D',#1839,#1840,$) ;
#1850=AXIS2_PLACEMENT_3D('Circle Axis2P3D',#1848,#1849,$) ;
#1859=AXIS2_PLACEMENT_3D('Circle Axis2P3D',#1857,#1858,$) ;
#1868=AXIS2_PLACEMENT_3D('Circle Axis2P3D',#1866,#1867,$) ;
#1877=AXIS2_PLACEMENT_3D('Circle Axis2P3D',#1875,#1876,$) ;
#1888=AXIS2_PLACEMENT_3D('Cylinder Axis2P3D',#1885,#1886,#1887) ;
#1929=AXIS2_PLACEMENT_3D('Circle Axis2P3D',#1927,#1928,$) ;
#1943=AXIS2_PLACEMENT_3D('Circle Axis2P3D',#1941,#1942,$) ;
#1950=AXIS2_PLACEMENT_3D('Circle Axis2P3D',#1948,#1949,$) ;
#1964=AXIS2_PLACEMENT_3D('Circle Axis2P3D',#1962,#1963,$) ;
#2014=AXIS2_PLACEMENT_3D('Circle Axis2P3D',#2012,#2013,$) ;
#2028=AXIS2_PLACEMENT_3D('Circle Axis2P3D',#2026,#2027,$) ;
#2035=AXIS2_PLACEMENT_3D('Circle Axis2P3D',#2033,#2034,$) ;
#2040=AXIS2_PLACEMENT_3D('Circle Axis2P3D',#2038,#2039,$) ;
#2058=AXIS2_PLACEMENT_3D('Cylinder Axis2P3D',#2055,#2056,#2057) ;
#2071=AXIS2_PLACEMENT_3D('Circle Axis2P3D',#2069,#2070,$) ;
#2085=AXIS2_PLACEMENT_3D('Circle Axis2P3D',#2083,#2084,$) ;
#2097=AXIS2_PLACEMENT_3D('Circle Axis2P3D',#2095,#2096,$) ;
#2102=AXIS2_PLACEMENT_3D('Circle Axis2P3D',#2100,#2101,$) ;
#2115=AXIS2_PLACEMENT_3D('Plane Axis2P3D',#2112,#2113,#2114) ;
#2128=AXIS2_PLACEMENT_3D('Circle Axis2P3D',#2126,#2127,$) ;
#2139=AXIS2_PLACEMENT_3D('Plane Axis2P3D',#2136,#2137,#2138) ;
#2143=AXIS2_PLACEMENT_3D('Circle Axis2P3D',#2141,#2142,$) ;
#2152=AXIS2_PLACEMENT_3D('Circle Axis2P3D',#2150,#2151,$) ;
#2159=AXIS2_PLACEMENT_3D('Circle Axis2P3D',#2157,#2158,$) ;
#2194=AXIS2_PLACEMENT_3D('Circle Axis2P3D',#2192,#2193,$) ;
#2201=AXIS2_PLACEMENT_3D('Circle Axis2P3D',#2199,#2200,$) ;
#2213=AXIS2_PLACEMENT_3D('Cylinder Axis2P3D',#2210,#2211,#2212) ;
#2224=AXIS2_PLACEMENT_3D('Circle Axis2P3D',#2222,#2223,$) ;
#2243=AXIS2_PLACEMENT_3D('Circle Axis2P3D',#2241,#2242,$) ;
#2252=AXIS2_PLACEMENT_3D('Circle Axis2P3D',#2250,#2251,$) ;
#2261=AXIS2_PLACEMENT_3D('Circle Axis2P3D',#2259,#2260,$) ;
#2278=AXIS2_PLACEMENT_3D('Circle Axis2P3D',#2276,#2277,$) ;
#2297=AXIS2_PLACEMENT_3D('Circle Axis2P3D',#2295,#2296,$) ;
#2318=AXIS2_PLACEMENT_3D('Circle Axis2P3D',#2316,#2317,$) ;
#2329=AXIS2_PLACEMENT_3D('Plane Axis2P3D',#2326,#2327,#2328) ;
#2333=AXIS2_PLACEMENT_3D('Circle Axis2P3D',#2331,#2332,$) ;
#2342=AXIS2_PLACEMENT_3D('Circle Axis2P3D',#2340,#2341,$) ;
#2352=AXIS2_PLACEMENT_3D('Circle Axis2P3D',#2350,#2351,$) ;
#2361=AXIS2_PLACEMENT_3D('Circle Axis2P3D',#2359,#2360,$) ;
#2371=AXIS2_PLACEMENT_3D('Circle Axis2P3D',#2369,#2370,$) ;
#2380=AXIS2_PLACEMENT_3D('Circle Axis2P3D',#2378,#2379,$) ;
#2390=AXIS2_PLACEMENT_3D('Circle Axis2P3D',#2388,#2389,$) ;
#2399=AXIS2_PLACEMENT_3D('Circle Axis2P3D',#2397,#2398,$) ;
#2409=AXIS2_PLACEMENT_3D('Circle Axis2P3D',#2407,#2408,$) ;
#2418=AXIS2_PLACEMENT_3D('Circle Axis2P3D',#2416,#2417,$) ;
#2475=AXIS2_PLACEMENT_3D('Plane Axis2P3D',#2472,#2473,#2474) ;
#2479=AXIS2_PLACEMENT_3D('Circle Axis2P3D',#2477,#2478,$) ;
#2488=AXIS2_PLACEMENT_3D('Circle Axis2P3D',#2486,#2487,$) ;
#2493=AXIS2_PLACEMENT_3D('Circle Axis2P3D',#2491,#2492,$) ;
#2567=AXIS2_PLACEMENT_3D('Circle Axis2P3D',#2565,#2566,$) ;
#2581=AXIS2_PLACEMENT_3D('Circle Axis2P3D',#2579,#2580,$) ;
#2613=AXIS2_PLACEMENT_3D('Circle Axis2P3D',#2611,#2612,$) ;
#2618=AXIS2_PLACEMENT_3D('Circle Axis2P3D',#2616,#2617,$) ;
#2631=AXIS2_PLACEMENT_3D('Plane Axis2P3D',#2628,#2629,#2630) ;
#2645=AXIS2_PLACEMENT_3D('Cylinder Axis2P3D',#2642,#2643,#2644) ;
#2658=AXIS2_PLACEMENT_3D('Circle Axis2P3D',#2656,#2657,$) ;
#2672=AXIS2_PLACEMENT_3D('Circle Axis2P3D',#2670,#2671,$) ;
#2684=AXIS2_PLACEMENT_3D('Circle Axis2P3D',#2682,#2683,$) ;
#2689=AXIS2_PLACEMENT_3D('Circle Axis2P3D',#2687,#2688,$) ;
#2702=AXIS2_PLACEMENT_3D('Cylinder Axis2P3D',#2699,#2700,#2701) ;
#2713=AXIS2_PLACEMENT_3D('Circle Axis2P3D',#2711,#2712,$) ;
#2732=AXIS2_PLACEMENT_3D('Circle Axis2P3D',#2730,#2731,$) ;
#2745=AXIS2_PLACEMENT_3D('Cylinder Axis2P3D',#2742,#2743,#2744) ;
#2756=AXIS2_PLACEMENT_3D('Circle Axis2P3D',#2754,#2755,$) ;
#2775=AXIS2_PLACEMENT_3D('Circle Axis2P3D',#2773,#2774,$) ;
#2788=AXIS2_PLACEMENT_3D('Cylinder Axis2P3D',#2785,#2786,#2787) ;
#2799=AXIS2_PLACEMENT_3D('Circle Axis2P3D',#2797,#2798,$) ;
#2818=AXIS2_PLACEMENT_3D('Circle Axis2P3D',#2816,#2817,$) ;
#2831=AXIS2_PLACEMENT_3D('Cylinder Axis2P3D',#2828,#2829,#2830) ;
#2842=AXIS2_PLACEMENT_3D('Circle Axis2P3D',#2840,#2841,$) ;
#2861=AXIS2_PLACEMENT_3D('Circle Axis2P3D',#2859,#2860,$) ;
#2874=AXIS2_PLACEMENT_3D('Cylinder Axis2P3D',#2871,#2872,#2873) ;
#2885=AXIS2_PLACEMENT_3D('Circle Axis2P3D',#2883,#2884,$) ;
#2904=AXIS2_PLACEMENT_3D('Circle Axis2P3D',#2902,#2903,$) ;
#2917=AXIS2_PLACEMENT_3D('Cylinder Axis2P3D',#2914,#2915,#2916) ;
#2946=AXIS2_PLACEMENT_3D('Cylinder Axis2P3D',#2943,#2944,#2945) ;
#2950=AXIS2_PLACEMENT_3D('Circle Axis2P3D',#2948,#2949,$) ;
#2982=AXIS2_PLACEMENT_3D('Cylinder Axis2P3D',#2979,#2980,#2981) ;
#3019=AXIS2_PLACEMENT_3D('Cylinder Axis2P3D',#3016,#3017,#3018) ;
#3048=AXIS2_PLACEMENT_3D('Cylinder Axis2P3D',#3045,#3046,#3047) ;
#3077=AXIS2_PLACEMENT_3D('Cylinder Axis2P3D',#3074,#3075,#3076) ;
#3106=AXIS2_PLACEMENT_3D('Cylinder Axis2P3D',#3103,#3104,#3105) ;
#3135=AXIS2_PLACEMENT_3D('Cylinder Axis2P3D',#3132,#3133,#3134) ;
#3164=AXIS2_PLACEMENT_3D('Cylinder Axis2P3D',#3161,#3162,#3163) ;
#3193=AXIS2_PLACEMENT_3D('Cylinder Axis2P3D',#3190,#3191,#3192) ;
#3222=AXIS2_PLACEMENT_3D('Cylinder Axis2P3D',#3219,#3220,#3221) ;
#3251=AXIS2_PLACEMENT_3D('Cylinder Axis2P3D',#3248,#3249,#3250) ;
#3280=AXIS2_PLACEMENT_3D('Cylinder Axis2P3D',#3277,#3278,#3279) ;
#3309=AXIS2_PLACEMENT_3D('Cylinder Axis2P3D',#3306,#3307,#3308) ;
#3338=AXIS2_PLACEMENT_3D('Cylinder Axis2P3D',#3335,#3336,#3337) ;
#3367=AXIS2_PLACEMENT_3D('Cylinder Axis2P3D',#3364,#3365,#3366) ;
#3395=AXIS2_PLACEMENT_3D('Circle Axis2P3D',#3393,#3394,$) ;
#3408=AXIS2_PLACEMENT_3D('Plane Axis2P3D',#3405,#3406,#3407) ;
#3420=AXIS2_PLACEMENT_3D('Plane Axis2P3D',#3417,#3418,#3419) ;
#3446=AXIS2_PLACEMENT_3D('Cylinder Axis2P3D',#3443,#3444,#3445) ;
#3520=AXIS2_PLACEMENT_3D('Cylinder Axis2P3D',#3517,#3518,#3519) ;
#3531=AXIS2_PLACEMENT_3D('Circle Axis2P3D',#3529,#3530,$) ;
#3544=AXIS2_PLACEMENT_3D('Plane Axis2P3D',#3541,#3542,#3543) ;
#3580=AXIS2_PLACEMENT_3D('Plane Axis2P3D',#3577,#3578,#3579) ;
#3630=AXIS2_PLACEMENT_3D('Plane Axis2P3D',#3627,#3628,#3629) ;
#3647=AXIS2_PLACEMENT_3D('Plane Axis2P3D',#3644,#3645,#3646) ;
#3700=AXIS2_PLACEMENT_3D('Plane Axis2P3D',#3697,#3698,#3699) ;
#3741=AXIS2_PLACEMENT_3D('Plane Axis2P3D',#3738,#3739,#3740) ;
#3770=AXIS2_PLACEMENT_3D('Plane Axis2P3D',#3767,#3768,#3769) ;
#3811=AXIS2_PLACEMENT_3D('Plane Axis2P3D',#3808,#3809,#3810) ;
#3821=AXIS2_PLACEMENT_3D('Circle Axis2P3D',#3819,#3820,$) ;
#3830=AXIS2_PLACEMENT_3D('Circle Axis2P3D',#3828,#3829,$) ;
#3839=AXIS2_PLACEMENT_3D('Circle Axis2P3D',#3837,#3838,$) ;
#3848=AXIS2_PLACEMENT_3D('Circle Axis2P3D',#3846,#3847,$) ;
#3869=AXIS2_PLACEMENT_3D('Circle Axis2P3D',#3867,#3868,$) ;
#3878=AXIS2_PLACEMENT_3D('Circle Axis2P3D',#3876,#3877,$) ;
#3887=AXIS2_PLACEMENT_3D('Circle Axis2P3D',#3885,#3886,$) ;
#3896=AXIS2_PLACEMENT_3D('Circle Axis2P3D',#3894,#3895,$) ;
#3905=AXIS2_PLACEMENT_3D('Circle Axis2P3D',#3903,#3904,$) ;
#3914=AXIS2_PLACEMENT_3D('Circle Axis2P3D',#3912,#3913,$) ;
#3923=AXIS2_PLACEMENT_3D('Circle Axis2P3D',#3921,#3922,$) ;
#3932=AXIS2_PLACEMENT_3D('Circle Axis2P3D',#3930,#3931,$) ;
#3941=AXIS2_PLACEMENT_3D('Circle Axis2P3D',#3939,#3940,$) ;
#3950=AXIS2_PLACEMENT_3D('Circle Axis2P3D',#3948,#3949,$) ;
#3959=AXIS2_PLACEMENT_3D('Circle Axis2P3D',#3957,#3958,$) ;
#3968=AXIS2_PLACEMENT_3D('Circle Axis2P3D',#3966,#3967,$) ;
#3977=AXIS2_PLACEMENT_3D('Circle Axis2P3D',#3975,#3976,$) ;
#3986=AXIS2_PLACEMENT_3D('Circle Axis2P3D',#3984,#3985,$) ;
#3995=AXIS2_PLACEMENT_3D('Circle Axis2P3D',#3993,#3994,$) ;
#4004=AXIS2_PLACEMENT_3D('Circle Axis2P3D',#4002,#4003,$) ;
#4013=AXIS2_PLACEMENT_3D('Circle Axis2P3D',#4011,#4012,$) ;
#4022=AXIS2_PLACEMENT_3D('Circle Axis2P3D',#4020,#4021,$) ;
#4031=AXIS2_PLACEMENT_3D('Circle Axis2P3D',#4029,#4030,$) ;
#4040=AXIS2_PLACEMENT_3D('Circle Axis2P3D',#4038,#4039,$) ;
#4049=AXIS2_PLACEMENT_3D('Circle Axis2P3D',#4047,#4048,$) ;
#4058=AXIS2_PLACEMENT_3D('Circle Axis2P3D',#4056,#4057,$) ;
#4069=AXIS2_PLACEMENT_3D('Cylinder Axis2P3D',#4066,#4067,#4068) ;
#4097=AXIS2_PLACEMENT_3D('Circle Axis2P3D',#4095,#4096,$) ;
#4106=AXIS2_PLACEMENT_3D('Circle Axis2P3D',#4104,#4105,$) ;
#4117=AXIS2_PLACEMENT_3D('Cylinder Axis2P3D',#4114,#4115,#4116) ;
#4145=AXIS2_PLACEMENT_3D('Circle Axis2P3D',#4143,#4144,$) ;
#4154=AXIS2_PLACEMENT_3D('Circle Axis2P3D',#4152,#4153,$) ;
#4165=AXIS2_PLACEMENT_3D('Cylinder Axis2P3D',#4162,#4163,#4164) ;
#4193=AXIS2_PLACEMENT_3D('Circle Axis2P3D',#4191,#4192,$) ;
#4202=AXIS2_PLACEMENT_3D('Circle Axis2P3D',#4200,#4201,$) ;
#4213=AXIS2_PLACEMENT_3D('Cylinder Axis2P3D',#4210,#4211,#4212) ;
#4241=AXIS2_PLACEMENT_3D('Circle Axis2P3D',#4239,#4240,$) ;
#4250=AXIS2_PLACEMENT_3D('Circle Axis2P3D',#4248,#4249,$) ;
#4261=AXIS2_PLACEMENT_3D('Cylinder Axis2P3D',#4258,#4259,#4260) ;
#4289=AXIS2_PLACEMENT_3D('Circle Axis2P3D',#4287,#4288,$) ;
#4298=AXIS2_PLACEMENT_3D('Circle Axis2P3D',#4296,#4297,$) ;
#4309=AXIS2_PLACEMENT_3D('Cylinder Axis2P3D',#4306,#4307,#4308) ;
#4337=AXIS2_PLACEMENT_3D('Circle Axis2P3D',#4335,#4336,$) ;
#4346=AXIS2_PLACEMENT_3D('Circle Axis2P3D',#4344,#4345,$) ;
#4357=AXIS2_PLACEMENT_3D('Cylinder Axis2P3D',#4354,#4355,#4356) ;
#4385=AXIS2_PLACEMENT_3D('Circle Axis2P3D',#4383,#4384,$) ;
#4394=AXIS2_PLACEMENT_3D('Circle Axis2P3D',#4392,#4393,$) ;
#4405=AXIS2_PLACEMENT_3D('Cylinder Axis2P3D',#4402,#4403,#4404) ;
#4433=AXIS2_PLACEMENT_3D('Circle Axis2P3D',#4431,#4432,$) ;
#4442=AXIS2_PLACEMENT_3D('Circle Axis2P3D',#4440,#4441,$) ;
#4453=AXIS2_PLACEMENT_3D('Cylinder Axis2P3D',#4450,#4451,#4452) ;
#4481=AXIS2_PLACEMENT_3D('Circle Axis2P3D',#4479,#4480,$) ;
#4490=AXIS2_PLACEMENT_3D('Circle Axis2P3D',#4488,#4489,$) ;
#4501=AXIS2_PLACEMENT_3D('Cylinder Axis2P3D',#4498,#4499,#4500) ;
#4529=AXIS2_PLACEMENT_3D('Circle Axis2P3D',#4527,#4528,$) ;
#4538=AXIS2_PLACEMENT_3D('Circle Axis2P3D',#4536,#4537,$) ;
#4549=AXIS2_PLACEMENT_3D('Cylinder Axis2P3D',#4546,#4547,#4548) ;
#4577=AXIS2_PLACEMENT_3D('Circle Axis2P3D',#4575,#4576,$) ;
#4586=AXIS2_PLACEMENT_3D('Circle Axis2P3D',#4584,#4585,$) ;
#4597=AXIS2_PLACEMENT_3D('Cylinder Axis2P3D',#4594,#4595,#4596) ;
#4625=AXIS2_PLACEMENT_3D('Circle Axis2P3D',#4623,#4624,$) ;
#4634=AXIS2_PLACEMENT_3D('Circle Axis2P3D',#4632,#4633,$) ;
#4645=AXIS2_PLACEMENT_3D('Cylinder Axis2P3D',#4642,#4643,#4644) ;
#40=PRODUCT_DEFINITION_SHAPE(' ',' ',#14) ;
#31=APPROVAL_PERSON_ORGANIZATION(#25,#21,#19) ;
#25=PERSON_AND_ORGANIZATION(#22,#23) ;
#22=PERSON(' ',' ',' ',$,$,$) ;
#23=ORGANIZATION(' ',' ',' ') ;
#21=APPROVAL(#20,' ') ;
#20=APPROVAL_STATUS('not_yet_approved') ;
#19=APPROVAL_ROLE('APPROVER') ;
#13=DATE_AND_TIME(#11,#12) ;
#12=LOCAL_TIME(17,12,11.,#10) ;
#10=COORDINATED_UNIVERSAL_TIME_OFFSET(0,0,.AHEAD.) ;
#72=ORIENTED_EDGE('',*,*,#65,.F.) ;
#73=ORIENTED_EDGE('',*,*,#70,.F.) ;
#124=ORIENTED_EDGE('',*,*,#89,.T.) ;
#125=ORIENTED_EDGE('',*,*,#96,.F.) ;
#126=ORIENTED_EDGE('',*,*,#103,.F.) ;
#127=ORIENTED_EDGE('',*,*,#110,.F.) ;
#128=ORIENTED_EDGE('',*,*,#117,.T.) ;
#129=ORIENTED_EDGE('',*,*,#122,.T.) ;
#192=ORIENTED_EDGE('',*,*,#145,.T.) ;
#193=ORIENTED_EDGE('',*,*,#152,.F.) ;
#194=ORIENTED_EDGE('',*,*,#159,.F.) ;
#195=ORIENTED_EDGE('',*,*,#166,.F.) ;
#196=ORIENTED_EDGE('',*,*,#173,.F.) ;
#197=ORIENTED_EDGE('',*,*,#178,.F.) ;
#198=ORIENTED_EDGE('',*,*,#117,.F.) ;
#199=ORIENTED_EDGE('',*,*,#185,.F.) ;
#200=ORIENTED_EDGE('',*,*,#190,.F.) ;
#275=ORIENTED_EDGE('',*,*,#216,.T.) ;
#276=ORIENTED_EDGE('',*,*,#250,.T.) ;
#277=ORIENTED_EDGE('',*,*,#257,.T.) ;
#278=ORIENTED_EDGE('',*,*,#262,.T.) ;
#279=ORIENTED_EDGE('',*,*,#122,.F.) ;
#280=ORIENTED_EDGE('',*,*,#178,.T.) ;
#281=ORIENTED_EDGE('',*,*,#273,.T.) ;
#319=ORIENTED_EDGE('',*,*,#291,.T.) ;
#320=ORIENTED_EDGE('',*,*,#298,.F.) ;
#321=ORIENTED_EDGE('',*,*,#305,.T.) ;
#322=ORIENTED_EDGE('',*,*,#312,.F.) ;
#323=ORIENTED_EDGE('',*,*,#317,.T.) ;
#392=ORIENTED_EDGE('',*,*,#358,.T.) ;
#393=ORIENTED_EDGE('',*,*,#390,.T.) ;
#429=ORIENTED_EDGE('',*,*,#401,.T.) ;
#430=ORIENTED_EDGE('',*,*,#408,.F.) ;
#431=ORIENTED_EDGE('',*,*,#415,.T.) ;
#432=ORIENTED_EDGE('',*,*,#422,.F.) ;
#433=ORIENTED_EDGE('',*,*,#427,.T.) ;
#454=ORIENTED_EDGE('',*,*,#89,.F.) ;
#455=ORIENTED_EDGE('',*,*,#262,.F.) ;
#456=ORIENTED_EDGE('',*,*,#447,.F.) ;
#457=ORIENTED_EDGE('',*,*,#452,.F.) ;
#521=ORIENTED_EDGE('',*,*,#471,.F.) ;
#522=ORIENTED_EDGE('',*,*,#478,.T.) ;
#523=ORIENTED_EDGE('',*,*,#485,.T.) ;
#524=ORIENTED_EDGE('',*,*,#514,.T.) ;
#525=ORIENTED_EDGE('',*,*,#145,.F.) ;
#526=ORIENTED_EDGE('',*,*,#519,.T.) ;
#554=ORIENTED_EDGE('',*,*,#540,.F.) ;
#555=ORIENTED_EDGE('',*,*,#547,.T.) ;
#556=ORIENTED_EDGE('',*,*,#552,.T.) ;
#557=ORIENTED_EDGE('',*,*,#250,.F.) ;
#585=ORIENTED_EDGE('',*,*,#573,.T.) ;
#586=ORIENTED_EDGE('',*,*,#578,.T.) ;
#587=ORIENTED_EDGE('',*,*,#291,.F.) ;
#588=ORIENTED_EDGE('',*,*,#583,.F.) ;
#616=ORIENTED_EDGE('',*,*,#602,.F.) ;
#617=ORIENTED_EDGE('',*,*,#609,.T.) ;
#618=ORIENTED_EDGE('',*,*,#614,.T.) ;
#619=ORIENTED_EDGE('',*,*,#305,.F.) ;
#635=ORIENTED_EDGE('',*,*,#628,.F.) ;
#636=ORIENTED_EDGE('',*,*,#633,.T.) ;
#637=ORIENTED_EDGE('',*,*,#583,.T.) ;
#638=ORIENTED_EDGE('',*,*,#317,.F.) ;
#659=ORIENTED_EDGE('',*,*,#583,.F.) ;
#660=ORIENTED_EDGE('',*,*,#652,.T.) ;
#661=ORIENTED_EDGE('',*,*,#657,.T.) ;
#662=ORIENTED_EDGE('',*,*,#358,.F.) ;
#671=ORIENTED_EDGE('',*,*,#657,.F.) ;
#672=ORIENTED_EDGE('',*,*,#669,.T.) ;
#673=ORIENTED_EDGE('',*,*,#583,.T.) ;
#674=ORIENTED_EDGE('',*,*,#390,.F.) ;
#695=ORIENTED_EDGE('',*,*,#657,.F.) ;
#696=ORIENTED_EDGE('',*,*,#688,.T.) ;
#697=ORIENTED_EDGE('',*,*,#693,.T.) ;
#698=ORIENTED_EDGE('',*,*,#401,.F.) ;
#726=ORIENTED_EDGE('',*,*,#712,.F.) ;
#727=ORIENTED_EDGE('',*,*,#719,.T.) ;
#728=ORIENTED_EDGE('',*,*,#724,.T.) ;
#729=ORIENTED_EDGE('',*,*,#415,.F.) ;
#745=ORIENTED_EDGE('',*,*,#738,.F.) ;
#746=ORIENTED_EDGE('',*,*,#743,.T.) ;
#747=ORIENTED_EDGE('',*,*,#657,.T.) ;
#748=ORIENTED_EDGE('',*,*,#427,.F.) ;
#771=ORIENTED_EDGE('',*,*,#764,.F.) ;
#772=ORIENTED_EDGE('',*,*,#769,.F.) ;
#789=ORIENTED_EDGE('',*,*,#782,.T.) ;
#790=ORIENTED_EDGE('',*,*,#787,.T.) ;
#807=ORIENTED_EDGE('',*,*,#800,.T.) ;
#808=ORIENTED_EDGE('',*,*,#805,.T.) ;
#825=ORIENTED_EDGE('',*,*,#818,.T.) ;
#826=ORIENTED_EDGE('',*,*,#823,.T.) ;
#834=ORIENTED_EDGE('',*,*,#832,.F.) ;
#835=ORIENTED_EDGE('',*,*,#478,.F.) ;
#852=ORIENTED_EDGE('',*,*,#845,.T.) ;
#853=ORIENTED_EDGE('',*,*,#850,.T.) ;
#870=ORIENTED_EDGE('',*,*,#863,.T.) ;
#871=ORIENTED_EDGE('',*,*,#868,.T.) ;
#888=ORIENTED_EDGE('',*,*,#881,.T.) ;
#889=ORIENTED_EDGE('',*,*,#886,.T.) ;
#912=ORIENTED_EDGE('',*,*,#905,.T.) ;
#913=ORIENTED_EDGE('',*,*,#910,.T.) ;
#930=ORIENTED_EDGE('',*,*,#923,.F.) ;
#931=ORIENTED_EDGE('',*,*,#928,.F.) ;
#948=ORIENTED_EDGE('',*,*,#941,.F.) ;
#949=ORIENTED_EDGE('',*,*,#946,.F.) ;
#957=ORIENTED_EDGE('',*,*,#955,.F.) ;
#958=ORIENTED_EDGE('',*,*,#547,.F.) ;
#975=ORIENTED_EDGE('',*,*,#968,.F.) ;
#976=ORIENTED_EDGE('',*,*,#973,.F.) ;
#993=ORIENTED_EDGE('',*,*,#986,.F.) ;
#994=ORIENTED_EDGE('',*,*,#991,.F.) ;
#1011=ORIENTED_EDGE('',*,*,#1004,.F.) ;
#1012=ORIENTED_EDGE('',*,*,#1009,.F.) ;
#1029=ORIENTED_EDGE('',*,*,#1022,.F.) ;
#1030=ORIENTED_EDGE('',*,*,#1027,.F.) ;
#1053=ORIENTED_EDGE('',*,*,#1046,.T.) ;
#1054=ORIENTED_EDGE('',*,*,#1051,.T.) ;
#1071=ORIENTED_EDGE('',*,*,#1064,.F.) ;
#1072=ORIENTED_EDGE('',*,*,#1069,.F.) ;
#1085=ORIENTED_EDGE('',*,*,#633,.F.) ;
#1086=ORIENTED_EDGE('',*,*,#1078,.F.) ;
#1087=ORIENTED_EDGE('',*,*,#609,.F.) ;
#1088=ORIENTED_EDGE('',*,*,#1083,.F.) ;
#1089=ORIENTED_EDGE('',*,*,#573,.F.) ;
#1092=ORIENTED_EDGE('',*,*,#669,.F.) ;
#1093=ORIENTED_EDGE('',*,*,#652,.F.) ;
#1106=ORIENTED_EDGE('',*,*,#743,.F.) ;
#1107=ORIENTED_EDGE('',*,*,#1099,.F.) ;
#1108=ORIENTED_EDGE('',*,*,#719,.F.) ;
#1109=ORIENTED_EDGE('',*,*,#1104,.F.) ;
#1110=ORIENTED_EDGE('',*,*,#688,.F.) ;
#1127=ORIENTED_EDGE('',*,*,#1120,.F.) ;
#1128=ORIENTED_EDGE('',*,*,#1125,.F.) ;
#1145=ORIENTED_EDGE('',*,*,#1138,.F.) ;
#1146=ORIENTED_EDGE('',*,*,#1143,.F.) ;
#1163=ORIENTED_EDGE('',*,*,#1156,.F.) ;
#1164=ORIENTED_EDGE('',*,*,#1161,.F.) ;
#1181=ORIENTED_EDGE('',*,*,#1174,.F.) ;
#1182=ORIENTED_EDGE('',*,*,#1179,.F.) ;
#1199=ORIENTED_EDGE('',*,*,#1192,.F.) ;
#1200=ORIENTED_EDGE('',*,*,#1197,.F.) ;
#1228=ORIENTED_EDGE('',*,*,#787,.F.) ;
#1229=ORIENTED_EDGE('',*,*,#1214,.F.) ;
#1230=ORIENTED_EDGE('',*,*,#1221,.T.) ;
#1231=ORIENTED_EDGE('',*,*,#1226,.T.) ;
#1240=ORIENTED_EDGE('',*,*,#782,.F.) ;
#1241=ORIENTED_EDGE('',*,*,#1226,.F.) ;
#1242=ORIENTED_EDGE('',*,*,#1238,.T.) ;
#1243=ORIENTED_EDGE('',*,*,#1214,.T.) ;
#1271=ORIENTED_EDGE('',*,*,#805,.F.) ;
#1272=ORIENTED_EDGE('',*,*,#1257,.F.) ;
#1273=ORIENTED_EDGE('',*,*,#1264,.T.) ;
#1274=ORIENTED_EDGE('',*,*,#1269,.T.) ;
#1283=ORIENTED_EDGE('',*,*,#800,.F.) ;
#1284=ORIENTED_EDGE('',*,*,#1269,.F.) ;
#1285=ORIENTED_EDGE('',*,*,#1281,.T.) ;
#1286=ORIENTED_EDGE('',*,*,#1257,.T.) ;
#1314=ORIENTED_EDGE('',*,*,#823,.F.) ;
#1315=ORIENTED_EDGE('',*,*,#1300,.F.) ;
#1316=ORIENTED_EDGE('',*,*,#1307,.T.) ;
#1317=ORIENTED_EDGE('',*,*,#1312,.T.) ;
#1326=ORIENTED_EDGE('',*,*,#818,.F.) ;
#1327=ORIENTED_EDGE('',*,*,#1312,.F.) ;
#1328=ORIENTED_EDGE('',*,*,#1324,.T.) ;
#1329=ORIENTED_EDGE('',*,*,#1300,.T.) ;
#1357=ORIENTED_EDGE('',*,*,#850,.F.) ;
#1358=ORIENTED_EDGE('',*,*,#1343,.F.) ;
#1359=ORIENTED_EDGE('',*,*,#1350,.T.) ;
#1360=ORIENTED_EDGE('',*,*,#1355,.T.) ;
#1369=ORIENTED_EDGE('',*,*,#845,.F.) ;
#1370=ORIENTED_EDGE('',*,*,#1355,.F.) ;
#1371=ORIENTED_EDGE('',*,*,#1367,.T.) ;
#1372=ORIENTED_EDGE('',*,*,#1343,.T.) ;
#1400=ORIENTED_EDGE('',*,*,#868,.F.) ;
#1401=ORIENTED_EDGE('',*,*,#1386,.F.) ;
#1402=ORIENTED_EDGE('',*,*,#1393,.T.) ;
#1403=ORIENTED_EDGE('',*,*,#1398,.T.) ;
#1412=ORIENTED_EDGE('',*,*,#863,.F.) ;
#1413=ORIENTED_EDGE('',*,*,#1398,.F.) ;
#1414=ORIENTED_EDGE('',*,*,#1410,.T.) ;
#1415=ORIENTED_EDGE('',*,*,#1386,.T.) ;
#1443=ORIENTED_EDGE('',*,*,#886,.F.) ;
#1444=ORIENTED_EDGE('',*,*,#1429,.F.) ;
#1445=ORIENTED_EDGE('',*,*,#1436,.T.) ;
#1446=ORIENTED_EDGE('',*,*,#1441,.T.) ;
#1455=ORIENTED_EDGE('',*,*,#881,.F.) ;
#1456=ORIENTED_EDGE('',*,*,#1441,.F.) ;
#1457=ORIENTED_EDGE('',*,*,#1453,.T.) ;
#1458=ORIENTED_EDGE('',*,*,#1429,.T.) ;
#1486=ORIENTED_EDGE('',*,*,#1472,.F.) ;
#1487=ORIENTED_EDGE('',*,*,#1479,.T.) ;
#1488=ORIENTED_EDGE('',*,*,#1484,.T.) ;
#1489=ORIENTED_EDGE('',*,*,#905,.F.) ;
#1498=ORIENTED_EDGE('',*,*,#1484,.F.) ;
#1499=ORIENTED_EDGE('',*,*,#1496,.T.) ;
#1500=ORIENTED_EDGE('',*,*,#1472,.T.) ;
#1501=ORIENTED_EDGE('',*,*,#910,.F.) ;
#1529=ORIENTED_EDGE('',*,*,#1515,.F.) ;
#1530=ORIENTED_EDGE('',*,*,#1522,.T.) ;
#1531=ORIENTED_EDGE('',*,*,#1527,.T.) ;
#1532=ORIENTED_EDGE('',*,*,#1046,.F.) ;
#1541=ORIENTED_EDGE('',*,*,#1527,.F.) ;
#1542=ORIENTED_EDGE('',*,*,#1539,.T.) ;
#1543=ORIENTED_EDGE('',*,*,#1515,.T.) ;
#1544=ORIENTED_EDGE('',*,*,#1051,.F.) ;
#1567=ORIENTED_EDGE('',*,*,#1560,.T.) ;
#1568=ORIENTED_EDGE('',*,*,#1565,.T.) ;
#1571=ORIENTED_EDGE('',*,*,#1238,.F.) ;
#1572=ORIENTED_EDGE('',*,*,#1221,.F.) ;
#1575=ORIENTED_EDGE('',*,*,#1281,.F.) ;
#1576=ORIENTED_EDGE('',*,*,#1264,.F.) ;
#1579=ORIENTED_EDGE('',*,*,#1307,.F.) ;
#1580=ORIENTED_EDGE('',*,*,#1324,.F.) ;
#1597=ORIENTED_EDGE('',*,*,#1590,.F.) ;
#1598=ORIENTED_EDGE('',*,*,#1595,.F.) ;
#1601=ORIENTED_EDGE('',*,*,#1367,.F.) ;
#1602=ORIENTED_EDGE('',*,*,#1350,.F.) ;
#1605=ORIENTED_EDGE('',*,*,#1410,.F.) ;
#1606=ORIENTED_EDGE('',*,*,#1393,.F.) ;
#1609=ORIENTED_EDGE('',*,*,#1453,.F.) ;
#1610=ORIENTED_EDGE('',*,*,#1436,.F.) ;
#1619=ORIENTED_EDGE('',*,*,#1496,.F.) ;
#1620=ORIENTED_EDGE('',*,*,#1479,.F.) ;
#1637=ORIENTED_EDGE('',*,*,#1630,.F.) ;
#1638=ORIENTED_EDGE('',*,*,#1635,.F.) ;
#1655=ORIENTED_EDGE('',*,*,#1648,.F.) ;
#1656=ORIENTED_EDGE('',*,*,#1653,.F.) ;
#1673=ORIENTED_EDGE('',*,*,#1666,.F.) ;
#1674=ORIENTED_EDGE('',*,*,#1671,.F.) ;
#1691=ORIENTED_EDGE('',*,*,#1684,.F.) ;
#1692=ORIENTED_EDGE('',*,*,#1689,.F.) ;
#1709=ORIENTED_EDGE('',*,*,#1702,.F.) ;
#1710=ORIENTED_EDGE('',*,*,#1707,.F.) ;
#1727=ORIENTED_EDGE('',*,*,#1720,.F.) ;
#1728=ORIENTED_EDGE('',*,*,#1725,.F.) ;
#1745=ORIENTED_EDGE('',*,*,#1738,.F.) ;
#1746=ORIENTED_EDGE('',*,*,#1743,.F.) ;
#1755=ORIENTED_EDGE('',*,*,#1539,.F.) ;
#1756=ORIENTED_EDGE('',*,*,#1522,.F.) ;
#1773=ORIENTED_EDGE('',*,*,#1766,.F.) ;
#1774=ORIENTED_EDGE('',*,*,#1771,.F.) ;
#1791=ORIENTED_EDGE('',*,*,#1784,.F.) ;
#1792=ORIENTED_EDGE('',*,*,#1789,.F.) ;
#1809=ORIENTED_EDGE('',*,*,#1802,.F.) ;
#1810=ORIENTED_EDGE('',*,*,#1807,.F.) ;
#1827=ORIENTED_EDGE('',*,*,#1820,.F.) ;
#1828=ORIENTED_EDGE('',*,*,#1825,.F.) ;
#1845=ORIENTED_EDGE('',*,*,#1838,.F.) ;
#1846=ORIENTED_EDGE('',*,*,#1843,.F.) ;
#1863=ORIENTED_EDGE('',*,*,#1856,.F.) ;
#1864=ORIENTED_EDGE('',*,*,#1861,.F.) ;
#1881=ORIENTED_EDGE('',*,*,#1874,.F.) ;
#1882=ORIENTED_EDGE('',*,*,#1879,.F.) ;
#1975=ORIENTED_EDGE('',*,*,#1919,.T.) ;
#1976=ORIENTED_EDGE('',*,*,#1926,.T.) ;
#1977=ORIENTED_EDGE('',*,*,#1933,.F.) ;
#1978=ORIENTED_EDGE('',*,*,#1940,.F.) ;
#1979=ORIENTED_EDGE('',*,*,#1947,.T.) ;
#1980=ORIENTED_EDGE('',*,*,#1954,.T.) ;
#1981=ORIENTED_EDGE('',*,*,#1961,.F.) ;
#1982=ORIENTED_EDGE('',*,*,#1968,.T.) ;
#1983=ORIENTED_EDGE('',*,*,#1973,.T.) ;
#2044=ORIENTED_EDGE('',*,*,#2011,.T.) ;
#2045=ORIENTED_EDGE('',*,*,#1973,.F.) ;
#2046=ORIENTED_EDGE('',*,*,#2018,.T.) ;
#2047=ORIENTED_EDGE('',*,*,#2025,.T.) ;
#2048=ORIENTED_EDGE('',*,*,#2032,.T.) ;
#2049=ORIENTED_EDGE('',*,*,#2037,.T.) ;
#2050=ORIENTED_EDGE('',*,*,#1940,.T.) ;
#2051=ORIENTED_EDGE('',*,*,#2042,.F.) ;
#2052=ORIENTED_EDGE('',*,*,#1926,.F.) ;
#2089=ORIENTED_EDGE('',*,*,#2068,.F.) ;
#2090=ORIENTED_EDGE('',*,*,#2075,.T.) ;
#2091=ORIENTED_EDGE('',*,*,#2082,.T.) ;
#2092=ORIENTED_EDGE('',*,*,#2087,.F.) ;
#2106=ORIENTED_EDGE('',*,*,#2082,.F.) ;
#2107=ORIENTED_EDGE('',*,*,#2099,.T.) ;
#2108=ORIENTED_EDGE('',*,*,#2068,.T.) ;
#2109=ORIENTED_EDGE('',*,*,#2104,.F.) ;
#2132=ORIENTED_EDGE('',*,*,#2125,.F.) ;
#2133=ORIENTED_EDGE('',*,*,#2130,.F.) ;
#2184=ORIENTED_EDGE('',*,*,#2149,.T.) ;
#2185=ORIENTED_EDGE('',*,*,#2156,.T.) ;
#2186=ORIENTED_EDGE('',*,*,#2163,.T.) ;
#2187=ORIENTED_EDGE('',*,*,#2170,.F.) ;
#2188=ORIENTED_EDGE('',*,*,#2177,.F.) ;
#2189=ORIENTED_EDGE('',*,*,#2182,.T.) ;
#2205=ORIENTED_EDGE('',*,*,#2177,.T.) ;
#2206=ORIENTED_EDGE('',*,*,#2198,.F.) ;
#2207=ORIENTED_EDGE('',*,*,#2203,.F.) ;
#2235=ORIENTED_EDGE('',*,*,#2221,.F.) ;
#2236=ORIENTED_EDGE('',*,*,#2228,.T.) ;
#2237=ORIENTED_EDGE('',*,*,#2233,.T.) ;
#2238=ORIENTED_EDGE('',*,*,#2156,.F.) ;
#2247=ORIENTED_EDGE('',*,*,#2245,.F.) ;
#2248=ORIENTED_EDGE('',*,*,#2228,.F.) ;
#2265=ORIENTED_EDGE('',*,*,#2258,.T.) ;
#2266=ORIENTED_EDGE('',*,*,#2263,.T.) ;
#2289=ORIENTED_EDGE('',*,*,#2275,.F.) ;
#2290=ORIENTED_EDGE('',*,*,#2282,.T.) ;
#2291=ORIENTED_EDGE('',*,*,#2287,.T.) ;
#2292=ORIENTED_EDGE('',*,*,#2263,.F.) ;
#2301=ORIENTED_EDGE('',*,*,#2287,.F.) ;
#2302=ORIENTED_EDGE('',*,*,#2299,.T.) ;
#2303=ORIENTED_EDGE('',*,*,#2275,.T.) ;
#2304=ORIENTED_EDGE('',*,*,#2258,.F.) ;
#2322=ORIENTED_EDGE('',*,*,#2315,.T.) ;
#2323=ORIENTED_EDGE('',*,*,#2320,.F.) ;
#2346=ORIENTED_EDGE('',*,*,#2339,.T.) ;
#2347=ORIENTED_EDGE('',*,*,#2344,.T.) ;
#2365=ORIENTED_EDGE('',*,*,#2358,.T.) ;
#2366=ORIENTED_EDGE('',*,*,#2363,.T.) ;
#2384=ORIENTED_EDGE('',*,*,#2377,.T.) ;
#2385=ORIENTED_EDGE('',*,*,#2382,.T.) ;
#2403=ORIENTED_EDGE('',*,*,#2396,.T.) ;
#2404=ORIENTED_EDGE('',*,*,#2401,.T.) ;
#2422=ORIENTED_EDGE('',*,*,#2415,.T.) ;
#2423=ORIENTED_EDGE('',*,*,#2420,.T.) ;
#2459=ORIENTED_EDGE('',*,*,#2432,.F.) ;
#2460=ORIENTED_EDGE('',*,*,#2315,.F.) ;
#2461=ORIENTED_EDGE('',*,*,#2442,.T.) ;
#2462=ORIENTED_EDGE('',*,*,#2450,.F.) ;
#2463=ORIENTED_EDGE('',*,*,#2125,.T.) ;
#2464=ORIENTED_EDGE('',*,*,#2457,.T.) ;
#2465=ORIENTED_EDGE('',*,*,#2163,.F.) ;
#2466=ORIENTED_EDGE('',*,*,#2233,.F.) ;
#2467=ORIENTED_EDGE('',*,*,#2245,.T.) ;
#2468=ORIENTED_EDGE('',*,*,#2221,.T.) ;
#2469=ORIENTED_EDGE('',*,*,#2149,.F.) ;
#2497=ORIENTED_EDGE('',*,*,#2485,.T.) ;
#2498=ORIENTED_EDGE('',*,*,#2490,.T.) ;
#2499=ORIENTED_EDGE('',*,*,#2495,.T.) ;
#2592=ORIENTED_EDGE('',*,*,#2516,.T.) ;
#2593=ORIENTED_EDGE('',*,*,#2544,.T.) ;
#2594=ORIENTED_EDGE('',*,*,#2557,.F.) ;
#2595=ORIENTED_EDGE('',*,*,#2564,.F.) ;
#2596=ORIENTED_EDGE('',*,*,#2571,.F.) ;
#2597=ORIENTED_EDGE('',*,*,#2578,.F.) ;
#2598=ORIENTED_EDGE('',*,*,#2585,.T.) ;
#2599=ORIENTED_EDGE('',*,*,#2590,.F.) ;
#2622=ORIENTED_EDGE('',*,*,#2610,.T.) ;
#2623=ORIENTED_EDGE('',*,*,#2615,.T.) ;
#2624=ORIENTED_EDGE('',*,*,#2578,.T.) ;
#2625=ORIENTED_EDGE('',*,*,#2620,.F.) ;
#2634=ORIENTED_EDGE('',*,*,#1933,.T.) ;
#2635=ORIENTED_EDGE('',*,*,#2042,.T.) ;
#2638=ORIENTED_EDGE('',*,*,#2299,.F.) ;
#2639=ORIENTED_EDGE('',*,*,#2282,.F.) ;
#2676=ORIENTED_EDGE('',*,*,#2655,.F.) ;
#2677=ORIENTED_EDGE('',*,*,#2662,.T.) ;
#2678=ORIENTED_EDGE('',*,*,#2669,.T.) ;
#2679=ORIENTED_EDGE('',*,*,#2674,.F.) ;
#2693=ORIENTED_EDGE('',*,*,#2669,.F.) ;
#2694=ORIENTED_EDGE('',*,*,#2686,.T.) ;
#2695=ORIENTED_EDGE('',*,*,#2655,.T.) ;
#2696=ORIENTED_EDGE('',*,*,#2691,.F.) ;
#2724=ORIENTED_EDGE('',*,*,#2710,.F.) ;
#2725=ORIENTED_EDGE('',*,*,#2717,.T.) ;
#2726=ORIENTED_EDGE('',*,*,#2722,.T.) ;
#2727=ORIENTED_EDGE('',*,*,#2344,.F.) ;
#2736=ORIENTED_EDGE('',*,*,#2722,.F.) ;
#2737=ORIENTED_EDGE('',*,*,#2734,.T.) ;
#2738=ORIENTED_EDGE('',*,*,#2710,.T.) ;
#2739=ORIENTED_EDGE('',*,*,#2339,.F.) ;
#2767=ORIENTED_EDGE('',*,*,#2753,.F.) ;
#2768=ORIENTED_EDGE('',*,*,#2760,.T.) ;
#2769=ORIENTED_EDGE('',*,*,#2765,.T.) ;
#2770=ORIENTED_EDGE('',*,*,#2363,.F.) ;
#2779=ORIENTED_EDGE('',*,*,#2765,.F.) ;
#2780=ORIENTED_EDGE('',*,*,#2777,.T.) ;
#2781=ORIENTED_EDGE('',*,*,#2753,.T.) ;
#2782=ORIENTED_EDGE('',*,*,#2358,.F.) ;
#2810=ORIENTED_EDGE('',*,*,#2796,.F.) ;
#2811=ORIENTED_EDGE('',*,*,#2803,.T.) ;
#2812=ORIENTED_EDGE('',*,*,#2808,.T.) ;
#2813=ORIENTED_EDGE('',*,*,#2382,.F.) ;
#2822=ORIENTED_EDGE('',*,*,#2808,.F.) ;
#2823=ORIENTED_EDGE('',*,*,#2820,.T.) ;
#2824=ORIENTED_EDGE('',*,*,#2796,.T.) ;
#2825=ORIENTED_EDGE('',*,*,#2377,.F.) ;
#2853=ORIENTED_EDGE('',*,*,#2839,.F.) ;
#2854=ORIENTED_EDGE('',*,*,#2846,.T.) ;
#2855=ORIENTED_EDGE('',*,*,#2851,.T.) ;
#2856=ORIENTED_EDGE('',*,*,#2401,.F.) ;
#2865=ORIENTED_EDGE('',*,*,#2851,.F.) ;
#2866=ORIENTED_EDGE('',*,*,#2863,.T.) ;
#2867=ORIENTED_EDGE('',*,*,#2839,.T.) ;
#2868=ORIENTED_EDGE('',*,*,#2396,.F.) ;
#2896=ORIENTED_EDGE('',*,*,#2882,.F.) ;
#2897=ORIENTED_EDGE('',*,*,#2889,.T.) ;
#2898=ORIENTED_EDGE('',*,*,#2894,.T.) ;
#2899=ORIENTED_EDGE('',*,*,#2420,.F.) ;
#2908=ORIENTED_EDGE('',*,*,#2894,.F.) ;
#2909=ORIENTED_EDGE('',*,*,#2906,.T.) ;
#2910=ORIENTED_EDGE('',*,*,#2882,.T.) ;
#2911=ORIENTED_EDGE('',*,*,#2415,.F.) ;
#2930=ORIENTED_EDGE('',*,*,#2011,.F.) ;
#2931=ORIENTED_EDGE('',*,*,#2923,.F.) ;
#2932=ORIENTED_EDGE('',*,*,#1784,.T.) ;
#2933=ORIENTED_EDGE('',*,*,#2928,.T.) ;
#2937=ORIENTED_EDGE('',*,*,#1919,.F.) ;
#2938=ORIENTED_EDGE('',*,*,#2928,.F.) ;
#2939=ORIENTED_EDGE('',*,*,#1789,.T.) ;
#2940=ORIENTED_EDGE('',*,*,#2923,.T.) ;
#2964=ORIENTED_EDGE('',*,*,#2516,.F.) ;
#2965=ORIENTED_EDGE('',*,*,#2952,.F.) ;
#2966=ORIENTED_EDGE('',*,*,#2557,.T.) ;
#2967=ORIENTED_EDGE('',*,*,#2957,.F.) ;
#2968=ORIENTED_EDGE('',*,*,#1666,.T.) ;
#2969=ORIENTED_EDGE('',*,*,#2962,.T.) ;
#2973=ORIENTED_EDGE('',*,*,#2544,.F.) ;
#2974=ORIENTED_EDGE('',*,*,#2962,.F.) ;
#2975=ORIENTED_EDGE('',*,*,#1671,.T.) ;
#2976=ORIENTED_EDGE('',*,*,#2957,.T.) ;
#2995=ORIENTED_EDGE('',*,*,#2203,.T.) ;
#2996=ORIENTED_EDGE('',*,*,#2988,.F.) ;
#2997=ORIENTED_EDGE('',*,*,#1595,.T.) ;
#2998=ORIENTED_EDGE('',*,*,#2993,.T.) ;
#2999=ORIENTED_EDGE('',*,*,#2442,.F.) ;
#3000=ORIENTED_EDGE('',*,*,#2320,.T.) ;
#3001=ORIENTED_EDGE('',*,*,#2432,.T.) ;
#3002=ORIENTED_EDGE('',*,*,#2182,.F.) ;
#3006=ORIENTED_EDGE('',*,*,#2450,.T.) ;
#3007=ORIENTED_EDGE('',*,*,#2993,.F.) ;
#3008=ORIENTED_EDGE('',*,*,#1590,.T.) ;
#3009=ORIENTED_EDGE('',*,*,#2988,.T.) ;
#3010=ORIENTED_EDGE('',*,*,#2198,.T.) ;
#3011=ORIENTED_EDGE('',*,*,#2170,.T.) ;
#3012=ORIENTED_EDGE('',*,*,#2457,.F.) ;
#3013=ORIENTED_EDGE('',*,*,#2130,.T.) ;
#3032=ORIENTED_EDGE('',*,*,#1197,.T.) ;
#3033=ORIENTED_EDGE('',*,*,#3025,.F.) ;
#3034=ORIENTED_EDGE('',*,*,#1879,.T.) ;
#3035=ORIENTED_EDGE('',*,*,#3030,.T.) ;
#3039=ORIENTED_EDGE('',*,*,#1192,.T.) ;
#3040=ORIENTED_EDGE('',*,*,#3030,.F.) ;
#3041=ORIENTED_EDGE('',*,*,#1874,.T.) ;
#3042=ORIENTED_EDGE('',*,*,#3025,.T.) ;
#3061=ORIENTED_EDGE('',*,*,#1179,.T.) ;
#3062=ORIENTED_EDGE('',*,*,#3054,.F.) ;
#3063=ORIENTED_EDGE('',*,*,#1861,.T.) ;
#3064=ORIENTED_EDGE('',*,*,#3059,.T.) ;
#3068=ORIENTED_EDGE('',*,*,#1174,.T.) ;
#3069=ORIENTED_EDGE('',*,*,#3059,.F.) ;
#3070=ORIENTED_EDGE('',*,*,#1856,.T.) ;
#3071=ORIENTED_EDGE('',*,*,#3054,.T.) ;
#3090=ORIENTED_EDGE('',*,*,#1161,.T.) ;
#3091=ORIENTED_EDGE('',*,*,#3083,.F.) ;
#3092=ORIENTED_EDGE('',*,*,#1843,.T.) ;
#3093=ORIENTED_EDGE('',*,*,#3088,.T.) ;
#3097=ORIENTED_EDGE('',*,*,#1156,.T.) ;
#3098=ORIENTED_EDGE('',*,*,#3088,.F.) ;
#3099=ORIENTED_EDGE('',*,*,#1838,.T.) ;
#3100=ORIENTED_EDGE('',*,*,#3083,.T.) ;
#3119=ORIENTED_EDGE('',*,*,#1143,.T.) ;
#3120=ORIENTED_EDGE('',*,*,#3112,.F.) ;
#3121=ORIENTED_EDGE('',*,*,#1825,.T.) ;
#3122=ORIENTED_EDGE('',*,*,#3117,.T.) ;
#3126=ORIENTED_EDGE('',*,*,#1138,.T.) ;
#3127=ORIENTED_EDGE('',*,*,#3117,.F.) ;
#3128=ORIENTED_EDGE('',*,*,#1820,.T.) ;
#3129=ORIENTED_EDGE('',*,*,#3112,.T.) ;
#3148=ORIENTED_EDGE('',*,*,#1125,.T.) ;
#3149=ORIENTED_EDGE('',*,*,#3141,.F.) ;
#3150=ORIENTED_EDGE('',*,*,#1807,.T.) ;
#3151=ORIENTED_EDGE('',*,*,#3146,.T.) ;
#3155=ORIENTED_EDGE('',*,*,#1120,.T.) ;
#3156=ORIENTED_EDGE('',*,*,#3146,.F.) ;
#3157=ORIENTED_EDGE('',*,*,#1802,.T.) ;
#3158=ORIENTED_EDGE('',*,*,#3141,.T.) ;
#3177=ORIENTED_EDGE('',*,*,#1069,.T.) ;
#3178=ORIENTED_EDGE('',*,*,#3170,.F.) ;
#3179=ORIENTED_EDGE('',*,*,#1766,.T.) ;
#3180=ORIENTED_EDGE('',*,*,#3175,.T.) ;
#3184=ORIENTED_EDGE('',*,*,#1064,.T.) ;
#3185=ORIENTED_EDGE('',*,*,#3175,.F.) ;
#3186=ORIENTED_EDGE('',*,*,#1771,.T.) ;
#3187=ORIENTED_EDGE('',*,*,#3170,.T.) ;
#3206=ORIENTED_EDGE('',*,*,#1027,.T.) ;
#3207=ORIENTED_EDGE('',*,*,#3199,.F.) ;
#3208=ORIENTED_EDGE('',*,*,#1743,.T.) ;
#3209=ORIENTED_EDGE('',*,*,#3204,.T.) ;
#3213=ORIENTED_EDGE('',*,*,#1022,.T.) ;
#3214=ORIENTED_EDGE('',*,*,#3204,.F.) ;
#3215=ORIENTED_EDGE('',*,*,#1738,.T.) ;
#3216=ORIENTED_EDGE('',*,*,#3199,.T.) ;
#3235=ORIENTED_EDGE('',*,*,#1009,.T.) ;
#3236=ORIENTED_EDGE('',*,*,#3228,.F.) ;
#3237=ORIENTED_EDGE('',*,*,#1725,.T.) ;
#3238=ORIENTED_EDGE('',*,*,#3233,.T.) ;
#3242=ORIENTED_EDGE('',*,*,#1004,.T.) ;
#3243=ORIENTED_EDGE('',*,*,#3233,.F.) ;
#3244=ORIENTED_EDGE('',*,*,#1720,.T.) ;
#3245=ORIENTED_EDGE('',*,*,#3228,.T.) ;
#3264=ORIENTED_EDGE('',*,*,#991,.T.) ;
#3265=ORIENTED_EDGE('',*,*,#3257,.F.) ;
#3266=ORIENTED_EDGE('',*,*,#1707,.T.) ;
#3267=ORIENTED_EDGE('',*,*,#3262,.T.) ;
#3271=ORIENTED_EDGE('',*,*,#986,.T.) ;
#3272=ORIENTED_EDGE('',*,*,#3262,.F.) ;
#3273=ORIENTED_EDGE('',*,*,#1702,.T.) ;
#3274=ORIENTED_EDGE('',*,*,#3257,.T.) ;
#3293=ORIENTED_EDGE('',*,*,#973,.T.) ;
#3294=ORIENTED_EDGE('',*,*,#3286,.F.) ;
#3295=ORIENTED_EDGE('',*,*,#1689,.T.) ;
#3296=ORIENTED_EDGE('',*,*,#3291,.T.) ;
#3300=ORIENTED_EDGE('',*,*,#968,.T.) ;
#3301=ORIENTED_EDGE('',*,*,#3291,.F.) ;
#3302=ORIENTED_EDGE('',*,*,#1684,.T.) ;
#3303=ORIENTED_EDGE('',*,*,#3286,.T.) ;
#3322=ORIENTED_EDGE('',*,*,#946,.T.) ;
#3323=ORIENTED_EDGE('',*,*,#3315,.F.) ;
#3324=ORIENTED_EDGE('',*,*,#1648,.T.) ;
#3325=ORIENTED_EDGE('',*,*,#3320,.T.) ;
#3329=ORIENTED_EDGE('',*,*,#941,.T.) ;
#3330=ORIENTED_EDGE('',*,*,#3320,.F.) ;
#3331=ORIENTED_EDGE('',*,*,#1653,.T.) ;
#3332=ORIENTED_EDGE('',*,*,#3315,.T.) ;
#3351=ORIENTED_EDGE('',*,*,#928,.T.) ;
#3352=ORIENTED_EDGE('',*,*,#3344,.F.) ;
#3353=ORIENTED_EDGE('',*,*,#1635,.T.) ;
#3354=ORIENTED_EDGE('',*,*,#3349,.T.) ;
#3358=ORIENTED_EDGE('',*,*,#923,.T.) ;
#3359=ORIENTED_EDGE('',*,*,#3349,.F.) ;
#3360=ORIENTED_EDGE('',*,*,#1630,.T.) ;
#3361=ORIENTED_EDGE('',*,*,#3344,.T.) ;
#3380=ORIENTED_EDGE('',*,*,#3373,.F.) ;
#3381=ORIENTED_EDGE('',*,*,#764,.T.) ;
#3382=ORIENTED_EDGE('',*,*,#3378,.T.) ;
#3383=ORIENTED_EDGE('',*,*,#1565,.F.) ;
#3387=ORIENTED_EDGE('',*,*,#3378,.F.) ;
#3388=ORIENTED_EDGE('',*,*,#769,.T.) ;
#3389=ORIENTED_EDGE('',*,*,#3373,.T.) ;
#3390=ORIENTED_EDGE('',*,*,#1560,.F.) ;
#3399=ORIENTED_EDGE('',*,*,#552,.F.) ;
#3400=ORIENTED_EDGE('',*,*,#955,.T.) ;
#3401=ORIENTED_EDGE('',*,*,#540,.T.) ;
#3402=ORIENTED_EDGE('',*,*,#3397,.T.) ;
#3411=ORIENTED_EDGE('',*,*,#422,.T.) ;
#3412=ORIENTED_EDGE('',*,*,#724,.F.) ;
#3413=ORIENTED_EDGE('',*,*,#1099,.T.) ;
#3414=ORIENTED_EDGE('',*,*,#738,.T.) ;
#3423=ORIENTED_EDGE('',*,*,#408,.T.) ;
#3424=ORIENTED_EDGE('',*,*,#693,.F.) ;
#3425=ORIENTED_EDGE('',*,*,#1104,.T.) ;
#3426=ORIENTED_EDGE('',*,*,#712,.T.) ;
#3430=ORIENTED_EDGE('',*,*,#312,.T.) ;
#3431=ORIENTED_EDGE('',*,*,#614,.F.) ;
#3432=ORIENTED_EDGE('',*,*,#1078,.T.) ;
#3433=ORIENTED_EDGE('',*,*,#628,.T.) ;
#3437=ORIENTED_EDGE('',*,*,#298,.T.) ;
#3438=ORIENTED_EDGE('',*,*,#578,.F.) ;
#3439=ORIENTED_EDGE('',*,*,#1083,.T.) ;
#3440=ORIENTED_EDGE('',*,*,#602,.T.) ;
#3454=ORIENTED_EDGE('',*,*,#2490,.F.) ;
#3455=ORIENTED_EDGE('',*,*,#3452,.F.) ;
#3456=ORIENTED_EDGE('',*,*,#152,.T.) ;
#3457=ORIENTED_EDGE('',*,*,#514,.F.) ;
#3466=ORIENTED_EDGE('',*,*,#3464,.F.) ;
#3467=ORIENTED_EDGE('',*,*,#159,.T.) ;
#3468=ORIENTED_EDGE('',*,*,#3452,.T.) ;
#3469=ORIENTED_EDGE('',*,*,#2485,.F.) ;
#3502=ORIENTED_EDGE('',*,*,#166,.T.) ;
#3503=ORIENTED_EDGE('',*,*,#3464,.T.) ;
#3504=ORIENTED_EDGE('',*,*,#2495,.F.) ;
#3505=ORIENTED_EDGE('',*,*,#3500,.T.) ;
#3509=ORIENTED_EDGE('',*,*,#485,.F.) ;
#3510=ORIENTED_EDGE('',*,*,#832,.T.) ;
#3511=ORIENTED_EDGE('',*,*,#471,.T.) ;
#3512=ORIENTED_EDGE('',*,*,#273,.F.) ;
#3513=ORIENTED_EDGE('',*,*,#173,.T.) ;
#3514=ORIENTED_EDGE('',*,*,#3500,.F.) ;
#3535=ORIENTED_EDGE('',*,*,#452,.T.) ;
#3536=ORIENTED_EDGE('',*,*,#3528,.F.) ;
#3537=ORIENTED_EDGE('',*,*,#3533,.F.) ;
#3538=ORIENTED_EDGE('',*,*,#96,.T.) ;
#3566=ORIENTED_EDGE('',*,*,#3552,.F.) ;
#3567=ORIENTED_EDGE('',*,*,#3559,.T.) ;
#3568=ORIENTED_EDGE('',*,*,#3564,.T.) ;
#3569=ORIENTED_EDGE('',*,*,#2620,.T.) ;
#3570=ORIENTED_EDGE('',*,*,#2571,.T.) ;
#3573=ORIENTED_EDGE('',*,*,#2099,.F.) ;
#3574=ORIENTED_EDGE('',*,*,#2075,.F.) ;
#3595=ORIENTED_EDGE('',*,*,#2952,.T.) ;
#3596=ORIENTED_EDGE('',*,*,#2590,.T.) ;
#3597=ORIENTED_EDGE('',*,*,#3588,.F.) ;
#3598=ORIENTED_EDGE('',*,*,#3593,.T.) ;
#3599=ORIENTED_EDGE('',*,*,#3552,.T.) ;
#3600=ORIENTED_EDGE('',*,*,#2564,.T.) ;
#3616=ORIENTED_EDGE('',*,*,#3609,.F.) ;
#3617=ORIENTED_EDGE('',*,*,#3614,.T.) ;
#3618=ORIENTED_EDGE('',*,*,#3588,.T.) ;
#3619=ORIENTED_EDGE('',*,*,#2585,.F.) ;
#3620=ORIENTED_EDGE('',*,*,#2615,.F.) ;
#3623=ORIENTED_EDGE('',*,*,#2674,.T.) ;
#3624=ORIENTED_EDGE('',*,*,#2691,.T.) ;
#3638=ORIENTED_EDGE('',*,*,#2610,.F.) ;
#3639=ORIENTED_EDGE('',*,*,#3564,.F.) ;
#3640=ORIENTED_EDGE('',*,*,#3636,.T.) ;
#3641=ORIENTED_EDGE('',*,*,#3609,.T.) ;
#3669=ORIENTED_EDGE('',*,*,#2032,.F.) ;
#3670=ORIENTED_EDGE('',*,*,#3655,.F.) ;
#3671=ORIENTED_EDGE('',*,*,#3662,.T.) ;
#3672=ORIENTED_EDGE('',*,*,#3667,.T.) ;
#3673=ORIENTED_EDGE('',*,*,#1954,.F.) ;
#3674=ORIENTED_EDGE('',*,*,#1947,.F.) ;
#3675=ORIENTED_EDGE('',*,*,#2037,.F.) ;
#3691=ORIENTED_EDGE('',*,*,#2025,.F.) ;
#3692=ORIENTED_EDGE('',*,*,#3684,.F.) ;
#3693=ORIENTED_EDGE('',*,*,#3689,.T.) ;
#3694=ORIENTED_EDGE('',*,*,#3655,.T.) ;
#3715=ORIENTED_EDGE('',*,*,#3708,.F.) ;
#3716=ORIENTED_EDGE('',*,*,#3713,.T.) ;
#3717=ORIENTED_EDGE('',*,*,#3684,.T.) ;
#3718=ORIENTED_EDGE('',*,*,#2018,.F.) ;
#3719=ORIENTED_EDGE('',*,*,#1968,.F.) ;
#3722=ORIENTED_EDGE('',*,*,#2104,.T.) ;
#3723=ORIENTED_EDGE('',*,*,#2087,.T.) ;
#3732=ORIENTED_EDGE('',*,*,#1961,.T.) ;
#3733=ORIENTED_EDGE('',*,*,#3667,.F.) ;
#3734=ORIENTED_EDGE('',*,*,#3730,.T.) ;
#3735=ORIENTED_EDGE('',*,*,#3708,.T.) ;
#3756=ORIENTED_EDGE('',*,*,#190,.T.) ;
#3757=ORIENTED_EDGE('',*,*,#3749,.T.) ;
#3758=ORIENTED_EDGE('',*,*,#3754,.F.) ;
#3759=ORIENTED_EDGE('',*,*,#3528,.T.) ;
#3760=ORIENTED_EDGE('',*,*,#447,.T.) ;
#3761=ORIENTED_EDGE('',*,*,#257,.F.) ;
#3762=ORIENTED_EDGE('',*,*,#3397,.F.) ;
#3763=ORIENTED_EDGE('',*,*,#216,.F.) ;
#3764=ORIENTED_EDGE('',*,*,#519,.F.) ;
#3778=ORIENTED_EDGE('',*,*,#3533,.T.) ;
#3779=ORIENTED_EDGE('',*,*,#3754,.T.) ;
#3780=ORIENTED_EDGE('',*,*,#3776,.T.) ;
#3781=ORIENTED_EDGE('',*,*,#103,.T.) ;
#3784=ORIENTED_EDGE('',*,*,#2906,.F.) ;
#3785=ORIENTED_EDGE('',*,*,#2889,.F.) ;
#3788=ORIENTED_EDGE('',*,*,#2863,.F.) ;
#3789=ORIENTED_EDGE('',*,*,#2846,.F.) ;
#3792=ORIENTED_EDGE('',*,*,#2820,.F.) ;
#3793=ORIENTED_EDGE('',*,*,#2803,.F.) ;
#3796=ORIENTED_EDGE('',*,*,#2777,.F.) ;
#3797=ORIENTED_EDGE('',*,*,#2760,.F.) ;
#3800=ORIENTED_EDGE('',*,*,#2734,.F.) ;
#3801=ORIENTED_EDGE('',*,*,#2717,.F.) ;
#3804=ORIENTED_EDGE('',*,*,#2686,.F.) ;
#3805=ORIENTED_EDGE('',*,*,#2662,.F.) ;
#3814=ORIENTED_EDGE('',*,*,#3749,.F.) ;
#3815=ORIENTED_EDGE('',*,*,#185,.T.) ;
#3816=ORIENTED_EDGE('',*,*,#110,.T.) ;
#3817=ORIENTED_EDGE('',*,*,#3776,.F.) ;
#3834=ORIENTED_EDGE('',*,*,#3827,.T.) ;
#3835=ORIENTED_EDGE('',*,*,#3832,.T.) ;
#3852=ORIENTED_EDGE('',*,*,#3845,.T.) ;
#3853=ORIENTED_EDGE('',*,*,#3850,.T.) ;
#3856=ORIENTED_EDGE('',*,*,#3662,.F.) ;
#3857=ORIENTED_EDGE('',*,*,#3689,.F.) ;
#3858=ORIENTED_EDGE('',*,*,#3713,.F.) ;
#3859=ORIENTED_EDGE('',*,*,#3730,.F.) ;
#3862=ORIENTED_EDGE('',*,*,#3559,.F.) ;
#3863=ORIENTED_EDGE('',*,*,#3593,.F.) ;
#3864=ORIENTED_EDGE('',*,*,#3614,.F.) ;
#3865=ORIENTED_EDGE('',*,*,#3636,.F.) ;
#3882=ORIENTED_EDGE('',*,*,#3875,.T.) ;
#3883=ORIENTED_EDGE('',*,*,#3880,.T.) ;
#3900=ORIENTED_EDGE('',*,*,#3893,.T.) ;
#3901=ORIENTED_EDGE('',*,*,#3898,.T.) ;
#3918=ORIENTED_EDGE('',*,*,#3911,.T.) ;
#3919=ORIENTED_EDGE('',*,*,#3916,.T.) ;
#3936=ORIENTED_EDGE('',*,*,#3929,.T.) ;
#3937=ORIENTED_EDGE('',*,*,#3934,.T.) ;
#3954=ORIENTED_EDGE('',*,*,#3947,.T.) ;
#3955=ORIENTED_EDGE('',*,*,#3952,.T.) ;
#3972=ORIENTED_EDGE('',*,*,#3965,.T.) ;
#3973=ORIENTED_EDGE('',*,*,#3970,.T.) ;
#3990=ORIENTED_EDGE('',*,*,#3983,.T.) ;
#3991=ORIENTED_EDGE('',*,*,#3988,.T.) ;
#4008=ORIENTED_EDGE('',*,*,#4001,.T.) ;
#4009=ORIENTED_EDGE('',*,*,#4006,.T.) ;
#4026=ORIENTED_EDGE('',*,*,#4019,.T.) ;
#4027=ORIENTED_EDGE('',*,*,#4024,.T.) ;
#4044=ORIENTED_EDGE('',*,*,#4037,.T.) ;
#4045=ORIENTED_EDGE('',*,*,#4042,.T.) ;
#4062=ORIENTED_EDGE('',*,*,#4055,.T.) ;
#4063=ORIENTED_EDGE('',*,*,#4060,.T.) ;
#4082=ORIENTED_EDGE('',*,*,#3845,.F.) ;
#4083=ORIENTED_EDGE('',*,*,#4075,.F.) ;
#4084=ORIENTED_EDGE('',*,*,#65,.T.) ;
#4085=ORIENTED_EDGE('',*,*,#4080,.T.) ;
#4089=ORIENTED_EDGE('',*,*,#3850,.F.) ;
#4090=ORIENTED_EDGE('',*,*,#4080,.F.) ;
#4091=ORIENTED_EDGE('',*,*,#70,.T.) ;
#4092=ORIENTED_EDGE('',*,*,#4075,.T.) ;
#4110=ORIENTED_EDGE('',*,*,#4103,.F.) ;
#4111=ORIENTED_EDGE('',*,*,#4108,.F.) ;
#4130=ORIENTED_EDGE('',*,*,#3832,.F.) ;
#4131=ORIENTED_EDGE('',*,*,#4123,.F.) ;
#4132=ORIENTED_EDGE('',*,*,#4108,.T.) ;
#4133=ORIENTED_EDGE('',*,*,#4128,.T.) ;
#4137=ORIENTED_EDGE('',*,*,#3827,.F.) ;
#4138=ORIENTED_EDGE('',*,*,#4128,.F.) ;
#4139=ORIENTED_EDGE('',*,*,#4103,.T.) ;
#4140=ORIENTED_EDGE('',*,*,#4123,.T.) ;
#4158=ORIENTED_EDGE('',*,*,#4151,.F.) ;
#4159=ORIENTED_EDGE('',*,*,#4156,.F.) ;
#4178=ORIENTED_EDGE('',*,*,#3880,.F.) ;
#4179=ORIENTED_EDGE('',*,*,#4171,.F.) ;
#4180=ORIENTED_EDGE('',*,*,#4156,.T.) ;
#4181=ORIENTED_EDGE('',*,*,#4176,.T.) ;
#4185=ORIENTED_EDGE('',*,*,#3875,.F.) ;
#4186=ORIENTED_EDGE('',*,*,#4176,.F.) ;
#4187=ORIENTED_EDGE('',*,*,#4151,.T.) ;
#4188=ORIENTED_EDGE('',*,*,#4171,.T.) ;
#4206=ORIENTED_EDGE('',*,*,#4199,.F.) ;
#4207=ORIENTED_EDGE('',*,*,#4204,.F.) ;
#4226=ORIENTED_EDGE('',*,*,#3898,.F.) ;
#4227=ORIENTED_EDGE('',*,*,#4219,.F.) ;
#4228=ORIENTED_EDGE('',*,*,#4204,.T.) ;
#4229=ORIENTED_EDGE('',*,*,#4224,.T.) ;
#4233=ORIENTED_EDGE('',*,*,#3893,.F.) ;
#4234=ORIENTED_EDGE('',*,*,#4224,.F.) ;
#4235=ORIENTED_EDGE('',*,*,#4199,.T.) ;
#4236=ORIENTED_EDGE('',*,*,#4219,.T.) ;
#4254=ORIENTED_EDGE('',*,*,#4247,.F.) ;
#4255=ORIENTED_EDGE('',*,*,#4252,.F.) ;
#4274=ORIENTED_EDGE('',*,*,#3916,.F.) ;
#4275=ORIENTED_EDGE('',*,*,#4267,.F.) ;
#4276=ORIENTED_EDGE('',*,*,#4252,.T.) ;
#4277=ORIENTED_EDGE('',*,*,#4272,.T.) ;
#4281=ORIENTED_EDGE('',*,*,#3911,.F.) ;
#4282=ORIENTED_EDGE('',*,*,#4272,.F.) ;
#4283=ORIENTED_EDGE('',*,*,#4247,.T.) ;
#4284=ORIENTED_EDGE('',*,*,#4267,.T.) ;
#4302=ORIENTED_EDGE('',*,*,#4295,.F.) ;
#4303=ORIENTED_EDGE('',*,*,#4300,.F.) ;
#4322=ORIENTED_EDGE('',*,*,#3934,.F.) ;
#4323=ORIENTED_EDGE('',*,*,#4315,.F.) ;
#4324=ORIENTED_EDGE('',*,*,#4300,.T.) ;
#4325=ORIENTED_EDGE('',*,*,#4320,.T.) ;
#4329=ORIENTED_EDGE('',*,*,#3929,.F.) ;
#4330=ORIENTED_EDGE('',*,*,#4320,.F.) ;
#4331=ORIENTED_EDGE('',*,*,#4295,.T.) ;
#4332=ORIENTED_EDGE('',*,*,#4315,.T.) ;
#4350=ORIENTED_EDGE('',*,*,#4343,.F.) ;
#4351=ORIENTED_EDGE('',*,*,#4348,.F.) ;
#4370=ORIENTED_EDGE('',*,*,#3952,.F.) ;
#4371=ORIENTED_EDGE('',*,*,#4363,.F.) ;
#4372=ORIENTED_EDGE('',*,*,#4348,.T.) ;
#4373=ORIENTED_EDGE('',*,*,#4368,.T.) ;
#4377=ORIENTED_EDGE('',*,*,#3947,.F.) ;
#4378=ORIENTED_EDGE('',*,*,#4368,.F.) ;
#4379=ORIENTED_EDGE('',*,*,#4343,.T.) ;
#4380=ORIENTED_EDGE('',*,*,#4363,.T.) ;
#4398=ORIENTED_EDGE('',*,*,#4391,.F.) ;
#4399=ORIENTED_EDGE('',*,*,#4396,.F.) ;
#4418=ORIENTED_EDGE('',*,*,#3970,.F.) ;
#4419=ORIENTED_EDGE('',*,*,#4411,.F.) ;
#4420=ORIENTED_EDGE('',*,*,#4396,.T.) ;
#4421=ORIENTED_EDGE('',*,*,#4416,.T.) ;
#4425=ORIENTED_EDGE('',*,*,#3965,.F.) ;
#4426=ORIENTED_EDGE('',*,*,#4416,.F.) ;
#4427=ORIENTED_EDGE('',*,*,#4391,.T.) ;
#4428=ORIENTED_EDGE('',*,*,#4411,.T.) ;
#4446=ORIENTED_EDGE('',*,*,#4439,.F.) ;
#4447=ORIENTED_EDGE('',*,*,#4444,.F.) ;
#4466=ORIENTED_EDGE('',*,*,#3988,.F.) ;
#4467=ORIENTED_EDGE('',*,*,#4459,.F.) ;
#4468=ORIENTED_EDGE('',*,*,#4444,.T.) ;
#4469=ORIENTED_EDGE('',*,*,#4464,.T.) ;
#4473=ORIENTED_EDGE('',*,*,#3983,.F.) ;
#4474=ORIENTED_EDGE('',*,*,#4464,.F.) ;
#4475=ORIENTED_EDGE('',*,*,#4439,.T.) ;
#4476=ORIENTED_EDGE('',*,*,#4459,.T.) ;
#4494=ORIENTED_EDGE('',*,*,#4487,.F.) ;
#4495=ORIENTED_EDGE('',*,*,#4492,.F.) ;
#4514=ORIENTED_EDGE('',*,*,#4006,.F.) ;
#4515=ORIENTED_EDGE('',*,*,#4507,.F.) ;
#4516=ORIENTED_EDGE('',*,*,#4492,.T.) ;
#4517=ORIENTED_EDGE('',*,*,#4512,.T.) ;
#4521=ORIENTED_EDGE('',*,*,#4001,.F.) ;
#4522=ORIENTED_EDGE('',*,*,#4512,.F.) ;
#4523=ORIENTED_EDGE('',*,*,#4487,.T.) ;
#4524=ORIENTED_EDGE('',*,*,#4507,.T.) ;
#4542=ORIENTED_EDGE('',*,*,#4535,.F.) ;
#4543=ORIENTED_EDGE('',*,*,#4540,.F.) ;
#4562=ORIENTED_EDGE('',*,*,#4024,.F.) ;
#4563=ORIENTED_EDGE('',*,*,#4555,.F.) ;
#4564=ORIENTED_EDGE('',*,*,#4540,.T.) ;
#4565=ORIENTED_EDGE('',*,*,#4560,.T.) ;
#4569=ORIENTED_EDGE('',*,*,#4019,.F.) ;
#4570=ORIENTED_EDGE('',*,*,#4560,.F.) ;
#4571=ORIENTED_EDGE('',*,*,#4535,.T.) ;
#4572=ORIENTED_EDGE('',*,*,#4555,.T.) ;
#4590=ORIENTED_EDGE('',*,*,#4583,.F.) ;
#4591=ORIENTED_EDGE('',*,*,#4588,.F.) ;
#4610=ORIENTED_EDGE('',*,*,#4042,.F.) ;
#4611=ORIENTED_EDGE('',*,*,#4603,.F.) ;
#4612=ORIENTED_EDGE('',*,*,#4588,.T.) ;
#4613=ORIENTED_EDGE('',*,*,#4608,.T.) ;
#4617=ORIENTED_EDGE('',*,*,#4037,.F.) ;
#4618=ORIENTED_EDGE('',*,*,#4608,.F.) ;
#4619=ORIENTED_EDGE('',*,*,#4583,.T.) ;
#4620=ORIENTED_EDGE('',*,*,#4603,.T.) ;
#4638=ORIENTED_EDGE('',*,*,#4631,.F.) ;
#4639=ORIENTED_EDGE('',*,*,#4636,.F.) ;
#4658=ORIENTED_EDGE('',*,*,#4060,.F.) ;
#4659=ORIENTED_EDGE('',*,*,#4651,.F.) ;
#4660=ORIENTED_EDGE('',*,*,#4636,.T.) ;
#4661=ORIENTED_EDGE('',*,*,#4656,.T.) ;
#4665=ORIENTED_EDGE('',*,*,#4055,.F.) ;
#4666=ORIENTED_EDGE('',*,*,#4656,.F.) ;
#4667=ORIENTED_EDGE('',*,*,#4631,.T.) ;
#4668=ORIENTED_EDGE('',*,*,#4651,.T.) ;
#324=FACE_BOUND('',#318,.T.) ;
#394=FACE_BOUND('',#391,.T.) ;
#434=FACE_BOUND('',#428,.T.) ;
#791=FACE_BOUND('',#788,.T.) ;
#809=FACE_BOUND('',#806,.T.) ;
#827=FACE_BOUND('',#824,.T.) ;
#836=FACE_BOUND('',#833,.T.) ;
#854=FACE_BOUND('',#851,.T.) ;
#872=FACE_BOUND('',#869,.T.) ;
#890=FACE_BOUND('',#887,.T.) ;
#932=FACE_BOUND('',#929,.T.) ;
#950=FACE_BOUND('',#947,.T.) ;
#959=FACE_BOUND('',#956,.T.) ;
#977=FACE_BOUND('',#974,.T.) ;
#995=FACE_BOUND('',#992,.T.) ;
#1013=FACE_BOUND('',#1010,.T.) ;
#1031=FACE_BOUND('',#1028,.T.) ;
#1073=FACE_BOUND('',#1070,.T.) ;
#1090=FACE_BOUND('',#1084,.T.) ;
#1094=FACE_BOUND('',#1091,.T.) ;
#1111=FACE_BOUND('',#1105,.T.) ;
#1129=FACE_BOUND('',#1126,.T.) ;
#1147=FACE_BOUND('',#1144,.T.) ;
#1165=FACE_BOUND('',#1162,.T.) ;
#1183=FACE_BOUND('',#1180,.T.) ;
#1201=FACE_BOUND('',#1198,.T.) ;
#1573=FACE_BOUND('',#1570,.T.) ;
#1577=FACE_BOUND('',#1574,.T.) ;
#1581=FACE_BOUND('',#1578,.T.) ;
#1599=FACE_BOUND('',#1596,.T.) ;
#1603=FACE_BOUND('',#1600,.T.) ;
#1607=FACE_BOUND('',#1604,.T.) ;
#1611=FACE_BOUND('',#1608,.T.) ;
#1639=FACE_BOUND('',#1636,.T.) ;
#1657=FACE_BOUND('',#1654,.T.) ;
#1675=FACE_BOUND('',#1672,.T.) ;
#1693=FACE_BOUND('',#1690,.T.) ;
#1711=FACE_BOUND('',#1708,.T.) ;
#1729=FACE_BOUND('',#1726,.T.) ;
#1747=FACE_BOUND('',#1744,.T.) ;
#1775=FACE_BOUND('',#1772,.T.) ;
#1793=FACE_BOUND('',#1790,.T.) ;
#1811=FACE_BOUND('',#1808,.T.) ;
#1829=FACE_BOUND('',#1826,.T.) ;
#1847=FACE_BOUND('',#1844,.T.) ;
#1865=FACE_BOUND('',#1862,.T.) ;
#1883=FACE_BOUND('',#1880,.T.) ;
#2267=FACE_BOUND('',#2264,.T.) ;
#2640=FACE_BOUND('',#2637,.T.) ;
#3575=FACE_BOUND('',#3572,.T.) ;
#3625=FACE_BOUND('',#3622,.T.) ;
#3724=FACE_BOUND('',#3721,.T.) ;
#3786=FACE_BOUND('',#3783,.T.) ;
#3790=FACE_BOUND('',#3787,.T.) ;
#3794=FACE_BOUND('',#3791,.T.) ;
#3798=FACE_BOUND('',#3795,.T.) ;
#3802=FACE_BOUND('',#3799,.T.) ;
#3806=FACE_BOUND('',#3803,.T.) ;
#3836=FACE_BOUND('',#3833,.T.) ;
#3854=FACE_BOUND('',#3851,.T.) ;
#3860=FACE_BOUND('',#3855,.T.) ;
#3866=FACE_BOUND('',#3861,.T.) ;
#3884=FACE_BOUND('',#3881,.T.) ;
#3902=FACE_BOUND('',#3899,.T.) ;
#3920=FACE_BOUND('',#3917,.T.) ;
#3938=FACE_BOUND('',#3935,.T.) ;
#3956=FACE_BOUND('',#3953,.T.) ;
#3974=FACE_BOUND('',#3971,.T.) ;
#3992=FACE_BOUND('',#3989,.T.) ;
#4010=FACE_BOUND('',#4007,.T.) ;
#4028=FACE_BOUND('',#4025,.T.) ;
#4046=FACE_BOUND('',#4043,.T.) ;
#4064=FACE_BOUND('',#4061,.T.) ;
#51=CLOSED_SHELL('Closed Shell',(#75,#131,#202,#435,#459,#528,#559,#590,#621,#640,#664,#676,#700,#731,#750,#891,#1032,#1202,#1233,#1245,#1276,#1288,#1319,#1331,#1362,#1374,#1405,#1417,#1448,#1460,#1491,#1503,#1534,#1546,#1612,#1748,#1884,#1985,#2054,#2094,#2111,#2135,#2191,#2209,#2240,#2268,#2294,#2306,#2325,#2349,#2368,#2387,#2406,#2425,#2471,#2501,#2601,#2627,#2641,#2681,#2698,#2729,#2741,#2772,#2784,#2815,#2827,#2858,#2870,#2901,#2913,#2935,#2942,#2971,#2978,#3004,#3015,#3037,#3044,#3066,#3073,#3095,#3102,#3124,#3131,#3153,#3160,#3182,#3189,#3211,#3218,#3240,#3247,#3269,#3276,#3298,#3305,#3327,#3334,#3356,#3363,#3385,#3392,#3404,#3416,#3428,#3435,#3442,#3459,#3471,#3507,#3516,#3540,#3576,#3602,#3626,#3643,#3677,#3696,#3725,#3737,#3766,#3807,#4065,#4087,#4094,#4113,#4135,#4142,#4161,#4183,#4190,#4209,#4231,#4238,#4257,#4279,#4286,#4305,#4327,#4334,#4353,#4375,#4382,#4401,#4423,#4430,#4449,#4471,#4478,#4497,#4519,#4526,#4545,#4567,#4574,#4593,#4615,#4622,#4641,#4663,#4670)) ;
#83=VECTOR('Line Direction',#82,1.) ;
#92=VECTOR('Line Direction',#91,1.) ;
#99=VECTOR('Line Direction',#98,1.) ;
#106=VECTOR('Line Direction',#105,1.) ;
#113=VECTOR('Line Direction',#112,1.) ;
#120=VECTOR('Line Direction',#119,1.) ;
#139=VECTOR('Line Direction',#138,1.) ;
#169=VECTOR('Line Direction',#168,1.) ;
#181=VECTOR('Line Direction',#180,1.) ;
#188=VECTOR('Line Direction',#187,1.) ;
#210=VECTOR('Line Direction',#209,1.) ;
#253=VECTOR('Line Direction',#252,1.) ;
#294=VECTOR('Line Direction',#293,1.) ;
#308=VECTOR('Line Direction',#307,1.) ;
#404=VECTOR('Line Direction',#403,1.) ;
#418=VECTOR('Line Direction',#417,1.) ;
#443=VECTOR('Line Direction',#442,1.) ;
#467=VECTOR('Line Direction',#466,1.) ;
#481=VECTOR('Line Direction',#480,1.) ;
#536=VECTOR('Line Direction',#535,1.) ;
#550=VECTOR('Line Direction',#549,1.) ;
#567=VECTOR('Line Direction',#566,1.) ;
#576=VECTOR('Line Direction',#575,1.) ;
#581=VECTOR('Line Direction',#580,1.) ;
#598=VECTOR('Line Direction',#597,1.) ;
#605=VECTOR('Line Direction',#604,1.) ;
#612=VECTOR('Line Direction',#611,1.) ;
#624=VECTOR('Line Direction',#623,1.) ;
#631=VECTOR('Line Direction',#630,1.) ;
#655=VECTOR('Line Direction',#654,1.) ;
#684=VECTOR('Line Direction',#683,1.) ;
#691=VECTOR('Line Direction',#690,1.) ;
#708=VECTOR('Line Direction',#707,1.) ;
#715=VECTOR('Line Direction',#714,1.) ;
#722=VECTOR('Line Direction',#721,1.) ;
#734=VECTOR('Line Direction',#733,1.) ;
#741=VECTOR('Line Direction',#740,1.) ;
#1076=VECTOR('Line Direction',#1075,1.) ;
#1081=VECTOR('Line Direction',#1080,1.) ;
#1097=VECTOR('Line Direction',#1096,1.) ;
#1102=VECTOR('Line Direction',#1101,1.) ;
#1210=VECTOR('Line Direction',#1209,1.) ;
#1224=VECTOR('Line Direction',#1223,1.) ;
#1253=VECTOR('Line Direction',#1252,1.) ;
#1267=VECTOR('Line Direction',#1266,1.) ;
#1296=VECTOR('Line Direction',#1295,1.) ;
#1310=VECTOR('Line Direction',#1309,1.) ;
#1339=VECTOR('Line Direction',#1338,1.) ;
#1353=VECTOR('Line Direction',#1352,1.) ;
#1382=VECTOR('Line Direction',#1381,1.) ;
#1396=VECTOR('Line Direction',#1395,1.) ;
#1425=VECTOR('Line Direction',#1424,1.) ;
#1439=VECTOR('Line Direction',#1438,1.) ;
#1468=VECTOR('Line Direction',#1467,1.) ;
#1482=VECTOR('Line Direction',#1481,1.) ;
#1511=VECTOR('Line Direction',#1510,1.) ;
#1525=VECTOR('Line Direction',#1524,1.) ;
#1922=VECTOR('Line Direction',#1921,1.) ;
#1936=VECTOR('Line Direction',#1935,1.) ;
#1957=VECTOR('Line Direction',#1956,1.) ;
#1971=VECTOR('Line Direction',#1970,1.) ;
#2021=VECTOR('Line Direction',#2020,1.) ;
#2062=VECTOR('Line Direction',#2061,1.) ;
#2078=VECTOR('Line Direction',#2077,1.) ;
#2119=VECTOR('Line Direction',#2118,1.) ;
#2166=VECTOR('Line Direction',#2165,1.) ;
#2173=VECTOR('Line Direction',#2172,1.) ;
#2180=VECTOR('Line Direction',#2179,1.) ;
#2217=VECTOR('Line Direction',#2216,1.) ;
#2231=VECTOR('Line Direction',#2230,1.) ;
#2271=VECTOR('Line Direction',#2270,1.) ;
#2285=VECTOR('Line Direction',#2284,1.) ;
#2309=VECTOR('Line Direction',#2308,1.) ;
#2560=VECTOR('Line Direction',#2559,1.) ;
#2574=VECTOR('Line Direction',#2573,1.) ;
#2588=VECTOR('Line Direction',#2587,1.) ;
#2604=VECTOR('Line Direction',#2603,1.) ;
#2649=VECTOR('Line Direction',#2648,1.) ;
#2665=VECTOR('Line Direction',#2664,1.) ;
#2706=VECTOR('Line Direction',#2705,1.) ;
#2720=VECTOR('Line Direction',#2719,1.) ;
#2749=VECTOR('Line Direction',#2748,1.) ;
#2763=VECTOR('Line Direction',#2762,1.) ;
#2792=VECTOR('Line Direction',#2791,1.) ;
#2806=VECTOR('Line Direction',#2805,1.) ;
#2835=VECTOR('Line Direction',#2834,1.) ;
#2849=VECTOR('Line Direction',#2848,1.) ;
#2878=VECTOR('Line Direction',#2877,1.) ;
#2892=VECTOR('Line Direction',#2891,1.) ;
#2921=VECTOR('Line Direction',#2920,1.) ;
#2926=VECTOR('Line Direction',#2925,1.) ;
#2955=VECTOR('Line Direction',#2954,1.) ;
#2960=VECTOR('Line Direction',#2959,1.) ;
#2986=VECTOR('Line Direction',#2985,1.) ;
#2991=VECTOR('Line Direction',#2990,1.) ;
#3023=VECTOR('Line Direction',#3022,1.) ;
#3028=VECTOR('Line Direction',#3027,1.) ;
#3052=VECTOR('Line Direction',#3051,1.) ;
#3057=VECTOR('Line Direction',#3056,1.) ;
#3081=VECTOR('Line Direction',#3080,1.) ;
#3086=VECTOR('Line Direction',#3085,1.) ;
#3110=VECTOR('Line Direction',#3109,1.) ;
#3115=VECTOR('Line Direction',#3114,1.) ;
#3139=VECTOR('Line Direction',#3138,1.) ;
#3144=VECTOR('Line Direction',#3143,1.) ;
#3168=VECTOR('Line Direction',#3167,1.) ;
#3173=VECTOR('Line Direction',#3172,1.) ;
#3197=VECTOR('Line Direction',#3196,1.) ;
#3202=VECTOR('Line Direction',#3201,1.) ;
#3226=VECTOR('Line Direction',#3225,1.) ;
#3231=VECTOR('Line Direction',#3230,1.) ;
#3255=VECTOR('Line Direction',#3254,1.) ;
#3260=VECTOR('Line Direction',#3259,1.) ;
#3284=VECTOR('Line Direction',#3283,1.) ;
#3289=VECTOR('Line Direction',#3288,1.) ;
#3313=VECTOR('Line Direction',#3312,1.) ;
#3318=VECTOR('Line Direction',#3317,1.) ;
#3342=VECTOR('Line Direction',#3341,1.) ;
#3347=VECTOR('Line Direction',#3346,1.) ;
#3371=VECTOR('Line Direction',#3370,1.) ;
#3376=VECTOR('Line Direction',#3375,1.) ;
#3450=VECTOR('Line Direction',#3449,1.) ;
#3462=VECTOR('Line Direction',#3461,1.) ;
#3524=VECTOR('Line Direction',#3523,1.) ;
#3548=VECTOR('Line Direction',#3547,1.) ;
#3555=VECTOR('Line Direction',#3554,1.) ;
#3562=VECTOR('Line Direction',#3561,1.) ;
#3584=VECTOR('Line Direction',#3583,1.) ;
#3591=VECTOR('Line Direction',#3590,1.) ;
#3605=VECTOR('Line Direction',#3604,1.) ;
#3612=VECTOR('Line Direction',#3611,1.) ;
#3634=VECTOR('Line Direction',#3633,1.) ;
#3651=VECTOR('Line Direction',#3650,1.) ;
#3658=VECTOR('Line Direction',#3657,1.) ;
#3665=VECTOR('Line Direction',#3664,1.) ;
#3680=VECTOR('Line Direction',#3679,1.) ;
#3687=VECTOR('Line Direction',#3686,1.) ;
#3704=VECTOR('Line Direction',#3703,1.) ;
#3711=VECTOR('Line Direction',#3710,1.) ;
#3728=VECTOR('Line Direction',#3727,1.) ;
#3745=VECTOR('Line Direction',#3744,1.) ;
#3752=VECTOR('Line Direction',#3751,1.) ;
#3774=VECTOR('Line Direction',#3773,1.) ;
#4073=VECTOR('Line Direction',#4072,1.) ;
#4078=VECTOR('Line Direction',#4077,1.) ;
#4121=VECTOR('Line Direction',#4120,1.) ;
#4126=VECTOR('Line Direction',#4125,1.) ;
#4169=VECTOR('Line Direction',#4168,1.) ;
#4174=VECTOR('Line Direction',#4173,1.) ;
#4217=VECTOR('Line Direction',#4216,1.) ;
#4222=VECTOR('Line Direction',#4221,1.) ;
#4265=VECTOR('Line Direction',#4264,1.) ;
#4270=VECTOR('Line Direction',#4269,1.) ;
#4313=VECTOR('Line Direction',#4312,1.) ;
#4318=VECTOR('Line Direction',#4317,1.) ;
#4361=VECTOR('Line Direction',#4360,1.) ;
#4366=VECTOR('Line Direction',#4365,1.) ;
#4409=VECTOR('Line Direction',#4408,1.) ;
#4414=VECTOR('Line Direction',#4413,1.) ;
#4457=VECTOR('Line Direction',#4456,1.) ;
#4462=VECTOR('Line Direction',#4461,1.) ;
#4505=VECTOR('Line Direction',#4504,1.) ;
#4510=VECTOR('Line Direction',#4509,1.) ;
#4553=VECTOR('Line Direction',#4552,1.) ;
#4558=VECTOR('Line Direction',#4557,1.) ;
#4601=VECTOR('Line Direction',#4600,1.) ;
#4606=VECTOR('Line Direction',#4605,1.) ;
#4649=VECTOR('Line Direction',#4648,1.) ;
#4654=VECTOR('Line Direction',#4653,1.) ;
#4672=ADVANCED_BREP_SHAPE_REPRESENTATION('NONE',(#4671),#46) ;
#49=SHAPE_REPRESENTATION(' ',(#48),#46) ;
#75=ADVANCED_FACE('PartBody',(#74),#56,.F.) ;
#131=ADVANCED_FACE('PartBody',(#130),#80,.F.) ;
#202=ADVANCED_FACE('PartBody',(#201),#136,.F.) ;
#435=ADVANCED_FACE('PartBody',(#282,#324,#394,#434),#207,.T.) ;
#459=ADVANCED_FACE('PartBody',(#458),#440,.F.) ;
#528=ADVANCED_FACE('PartBody',(#527),#464,.T.) ;
#559=ADVANCED_FACE('PartBody',(#558),#533,.T.) ;
#590=ADVANCED_FACE('PartBody',(#589),#564,.T.) ;
#621=ADVANCED_FACE('PartBody',(#620),#595,.T.) ;
#640=ADVANCED_FACE('PartBody',(#639),#564,.T.) ;
#664=ADVANCED_FACE('PartBody',(#663),#645,.T.) ;
#676=ADVANCED_FACE('PartBody',(#675),#645,.T.) ;
#700=ADVANCED_FACE('PartBody',(#699),#681,.T.) ;
#731=ADVANCED_FACE('PartBody',(#730),#705,.T.) ;
#750=ADVANCED_FACE('PartBody',(#749),#681,.T.) ;
#891=ADVANCED_FACE('PartBody',(#773,#791,#809,#827,#836,#854,#872,#890),#755,.F.) ;
#1032=ADVANCED_FACE('PartBody',(#914,#932,#950,#959,#977,#995,#1013,#1031),#896,.T.) ;
#1202=ADVANCED_FACE('PartBody',(#1055,#1073,#1090,#1094,#1111,#1129,#1147,#1165,#1183,#1201),#1037,.T.) ;
#1233=ADVANCED_FACE('PartBody',(#1232),#1207,.F.) ;
#1245=ADVANCED_FACE('PartBody',(#1244),#1207,.F.) ;
#1276=ADVANCED_FACE('PartBody',(#1275),#1250,.F.) ;
#1288=ADVANCED_FACE('PartBody',(#1287),#1250,.F.) ;
#1319=ADVANCED_FACE('PartBody',(#1318),#1293,.F.) ;
#1331=ADVANCED_FACE('PartBody',(#1330),#1293,.F.) ;
#1362=ADVANCED_FACE('PartBody',(#1361),#1336,.F.) ;
#1374=ADVANCED_FACE('PartBody',(#1373),#1336,.F.) ;
#1405=ADVANCED_FACE('PartBody',(#1404),#1379,.F.) ;
#1417=ADVANCED_FACE('PartBody',(#1416),#1379,.F.) ;
#1448=ADVANCED_FACE('PartBody',(#1447),#1422,.F.) ;
#1460=ADVANCED_FACE('PartBody',(#1459),#1422,.F.) ;
#1491=ADVANCED_FACE('PartBody',(#1490),#1465,.T.) ;
#1503=ADVANCED_FACE('PartBody',(#1502),#1465,.T.) ;
#1534=ADVANCED_FACE('PartBody',(#1533),#1508,.T.) ;
#1546=ADVANCED_FACE('PartBody',(#1545),#1508,.T.) ;
#1612=ADVANCED_FACE('PartBody',(#1569,#1573,#1577,#1581,#1599,#1603,#1607,#1611),#1551,.T.) ;
#1748=ADVANCED_FACE('PartBody',(#1621,#1639,#1657,#1675,#1693,#1711,#1729,#1747),#1617,.F.) ;
#1884=ADVANCED_FACE('PartBody',(#1757,#1775,#1793,#1811,#1829,#1847,#1865,#1883),#1753,.F.) ;
#1985=ADVANCED_FACE('PartBody',(#1984),#1889,.F.) ;
#2054=ADVANCED_FACE('PartBody',(#2053),#1889,.F.) ;
#2094=ADVANCED_FACE('PartBody',(#2093),#2059,.F.) ;
#2111=ADVANCED_FACE('PartBody',(#2110),#2059,.F.) ;
#2135=ADVANCED_FACE('PartBody',(#2134),#2116,.F.) ;
#2191=ADVANCED_FACE('PartBody',(#2190),#2140,.T.) ;
#2209=ADVANCED_FACE('PartBody',(#2208),#2116,.F.) ;
#2240=ADVANCED_FACE('PartBody',(#2239),#2214,.F.) ;
#2268=ADVANCED_FACE('PartBody',(#2249,#2267),#136,.F.) ;
#2294=ADVANCED_FACE('PartBody',(#2293),#2059,.F.) ;
#2306=ADVANCED_FACE('PartBody',(#2305),#2059,.F.) ;
#2325=ADVANCED_FACE('PartBody',(#2324),#2116,.F.) ;
#2349=ADVANCED_FACE('PartBody',(#2348),#2330,.T.) ;
#2368=ADVANCED_FACE('PartBody',(#2367),#2330,.T.) ;
#2387=ADVANCED_FACE('PartBody',(#2386),#2330,.T.) ;
#2406=ADVANCED_FACE('PartBody',(#2405),#2330,.T.) ;
#2425=ADVANCED_FACE('PartBody',(#2424),#2330,.T.) ;
#2471=ADVANCED_FACE('PartBody',(#2470),#2214,.F.) ;
#2501=ADVANCED_FACE('PartBody',(#2500),#2476,.T.) ;
#2601=ADVANCED_FACE('PartBody',(#2600),#1889,.F.) ;
#2627=ADVANCED_FACE('PartBody',(#2626),#1889,.F.) ;
#2641=ADVANCED_FACE('PartBody',(#2636,#2640),#2632,.T.) ;
#2681=ADVANCED_FACE('PartBody',(#2680),#2646,.F.) ;
#2698=ADVANCED_FACE('PartBody',(#2697),#2646,.F.) ;
#2729=ADVANCED_FACE('PartBody',(#2728),#2703,.F.) ;
#2741=ADVANCED_FACE('PartBody',(#2740),#2703,.F.) ;
#2772=ADVANCED_FACE('PartBody',(#2771),#2746,.F.) ;
#2784=ADVANCED_FACE('PartBody',(#2783),#2746,.F.) ;
#2815=ADVANCED_FACE('PartBody',(#2814),#2789,.F.) ;
#2827=ADVANCED_FACE('PartBody',(#2826),#2789,.F.) ;
#2858=ADVANCED_FACE('PartBody',(#2857),#2832,.F.) ;
#2870=ADVANCED_FACE('PartBody',(#2869),#2832,.F.) ;
#2901=ADVANCED_FACE('PartBody',(#2900),#2875,.F.) ;
#2913=ADVANCED_FACE('PartBody',(#2912),#2875,.F.) ;
#2935=ADVANCED_FACE('PartBody',(#2934),#2918,.F.) ;
#2942=ADVANCED_FACE('PartBody',(#2941),#2918,.F.) ;
#2971=ADVANCED_FACE('PartBody',(#2970),#2947,.F.) ;
#2978=ADVANCED_FACE('PartBody',(#2977),#2947,.F.) ;
#3004=ADVANCED_FACE('PartBody',(#3003),#2983,.F.) ;
#3015=ADVANCED_FACE('PartBody',(#3014),#2983,.F.) ;
#3037=ADVANCED_FACE('PartBody',(#3036),#3020,.F.) ;
#3044=ADVANCED_FACE('PartBody',(#3043),#3020,.F.) ;
#3066=ADVANCED_FACE('PartBody',(#3065),#3049,.F.) ;
#3073=ADVANCED_FACE('PartBody',(#3072),#3049,.F.) ;
#3095=ADVANCED_FACE('PartBody',(#3094),#3078,.F.) ;
#3102=ADVANCED_FACE('PartBody',(#3101),#3078,.F.) ;
#3124=ADVANCED_FACE('PartBody',(#3123),#3107,.F.) ;
#3131=ADVANCED_FACE('PartBody',(#3130),#3107,.F.) ;
#3153=ADVANCED_FACE('PartBody',(#3152),#3136,.F.) ;
#3160=ADVANCED_FACE('PartBody',(#3159),#3136,.F.) ;
#3182=ADVANCED_FACE('PartBody',(#3181),#3165,.F.) ;
#3189=ADVANCED_FACE('PartBody',(#3188),#3165,.F.) ;
#3211=ADVANCED_FACE('PartBody',(#3210),#3194,.F.) ;
#3218=ADVANCED_FACE('PartBody',(#3217),#3194,.F.) ;
#3240=ADVANCED_FACE('PartBody',(#3239),#3223,.F.) ;
#3247=ADVANCED_FACE('PartBody',(#3246),#3223,.F.) ;
#3269=ADVANCED_FACE('PartBody',(#3268),#3252,.F.) ;
#3276=ADVANCED_FACE('PartBody',(#3275),#3252,.F.) ;
#3298=ADVANCED_FACE('PartBody',(#3297),#3281,.F.) ;
#3305=ADVANCED_FACE('PartBody',(#3304),#3281,.F.) ;
#3327=ADVANCED_FACE('PartBody',(#3326),#3310,.F.) ;
#3334=ADVANCED_FACE('PartBody',(#3333),#3310,.F.) ;
#3356=ADVANCED_FACE('PartBody',(#3355),#3339,.F.) ;
#3363=ADVANCED_FACE('PartBody',(#3362),#3339,.F.) ;
#3385=ADVANCED_FACE('PartBody',(#3384),#3368,.T.) ;
#3392=ADVANCED_FACE('PartBody',(#3391),#3368,.T.) ;
#3404=ADVANCED_FACE('PartBody',(#3403),#533,.T.) ;
#3416=ADVANCED_FACE('PartBody',(#3415),#3409,.F.) ;
#3428=ADVANCED_FACE('PartBody',(#3427),#3421,.F.) ;
#3435=ADVANCED_FACE('PartBody',(#3434),#3421,.F.) ;
#3442=ADVANCED_FACE('PartBody',(#3441),#3409,.F.) ;
#3459=ADVANCED_FACE('PartBody',(#3458),#3447,.T.) ;
#3471=ADVANCED_FACE('PartBody',(#3470),#3447,.T.) ;
#3507=ADVANCED_FACE('PartBody',(#3506),#3447,.T.) ;
#3516=ADVANCED_FACE('PartBody',(#3515),#464,.T.) ;
#3540=ADVANCED_FACE('PartBody',(#3539),#3521,.T.) ;
#3576=ADVANCED_FACE('PartBody',(#3571,#3575),#3545,.T.) ;
#3602=ADVANCED_FACE('PartBody',(#3601),#3581,.F.) ;
#3626=ADVANCED_FACE('PartBody',(#3621,#3625),#440,.F.) ;
#3643=ADVANCED_FACE('PartBody',(#3642),#3631,.F.) ;
#3677=ADVANCED_FACE('PartBody',(#3676),#3648,.T.) ;
#3696=ADVANCED_FACE('PartBody',(#3695),#3581,.F.) ;
#3725=ADVANCED_FACE('PartBody',(#3720,#3724),#3701,.F.) ;
#3737=ADVANCED_FACE('PartBody',(#3736),#3631,.F.) ;
#3766=ADVANCED_FACE('PartBody',(#3765),#3742,.T.) ;
#3807=ADVANCED_FACE('PartBody',(#3782,#3786,#3790,#3794,#3798,#3802,#3806),#3771,.T.) ;
#4065=ADVANCED_FACE('PartBody',(#3818,#3836,#3854,#3860,#3866,#3884,#3902,#3920,#3938,#3956,#3974,#3992,#4010,#4028,#4046,#4064),#3812,.F.) ;
#4087=ADVANCED_FACE('PartBody',(#4086),#4070,.F.) ;
#4094=ADVANCED_FACE('PartBody',(#4093),#4070,.F.) ;
#4113=ADVANCED_FACE('PartBody',(#4112),#56,.F.) ;
#4135=ADVANCED_FACE('PartBody',(#4134),#4118,.F.) ;
#4142=ADVANCED_FACE('PartBody',(#4141),#4118,.F.) ;
#4161=ADVANCED_FACE('PartBody',(#4160),#56,.F.) ;
#4183=ADVANCED_FACE('PartBody',(#4182),#4166,.F.) ;
#4190=ADVANCED_FACE('PartBody',(#4189),#4166,.F.) ;
#4209=ADVANCED_FACE('PartBody',(#4208),#56,.F.) ;
#4231=ADVANCED_FACE('PartBody',(#4230),#4214,.F.) ;
#4238=ADVANCED_FACE('PartBody',(#4237),#4214,.F.) ;
#4257=ADVANCED_FACE('PartBody',(#4256),#56,.F.) ;
#4279=ADVANCED_FACE('PartBody',(#4278),#4262,.F.) ;
#4286=ADVANCED_FACE('PartBody',(#4285),#4262,.F.) ;
#4305=ADVANCED_FACE('PartBody',(#4304),#56,.F.) ;
#4327=ADVANCED_FACE('PartBody',(#4326),#4310,.F.) ;
#4334=ADVANCED_FACE('PartBody',(#4333),#4310,.F.) ;
#4353=ADVANCED_FACE('PartBody',(#4352),#56,.F.) ;
#4375=ADVANCED_FACE('PartBody',(#4374),#4358,.F.) ;
#4382=ADVANCED_FACE('PartBody',(#4381),#4358,.F.) ;
#4401=ADVANCED_FACE('PartBody',(#4400),#56,.F.) ;
#4423=ADVANCED_FACE('PartBody',(#4422),#4406,.F.) ;
#4430=ADVANCED_FACE('PartBody',(#4429),#4406,.F.) ;
#4449=ADVANCED_FACE('PartBody',(#4448),#56,.F.) ;
#4471=ADVANCED_FACE('PartBody',(#4470),#4454,.F.) ;
#4478=ADVANCED_FACE('PartBody',(#4477),#4454,.F.) ;
#4497=ADVANCED_FACE('PartBody',(#4496),#56,.F.) ;
#4519=ADVANCED_FACE('PartBody',(#4518),#4502,.F.) ;
#4526=ADVANCED_FACE('PartBody',(#4525),#4502,.F.) ;
#4545=ADVANCED_FACE('PartBody',(#4544),#56,.F.) ;
#4567=ADVANCED_FACE('PartBody',(#4566),#4550,.F.) ;
#4574=ADVANCED_FACE('PartBody',(#4573),#4550,.F.) ;
#4593=ADVANCED_FACE('PartBody',(#4592),#56,.F.) ;
#4615=ADVANCED_FACE('PartBody',(#4614),#4598,.F.) ;
#4622=ADVANCED_FACE('PartBody',(#4621),#4598,.F.) ;
#4641=ADVANCED_FACE('PartBody',(#4640),#56,.F.) ;
#4663=ADVANCED_FACE('PartBody',(#4662),#4646,.F.) ;
#4670=ADVANCED_FACE('PartBody',(#4669),#4646,.F.) ;
#4=APPLICATION_PROTOCOL_DEFINITION('international standard','config_control_design',1994,#1) ;
#32=APPROVAL_DATE_TIME(#13,#21) ;
#217=B_SPLINE_CURVE_WITH_KNOTS('',5,(#218,#219,#220,#221,#222,#223,#224,#225,#226,#227,#228,#229,#230,#231,#232,#233,#234,#235,#236,#237,#238,#239,#240,#241,#242,#243,#244,#245,#246,#247),.UNSPECIFIED.,.F.,.U.,(6,3,3,3,3,3,3,3,3,6),(0.,30.8237852805,82.3748752826,107.09539089,153.533093505,194.946217898,217.237457948,250.055669363,278.457142069,318.904418653),.UNSPECIFIED.) ;
#263=B_SPLINE_CURVE_WITH_KNOTS('',5,(#264,#265,#266,#267,#268,#269,#270,#271,#272),.UNSPECIFIED.,.F.,.U.,(6,3,6),(0.,28.7071631681,74.1603567205),.UNSPECIFIED.) ;
#325=B_SPLINE_CURVE_WITH_KNOTS('',5,(#326,#327,#328,#329,#330,#331,#332,#333,#334,#335,#336,#337,#338,#339,#340,#341,#342,#343,#344,#345,#346,#347,#348,#349,#350,#351,#352,#353,#354,#355),.UNSPECIFIED.,.F.,.U.,(6,3,3,3,3,3,3,3,3,6),(0.,30.8237852843,82.3748752883,107.095390896,153.533093511,194.946217901,217.237457948,250.055669361,278.457142068,318.904418653),.UNSPECIFIED.) ;
#359=B_SPLINE_CURVE_WITH_KNOTS('',5,(#360,#361,#362,#363,#364,#365,#366,#367,#368,#369,#370,#371,#372,#373,#374,#375,#376,#377,#378,#379,#380,#381,#382,#383,#384,#385,#386,#387,#388,#389),.UNSPECIFIED.,.F.,.U.,(6,3,3,3,3,3,3,3,3,6),(0.,30.823785279,82.3748752791,107.095390885,153.5330935,194.946217892,217.237457942,250.055669352,278.457142056,318.904418645),.UNSPECIFIED.) ;
#486=B_SPLINE_CURVE_WITH_KNOTS('',5,(#487,#488,#489,#490,#491,#492,#493,#494,#495,#496,#497,#498,#499,#500,#501,#502,#503,#504,#505,#506,#507,#508,#509,#510,#511,#512,#513),.UNSPECIFIED.,.F.,.U.,(6,3,3,3,3,3,3,3,6),(0.,53.0776319316,77.8364711491,125.133527759,145.593362706,165.70158427,184.298226721,204.676955147,247.36192826),.UNSPECIFIED.) ;
#1890=B_SPLINE_CURVE_WITH_KNOTS('',5,(#1891,#1892,#1893,#1894,#1895,#1896,#1897,#1898,#1899,#1900,#1901,#1902,#1903,#1904,#1905,#1906,#1907,#1908,#1909,#1910,#1911,#1912,#1913,#1914),.UNSPECIFIED.,.F.,.U.,(6,3,3,3,3,3,3,6),(0.,41.3771390015,66.9255873311,105.024288763,140.506764581,159.801517974,187.057416271,225.663123306),.UNSPECIFIED.) ;
#1986=B_SPLINE_CURVE_WITH_KNOTS('',5,(#1987,#1988,#1989,#1990,#1991,#1992,#1993,#1994,#1995,#1996,#1997,#1998,#1999,#2000,#2001,#2002,#2003,#2004,#2005,#2006,#2007,#2008,#2009,#2010),.UNSPECIFIED.,.F.,.U.,(6,3,3,3,3,3,3,6),(0.,41.3771390026,66.9255873327,105.024288764,140.506764579,159.801517971,187.057416267,225.6631233),.UNSPECIFIED.) ;
#2426=B_SPLINE_CURVE_WITH_KNOTS('',4,(#2427,#2428,#2429,#2430,#2431),.UNSPECIFIED.,.F.,.U.,(5,5),(0.,27.4776641974),.UNSPECIFIED.) ;
#2433=B_SPLINE_CURVE_WITH_KNOTS('',5,(#2434,#2435,#2436,#2437,#2438,#2439),.UNSPECIFIED.,.F.,.U.,(6,6),(0.,47.6341326127),.UNSPECIFIED.) ;
#2443=B_SPLINE_CURVE_WITH_KNOTS('',5,(#2444,#2445,#2446,#2447,#2448,#2449),.UNSPECIFIED.,.F.,.U.,(6,6),(0.,47.6341326158),.UNSPECIFIED.) ;
#2451=B_SPLINE_CURVE_WITH_KNOTS('',4,(#2452,#2453,#2454,#2455,#2456),.UNSPECIFIED.,.F.,.U.,(5,5),(0.,27.477664197),.UNSPECIFIED.) ;
#2502=B_SPLINE_CURVE_WITH_KNOTS('',5,(#2503,#2504,#2505,#2506,#2507,#2508,#2509,#2510,#2511),.UNSPECIFIED.,.F.,.U.,(6,3,6),(0.,41.9738906931,79.7690761347),.UNSPECIFIED.) ;
#2517=B_SPLINE_CURVE_WITH_KNOTS('',5,(#2518,#2519,#2520,#2521,#2522,#2523,#2524,#2525,#2526,#2527,#2528,#2529,#2530,#2531,#2532,#2533,#2534,#2535,#2536,#2537,#2538,#2539,#2540,#2541),.UNSPECIFIED.,.F.,.U.,(6,3,3,3,3,3,3,6),(0.,41.3771390017,66.9255873314,105.024288764,140.506764582,159.801517975,187.057416271,225.663123305),.UNSPECIFIED.) ;
#2545=B_SPLINE_CURVE_WITH_KNOTS('',5,(#2546,#2547,#2548,#2549,#2550,#2551,#2552,#2553,#2554),.UNSPECIFIED.,.F.,.U.,(6,3,6),(0.,41.9738906803,79.7690761311),.UNSPECIFIED.) ;
#3472=B_SPLINE_CURVE_WITH_KNOTS('',5,(#3473,#3474,#3475,#3476,#3477,#3478,#3479,#3480,#3481,#3482,#3483,#3484,#3485,#3486,#3487,#3488,#3489,#3490,#3491,#3492,#3493,#3494,#3495,#3496,#3497,#3498,#3499),.UNSPECIFIED.,.F.,.U.,(6,3,3,3,3,3,3,3,6),(0.,53.0776319429,77.8364711581,125.133527766,145.593362713,165.701584276,184.298226723,204.676955149,247.361928246),.UNSPECIFIED.) ;
#4671=MANIFOLD_SOLID_BREP('PartBody',#51) ;
#11=CALENDAR_DATE(2020,15,5) ;
#30=CC_DESIGN_APPROVAL(#21,(#16,#6,#14)) ;
#18=CC_DESIGN_DATE_AND_TIME_ASSIGNMENT(#13,#17,(#16)) ;
#29=CC_DESIGN_DATE_AND_TIME_ASSIGNMENT(#13,#28,(#14)) ;
#17=DATE_TIME_ROLE('classification_date') ;
#28=DATE_TIME_ROLE('creation_date') ;
#27=CC_DESIGN_PERSON_AND_ORGANIZATION_ASSIGNMENT(#25,#26,(#16)) ;
#33=CC_DESIGN_PERSON_AND_ORGANIZATION_ASSIGNMENT(#25,#34,(#6)) ;
#35=CC_DESIGN_PERSON_AND_ORGANIZATION_ASSIGNMENT(#25,#36,(#6,#14)) ;
#37=CC_DESIGN_PERSON_AND_ORGANIZATION_ASSIGNMENT(#25,#38,(#5)) ;
#26=PERSON_AND_ORGANIZATION_ROLE('classification_officer') ;
#34=PERSON_AND_ORGANIZATION_ROLE('design_supplier') ;
#36=PERSON_AND_ORGANIZATION_ROLE('creator') ;
#38=PERSON_AND_ORGANIZATION_ROLE('design_owner') ;
#39=CC_DESIGN_SECURITY_CLASSIFICATION(#16,(#6)) ;
#60=CIRCLE('generated circle',#59,5.053) ;
#69=CIRCLE('generated circle',#68,5.053) ;
#149=CIRCLE('generated circle',#148,105.) ;
#156=CIRCLE('generated circle',#155,105.) ;
#163=CIRCLE('generated circle',#162,105.) ;
#177=CIRCLE('generated circle',#176,120.) ;
#261=CIRCLE('generated circle',#260,120.) ;
#286=CIRCLE('generated circle',#285,120.) ;
#302=CIRCLE('generated circle',#301,120.) ;
#316=CIRCLE('generated circle',#315,120.) ;
#398=CIRCLE('generated circle',#397,120.) ;
#412=CIRCLE('generated circle',#411,120.) ;
#426=CIRCLE('generated circle',#425,120.) ;
#451=CIRCLE('generated circle',#450,140.) ;
#475=CIRCLE('generated circle',#474,70.) ;
#518=CIRCLE('generated circle',#517,70.) ;
#544=CIRCLE('generated circle',#543,70.) ;
#649=CIRCLE('generated circle',#648,70.) ;
#668=CIRCLE('generated circle',#667,70.) ;
#759=CIRCLE('generated circle',#758,130.) ;
#768=CIRCLE('generated circle',#767,130.) ;
#777=CIRCLE('generated circle',#776,10.5) ;
#786=CIRCLE('generated circle',#785,10.5) ;
#795=CIRCLE('generated circle',#794,10.5) ;
#804=CIRCLE('generated circle',#803,10.5) ;
#813=CIRCLE('generated circle',#812,10.5) ;
#822=CIRCLE('generated circle',#821,10.5) ;
#831=CIRCLE('generated circle',#830,70.) ;
#840=CIRCLE('generated circle',#839,10.5) ;
#849=CIRCLE('generated circle',#848,10.5) ;
#858=CIRCLE('generated circle',#857,10.5) ;
#867=CIRCLE('generated circle',#866,10.5) ;
#876=CIRCLE('generated circle',#875,10.5) ;
#885=CIRCLE('generated circle',#884,10.5) ;
#900=CIRCLE('generated circle',#899,130.) ;
#909=CIRCLE('generated circle',#908,130.) ;
#918=CIRCLE('generated circle',#917,10.5) ;
#927=CIRCLE('generated circle',#926,10.5) ;
#936=CIRCLE('generated circle',#935,10.5) ;
#945=CIRCLE('generated circle',#944,10.5) ;
#954=CIRCLE('generated circle',#953,70.) ;
#963=CIRCLE('generated circle',#962,10.5) ;
#972=CIRCLE('generated circle',#971,10.5) ;
#981=CIRCLE('generated circle',#980,10.5) ;
#990=CIRCLE('generated circle',#989,10.5) ;
#999=CIRCLE('generated circle',#998,10.5) ;
#1008=CIRCLE('generated circle',#1007,10.5) ;
#1017=CIRCLE('generated circle',#1016,10.5) ;
#1026=CIRCLE('generated circle',#1025,10.5) ;
#1041=CIRCLE('generated circle',#1040,130.) ;
#1050=CIRCLE('generated circle',#1049,130.) ;
#1059=CIRCLE('generated circle',#1058,10.5) ;
#1068=CIRCLE('generated circle',#1067,10.5) ;
#1115=CIRCLE('generated circle',#1114,10.5) ;
#1124=CIRCLE('generated circle',#1123,10.5) ;
#1133=CIRCLE('generated circle',#1132,10.5) ;
#1142=CIRCLE('generated circle',#1141,10.5) ;
#1151=CIRCLE('generated circle',#1150,10.5) ;
#1160=CIRCLE('generated circle',#1159,10.5) ;
#1169=CIRCLE('generated circle',#1168,10.5) ;
#1178=CIRCLE('generated circle',#1177,10.5) ;
#1187=CIRCLE('generated circle',#1186,10.5) ;
#1196=CIRCLE('generated circle',#1195,10.5) ;
#1218=CIRCLE('generated circle',#1217,10.5) ;
#1237=CIRCLE('generated circle',#1236,10.5) ;
#1261=CIRCLE('generated circle',#1260,10.5) ;
#1280=CIRCLE('generated circle',#1279,10.5) ;
#1304=CIRCLE('generated circle',#1303,10.5) ;
#1323=CIRCLE('generated circle',#1322,10.5) ;
#1347=CIRCLE('generated circle',#1346,10.5) ;
#1366=CIRCLE('generated circle',#1365,10.5) ;
#1390=CIRCLE('generated circle',#1389,10.5) ;
#1409=CIRCLE('generated circle',#1408,10.5) ;
#1433=CIRCLE('generated circle',#1432,10.5) ;
#1452=CIRCLE('generated circle',#1451,10.5) ;
#1476=CIRCLE('generated circle',#1475,130.) ;
#1495=CIRCLE('generated circle',#1494,130.) ;
#1519=CIRCLE('generated circle',#1518,130.) ;
#1538=CIRCLE('generated circle',#1537,130.) ;
#1555=CIRCLE('generated circle',#1554,130.) ;
#1564=CIRCLE('generated circle',#1563,130.) ;
#1585=CIRCLE('generated circle',#1584,50.) ;
#1594=CIRCLE('generated circle',#1593,50.) ;
#1625=CIRCLE('generated circle',#1624,10.5) ;
#1634=CIRCLE('generated circle',#1633,10.5) ;
#1643=CIRCLE('generated circle',#1642,10.5) ;
#1652=CIRCLE('generated circle',#1651,10.5) ;
#1661=CIRCLE('generated circle',#1660,50.) ;
#1670=CIRCLE('generated circle',#1669,50.) ;
#1679=CIRCLE('generated circle',#1678,10.5) ;
#1688=CIRCLE('generated circle',#1687,10.5) ;
#1697=CIRCLE('generated circle',#1696,10.5) ;
#1706=CIRCLE('generated circle',#1705,10.5) ;
#1715=CIRCLE('generated circle',#1714,10.5) ;
#1724=CIRCLE('generated circle',#1723,10.5) ;
#1733=CIRCLE('generated circle',#1732,10.5) ;
#1742=CIRCLE('generated circle',#1741,10.5) ;
#1761=CIRCLE('generated circle',#1760,10.5) ;
#1770=CIRCLE('generated circle',#1769,10.5) ;
#1779=CIRCLE('generated circle',#1778,50.) ;
#1788=CIRCLE('generated circle',#1787,50.) ;
#1797=CIRCLE('generated circle',#1796,10.5) ;
#1806=CIRCLE('generated circle',#1805,10.5) ;
#1815=CIRCLE('generated circle',#1814,10.5) ;
#1824=CIRCLE('generated circle',#1823,10.5) ;
#1833=CIRCLE('generated circle',#1832,10.5) ;
#1842=CIRCLE('generated circle',#1841,10.5) ;
#1851=CIRCLE('generated circle',#1850,10.5) ;
#1860=CIRCLE('generated circle',#1859,10.5) ;
#1869=CIRCLE('generated circle',#1868,10.5) ;
#1878=CIRCLE('generated circle',#1877,10.5) ;
#1930=CIRCLE('generated circle',#1929,105.) ;
#1944=CIRCLE('generated circle',#1943,105.) ;
#1951=CIRCLE('generated circle',#1950,105.) ;
#1965=CIRCLE('generated circle',#1964,105.) ;
#2015=CIRCLE('generated circle',#2014,105.) ;
#2029=CIRCLE('generated circle',#2028,105.) ;
#2036=CIRCLE('generated circle',#2035,105.) ;
#2041=CIRCLE('generated circle',#2040,105.) ;
#2072=CIRCLE('generated circle',#2071,72.) ;
#2086=CIRCLE('generated circle',#2085,72.) ;
#2098=CIRCLE('generated circle',#2097,72.) ;
#2103=CIRCLE('generated circle',#2102,72.) ;
#2129=CIRCLE('generated circle',#2128,50.) ;
#2144=CIRCLE('generated circle',#2143,85.) ;
#2153=CIRCLE('generated circle',#2152,85.) ;
#2160=CIRCLE('generated circle',#2159,85.) ;
#2195=CIRCLE('generated circle',#2194,50.) ;
#2202=CIRCLE('generated circle',#2201,50.) ;
#2225=CIRCLE('generated circle',#2224,85.) ;
#2244=CIRCLE('generated circle',#2243,85.) ;
#2253=CIRCLE('generated circle',#2252,72.) ;
#2262=CIRCLE('generated circle',#2261,72.) ;
#2279=CIRCLE('generated circle',#2278,72.) ;
#2298=CIRCLE('generated circle',#2297,72.) ;
#2319=CIRCLE('generated circle',#2318,50.) ;
#2334=CIRCLE('generated circle',#2333,10.) ;
#2343=CIRCLE('generated circle',#2342,10.) ;
#2353=CIRCLE('generated circle',#2352,10.) ;
#2362=CIRCLE('generated circle',#2361,10.) ;
#2372=CIRCLE('generated circle',#2371,10.) ;
#2381=CIRCLE('generated circle',#2380,10.) ;
#2391=CIRCLE('generated circle',#2390,10.) ;
#2400=CIRCLE('generated circle',#2399,10.) ;
#2410=CIRCLE('generated circle',#2409,10.) ;
#2419=CIRCLE('generated circle',#2418,10.) ;
#2480=CIRCLE('generated circle',#2479,105.) ;
#2489=CIRCLE('generated circle',#2488,105.) ;
#2494=CIRCLE('generated circle',#2493,105.) ;
#2568=CIRCLE('generated circle',#2567,105.) ;
#2582=CIRCLE('generated circle',#2581,105.) ;
#2614=CIRCLE('generated circle',#2613,105.) ;
#2619=CIRCLE('generated circle',#2618,105.) ;
#2659=CIRCLE('generated circle',#2658,85.) ;
#2673=CIRCLE('generated circle',#2672,85.) ;
#2685=CIRCLE('generated circle',#2684,85.) ;
#2690=CIRCLE('generated circle',#2689,85.) ;
#2714=CIRCLE('generated circle',#2713,10.) ;
#2733=CIRCLE('generated circle',#2732,10.) ;
#2757=CIRCLE('generated circle',#2756,10.) ;
#2776=CIRCLE('generated circle',#2775,10.) ;
#2800=CIRCLE('generated circle',#2799,10.) ;
#2819=CIRCLE('generated circle',#2818,10.) ;
#2843=CIRCLE('generated circle',#2842,10.) ;
#2862=CIRCLE('generated circle',#2861,10.) ;
#2886=CIRCLE('generated circle',#2885,10.) ;
#2905=CIRCLE('generated circle',#2904,10.) ;
#2951=CIRCLE('generated circle',#2950,50.) ;
#3396=CIRCLE('generated circle',#3395,70.) ;
#3532=CIRCLE('generated circle',#3531,140.) ;
#3822=CIRCLE('generated circle',#3821,5.053) ;
#3831=CIRCLE('generated circle',#3830,5.053) ;
#3840=CIRCLE('generated circle',#3839,5.053) ;
#3849=CIRCLE('generated circle',#3848,5.053) ;
#3870=CIRCLE('generated circle',#3869,5.053) ;
#3879=CIRCLE('generated circle',#3878,5.053) ;
#3888=CIRCLE('generated circle',#3887,5.053) ;
#3897=CIRCLE('generated circle',#3896,5.053) ;
#3906=CIRCLE('generated circle',#3905,5.053) ;
#3915=CIRCLE('generated circle',#3914,5.053) ;
#3924=CIRCLE('generated circle',#3923,5.053) ;
#3933=CIRCLE('generated circle',#3932,5.053) ;
#3942=CIRCLE('generated circle',#3941,5.053) ;
#3951=CIRCLE('generated circle',#3950,5.053) ;
#3960=CIRCLE('generated circle',#3959,5.053) ;
#3969=CIRCLE('generated circle',#3968,5.053) ;
#3978=CIRCLE('generated circle',#3977,5.053) ;
#3987=CIRCLE('generated circle',#3986,5.053) ;
#3996=CIRCLE('generated circle',#3995,5.053) ;
#4005=CIRCLE('generated circle',#4004,5.053) ;
#4014=CIRCLE('generated circle',#4013,5.053) ;
#4023=CIRCLE('generated circle',#4022,5.053) ;
#4032=CIRCLE('generated circle',#4031,5.053) ;
#4041=CIRCLE('generated circle',#4040,5.053) ;
#4050=CIRCLE('generated circle',#4049,5.053) ;
#4059=CIRCLE('generated circle',#4058,5.053) ;
#4098=CIRCLE('generated circle',#4097,5.053) ;
#4107=CIRCLE('generated circle',#4106,5.053) ;
#4146=CIRCLE('generated circle',#4145,5.053) ;
#4155=CIRCLE('generated circle',#4154,5.053) ;
#4194=CIRCLE('generated circle',#4193,5.053) ;
#4203=CIRCLE('generated circle',#4202,5.053) ;
#4242=CIRCLE('generated circle',#4241,5.053) ;
#4251=CIRCLE('generated circle',#4250,5.053) ;
#4290=CIRCLE('generated circle',#4289,5.053) ;
#4299=CIRCLE('generated circle',#4298,5.053) ;
#4338=CIRCLE('generated circle',#4337,5.053) ;
#4347=CIRCLE('generated circle',#4346,5.053) ;
#4386=CIRCLE('generated circle',#4385,5.053) ;
#4395=CIRCLE('generated circle',#4394,5.053) ;
#4434=CIRCLE('generated circle',#4433,5.053) ;
#4443=CIRCLE('generated circle',#4442,5.053) ;
#4482=CIRCLE('generated circle',#4481,5.053) ;
#4491=CIRCLE('generated circle',#4490,5.053) ;
#4530=CIRCLE('generated circle',#4529,5.053) ;
#4539=CIRCLE('generated circle',#4538,5.053) ;
#4578=CIRCLE('generated circle',#4577,5.053) ;
#4587=CIRCLE('generated circle',#4586,5.053) ;
#4626=CIRCLE('generated circle',#4625,5.053) ;
#4635=CIRCLE('generated circle',#4634,5.053) ;
#4673=SHAPE_REPRESENTATION_RELATIONSHIP(' ',' ',#49,#4672) ;
#207=CYLINDRICAL_SURFACE('generated cylinder',#206,120.) ;
#464=CYLINDRICAL_SURFACE('generated cylinder',#463,70.) ;
#533=CYLINDRICAL_SURFACE('generated cylinder',#532,70.) ;
#645=CYLINDRICAL_SURFACE('generated cylinder',#644,70.) ;
#1207=CYLINDRICAL_SURFACE('generated cylinder',#1206,10.5) ;
#1250=CYLINDRICAL_SURFACE('generated cylinder',#1249,10.5) ;
#1293=CYLINDRICAL_SURFACE('generated cylinder',#1292,10.5) ;
#1336=CYLINDRICAL_SURFACE('generated cylinder',#1335,10.5) ;
#1379=CYLINDRICAL_SURFACE('generated cylinder',#1378,10.5) ;
#1422=CYLINDRICAL_SURFACE('generated cylinder',#1421,10.5) ;
#1465=CYLINDRICAL_SURFACE('generated cylinder',#1464,130.) ;
#1508=CYLINDRICAL_SURFACE('generated cylinder',#1507,130.) ;
#1889=CYLINDRICAL_SURFACE('generated cylinder',#1888,105.) ;
#2059=CYLINDRICAL_SURFACE('generated cylinder',#2058,72.) ;
#2214=CYLINDRICAL_SURFACE('generated cylinder',#2213,85.) ;
#2646=CYLINDRICAL_SURFACE('generated cylinder',#2645,85.) ;
#2703=CYLINDRICAL_SURFACE('generated cylinder',#2702,10.) ;
#2746=CYLINDRICAL_SURFACE('generated cylinder',#2745,10.) ;
#2789=CYLINDRICAL_SURFACE('generated cylinder',#2788,10.) ;
#2832=CYLINDRICAL_SURFACE('generated cylinder',#2831,10.) ;
#2875=CYLINDRICAL_SURFACE('generated cylinder',#2874,10.) ;
#2918=CYLINDRICAL_SURFACE('generated cylinder',#2917,50.) ;
#2947=CYLINDRICAL_SURFACE('generated cylinder',#2946,50.) ;
#2983=CYLINDRICAL_SURFACE('generated cylinder',#2982,50.) ;
#3020=CYLINDRICAL_SURFACE('generated cylinder',#3019,10.5) ;
#3049=CYLINDRICAL_SURFACE('generated cylinder',#3048,10.5) ;
#3078=CYLINDRICAL_SURFACE('generated cylinder',#3077,10.5) ;
#3107=CYLINDRICAL_SURFACE('generated cylinder',#3106,10.5) ;
#3136=CYLINDRICAL_SURFACE('generated cylinder',#3135,10.5) ;
#3165=CYLINDRICAL_SURFACE('generated cylinder',#3164,10.5) ;
#3194=CYLINDRICAL_SURFACE('generated cylinder',#3193,10.5) ;
#3223=CYLINDRICAL_SURFACE('generated cylinder',#3222,10.5) ;
#3252=CYLINDRICAL_SURFACE('generated cylinder',#3251,10.5) ;
#3281=CYLINDRICAL_SURFACE('generated cylinder',#3280,10.5) ;
#3310=CYLINDRICAL_SURFACE('generated cylinder',#3309,10.5) ;
#3339=CYLINDRICAL_SURFACE('generated cylinder',#3338,10.5) ;
#3368=CYLINDRICAL_SURFACE('generated cylinder',#3367,130.) ;
#3447=CYLINDRICAL_SURFACE('generated cylinder',#3446,105.) ;
#3521=CYLINDRICAL_SURFACE('generated cylinder',#3520,140.) ;
#4070=CYLINDRICAL_SURFACE('generated cylinder',#4069,5.053) ;
#4118=CYLINDRICAL_SURFACE('generated cylinder',#4117,5.053) ;
#4166=CYLINDRICAL_SURFACE('generated cylinder',#4165,5.053) ;
#4214=CYLINDRICAL_SURFACE('generated cylinder',#4213,5.053) ;
#4262=CYLINDRICAL_SURFACE('generated cylinder',#4261,5.053) ;
#4310=CYLINDRICAL_SURFACE('generated cylinder',#4309,5.053) ;
#4358=CYLINDRICAL_SURFACE('generated cylinder',#4357,5.053) ;
#4406=CYLINDRICAL_SURFACE('generated cylinder',#4405,5.053) ;
#4454=CYLINDRICAL_SURFACE('generated cylinder',#4453,5.053) ;
#4502=CYLINDRICAL_SURFACE('generated cylinder',#4501,5.053) ;
#4550=CYLINDRICAL_SURFACE('generated cylinder',#4549,5.053) ;
#4598=CYLINDRICAL_SURFACE('generated cylinder',#4597,5.053) ;
#4646=CYLINDRICAL_SURFACE('generated cylinder',#4645,5.053) ;
#3=DESIGN_CONTEXT(' ',#1,'design') ;
#65=EDGE_CURVE('',#62,#64,#60,.T.) ;
#70=EDGE_CURVE('',#64,#62,#69,.T.) ;
#89=EDGE_CURVE('',#86,#88,#84,.F.) ;
#96=EDGE_CURVE('',#95,#88,#93,.T.) ;
#103=EDGE_CURVE('',#102,#95,#100,.F.) ;
#110=EDGE_CURVE('',#109,#102,#107,.T.) ;
#117=EDGE_CURVE('',#109,#116,#114,.F.) ;
#122=EDGE_CURVE('',#116,#86,#121,.T.) ;
#145=EDGE_CURVE('',#142,#144,#140,.T.) ;
#152=EDGE_CURVE('',#151,#144,#149,.F.) ;
#159=EDGE_CURVE('',#158,#151,#156,.F.) ;
#166=EDGE_CURVE('',#165,#158,#163,.F.) ;
#173=EDGE_CURVE('',#172,#165,#170,.T.) ;
#178=EDGE_CURVE('',#116,#172,#177,.T.) ;
#185=EDGE_CURVE('',#184,#109,#182,.F.) ;
#190=EDGE_CURVE('',#142,#184,#189,.T.) ;
#216=EDGE_CURVE('',#213,#215,#211,.T.) ;
#250=EDGE_CURVE('',#215,#249,#217,.T.) ;
#257=EDGE_CURVE('',#249,#256,#254,.T.) ;
#262=EDGE_CURVE('',#256,#86,#261,.F.) ;
#273=EDGE_CURVE('',#172,#213,#263,.T.) ;
#291=EDGE_CURVE('',#288,#290,#286,.F.) ;
#298=EDGE_CURVE('',#297,#290,#295,.F.) ;
#305=EDGE_CURVE('',#297,#304,#302,.T.) ;
#312=EDGE_CURVE('',#311,#304,#309,.T.) ;
#317=EDGE_CURVE('',#311,#288,#316,.F.) ;
#358=EDGE_CURVE('',#288,#357,#325,.T.) ;
#390=EDGE_CURVE('',#357,#288,#359,.T.) ;
#401=EDGE_CURVE('',#357,#400,#398,.T.) ;
#408=EDGE_CURVE('',#407,#400,#405,.T.) ;
#415=EDGE_CURVE('',#407,#414,#412,.F.) ;
#422=EDGE_CURVE('',#421,#414,#419,.F.) ;
#427=EDGE_CURVE('',#421,#357,#426,.T.) ;
#447=EDGE_CURVE('',#446,#256,#444,.F.) ;
#452=EDGE_CURVE('',#88,#446,#451,.T.) ;
#471=EDGE_CURVE('',#470,#213,#468,.T.) ;
#478=EDGE_CURVE('',#470,#477,#475,.T.) ;
#485=EDGE_CURVE('',#477,#484,#482,.T.) ;
#514=EDGE_CURVE('',#484,#144,#486,.T.) ;
#519=EDGE_CURVE('',#142,#213,#518,.F.) ;
#540=EDGE_CURVE('',#539,#215,#537,.T.) ;
#547=EDGE_CURVE('',#539,#546,#544,.T.) ;
#552=EDGE_CURVE('',#546,#249,#551,.T.) ;
#573=EDGE_CURVE('',#570,#572,#568,.T.) ;
#578=EDGE_CURVE('',#572,#290,#577,.T.) ;
#583=EDGE_CURVE('',#570,#288,#582,.T.) ;
#602=EDGE_CURVE('',#601,#297,#599,.T.) ;
#609=EDGE_CURVE('',#601,#608,#606,.T.) ;
#614=EDGE_CURVE('',#608,#304,#613,.T.) ;
#628=EDGE_CURVE('',#627,#311,#625,.T.) ;
#633=EDGE_CURVE('',#627,#570,#632,.T.) ;
#652=EDGE_CURVE('',#570,#651,#649,.T.) ;
#657=EDGE_CURVE('',#651,#357,#656,.T.) ;
#669=EDGE_CURVE('',#651,#570,#668,.T.) ;
#688=EDGE_CURVE('',#651,#687,#685,.T.) ;
#693=EDGE_CURVE('',#687,#400,#692,.T.) ;
#712=EDGE_CURVE('',#711,#407,#709,.T.) ;
#719=EDGE_CURVE('',#711,#718,#716,.T.) ;
#724=EDGE_CURVE('',#718,#414,#723,.T.) ;
#738=EDGE_CURVE('',#737,#421,#735,.T.) ;
#743=EDGE_CURVE('',#737,#651,#742,.T.) ;
#764=EDGE_CURVE('',#761,#763,#759,.T.) ;
#769=EDGE_CURVE('',#763,#761,#768,.T.) ;
#782=EDGE_CURVE('',#779,#781,#777,.T.) ;
#787=EDGE_CURVE('',#781,#779,#786,.T.) ;
#800=EDGE_CURVE('',#797,#799,#795,.T.) ;
#805=EDGE_CURVE('',#799,#797,#804,.T.) ;
#818=EDGE_CURVE('',#815,#817,#813,.T.) ;
#823=EDGE_CURVE('',#817,#815,#822,.T.) ;
#832=EDGE_CURVE('',#477,#470,#831,.F.) ;
#845=EDGE_CURVE('',#842,#844,#840,.T.) ;
#850=EDGE_CURVE('',#844,#842,#849,.T.) ;
#863=EDGE_CURVE('',#860,#862,#858,.T.) ;
#868=EDGE_CURVE('',#862,#860,#867,.T.) ;
#881=EDGE_CURVE('',#878,#880,#876,.T.) ;
#886=EDGE_CURVE('',#880,#878,#885,.T.) ;
#905=EDGE_CURVE('',#902,#904,#900,.T.) ;
#910=EDGE_CURVE('',#904,#902,#909,.T.) ;
#923=EDGE_CURVE('',#920,#922,#918,.T.) ;
#928=EDGE_CURVE('',#922,#920,#927,.T.) ;
#941=EDGE_CURVE('',#938,#940,#936,.T.) ;
#946=EDGE_CURVE('',#940,#938,#945,.T.) ;
#955=EDGE_CURVE('',#546,#539,#954,.T.) ;
#968=EDGE_CURVE('',#965,#967,#963,.T.) ;
#973=EDGE_CURVE('',#967,#965,#972,.T.) ;
#986=EDGE_CURVE('',#983,#985,#981,.T.) ;
#991=EDGE_CURVE('',#985,#983,#990,.T.) ;
#1004=EDGE_CURVE('',#1001,#1003,#999,.T.) ;
#1009=EDGE_CURVE('',#1003,#1001,#1008,.T.) ;
#1022=EDGE_CURVE('',#1019,#1021,#1017,.T.) ;
#1027=EDGE_CURVE('',#1021,#1019,#1026,.T.) ;
#1046=EDGE_CURVE('',#1043,#1045,#1041,.T.) ;
#1051=EDGE_CURVE('',#1045,#1043,#1050,.T.) ;
#1064=EDGE_CURVE('',#1061,#1063,#1059,.T.) ;
#1069=EDGE_CURVE('',#1063,#1061,#1068,.T.) ;
#1078=EDGE_CURVE('',#608,#627,#1077,.F.) ;
#1083=EDGE_CURVE('',#572,#601,#1082,.F.) ;
#1099=EDGE_CURVE('',#718,#737,#1098,.F.) ;
#1104=EDGE_CURVE('',#687,#711,#1103,.F.) ;
#1120=EDGE_CURVE('',#1117,#1119,#1115,.T.) ;
#1125=EDGE_CURVE('',#1119,#1117,#1124,.T.) ;
#1138=EDGE_CURVE('',#1135,#1137,#1133,.T.) ;
#1143=EDGE_CURVE('',#1137,#1135,#1142,.T.) ;
#1156=EDGE_CURVE('',#1153,#1155,#1151,.T.) ;
#1161=EDGE_CURVE('',#1155,#1153,#1160,.T.) ;
#1174=EDGE_CURVE('',#1171,#1173,#1169,.T.) ;
#1179=EDGE_CURVE('',#1173,#1171,#1178,.T.) ;
#1192=EDGE_CURVE('',#1189,#1191,#1187,.T.) ;
#1197=EDGE_CURVE('',#1191,#1189,#1196,.T.) ;
#1214=EDGE_CURVE('',#1213,#781,#1211,.F.) ;
#1221=EDGE_CURVE('',#1213,#1220,#1218,.T.) ;
#1226=EDGE_CURVE('',#1220,#779,#1225,.F.) ;
#1238=EDGE_CURVE('',#1220,#1213,#1237,.T.) ;
#1257=EDGE_CURVE('',#1256,#799,#1254,.F.) ;
#1264=EDGE_CURVE('',#1256,#1263,#1261,.T.) ;
#1269=EDGE_CURVE('',#1263,#797,#1268,.F.) ;
#1281=EDGE_CURVE('',#1263,#1256,#1280,.T.) ;
#1300=EDGE_CURVE('',#1299,#817,#1297,.F.) ;
#1307=EDGE_CURVE('',#1299,#1306,#1304,.T.) ;
#1312=EDGE_CURVE('',#1306,#815,#1311,.F.) ;
#1324=EDGE_CURVE('',#1306,#1299,#1323,.T.) ;
#1343=EDGE_CURVE('',#1342,#844,#1340,.F.) ;
#1350=EDGE_CURVE('',#1342,#1349,#1347,.T.) ;
#1355=EDGE_CURVE('',#1349,#842,#1354,.F.) ;
#1367=EDGE_CURVE('',#1349,#1342,#1366,.T.) ;
#1386=EDGE_CURVE('',#1385,#862,#1383,.F.) ;
#1393=EDGE_CURVE('',#1385,#1392,#1390,.T.) ;
#1398=EDGE_CURVE('',#1392,#860,#1397,.F.) ;
#1410=EDGE_CURVE('',#1392,#1385,#1409,.T.) ;
#1429=EDGE_CURVE('',#1428,#880,#1426,.F.) ;
#1436=EDGE_CURVE('',#1428,#1435,#1433,.T.) ;
#1441=EDGE_CURVE('',#1435,#878,#1440,.F.) ;
#1453=EDGE_CURVE('',#1435,#1428,#1452,.T.) ;
#1472=EDGE_CURVE('',#1471,#902,#1469,.T.) ;
#1479=EDGE_CURVE('',#1471,#1478,#1476,.T.) ;
#1484=EDGE_CURVE('',#1478,#904,#1483,.T.) ;
#1496=EDGE_CURVE('',#1478,#1471,#1495,.T.) ;
#1515=EDGE_CURVE('',#1514,#1043,#1512,.T.) ;
#1522=EDGE_CURVE('',#1514,#1521,#1519,.T.) ;
#1527=EDGE_CURVE('',#1521,#1045,#1526,.T.) ;
#1539=EDGE_CURVE('',#1521,#1514,#1538,.T.) ;
#1560=EDGE_CURVE('',#1557,#1559,#1555,.T.) ;
#1565=EDGE_CURVE('',#1559,#1557,#1564,.T.) ;
#1590=EDGE_CURVE('',#1587,#1589,#1585,.T.) ;
#1595=EDGE_CURVE('',#1589,#1587,#1594,.T.) ;
#1630=EDGE_CURVE('',#1627,#1629,#1625,.F.) ;
#1635=EDGE_CURVE('',#1629,#1627,#1634,.F.) ;
#1648=EDGE_CURVE('',#1645,#1647,#1643,.F.) ;
#1653=EDGE_CURVE('',#1647,#1645,#1652,.F.) ;
#1666=EDGE_CURVE('',#1663,#1665,#1661,.F.) ;
#1671=EDGE_CURVE('',#1665,#1663,#1670,.F.) ;
#1684=EDGE_CURVE('',#1681,#1683,#1679,.F.) ;
#1689=EDGE_CURVE('',#1683,#1681,#1688,.F.) ;
#1702=EDGE_CURVE('',#1699,#1701,#1697,.F.) ;
#1707=EDGE_CURVE('',#1701,#1699,#1706,.F.) ;
#1720=EDGE_CURVE('',#1717,#1719,#1715,.F.) ;
#1725=EDGE_CURVE('',#1719,#1717,#1724,.F.) ;
#1738=EDGE_CURVE('',#1735,#1737,#1733,.F.) ;
#1743=EDGE_CURVE('',#1737,#1735,#1742,.F.) ;
#1766=EDGE_CURVE('',#1763,#1765,#1761,.F.) ;
#1771=EDGE_CURVE('',#1765,#1763,#1770,.F.) ;
#1784=EDGE_CURVE('',#1781,#1783,#1779,.F.) ;
#1789=EDGE_CURVE('',#1783,#1781,#1788,.F.) ;
#1802=EDGE_CURVE('',#1799,#1801,#1797,.F.) ;
#1807=EDGE_CURVE('',#1801,#1799,#1806,.F.) ;
#1820=EDGE_CURVE('',#1817,#1819,#1815,.F.) ;
#1825=EDGE_CURVE('',#1819,#1817,#1824,.F.) ;
#1838=EDGE_CURVE('',#1835,#1837,#1833,.F.) ;
#1843=EDGE_CURVE('',#1837,#1835,#1842,.F.) ;
#1856=EDGE_CURVE('',#1853,#1855,#1851,.F.) ;
#1861=EDGE_CURVE('',#1855,#1853,#1860,.F.) ;
#1874=EDGE_CURVE('',#1871,#1873,#1869,.F.) ;
#1879=EDGE_CURVE('',#1873,#1871,#1878,.F.) ;
#1919=EDGE_CURVE('',#1916,#1918,#1890,.T.) ;
#1926=EDGE_CURVE('',#1918,#1925,#1923,.F.) ;
#1933=EDGE_CURVE('',#1932,#1925,#1930,.T.) ;
#1940=EDGE_CURVE('',#1939,#1932,#1937,.F.) ;
#1947=EDGE_CURVE('',#1939,#1946,#1944,.T.) ;
#1954=EDGE_CURVE('',#1946,#1953,#1951,.T.) ;
#1961=EDGE_CURVE('',#1960,#1953,#1958,.F.) ;
#1968=EDGE_CURVE('',#1960,#1967,#1965,.T.) ;
#1973=EDGE_CURVE('',#1967,#1916,#1972,.F.) ;
#2011=EDGE_CURVE('',#1918,#1916,#1986,.T.) ;
#2018=EDGE_CURVE('',#1967,#2017,#2015,.T.) ;
#2025=EDGE_CURVE('',#2017,#2024,#2022,.F.) ;
#2032=EDGE_CURVE('',#2024,#2031,#2029,.T.) ;
#2037=EDGE_CURVE('',#2031,#1939,#2036,.T.) ;
#2042=EDGE_CURVE('',#1925,#1932,#2041,.T.) ;
#2068=EDGE_CURVE('',#2065,#2067,#2063,.F.) ;
#2075=EDGE_CURVE('',#2065,#2074,#2072,.T.) ;
#2082=EDGE_CURVE('',#2074,#2081,#2079,.F.) ;
#2087=EDGE_CURVE('',#2067,#2081,#2086,.T.) ;
#2099=EDGE_CURVE('',#2074,#2065,#2098,.T.) ;
#2104=EDGE_CURVE('',#2081,#2067,#2103,.T.) ;
#2125=EDGE_CURVE('',#2122,#2124,#2120,.T.) ;
#2130=EDGE_CURVE('',#2124,#2122,#2129,.T.) ;
#2149=EDGE_CURVE('',#2146,#2148,#2144,.T.) ;
#2156=EDGE_CURVE('',#2148,#2155,#2153,.T.) ;
#2163=EDGE_CURVE('',#2155,#2162,#2160,.T.) ;
#2170=EDGE_CURVE('',#2169,#2162,#2167,.T.) ;
#2177=EDGE_CURVE('',#2176,#2169,#2174,.T.) ;
#2182=EDGE_CURVE('',#2176,#2146,#2181,.T.) ;
#2198=EDGE_CURVE('',#2197,#2169,#2195,.T.) ;
#2203=EDGE_CURVE('',#2176,#2197,#2202,.T.) ;
#2221=EDGE_CURVE('',#2220,#2148,#2218,.F.) ;
#2228=EDGE_CURVE('',#2220,#2227,#2225,.T.) ;
#2233=EDGE_CURVE('',#2227,#2155,#2232,.F.) ;
#2245=EDGE_CURVE('',#2227,#2220,#2244,.T.) ;
#2258=EDGE_CURVE('',#2255,#2257,#2253,.T.) ;
#2263=EDGE_CURVE('',#2257,#2255,#2262,.T.) ;
#2275=EDGE_CURVE('',#2274,#2257,#2272,.F.) ;
#2282=EDGE_CURVE('',#2274,#2281,#2279,.T.) ;
#2287=EDGE_CURVE('',#2281,#2255,#2286,.F.) ;
#2299=EDGE_CURVE('',#2281,#2274,#2298,.T.) ;
#2315=EDGE_CURVE('',#2312,#2314,#2310,.T.) ;
#2320=EDGE_CURVE('',#2312,#2314,#2319,.T.) ;
#2339=EDGE_CURVE('',#2336,#2338,#2334,.T.) ;
#2344=EDGE_CURVE('',#2338,#2336,#2343,.T.) ;
#2358=EDGE_CURVE('',#2355,#2357,#2353,.T.) ;
#2363=EDGE_CURVE('',#2357,#2355,#2362,.T.) ;
#2377=EDGE_CURVE('',#2374,#2376,#2372,.T.) ;
#2382=EDGE_CURVE('',#2376,#2374,#2381,.T.) ;
#2396=EDGE_CURVE('',#2393,#2395,#2391,.T.) ;
#2401=EDGE_CURVE('',#2395,#2393,#2400,.T.) ;
#2415=EDGE_CURVE('',#2412,#2414,#2410,.T.) ;
#2420=EDGE_CURVE('',#2414,#2412,#2419,.T.) ;
#2432=EDGE_CURVE('',#2314,#2146,#2426,.T.) ;
#2442=EDGE_CURVE('',#2312,#2441,#2433,.T.) ;
#2450=EDGE_CURVE('',#2122,#2441,#2443,.T.) ;
#2457=EDGE_CURVE('',#2124,#2162,#2451,.T.) ;
#2485=EDGE_CURVE('',#2482,#2484,#2480,.T.) ;
#2490=EDGE_CURVE('',#2484,#484,#2489,.T.) ;
#2495=EDGE_CURVE('',#484,#2482,#2494,.T.) ;
#2516=EDGE_CURVE('',#2513,#2515,#2502,.T.) ;
#2544=EDGE_CURVE('',#2515,#2543,#2517,.T.) ;
#2557=EDGE_CURVE('',#2556,#2543,#2545,.T.) ;
#2564=EDGE_CURVE('',#2563,#2556,#2561,.T.) ;
#2571=EDGE_CURVE('',#2570,#2563,#2568,.T.) ;
#2578=EDGE_CURVE('',#2577,#2570,#2575,.F.) ;
#2585=EDGE_CURVE('',#2577,#2584,#2582,.T.) ;
#2590=EDGE_CURVE('',#2513,#2584,#2589,.T.) ;
#2610=EDGE_CURVE('',#2607,#2609,#2605,.T.) ;
#2615=EDGE_CURVE('',#2609,#2577,#2614,.T.) ;
#2620=EDGE_CURVE('',#2607,#2570,#2619,.T.) ;
#2655=EDGE_CURVE('',#2652,#2654,#2650,.F.) ;
#2662=EDGE_CURVE('',#2652,#2661,#2659,.T.) ;
#2669=EDGE_CURVE('',#2661,#2668,#2666,.F.) ;
#2674=EDGE_CURVE('',#2654,#2668,#2673,.T.) ;
#2686=EDGE_CURVE('',#2661,#2652,#2685,.T.) ;
#2691=EDGE_CURVE('',#2668,#2654,#2690,.T.) ;
#2710=EDGE_CURVE('',#2709,#2338,#2707,.F.) ;
#2717=EDGE_CURVE('',#2709,#2716,#2714,.T.) ;
#2722=EDGE_CURVE('',#2716,#2336,#2721,.F.) ;
#2734=EDGE_CURVE('',#2716,#2709,#2733,.T.) ;
#2753=EDGE_CURVE('',#2752,#2357,#2750,.F.) ;
#2760=EDGE_CURVE('',#2752,#2759,#2757,.T.) ;
#2765=EDGE_CURVE('',#2759,#2355,#2764,.F.) ;
#2777=EDGE_CURVE('',#2759,#2752,#2776,.T.) ;
#2796=EDGE_CURVE('',#2795,#2376,#2793,.F.) ;
#2803=EDGE_CURVE('',#2795,#2802,#2800,.T.) ;
#2808=EDGE_CURVE('',#2802,#2374,#2807,.F.) ;
#2820=EDGE_CURVE('',#2802,#2795,#2819,.T.) ;
#2839=EDGE_CURVE('',#2838,#2395,#2836,.F.) ;
#2846=EDGE_CURVE('',#2838,#2845,#2843,.T.) ;
#2851=EDGE_CURVE('',#2845,#2393,#2850,.F.) ;
#2863=EDGE_CURVE('',#2845,#2838,#2862,.T.) ;
#2882=EDGE_CURVE('',#2881,#2414,#2879,.F.) ;
#2889=EDGE_CURVE('',#2881,#2888,#2886,.T.) ;
#2894=EDGE_CURVE('',#2888,#2412,#2893,.F.) ;
#2906=EDGE_CURVE('',#2888,#2881,#2905,.T.) ;
#2923=EDGE_CURVE('',#1781,#1918,#2922,.F.) ;
#2928=EDGE_CURVE('',#1783,#1916,#2927,.F.) ;
#2952=EDGE_CURVE('',#2556,#2513,#2951,.T.) ;
#2957=EDGE_CURVE('',#1663,#2543,#2956,.F.) ;
#2962=EDGE_CURVE('',#1665,#2515,#2961,.F.) ;
#2988=EDGE_CURVE('',#1589,#2197,#2987,.F.) ;
#2993=EDGE_CURVE('',#1587,#2441,#2992,.F.) ;
#3025=EDGE_CURVE('',#1873,#1189,#3024,.F.) ;
#3030=EDGE_CURVE('',#1871,#1191,#3029,.F.) ;
#3054=EDGE_CURVE('',#1855,#1171,#3053,.F.) ;
#3059=EDGE_CURVE('',#1853,#1173,#3058,.F.) ;
#3083=EDGE_CURVE('',#1837,#1153,#3082,.F.) ;
#3088=EDGE_CURVE('',#1835,#1155,#3087,.F.) ;
#3112=EDGE_CURVE('',#1819,#1135,#3111,.F.) ;
#3117=EDGE_CURVE('',#1817,#1137,#3116,.F.) ;
#3141=EDGE_CURVE('',#1801,#1117,#3140,.F.) ;
#3146=EDGE_CURVE('',#1799,#1119,#3145,.F.) ;
#3170=EDGE_CURVE('',#1763,#1061,#3169,.F.) ;
#3175=EDGE_CURVE('',#1765,#1063,#3174,.F.) ;
#3199=EDGE_CURVE('',#1737,#1019,#3198,.F.) ;
#3204=EDGE_CURVE('',#1735,#1021,#3203,.F.) ;
#3228=EDGE_CURVE('',#1719,#1001,#3227,.F.) ;
#3233=EDGE_CURVE('',#1717,#1003,#3232,.F.) ;
#3257=EDGE_CURVE('',#1701,#983,#3256,.F.) ;
#3262=EDGE_CURVE('',#1699,#985,#3261,.F.) ;
#3286=EDGE_CURVE('',#1683,#965,#3285,.F.) ;
#3291=EDGE_CURVE('',#1681,#967,#3290,.F.) ;
#3315=EDGE_CURVE('',#1645,#938,#3314,.F.) ;
#3320=EDGE_CURVE('',#1647,#940,#3319,.F.) ;
#3344=EDGE_CURVE('',#1629,#920,#3343,.F.) ;
#3349=EDGE_CURVE('',#1627,#922,#3348,.F.) ;
#3373=EDGE_CURVE('',#761,#1559,#3372,.T.) ;
#3378=EDGE_CURVE('',#763,#1557,#3377,.T.) ;
#3397=EDGE_CURVE('',#215,#249,#3396,.F.) ;
#3452=EDGE_CURVE('',#151,#2484,#3451,.T.) ;
#3464=EDGE_CURVE('',#158,#2482,#3463,.T.) ;
#3500=EDGE_CURVE('',#484,#165,#3472,.T.) ;
#3528=EDGE_CURVE('',#3527,#446,#3525,.F.) ;
#3533=EDGE_CURVE('',#95,#3527,#3532,.T.) ;
#3552=EDGE_CURVE('',#3551,#2563,#3549,.T.) ;
#3559=EDGE_CURVE('',#3551,#3558,#3556,.T.) ;
#3564=EDGE_CURVE('',#3558,#2607,#3563,.T.) ;
#3588=EDGE_CURVE('',#3587,#2584,#3585,.T.) ;
#3593=EDGE_CURVE('',#3587,#3551,#3592,.F.) ;
#3609=EDGE_CURVE('',#3608,#2609,#3606,.T.) ;
#3614=EDGE_CURVE('',#3608,#3587,#3613,.T.) ;
#3636=EDGE_CURVE('',#3558,#3608,#3635,.F.) ;
#3655=EDGE_CURVE('',#3654,#2024,#3652,.T.) ;
#3662=EDGE_CURVE('',#3654,#3661,#3659,.T.) ;
#3667=EDGE_CURVE('',#3661,#1953,#3666,.T.) ;
#3684=EDGE_CURVE('',#3683,#2017,#3681,.T.) ;
#3689=EDGE_CURVE('',#3683,#3654,#3688,.F.) ;
#3708=EDGE_CURVE('',#3707,#1960,#3705,.T.) ;
#3713=EDGE_CURVE('',#3707,#3683,#3712,.T.) ;
#3730=EDGE_CURVE('',#3661,#3707,#3729,.F.) ;
#3749=EDGE_CURVE('',#184,#3748,#3746,.T.) ;
#3754=EDGE_CURVE('',#3527,#3748,#3753,.T.) ;
#3776=EDGE_CURVE('',#3748,#102,#3775,.F.) ;
#3827=EDGE_CURVE('',#3824,#3826,#3822,.T.) ;
#3832=EDGE_CURVE('',#3826,#3824,#3831,.T.) ;
#3845=EDGE_CURVE('',#3842,#3844,#3840,.T.) ;
#3850=EDGE_CURVE('',#3844,#3842,#3849,.T.) ;
#3875=EDGE_CURVE('',#3872,#3874,#3870,.T.) ;
#3880=EDGE_CURVE('',#3874,#3872,#3879,.T.) ;
#3893=EDGE_CURVE('',#3890,#3892,#3888,.T.) ;
#3898=EDGE_CURVE('',#3892,#3890,#3897,.T.) ;
#3911=EDGE_CURVE('',#3908,#3910,#3906,.T.) ;
#3916=EDGE_CURVE('',#3910,#3908,#3915,.T.) ;
#3929=EDGE_CURVE('',#3926,#3928,#3924,.T.) ;
#3934=EDGE_CURVE('',#3928,#3926,#3933,.T.) ;
#3947=EDGE_CURVE('',#3944,#3946,#3942,.T.) ;
#3952=EDGE_CURVE('',#3946,#3944,#3951,.T.) ;
#3965=EDGE_CURVE('',#3962,#3964,#3960,.T.) ;
#3970=EDGE_CURVE('',#3964,#3962,#3969,.T.) ;
#3983=EDGE_CURVE('',#3980,#3982,#3978,.T.) ;
#3988=EDGE_CURVE('',#3982,#3980,#3987,.T.) ;
#4001=EDGE_CURVE('',#3998,#4000,#3996,.T.) ;
#4006=EDGE_CURVE('',#4000,#3998,#4005,.T.) ;
#4019=EDGE_CURVE('',#4016,#4018,#4014,.T.) ;
#4024=EDGE_CURVE('',#4018,#4016,#4023,.T.) ;
#4037=EDGE_CURVE('',#4034,#4036,#4032,.T.) ;
#4042=EDGE_CURVE('',#4036,#4034,#4041,.T.) ;
#4055=EDGE_CURVE('',#4052,#4054,#4050,.T.) ;
#4060=EDGE_CURVE('',#4054,#4052,#4059,.T.) ;
#4075=EDGE_CURVE('',#62,#3842,#4074,.F.) ;
#4080=EDGE_CURVE('',#64,#3844,#4079,.F.) ;
#4103=EDGE_CURVE('',#4100,#4102,#4098,.T.) ;
#4108=EDGE_CURVE('',#4102,#4100,#4107,.T.) ;
#4123=EDGE_CURVE('',#4102,#3826,#4122,.F.) ;
#4128=EDGE_CURVE('',#4100,#3824,#4127,.F.) ;
#4151=EDGE_CURVE('',#4148,#4150,#4146,.T.) ;
#4156=EDGE_CURVE('',#4150,#4148,#4155,.T.) ;
#4171=EDGE_CURVE('',#4150,#3874,#4170,.F.) ;
#4176=EDGE_CURVE('',#4148,#3872,#4175,.F.) ;
#4199=EDGE_CURVE('',#4196,#4198,#4194,.T.) ;
#4204=EDGE_CURVE('',#4198,#4196,#4203,.T.) ;
#4219=EDGE_CURVE('',#4198,#3892,#4218,.F.) ;
#4224=EDGE_CURVE('',#4196,#3890,#4223,.F.) ;
#4247=EDGE_CURVE('',#4244,#4246,#4242,.T.) ;
#4252=EDGE_CURVE('',#4246,#4244,#4251,.T.) ;
#4267=EDGE_CURVE('',#4246,#3910,#4266,.F.) ;
#4272=EDGE_CURVE('',#4244,#3908,#4271,.F.) ;
#4295=EDGE_CURVE('',#4292,#4294,#4290,.T.) ;
#4300=EDGE_CURVE('',#4294,#4292,#4299,.T.) ;
#4315=EDGE_CURVE('',#4294,#3928,#4314,.F.) ;
#4320=EDGE_CURVE('',#4292,#3926,#4319,.F.) ;
#4343=EDGE_CURVE('',#4340,#4342,#4338,.T.) ;
#4348=EDGE_CURVE('',#4342,#4340,#4347,.T.) ;
#4363=EDGE_CURVE('',#4342,#3946,#4362,.F.) ;
#4368=EDGE_CURVE('',#4340,#3944,#4367,.F.) ;
#4391=EDGE_CURVE('',#4388,#4390,#4386,.T.) ;
#4396=EDGE_CURVE('',#4390,#4388,#4395,.T.) ;
#4411=EDGE_CURVE('',#4390,#3964,#4410,.F.) ;
#4416=EDGE_CURVE('',#4388,#3962,#4415,.F.) ;
#4439=EDGE_CURVE('',#4436,#4438,#4434,.T.) ;
#4444=EDGE_CURVE('',#4438,#4436,#4443,.T.) ;
#4459=EDGE_CURVE('',#4438,#3982,#4458,.F.) ;
#4464=EDGE_CURVE('',#4436,#3980,#4463,.F.) ;
#4487=EDGE_CURVE('',#4484,#4486,#4482,.T.) ;
#4492=EDGE_CURVE('',#4486,#4484,#4491,.T.) ;
#4507=EDGE_CURVE('',#4486,#4000,#4506,.F.) ;
#4512=EDGE_CURVE('',#4484,#3998,#4511,.F.) ;
#4535=EDGE_CURVE('',#4532,#4534,#4530,.T.) ;
#4540=EDGE_CURVE('',#4534,#4532,#4539,.T.) ;
#4555=EDGE_CURVE('',#4534,#4018,#4554,.F.) ;
#4560=EDGE_CURVE('',#4532,#4016,#4559,.F.) ;
#4583=EDGE_CURVE('',#4580,#4582,#4578,.T.) ;
#4588=EDGE_CURVE('',#4582,#4580,#4587,.T.) ;
#4603=EDGE_CURVE('',#4582,#4036,#4602,.F.) ;
#4608=EDGE_CURVE('',#4580,#4034,#4607,.F.) ;
#4631=EDGE_CURVE('',#4628,#4630,#4626,.T.) ;
#4636=EDGE_CURVE('',#4630,#4628,#4635,.T.) ;
#4651=EDGE_CURVE('',#4630,#4054,#4650,.F.) ;
#4656=EDGE_CURVE('',#4628,#4052,#4655,.F.) ;
#71=EDGE_LOOP('',(#72,#73)) ;
#123=EDGE_LOOP('',(#124,#125,#126,#127,#128,#129)) ;
#191=EDGE_LOOP('',(#192,#193,#194,#195,#196,#197,#198,#199,#200)) ;
#274=EDGE_LOOP('',(#275,#276,#277,#278,#279,#280,#281)) ;
#318=EDGE_LOOP('',(#319,#320,#321,#322,#323)) ;
#391=EDGE_LOOP('',(#392,#393)) ;
#428=EDGE_LOOP('',(#429,#430,#431,#432,#433)) ;
#453=EDGE_LOOP('',(#454,#455,#456,#457)) ;
#520=EDGE_LOOP('',(#521,#522,#523,#524,#525,#526)) ;
#553=EDGE_LOOP('',(#554,#555,#556,#557)) ;
#584=EDGE_LOOP('',(#585,#586,#587,#588)) ;
#615=EDGE_LOOP('',(#616,#617,#618,#619)) ;
#634=EDGE_LOOP('',(#635,#636,#637,#638)) ;
#658=EDGE_LOOP('',(#659,#660,#661,#662)) ;
#670=EDGE_LOOP('',(#671,#672,#673,#674)) ;
#694=EDGE_LOOP('',(#695,#696,#697,#698)) ;
#725=EDGE_LOOP('',(#726,#727,#728,#729)) ;
#744=EDGE_LOOP('',(#745,#746,#747,#748)) ;
#770=EDGE_LOOP('',(#771,#772)) ;
#788=EDGE_LOOP('',(#789,#790)) ;
#806=EDGE_LOOP('',(#807,#808)) ;
#824=EDGE_LOOP('',(#825,#826)) ;
#833=EDGE_LOOP('',(#834,#835)) ;
#851=EDGE_LOOP('',(#852,#853)) ;
#869=EDGE_LOOP('',(#870,#871)) ;
#887=EDGE_LOOP('',(#888,#889)) ;
#911=EDGE_LOOP('',(#912,#913)) ;
#929=EDGE_LOOP('',(#930,#931)) ;
#947=EDGE_LOOP('',(#948,#949)) ;
#956=EDGE_LOOP('',(#957,#958)) ;
#974=EDGE_LOOP('',(#975,#976)) ;
#992=EDGE_LOOP('',(#993,#994)) ;
#1010=EDGE_LOOP('',(#1011,#1012)) ;
#1028=EDGE_LOOP('',(#1029,#1030)) ;
#1052=EDGE_LOOP('',(#1053,#1054)) ;
#1070=EDGE_LOOP('',(#1071,#1072)) ;
#1084=EDGE_LOOP('',(#1085,#1086,#1087,#1088,#1089)) ;
#1091=EDGE_LOOP('',(#1092,#1093)) ;
#1105=EDGE_LOOP('',(#1106,#1107,#1108,#1109,#1110)) ;
#1126=EDGE_LOOP('',(#1127,#1128)) ;
#1144=EDGE_LOOP('',(#1145,#1146)) ;
#1162=EDGE_LOOP('',(#1163,#1164)) ;
#1180=EDGE_LOOP('',(#1181,#1182)) ;
#1198=EDGE_LOOP('',(#1199,#1200)) ;
#1227=EDGE_LOOP('',(#1228,#1229,#1230,#1231)) ;
#1239=EDGE_LOOP('',(#1240,#1241,#1242,#1243)) ;
#1270=EDGE_LOOP('',(#1271,#1272,#1273,#1274)) ;
#1282=EDGE_LOOP('',(#1283,#1284,#1285,#1286)) ;
#1313=EDGE_LOOP('',(#1314,#1315,#1316,#1317)) ;
#1325=EDGE_LOOP('',(#1326,#1327,#1328,#1329)) ;
#1356=EDGE_LOOP('',(#1357,#1358,#1359,#1360)) ;
#1368=EDGE_LOOP('',(#1369,#1370,#1371,#1372)) ;
#1399=EDGE_LOOP('',(#1400,#1401,#1402,#1403)) ;
#1411=EDGE_LOOP('',(#1412,#1413,#1414,#1415)) ;
#1442=EDGE_LOOP('',(#1443,#1444,#1445,#1446)) ;
#1454=EDGE_LOOP('',(#1455,#1456,#1457,#1458)) ;
#1485=EDGE_LOOP('',(#1486,#1487,#1488,#1489)) ;
#1497=EDGE_LOOP('',(#1498,#1499,#1500,#1501)) ;
#1528=EDGE_LOOP('',(#1529,#1530,#1531,#1532)) ;
#1540=EDGE_LOOP('',(#1541,#1542,#1543,#1544)) ;
#1566=EDGE_LOOP('',(#1567,#1568)) ;
#1570=EDGE_LOOP('',(#1571,#1572)) ;
#1574=EDGE_LOOP('',(#1575,#1576)) ;
#1578=EDGE_LOOP('',(#1579,#1580)) ;
#1596=EDGE_LOOP('',(#1597,#1598)) ;
#1600=EDGE_LOOP('',(#1601,#1602)) ;
#1604=EDGE_LOOP('',(#1605,#1606)) ;
#1608=EDGE_LOOP('',(#1609,#1610)) ;
#1618=EDGE_LOOP('',(#1619,#1620)) ;
#1636=EDGE_LOOP('',(#1637,#1638)) ;
#1654=EDGE_LOOP('',(#1655,#1656)) ;
#1672=EDGE_LOOP('',(#1673,#1674)) ;
#1690=EDGE_LOOP('',(#1691,#1692)) ;
#1708=EDGE_LOOP('',(#1709,#1710)) ;
#1726=EDGE_LOOP('',(#1727,#1728)) ;
#1744=EDGE_LOOP('',(#1745,#1746)) ;
#1754=EDGE_LOOP('',(#1755,#1756)) ;
#1772=EDGE_LOOP('',(#1773,#1774)) ;
#1790=EDGE_LOOP('',(#1791,#1792)) ;
#1808=EDGE_LOOP('',(#1809,#1810)) ;
#1826=EDGE_LOOP('',(#1827,#1828)) ;
#1844=EDGE_LOOP('',(#1845,#1846)) ;
#1862=EDGE_LOOP('',(#1863,#1864)) ;
#1880=EDGE_LOOP('',(#1881,#1882)) ;
#1974=EDGE_LOOP('',(#1975,#1976,#1977,#1978,#1979,#1980,#1981,#1982,#1983)) ;
#2043=EDGE_LOOP('',(#2044,#2045,#2046,#2047,#2048,#2049,#2050,#2051,#2052)) ;
#2088=EDGE_LOOP('',(#2089,#2090,#2091,#2092)) ;
#2105=EDGE_LOOP('',(#2106,#2107,#2108,#2109)) ;
#2131=EDGE_LOOP('',(#2132,#2133)) ;
#2183=EDGE_LOOP('',(#2184,#2185,#2186,#2187,#2188,#2189)) ;
#2204=EDGE_LOOP('',(#2205,#2206,#2207)) ;
#2234=EDGE_LOOP('',(#2235,#2236,#2237,#2238)) ;
#2246=EDGE_LOOP('',(#2247,#2248)) ;
#2264=EDGE_LOOP('',(#2265,#2266)) ;
#2288=EDGE_LOOP('',(#2289,#2290,#2291,#2292)) ;
#2300=EDGE_LOOP('',(#2301,#2302,#2303,#2304)) ;
#2321=EDGE_LOOP('',(#2322,#2323)) ;
#2345=EDGE_LOOP('',(#2346,#2347)) ;
#2364=EDGE_LOOP('',(#2365,#2366)) ;
#2383=EDGE_LOOP('',(#2384,#2385)) ;
#2402=EDGE_LOOP('',(#2403,#2404)) ;
#2421=EDGE_LOOP('',(#2422,#2423)) ;
#2458=EDGE_LOOP('',(#2459,#2460,#2461,#2462,#2463,#2464,#2465,#2466,#2467,#2468,#2469)) ;
#2496=EDGE_LOOP('',(#2497,#2498,#2499)) ;
#2591=EDGE_LOOP('',(#2592,#2593,#2594,#2595,#2596,#2597,#2598,#2599)) ;
#2621=EDGE_LOOP('',(#2622,#2623,#2624,#2625)) ;
#2633=EDGE_LOOP('',(#2634,#2635)) ;
#2637=EDGE_LOOP('',(#2638,#2639)) ;
#2675=EDGE_LOOP('',(#2676,#2677,#2678,#2679)) ;
#2692=EDGE_LOOP('',(#2693,#2694,#2695,#2696)) ;
#2723=EDGE_LOOP('',(#2724,#2725,#2726,#2727)) ;
#2735=EDGE_LOOP('',(#2736,#2737,#2738,#2739)) ;
#2766=EDGE_LOOP('',(#2767,#2768,#2769,#2770)) ;
#2778=EDGE_LOOP('',(#2779,#2780,#2781,#2782)) ;
#2809=EDGE_LOOP('',(#2810,#2811,#2812,#2813)) ;
#2821=EDGE_LOOP('',(#2822,#2823,#2824,#2825)) ;
#2852=EDGE_LOOP('',(#2853,#2854,#2855,#2856)) ;
#2864=EDGE_LOOP('',(#2865,#2866,#2867,#2868)) ;
#2895=EDGE_LOOP('',(#2896,#2897,#2898,#2899)) ;
#2907=EDGE_LOOP('',(#2908,#2909,#2910,#2911)) ;
#2929=EDGE_LOOP('',(#2930,#2931,#2932,#2933)) ;
#2936=EDGE_LOOP('',(#2937,#2938,#2939,#2940)) ;
#2963=EDGE_LOOP('',(#2964,#2965,#2966,#2967,#2968,#2969)) ;
#2972=EDGE_LOOP('',(#2973,#2974,#2975,#2976)) ;
#2994=EDGE_LOOP('',(#2995,#2996,#2997,#2998,#2999,#3000,#3001,#3002)) ;
#3005=EDGE_LOOP('',(#3006,#3007,#3008,#3009,#3010,#3011,#3012,#3013)) ;
#3031=EDGE_LOOP('',(#3032,#3033,#3034,#3035)) ;
#3038=EDGE_LOOP('',(#3039,#3040,#3041,#3042)) ;
#3060=EDGE_LOOP('',(#3061,#3062,#3063,#3064)) ;
#3067=EDGE_LOOP('',(#3068,#3069,#3070,#3071)) ;
#3089=EDGE_LOOP('',(#3090,#3091,#3092,#3093)) ;
#3096=EDGE_LOOP('',(#3097,#3098,#3099,#3100)) ;
#3118=EDGE_LOOP('',(#3119,#3120,#3121,#3122)) ;
#3125=EDGE_LOOP('',(#3126,#3127,#3128,#3129)) ;
#3147=EDGE_LOOP('',(#3148,#3149,#3150,#3151)) ;
#3154=EDGE_LOOP('',(#3155,#3156,#3157,#3158)) ;
#3176=EDGE_LOOP('',(#3177,#3178,#3179,#3180)) ;
#3183=EDGE_LOOP('',(#3184,#3185,#3186,#3187)) ;
#3205=EDGE_LOOP('',(#3206,#3207,#3208,#3209)) ;
#3212=EDGE_LOOP('',(#3213,#3214,#3215,#3216)) ;
#3234=EDGE_LOOP('',(#3235,#3236,#3237,#3238)) ;
#3241=EDGE_LOOP('',(#3242,#3243,#3244,#3245)) ;
#3263=EDGE_LOOP('',(#3264,#3265,#3266,#3267)) ;
#3270=EDGE_LOOP('',(#3271,#3272,#3273,#3274)) ;
#3292=EDGE_LOOP('',(#3293,#3294,#3295,#3296)) ;
#3299=EDGE_LOOP('',(#3300,#3301,#3302,#3303)) ;
#3321=EDGE_LOOP('',(#3322,#3323,#3324,#3325)) ;
#3328=EDGE_LOOP('',(#3329,#3330,#3331,#3332)) ;
#3350=EDGE_LOOP('',(#3351,#3352,#3353,#3354)) ;
#3357=EDGE_LOOP('',(#3358,#3359,#3360,#3361)) ;
#3379=EDGE_LOOP('',(#3380,#3381,#3382,#3383)) ;
#3386=EDGE_LOOP('',(#3387,#3388,#3389,#3390)) ;
#3398=EDGE_LOOP('',(#3399,#3400,#3401,#3402)) ;
#3410=EDGE_LOOP('',(#3411,#3412,#3413,#3414)) ;
#3422=EDGE_LOOP('',(#3423,#3424,#3425,#3426)) ;
#3429=EDGE_LOOP('',(#3430,#3431,#3432,#3433)) ;
#3436=EDGE_LOOP('',(#3437,#3438,#3439,#3440)) ;
#3453=EDGE_LOOP('',(#3454,#3455,#3456,#3457)) ;
#3465=EDGE_LOOP('',(#3466,#3467,#3468,#3469)) ;
#3501=EDGE_LOOP('',(#3502,#3503,#3504,#3505)) ;
#3508=EDGE_LOOP('',(#3509,#3510,#3511,#3512,#3513,#3514)) ;
#3534=EDGE_LOOP('',(#3535,#3536,#3537,#3538)) ;
#3565=EDGE_LOOP('',(#3566,#3567,#3568,#3569,#3570)) ;
#3572=EDGE_LOOP('',(#3573,#3574)) ;
#3594=EDGE_LOOP('',(#3595,#3596,#3597,#3598,#3599,#3600)) ;
#3615=EDGE_LOOP('',(#3616,#3617,#3618,#3619,#3620)) ;
#3622=EDGE_LOOP('',(#3623,#3624)) ;
#3637=EDGE_LOOP('',(#3638,#3639,#3640,#3641)) ;
#3668=EDGE_LOOP('',(#3669,#3670,#3671,#3672,#3673,#3674,#3675)) ;
#3690=EDGE_LOOP('',(#3691,#3692,#3693,#3694)) ;
#3714=EDGE_LOOP('',(#3715,#3716,#3717,#3718,#3719)) ;
#3721=EDGE_LOOP('',(#3722,#3723)) ;
#3731=EDGE_LOOP('',(#3732,#3733,#3734,#3735)) ;
#3755=EDGE_LOOP('',(#3756,#3757,#3758,#3759,#3760,#3761,#3762,#3763,#3764)) ;
#3777=EDGE_LOOP('',(#3778,#3779,#3780,#3781)) ;
#3783=EDGE_LOOP('',(#3784,#3785)) ;
#3787=EDGE_LOOP('',(#3788,#3789)) ;
#3791=EDGE_LOOP('',(#3792,#3793)) ;
#3795=EDGE_LOOP('',(#3796,#3797)) ;
#3799=EDGE_LOOP('',(#3800,#3801)) ;
#3803=EDGE_LOOP('',(#3804,#3805)) ;
#3813=EDGE_LOOP('',(#3814,#3815,#3816,#3817)) ;
#3833=EDGE_LOOP('',(#3834,#3835)) ;
#3851=EDGE_LOOP('',(#3852,#3853)) ;
#3855=EDGE_LOOP('',(#3856,#3857,#3858,#3859)) ;
#3861=EDGE_LOOP('',(#3862,#3863,#3864,#3865)) ;
#3881=EDGE_LOOP('',(#3882,#3883)) ;
#3899=EDGE_LOOP('',(#3900,#3901)) ;
#3917=EDGE_LOOP('',(#3918,#3919)) ;
#3935=EDGE_LOOP('',(#3936,#3937)) ;
#3953=EDGE_LOOP('',(#3954,#3955)) ;
#3971=EDGE_LOOP('',(#3972,#3973)) ;
#3989=EDGE_LOOP('',(#3990,#3991)) ;
#4007=EDGE_LOOP('',(#4008,#4009)) ;
#4025=EDGE_LOOP('',(#4026,#4027)) ;
#4043=EDGE_LOOP('',(#4044,#4045)) ;
#4061=EDGE_LOOP('',(#4062,#4063)) ;
#4081=EDGE_LOOP('',(#4082,#4083,#4084,#4085)) ;
#4088=EDGE_LOOP('',(#4089,#4090,#4091,#4092)) ;
#4109=EDGE_LOOP('',(#4110,#4111)) ;
#4129=EDGE_LOOP('',(#4130,#4131,#4132,#4133)) ;
#4136=EDGE_LOOP('',(#4137,#4138,#4139,#4140)) ;
#4157=EDGE_LOOP('',(#4158,#4159)) ;
#4177=EDGE_LOOP('',(#4178,#4179,#4180,#4181)) ;
#4184=EDGE_LOOP('',(#4185,#4186,#4187,#4188)) ;
#4205=EDGE_LOOP('',(#4206,#4207)) ;
#4225=EDGE_LOOP('',(#4226,#4227,#4228,#4229)) ;
#4232=EDGE_LOOP('',(#4233,#4234,#4235,#4236)) ;
#4253=EDGE_LOOP('',(#4254,#4255)) ;
#4273=EDGE_LOOP('',(#4274,#4275,#4276,#4277)) ;
#4280=EDGE_LOOP('',(#4281,#4282,#4283,#4284)) ;
#4301=EDGE_LOOP('',(#4302,#4303)) ;
#4321=EDGE_LOOP('',(#4322,#4323,#4324,#4325)) ;
#4328=EDGE_LOOP('',(#4329,#4330,#4331,#4332)) ;
#4349=EDGE_LOOP('',(#4350,#4351)) ;
#4369=EDGE_LOOP('',(#4370,#4371,#4372,#4373)) ;
#4376=EDGE_LOOP('',(#4377,#4378,#4379,#4380)) ;
#4397=EDGE_LOOP('',(#4398,#4399)) ;
#4417=EDGE_LOOP('',(#4418,#4419,#4420,#4421)) ;
#4424=EDGE_LOOP('',(#4425,#4426,#4427,#4428)) ;
#4445=EDGE_LOOP('',(#4446,#4447)) ;
#4465=EDGE_LOOP('',(#4466,#4467,#4468,#4469)) ;
#4472=EDGE_LOOP('',(#4473,#4474,#4475,#4476)) ;
#4493=EDGE_LOOP('',(#4494,#4495)) ;
#4513=EDGE_LOOP('',(#4514,#4515,#4516,#4517)) ;
#4520=EDGE_LOOP('',(#4521,#4522,#4523,#4524)) ;
#4541=EDGE_LOOP('',(#4542,#4543)) ;
#4561=EDGE_LOOP('',(#4562,#4563,#4564,#4565)) ;
#4568=EDGE_LOOP('',(#4569,#4570,#4571,#4572)) ;
#4589=EDGE_LOOP('',(#4590,#4591)) ;
#4609=EDGE_LOOP('',(#4610,#4611,#4612,#4613)) ;
#4616=EDGE_LOOP('',(#4617,#4618,#4619,#4620)) ;
#4637=EDGE_LOOP('',(#4638,#4639)) ;
#4657=EDGE_LOOP('',(#4658,#4659,#4660,#4661)) ;
#4664=EDGE_LOOP('',(#4665,#4666,#4667,#4668)) ;
#74=FACE_OUTER_BOUND('',#71,.T.) ;
#130=FACE_OUTER_BOUND('',#123,.T.) ;
#201=FACE_OUTER_BOUND('',#191,.T.) ;
#282=FACE_OUTER_BOUND('',#274,.T.) ;
#458=FACE_OUTER_BOUND('',#453,.T.) ;
#527=FACE_OUTER_BOUND('',#520,.T.) ;
#558=FACE_OUTER_BOUND('',#553,.T.) ;
#589=FACE_OUTER_BOUND('',#584,.T.) ;
#620=FACE_OUTER_BOUND('',#615,.T.) ;
#639=FACE_OUTER_BOUND('',#634,.T.) ;
#663=FACE_OUTER_BOUND('',#658,.T.) ;
#675=FACE_OUTER_BOUND('',#670,.T.) ;
#699=FACE_OUTER_BOUND('',#694,.T.) ;
#730=FACE_OUTER_BOUND('',#725,.T.) ;
#749=FACE_OUTER_BOUND('',#744,.T.) ;
#773=FACE_OUTER_BOUND('',#770,.T.) ;
#914=FACE_OUTER_BOUND('',#911,.T.) ;
#1055=FACE_OUTER_BOUND('',#1052,.T.) ;
#1232=FACE_OUTER_BOUND('',#1227,.T.) ;
#1244=FACE_OUTER_BOUND('',#1239,.T.) ;
#1275=FACE_OUTER_BOUND('',#1270,.T.) ;
#1287=FACE_OUTER_BOUND('',#1282,.T.) ;
#1318=FACE_OUTER_BOUND('',#1313,.T.) ;
#1330=FACE_OUTER_BOUND('',#1325,.T.) ;
#1361=FACE_OUTER_BOUND('',#1356,.T.) ;
#1373=FACE_OUTER_BOUND('',#1368,.T.) ;
#1404=FACE_OUTER_BOUND('',#1399,.T.) ;
#1416=FACE_OUTER_BOUND('',#1411,.T.) ;
#1447=FACE_OUTER_BOUND('',#1442,.T.) ;
#1459=FACE_OUTER_BOUND('',#1454,.T.) ;
#1490=FACE_OUTER_BOUND('',#1485,.T.) ;
#1502=FACE_OUTER_BOUND('',#1497,.T.) ;
#1533=FACE_OUTER_BOUND('',#1528,.T.) ;
#1545=FACE_OUTER_BOUND('',#1540,.T.) ;
#1569=FACE_OUTER_BOUND('',#1566,.T.) ;
#1621=FACE_OUTER_BOUND('',#1618,.T.) ;
#1757=FACE_OUTER_BOUND('',#1754,.T.) ;
#1984=FACE_OUTER_BOUND('',#1974,.T.) ;
#2053=FACE_OUTER_BOUND('',#2043,.T.) ;
#2093=FACE_OUTER_BOUND('',#2088,.T.) ;
#2110=FACE_OUTER_BOUND('',#2105,.T.) ;
#2134=FACE_OUTER_BOUND('',#2131,.T.) ;
#2190=FACE_OUTER_BOUND('',#2183,.T.) ;
#2208=FACE_OUTER_BOUND('',#2204,.T.) ;
#2239=FACE_OUTER_BOUND('',#2234,.T.) ;
#2249=FACE_OUTER_BOUND('',#2246,.T.) ;
#2293=FACE_OUTER_BOUND('',#2288,.T.) ;
#2305=FACE_OUTER_BOUND('',#2300,.T.) ;
#2324=FACE_OUTER_BOUND('',#2321,.T.) ;
#2348=FACE_OUTER_BOUND('',#2345,.T.) ;
#2367=FACE_OUTER_BOUND('',#2364,.T.) ;
#2386=FACE_OUTER_BOUND('',#2383,.T.) ;
#2405=FACE_OUTER_BOUND('',#2402,.T.) ;
#2424=FACE_OUTER_BOUND('',#2421,.T.) ;
#2470=FACE_OUTER_BOUND('',#2458,.T.) ;
#2500=FACE_OUTER_BOUND('',#2496,.T.) ;
#2600=FACE_OUTER_BOUND('',#2591,.T.) ;
#2626=FACE_OUTER_BOUND('',#2621,.T.) ;
#2636=FACE_OUTER_BOUND('',#2633,.T.) ;
#2680=FACE_OUTER_BOUND('',#2675,.T.) ;
#2697=FACE_OUTER_BOUND('',#2692,.T.) ;
#2728=FACE_OUTER_BOUND('',#2723,.T.) ;
#2740=FACE_OUTER_BOUND('',#2735,.T.) ;
#2771=FACE_OUTER_BOUND('',#2766,.T.) ;
#2783=FACE_OUTER_BOUND('',#2778,.T.) ;
#2814=FACE_OUTER_BOUND('',#2809,.T.) ;
#2826=FACE_OUTER_BOUND('',#2821,.T.) ;
#2857=FACE_OUTER_BOUND('',#2852,.T.) ;
#2869=FACE_OUTER_BOUND('',#2864,.T.) ;
#2900=FACE_OUTER_BOUND('',#2895,.T.) ;
#2912=FACE_OUTER_BOUND('',#2907,.T.) ;
#2934=FACE_OUTER_BOUND('',#2929,.T.) ;
#2941=FACE_OUTER_BOUND('',#2936,.T.) ;
#2970=FACE_OUTER_BOUND('',#2963,.T.) ;
#2977=FACE_OUTER_BOUND('',#2972,.T.) ;
#3003=FACE_OUTER_BOUND('',#2994,.T.) ;
#3014=FACE_OUTER_BOUND('',#3005,.T.) ;
#3036=FACE_OUTER_BOUND('',#3031,.T.) ;
#3043=FACE_OUTER_BOUND('',#3038,.T.) ;
#3065=FACE_OUTER_BOUND('',#3060,.T.) ;
#3072=FACE_OUTER_BOUND('',#3067,.T.) ;
#3094=FACE_OUTER_BOUND('',#3089,.T.) ;
#3101=FACE_OUTER_BOUND('',#3096,.T.) ;
#3123=FACE_OUTER_BOUND('',#3118,.T.) ;
#3130=FACE_OUTER_BOUND('',#3125,.T.) ;
#3152=FACE_OUTER_BOUND('',#3147,.T.) ;
#3159=FACE_OUTER_BOUND('',#3154,.T.) ;
#3181=FACE_OUTER_BOUND('',#3176,.T.) ;
#3188=FACE_OUTER_BOUND('',#3183,.T.) ;
#3210=FACE_OUTER_BOUND('',#3205,.T.) ;
#3217=FACE_OUTER_BOUND('',#3212,.T.) ;
#3239=FACE_OUTER_BOUND('',#3234,.T.) ;
#3246=FACE_OUTER_BOUND('',#3241,.T.) ;
#3268=FACE_OUTER_BOUND('',#3263,.T.) ;
#3275=FACE_OUTER_BOUND('',#3270,.T.) ;
#3297=FACE_OUTER_BOUND('',#3292,.T.) ;
#3304=FACE_OUTER_BOUND('',#3299,.T.) ;
#3326=FACE_OUTER_BOUND('',#3321,.T.) ;
#3333=FACE_OUTER_BOUND('',#3328,.T.) ;
#3355=FACE_OUTER_BOUND('',#3350,.T.) ;
#3362=FACE_OUTER_BOUND('',#3357,.T.) ;
#3384=FACE_OUTER_BOUND('',#3379,.T.) ;
#3391=FACE_OUTER_BOUND('',#3386,.T.) ;
#3403=FACE_OUTER_BOUND('',#3398,.T.) ;
#3415=FACE_OUTER_BOUND('',#3410,.T.) ;
#3427=FACE_OUTER_BOUND('',#3422,.T.) ;
#3434=FACE_OUTER_BOUND('',#3429,.T.) ;
#3441=FACE_OUTER_BOUND('',#3436,.T.) ;
#3458=FACE_OUTER_BOUND('',#3453,.T.) ;
#3470=FACE_OUTER_BOUND('',#3465,.T.) ;
#3506=FACE_OUTER_BOUND('',#3501,.T.) ;
#3515=FACE_OUTER_BOUND('',#3508,.T.) ;
#3539=FACE_OUTER_BOUND('',#3534,.T.) ;
#3571=FACE_OUTER_BOUND('',#3565,.T.) ;
#3601=FACE_OUTER_BOUND('',#3594,.T.) ;
#3621=FACE_OUTER_BOUND('',#3615,.T.) ;
#3642=FACE_OUTER_BOUND('',#3637,.T.) ;
#3676=FACE_OUTER_BOUND('',#3668,.T.) ;
#3695=FACE_OUTER_BOUND('',#3690,.T.) ;
#3720=FACE_OUTER_BOUND('',#3714,.T.) ;
#3736=FACE_OUTER_BOUND('',#3731,.T.) ;
#3765=FACE_OUTER_BOUND('',#3755,.T.) ;
#3782=FACE_OUTER_BOUND('',#3777,.T.) ;
#3818=FACE_OUTER_BOUND('',#3813,.T.) ;
#4086=FACE_OUTER_BOUND('',#4081,.T.) ;
#4093=FACE_OUTER_BOUND('',#4088,.T.) ;
#4112=FACE_OUTER_BOUND('',#4109,.T.) ;
#4134=FACE_OUTER_BOUND('',#4129,.T.) ;
#4141=FACE_OUTER_BOUND('',#4136,.T.) ;
#4160=FACE_OUTER_BOUND('',#4157,.T.) ;
#4182=FACE_OUTER_BOUND('',#4177,.T.) ;
#4189=FACE_OUTER_BOUND('',#4184,.T.) ;
#4208=FACE_OUTER_BOUND('',#4205,.T.) ;
#4230=FACE_OUTER_BOUND('',#4225,.T.) ;
#4237=FACE_OUTER_BOUND('',#4232,.T.) ;
#4256=FACE_OUTER_BOUND('',#4253,.T.) ;
#4278=FACE_OUTER_BOUND('',#4273,.T.) ;
#4285=FACE_OUTER_BOUND('',#4280,.T.) ;
#4304=FACE_OUTER_BOUND('',#4301,.T.) ;
#4326=FACE_OUTER_BOUND('',#4321,.T.) ;
#4333=FACE_OUTER_BOUND('',#4328,.T.) ;
#4352=FACE_OUTER_BOUND('',#4349,.T.) ;
#4374=FACE_OUTER_BOUND('',#4369,.T.) ;
#4381=FACE_OUTER_BOUND('',#4376,.T.) ;
#4400=FACE_OUTER_BOUND('',#4397,.T.) ;
#4422=FACE_OUTER_BOUND('',#4417,.T.) ;
#4429=FACE_OUTER_BOUND('',#4424,.T.) ;
#4448=FACE_OUTER_BOUND('',#4445,.T.) ;
#4470=FACE_OUTER_BOUND('',#4465,.T.) ;
#4477=FACE_OUTER_BOUND('',#4472,.T.) ;
#4496=FACE_OUTER_BOUND('',#4493,.T.) ;
#4518=FACE_OUTER_BOUND('',#4513,.T.) ;
#4525=FACE_OUTER_BOUND('',#4520,.T.) ;
#4544=FACE_OUTER_BOUND('',#4541,.T.) ;
#4566=FACE_OUTER_BOUND('',#4561,.T.) ;
#4573=FACE_OUTER_BOUND('',#4568,.T.) ;
#4592=FACE_OUTER_BOUND('',#4589,.T.) ;
#4614=FACE_OUTER_BOUND('',#4609,.T.) ;
#4621=FACE_OUTER_BOUND('',#4616,.T.) ;
#4640=FACE_OUTER_BOUND('',#4637,.T.) ;
#4662=FACE_OUTER_BOUND('',#4657,.T.) ;
#4669=FACE_OUTER_BOUND('',#4664,.T.) ;
#45=UNCERTAINTY_MEASURE_WITH_UNIT(LENGTH_MEASURE(0.005),#41,'distance_accuracy_value','CONFUSED CURVE UNCERTAINTY') ;
#84=LINE('Line',#81,#83) ;
#93=LINE('Line',#90,#92) ;
#100=LINE('Line',#97,#99) ;
#107=LINE('Line',#104,#106) ;
#114=LINE('Line',#111,#113) ;
#121=LINE('Line',#118,#120) ;
#140=LINE('Line',#137,#139) ;
#170=LINE('Line',#167,#169) ;
#182=LINE('Line',#179,#181) ;
#189=LINE('Line',#186,#188) ;
#211=LINE('Line',#208,#210) ;
#254=LINE('Line',#251,#253) ;
#295=LINE('Line',#292,#294) ;
#309=LINE('Line',#306,#308) ;
#405=LINE('Line',#402,#404) ;
#419=LINE('Line',#416,#418) ;
#444=LINE('Line',#441,#443) ;
#468=LINE('Line',#465,#467) ;
#482=LINE('Line',#479,#481) ;
#537=LINE('Line',#534,#536) ;
#551=LINE('Line',#548,#550) ;
#568=LINE('Line',#565,#567) ;
#577=LINE('Line',#574,#576) ;
#582=LINE('Line',#579,#581) ;
#599=LINE('Line',#596,#598) ;
#606=LINE('Line',#603,#605) ;
#613=LINE('Line',#610,#612) ;
#625=LINE('Line',#622,#624) ;
#632=LINE('Line',#629,#631) ;
#656=LINE('Line',#653,#655) ;
#685=LINE('Line',#682,#684) ;
#692=LINE('Line',#689,#691) ;
#709=LINE('Line',#706,#708) ;
#716=LINE('Line',#713,#715) ;
#723=LINE('Line',#720,#722) ;
#735=LINE('Line',#732,#734) ;
#742=LINE('Line',#739,#741) ;
#1077=LINE('Line',#1074,#1076) ;
#1082=LINE('Line',#1079,#1081) ;
#1098=LINE('Line',#1095,#1097) ;
#1103=LINE('Line',#1100,#1102) ;
#1211=LINE('Line',#1208,#1210) ;
#1225=LINE('Line',#1222,#1224) ;
#1254=LINE('Line',#1251,#1253) ;
#1268=LINE('Line',#1265,#1267) ;
#1297=LINE('Line',#1294,#1296) ;
#1311=LINE('Line',#1308,#1310) ;
#1340=LINE('Line',#1337,#1339) ;
#1354=LINE('Line',#1351,#1353) ;
#1383=LINE('Line',#1380,#1382) ;
#1397=LINE('Line',#1394,#1396) ;
#1426=LINE('Line',#1423,#1425) ;
#1440=LINE('Line',#1437,#1439) ;
#1469=LINE('Line',#1466,#1468) ;
#1483=LINE('Line',#1480,#1482) ;
#1512=LINE('Line',#1509,#1511) ;
#1526=LINE('Line',#1523,#1525) ;
#1923=LINE('Line',#1920,#1922) ;
#1937=LINE('Line',#1934,#1936) ;
#1958=LINE('Line',#1955,#1957) ;
#1972=LINE('Line',#1969,#1971) ;
#2022=LINE('Line',#2019,#2021) ;
#2063=LINE('Line',#2060,#2062) ;
#2079=LINE('Line',#2076,#2078) ;
#2120=LINE('Line',#2117,#2119) ;
#2167=LINE('Line',#2164,#2166) ;
#2174=LINE('Line',#2171,#2173) ;
#2181=LINE('Line',#2178,#2180) ;
#2218=LINE('Line',#2215,#2217) ;
#2232=LINE('Line',#2229,#2231) ;
#2272=LINE('Line',#2269,#2271) ;
#2286=LINE('Line',#2283,#2285) ;
#2310=LINE('Line',#2307,#2309) ;
#2561=LINE('Line',#2558,#2560) ;
#2575=LINE('Line',#2572,#2574) ;
#2589=LINE('Line',#2586,#2588) ;
#2605=LINE('Line',#2602,#2604) ;
#2650=LINE('Line',#2647,#2649) ;
#2666=LINE('Line',#2663,#2665) ;
#2707=LINE('Line',#2704,#2706) ;
#2721=LINE('Line',#2718,#2720) ;
#2750=LINE('Line',#2747,#2749) ;
#2764=LINE('Line',#2761,#2763) ;
#2793=LINE('Line',#2790,#2792) ;
#2807=LINE('Line',#2804,#2806) ;
#2836=LINE('Line',#2833,#2835) ;
#2850=LINE('Line',#2847,#2849) ;
#2879=LINE('Line',#2876,#2878) ;
#2893=LINE('Line',#2890,#2892) ;
#2922=LINE('Line',#2919,#2921) ;
#2927=LINE('Line',#2924,#2926) ;
#2956=LINE('Line',#2953,#2955) ;
#2961=LINE('Line',#2958,#2960) ;
#2987=LINE('Line',#2984,#2986) ;
#2992=LINE('Line',#2989,#2991) ;
#3024=LINE('Line',#3021,#3023) ;
#3029=LINE('Line',#3026,#3028) ;
#3053=LINE('Line',#3050,#3052) ;
#3058=LINE('Line',#3055,#3057) ;
#3082=LINE('Line',#3079,#3081) ;
#3087=LINE('Line',#3084,#3086) ;
#3111=LINE('Line',#3108,#3110) ;
#3116=LINE('Line',#3113,#3115) ;
#3140=LINE('Line',#3137,#3139) ;
#3145=LINE('Line',#3142,#3144) ;
#3169=LINE('Line',#3166,#3168) ;
#3174=LINE('Line',#3171,#3173) ;
#3198=LINE('Line',#3195,#3197) ;
#3203=LINE('Line',#3200,#3202) ;
#3227=LINE('Line',#3224,#3226) ;
#3232=LINE('Line',#3229,#3231) ;
#3256=LINE('Line',#3253,#3255) ;
#3261=LINE('Line',#3258,#3260) ;
#3285=LINE('Line',#3282,#3284) ;
#3290=LINE('Line',#3287,#3289) ;
#3314=LINE('Line',#3311,#3313) ;
#3319=LINE('Line',#3316,#3318) ;
#3343=LINE('Line',#3340,#3342) ;
#3348=LINE('Line',#3345,#3347) ;
#3372=LINE('Line',#3369,#3371) ;
#3377=LINE('Line',#3374,#3376) ;
#3451=LINE('Line',#3448,#3450) ;
#3463=LINE('Line',#3460,#3462) ;
#3525=LINE('Line',#3522,#3524) ;
#3549=LINE('Line',#3546,#3548) ;
#3556=LINE('Line',#3553,#3555) ;
#3563=LINE('Line',#3560,#3562) ;
#3585=LINE('Line',#3582,#3584) ;
#3592=LINE('Line',#3589,#3591) ;
#3606=LINE('Line',#3603,#3605) ;
#3613=LINE('Line',#3610,#3612) ;
#3635=LINE('Line',#3632,#3634) ;
#3652=LINE('Line',#3649,#3651) ;
#3659=LINE('Line',#3656,#3658) ;
#3666=LINE('Line',#3663,#3665) ;
#3681=LINE('Line',#3678,#3680) ;
#3688=LINE('Line',#3685,#3687) ;
#3705=LINE('Line',#3702,#3704) ;
#3712=LINE('Line',#3709,#3711) ;
#3729=LINE('Line',#3726,#3728) ;
#3746=LINE('Line',#3743,#3745) ;
#3753=LINE('Line',#3750,#3752) ;
#3775=LINE('Line',#3772,#3774) ;
#4074=LINE('Line',#4071,#4073) ;
#4079=LINE('Line',#4076,#4078) ;
#4122=LINE('Line',#4119,#4121) ;
#4127=LINE('Line',#4124,#4126) ;
#4170=LINE('Line',#4167,#4169) ;
#4175=LINE('Line',#4172,#4174) ;
#4218=LINE('Line',#4215,#4217) ;
#4223=LINE('Line',#4220,#4222) ;
#4266=LINE('Line',#4263,#4265) ;
#4271=LINE('Line',#4268,#4270) ;
#4314=LINE('Line',#4311,#4313) ;
#4319=LINE('Line',#4316,#4318) ;
#4362=LINE('Line',#4359,#4361) ;
#4367=LINE('Line',#4364,#4366) ;
#4410=LINE('Line',#4407,#4409) ;
#4415=LINE('Line',#4412,#4414) ;
#4458=LINE('Line',#4455,#4457) ;
#4463=LINE('Line',#4460,#4462) ;
#4506=LINE('Line',#4503,#4505) ;
#4511=LINE('Line',#4508,#4510) ;
#4554=LINE('Line',#4551,#4553) ;
#4559=LINE('Line',#4556,#4558) ;
#4602=LINE('Line',#4599,#4601) ;
#4607=LINE('Line',#4604,#4606) ;
#4650=LINE('Line',#4647,#4649) ;
#4655=LINE('Line',#4652,#4654) ;
#2=MECHANICAL_CONTEXT(' ',#1,'mechanical') ;
#24=PERSONAL_ADDRESS(' ',' ',' ',' ',' ',' ',' ',' ',' ',' ',' ',' ',(#22),' ') ;
#56=PLANE('',#55) ;
#80=PLANE('',#79) ;
#136=PLANE('',#135) ;
#440=PLANE('',#439) ;
#564=PLANE('',#563) ;
#595=PLANE('',#594) ;
#681=PLANE('',#680) ;
#705=PLANE('',#704) ;
#755=PLANE('',#754) ;
#896=PLANE('',#895) ;
#1037=PLANE('',#1036) ;
#1551=PLANE('',#1550) ;
#1617=PLANE('',#1616) ;
#1753=PLANE('',#1752) ;
#2116=PLANE('',#2115) ;
#2140=PLANE('',#2139) ;
#2330=PLANE('',#2329) ;
#2476=PLANE('',#2475) ;
#2632=PLANE('',#2631) ;
#3409=PLANE('',#3408) ;
#3421=PLANE('',#3420) ;
#3545=PLANE('',#3544) ;
#3581=PLANE('',#3580) ;
#3631=PLANE('',#3630) ;
#3648=PLANE('',#3647) ;
#3701=PLANE('',#3700) ;
#3742=PLANE('',#3741) ;
#3771=PLANE('',#3770) ;
#3812=PLANE('',#3811) ;
#43=PLANE_ANGLE_MEASURE_WITH_UNIT(PLANE_ANGLE_MEASURE(0.0174532925199),#42) ;
#7=PRODUCT_CATEGORY('part',$) ;
#9=PRODUCT_CATEGORY_RELATIONSHIP(' ',' ',#7,#8) ;
#6=PRODUCT_DEFINITION_FORMATION_WITH_SPECIFIED_SOURCE('',' ',#5,.NOT_KNOWN.) ;
#8=PRODUCT_RELATED_PRODUCT_CATEGORY('detail',$,(#5)) ;
#50=SHAPE_DEFINITION_REPRESENTATION(#40,#49) ;
#62=VERTEX_POINT('',#61) ;
#64=VERTEX_POINT('',#63) ;
#86=VERTEX_POINT('',#85) ;
#88=VERTEX_POINT('',#87) ;
#95=VERTEX_POINT('',#94) ;
#102=VERTEX_POINT('',#101) ;
#109=VERTEX_POINT('',#108) ;
#116=VERTEX_POINT('',#115) ;
#142=VERTEX_POINT('',#141) ;
#144=VERTEX_POINT('',#143) ;
#151=VERTEX_POINT('',#150) ;
#158=VERTEX_POINT('',#157) ;
#165=VERTEX_POINT('',#164) ;
#172=VERTEX_POINT('',#171) ;
#184=VERTEX_POINT('',#183) ;
#213=VERTEX_POINT('',#212) ;
#215=VERTEX_POINT('',#214) ;
#249=VERTEX_POINT('',#248) ;
#256=VERTEX_POINT('',#255) ;
#288=VERTEX_POINT('',#287) ;
#290=VERTEX_POINT('',#289) ;
#297=VERTEX_POINT('',#296) ;
#304=VERTEX_POINT('',#303) ;
#311=VERTEX_POINT('',#310) ;
#357=VERTEX_POINT('',#356) ;
#400=VERTEX_POINT('',#399) ;
#407=VERTEX_POINT('',#406) ;
#414=VERTEX_POINT('',#413) ;
#421=VERTEX_POINT('',#420) ;
#446=VERTEX_POINT('',#445) ;
#470=VERTEX_POINT('',#469) ;
#477=VERTEX_POINT('',#476) ;
#484=VERTEX_POINT('',#483) ;
#539=VERTEX_POINT('',#538) ;
#546=VERTEX_POINT('',#545) ;
#570=VERTEX_POINT('',#569) ;
#572=VERTEX_POINT('',#571) ;
#601=VERTEX_POINT('',#600) ;
#608=VERTEX_POINT('',#607) ;
#627=VERTEX_POINT('',#626) ;
#651=VERTEX_POINT('',#650) ;
#687=VERTEX_POINT('',#686) ;
#711=VERTEX_POINT('',#710) ;
#718=VERTEX_POINT('',#717) ;
#737=VERTEX_POINT('',#736) ;
#761=VERTEX_POINT('',#760) ;
#763=VERTEX_POINT('',#762) ;
#779=VERTEX_POINT('',#778) ;
#781=VERTEX_POINT('',#780) ;
#797=VERTEX_POINT('',#796) ;
#799=VERTEX_POINT('',#798) ;
#815=VERTEX_POINT('',#814) ;
#817=VERTEX_POINT('',#816) ;
#842=VERTEX_POINT('',#841) ;
#844=VERTEX_POINT('',#843) ;
#860=VERTEX_POINT('',#859) ;
#862=VERTEX_POINT('',#861) ;
#878=VERTEX_POINT('',#877) ;
#880=VERTEX_POINT('',#879) ;
#902=VERTEX_POINT('',#901) ;
#904=VERTEX_POINT('',#903) ;
#920=VERTEX_POINT('',#919) ;
#922=VERTEX_POINT('',#921) ;
#938=VERTEX_POINT('',#937) ;
#940=VERTEX_POINT('',#939) ;
#965=VERTEX_POINT('',#964) ;
#967=VERTEX_POINT('',#966) ;
#983=VERTEX_POINT('',#982) ;
#985=VERTEX_POINT('',#984) ;
#1001=VERTEX_POINT('',#1000) ;
#1003=VERTEX_POINT('',#1002) ;
#1019=VERTEX_POINT('',#1018) ;
#1021=VERTEX_POINT('',#1020) ;
#1043=VERTEX_POINT('',#1042) ;
#1045=VERTEX_POINT('',#1044) ;
#1061=VERTEX_POINT('',#1060) ;
#1063=VERTEX_POINT('',#1062) ;
#1117=VERTEX_POINT('',#1116) ;
#1119=VERTEX_POINT('',#1118) ;
#1135=VERTEX_POINT('',#1134) ;
#1137=VERTEX_POINT('',#1136) ;
#1153=VERTEX_POINT('',#1152) ;
#1155=VERTEX_POINT('',#1154) ;
#1171=VERTEX_POINT('',#1170) ;
#1173=VERTEX_POINT('',#1172) ;
#1189=VERTEX_POINT('',#1188) ;
#1191=VERTEX_POINT('',#1190) ;
#1213=VERTEX_POINT('',#1212) ;
#1220=VERTEX_POINT('',#1219) ;
#1256=VERTEX_POINT('',#1255) ;
#1263=VERTEX_POINT('',#1262) ;
#1299=VERTEX_POINT('',#1298) ;
#1306=VERTEX_POINT('',#1305) ;
#1342=VERTEX_POINT('',#1341) ;
#1349=VERTEX_POINT('',#1348) ;
#1385=VERTEX_POINT('',#1384) ;
#1392=VERTEX_POINT('',#1391) ;
#1428=VERTEX_POINT('',#1427) ;
#1435=VERTEX_POINT('',#1434) ;
#1471=VERTEX_POINT('',#1470) ;
#1478=VERTEX_POINT('',#1477) ;
#1514=VERTEX_POINT('',#1513) ;
#1521=VERTEX_POINT('',#1520) ;
#1557=VERTEX_POINT('',#1556) ;
#1559=VERTEX_POINT('',#1558) ;
#1587=VERTEX_POINT('',#1586) ;
#1589=VERTEX_POINT('',#1588) ;
#1627=VERTEX_POINT('',#1626) ;
#1629=VERTEX_POINT('',#1628) ;
#1645=VERTEX_POINT('',#1644) ;
#1647=VERTEX_POINT('',#1646) ;
#1663=VERTEX_POINT('',#1662) ;
#1665=VERTEX_POINT('',#1664) ;
#1681=VERTEX_POINT('',#1680) ;
#1683=VERTEX_POINT('',#1682) ;
#1699=VERTEX_POINT('',#1698) ;
#1701=VERTEX_POINT('',#1700) ;
#1717=VERTEX_POINT('',#1716) ;
#1719=VERTEX_POINT('',#1718) ;
#1735=VERTEX_POINT('',#1734) ;
#1737=VERTEX_POINT('',#1736) ;
#1763=VERTEX_POINT('',#1762) ;
#1765=VERTEX_POINT('',#1764) ;
#1781=VERTEX_POINT('',#1780) ;
#1783=VERTEX_POINT('',#1782) ;
#1799=VERTEX_POINT('',#1798) ;
#1801=VERTEX_POINT('',#1800) ;
#1817=VERTEX_POINT('',#1816) ;
#1819=VERTEX_POINT('',#1818) ;
#1835=VERTEX_POINT('',#1834) ;
#1837=VERTEX_POINT('',#1836) ;
#1853=VERTEX_POINT('',#1852) ;
#1855=VERTEX_POINT('',#1854) ;
#1871=VERTEX_POINT('',#1870) ;
#1873=VERTEX_POINT('',#1872) ;
#1916=VERTEX_POINT('',#1915) ;
#1918=VERTEX_POINT('',#1917) ;
#1925=VERTEX_POINT('',#1924) ;
#1932=VERTEX_POINT('',#1931) ;
#1939=VERTEX_POINT('',#1938) ;
#1946=VERTEX_POINT('',#1945) ;
#1953=VERTEX_POINT('',#1952) ;
#1960=VERTEX_POINT('',#1959) ;
#1967=VERTEX_POINT('',#1966) ;
#2017=VERTEX_POINT('',#2016) ;
#2024=VERTEX_POINT('',#2023) ;
#2031=VERTEX_POINT('',#2030) ;
#2065=VERTEX_POINT('',#2064) ;
#2067=VERTEX_POINT('',#2066) ;
#2074=VERTEX_POINT('',#2073) ;
#2081=VERTEX_POINT('',#2080) ;
#2122=VERTEX_POINT('',#2121) ;
#2124=VERTEX_POINT('',#2123) ;
#2146=VERTEX_POINT('',#2145) ;
#2148=VERTEX_POINT('',#2147) ;
#2155=VERTEX_POINT('',#2154) ;
#2162=VERTEX_POINT('',#2161) ;
#2169=VERTEX_POINT('',#2168) ;
#2176=VERTEX_POINT('',#2175) ;
#2197=VERTEX_POINT('',#2196) ;
#2220=VERTEX_POINT('',#2219) ;
#2227=VERTEX_POINT('',#2226) ;
#2255=VERTEX_POINT('',#2254) ;
#2257=VERTEX_POINT('',#2256) ;
#2274=VERTEX_POINT('',#2273) ;
#2281=VERTEX_POINT('',#2280) ;
#2312=VERTEX_POINT('',#2311) ;
#2314=VERTEX_POINT('',#2313) ;
#2336=VERTEX_POINT('',#2335) ;
#2338=VERTEX_POINT('',#2337) ;
#2355=VERTEX_POINT('',#2354) ;
#2357=VERTEX_POINT('',#2356) ;
#2374=VERTEX_POINT('',#2373) ;
#2376=VERTEX_POINT('',#2375) ;
#2393=VERTEX_POINT('',#2392) ;
#2395=VERTEX_POINT('',#2394) ;
#2412=VERTEX_POINT('',#2411) ;
#2414=VERTEX_POINT('',#2413) ;
#2441=VERTEX_POINT('',#2440) ;
#2482=VERTEX_POINT('',#2481) ;
#2484=VERTEX_POINT('',#2483) ;
#2513=VERTEX_POINT('',#2512) ;
#2515=VERTEX_POINT('',#2514) ;
#2543=VERTEX_POINT('',#2542) ;
#2556=VERTEX_POINT('',#2555) ;
#2563=VERTEX_POINT('',#2562) ;
#2570=VERTEX_POINT('',#2569) ;
#2577=VERTEX_POINT('',#2576) ;
#2584=VERTEX_POINT('',#2583) ;
#2607=VERTEX_POINT('',#2606) ;
#2609=VERTEX_POINT('',#2608) ;
#2652=VERTEX_POINT('',#2651) ;
#2654=VERTEX_POINT('',#2653) ;
#2661=VERTEX_POINT('',#2660) ;
#2668=VERTEX_POINT('',#2667) ;
#2709=VERTEX_POINT('',#2708) ;
#2716=VERTEX_POINT('',#2715) ;
#2752=VERTEX_POINT('',#2751) ;
#2759=VERTEX_POINT('',#2758) ;
#2795=VERTEX_POINT('',#2794) ;
#2802=VERTEX_POINT('',#2801) ;
#2838=VERTEX_POINT('',#2837) ;
#2845=VERTEX_POINT('',#2844) ;
#2881=VERTEX_POINT('',#2880) ;
#2888=VERTEX_POINT('',#2887) ;
#3527=VERTEX_POINT('',#3526) ;
#3551=VERTEX_POINT('',#3550) ;
#3558=VERTEX_POINT('',#3557) ;
#3587=VERTEX_POINT('',#3586) ;
#3608=VERTEX_POINT('',#3607) ;
#3654=VERTEX_POINT('',#3653) ;
#3661=VERTEX_POINT('',#3660) ;
#3683=VERTEX_POINT('',#3682) ;
#3707=VERTEX_POINT('',#3706) ;
#3748=VERTEX_POINT('',#3747) ;
#3824=VERTEX_POINT('',#3823) ;
#3826=VERTEX_POINT('',#3825) ;
#3842=VERTEX_POINT('',#3841) ;
#3844=VERTEX_POINT('',#3843) ;
#3872=VERTEX_POINT('',#3871) ;
#3874=VERTEX_POINT('',#3873) ;
#3890=VERTEX_POINT('',#3889) ;
#3892=VERTEX_POINT('',#3891) ;
#3908=VERTEX_POINT('',#3907) ;
#3910=VERTEX_POINT('',#3909) ;
#3926=VERTEX_POINT('',#3925) ;
#3928=VERTEX_POINT('',#3927) ;
#3944=VERTEX_POINT('',#3943) ;
#3946=VERTEX_POINT('',#3945) ;
#3962=VERTEX_POINT('',#3961) ;
#3964=VERTEX_POINT('',#3963) ;
#3980=VERTEX_POINT('',#3979) ;
#3982=VERTEX_POINT('',#3981) ;
#3998=VERTEX_POINT('',#3997) ;
#4000=VERTEX_POINT('',#3999) ;
#4016=VERTEX_POINT('',#4015) ;
#4018=VERTEX_POINT('',#4017) ;
#4034=VERTEX_POINT('',#4033) ;
#4036=VERTEX_POINT('',#4035) ;
#4052=VERTEX_POINT('',#4051) ;
#4054=VERTEX_POINT('',#4053) ;
#4100=VERTEX_POINT('',#4099) ;
#4102=VERTEX_POINT('',#4101) ;
#4148=VERTEX_POINT('',#4147) ;
#4150=VERTEX_POINT('',#4149) ;
#4196=VERTEX_POINT('',#4195) ;
#4198=VERTEX_POINT('',#4197) ;
#4244=VERTEX_POINT('',#4243) ;
#4246=VERTEX_POINT('',#4245) ;
#4292=VERTEX_POINT('',#4291) ;
#4294=VERTEX_POINT('',#4293) ;
#4340=VERTEX_POINT('',#4339) ;
#4342=VERTEX_POINT('',#4341) ;
#4388=VERTEX_POINT('',#4387) ;
#4390=VERTEX_POINT('',#4389) ;
#4436=VERTEX_POINT('',#4435) ;
#4438=VERTEX_POINT('',#4437) ;
#4484=VERTEX_POINT('',#4483) ;
#4486=VERTEX_POINT('',#4485) ;
#4532=VERTEX_POINT('',#4531) ;
#4534=VERTEX_POINT('',#4533) ;
#4580=VERTEX_POINT('',#4579) ;
#4582=VERTEX_POINT('',#4581) ;
#4628=VERTEX_POINT('',#4627) ;
#4630=VERTEX_POINT('',#4629) ;
#41=(LENGTH_UNIT()NAMED_UNIT(*)SI_UNIT(.MILLI.,.METRE.)) ;
#42=(NAMED_UNIT(*)PLANE_ANGLE_UNIT()SI_UNIT($,.RADIAN.)) ;
#44=(NAMED_UNIT(*)SI_UNIT($,.STERADIAN.)SOLID_ANGLE_UNIT()) ;
#46=(GEOMETRIC_REPRESENTATION_CONTEXT(3)GLOBAL_UNCERTAINTY_ASSIGNED_CONTEXT((#45))GLOBAL_UNIT_ASSIGNED_CONTEXT((#41,#42,#44))REPRESENTATION_CONTEXT(' ',' ')) ;
ENDSEC;
END-ISO-10303-21;
